postcode,area_source_id,relationship_type,is_primary
01000,dz:daira:adrar:adrar,served_by,true
01002,dz:daira:adrar:adrar,served_by,true
01003,dz:daira:adrar:aoulef,served_by,true
01004,dz:daira:adrar:reggane,served_by,true
01005,dz:daira:adrar:adrar,served_by,true
01006,dz:daira:adrar:adrar,served_by,true
01007,dz:daira:adrar:zaouiet-kounta,served_by,true
01008,dz:daira:adrar:fenoughil,served_by,true
01009,dz:daira:adrar:reggane,served_by,true
01011,dz:daira:adrar:tsabit,served_by,true
01015,dz:daira:adrar:tsabit,served_by,true
01016,dz:daira:adrar:adrar,served_by,true
01017,dz:daira:adrar:reggane,served_by,true
01018,dz:daira:adrar:adrar,served_by,true
01019,dz:daira:adrar:tsabit,served_by,true
01020,dz:daira:adrar:fenoughil,served_by,true
01021,dz:daira:adrar:fenoughil,served_by,true
01022,dz:daira:adrar:tsabit,served_by,true
01023,dz:daira:adrar:adrar,served_by,true
01024,dz:daira:adrar:fenoughil,served_by,true
01025,dz:daira:adrar:adrar,served_by,true
01026,dz:daira:adrar:adrar,served_by,true
01027,dz:daira:adrar:fenoughil,served_by,true
01028,dz:daira:adrar:fenoughil,served_by,true
01029,dz:daira:adrar:fenoughil,served_by,true
01030,dz:daira:adrar:adrar,served_by,true
01031,dz:daira:adrar:aoulef,served_by,true
01040,dz:daira:adrar:zaouiet-kounta,served_by,true
01041,dz:daira:adrar:aoulef,served_by,true
01043,dz:daira:adrar:aoulef,served_by,true
01044,dz:daira:adrar:aoulef,served_by,true
01045,dz:daira:adrar:reggane,served_by,true
01046,dz:daira:adrar:reggane,served_by,true
01047,dz:daira:adrar:zaouiet-kounta,served_by,true
01048,dz:daira:adrar:reggane,served_by,true
01049,dz:daira:adrar:zaouiet-kounta,served_by,true
01050,dz:daira:adrar:zaouiet-kounta,served_by,true
01056,dz:daira:adrar:reggane,served_by,true
01057,dz:daira:adrar:adrar,served_by,true
01062,dz:daira:adrar:adrar,served_by,true
01063,dz:daira:adrar:adrar,served_by,true
01064,dz:daira:adrar:adrar,served_by,true
01065,dz:daira:adrar:adrar,served_by,true
01067,dz:daira:adrar:reggane,served_by,true
01069,dz:daira:adrar:zaouiet-kounta,served_by,true
01071,dz:daira:adrar:adrar,served_by,true
01074,dz:daira:adrar:aoulef,served_by,true
01075,dz:daira:adrar:reggane,served_by,true
01076,dz:daira:adrar:zaouiet-kounta,served_by,true
01077,dz:daira:adrar:adrar,served_by,true
01085,dz:daira:adrar:adrar,served_by,true
02000,dz:daira:chlef:chlef,served_by,true
02001,dz:daira:chlef:oued-fodda,served_by,true
02002,dz:daira:chlef:boukadir,served_by,true
02003,dz:daira:chlef:oued-fodda,served_by,true
02004,dz:daira:chlef:ain-merane,served_by,true
02005,dz:daira:chlef:chlef,served_by,true
02006,dz:daira:chlef:tenes,served_by,true
02007,dz:daira:chlef:ouled-fares,served_by,true
02008,dz:daira:chlef:el-karimia,served_by,true
02009,dz:daira:chlef:tenes,served_by,true
02010,dz:daira:chlef:ouled-fares,served_by,true
02011,dz:daira:chlef:boukadir,served_by,true
02012,dz:daira:chlef:taougrite,served_by,true
02013,dz:daira:chlef:chlef,served_by,true
02014,dz:daira:chlef:zeboudja,served_by,true
02015,dz:daira:chlef:el-marsa,served_by,true
02016,dz:daira:chlef:chlef,served_by,true
02017,dz:daira:chlef:beni-haoua,served_by,true
02018,dz:daira:chlef:abou-el-hassen,served_by,true
02019,dz:daira:chlef:zeboudja,served_by,true
02020,dz:daira:chlef:ouled-fares,served_by,true
02021,dz:daira:chlef:zeboudja,served_by,true
02022,dz:daira:chlef:chlef,served_by,true
02023,dz:daira:chlef:chlef,served_by,true
02024,dz:daira:chlef:chlef,served_by,true
02025,dz:daira:chlef:chlef,served_by,true
02026,dz:daira:chlef:boukadir,served_by,true
02027,dz:daira:chlef:tenes,served_by,true
02028,dz:daira:chlef:boukadir,served_by,true
02029,dz:daira:chlef:oued-fodda,served_by,true
02030,dz:daira:chlef:boukadir,served_by,true
02031,dz:daira:chlef:el-karimia,served_by,true
02032,dz:daira:chlef:taougrite,served_by,true
02033,dz:daira:chlef:boukadir,served_by,true
02034,dz:daira:chlef:oued-fodda,served_by,true
02035,dz:daira:chlef:oued-fodda,served_by,true
02036,dz:daira:chlef:taougrite,served_by,true
02037,dz:daira:chlef:ouled-ben-abdelkader,served_by,true
02038,dz:daira:chlef:ain-merane,served_by,true
02039,dz:daira:chlef:zeboudja,served_by,true
02040,dz:daira:chlef:ain-merane,served_by,true
02041,dz:daira:chlef:chlef,served_by,true
02042,dz:daira:chlef:chlef,served_by,true
02043,dz:daira:chlef:abou-el-hassen,served_by,true
02044,dz:daira:chlef:tenes,served_by,true
02045,dz:daira:chlef:chlef,served_by,true
02046,dz:daira:chlef:el-marsa,served_by,true
02047,dz:daira:chlef:zeboudja,served_by,true
02048,dz:daira:chlef:zeboudja,served_by,true
02049,dz:daira:chlef:ouled-fares,served_by,true
02050,dz:daira:chlef:ouled-ben-abdelkader,served_by,true
02051,dz:daira:chlef:ouled-fares,served_by,true
02052,dz:daira:chlef:zeboudja,served_by,true
02053,dz:daira:chlef:el-karimia,served_by,true
02054,dz:daira:chlef:ouled-ben-abdelkader,served_by,true
02055,dz:daira:chlef:ouled-fares,served_by,true
02056,dz:daira:chlef:boukadir,served_by,true
02057,dz:daira:chlef:chlef,served_by,true
02058,dz:daira:chlef:boukadir,served_by,true
02059,dz:daira:chlef:boukadir,served_by,true
02060,dz:daira:chlef:el-marsa,served_by,true
02061,dz:daira:chlef:beni-haoua,served_by,true
02062,dz:daira:chlef:tenes,served_by,true
02063,dz:daira:chlef:abou-el-hassen,served_by,true
02064,dz:daira:chlef:tenes,served_by,true
02065,dz:daira:chlef:abou-el-hassen,served_by,true
02066,dz:daira:chlef:tenes,served_by,true
02067,dz:daira:chlef:tenes,served_by,true
02068,dz:daira:chlef:zeboudja,served_by,true
02069,dz:daira:chlef:ouled-ben-abdelkader,served_by,true
02070,dz:daira:chlef:beni-haoua,served_by,true
02071,dz:daira:chlef:el-karimia,served_by,true
02072,dz:daira:chlef:taougrite,served_by,true
02073,dz:daira:chlef:ouled-fares,served_by,true
02074,dz:daira:chlef:ain-merane,served_by,true
02075,dz:daira:chlef:chlef,served_by,true
02076,dz:daira:chlef:chlef,served_by,true
02077,dz:daira:chlef:oued-fodda,served_by,true
02078,dz:daira:chlef:el-karimia,served_by,true
02079,dz:daira:chlef:oued-fodda,served_by,true
02080,dz:daira:chlef:oued-fodda,served_by,true
02081,dz:daira:chlef:abou-el-hassen,served_by,true
02082,dz:daira:chlef:ouled-fares,served_by,true
02083,dz:daira:chlef:taougrite,served_by,true
02084,dz:daira:chlef:taougrite,served_by,true
02085,dz:daira:chlef:el-karimia,served_by,true
02086,dz:daira:chlef:boukadir,served_by,true
02087,dz:daira:chlef:ouled-fares,served_by,true
02088,dz:daira:chlef:chlef,served_by,true
02089,dz:daira:chlef:abou-el-hassen,served_by,true
02090,dz:daira:chlef:chlef,served_by,true
02091,dz:daira:chlef:chlef,served_by,true
02092,dz:daira:chlef:ouled-fares,served_by,true
02093,dz:daira:chlef:zeboudja,served_by,true
02094,dz:daira:chlef:chlef,served_by,true
02095,dz:daira:chlef:ain-merane,served_by,true
02096,dz:daira:chlef:ain-merane,served_by,true
02097,dz:daira:chlef:boukadir,served_by,true
02098,dz:daira:chlef:chlef,served_by,true
02099,dz:daira:chlef:chlef,served_by,true
02100,dz:daira:chlef:chlef,served_by,true
02101,dz:daira:chlef:chlef,served_by,true
03000,dz:daira:laghouat:laghouat,served_by,true
03001,dz:daira:aflou:aflou,served_by,true
03002,dz:daira:laghouat:laghouat,served_by,true
03003,dz:daira:laghouat:ksar-el-hirane,served_by,true
03004,dz:daira:laghouat:hassi-r-mel,served_by,true
03005,dz:daira:aflou:brida,served_by,true
03006,dz:daira:laghouat:laghouat,served_by,true
03007,dz:daira:laghouat:ain-madhi,served_by,true
03008,dz:daira:laghouat:hassi-r-mel,served_by,true
03009,dz:daira:laghouat:hassi-r-mel,served_by,true
03010,dz:daira:laghouat:ain-madhi,served_by,true
03011,dz:daira:laghouat:ain-madhi,served_by,true
03012,dz:daira:laghouat:ain-madhi,served_by,true
03013,dz:daira:aflou:aflou,served_by,true
03014,dz:daira:laghouat:sidi-makhlouf,served_by,true
03015,dz:daira:laghouat:laghouat,served_by,true
03016,dz:daira:laghouat:laghouat,served_by,true
03017,dz:daira:laghouat:laghouat,served_by,true
03018,dz:daira:laghouat:laghouat,served_by,true
03019,dz:daira:laghouat:sidi-makhlouf,served_by,true
03020,dz:daira:aflou:aflou,served_by,true
03021,dz:daira:aflou:aflou,served_by,true
03022,dz:daira:laghouat:hassi-r-mel,served_by,true
03023,dz:daira:aflou:el-ghicha,served_by,true
03024,dz:daira:aflou:brida,served_by,true
03025,dz:daira:aflou:gueltat-sidi-saad,served_by,true
03026,dz:daira:aflou:brida,served_by,true
03027,dz:daira:aflou:aflou,served_by,true
03028,dz:daira:aflou:gueltat-sidi-saad,served_by,true
03030,dz:daira:aflou:brida,served_by,true
03031,dz:daira:aflou:brida,served_by,true
03032,dz:daira:laghouat:laghouat,served_by,true
03033,dz:daira:laghouat:ksar-el-hirane,served_by,true
03034,dz:daira:aflou:el-ghicha,served_by,true
03035,dz:daira:aflou:el-ghicha,served_by,true
03036,dz:daira:laghouat:laghouat,served_by,true
03037,dz:daira:aflou:el-ghicha,served_by,true
03038,dz:daira:aflou:brida,served_by,true
03040,dz:daira:laghouat:ain-madhi,served_by,true
03041,dz:daira:aflou:aflou,served_by,true
03042,dz:daira:laghouat:ain-madhi,served_by,true
03043,dz:daira:aflou:gueltat-sidi-saad,served_by,true
03044,dz:daira:aflou:gueltat-sidi-saad,served_by,true
03046,dz:daira:laghouat:hassi-r-mel,served_by,true
03047,dz:daira:aflou:aflou,served_by,true
03049,dz:daira:laghouat:laghouat,served_by,true
03050,dz:daira:aflou:aflou,served_by,true
03052,dz:daira:laghouat:laghouat,served_by,true
03053,dz:daira:aflou:aflou,served_by,true
03054,dz:daira:laghouat:laghouat,served_by,true
03055,dz:daira:laghouat:laghouat,served_by,true
03056,dz:daira:laghouat:laghouat,served_by,true
03057,dz:daira:laghouat:ain-madhi,served_by,true
04000,dz:daira:oum-el-bouaghi:oum-el-bouaghi,served_by,true
04001,dz:daira:oum-el-bouaghi:ain-beida,served_by,true
04002,dz:daira:oum-el-bouaghi:ain-m-lila,served_by,true
04003,dz:daira:oum-el-bouaghi:oum-el-bouaghi,served_by,true
04004,dz:daira:oum-el-bouaghi:meskiana,served_by,true
04005,dz:daira:oum-el-bouaghi:ain-fakroun,served_by,true
04006,dz:daira:oum-el-bouaghi:ain-kercha,served_by,true
04007,dz:daira:oum-el-bouaghi:ain-beida,served_by,true
04008,dz:daira:oum-el-bouaghi:dhalaa,served_by,true
04009,dz:daira:oum-el-bouaghi:oum-el-bouaghi,served_by,true
04010,dz:daira:oum-el-bouaghi:souk-naamane,served_by,true
04011,dz:daira:oum-el-bouaghi:sigus,served_by,true
04012,dz:daira:oum-el-bouaghi:ain-kercha,served_by,true
04013,dz:daira:oum-el-bouaghi:fkirina,served_by,true
04014,dz:daira:oum-el-bouaghi:ain-m-lila,served_by,true
04015,dz:daira:oum-el-bouaghi:ain-beida,served_by,true
04016,dz:daira:oum-el-bouaghi:ain-fakroun,served_by,true
04017,dz:daira:oum-el-bouaghi:ain-m-lila,served_by,true
04018,dz:daira:oum-el-bouaghi:ksar-sbahi,served_by,true
04019,dz:daira:oum-el-bouaghi:ain-m-lila,served_by,true
04020,dz:daira:oum-el-bouaghi:ain-babouche,served_by,true
04021,dz:daira:oum-el-bouaghi:souk-naamane,served_by,true
04022,dz:daira:oum-el-bouaghi:ain-beida,served_by,true
04023,dz:daira:oum-el-bouaghi:oum-el-bouaghi,served_by,true
04024,dz:daira:oum-el-bouaghi:ain-beida,served_by,true
04025,dz:daira:oum-el-bouaghi:ain-babouche,served_by,true
04026,dz:daira:oum-el-bouaghi:meskiana,served_by,true
04027,dz:daira:oum-el-bouaghi:ain-beida,served_by,true
04028,dz:daira:oum-el-bouaghi:oum-el-bouaghi,served_by,true
04029,dz:daira:oum-el-bouaghi:oum-el-bouaghi,served_by,true
04030,dz:daira:oum-el-bouaghi:oum-el-bouaghi,served_by,true
04032,dz:daira:oum-el-bouaghi:ain-kercha,served_by,true
04033,dz:daira:oum-el-bouaghi:ain-m-lila,served_by,true
04034,dz:daira:oum-el-bouaghi:sigus,served_by,true
04035,dz:daira:oum-el-bouaghi:sigus,served_by,true
04037,dz:daira:oum-el-bouaghi:ain-m-lila,served_by,true
04038,dz:daira:oum-el-bouaghi:sigus,served_by,true
04039,dz:daira:oum-el-bouaghi:souk-naamane,served_by,true
04040,dz:daira:oum-el-bouaghi:dhalaa,served_by,true
04041,dz:daira:oum-el-bouaghi:ain-m-lila,served_by,true
04042,dz:daira:oum-el-bouaghi:ain-fakroun,served_by,true
04043,dz:daira:oum-el-bouaghi:sigus,served_by,true
04044,dz:daira:oum-el-bouaghi:meskiana,served_by,true
04045,dz:daira:oum-el-bouaghi:meskiana,served_by,true
04046,dz:daira:oum-el-bouaghi:ain-beida,served_by,true
04047,dz:daira:oum-el-bouaghi:fkirina,served_by,true
04048,dz:daira:oum-el-bouaghi:ain-beida,served_by,true
04050,dz:daira:oum-el-bouaghi:oum-el-bouaghi,served_by,true
04051,dz:daira:oum-el-bouaghi:ain-beida,served_by,true
04052,dz:daira:oum-el-bouaghi:ain-kercha,served_by,true
04053,dz:daira:oum-el-bouaghi:sigus,served_by,true
04054,dz:daira:oum-el-bouaghi:oum-el-bouaghi,served_by,true
04056,dz:daira:oum-el-bouaghi:oum-el-bouaghi,served_by,true
04057,dz:daira:oum-el-bouaghi:ain-beida,served_by,true
04058,dz:daira:oum-el-bouaghi:meskiana,served_by,true
04061,dz:daira:oum-el-bouaghi:ain-m-lila,served_by,true
04062,dz:daira:oum-el-bouaghi:ain-beida,served_by,true
04063,dz:daira:oum-el-bouaghi:ain-kercha,served_by,true
04064,dz:daira:oum-el-bouaghi:ain-fakroun,served_by,true
04065,dz:daira:oum-el-bouaghi:ain-beida,served_by,true
04066,dz:daira:oum-el-bouaghi:sigus,served_by,true
04067,dz:daira:oum-el-bouaghi:souk-naamane,served_by,true
04068,dz:daira:oum-el-bouaghi:ain-fakroun,served_by,true
04069,dz:daira:oum-el-bouaghi:oum-el-bouaghi,served_by,true
04070,dz:daira:oum-el-bouaghi:oum-el-bouaghi,served_by,true
04071,dz:daira:oum-el-bouaghi:meskiana,served_by,true
05000,dz:daira:batna:batna,served_by,true
05001,dz:daira:barika:barika,served_by,true
05002,dz:daira:batna:ain-touta,served_by,true
05003,dz:daira:batna:batna,served_by,true
05004,dz:daira:batna:n-gaous,served_by,true
05005,dz:daira:batna:batna,served_by,true
05006,dz:daira:batna:batna,served_by,true
05007,dz:daira:batna:arris,served_by,true
05008,dz:daira:batna:batna,served_by,true
05009,dz:daira:batna:ras-el-aioun,served_by,true
05010,dz:daira:batna:batna,served_by,true
05011,dz:daira:batna:tazoult,served_by,true
05012,dz:daira:batna:menaa,served_by,true
05013,dz:daira:batna:merouana,served_by,true
05014,dz:daira:batna:batna,served_by,true
05015,dz:daira:batna:elmadher,served_by,true
05016,dz:daira:batna:merouana,served_by,true
05017,dz:daira:batna:batna,served_by,true
05018,dz:daira:batna:batna,served_by,true
05019,dz:daira:batna:n-gaous,served_by,true
05020,dz:daira:batna:t-kout,served_by,true
05021,dz:daira:batna:batna,served_by,true
05022,dz:daira:barika:barika,served_by,true
05023,dz:daira:batna:timgad,served_by,true
05024,dz:daira:batna:arris,served_by,true
05025,dz:daira:batna:seriana,served_by,true
05026,dz:daira:batna:ichmoul,served_by,true
05027,dz:daira:barika:seggana,served_by,true
05028,dz:daira:barika:barika,served_by,true
05029,dz:daira:batna:n-gaous,served_by,true
05030,dz:daira:batna:merouana,served_by,true
05031,dz:daira:batna:elmadher,served_by,true
05032,dz:daira:batna:ain-djasser,served_by,true
05033,dz:daira:batna:merouana,served_by,true
05034,dz:daira:batna:merouana,served_by,true
05035,dz:daira:batna:teniet-el-abed,served_by,true
05036,dz:daira:batna:teniet-el-abed,served_by,true
05037,dz:daira:barika:barika,served_by,true
05038,dz:daira:batna:teniet-el-abed,served_by,true
05039,dz:daira:batna:chemora,served_by,true
05040,dz:daira:batna:batna,served_by,true
05041,dz:daira:batna:bouzina,served_by,true
05042,dz:daira:batna:arris,served_by,true
05043,dz:daira:batna:t-kout,served_by,true
05044,dz:daira:batna:ras-el-aioun,served_by,true
05045,dz:daira:barika:barika,served_by,true
05046,dz:daira:barika:seggana,served_by,true
05047,dz:daira:batna:merouana,served_by,true
05048,dz:daira:batna:ain-touta,served_by,true
05049,dz:daira:batna:ichmoul,served_by,true
05050,dz:daira:batna:ain-touta,served_by,true
05051,dz:daira:batna:ras-el-aioun,served_by,true
05052,dz:daira:batna:menaa,served_by,true
05053,dz:daira:batna:menaa,served_by,true
05054,dz:daira:batna:batna,served_by,true
05055,dz:daira:batna:ouled-si-slimane,served_by,true
05056,dz:daira:batna:bouzina,served_by,true
05057,dz:daira:batna:n-gaous,served_by,true
05058,dz:daira:batna:teniet-el-abed,served_by,true
05059,dz:daira:batna:menaa,served_by,true
05060,dz:daira:batna:arris,served_by,true
05061,dz:daira:batna:teniet-el-abed,served_by,true
05062,dz:daira:batna:chemora,served_by,true
05063,dz:daira:batna:timgad,served_by,true
05064,dz:daira:batna:n-gaous,served_by,true
05065,dz:daira:batna:timgad,served_by,true
05066,dz:daira:batna:ouled-si-slimane,served_by,true
05067,dz:daira:batna:ras-el-aioun,served_by,true
05068,dz:daira:batna:ras-el-aioun,served_by,true
05069,dz:daira:batna:tazoult,served_by,true
05070,dz:daira:batna:seriana,served_by,true
05071,dz:daira:batna:seriana,served_by,true
05072,dz:daira:batna:merouana,served_by,true
05073,dz:daira:batna:batna,served_by,true
05074,dz:daira:batna:batna,served_by,true
05075,dz:daira:batna:arris,served_by,true
05076,dz:daira:batna:tazoult,served_by,true
05077,dz:daira:batna:batna,served_by,true
05078,dz:daira:batna:batna,served_by,true
05079,dz:daira:batna:t-kout,served_by,true
05080,dz:daira:batna:t-kout,served_by,true
05081,dz:daira:batna:t-kout,served_by,true
05082,dz:daira:batna:t-kout,served_by,true
05083,dz:daira:batna:ichmoul,served_by,true
05084,dz:daira:batna:ichmoul,served_by,true
05085,dz:daira:batna:t-kout,served_by,true
05087,dz:daira:barika:djezzar,served_by,true
05088,dz:daira:batna:ouled-si-slimane,served_by,true
05089,dz:daira:batna:ras-el-aioun,served_by,true
05090,dz:daira:batna:ras-el-aioun,served_by,true
05091,dz:daira:batna:ras-el-aioun,served_by,true
05093,dz:daira:batna:menaa,served_by,true
05094,dz:daira:batna:menaa,served_by,true
05095,dz:daira:batna:teniet-el-abed,served_by,true
05096,dz:daira:batna:ouled-si-slimane,served_by,true
05097,dz:daira:batna:bouzina,served_by,true
05098,dz:daira:batna:n-gaous,served_by,true
05099,dz:daira:batna:teniet-el-abed,served_by,true
05100,dz:daira:batna:menaa,served_by,true
05101,dz:daira:batna:elmadher,served_by,true
05102,dz:daira:batna:chemora,served_by,true
05103,dz:daira:batna:timgad,served_by,true
05104,dz:daira:batna:elmadher,served_by,true
05105,dz:daira:batna:elmadher,served_by,true
05106,dz:daira:batna:batna,served_by,true
05107,dz:daira:batna:menaa,served_by,true
05108,dz:daira:batna:teniet-el-abed,served_by,true
05109,dz:daira:batna:batna,served_by,true
05110,dz:daira:batna:seriana,served_by,true
05111,dz:daira:batna:ras-el-aioun,served_by,true
05112,dz:daira:batna:seriana,served_by,true
05113,dz:daira:batna:ras-el-aioun,served_by,true
05114,dz:daira:batna:merouana,served_by,true
05115,dz:daira:batna:merouana,served_by,true
05116,dz:daira:batna:ain-djasser,served_by,true
05117,dz:daira:batna:seriana,served_by,true
05118,dz:daira:batna:ras-el-aioun,served_by,true
05119,dz:daira:barika:barika,served_by,true
05121,dz:daira:barika:djezzar,served_by,true
05123,dz:daira:batna:ain-touta,served_by,true
05124,dz:daira:batna:ain-touta,served_by,true
05125,dz:daira:barika:seggana,served_by,true
05126,dz:daira:batna:ain-touta,served_by,true
05127,dz:daira:barika:seggana,served_by,true
05128,dz:daira:batna:n-gaous,served_by,true
05129,dz:daira:batna:ras-el-aioun,served_by,true
05130,dz:daira:barika:djezzar,served_by,true
05131,dz:daira:batna:batna,served_by,true
05132,dz:daira:batna:ras-el-aioun,served_by,true
05133,dz:daira:batna:ain-touta,served_by,true
05134,dz:daira:batna:batna,served_by,true
05137,dz:daira:batna:batna,served_by,true
05140,dz:daira:batna:ain-touta,served_by,true
05141,dz:daira:batna:ain-touta,served_by,true
05142,dz:daira:batna:tazoult,served_by,true
05143,dz:daira:batna:batna,served_by,true
05144,dz:daira:batna:batna,served_by,true
05145,dz:daira:batna:merouana,served_by,true
05146,dz:daira:batna:batna,served_by,true
05147,dz:daira:batna:batna,served_by,true
05148,dz:daira:batna:batna,served_by,true
05149,dz:daira:batna:chemora,served_by,true
05150,dz:daira:barika:barika,served_by,true
06000,dz:daira:bejaia:bejaia,served_by,true
06001,dz:daira:bejaia:akbou,served_by,true
06002,dz:daira:bejaia:bejaia,served_by,true
06003,dz:daira:bejaia:el-kseur,served_by,true
06004,dz:daira:bejaia:kherrata,served_by,true
06005,dz:daira:bejaia:sidi-aich,served_by,true
06006,dz:daira:bejaia:tazmalt,served_by,true
06007,dz:daira:bejaia:aokas,served_by,true
06008,dz:daira:bejaia:amizour,served_by,true
06009,dz:daira:bejaia:barbacha,served_by,true
06010,dz:daira:bejaia:ouzellaguen,served_by,true
06011,dz:daira:bejaia:seddouk,served_by,true
06012,dz:daira:bejaia:souk-el-tenine,served_by,true
06013,dz:daira:bejaia:ighil-ali,served_by,true
06014,dz:daira:bejaia:ighil-ali,served_by,true
06015,dz:daira:bejaia:darguina,served_by,true
06016,dz:daira:bejaia:darguina,served_by,true
06017,dz:daira:bejaia:bejaia,served_by,true
06018,dz:daira:bejaia:tazmalt,served_by,true
06019,dz:daira:bejaia:timezrit,served_by,true
06020,dz:daira:bejaia:amizour,served_by,true
06021,dz:daira:bejaia:adekar,served_by,true
06022,dz:daira:bejaia:chemini,served_by,true
06023,dz:daira:bejaia:tichy,served_by,true
06024,dz:daira:bejaia:timezrit,served_by,true
06025,dz:daira:bejaia:chemini,served_by,true
06026,dz:daira:bejaia:tazmalt,served_by,true
06027,dz:daira:bejaia:adekar,served_by,true
06028,dz:daira:bejaia:sidi-aich,served_by,true
06029,dz:daira:bejaia:adekar,served_by,true
06030,dz:daira:bejaia:el-kseur,served_by,true
06031,dz:daira:bejaia:seddouk,served_by,true
06032,dz:daira:bejaia:barbacha,served_by,true
06033,dz:daira:bejaia:amizour,served_by,true
06034,dz:daira:bejaia:seddouk,served_by,true
06035,dz:daira:bejaia:adekar,served_by,true
06036,dz:daira:bejaia:chemini,served_by,true
06037,dz:daira:bejaia:sidi-aich,served_by,true
06038,dz:daira:bejaia:seddouk,served_by,true
06039,dz:daira:bejaia:beni-maouche,served_by,true
06040,dz:daira:bejaia:bejaia,served_by,true
06041,dz:daira:bejaia:el-kseur,served_by,true
06042,dz:daira:bejaia:chemini,served_by,true
06043,dz:daira:bejaia:sidi-aich,served_by,true
06044,dz:daira:bejaia:darguina,served_by,true
06045,dz:daira:bejaia:ouzellaguen,served_by,true
06046,dz:daira:bejaia:bejaia,served_by,true
06047,dz:daira:bejaia:bejaia,served_by,true
06048,dz:daira:bejaia:akbou,served_by,true
06049,dz:daira:bejaia:seddouk,served_by,true
06050,dz:daira:bejaia:akbou,served_by,true
06051,dz:daira:bejaia:tazmalt,served_by,true
06052,dz:daira:bejaia:akbou,served_by,true
06053,dz:daira:bejaia:akbou,served_by,true
06054,dz:daira:bejaia:ighil-ali,served_by,true
06055,dz:daira:bejaia:ighil-ali,served_by,true
06056,dz:daira:bejaia:beni-maouche,served_by,true
06057,dz:daira:bejaia:akbou,served_by,true
06058,dz:daira:bejaia:aokas,served_by,true
06059,dz:daira:bejaia:tichy,served_by,true
06060,dz:daira:bejaia:aokas,served_by,true
06061,dz:daira:bejaia:aokas,served_by,true
06062,dz:daira:bejaia:bejaia,served_by,true
06063,dz:daira:bejaia:akbou,served_by,true
06064,dz:daira:bejaia:seddouk,served_by,true
06065,dz:daira:bejaia:tichy,served_by,true
06066,dz:daira:bejaia:tichy,served_by,true
06067,dz:daira:bejaia:amizour,served_by,true
06068,dz:daira:bejaia:beni-maouche,served_by,true
06069,dz:daira:bejaia:akbou,served_by,true
06070,dz:daira:bejaia:kherrata,served_by,true
06071,dz:daira:bejaia:el-kseur,served_by,true
06072,dz:daira:bejaia:seddouk,served_by,true
06073,dz:daira:bejaia:seddouk,served_by,true
06074,dz:daira:bejaia:kherrata,served_by,true
06075,dz:daira:bejaia:kherrata,served_by,true
06076,dz:daira:bejaia:souk-el-tenine,served_by,true
06077,dz:daira:bejaia:souk-el-tenine,served_by,true
06078,dz:daira:bejaia:darguina,served_by,true
06079,dz:daira:bejaia:seddouk,served_by,true
06080,dz:daira:bejaia:darguina,served_by,true
06081,dz:daira:bejaia:timezrit,served_by,true
06082,dz:daira:bejaia:amizour,served_by,true
06083,dz:daira:bejaia:timezrit,served_by,true
06084,dz:daira:bejaia:chemini,served_by,true
06085,dz:daira:bejaia:sidi-aich,served_by,true
06086,dz:daira:bejaia:el-kseur,served_by,true
06087,dz:daira:bejaia:chemini,served_by,true
06088,dz:daira:bejaia:el-kseur,served_by,true
06089,dz:daira:bejaia:sidi-aich,served_by,true
06090,dz:daira:bejaia:souk-el-tenine,served_by,true
06091,dz:daira:bejaia:amizour,served_by,true
06092,dz:daira:bejaia:amizour,served_by,true
06093,dz:daira:bejaia:amizour,served_by,true
06094,dz:daira:bejaia:el-kseur,served_by,true
06095,dz:daira:bejaia:barbacha,served_by,true
06096,dz:daira:bejaia:amizour,served_by,true
06097,dz:daira:bejaia:barbacha,served_by,true
06098,dz:daira:bejaia:amizour,served_by,true
06099,dz:daira:bejaia:seddouk,served_by,true
06100,dz:daira:bejaia:amizour,served_by,true
06101,dz:daira:bejaia:tazmalt,served_by,true
06102,dz:daira:bejaia:amizour,served_by,true
06103,dz:daira:bejaia:adekar,served_by,true
06104,dz:daira:bejaia:sidi-aich,served_by,true
06106,dz:daira:bejaia:adekar,served_by,true
06107,dz:daira:bejaia:timezrit,served_by,true
06108,dz:daira:bejaia:seddouk,served_by,true
06109,dz:daira:bejaia:akbou,served_by,true
06110,dz:daira:bejaia:souk-el-tenine,served_by,true
06111,dz:daira:bejaia:akbou,served_by,true
06112,dz:daira:bejaia:tazmalt,served_by,true
06113,dz:daira:bejaia:kherrata,served_by,true
06114,dz:daira:bejaia:souk-el-tenine,served_by,true
06115,dz:daira:bejaia:adekar,served_by,true
06116,dz:daira:bejaia:bejaia,served_by,true
06117,dz:daira:bejaia:amizour,served_by,true
06118,dz:daira:bejaia:kherrata,served_by,true
06119,dz:daira:bejaia:timezrit,served_by,true
06120,dz:daira:bejaia:el-kseur,served_by,true
06121,dz:daira:bejaia:ouzellaguen,served_by,true
06122,dz:daira:bejaia:timezrit,served_by,true
06123,dz:daira:bejaia:bejaia,served_by,true
06124,dz:daira:bejaia:bejaia,served_by,true
06125,dz:daira:bejaia:bejaia,served_by,true
06126,dz:daira:bejaia:bejaia,served_by,true
06127,dz:daira:bejaia:bejaia,served_by,true
06128,dz:daira:bejaia:bejaia,served_by,true
06129,dz:daira:bejaia:bejaia,served_by,true
06130,dz:daira:bejaia:bejaia,served_by,true
06131,dz:daira:bejaia:bejaia,served_by,true
06132,dz:daira:bejaia:el-kseur,served_by,true
06133,dz:daira:bejaia:kherrata,served_by,true
06134,dz:daira:bejaia:bejaia,served_by,true
06136,dz:daira:bejaia:aokas,served_by,true
06137,dz:daira:bejaia:akbou,served_by,true
06138,dz:daira:bejaia:sidi-aich,served_by,true
06139,dz:daira:bejaia:bejaia,served_by,true
06140,dz:daira:bejaia:kherrata,served_by,true
06141,dz:daira:bejaia:akbou,served_by,true
06142,dz:daira:bejaia:chemini,served_by,true
06143,dz:daira:bejaia:akbou,served_by,true
06144,dz:daira:bejaia:bejaia,served_by,true
06145,dz:daira:bejaia:barbacha,served_by,true
06146,dz:daira:bejaia:amizour,served_by,true
06147,dz:daira:bejaia:ighil-ali,served_by,true
06148,dz:daira:bejaia:darguina,served_by,true
07000,dz:daira:biskra:biskra,served_by,true
07001,dz:daira:biskra:biskra,served_by,true
07003,dz:daira:biskra:tolga,served_by,true
07005,dz:daira:biskra:sidi-okba,served_by,true
07006,dz:daira:biskra:biskra,served_by,true
07008,dz:daira:el-kantara:el-kantara,served_by,true
07009,dz:daira:biskra:tolga,served_by,true
07010,dz:daira:biskra:m-chouneche,served_by,true
07011,dz:daira:biskra:ourlal,served_by,true
07012,dz:daira:biskra:zeribet-el-oued,served_by,true
07013,dz:daira:el-kantara:el-kantara,served_by,true
07014,dz:daira:biskra:biskra,served_by,true
07015,dz:daira:biskra:biskra,served_by,true
07016,dz:daira:biskra:biskra,served_by,true
07017,dz:daira:biskra:biskra,served_by,true
07018,dz:daira:biskra:biskra,served_by,true
07019,dz:daira:biskra:biskra,served_by,true
07020,dz:daira:biskra:biskra,served_by,true
07021,dz:daira:biskra:tolga,served_by,true
07022,dz:daira:biskra:tolga,served_by,true
07023,dz:daira:el-kantara:djemourah,served_by,true
07024,dz:daira:biskra:sidi-okba,served_by,true
07025,dz:daira:el-kantara:djemourah,served_by,true
07026,dz:daira:biskra:zeribet-el-oued,served_by,true
07027,dz:daira:biskra:foughala,served_by,true
07028,dz:daira:biskra:sidi-okba,served_by,true
07029,dz:daira:el-kantara:el-kantara,served_by,true
07030,dz:daira:el-kantara:el-outaya,served_by,true
07031,dz:daira:biskra:foughala,served_by,true
07032,dz:daira:biskra:zeribet-el-oued,served_by,true
07033,dz:daira:biskra:ourlal,served_by,true
07034,dz:daira:biskra:ourlal,served_by,true
07035,dz:daira:biskra:ourlal,served_by,true
07037,dz:daira:biskra:biskra,served_by,true
07038,dz:daira:el-kantara:el-outaya,served_by,true
07039,dz:daira:biskra:sidi-okba,served_by,true
07041,dz:daira:biskra:zeribet-el-oued,served_by,true
07042,dz:daira:biskra:m-chouneche,served_by,true
07043,dz:daira:biskra:zeribet-el-oued,served_by,true
07046,dz:daira:biskra:tolga,served_by,true
07049,dz:daira:el-kantara:el-outaya,served_by,true
07050,dz:daira:biskra:sidi-okba,served_by,true
07051,dz:daira:biskra:foughala,served_by,true
07052,dz:daira:biskra:sidi-okba,served_by,true
07053,dz:daira:el-kantara:el-kantara,served_by,true
07054,dz:daira:biskra:zeribet-el-oued,served_by,true
07055,dz:daira:biskra:tolga,served_by,true
07056,dz:daira:biskra:biskra,served_by,true
07058,dz:daira:biskra:sidi-okba,served_by,true
07059,dz:daira:el-kantara:djemourah,served_by,true
07060,dz:daira:biskra:m-chouneche,served_by,true
07065,dz:daira:biskra:zeribet-el-oued,served_by,true
07066,dz:daira:biskra:biskra,served_by,true
07067,dz:daira:biskra:zeribet-el-oued,served_by,true
07068,dz:daira:biskra:ourlal,served_by,true
07069,dz:daira:biskra:zeribet-el-oued,served_by,true
07073,dz:daira:biskra:zeribet-el-oued,served_by,true
07074,dz:daira:biskra:sidi-okba,served_by,true
07075,dz:daira:biskra:ourlal,served_by,true
07076,dz:daira:biskra:sidi-okba,served_by,true
07077,dz:daira:biskra:sidi-okba,served_by,true
07078,dz:daira:biskra:zeribet-el-oued,served_by,true
07079,dz:daira:biskra:sidi-okba,served_by,true
07080,dz:daira:biskra:ourlal,served_by,true
07081,dz:daira:el-kantara:el-kantara,served_by,true
07082,dz:daira:biskra:tolga,served_by,true
07083,dz:daira:biskra:biskra,served_by,true
07084,dz:daira:biskra:zeribet-el-oued,served_by,true
07085,dz:daira:biskra:zeribet-el-oued,served_by,true
07086,dz:daira:biskra:biskra,served_by,true
07088,dz:daira:biskra:biskra,served_by,true
07092,dz:daira:biskra:biskra,served_by,true
07093,dz:daira:el-kantara:djemourah,served_by,true
07094,dz:daira:el-kantara:djemourah,served_by,true
07096,dz:daira:biskra:biskra,served_by,true
08000,dz:daira:bechar:bechar,served_by,true
08001,dz:daira:bechar:bechar,served_by,true
08003,dz:daira:bechar:abadla,served_by,true
08004,dz:daira:bechar:bechar,served_by,true
08005,dz:daira:bechar:bechar,served_by,true
08006,dz:daira:bechar:bechar,served_by,true
08007,dz:daira:bechar:bechar,served_by,true
08008,dz:daira:bechar:bechar,served_by,true
08009,dz:daira:bechar:bechar,served_by,true
08010,dz:daira:bechar:beni-ounif,served_by,true
08011,dz:daira:bechar:kenadsa,served_by,true
08012,dz:daira:bechar:abadla,served_by,true
08013,dz:daira:bechar:bechar,served_by,true
08014,dz:daira:bechar:bechar,served_by,true
08015,dz:daira:bechar:bechar,served_by,true
08016,dz:daira:bechar:bechar,served_by,true
08017,dz:daira:bechar:bechar,served_by,true
08019,dz:daira:bechar:beni-ounif,served_by,true
08023,dz:daira:bechar:abadla,served_by,true
08024,dz:daira:bechar:bechar,served_by,true
08026,dz:daira:bechar:lahmar,served_by,true
08027,dz:daira:bechar:abadla,served_by,true
08030,dz:daira:bechar:taghit,served_by,true
08033,dz:daira:bechar:taghit,served_by,true
08034,dz:daira:bechar:lahmar,served_by,true
08035,dz:daira:bechar:abadla,served_by,true
08037,dz:daira:bechar:abadla,served_by,true
08038,dz:daira:bechar:abadla,served_by,true
08041,dz:daira:bechar:kenadsa,served_by,true
08042,dz:daira:bechar:lahmar,served_by,true
08043,dz:daira:bechar:bechar,served_by,true
08045,dz:daira:bechar:beni-ounif,served_by,true
08049,dz:daira:bechar:kenadsa,served_by,true
08053,dz:daira:bechar:bechar,served_by,true
08054,dz:daira:bechar:bechar,served_by,true
08056,dz:daira:bechar:bechar,served_by,true
08057,dz:daira:bechar:bechar,served_by,true
08058,dz:daira:bechar:bechar,served_by,true
08059,dz:daira:bechar:bechar,served_by,true
08061,dz:daira:bechar:bechar,served_by,true
08062,dz:daira:bechar:bechar,served_by,true
08063,dz:daira:bechar:bechar,served_by,true
08064,dz:daira:bechar:bechar,served_by,true
08065,dz:daira:bechar:bechar,served_by,true
09000,dz:daira:blida:blida,served_by,true
09001,dz:daira:blida:boufarik,served_by,true
09002,dz:daira:blida:larbaa,served_by,true
09003,dz:daira:blida:ouled-yaich,served_by,true
09004,dz:daira:blida:blida,served_by,true
09005,dz:daira:blida:blida,served_by,true
09007,dz:daira:blida:boufarik,served_by,true
09008,dz:daira:blida:bougara,served_by,true
09009,dz:daira:blida:bouinan,served_by,true
09010,dz:daira:blida:mouzaia,served_by,true
09011,dz:daira:blida:el-affroun,served_by,true
09012,dz:daira:blida:meftah,served_by,true
09013,dz:daira:blida:mouzaia,served_by,true
09014,dz:daira:blida:oued-alleug,served_by,true
09015,dz:daira:blida:ouled-yaich,served_by,true
09016,dz:daira:blida:blida,served_by,true
09017,dz:daira:blida:blida,served_by,true
09018,dz:daira:blida:blida,served_by,true
09019,dz:daira:blida:blida,served_by,true
09020,dz:daira:blida:bouinan,served_by,true
09021,dz:daira:blida:mouzaia,served_by,true
09022,dz:daira:blida:boufarik,served_by,true
09023,dz:daira:blida:mouzaia,served_by,true
09024,dz:daira:blida:oued-alleug,served_by,true
09025,dz:daira:blida:oued-alleug,served_by,true
09026,dz:daira:blida:blida,served_by,true
09027,dz:daira:blida:ouled-yaich,served_by,true
09028,dz:daira:blida:meftah,served_by,true
09029,dz:daira:blida:boufarik,served_by,true
09030,dz:daira:blida:bougara,served_by,true
09031,dz:daira:blida:ouled-yaich,served_by,true
09032,dz:daira:blida:el-affroun,served_by,true
09033,dz:daira:blida:bougara,served_by,true
09034,dz:daira:blida:larbaa,served_by,true
09035,dz:daira:blida:mouzaia,served_by,true
09036,dz:daira:blida:bouinan,served_by,true
09037,dz:daira:blida:oued-alleug,served_by,true
09038,dz:daira:blida:oued-alleug,served_by,true
09039,dz:daira:blida:mouzaia,served_by,true
09040,dz:daira:blida:bougara,served_by,true
09041,dz:daira:blida:el-affroun,served_by,true
09042,dz:daira:blida:oued-alleug,served_by,true
09043,dz:daira:blida:blida,served_by,true
09044,dz:daira:blida:mouzaia,served_by,true
09045,dz:daira:blida:boufarik,served_by,true
09046,dz:daira:blida:blida,served_by,true
09047,dz:daira:blida:boufarik,served_by,true
09048,dz:daira:blida:bouinan,served_by,true
09049,dz:daira:blida:boufarik,served_by,true
09050,dz:daira:blida:blida,served_by,true
09051,dz:daira:blida:mouzaia,served_by,true
09052,dz:daira:blida:meftah,served_by,true
09053,dz:daira:blida:bouinan,served_by,true
09054,dz:daira:blida:oued-alleug,served_by,true
09055,dz:daira:blida:blida,served_by,true
09056,dz:daira:blida:boufarik,served_by,true
09057,dz:daira:blida:larbaa,served_by,true
09058,dz:daira:blida:ouled-yaich,served_by,true
09059,dz:daira:blida:blida,served_by,true
09060,dz:daira:blida:bougara,served_by,true
09061,dz:daira:blida:meftah,served_by,true
09062,dz:daira:blida:mouzaia,served_by,true
09063,dz:daira:blida:mouzaia,served_by,true
09064,dz:daira:blida:bouinan,served_by,true
09066,dz:daira:blida:oued-alleug,served_by,true
09067,dz:daira:blida:meftah,served_by,true
09068,dz:daira:blida:ouled-yaich,served_by,true
09070,dz:daira:blida:el-affroun,served_by,true
09075,dz:daira:blida:bougara,served_by,true
09076,dz:daira:blida:el-affroun,served_by,true
09077,dz:daira:blida:ouled-yaich,served_by,true
09078,dz:daira:blida:bougara,served_by,true
09079,dz:daira:blida:ouled-yaich,served_by,true
09081,dz:daira:blida:larbaa,served_by,true
09082,dz:daira:blida:blida,served_by,true
09083,dz:daira:blida:bouinan,served_by,true
09084,dz:daira:blida:ouled-yaich,served_by,true
09085,dz:daira:blida:bougara,served_by,true
09086,dz:daira:blida:blida,served_by,true
10000,dz:daira:bouira:bouira,served_by,true
10001,dz:daira:bouira:bouira,served_by,true
10002,dz:daira:bouira:lakhdaria,served_by,true
10003,dz:daira:bouira:m-chedallah,served_by,true
10004,dz:daira:bouira:sour-el-ghozlane,served_by,true
10005,dz:daira:bouira:ain-bessem,served_by,true
10006,dz:daira:bouira:kadiria,served_by,true
10007,dz:daira:bouira:m-chedallah,served_by,true
10008,dz:daira:bouira:bechloul,served_by,true
10009,dz:daira:bouira:ain-bessem,served_by,true
10010,dz:daira:bouira:kadiria,served_by,true
10011,dz:daira:bouira:m-chedallah,served_by,true
10012,dz:daira:bouira:bechloul,served_by,true
10013,dz:daira:bouira:bir-ghbalou,served_by,true
10014,dz:daira:bouira:bordj-okhriss,served_by,true
10015,dz:daira:bouira:m-chedallah,served_by,true
10016,dz:daira:bouira:lakhdaria,served_by,true
10017,dz:daira:bouira:bouira,served_by,true
10018,dz:daira:bouira:bouira,served_by,true
10019,dz:daira:bouira:m-chedallah,served_by,true
10020,dz:daira:bouira:sour-el-ghozlane,served_by,true
10021,dz:daira:bouira:bechloul,served_by,true
10022,dz:daira:bouira:bechloul,served_by,true
10023,dz:daira:bouira:el-hachimia,served_by,true
10024,dz:daira:bouira:haizer,served_by,true
10025,dz:daira:bouira:kadiria,served_by,true
10026,dz:daira:bouira:lakhdaria,served_by,true
10027,dz:daira:bouira:bouira,served_by,true
10028,dz:daira:bouira:sour-el-ghozlane,served_by,true
10029,dz:daira:bouira:sour-el-ghozlane,served_by,true
10030,dz:daira:bouira:m-chedallah,served_by,true
10031,dz:daira:bouira:ain-bessem,served_by,true
10032,dz:daira:bouira:ain-bessem,served_by,true
10033,dz:daira:bouira:bouira,served_by,true
10034,dz:daira:bouira:bouira,served_by,true
10035,dz:daira:bouira:m-chedallah,served_by,true
10036,dz:daira:bouira:kadiria,served_by,true
10037,dz:daira:bouira:lakhdaria,served_by,true
10038,dz:daira:bouira:bir-ghbalou,served_by,true
10039,dz:daira:bouira:lakhdaria,served_by,true
10040,dz:daira:bouira:bordj-okhriss,served_by,true
10041,dz:daira:bouira:m-chedallah,served_by,true
10042,dz:daira:bouira:bir-ghbalou,served_by,true
10043,dz:daira:bouira:m-chedallah,served_by,true
10044,dz:daira:bouira:souk-el-khemis,served_by,true
10045,dz:daira:bouira:bordj-okhriss,served_by,true
10046,dz:daira:bouira:bouira,served_by,true
10047,dz:daira:bouira:lakhdaria,served_by,true
10048,dz:daira:bouira:lakhdaria,served_by,true
10049,dz:daira:bouira:bordj-okhriss,served_by,true
10050,dz:daira:bouira:m-chedallah,served_by,true
10052,dz:daira:bouira:m-chedallah,served_by,true
10053,dz:daira:bouira:m-chedallah,served_by,true
10054,dz:daira:bouira:lakhdaria,served_by,true
10055,dz:daira:bouira:haizer,served_by,true
10057,dz:daira:bouira:sour-el-ghozlane,served_by,true
10058,dz:daira:bouira:sour-el-ghozlane,served_by,true
10059,dz:daira:bouira:kadiria,served_by,true
10060,dz:daira:bouira:souk-el-khemis,served_by,true
10061,dz:daira:bouira:bouira,served_by,true
10062,dz:daira:bouira:sour-el-ghozlane,served_by,true
10063,dz:daira:bouira:haizer,served_by,true
10064,dz:daira:bouira:lakhdaria,served_by,true
10065,dz:daira:bouira:bordj-okhriss,served_by,true
10067,dz:daira:bouira:el-hachimia,served_by,true
10068,dz:daira:bouira:m-chedallah,served_by,true
10070,dz:daira:bouira:kadiria,served_by,true
10071,dz:daira:bouira:sour-el-ghozlane,served_by,true
10072,dz:daira:bouira:lakhdaria,served_by,true
10073,dz:daira:bouira:haizer,served_by,true
10074,dz:daira:bouira:bir-ghbalou,served_by,true
10075,dz:daira:bouira:el-hachimia,served_by,true
10076,dz:daira:bouira:bechloul,served_by,true
10078,dz:daira:bouira:lakhdaria,served_by,true
10079,dz:daira:bouira:el-hachimia,served_by,true
10080,dz:daira:bouira:kadiria,served_by,true
10081,dz:daira:bouira:bechloul,served_by,true
10082,dz:daira:bouira:lakhdaria,served_by,true
10083,dz:daira:bouira:sour-el-ghozlane,served_by,true
10084,dz:daira:bouira:bouira,served_by,true
10086,dz:daira:bouira:m-chedallah,served_by,true
10087,dz:daira:bouira:bechloul,served_by,true
10089,dz:daira:bouira:haizer,served_by,true
10090,dz:daira:bouira:lakhdaria,served_by,true
10091,dz:daira:bouira:bouira,served_by,true
10092,dz:daira:bouira:haizer,served_by,true
10093,dz:daira:bouira:m-chedallah,served_by,true
10095,dz:daira:bouira:m-chedallah,served_by,true
10096,dz:daira:bouira:bordj-okhriss,served_by,true
10098,dz:daira:bouira:lakhdaria,served_by,true
10099,dz:daira:bouira:kadiria,served_by,true
10100,dz:daira:bouira:bechloul,served_by,true
10101,dz:daira:bouira:bouira,served_by,true
10102,dz:daira:bouira:ain-bessem,served_by,true
10103,dz:daira:bouira:bouira,served_by,true
10104,dz:daira:bouira:bouira,served_by,true
10105,dz:daira:bouira:bouira,served_by,true
10106,dz:daira:bouira:sour-el-ghozlane,served_by,true
10107,dz:daira:bouira:ain-bessem,served_by,true
10108,dz:daira:bouira:bouira,served_by,true
10109,dz:daira:bouira:bouira,served_by,true
10110,dz:daira:bouira:bouira,served_by,true
10111,dz:daira:bouira:bechloul,served_by,true
10112,dz:daira:bouira:bouira,served_by,true
10113,dz:daira:bouira:kadiria,served_by,true
11000,dz:daira:tamanghasset:tamanrasset,served_by,true
11002,dz:daira:tamanghasset:tamanrasset,served_by,true
11003,dz:daira:tamanghasset:tamanrasset,served_by,true
11006,dz:daira:tamanghasset:tamanrasset,served_by,true
11007,dz:daira:tamanghasset:abalessa,served_by,true
11008,dz:daira:tamanghasset:tamanrasset,served_by,true
11009,dz:daira:tamanghasset:tamanrasset,served_by,true
11010,dz:daira:tamanghasset:tazrouk,served_by,true
11012,dz:daira:tamanghasset:abalessa,served_by,true
11013,dz:daira:tamanghasset:tazrouk,served_by,true
11014,dz:daira:tamanghasset:tamanrasset,served_by,true
11019,dz:daira:tamanghasset:tazrouk,served_by,true
11020,dz:daira:tamanghasset:tazrouk,served_by,true
11022,dz:daira:tamanghasset:tamanrasset,served_by,true
11025,dz:daira:tamanghasset:tamanrasset,served_by,true
11026,dz:daira:tamanghasset:tamanrasset,served_by,true
11027,dz:daira:tamanghasset:tamanrasset,served_by,true
11030,dz:daira:tamanghasset:tazrouk,served_by,true
11031,dz:daira:tamanghasset:tazrouk,served_by,true
11034,dz:daira:tamanghasset:tamanrasset,served_by,true
11036,dz:daira:tamanghasset:tamanrasset,served_by,true
11037,dz:daira:tamanghasset:tamanrasset,served_by,true
11039,dz:daira:tamanghasset:abalessa,served_by,true
12000,dz:daira:tebessa:tebessa,served_by,true
12001,dz:daira:bir-el-ater:bir-el-ater,served_by,true
12002,dz:daira:tebessa:cheria,served_by,true
12003,dz:daira:tebessa:ouenza,served_by,true
12004,dz:daira:tebessa:tebessa,served_by,true
12005,dz:daira:tebessa:el-aouinet,served_by,true
12006,dz:daira:tebessa:el-kouif,served_by,true
12007,dz:daira:tebessa:tebessa,served_by,true
12008,dz:daira:tebessa:ouenza,served_by,true
12009,dz:daira:bir-el-ater:bir-el-ater,served_by,true
12010,dz:daira:bir-el-ater:bir-el-ater,served_by,true
12011,dz:daira:tebessa:bir-mokkadem,served_by,true
12012,dz:daira:tebessa:el-aouinet,served_by,true
12013,dz:daira:tebessa:tebessa,served_by,true
12014,dz:daira:tebessa:el-ma-labiod,served_by,true
12015,dz:daira:tebessa:el-ogla,served_by,true
12016,dz:daira:tebessa:bir-mokkadem,served_by,true
12017,dz:daira:tebessa:morsott,served_by,true
12018,dz:daira:tebessa:tebessa,served_by,true
12019,dz:daira:tebessa:el-kouif,served_by,true
12020,dz:daira:bir-el-ater:bir-el-ater,served_by,true
12021,dz:daira:tebessa:cheria,served_by,true
12022,dz:daira:tebessa:tebessa,served_by,true
12023,dz:daira:tebessa:ouenza,served_by,true
12024,dz:daira:bir-el-ater:negrine,served_by,true
12025,dz:daira:tebessa:ouenza,served_by,true
12026,dz:daira:tebessa:ouenza,served_by,true
12027,dz:daira:tebessa:oum-ali,served_by,true
12028,dz:daira:tebessa:tebessa,served_by,true
12029,dz:daira:tebessa:tebessa,served_by,true
12030,dz:daira:tebessa:el-aouinet,served_by,true
12031,dz:daira:tebessa:morsott,served_by,true
12032,dz:daira:tebessa:el-ogla,served_by,true
12033,dz:daira:tebessa:ouenza,served_by,true
12034,dz:daira:tebessa:el-ma-labiod,served_by,true
12035,dz:daira:tebessa:el-ogla,served_by,true
12036,dz:daira:tebessa:morsott,served_by,true
12037,dz:daira:tebessa:oum-ali,served_by,true
12038,dz:daira:tebessa:el-ma-labiod,served_by,true
12039,dz:daira:tebessa:el-kouif,served_by,true
12040,dz:daira:tebessa:ouenza,served_by,true
12041,dz:daira:tebessa:el-ma-labiod,served_by,true
12042,dz:daira:tebessa:el-ogla,served_by,true
12043,dz:daira:bir-el-ater:negrine,served_by,true
12044,dz:daira:bir-el-ater:bir-el-ater,served_by,true
12045,dz:daira:bir-el-ater:negrine,served_by,true
12046,dz:daira:tebessa:bir-mokkadem,served_by,true
12047,dz:daira:tebessa:el-ogla,served_by,true
12048,dz:daira:tebessa:el-kouif,served_by,true
12049,dz:daira:tebessa:el-aouinet,served_by,true
12050,dz:daira:tebessa:el-aouinet,served_by,true
12051,dz:daira:tebessa:el-kouif,served_by,true
12052,dz:daira:tebessa:bir-mokkadem,served_by,true
12053,dz:daira:tebessa:cheria,served_by,true
12054,dz:daira:tebessa:morsott,served_by,true
12055,dz:daira:tebessa:el-kouif,served_by,true
12056,dz:daira:tebessa:cheria,served_by,true
12057,dz:daira:tebessa:ouenza,served_by,true
12059,dz:daira:tebessa:tebessa,served_by,true
12060,dz:daira:tebessa:tebessa,served_by,true
12061,dz:daira:tebessa:tebessa,served_by,true
12062,dz:daira:tebessa:tebessa,served_by,true
12063,dz:daira:tebessa:tebessa,served_by,true
12064,dz:daira:tebessa:tebessa,served_by,true
12065,dz:daira:bir-el-ater:bir-el-ater,served_by,true
12066,dz:daira:tebessa:tebessa,served_by,true
12067,dz:daira:tebessa:ouenza,served_by,true
12068,dz:daira:tebessa:cheria,served_by,true
12069,dz:daira:tebessa:tebessa,served_by,true
12070,dz:daira:tebessa:bir-mokkadem,served_by,true
12071,dz:daira:tebessa:tebessa,served_by,true
13000,dz:daira:tlemcen:tlemcen,served_by,true
13001,dz:daira:tlemcen:maghnia,served_by,true
13002,dz:daira:tlemcen:ghazaouet,served_by,true
13003,dz:daira:tlemcen:maghnia,served_by,true
13004,dz:daira:tlemcen:nedroma,served_by,true
13005,dz:daira:tlemcen:remchi,served_by,true
13006,dz:daira:tlemcen:sebdou,served_by,true
13007,dz:daira:tlemcen:tlemcen,served_by,true
13008,dz:daira:tlemcen:bensekrane,served_by,true
13009,dz:daira:tlemcen:hennaya,served_by,true
13010,dz:daira:tlemcen:ouled-mimoun,served_by,true
13011,dz:daira:tlemcen:sabra,served_by,true
13012,dz:daira:tlemcen:ain-tallout,served_by,true
13013,dz:daira:tlemcen:remchi,served_by,true
13014,dz:daira:tlemcen:bab-el-assa,served_by,true
13015,dz:daira:tlemcen:honaine,served_by,true
13016,dz:daira:tlemcen:mansourah,served_by,true
13017,dz:daira:tlemcen:marsa-ben-m-hidi,served_by,true
13018,dz:daira:tlemcen:nedroma,served_by,true
13019,dz:daira:tlemcen:bensekrane,served_by,true
13020,dz:daira:tlemcen:ghazaouet,served_by,true
13021,dz:daira:tlemcen:tlemcen,served_by,true
13022,dz:daira:tlemcen:chetouane,served_by,true
13023,dz:daira:tlemcen:mansourah,served_by,true
13024,dz:daira:tlemcen:marsa-ben-m-hidi,served_by,true
13025,dz:daira:tlemcen:remchi,served_by,true
13026,dz:daira:tlemcen:sabra,served_by,true
13027,dz:daira:tlemcen:marsa-ben-m-hidi,served_by,true
13028,dz:daira:tlemcen:fellaoucene,served_by,true
13029,dz:daira:tlemcen:nedroma,served_by,true
13030,dz:daira:el-aricha:sidi-djillali,served_by,true
13031,dz:daira:el-aricha:el-aricha,served_by,true
13032,dz:daira:tlemcen:ghazaouet,served_by,true
13033,dz:daira:tlemcen:remchi,served_by,true
13034,dz:daira:el-aricha:el-aricha,served_by,true
13035,dz:daira:tlemcen:fellaoucene,served_by,true
13036,dz:daira:tlemcen:maghnia,served_by,true
13037,dz:daira:tlemcen:beni-snous,served_by,true
13038,dz:daira:tlemcen:hennaya,served_by,true
13039,dz:daira:tlemcen:nedroma,served_by,true
13040,dz:daira:tlemcen:maghnia,served_by,true
13041,dz:daira:tlemcen:ghazaouet,served_by,true
13042,dz:daira:tlemcen:remchi,served_by,true
13043,dz:daira:el-aricha:sidi-djillali,served_by,true
13044,dz:daira:tlemcen:beni-boussaid,served_by,true
13045,dz:daira:tlemcen:ouled-mimoun,served_by,true
13046,dz:daira:tlemcen:bab-el-assa,served_by,true
13047,dz:daira:tlemcen:ghazaouet,served_by,true
13048,dz:daira:tlemcen:chetouane,served_by,true
13049,dz:daira:tlemcen:beni-boussaid,served_by,true
13050,dz:daira:tlemcen:mansourah,served_by,true
13051,dz:daira:tlemcen:hennaya,served_by,true
13052,dz:daira:tlemcen:chetouane,served_by,true
13053,dz:daira:tlemcen:fellaoucene,served_by,true
13054,dz:daira:tlemcen:ain-tallout,served_by,true
13055,dz:daira:tlemcen:ain-tallout,served_by,true
13056,dz:daira:tlemcen:maghnia,served_by,true
13057,dz:daira:tlemcen:maghnia,served_by,true
13058,dz:daira:tlemcen:chetouane,served_by,true
13059,dz:daira:el-aricha:el-aricha,served_by,true
13060,dz:daira:tlemcen:beni-snous,served_by,true
13061,dz:daira:tlemcen:mansourah,served_by,true
13062,dz:daira:tlemcen:mansourah,served_by,true
13063,dz:daira:tlemcen:ghazaouet,served_by,true
13064,dz:daira:tlemcen:ghazaouet,served_by,true
13065,dz:daira:tlemcen:chetouane,served_by,true
13066,dz:daira:el-aricha:sidi-djillali,served_by,true
13067,dz:daira:tlemcen:ghazaouet,served_by,true
13068,dz:daira:tlemcen:ouled-mimoun,served_by,true
13069,dz:daira:tlemcen:sabra,served_by,true
13070,dz:daira:tlemcen:hennaya,served_by,true
13071,dz:daira:tlemcen:ain-tallout,served_by,true
13072,dz:daira:tlemcen:remchi,served_by,true
13073,dz:daira:tlemcen:remchi,served_by,true
13074,dz:daira:tlemcen:honaine,served_by,true
13075,dz:daira:tlemcen:maghnia,served_by,true
13076,dz:daira:tlemcen:bensekrane,served_by,true
13077,dz:daira:tlemcen:honaine,served_by,true
13078,dz:daira:tlemcen:bab-el-assa,served_by,true
13079,dz:daira:tlemcen:mansourah,served_by,true
13080,dz:daira:tlemcen:beni-snous,served_by,true
13081,dz:daira:tlemcen:bab-el-assa,served_by,true
13082,dz:daira:tlemcen:nedroma,served_by,true
13083,dz:daira:tlemcen:chetouane,served_by,true
13084,dz:daira:tlemcen:mansourah,served_by,true
13085,dz:daira:tlemcen:beni-snous,served_by,true
13086,dz:daira:tlemcen:ouled-mimoun,served_by,true
13087,dz:daira:tlemcen:beni-boussaid,served_by,true
13088,dz:daira:tlemcen:hennaya,served_by,true
13089,dz:daira:tlemcen:maghnia,served_by,true
13090,dz:daira:tlemcen:chetouane,served_by,true
13091,dz:daira:tlemcen:maghnia,served_by,true
13092,dz:daira:tlemcen:tlemcen,served_by,true
13093,dz:daira:tlemcen:tlemcen,served_by,true
13097,dz:daira:tlemcen:mansourah,served_by,true
13108,dz:daira:tlemcen:tlemcen,served_by,true
13110,dz:daira:tlemcen:beni-snous,served_by,true
13111,dz:daira:tlemcen:tlemcen,served_by,true
13112,dz:daira:tlemcen:tlemcen,served_by,true
13113,dz:daira:tlemcen:sebdou,served_by,true
13114,dz:daira:tlemcen:tlemcen,served_by,true
13115,dz:daira:tlemcen:tlemcen,served_by,true
13116,dz:daira:tlemcen:sebdou,served_by,true
13117,dz:daira:tlemcen:tlemcen,served_by,true
13118,dz:daira:tlemcen:sebdou,served_by,true
13119,dz:daira:tlemcen:chetouane,served_by,true
13120,dz:daira:tlemcen:remchi,served_by,true
13121,dz:daira:tlemcen:tlemcen,served_by,true
13126,dz:daira:tlemcen:maghnia,served_by,true
13127,dz:daira:tlemcen:fellaoucene,served_by,true
14000,dz:daira:tiaret:tiaret,served_by,true
14001,dz:daira:tiaret:frenda,served_by,true
14002,dz:daira:ksar-chellala:ksar-chellala,served_by,true
14003,dz:daira:tiaret:sougueur,served_by,true
14004,dz:daira:tiaret:mahdia,served_by,true
14005,dz:daira:tiaret:rahouia,served_by,true
14006,dz:daira:tiaret:tiaret,served_by,true
14007,dz:daira:tiaret:ain-deheb,served_by,true
14008,dz:daira:tiaret:frenda,served_by,true
14009,dz:daira:tiaret:ain-kermes,served_by,true
14010,dz:daira:tiaret:dahmouni,served_by,true
14011,dz:daira:ksar-chellala:ksar-chellala,served_by,true
14012,dz:daira:tiaret:mechraa-sfa,served_by,true
14013,dz:daira:tiaret:ain-kermes,served_by,true
14014,dz:daira:tiaret:oued-lili,served_by,true
14015,dz:daira:tiaret:frenda,served_by,true
14016,dz:daira:tiaret:tiaret,served_by,true
14017,dz:daira:tiaret:mahdia,served_by,true
14018,dz:daira:ksar-chellala:ksar-chellala,served_by,true
14019,dz:daira:tiaret:rahouia,served_by,true
14020,dz:daira:ksar-chellala:hamadia,served_by,true
14021,dz:daira:tiaret:tiaret,served_by,true
14023,dz:daira:tiaret:medroussa,served_by,true
14024,dz:daira:tiaret:meghila,served_by,true
14025,dz:daira:tiaret:medroussa,served_by,true
14026,dz:daira:ksar-chellala:hamadia,served_by,true
14027,dz:daira:tiaret:sougueur,served_by,true
14028,dz:daira:tiaret:ain-kermes,served_by,true
14029,dz:daira:tiaret:meghila,served_by,true
14030,dz:daira:tiaret:mahdia,served_by,true
14031,dz:daira:tiaret:tiaret,served_by,true
14032,dz:daira:tiaret:tiaret,served_by,true
14033,dz:daira:tiaret:tiaret,served_by,true
14034,dz:daira:tiaret:tiaret,served_by,true
14035,dz:daira:tiaret:tiaret,served_by,true
14036,dz:daira:tiaret:tiaret,served_by,true
14037,dz:daira:tiaret:sougueur,served_by,true
14038,dz:daira:ksar-chellala:ksar-chellala,served_by,true
14040,dz:daira:tiaret:dahmouni,served_by,true
14041,dz:daira:tiaret:dahmouni,served_by,true
14043,dz:daira:tiaret:mahdia,served_by,true
14044,dz:daira:tiaret:tiaret,served_by,true
14045,dz:daira:tiaret:frenda,served_by,true
14046,dz:daira:tiaret:ain-deheb,served_by,true
14047,dz:daira:tiaret:mahdia,served_by,true
14048,dz:daira:tiaret:mechraa-sfa,served_by,true
14049,dz:daira:tiaret:sougueur,served_by,true
14050,dz:daira:tiaret:frenda,served_by,true
14051,dz:daira:ksar-chellala:ksar-chellala,served_by,true
14052,dz:daira:tiaret:ain-deheb,served_by,true
14053,dz:daira:tiaret:mechraa-sfa,served_by,true
14054,dz:daira:tiaret:dahmouni,served_by,true
14055,dz:daira:tiaret:ain-kermes,served_by,true
14056,dz:daira:tiaret:mahdia,served_by,true
14057,dz:daira:tiaret:frenda,served_by,true
14058,dz:daira:tiaret:mahdia,served_by,true
14059,dz:daira:tiaret:sougueur,served_by,true
14060,dz:daira:tiaret:ain-deheb,served_by,true
14061,dz:daira:tiaret:ain-kermes,served_by,true
14062,dz:daira:tiaret:meghila,served_by,true
14063,dz:daira:ksar-chellala:ksar-chellala,served_by,true
14064,dz:daira:tiaret:oued-lili,served_by,true
14065,dz:daira:tiaret:medroussa,served_by,true
14066,dz:daira:tiaret:sougueur,served_by,true
14067,dz:daira:tiaret:sougueur,served_by,true
14068,dz:daira:tiaret:mechraa-sfa,served_by,true
14069,dz:daira:tiaret:frenda,served_by,true
14070,dz:daira:tiaret:rahouia,served_by,true
14071,dz:daira:tiaret:oued-lili,served_by,true
14072,dz:daira:tiaret:frenda,served_by,true
14073,dz:daira:tiaret:tiaret,served_by,true
14074,dz:daira:ksar-chellala:hamadia,served_by,true
14075,dz:daira:tiaret:tiaret,served_by,true
14076,dz:daira:tiaret:tiaret,served_by,true
14077,dz:daira:tiaret:tiaret,served_by,true
14078,dz:daira:tiaret:tiaret,served_by,true
14079,dz:daira:tiaret:oued-lili,served_by,true
14080,dz:daira:tiaret:ain-kermes,served_by,true
14081,dz:daira:tiaret:ain-kermes,served_by,true
14083,dz:daira:tiaret:tiaret,served_by,true
14084,dz:daira:tiaret:tiaret,served_by,true
15000,dz:daira:tizi-ouzou:tizi-ouzou,served_by,true
15001,dz:daira:tizi-ouzou:azazga,served_by,true
15002,dz:daira:tizi-ouzou:ain-el-hammam,served_by,true
15003,dz:daira:tizi-ouzou:boghni,served_by,true
15004,dz:daira:tizi-ouzou:draa-ben-khedda,served_by,true
15005,dz:daira:tizi-ouzou:draa-el-mizan,served_by,true
15006,dz:daira:tizi-ouzou:larbaa-nath-irathen,served_by,true
15007,dz:daira:tizi-ouzou:tizi-ouzou,served_by,true
15008,dz:daira:tizi-ouzou:tizi-ouzou,served_by,true
15009,dz:daira:tizi-ouzou:bouzeguene,served_by,true
15010,dz:daira:tizi-ouzou:azeffoun,served_by,true
15011,dz:daira:tizi-ouzou:beni-douala,served_by,true
15012,dz:daira:tizi-ouzou:azazga,served_by,true
15013,dz:daira:tizi-ouzou:iferhounene,served_by,true
15014,dz:daira:tizi-ouzou:mekla,served_by,true
15015,dz:daira:tizi-ouzou:ouacif,served_by,true
15016,dz:daira:tizi-ouzou:ouadhia,served_by,true
15017,dz:daira:tizi-ouzou:maatkas,served_by,true
15018,dz:daira:tizi-ouzou:draa-ben-khedda,served_by,true
15019,dz:daira:tizi-ouzou:tigzirt,served_by,true
15020,dz:daira:tizi-ouzou:tizi-gheniff,served_by,true
15022,dz:daira:tizi-ouzou:azeffoun,served_by,true
15023,dz:daira:tizi-ouzou:ouadhia,served_by,true
15024,dz:daira:tizi-ouzou:iferhounene,served_by,true
15025,dz:daira:tizi-ouzou:ouadhia,served_by,true
15026,dz:daira:tizi-ouzou:boghni,served_by,true
15027,dz:daira:tizi-ouzou:draa-el-mizan,served_by,true
15028,dz:daira:tizi-ouzou:mekla,served_by,true
15029,dz:daira:tizi-ouzou:beni-douala,served_by,true
15030,dz:daira:tizi-ouzou:beni-yenni,served_by,true
15031,dz:daira:tizi-ouzou:makouda,served_by,true
15032,dz:daira:tizi-ouzou:boghni,served_by,true
15033,dz:daira:tizi-ouzou:ouaguenoun,served_by,true
15034,dz:daira:tizi-ouzou:mekla,served_by,true
15035,dz:daira:tizi-ouzou:azazga,served_by,true
15036,dz:daira:tizi-ouzou:bouzeguene,served_by,true
15037,dz:daira:tizi-ouzou:iferhounene,served_by,true
15038,dz:daira:tizi-ouzou:bouzeguene,served_by,true
15039,dz:daira:tizi-ouzou:larbaa-nath-irathen,served_by,true
15040,dz:daira:tizi-ouzou:ouaguenoun,served_by,true
15041,dz:daira:tizi-ouzou:makouda,served_by,true
15042,dz:daira:tizi-ouzou:boghni,served_by,true
15043,dz:daira:tizi-ouzou:draa-ben-khedda,served_by,true
15044,dz:daira:tizi-ouzou:mekla,served_by,true
15045,dz:daira:tizi-ouzou:beni-douala,served_by,true
15046,dz:daira:tizi-ouzou:ouaguenoun,served_by,true
15047,dz:daira:tizi-ouzou:tizi-gheniff,served_by,true
15048,dz:daira:tizi-ouzou:ouaguenoun,served_by,true
15049,dz:daira:tizi-ouzou:draa-ben-khedda,served_by,true
15050,dz:daira:tizi-ouzou:ouadhia,served_by,true
15051,dz:daira:tizi-ouzou:tizi-rached,served_by,true
15052,dz:daira:tizi-ouzou:azazga,served_by,true
15053,dz:daira:tizi-ouzou:beni-yenni,served_by,true
15054,dz:daira:tizi-ouzou:mekla,served_by,true
15055,dz:daira:tizi-ouzou:tizi-rached,served_by,true
15056,dz:daira:tizi-ouzou:draa-el-mizan,served_by,true
15057,dz:daira:tizi-ouzou:ouadhia,served_by,true
15058,dz:daira:tizi-ouzou:ouadhia,served_by,true
15059,dz:daira:tizi-ouzou:larbaa-nath-irathen,served_by,true
15060,dz:daira:tizi-ouzou:azeffoun,served_by,true
15061,dz:daira:tizi-ouzou:beni-yenni,served_by,true
15062,dz:daira:tizi-ouzou:tigzirt,served_by,true
15063,dz:daira:tizi-ouzou:ouacif,served_by,true
15064,dz:daira:tizi-ouzou:makouda,served_by,true
15065,dz:daira:tizi-ouzou:boghni,served_by,true
15066,dz:daira:tizi-ouzou:boghni,served_by,true
15067,dz:daira:tizi-ouzou:tizi-ouzou,served_by,true
15068,dz:daira:tizi-ouzou:draa-el-mizan,served_by,true
15069,dz:daira:tizi-ouzou:tigzirt,served_by,true
15070,dz:daira:tizi-ouzou:beni-douala,served_by,true
15071,dz:daira:tizi-ouzou:maatkas,served_by,true
15072,dz:daira:tizi-ouzou:beni-douala,served_by,true
15073,dz:daira:tizi-ouzou:ain-el-hammam,served_by,true
15074,dz:daira:tizi-ouzou:beni-yenni,served_by,true
15075,dz:daira:tizi-ouzou:tigzirt,served_by,true
15076,dz:daira:tizi-ouzou:azeffoun,served_by,true
15077,dz:daira:tizi-ouzou:azazga,served_by,true
15078,dz:daira:tizi-ouzou:ouaguenoun,served_by,true
15079,dz:daira:tizi-ouzou:tizi-gheniff,served_by,true
15081,dz:daira:tizi-ouzou:makouda,served_by,true
15083,dz:daira:tizi-ouzou:larbaa-nath-irathen,served_by,true
15084,dz:daira:tizi-ouzou:azazga,served_by,true
15085,dz:daira:tizi-ouzou:ouacif,served_by,true
15086,dz:daira:tizi-ouzou:ouadhia,served_by,true
15087,dz:daira:tizi-ouzou:larbaa-nath-irathen,served_by,true
15088,dz:daira:tizi-ouzou:tizi-ouzou,served_by,true
15089,dz:daira:tizi-ouzou:ain-el-hammam,served_by,true
15090,dz:daira:tizi-ouzou:beni-douala,served_by,true
15091,dz:daira:tizi-ouzou:boghni,served_by,true
15092,dz:daira:tizi-ouzou:azazga,served_by,true
15093,dz:daira:tizi-ouzou:ain-el-hammam,served_by,true
15094,dz:daira:tizi-ouzou:ain-el-hammam,served_by,true
15095,dz:daira:tizi-ouzou:beni-douala,served_by,true
15096,dz:daira:tizi-ouzou:tigzirt,served_by,true
15097,dz:daira:tizi-ouzou:mekla,served_by,true
15098,dz:daira:tizi-ouzou:ouaguenoun,served_by,true
15099,dz:daira:tizi-ouzou:ain-el-hammam,served_by,true
15100,dz:daira:tizi-ouzou:draa-el-mizan,served_by,true
15101,dz:daira:tizi-ouzou:larbaa-nath-irathen,served_by,true
15102,dz:daira:tizi-ouzou:tigzirt,served_by,true
15103,dz:daira:tizi-ouzou:maatkas,served_by,true
15104,dz:daira:tizi-ouzou:bouzeguene,served_by,true
15105,dz:daira:tizi-ouzou:draa-el-mizan,served_by,true
15106,dz:daira:tizi-ouzou:tizi-gheniff,served_by,true
15107,dz:daira:tizi-ouzou:tizi-ouzou,served_by,true
15108,dz:daira:tizi-ouzou:tigzirt,served_by,true
15109,dz:daira:tizi-ouzou:draa-el-mizan,served_by,true
15110,dz:daira:tizi-ouzou:azazga,served_by,true
15112,dz:daira:tizi-ouzou:azazga,served_by,true
15113,dz:daira:tizi-ouzou:ouaguenoun,served_by,true
15114,dz:daira:tizi-ouzou:mekla,served_by,true
15115,dz:daira:tizi-ouzou:draa-el-mizan,served_by,true
15116,dz:daira:tizi-ouzou:beni-yenni,served_by,true
15117,dz:daira:tizi-ouzou:draa-el-mizan,served_by,true
15118,dz:daira:tizi-ouzou:larbaa-nath-irathen,served_by,true
15119,dz:daira:tizi-ouzou:bouzeguene,served_by,true
15121,dz:daira:tizi-ouzou:tigzirt,served_by,true
15122,dz:daira:tizi-ouzou:tizi-ouzou,served_by,true
15123,dz:daira:tizi-ouzou:ain-el-hammam,served_by,true
15124,dz:daira:tizi-ouzou:draa-ben-khedda,served_by,true
15125,dz:daira:tizi-ouzou:bouzeguene,served_by,true
15126,dz:daira:tizi-ouzou:draa-el-mizan,served_by,true
15127,dz:daira:tizi-ouzou:azazga,served_by,true
15128,dz:daira:tizi-ouzou:ain-el-hammam,served_by,true
15129,dz:daira:tizi-ouzou:tizi-gheniff,served_by,true
15130,dz:daira:tizi-ouzou:tizi-gheniff,served_by,true
15131,dz:daira:tizi-ouzou:tizi-ouzou,served_by,true
15132,dz:daira:tizi-ouzou:draa-ben-khedda,served_by,true
15133,dz:daira:tizi-ouzou:makouda,served_by,true
15134,dz:daira:tizi-ouzou:tizi-rached,served_by,true
15135,dz:daira:tizi-ouzou:azazga,served_by,true
15136,dz:daira:tizi-ouzou:draa-el-mizan,served_by,true
15138,dz:daira:tizi-ouzou:azazga,served_by,true
15139,dz:daira:tizi-ouzou:ouaguenoun,served_by,true
15140,dz:daira:tizi-ouzou:bouzeguene,served_by,true
15141,dz:daira:tizi-ouzou:tizi-gheniff,served_by,true
15142,dz:daira:tizi-ouzou:tigzirt,served_by,true
15143,dz:daira:tizi-ouzou:tizi-rached,served_by,true
15144,dz:daira:tizi-ouzou:tizi-ouzou,served_by,true
15145,dz:daira:tizi-ouzou:makouda,served_by,true
15147,dz:daira:tizi-ouzou:larbaa-nath-irathen,served_by,true
15149,dz:daira:tizi-ouzou:ain-el-hammam,served_by,true
15150,dz:daira:tizi-ouzou:makouda,served_by,true
15151,dz:daira:tizi-ouzou:azeffoun,served_by,true
15152,dz:daira:tizi-ouzou:ouaguenoun,served_by,true
15153,dz:daira:tizi-ouzou:tizi-ouzou,served_by,true
15154,dz:daira:tizi-ouzou:maatkas,served_by,true
15155,dz:daira:tizi-ouzou:mekla,served_by,true
15156,dz:daira:tizi-ouzou:iferhounene,served_by,true
15157,dz:daira:tizi-ouzou:maatkas,served_by,true
15158,dz:daira:tizi-ouzou:draa-el-mizan,served_by,true
15160,dz:daira:tizi-ouzou:draa-ben-khedda,served_by,true
15161,dz:daira:tizi-ouzou:tizi-ouzou,served_by,true
15162,dz:daira:tizi-ouzou:azazga,served_by,true
15163,dz:daira:tizi-ouzou:tizi-ouzou,served_by,true
15164,dz:daira:tizi-ouzou:ouaguenoun,served_by,true
15165,dz:daira:tizi-ouzou:ain-el-hammam,served_by,true
15166,dz:daira:tizi-ouzou:azeffoun,served_by,true
15167,dz:daira:tizi-ouzou:draa-ben-khedda,served_by,true
15169,dz:daira:tizi-ouzou:tizi-ouzou,served_by,true
15170,dz:daira:tizi-ouzou:ouadhia,served_by,true
16000,dz:daira:alger:sidi-m-hamed,served_by,true
16001,dz:daira:alger:bab-el-oued,served_by,true
16002,dz:daira:alger:sidi-m-hamed,served_by,true
16003,dz:daira:alger:bouzareah,served_by,true
16004,dz:daira:alger:el-harrach,served_by,true
16005,dz:daira:alger:hussein-dey,served_by,true
16006,dz:daira:alger:hussein-dey,served_by,true
16007,dz:daira:alger:sidi-m-hamed,served_by,true
16008,dz:daira:alger:bab-el-oued,served_by,true
16009,dz:daira:alger:hussein-dey,served_by,true
16010,dz:daira:alger:sidi-m-hamed,served_by,true
16011,dz:daira:alger:sidi-m-hamed,served_by,true
16012,dz:daira:alger:sidi-m-hamed,served_by,true
16013,dz:daira:alger:bir-mourad-rais,served_by,true
16014,dz:daira:alger:cheraga,served_by,true
16015,dz:daira:alger:sidi-m-hamed,served_by,true
16016,dz:daira:alger:bir-mourad-rais,served_by,true
16017,dz:daira:alger:rouiba,served_by,true
16018,dz:daira:alger:cheraga,served_by,true
16019,dz:daira:alger:dar-el-beida,served_by,true
16020,dz:daira:alger:bab-el-oued,served_by,true
16021,dz:daira:alger:bab-el-oued,served_by,true
16022,dz:daira:alger:bab-el-oued,served_by,true
16023,dz:daira:alger:bouzareah,served_by,true
16024,dz:daira:alger:dar-el-beida,served_by,true
16025,dz:daira:alger:dar-el-beida,served_by,true
16026,dz:daira:alger:el-harrach,served_by,true
16027,dz:daira:alger:baraki,served_by,true
16028,dz:daira:alger:bouzareah,served_by,true
16029,dz:daira:alger:bir-mourad-rais,served_by,true
16030,dz:daira:alger:bab-el-oued,served_by,true
16031,dz:daira:alger:dar-el-beida,served_by,true
16032,dz:daira:alger:bouzareah,served_by,true
16033,dz:daira:alger:dar-el-beida,served_by,true
16034,dz:daira:alger:bouzareah,served_by,true
16035,dz:daira:alger:sidi-m-hamed,served_by,true
16036,dz:daira:alger:rouiba,served_by,true
16037,dz:daira:alger:sidi-m-hamed,served_by,true
16038,dz:daira:alger:sidi-m-hamed,served_by,true
16039,dz:daira:alger:sidi-m-hamed,served_by,true
16040,dz:daira:alger:bouzareah,served_by,true
16041,dz:daira:alger:bab-el-oued,served_by,true
16042,dz:daira:alger:dar-el-beida,served_by,true
16043,dz:daira:alger:bouzareah,served_by,true
16044,dz:daira:alger:bouzareah,served_by,true
16045,dz:daira:alger:birtouta,served_by,true
16046,dz:daira:alger:dar-el-beida,served_by,true
16047,dz:daira:alger:cheraga,served_by,true
16048,dz:daira:alger:bir-mourad-rais,served_by,true
16049,dz:daira:alger:draria,served_by,true
16050,dz:daira:alger:draria,served_by,true
16051,dz:daira:alger:el-harrach,served_by,true
16052,dz:daira:alger:sidi-m-hamed,served_by,true
16053,dz:daira:alger:hussein-dey,served_by,true
16054,dz:daira:alger:el-harrach,served_by,true
16055,dz:daira:alger:hussein-dey,served_by,true
16056,dz:daira:alger:hussein-dey,served_by,true
16057,dz:daira:alger:baraki,served_by,true
16058,dz:daira:alger:dar-el-beida,served_by,true
16059,dz:daira:alger:el-harrach,served_by,true
16060,dz:daira:alger:bab-el-oued,served_by,true
16061,dz:daira:alger:baraki,served_by,true
16062,dz:daira:alger:zeralda,served_by,true
16063,dz:daira:alger:zeralda,served_by,true
16064,dz:daira:alger:bir-mourad-rais,served_by,true
16065,dz:daira:alger:bir-mourad-rais,served_by,true
16066,dz:daira:alger:sidi-m-hamed,served_by,true
16067,dz:daira:alger:sidi-m-hamed,served_by,true
16068,dz:daira:alger:bab-el-oued,served_by,true
16069,dz:daira:alger:hussein-dey,served_by,true
16070,dz:daira:alger:bab-el-oued,served_by,true
16072,dz:daira:alger:sidi-m-hamed,served_by,true
16074,dz:daira:alger:sidi-m-hamed,served_by,true
16075,dz:daira:alger:bir-mourad-rais,served_by,true
16076,dz:daira:alger:sidi-m-hamed,served_by,true
16077,dz:daira:alger:sidi-m-hamed,served_by,true
16078,dz:daira:alger:bir-mourad-rais,served_by,true
16079,dz:daira:alger:dar-el-beida,served_by,true
16081,dz:daira:alger:draria,served_by,true
16082,dz:daira:alger:cheraga,served_by,true
16083,dz:daira:alger:baraki,served_by,true
16084,dz:daira:alger:cheraga,served_by,true
16085,dz:daira:alger:cheraga,served_by,true
16086,dz:daira:alger:cheraga,served_by,true
16087,dz:daira:alger:dar-el-beida,served_by,true
16088,dz:daira:alger:el-harrach,served_by,true
16089,dz:daira:alger:bouzareah,served_by,true
16090,dz:daira:alger:el-harrach,served_by,true
16091,dz:daira:alger:draria,served_by,true
16092,dz:daira:alger:hussein-dey,served_by,true
16093,dz:daira:alger:zeralda,served_by,true
16094,dz:daira:alger:cheraga,served_by,true
16095,dz:daira:alger:bir-mourad-rais,served_by,true
16096,dz:daira:alger:zeralda,served_by,true
16097,dz:daira:alger:zeralda,served_by,true
16098,dz:daira:alger:zeralda,served_by,true
16099,dz:daira:alger:birtouta,served_by,true
16100,dz:daira:alger:bir-mourad-rais,served_by,true
16101,dz:daira:alger:cheraga,served_by,true
16103,dz:daira:alger:dar-el-beida,served_by,true
16104,dz:daira:alger:draria,served_by,true
16105,dz:daira:alger:bir-mourad-rais,served_by,true
16106,dz:daira:alger:draria,served_by,true
16107,dz:daira:alger:cheraga,served_by,true
16108,dz:daira:alger:rouiba,served_by,true
16109,dz:daira:alger:bouzareah,served_by,true
16110,dz:daira:alger:zeralda,served_by,true
16111,dz:daira:alger:bir-mourad-rais,served_by,true
16113,dz:daira:alger:cheraga,served_by,true
16114,dz:daira:alger:zeralda,served_by,true
16115,dz:daira:alger:dar-el-beida,served_by,true
16116,dz:daira:alger:rouiba,served_by,true
16117,dz:daira:alger:zeralda,served_by,true
16118,dz:daira:alger:birtouta,served_by,true
16119,dz:daira:alger:draria,served_by,true
16120,dz:daira:alger:cheraga,served_by,true
16121,dz:daira:alger:zeralda,served_by,true
16122,dz:daira:alger:draria,served_by,true
16123,dz:daira:alger:rouiba,served_by,true
16124,dz:daira:alger:draria,served_by,true
16125,dz:daira:alger:cheraga,served_by,true
16126,dz:daira:alger:zeralda,served_by,true
16128,dz:daira:alger:zeralda,served_by,true
16129,dz:daira:alger:dar-el-beida,served_by,true
16131,dz:daira:alger:bab-el-oued,served_by,true
16133,dz:daira:alger:zeralda,served_by,true
16134,dz:daira:alger:zeralda,served_by,true
16135,dz:daira:alger:dar-el-beida,served_by,true
16136,dz:daira:alger:hussein-dey,served_by,true
16137,dz:daira:alger:bouzareah,served_by,true
16138,dz:daira:alger:bouzareah,served_by,true
16139,dz:daira:alger:baraki,served_by,true
16140,dz:daira:alger:baraki,served_by,true
16141,dz:daira:alger:baraki,served_by,true
16142,dz:daira:alger:bir-mourad-rais,served_by,true
16143,dz:daira:alger:baraki,served_by,true
16144,dz:daira:alger:el-harrach,served_by,true
16145,dz:daira:alger:baraki,served_by,true
16146,dz:daira:alger:birtouta,served_by,true
16147,dz:daira:alger:hussein-dey,served_by,true
16148,dz:daira:alger:draria,served_by,true
16149,dz:daira:alger:zeralda,served_by,true
16150,dz:daira:alger:hussein-dey,served_by,true
16151,dz:daira:alger:hussein-dey,served_by,true
16153,dz:daira:alger:hussein-dey,served_by,true
16154,dz:daira:alger:dar-el-beida,served_by,true
16156,dz:daira:alger:bab-el-oued,served_by,true
16157,dz:daira:alger:bab-el-oued,served_by,true
16159,dz:daira:alger:bab-el-oued,served_by,true
16161,dz:daira:alger:hussein-dey,served_by,true
16162,dz:daira:alger:el-harrach,served_by,true
16163,dz:daira:alger:hussein-dey,served_by,true
16164,dz:daira:alger:dar-el-beida,served_by,true
16165,dz:daira:alger:dar-el-beida,served_by,true
16166,dz:daira:alger:dar-el-beida,served_by,true
16167,dz:daira:alger:el-harrach,served_by,true
16168,dz:daira:alger:dar-el-beida,served_by,true
16169,dz:daira:alger:hussein-dey,served_by,true
16171,dz:daira:alger:zeralda,served_by,true
16172,dz:daira:alger:sidi-m-hamed,served_by,true
16173,dz:daira:alger:bir-mourad-rais,served_by,true
16175,dz:daira:alger:cheraga,served_by,true
16179,dz:daira:alger:cheraga,served_by,true
16180,dz:daira:alger:bouzareah,served_by,true
16181,dz:daira:alger:draria,served_by,true
16182,dz:daira:alger:bab-el-oued,served_by,true
16184,dz:daira:alger:zeralda,served_by,true
16185,dz:daira:alger:cheraga,served_by,true
16186,dz:daira:alger:draria,served_by,true
16187,dz:daira:alger:dar-el-beida,served_by,true
16188,dz:daira:alger:bir-mourad-rais,served_by,true
16189,dz:daira:alger:baraki,served_by,true
16190,dz:daira:alger:bir-mourad-rais,served_by,true
16191,dz:daira:alger:bouzareah,served_by,true
16192,dz:daira:alger:draria,served_by,true
16193,dz:daira:alger:cheraga,served_by,true
16195,dz:daira:alger:dar-el-beida,served_by,true
16197,dz:daira:alger:sidi-m-hamed,served_by,true
16201,dz:daira:alger:zeralda,served_by,true
16202,dz:daira:alger:zeralda,served_by,true
16203,dz:daira:alger:bir-mourad-rais,served_by,true
16204,dz:daira:alger:el-harrach,served_by,true
16207,dz:daira:alger:dar-el-beida,served_by,true
16208,dz:daira:alger:cheraga,served_by,true
16209,dz:daira:alger:zeralda,served_by,true
16211,dz:daira:alger:dar-el-beida,served_by,true
16213,dz:daira:alger:sidi-m-hamed,served_by,true
16216,dz:daira:alger:sidi-m-hamed,served_by,true
16219,dz:daira:alger:draria,served_by,true
16220,dz:daira:alger:rouiba,served_by,true
16221,dz:daira:alger:rouiba,served_by,true
16222,dz:daira:alger:dar-el-beida,served_by,true
16223,dz:daira:alger:dar-el-beida,served_by,true
16224,dz:daira:alger:baraki,served_by,true
16225,dz:daira:alger:cheraga,served_by,true
16226,dz:daira:alger:birtouta,served_by,true
16227,dz:daira:alger:zeralda,served_by,true
16228,dz:daira:alger:dar-el-beida,served_by,true
16230,dz:daira:alger:birtouta,served_by,true
16233,dz:daira:alger:zeralda,served_by,true
16234,dz:daira:alger:bir-mourad-rais,served_by,true
16235,dz:daira:alger:sidi-m-hamed,served_by,true
16236,dz:daira:alger:birtouta,served_by,true
16237,dz:daira:alger:rouiba,served_by,true
16238,dz:daira:alger:baraki,served_by,true
16239,dz:daira:alger:baraki,served_by,true
16240,dz:daira:alger:baraki,served_by,true
16241,dz:daira:alger:sidi-m-hamed,served_by,true
16242,dz:daira:alger:bouzareah,served_by,true
16243,dz:daira:alger:bouzareah,served_by,true
16244,dz:daira:alger:hussein-dey,served_by,true
16245,dz:daira:alger:sidi-m-hamed,served_by,true
16250,dz:daira:alger:sidi-m-hamed,served_by,true
16253,dz:daira:alger:bouzareah,served_by,true
17000,dz:daira:djelfa:djelfa,served_by,true
17001,dz:daira:ain-ouessara:ain-ouessara,served_by,true
17002,dz:daira:djelfa:hassi-bahbah,served_by,true
17003,dz:daira:messaad:messaad,served_by,true
17004,dz:daira:ain-ouessara:ain-ouessara,served_by,true
17005,dz:daira:ain-ouessara:ain-ouessara,served_by,true
17006,dz:daira:djelfa:dar-chioukh,served_by,true
17007,dz:daira:djelfa:djelfa,served_by,true
17008,dz:daira:djelfa:djelfa,served_by,true
17010,dz:daira:djelfa:hassi-bahbah,served_by,true
17011,dz:daira:djelfa:ain-el-ibel,served_by,true
17012,dz:daira:ain-ouessara:ain-ouessara,served_by,true
17013,dz:daira:ain-ouessara:ain-ouessara,served_by,true
17014,dz:daira:ain-ouessara:birine,served_by,true
17015,dz:daira:djelfa:charef,served_by,true
17016,dz:daira:djelfa:djelfa,served_by,true
17017,dz:daira:djelfa:djelfa,served_by,true
17018,dz:daira:djelfa:djelfa,served_by,true
17019,dz:daira:djelfa:charef,served_by,true
17020,dz:daira:djelfa:el-idrissia,served_by,true
17021,dz:daira:messaad:messaad,served_by,true
17022,dz:daira:ain-ouessara:had-sahary,served_by,true
17023,dz:daira:djelfa:hassi-bahbah,served_by,true
17024,dz:daira:ain-ouessara:sidi-ladjel,served_by,true
17025,dz:daira:djelfa:hassi-bahbah,served_by,true
17026,dz:daira:djelfa:charef,served_by,true
17027,dz:daira:ain-ouessara:birine,served_by,true
17028,dz:daira:djelfa:djelfa,served_by,true
17029,dz:daira:djelfa:djelfa,served_by,true
17030,dz:daira:djelfa:el-idrissia,served_by,true
17031,dz:daira:djelfa:hassi-bahbah,served_by,true
17032,dz:daira:djelfa:hassi-bahbah,served_by,true
17033,dz:daira:messaad:messaad,served_by,true
17034,dz:daira:messaad:messaad,served_by,true
17035,dz:daira:messaad:messaad,served_by,true
17036,dz:daira:djelfa:dar-chioukh,served_by,true
17037,dz:daira:djelfa:ain-el-ibel,served_by,true
17038,dz:daira:djelfa:hassi-bahbah,served_by,true
17039,dz:daira:djelfa:el-idrissia,served_by,true
17040,dz:daira:ain-ouessara:sidi-ladjel,served_by,true
17041,dz:daira:djelfa:ain-el-ibel,served_by,true
17042,dz:daira:messaad:faidh-el-botma,served_by,true
17043,dz:daira:ain-ouessara:ain-ouessara,served_by,true
17044,dz:daira:ain-ouessara:had-sahary,served_by,true
17045,dz:daira:djelfa:hassi-bahbah,served_by,true
17046,dz:daira:messaad:messaad,served_by,true
17047,dz:daira:ain-ouessara:ain-ouessara,served_by,true
17048,dz:daira:messaad:messaad,served_by,true
17049,dz:daira:djelfa:charef,served_by,true
17050,dz:daira:djelfa:ain-el-ibel,served_by,true
17051,dz:daira:ain-ouessara:birine,served_by,true
17052,dz:daira:djelfa:dar-chioukh,served_by,true
17053,dz:daira:djelfa:dar-chioukh,served_by,true
17054,dz:daira:ain-ouessara:ain-ouessara,served_by,true
17055,dz:daira:messaad:messaad,served_by,true
17056,dz:daira:ain-ouessara:sidi-ladjel,served_by,true
17057,dz:daira:djelfa:dar-chioukh,served_by,true
17058,dz:daira:djelfa:ain-el-ibel,served_by,true
17059,dz:daira:djelfa:ain-el-ibel,served_by,true
17060,dz:daira:djelfa:charef,served_by,true
17061,dz:daira:messaad:messaad,served_by,true
17062,dz:daira:messaad:messaad,served_by,true
17063,dz:daira:messaad:messaad,served_by,true
17064,dz:daira:djelfa:dar-chioukh,served_by,true
17065,dz:daira:djelfa:ain-el-ibel,served_by,true
17066,dz:daira:messaad:messaad,served_by,true
17067,dz:daira:messaad:messaad,served_by,true
17068,dz:daira:djelfa:dar-chioukh,served_by,true
17069,dz:daira:messaad:faidh-el-botma,served_by,true
17070,dz:daira:messaad:messaad,served_by,true
17071,dz:daira:ain-ouessara:had-sahary,served_by,true
17072,dz:daira:djelfa:djelfa,served_by,true
17073,dz:daira:djelfa:djelfa,served_by,true
17074,dz:daira:ain-ouessara:ain-ouessara,served_by,true
17075,dz:daira:messaad:messaad,served_by,true
17076,dz:daira:djelfa:djelfa,served_by,true
17077,dz:daira:djelfa:djelfa,served_by,true
17078,dz:daira:djelfa:el-idrissia,served_by,true
17079,dz:daira:djelfa:djelfa,served_by,true
17080,dz:daira:djelfa:charef,served_by,true
17081,dz:daira:djelfa:ain-el-ibel,served_by,true
17082,dz:daira:djelfa:ain-el-ibel,served_by,true
17083,dz:daira:messaad:messaad,served_by,true
17086,dz:daira:djelfa:djelfa,served_by,true
17087,dz:daira:djelfa:dar-chioukh,served_by,true
17088,dz:daira:djelfa:djelfa,served_by,true
17089,dz:daira:djelfa:djelfa,served_by,true
17090,dz:daira:djelfa:ain-el-ibel,served_by,true
18000,dz:daira:jijel:jijel,served_by,true
18001,dz:daira:jijel:el-milia,served_by,true
18002,dz:daira:jijel:taher,served_by,true
18003,dz:daira:jijel:chekfa,served_by,true
18004,dz:daira:jijel:el-ancer,served_by,true
18005,dz:daira:jijel:el-aouana,served_by,true
18006,dz:daira:jijel:texenna,served_by,true
18007,dz:daira:jijel:ziama-mansouriah,served_by,true
18008,dz:daira:jijel:el-ancer,served_by,true
18009,dz:daira:jijel:el-milia,served_by,true
18010,dz:daira:jijel:taher,served_by,true
18011,dz:daira:jijel:jijel,served_by,true
18012,dz:daira:jijel:jijel,served_by,true
18013,dz:daira:jijel:jijel,served_by,true
18014,dz:daira:jijel:jijel,served_by,true
18015,dz:daira:jijel:texenna,served_by,true
18016,dz:daira:jijel:settara,served_by,true
18017,dz:daira:jijel:chekfa,served_by,true
18018,dz:daira:jijel:sidi-maarouf,served_by,true
18019,dz:daira:jijel:taher,served_by,true
18020,dz:daira:jijel:taher,served_by,true
18021,dz:daira:jijel:el-milia,served_by,true
18022,dz:daira:jijel:taher,served_by,true
18023,dz:daira:jijel:el-ancer,served_by,true
18024,dz:daira:jijel:el-ancer,served_by,true
18025,dz:daira:jijel:djimla,served_by,true
18026,dz:daira:jijel:settara,served_by,true
18027,dz:daira:jijel:taher,served_by,true
18028,dz:daira:jijel:taher,served_by,true
18029,dz:daira:jijel:el-ancer,served_by,true
18030,dz:daira:jijel:chekfa,served_by,true
18031,dz:daira:jijel:djimla,served_by,true
18032,dz:daira:jijel:ziama-mansouriah,served_by,true
18033,dz:daira:jijel:jijel,served_by,true
18034,dz:daira:jijel:jijel,served_by,true
18035,dz:daira:jijel:el-ancer,served_by,true
18036,dz:daira:jijel:taher,served_by,true
18037,dz:daira:jijel:chekfa,served_by,true
18038,dz:daira:jijel:taher,served_by,true
18039,dz:daira:jijel:el-aouana,served_by,true
18040,dz:daira:jijel:el-aouana,served_by,true
18041,dz:daira:jijel:chekfa,served_by,true
18043,dz:daira:jijel:texenna,served_by,true
18045,dz:daira:jijel:settara,served_by,true
18046,dz:daira:jijel:sidi-maarouf,served_by,true
18047,dz:daira:jijel:taher,served_by,true
18048,dz:daira:jijel:jijel,served_by,true
18049,dz:daira:jijel:el-aouana,served_by,true
18050,dz:daira:jijel:ziama-mansouriah,served_by,true
18051,dz:daira:jijel:sidi-maarouf,served_by,true
18053,dz:daira:jijel:taher,served_by,true
18054,dz:daira:jijel:texenna,served_by,true
18055,dz:daira:jijel:jijel,served_by,true
18056,dz:daira:jijel:jijel,served_by,true
18057,dz:daira:jijel:el-milia,served_by,true
18058,dz:daira:jijel:chekfa,served_by,true
18059,dz:daira:jijel:el-milia,served_by,true
18060,dz:daira:jijel:el-ancer,served_by,true
19000,dz:daira:setif:setif,served_by,true
19001,dz:daira:setif:el-eulma,served_by,true
19002,dz:daira:setif:ain-oulmene,served_by,true
19003,dz:daira:setif:bougaa,served_by,true
19004,dz:daira:setif:el-eulma,served_by,true
19005,dz:daira:setif:el-eulma,served_by,true
19006,dz:daira:setif:setif,served_by,true
19007,dz:daira:setif:ain-azel,served_by,true
19008,dz:daira:setif:ain-el-kebira,served_by,true
19009,dz:daira:setif:amoucha,served_by,true
19010,dz:daira:setif:beni-aziz,served_by,true
19011,dz:daira:setif:beni-ourtilane,served_by,true
19012,dz:daira:setif:bouandas,served_by,true
19013,dz:daira:setif:salah-bey,served_by,true
19014,dz:daira:setif:setif,served_by,true
19015,dz:daira:setif:salah-bey,served_by,true
19016,dz:daira:setif:ain-arnat,served_by,true
19017,dz:daira:setif:ain-arnat,served_by,true
19018,dz:daira:setif:ain-azel,served_by,true
19019,dz:daira:setif:bougaa,served_by,true
19020,dz:daira:setif:babor,served_by,true
19021,dz:daira:setif:ain-azel,served_by,true
19022,dz:daira:setif:bir-el-arch,served_by,true
19023,dz:daira:setif:djemila,served_by,true
19024,dz:daira:setif:bir-el-arch,served_by,true
19025,dz:daira:setif:djemila,served_by,true
19026,dz:daira:setif:guenzet,served_by,true
19027,dz:daira:setif:guidjel,served_by,true
19028,dz:daira:setif:maoklane,served_by,true
19029,dz:daira:setif:hammam-guergour,served_by,true
19030,dz:daira:setif:salah-bey,served_by,true
19031,dz:daira:setif:beni-ourtilane,served_by,true
19032,dz:daira:setif:guenzet,served_by,true
19033,dz:daira:setif:beni-aziz,served_by,true
19034,dz:daira:setif:setif,served_by,true
19035,dz:daira:setif:beni-ourtilane,served_by,true
19036,dz:daira:setif:el-eulma,served_by,true
19037,dz:daira:setif:bougaa,served_by,true
19038,dz:daira:setif:beni-ourtilane,served_by,true
19039,dz:daira:setif:ain-azel,served_by,true
19040,dz:daira:setif:guidjel,served_by,true
19041,dz:daira:setif:ain-el-kebira,served_by,true
19042,dz:daira:setif:ain-oulmene,served_by,true
19043,dz:daira:setif:bougaa,served_by,true
19044,dz:daira:setif:ain-arnat,served_by,true
19045,dz:daira:setif:el-eulma,served_by,true
19046,dz:daira:setif:bir-el-arch,served_by,true
19047,dz:daira:setif:ain-arnat,served_by,true
19048,dz:daira:setif:setif,served_by,true
19049,dz:daira:setif:el-eulma,served_by,true
19050,dz:daira:setif:ain-oulmene,served_by,true
19051,dz:daira:setif:hammam-guergour,served_by,true
19052,dz:daira:setif:bouandas,served_by,true
19053,dz:daira:setif:ain-el-kebira,served_by,true
19054,dz:daira:setif:ain-oulmene,served_by,true
19055,dz:daira:setif:beni-aziz,served_by,true
19056,dz:daira:setif:ain-arnat,served_by,true
19057,dz:daira:setif:hammam-guergour,served_by,true
19058,dz:daira:setif:ain-el-kebira,served_by,true
19059,dz:daira:setif:hammam-soukhna,served_by,true
19060,dz:daira:setif:salah-bey,served_by,true
19061,dz:daira:setif:salah-bey,served_by,true
19062,dz:daira:setif:setif,served_by,true
19063,dz:daira:setif:setif,served_by,true
19064,dz:daira:setif:setif,served_by,true
19065,dz:daira:setif:setif,served_by,true
19066,dz:daira:setif:hammam-soukhna,served_by,true
19067,dz:daira:setif:hammam-soukhna,served_by,true
19068,dz:daira:setif:amoucha,served_by,true
19069,dz:daira:setif:maoklane,served_by,true
19070,dz:daira:setif:bouandas,served_by,true
19071,dz:daira:setif:salah-bey,served_by,true
19072,dz:daira:setif:maoklane,served_by,true
19073,dz:daira:setif:ain-arnat,served_by,true
19074,dz:daira:setif:ain-azel,served_by,true
19075,dz:daira:setif:setif,served_by,true
19076,dz:daira:setif:bouandas,served_by,true
19077,dz:daira:setif:bouandas,served_by,true
19078,dz:daira:setif:beni-aziz,served_by,true
19079,dz:daira:setif:ain-arnat,served_by,true
19080,dz:daira:setif:guidjel,served_by,true
19081,dz:daira:setif:beni-ourtilane,served_by,true
19082,dz:daira:setif:beni-ourtilane,served_by,true
19083,dz:daira:setif:beni-ourtilane,served_by,true
19084,dz:daira:setif:beni-ourtilane,served_by,true
19085,dz:daira:setif:bouandas,served_by,true
19086,dz:daira:setif:babor,served_by,true
19087,dz:daira:setif:hammam-soukhna,served_by,true
19088,dz:daira:setif:amoucha,served_by,true
19089,dz:daira:setif:salah-bey,served_by,true
19090,dz:daira:setif:hammam-guergour,served_by,true
19091,dz:daira:setif:ain-arnat,served_by,true
19092,dz:daira:setif:salah-bey,served_by,true
19093,dz:daira:setif:ain-arnat,served_by,true
19094,dz:daira:setif:babor,served_by,true
19095,dz:daira:setif:setif,served_by,true
19096,dz:daira:setif:guenzet,served_by,true
19097,dz:daira:setif:el-eulma,served_by,true
19099,dz:daira:setif:ain-arnat,served_by,true
19100,dz:daira:setif:ain-arnat,served_by,true
19101,dz:daira:setif:djemila,served_by,true
19102,dz:daira:setif:ain-arnat,served_by,true
19103,dz:daira:setif:beni-ourtilane,served_by,true
19104,dz:daira:setif:ain-oulmene,served_by,true
19105,dz:daira:setif:beni-ourtilane,served_by,true
19106,dz:daira:setif:salah-bey,served_by,true
19107,dz:daira:setif:ain-arnat,served_by,true
19108,dz:daira:setif:guenzet,served_by,true
19109,dz:daira:setif:amoucha,served_by,true
19110,dz:daira:setif:salah-bey,served_by,true
19111,dz:daira:setif:ain-arnat,served_by,true
19113,dz:daira:setif:ain-oulmene,served_by,true
19114,dz:daira:setif:ain-azel,served_by,true
19115,dz:daira:setif:amoucha,served_by,true
19116,dz:daira:setif:djemila,served_by,true
19117,dz:daira:setif:hammam-guergour,served_by,true
19118,dz:daira:setif:ain-el-kebira,served_by,true
19119,dz:daira:setif:ain-oulmene,served_by,true
19120,dz:daira:setif:guidjel,served_by,true
19121,dz:daira:setif:ain-oulmene,served_by,true
19122,dz:daira:setif:el-eulma,served_by,true
19123,dz:daira:setif:el-eulma,served_by,true
19124,dz:daira:setif:bouandas,served_by,true
19125,dz:daira:setif:bir-el-arch,served_by,true
19127,dz:daira:setif:ain-azel,served_by,true
19128,dz:daira:setif:djemila,served_by,true
19129,dz:daira:setif:ain-oulmene,served_by,true
19130,dz:daira:setif:beni-aziz,served_by,true
19131,dz:daira:setif:setif,served_by,true
19132,dz:daira:setif:ain-azel,served_by,true
19133,dz:daira:setif:el-eulma,served_by,true
19134,dz:daira:setif:setif,served_by,true
19135,dz:daira:setif:el-eulma,served_by,true
19137,dz:daira:setif:setif,served_by,true
19138,dz:daira:setif:setif,served_by,true
19139,dz:daira:setif:ain-el-kebira,served_by,true
19140,dz:daira:setif:setif,served_by,true
19141,dz:daira:setif:ain-azel,served_by,true
19143,dz:daira:setif:guidjel,served_by,true
19144,dz:daira:setif:ain-arnat,served_by,true
19145,dz:daira:setif:setif,served_by,true
19146,dz:daira:setif:setif,served_by,true
19147,dz:daira:setif:amoucha,served_by,true
19148,dz:daira:setif:setif,served_by,true
19149,dz:daira:setif:salah-bey,served_by,true
20000,dz:daira:saida:saida,served_by,true
20001,dz:daira:saida:ain-el-hadjar,served_by,true
20002,dz:daira:saida:ouled-brahim,served_by,true
20003,dz:daira:saida:el-hassasna,served_by,true
20004,dz:daira:saida:sidi-boubekeur,served_by,true
20005,dz:daira:saida:saida,served_by,true
20006,dz:daira:saida:saida,served_by,true
20007,dz:daira:saida:sidi-boubekeur,served_by,true
20008,dz:daira:saida:youb,served_by,true
20009,dz:daira:saida:el-hassasna,served_by,true
20010,dz:daira:saida:saida,served_by,true
20011,dz:daira:saida:sidi-boubekeur,served_by,true
20012,dz:daira:saida:ain-el-hadjar,served_by,true
20013,dz:daira:saida:el-hassasna,served_by,true
20014,dz:daira:saida:ain-el-hadjar,served_by,true
20015,dz:daira:saida:saida,served_by,true
20016,dz:daira:saida:saida,served_by,true
20017,dz:daira:saida:saida,served_by,true
20018,dz:daira:saida:saida,served_by,true
20019,dz:daira:saida:sidi-boubekeur,served_by,true
20020,dz:daira:saida:sidi-boubekeur,served_by,true
20021,dz:daira:saida:sidi-boubekeur,served_by,true
20022,dz:daira:saida:el-hassasna,served_by,true
20023,dz:daira:saida:youb,served_by,true
20024,dz:daira:saida:youb,served_by,true
20025,dz:daira:saida:sidi-boubekeur,served_by,true
20026,dz:daira:saida:youb,served_by,true
20027,dz:daira:saida:ouled-brahim,served_by,true
20028,dz:daira:saida:sidi-boubekeur,served_by,true
20029,dz:daira:saida:ouled-brahim,served_by,true
20030,dz:daira:saida:sidi-boubekeur,served_by,true
20031,dz:daira:saida:youb,served_by,true
20032,dz:daira:saida:ain-el-hadjar,served_by,true
20033,dz:daira:saida:ain-el-hadjar,served_by,true
20034,dz:daira:saida:el-hassasna,served_by,true
20035,dz:daira:saida:ouled-brahim,served_by,true
20036,dz:daira:saida:ouled-brahim,served_by,true
20037,dz:daira:saida:youb,served_by,true
20038,dz:daira:saida:el-hassasna,served_by,true
20039,dz:daira:saida:ain-el-hadjar,served_by,true
20040,dz:daira:saida:sidi-boubekeur,served_by,true
20041,dz:daira:saida:ain-el-hadjar,served_by,true
20042,dz:daira:saida:saida,served_by,true
20043,dz:daira:saida:saida,served_by,true
20044,dz:daira:saida:saida,served_by,true
20045,dz:daira:saida:youb,served_by,true
20046,dz:daira:saida:ain-el-hadjar,served_by,true
20047,dz:daira:saida:ain-el-hadjar,served_by,true
20048,dz:daira:saida:ain-el-hadjar,served_by,true
20049,dz:daira:saida:sidi-boubekeur,served_by,true
20050,dz:daira:saida:saida,served_by,true
20051,dz:daira:saida:ouled-brahim,served_by,true
20052,dz:daira:saida:ain-el-hadjar,served_by,true
20053,dz:daira:saida:ouled-brahim,served_by,true
20054,dz:daira:saida:saida,served_by,true
21000,dz:daira:skikda:skikda,served_by,true
21001,dz:daira:skikda:azzaba,served_by,true
21002,dz:daira:skikda:collo,served_by,true
21003,dz:daira:skikda:el-harrouch,served_by,true
21004,dz:daira:skikda:ramdane-djamel,served_by,true
21005,dz:daira:skikda:tamalous,served_by,true
21006,dz:daira:skikda:azzaba,served_by,true
21007,dz:daira:skikda:ain-kechra,served_by,true
21008,dz:daira:skikda:azzaba,served_by,true
21009,dz:daira:skikda:ben-azzouz,served_by,true
21010,dz:daira:skikda:ben-azzouz,served_by,true
21011,dz:daira:skikda:sidi-mezghiche,served_by,true
21012,dz:daira:skikda:ouled-attia,served_by,true
21013,dz:daira:skikda:collo,served_by,true
21014,dz:daira:skikda:el-harrouch,served_by,true
21015,dz:daira:skikda:el-hadaiek,served_by,true
21016,dz:daira:skikda:collo,served_by,true
21017,dz:daira:skikda:el-harrouch,served_by,true
21018,dz:daira:skikda:azzaba,served_by,true
21019,dz:daira:skikda:tamalous,served_by,true
21020,dz:daira:skikda:oum-toub,served_by,true
21021,dz:daira:skikda:ramdane-djamel,served_by,true
21022,dz:daira:skikda:el-harrouch,served_by,true
21023,dz:daira:skikda:sidi-mezghiche,served_by,true
21024,dz:daira:skikda:skikda,served_by,true
21025,dz:daira:skikda:skikda,served_by,true
21026,dz:daira:skikda:skikda,served_by,true
21027,dz:daira:skikda:skikda,served_by,true
21028,dz:daira:skikda:zitouna,served_by,true
21029,dz:daira:skikda:tamalous,served_by,true
21030,dz:daira:skikda:collo,served_by,true
21031,dz:daira:skikda:sidi-mezghiche,served_by,true
21032,dz:daira:skikda:azzaba,served_by,true
21033,dz:daira:skikda:ramdane-djamel,served_by,true
21034,dz:daira:skikda:ain-kechra,served_by,true
21035,dz:daira:skikda:ben-azzouz,served_by,true
21036,dz:daira:skikda:collo,served_by,true
21037,dz:daira:skikda:azzaba,served_by,true
21038,dz:daira:skikda:skikda,served_by,true
21039,dz:daira:skikda:skikda,served_by,true
21040,dz:daira:skikda:ouled-attia,served_by,true
21041,dz:daira:skikda:azzaba,served_by,true
21042,dz:daira:skikda:skikda,served_by,true
21043,dz:daira:skikda:el-harrouch,served_by,true
21044,dz:daira:skikda:el-harrouch,served_by,true
21045,dz:daira:skikda:skikda,served_by,true
21046,dz:daira:skikda:skikda,served_by,true
21047,dz:daira:skikda:el-harrouch,served_by,true
21048,dz:daira:skikda:tamalous,served_by,true
21049,dz:daira:skikda:ben-azzouz,served_by,true
21050,dz:daira:skikda:tamalous,served_by,true
21051,dz:daira:skikda:el-hadaiek,served_by,true
21052,dz:daira:skikda:tamalous,served_by,true
21053,dz:daira:skikda:el-hadaiek,served_by,true
21054,dz:daira:skikda:el-harrouch,served_by,true
21055,dz:daira:skikda:tamalous,served_by,true
21056,dz:daira:skikda:el-harrouch,served_by,true
21057,dz:daira:skikda:azzaba,served_by,true
21058,dz:daira:skikda:ben-azzouz,served_by,true
21059,dz:daira:skikda:ain-kechra,served_by,true
21060,dz:daira:skikda:azzaba,served_by,true
21061,dz:daira:skikda:ain-kechra,served_by,true
21062,dz:daira:skikda:zitouna,served_by,true
21063,dz:daira:skikda:ouled-attia,served_by,true
21064,dz:daira:skikda:ben-azzouz,served_by,true
21065,dz:daira:skikda:ben-azzouz,served_by,true
21066,dz:daira:skikda:azzaba,served_by,true
21067,dz:daira:skikda:azzaba,served_by,true
21068,dz:daira:skikda:skikda,served_by,true
21069,dz:daira:skikda:el-harrouch,served_by,true
21070,dz:daira:skikda:ouled-attia,served_by,true
21071,dz:daira:skikda:collo,served_by,true
21072,dz:daira:skikda:azzaba,served_by,true
21073,dz:daira:skikda:collo,served_by,true
21074,dz:daira:skikda:tamalous,served_by,true
21075,dz:daira:skikda:el-harrouch,served_by,true
21076,dz:daira:skikda:skikda,served_by,true
21077,dz:daira:skikda:sidi-mezghiche,served_by,true
21078,dz:daira:skikda:skikda,served_by,true
21079,dz:daira:skikda:oum-toub,served_by,true
21080,dz:daira:skikda:ben-azzouz,served_by,true
21081,dz:daira:skikda:tamalous,served_by,true
21082,dz:daira:skikda:skikda,served_by,true
21083,dz:daira:skikda:tamalous,served_by,true
21084,dz:daira:skikda:collo,served_by,true
21085,dz:daira:skikda:ouled-attia,served_by,true
21086,dz:daira:skikda:skikda,served_by,true
22000,dz:daira:sidi-bel-abbes:sidi-bel-abbes,served_by,true
22001,dz:daira:sidi-bel-abbes:sfisef,served_by,true
22002,dz:daira:sidi-bel-abbes:sidi-bel-abbes,served_by,true
22003,dz:daira:sidi-bel-abbes:sidi-bel-abbes,served_by,true
22004,dz:daira:sidi-bel-abbes:ben-badis,served_by,true
22005,dz:daira:sidi-bel-abbes:ras-el-ma,served_by,true
22006,dz:daira:sidi-bel-abbes:sidi-bel-abbes,served_by,true
22007,dz:daira:sidi-bel-abbes:telagh,served_by,true
22008,dz:daira:sidi-bel-abbes:sidi-ali-benyoub,served_by,true
22009,dz:daira:sidi-bel-abbes:telagh,served_by,true
22010,dz:daira:sidi-bel-abbes:ben-badis,served_by,true
22011,dz:daira:sidi-bel-abbes:marhoum,served_by,true
22012,dz:daira:sidi-bel-abbes:merine,served_by,true
22013,dz:daira:sidi-bel-abbes:mostefa-ben-brahim,served_by,true
22014,dz:daira:sidi-bel-abbes:sidi-ali-boussidi,served_by,true
22015,dz:daira:sidi-bel-abbes:sidi-bel-abbes,served_by,true
22016,dz:daira:sidi-bel-abbes:sidi-bel-abbes,served_by,true
22017,dz:daira:sidi-bel-abbes:sidi-bel-abbes,served_by,true
22018,dz:daira:sidi-bel-abbes:sidi-bel-abbes,served_by,true
22019,dz:daira:sidi-bel-abbes:ain-el-berd,served_by,true
22020,dz:daira:sidi-bel-abbes:sidi-lahcene,served_by,true
22021,dz:daira:sidi-bel-abbes:tenira,served_by,true
22022,dz:daira:sidi-bel-abbes:ain-el-berd,served_by,true
22023,dz:daira:sidi-bel-abbes:mostefa-ben-brahim,served_by,true
22024,dz:daira:sidi-bel-abbes:sidi-ali-boussidi,served_by,true
22025,dz:daira:sidi-bel-abbes:telagh,served_by,true
22026,dz:daira:sidi-bel-abbes:moulay-slissen,served_by,true
22027,dz:daira:sidi-bel-abbes:sfisef,served_by,true
22028,dz:daira:sidi-bel-abbes:sidi-ali-benyoub,served_by,true
22029,dz:daira:sidi-bel-abbes:ain-el-berd,served_by,true
22030,dz:daira:sidi-bel-abbes:sidi-bel-abbes,served_by,true
22031,dz:daira:sidi-bel-abbes:sidi-lahcene,served_by,true
22032,dz:daira:sidi-bel-abbes:sidi-ali-benyoub,served_by,true
22033,dz:daira:sidi-bel-abbes:tessala,served_by,true
22034,dz:daira:sidi-bel-abbes:sfisef,served_by,true
22035,dz:daira:sidi-bel-abbes:sidi-ali-boussidi,served_by,true
22036,dz:daira:sidi-bel-abbes:moulay-slissen,served_by,true
22037,dz:daira:sidi-bel-abbes:tessala,served_by,true
22038,dz:daira:sidi-bel-abbes:ben-badis,served_by,true
22039,dz:daira:sidi-bel-abbes:ben-badis,served_by,true
22040,dz:daira:sidi-bel-abbes:tenira,served_by,true
22041,dz:daira:sidi-bel-abbes:marhoum,served_by,true
22042,dz:daira:sidi-bel-abbes:tenira,served_by,true
22043,dz:daira:sidi-bel-abbes:sfisef,served_by,true
22044,dz:daira:sidi-bel-abbes:mostefa-ben-brahim,served_by,true
22045,dz:daira:sidi-bel-abbes:ben-badis,served_by,true
22046,dz:daira:sidi-bel-abbes:ain-el-berd,served_by,true
22047,dz:daira:sidi-bel-abbes:moulay-slissen,served_by,true
22048,dz:daira:sidi-bel-abbes:ben-badis,served_by,true
22049,dz:daira:sidi-bel-abbes:tenira,served_by,true
22050,dz:daira:sidi-bel-abbes:sidi-ali-benyoub,served_by,true
22051,dz:daira:sidi-bel-abbes:ain-el-berd,served_by,true
22052,dz:daira:sidi-bel-abbes:sfisef,served_by,true
22053,dz:daira:sidi-bel-abbes:sfisef,served_by,true
22054,dz:daira:sidi-bel-abbes:ras-el-ma,served_by,true
22055,dz:daira:sidi-bel-abbes:tenira,served_by,true
22056,dz:daira:sidi-bel-abbes:merine,served_by,true
22057,dz:daira:sidi-bel-abbes:ain-el-berd,served_by,true
22058,dz:daira:sidi-bel-abbes:ras-el-ma,served_by,true
22059,dz:daira:sidi-bel-abbes:ben-badis,served_by,true
22060,dz:daira:sidi-bel-abbes:tessala,served_by,true
22061,dz:daira:sidi-bel-abbes:marhoum,served_by,true
22062,dz:daira:sidi-bel-abbes:sidi-ali-boussidi,served_by,true
22063,dz:daira:sidi-bel-abbes:sidi-lahcene,served_by,true
22064,dz:daira:sidi-bel-abbes:merine,served_by,true
22065,dz:daira:sidi-bel-abbes:merine,served_by,true
22066,dz:daira:sidi-bel-abbes:telagh,served_by,true
22067,dz:daira:sidi-bel-abbes:telagh,served_by,true
22068,dz:daira:sidi-bel-abbes:mostefa-ben-brahim,served_by,true
22069,dz:daira:sidi-bel-abbes:ras-el-ma,served_by,true
22070,dz:daira:sidi-bel-abbes:moulay-slissen,served_by,true
22071,dz:daira:sidi-bel-abbes:sidi-bel-abbes,served_by,true
22072,dz:daira:sidi-bel-abbes:sidi-bel-abbes,served_by,true
22073,dz:daira:sidi-bel-abbes:telagh,served_by,true
22074,dz:daira:sidi-bel-abbes:sidi-lahcene,served_by,true
22076,dz:daira:sidi-bel-abbes:sidi-bel-abbes,served_by,true
22077,dz:daira:sidi-bel-abbes:sidi-bel-abbes,served_by,true
22078,dz:daira:sidi-bel-abbes:tenira,served_by,true
22079,dz:daira:sidi-bel-abbes:sidi-bel-abbes,served_by,true
22080,dz:daira:sidi-bel-abbes:sidi-bel-abbes,served_by,true
22082,dz:daira:sidi-bel-abbes:sidi-ali-benyoub,served_by,true
22083,dz:daira:sidi-bel-abbes:tenira,served_by,true
22084,dz:daira:sidi-bel-abbes:sidi-bel-abbes,served_by,true
22085,dz:daira:sidi-bel-abbes:sfisef,served_by,true
22086,dz:daira:sidi-bel-abbes:sidi-bel-abbes,served_by,true
22087,dz:daira:sidi-bel-abbes:sidi-lahcene,served_by,true
22088,dz:daira:sidi-bel-abbes:sidi-bel-abbes,served_by,true
22089,dz:daira:sidi-bel-abbes:ras-el-ma,served_by,true
22090,dz:daira:sidi-bel-abbes:ain-el-berd,served_by,true
22091,dz:daira:sidi-bel-abbes:sidi-ali-benyoub,served_by,true
22092,dz:daira:sidi-bel-abbes:merine,served_by,true
22093,dz:daira:sidi-bel-abbes:sidi-bel-abbes,served_by,true
22094,dz:daira:sidi-bel-abbes:sidi-lahcene,served_by,true
22095,dz:daira:sidi-bel-abbes:telagh,served_by,true
23000,dz:daira:annaba:annaba,served_by,true
23001,dz:daira:annaba:annaba,served_by,true
23002,dz:daira:annaba:annaba,served_by,true
23003,dz:daira:annaba:annaba,served_by,true
23004,dz:daira:annaba:el-hadjar,served_by,true
23005,dz:daira:annaba:el-hadjar,served_by,true
23006,dz:daira:annaba:ain-berda,served_by,true
23007,dz:daira:annaba:annaba,served_by,true
23008,dz:daira:annaba:annaba,served_by,true
23009,dz:daira:annaba:berrahal,served_by,true
23010,dz:daira:annaba:el-bouni,served_by,true
23011,dz:daira:annaba:annaba,served_by,true
23012,dz:daira:annaba:annaba,served_by,true
23013,dz:daira:annaba:el-bouni,served_by,true
23014,dz:daira:annaba:chetaibi,served_by,true
23015,dz:daira:annaba:annaba,served_by,true
23016,dz:daira:annaba:el-bouni,served_by,true
23017,dz:daira:annaba:annaba,served_by,true
23018,dz:daira:annaba:ain-berda,served_by,true
23019,dz:daira:annaba:el-hadjar,served_by,true
23020,dz:daira:annaba:ain-berda,served_by,true
23021,dz:daira:annaba:berrahal,served_by,true
23022,dz:daira:annaba:berrahal,served_by,true
23024,dz:daira:annaba:berrahal,served_by,true
23025,dz:daira:annaba:ain-berda,served_by,true
23026,dz:daira:annaba:el-bouni,served_by,true
23027,dz:daira:annaba:annaba,served_by,true
23028,dz:daira:annaba:el-hadjar,served_by,true
23029,dz:daira:annaba:berrahal,served_by,true
23030,dz:daira:annaba:chetaibi,served_by,true
23031,dz:daira:annaba:ain-berda,served_by,true
23032,dz:daira:annaba:el-hadjar,served_by,true
23033,dz:daira:annaba:berrahal,served_by,true
23034,dz:daira:annaba:el-hadjar,served_by,true
23035,dz:daira:annaba:el-bouni,served_by,true
23036,dz:daira:annaba:ain-berda,served_by,true
23037,dz:daira:annaba:el-hadjar,served_by,true
23038,dz:daira:annaba:el-bouni,served_by,true
23039,dz:daira:annaba:el-bouni,served_by,true
23040,dz:daira:annaba:ain-berda,served_by,true
23041,dz:daira:annaba:ain-berda,served_by,true
23042,dz:daira:annaba:el-hadjar,served_by,true
23043,dz:daira:annaba:el-bouni,served_by,true
23044,dz:daira:annaba:berrahal,served_by,true
23045,dz:daira:annaba:ain-berda,served_by,true
23046,dz:daira:annaba:berrahal,served_by,true
23047,dz:daira:annaba:chetaibi,served_by,true
23048,dz:daira:annaba:annaba,served_by,true
23049,dz:daira:annaba:el-bouni,served_by,true
23050,dz:daira:annaba:annaba,served_by,true
23051,dz:daira:annaba:el-bouni,served_by,true
23052,dz:daira:annaba:el-hadjar,served_by,true
23053,dz:daira:annaba:annaba,served_by,true
23054,dz:daira:annaba:annaba,served_by,true
23055,dz:daira:annaba:el-bouni,served_by,true
23056,dz:daira:annaba:ain-berda,served_by,true
23057,dz:daira:annaba:annaba,served_by,true
23058,dz:daira:annaba:el-hadjar,served_by,true
23059,dz:daira:annaba:annaba,served_by,true
23060,dz:daira:annaba:el-bouni,served_by,true
23061,dz:daira:annaba:el-bouni,served_by,true
23062,dz:daira:annaba:berrahal,served_by,true
24000,dz:daira:guelma:guelma,served_by,true
24001,dz:daira:guelma:oued-zenati,served_by,true
24002,dz:daira:guelma:bouchegouf,served_by,true
24003,dz:daira:guelma:guelma,served_by,true
24004,dz:daira:guelma:guelma,served_by,true
24005,dz:daira:guelma:guelma,served_by,true
24006,dz:daira:guelma:guelma,served_by,true
24007,dz:daira:guelma:hammam-debagh,served_by,true
24008,dz:daira:guelma:heliopolis,served_by,true
24009,dz:daira:guelma:oued-zenati,served_by,true
24010,dz:daira:guelma:ain-makhlouf,served_by,true
24011,dz:daira:guelma:bouchegouf,served_by,true
24012,dz:daira:guelma:houari-boumediene,served_by,true
24013,dz:daira:guelma:ain-makhlouf,served_by,true
24014,dz:daira:guelma:ain-makhlouf,served_by,true
24015,dz:daira:guelma:guelma,served_by,true
24016,dz:daira:guelma:khezarra,served_by,true
24017,dz:daira:guelma:hammam-n-bails,served_by,true
24018,dz:daira:guelma:heliopolis,served_by,true
24019,dz:daira:guelma:heliopolis,served_by,true
24020,dz:daira:guelma:guelaat-bou-sbaa,served_by,true
24021,dz:daira:guelma:guelma,served_by,true
24022,dz:daira:guelma:guelma,served_by,true
24023,dz:daira:guelma:guelma,served_by,true
24024,dz:daira:guelma:hammam-n-bails,served_by,true
24025,dz:daira:guelma:houari-boumediene,served_by,true
24026,dz:daira:guelma:guelaat-bou-sbaa,served_by,true
24027,dz:daira:guelma:khezarra,served_by,true
24028,dz:daira:guelma:hammam-debagh,served_by,true
24029,dz:daira:guelma:khezarra,served_by,true
24030,dz:daira:guelma:ain-makhlouf,served_by,true
24031,dz:daira:guelma:hammam-debagh,served_by,true
24032,dz:daira:guelma:ain-makhlouf,served_by,true
24033,dz:daira:guelma:oued-zenati,served_by,true
24034,dz:daira:guelma:guelma,served_by,true
24035,dz:daira:guelma:bouchegouf,served_by,true
24036,dz:daira:guelma:guelma,served_by,true
24037,dz:daira:guelma:guelaat-bou-sbaa,served_by,true
24038,dz:daira:guelma:hammam-debagh,served_by,true
24039,dz:daira:guelma:oued-zenati,served_by,true
24040,dz:daira:guelma:guelma,served_by,true
24041,dz:daira:guelma:houari-boumediene,served_by,true
24042,dz:daira:guelma:heliopolis,served_by,true
24043,dz:daira:guelma:bouchegouf,served_by,true
24044,dz:daira:guelma:hammam-debagh,served_by,true
24045,dz:daira:guelma:houari-boumediene,served_by,true
24046,dz:daira:guelma:bouchegouf,served_by,true
24047,dz:daira:guelma:hammam-debagh,served_by,true
24048,dz:daira:guelma:guelma,served_by,true
24049,dz:daira:guelma:oued-zenati,served_by,true
24050,dz:daira:guelma:hammam-debagh,served_by,true
24051,dz:daira:guelma:hammam-debagh,served_by,true
24052,dz:daira:guelma:houari-boumediene,served_by,true
24053,dz:daira:guelma:ain-makhlouf,served_by,true
24054,dz:daira:guelma:guelma,served_by,true
24055,dz:daira:guelma:oued-zenati,served_by,true
24056,dz:daira:guelma:hammam-n-bails,served_by,true
25000,dz:daira:constantine:constantine,served_by,true
25001,dz:daira:constantine:el-khroub,served_by,true
25002,dz:daira:constantine:constantine,served_by,true
25003,dz:daira:constantine:constantine,served_by,true
25004,dz:daira:constantine:constantine,served_by,true
25005,dz:daira:constantine:el-khroub,served_by,true
25006,dz:daira:constantine:el-khroub,served_by,true
25007,dz:daira:constantine:constantine,served_by,true
25008,dz:daira:constantine:constantine,served_by,true
25009,dz:daira:constantine:constantine,served_by,true
25010,dz:daira:constantine:constantine,served_by,true
25011,dz:daira:constantine:el-khroub,served_by,true
25012,dz:daira:constantine:el-khroub,served_by,true
25013,dz:daira:constantine:hamma-bouziane,served_by,true
25014,dz:daira:constantine:zighoud-youcef,served_by,true
25015,dz:daira:constantine:ain-abid,served_by,true
25016,dz:daira:constantine:el-khroub,served_by,true
25017,dz:daira:constantine:constantine,served_by,true
25018,dz:daira:constantine:constantine,served_by,true
25019,dz:daira:constantine:constantine,served_by,true
25020,dz:daira:constantine:constantine,served_by,true
25021,dz:daira:constantine:constantine,served_by,true
25022,dz:daira:constantine:constantine,served_by,true
25023,dz:daira:constantine:constantine,served_by,true
25024,dz:daira:constantine:hamma-bouziane,served_by,true
25025,dz:daira:constantine:constantine,served_by,true
25026,dz:daira:constantine:el-khroub,served_by,true
25027,dz:daira:constantine:ibn-ziad,served_by,true
25028,dz:daira:constantine:el-khroub,served_by,true
25029,dz:daira:constantine:hamma-bouziane,served_by,true
25030,dz:daira:constantine:ain-abid,served_by,true
25031,dz:daira:constantine:el-khroub,served_by,true
25032,dz:daira:constantine:ibn-ziad,served_by,true
25033,dz:daira:constantine:hamma-bouziane,served_by,true
25034,dz:daira:constantine:hamma-bouziane,served_by,true
25035,dz:daira:constantine:zighoud-youcef,served_by,true
25036,dz:daira:constantine:hamma-bouziane,served_by,true
25037,dz:daira:constantine:ain-abid,served_by,true
25038,dz:daira:constantine:ain-abid,served_by,true
25039,dz:daira:constantine:el-khroub,served_by,true
25040,dz:daira:constantine:ibn-ziad,served_by,true
25041,dz:daira:constantine:ibn-ziad,served_by,true
25042,dz:daira:constantine:el-khroub,served_by,true
25043,dz:daira:constantine:el-khroub,served_by,true
25044,dz:daira:constantine:hamma-bouziane,served_by,true
25045,dz:daira:constantine:ain-abid,served_by,true
25046,dz:daira:constantine:hamma-bouziane,served_by,true
25047,dz:daira:constantine:ain-abid,served_by,true
25048,dz:daira:constantine:el-khroub,served_by,true
25049,dz:daira:constantine:el-khroub,served_by,true
25050,dz:daira:constantine:constantine,served_by,true
25051,dz:daira:constantine:el-khroub,served_by,true
25052,dz:daira:constantine:zighoud-youcef,served_by,true
25053,dz:daira:constantine:ain-abid,served_by,true
25054,dz:daira:constantine:el-khroub,served_by,true
25055,dz:daira:constantine:el-khroub,served_by,true
25056,dz:daira:constantine:ain-abid,served_by,true
25058,dz:daira:constantine:el-khroub,served_by,true
25059,dz:daira:constantine:hamma-bouziane,served_by,true
25060,dz:daira:constantine:constantine,served_by,true
25061,dz:daira:constantine:hamma-bouziane,served_by,true
25062,dz:daira:constantine:constantine,served_by,true
25063,dz:daira:constantine:el-khroub,served_by,true
25064,dz:daira:constantine:el-khroub,served_by,true
25065,dz:daira:constantine:el-khroub,served_by,true
25066,dz:daira:constantine:constantine,served_by,true
25067,dz:daira:constantine:hamma-bouziane,served_by,true
25071,dz:daira:constantine:constantine,served_by,true
25073,dz:daira:constantine:constantine,served_by,true
25080,dz:daira:constantine:zighoud-youcef,served_by,true
26000,dz:daira:medea:medea,served_by,true
26001,dz:daira:medea:beni-slimane,served_by,true
26002,dz:daira:medea:berrouaghia,served_by,true
26003,dz:daira:ksar-el-boukhari:ksar-el-boukhari,served_by,true
26004,dz:daira:medea:tablat,served_by,true
26005,dz:daira:ksar-el-boukhari:ain-boucif,served_by,true
26006,dz:daira:medea:berrouaghia,served_by,true
26007,dz:daira:ksar-el-boukhari:chelalet-el-adhaoura,served_by,true
26008,dz:daira:medea:el-omaria,served_by,true
26009,dz:daira:medea:medea,served_by,true
26010,dz:daira:ksar-el-boukhari:ain-boucif,served_by,true
26011,dz:daira:medea:medea,served_by,true
26012,dz:daira:medea:ouzera,served_by,true
26013,dz:daira:ksar-el-boukhari:ouled-antar,served_by,true
26014,dz:daira:medea:sidi-naamane,served_by,true
26015,dz:daira:ksar-el-boukhari:aziz,served_by,true
26016,dz:daira:medea:souagui,served_by,true
26017,dz:daira:medea:medea,served_by,true
26018,dz:daira:medea:el-azizia,served_by,true
26019,dz:daira:medea:ouzera,served_by,true
26020,dz:daira:medea:souagui,served_by,true
26021,dz:daira:medea:seghouane,served_by,true
26022,dz:daira:medea:tablat,served_by,true
26023,dz:daira:ksar-el-boukhari:chahbounia,served_by,true
26024,dz:daira:medea:berrouaghia,served_by,true
26025,dz:daira:medea:beni-slimane,served_by,true
26026,dz:daira:ksar-el-boukhari:chahbounia,served_by,true
26027,dz:daira:medea:ouamri,served_by,true
26028,dz:daira:ksar-el-boukhari:ksar-el-boukhari,served_by,true
26029,dz:daira:ksar-el-boukhari:ksar-el-boukhari,served_by,true
26030,dz:daira:medea:el-guelb-el-kebir,served_by,true
26031,dz:daira:medea:medea,served_by,true
26032,dz:daira:medea:el-azizia,served_by,true
26033,dz:daira:medea:seghouane,served_by,true
26034,dz:daira:medea:ouamri,served_by,true
26035,dz:daira:ksar-el-boukhari:ouled-antar,served_by,true
26036,dz:daira:medea:el-omaria,served_by,true
26037,dz:daira:ksar-el-boukhari:ouled-antar,served_by,true
26038,dz:daira:ksar-el-boukhari:ain-boucif,served_by,true
26039,dz:daira:medea:berrouaghia,served_by,true
26040,dz:daira:ksar-el-boukhari:aziz,served_by,true
26041,dz:daira:medea:seghouane,served_by,true
26042,dz:daira:medea:tablat,served_by,true
26043,dz:daira:medea:sidi-naamane,served_by,true
26044,dz:daira:medea:berrouaghia,served_by,true
26045,dz:daira:medea:si-mahdjoub,served_by,true
26046,dz:daira:medea:seghouane,served_by,true
26047,dz:daira:ksar-el-boukhari:ksar-el-boukhari,served_by,true
26048,dz:daira:ksar-el-boukhari:chelalet-el-adhaoura,served_by,true
26049,dz:daira:ksar-el-boukhari:ksar-el-boukhari,served_by,true
26050,dz:daira:medea:el-omaria,served_by,true
26051,dz:daira:ksar-el-boukhari:ain-boucif,served_by,true
26052,dz:daira:medea:berrouaghia,served_by,true
26053,dz:daira:medea:el-guelb-el-kebir,served_by,true
26054,dz:daira:ksar-el-boukhari:chahbounia,served_by,true
26055,dz:daira:medea:si-mahdjoub,served_by,true
26056,dz:daira:medea:ouzera,served_by,true
26057,dz:daira:ksar-el-boukhari:chelalet-el-adhaoura,served_by,true
26058,dz:daira:medea:ouzera,served_by,true
26059,dz:daira:ksar-el-boukhari:ain-boucif,served_by,true
26060,dz:daira:medea:ouzera,served_by,true
26061,dz:daira:medea:ouamri,served_by,true
26062,dz:daira:medea:sidi-naamane,served_by,true
26063,dz:daira:medea:el-azizia,served_by,true
26064,dz:daira:medea:si-mahdjoub,served_by,true
26065,dz:daira:ksar-el-boukhari:aziz,served_by,true
26066,dz:daira:medea:medea,served_by,true
26067,dz:daira:ksar-el-boukhari:ksar-el-boukhari,served_by,true
26068,dz:daira:medea:el-guelb-el-kebir,served_by,true
26069,dz:daira:ksar-el-boukhari:ain-boucif,served_by,true
26070,dz:daira:medea:beni-slimane,served_by,true
26071,dz:daira:medea:sidi-naamane,served_by,true
26072,dz:daira:medea:souagui,served_by,true
26073,dz:daira:medea:souagui,served_by,true
26074,dz:daira:ksar-el-boukhari:chelalet-el-adhaoura,served_by,true
26075,dz:daira:medea:medea,served_by,true
26076,dz:daira:medea:ouzera,served_by,true
26077,dz:daira:ksar-el-boukhari:ksar-el-boukhari,served_by,true
26078,dz:daira:medea:medea,served_by,true
26079,dz:daira:ksar-el-boukhari:ouled-antar,served_by,true
26080,dz:daira:medea:seghouane,served_by,true
26081,dz:daira:medea:el-guelb-el-kebir,served_by,true
26082,dz:daira:medea:medea,served_by,true
26083,dz:daira:medea:medea,served_by,true
26084,dz:daira:medea:medea,served_by,true
26085,dz:daira:medea:medea,served_by,true
26086,dz:daira:medea:medea,served_by,true
26087,dz:daira:medea:medea,served_by,true
26088,dz:daira:medea:medea,served_by,true
26089,dz:daira:medea:beni-slimane,served_by,true
26090,dz:daira:medea:medea,served_by,true
26091,dz:daira:medea:medea,served_by,true
26092,dz:daira:medea:medea,served_by,true
26093,dz:daira:medea:medea,served_by,true
26094,dz:daira:ksar-el-boukhari:aziz,served_by,true
26095,dz:daira:medea:medea,served_by,true
27000,dz:daira:mostaganem:mostaganem,served_by,true
27001,dz:daira:mostaganem:ain-tedles,served_by,true
27002,dz:daira:mostaganem:sidi-ali,served_by,true
27003,dz:daira:mostaganem:bouguirat,served_by,true
27004,dz:daira:mostaganem:hassi-maameche,served_by,true
27005,dz:daira:mostaganem:achaacha,served_by,true
27006,dz:daira:mostaganem:mostaganem,served_by,true
27007,dz:daira:mostaganem:sidi-lakhdar,served_by,true
27008,dz:daira:mostaganem:sidi-lakhdar,served_by,true
27009,dz:daira:mostaganem:achaacha,served_by,true
27010,dz:daira:mostaganem:ain-nouissy,served_by,true
27011,dz:daira:mostaganem:ain-tedles,served_by,true
27012,dz:daira:mostaganem:mostaganem,served_by,true
27013,dz:daira:mostaganem:mesra,served_by,true
27014,dz:daira:mostaganem:ain-nouissy,served_by,true
27015,dz:daira:mostaganem:sidi-lakhdar,served_by,true
27016,dz:daira:mostaganem:kheireddine,served_by,true
27017,dz:daira:mostaganem:hassi-maameche,served_by,true
27018,dz:daira:mostaganem:mesra,served_by,true
27019,dz:daira:mostaganem:mostaganem,served_by,true
27020,dz:daira:mostaganem:ain-tedles,served_by,true
27021,dz:daira:mostaganem:bouguirat,served_by,true
27022,dz:daira:mostaganem:ain-tedles,served_by,true
27023,dz:daira:mostaganem:hassi-maameche,served_by,true
27024,dz:daira:mostaganem:mesra,served_by,true
27025,dz:daira:mostaganem:kheireddine,served_by,true
27026,dz:daira:mostaganem:achaacha,served_by,true
27027,dz:daira:mostaganem:achaacha,served_by,true
27028,dz:daira:mostaganem:sidi-ali,served_by,true
27029,dz:daira:mostaganem:ain-tedles,served_by,true
27030,dz:daira:mostaganem:ain-tedles,served_by,true
27031,dz:daira:mostaganem:kheireddine,served_by,true
27032,dz:daira:mostaganem:sidi-ali,served_by,true
27033,dz:daira:mostaganem:ain-nouissy,served_by,true
27034,dz:daira:mostaganem:achaacha,served_by,true
27035,dz:daira:mostaganem:ain-nouissy,served_by,true
27036,dz:daira:mostaganem:mesra,served_by,true
27037,dz:daira:mostaganem:ain-nouissy,served_by,true
27038,dz:daira:mostaganem:sidi-lakhdar,served_by,true
27039,dz:daira:mostaganem:sidi-ali,served_by,true
27040,dz:daira:mostaganem:bouguirat,served_by,true
27041,dz:daira:mostaganem:ain-nouissy,served_by,true
27042,dz:daira:mostaganem:kheireddine,served_by,true
27043,dz:daira:mostaganem:hassi-maameche,served_by,true
27044,dz:daira:mostaganem:bouguirat,served_by,true
27045,dz:daira:mostaganem:kheireddine,served_by,true
27046,dz:daira:mostaganem:bouguirat,served_by,true
27047,dz:daira:mostaganem:sidi-ali,served_by,true
27048,dz:daira:mostaganem:hassi-maameche,served_by,true
27049,dz:daira:mostaganem:hassi-maameche,served_by,true
27050,dz:daira:mostaganem:mesra,served_by,true
27051,dz:daira:mostaganem:mesra,served_by,true
27052,dz:daira:mostaganem:ain-nouissy,served_by,true
27053,dz:daira:mostaganem:ain-tedles,served_by,true
27054,dz:daira:mostaganem:ain-tedles,served_by,true
27056,dz:daira:mostaganem:kheireddine,served_by,true
27057,dz:daira:mostaganem:mostaganem,served_by,true
27058,dz:daira:mostaganem:mostaganem,served_by,true
27059,dz:daira:mostaganem:mostaganem,served_by,true
27060,dz:daira:mostaganem:mostaganem,served_by,true
27061,dz:daira:mostaganem:mostaganem,served_by,true
27062,dz:daira:mostaganem:mostaganem,served_by,true
27063,dz:daira:mostaganem:sidi-ali,served_by,true
27064,dz:daira:mostaganem:mostaganem,served_by,true
27065,dz:daira:mostaganem:sidi-lakhdar,served_by,true
27066,dz:daira:mostaganem:sidi-lakhdar,served_by,true
27067,dz:daira:mostaganem:mostaganem,served_by,true
27068,dz:daira:mostaganem:mostaganem,served_by,true
27069,dz:daira:mostaganem:bouguirat,served_by,true
27070,dz:daira:mostaganem:bouguirat,served_by,true
27072,dz:daira:mostaganem:mostaganem,served_by,true
27074,dz:daira:mostaganem:mostaganem,served_by,true
28000,dz:daira:m-sila:m-sila,served_by,true
28001,dz:daira:bou-saada:bou-saada,served_by,true
28002,dz:daira:m-sila:sidi-aissa,served_by,true
28003,dz:daira:m-sila:ain-el-hadjel,served_by,true
28004,dz:daira:bou-saada:ain-el-meleh,served_by,true
28005,dz:daira:m-sila:hammam-dhalaa,served_by,true
28006,dz:daira:m-sila:magra,served_by,true
28007,dz:daira:m-sila:m-sila,served_by,true
28008,dz:daira:m-sila:magra,served_by,true
28009,dz:daira:bou-saada:ben-srour,served_by,true
28010,dz:daira:m-sila:magra,served_by,true
28011,dz:daira:m-sila:ouled-derradj,served_by,true
28012,dz:daira:bou-saada:bou-saada,served_by,true
28013,dz:daira:bou-saada:bou-saada,served_by,true
28014,dz:daira:m-sila:chellal,served_by,true
28015,dz:daira:bou-saada:bou-saada,served_by,true
28016,dz:daira:bou-saada:medjedel,served_by,true
28017,dz:daira:m-sila:hammam-dhalaa,served_by,true
28018,dz:daira:m-sila:m-sila,served_by,true
28019,dz:daira:m-sila:m-sila,served_by,true
28020,dz:daira:m-sila:m-sila,served_by,true
28021,dz:daira:m-sila:ouled-derradj,served_by,true
28022,dz:daira:m-sila:ouled-derradj,served_by,true
28023,dz:daira:bou-saada:ain-el-meleh,served_by,true
28024,dz:daira:bou-saada:djebel-messaad,served_by,true
28025,dz:daira:bou-saada:ain-el-meleh,served_by,true
28026,dz:daira:m-sila:magra,served_by,true
28027,dz:daira:m-sila:sidi-aissa,served_by,true
28028,dz:daira:bou-saada:ouled-sidi-brahim,served_by,true
28029,dz:daira:bou-saada:khoubana,served_by,true
28030,dz:daira:bou-saada:khoubana,served_by,true
28031,dz:daira:bou-saada:ben-srour,served_by,true
28032,dz:daira:bou-saada:ouled-sidi-brahim,served_by,true
28033,dz:daira:bou-saada:ben-srour,served_by,true
28034,dz:daira:m-sila:sidi-aissa,served_by,true
28035,dz:daira:bou-saada:sidi-ameur,served_by,true
28036,dz:daira:m-sila:ain-el-hadjel,served_by,true
28037,dz:daira:bou-saada:djebel-messaad,served_by,true
28038,dz:daira:m-sila:hammam-dhalaa,served_by,true
28039,dz:daira:m-sila:hammam-dhalaa,served_by,true
28040,dz:daira:bou-saada:ouled-sidi-brahim,served_by,true
28041,dz:daira:m-sila:chellal,served_by,true
28042,dz:daira:m-sila:sidi-aissa,served_by,true
28043,dz:daira:bou-saada:ain-el-meleh,served_by,true
28044,dz:daira:m-sila:hammam-dhalaa,served_by,true
28045,dz:daira:bou-saada:ain-el-meleh,served_by,true
28046,dz:daira:m-sila:m-sila,served_by,true
28047,dz:daira:m-sila:chellal,served_by,true
28048,dz:daira:m-sila:magra,served_by,true
28049,dz:daira:m-sila:ouled-derradj,served_by,true
28050,dz:daira:bou-saada:khoubana,served_by,true
28051,dz:daira:m-sila:chellal,served_by,true
28052,dz:daira:bou-saada:khoubana,served_by,true
28053,dz:daira:m-sila:hammam-dhalaa,served_by,true
28054,dz:daira:bou-saada:bou-saada,served_by,true
28055,dz:daira:m-sila:ouled-derradj,served_by,true
28056,dz:daira:m-sila:chellal,served_by,true
28057,dz:daira:bou-saada:ouled-sidi-brahim,served_by,true
28058,dz:daira:m-sila:ouled-derradj,served_by,true
28059,dz:daira:bou-saada:ain-el-meleh,served_by,true
28060,dz:daira:m-sila:hammam-dhalaa,served_by,true
28061,dz:daira:bou-saada:bou-saada,served_by,true
28062,dz:daira:m-sila:chellal,served_by,true
28063,dz:daira:bou-saada:khoubana,served_by,true
28064,dz:daira:m-sila:ouled-derradj,served_by,true
28065,dz:daira:bou-saada:sidi-ameur,served_by,true
28066,dz:daira:bou-saada:ain-el-meleh,served_by,true
28067,dz:daira:bou-saada:ben-srour,served_by,true
28068,dz:daira:m-sila:ouled-derradj,served_by,true
28069,dz:daira:bou-saada:bou-saada,served_by,true
28070,dz:daira:bou-saada:medjedel,served_by,true
28071,dz:daira:bou-saada:ain-el-meleh,served_by,true
28072,dz:daira:m-sila:ouled-derradj,served_by,true
28073,dz:daira:bou-saada:ben-srour,served_by,true
28074,dz:daira:m-sila:hammam-dhalaa,served_by,true
28075,dz:daira:m-sila:ouled-derradj,served_by,true
28076,dz:daira:m-sila:hammam-dhalaa,served_by,true
28077,dz:daira:m-sila:m-sila,served_by,true
28078,dz:daira:m-sila:m-sila,served_by,true
28079,dz:daira:m-sila:hammam-dhalaa,served_by,true
28080,dz:daira:m-sila:sidi-aissa,served_by,true
28081,dz:daira:m-sila:magra,served_by,true
28082,dz:daira:m-sila:m-sila,served_by,true
28083,dz:daira:m-sila:m-sila,served_by,true
28084,dz:daira:m-sila:m-sila,served_by,true
28086,dz:daira:bou-saada:bou-saada,served_by,true
28087,dz:daira:bou-saada:bou-saada,served_by,true
28088,dz:daira:bou-saada:ain-el-meleh,served_by,true
28089,dz:daira:m-sila:m-sila,served_by,true
28090,dz:daira:bou-saada:bou-saada,served_by,true
28091,dz:daira:bou-saada:ain-el-meleh,served_by,true
28092,dz:daira:m-sila:sidi-aissa,served_by,true
28093,dz:daira:m-sila:m-sila,served_by,true
28094,dz:daira:m-sila:m-sila,served_by,true
28096,dz:daira:bou-saada:ain-el-meleh,served_by,true
28097,dz:daira:bou-saada:medjedel,served_by,true
29000,dz:daira:mascara:mascara,served_by,true
29001,dz:daira:mascara:sig,served_by,true
29002,dz:daira:mascara:mohammadia,served_by,true
29003,dz:daira:mascara:mohammadia,served_by,true
29004,dz:daira:mascara:tighennif,served_by,true
29005,dz:daira:mascara:bou-hanifia,served_by,true
29006,dz:daira:mascara:ghriss,served_by,true
29007,dz:daira:mascara:mascara,served_by,true
29008,dz:daira:mascara:mascara,served_by,true
29009,dz:daira:mascara:mascara,served_by,true
29010,dz:daira:mascara:sig,served_by,true
29011,dz:daira:mascara:ain-fekan,served_by,true
29012,dz:daira:mascara:el-bordj,served_by,true
29013,dz:daira:mascara:hachem,served_by,true
29014,dz:daira:mascara:bou-hanifia,served_by,true
29015,dz:daira:mascara:ghriss,served_by,true
29016,dz:daira:mascara:oued-el-abtal,served_by,true
29017,dz:daira:mascara:oued-taria,served_by,true
29018,dz:daira:mascara:tizi,served_by,true
29019,dz:daira:mascara:zahana,served_by,true
29020,dz:daira:mascara:ain-fares,served_by,true
29021,dz:daira:mascara:aouf,served_by,true
29022,dz:daira:mascara:sig,served_by,true
29023,dz:daira:mascara:mohammadia,served_by,true
29024,dz:daira:mascara:tizi,served_by,true
29025,dz:daira:mascara:el-bordj,served_by,true
29026,dz:daira:mascara:ghriss,served_by,true
29027,dz:daira:mascara:mohammadia,served_by,true
29028,dz:daira:mascara:mohammadia,served_by,true
29029,dz:daira:mascara:oggaz,served_by,true
29030,dz:daira:mascara:tighennif,served_by,true
29031,dz:daira:mascara:tighennif,served_by,true
29032,dz:daira:mascara:oued-el-abtal,served_by,true
29033,dz:daira:mascara:oued-el-abtal,served_by,true
29034,dz:daira:mascara:ain-fekan,served_by,true
29035,dz:daira:mascara:hachem,served_by,true
29036,dz:daira:mascara:oggaz,served_by,true
29037,dz:daira:mascara:mohammadia,served_by,true
29038,dz:daira:mascara:aouf,served_by,true
29039,dz:daira:mascara:sig,served_by,true
29040,dz:daira:mascara:zahana,served_by,true
29041,dz:daira:mascara:zahana,served_by,true
29042,dz:daira:mascara:bou-hanifia,served_by,true
29043,dz:daira:mascara:tizi,served_by,true
29044,dz:daira:mascara:el-bordj,served_by,true
29045,dz:daira:mascara:mohammadia,served_by,true
29046,dz:daira:mascara:mohammadia,served_by,true
29047,dz:daira:mascara:aouf,served_by,true
29048,dz:daira:mascara:bou-hanifia,served_by,true
29049,dz:daira:mascara:bou-hanifia,served_by,true
29050,dz:daira:mascara:oued-taria,served_by,true
29051,dz:daira:mascara:oued-el-abtal,served_by,true
29052,dz:daira:mascara:mascara,served_by,true
29053,dz:daira:mascara:sig,served_by,true
29054,dz:daira:mascara:mohammadia,served_by,true
29055,dz:daira:mascara:ghriss,served_by,true
29056,dz:daira:mascara:ain-fares,served_by,true
29057,dz:daira:mascara:hachem,served_by,true
29058,dz:daira:mascara:hachem,served_by,true
29059,dz:daira:mascara:tighennif,served_by,true
29060,dz:daira:mascara:oggaz,served_by,true
29061,dz:daira:mascara:mohammadia,served_by,true
29062,dz:daira:mascara:mohammadia,served_by,true
29063,dz:daira:mascara:tighennif,served_by,true
29064,dz:daira:mascara:mascara,served_by,true
29065,dz:daira:mascara:oued-el-abtal,served_by,true
29066,dz:daira:mascara:mohammadia,served_by,true
29067,dz:daira:mascara:mohammadia,served_by,true
29068,dz:daira:mascara:ghriss,served_by,true
29069,dz:daira:mascara:ghriss,served_by,true
29070,dz:daira:mascara:bou-hanifia,served_by,true
29071,dz:daira:mascara:tighennif,served_by,true
29072,dz:daira:mascara:zahana,served_by,true
29073,dz:daira:mascara:el-bordj,served_by,true
29074,dz:daira:mascara:sig,served_by,true
29075,dz:daira:mascara:zahana,served_by,true
29076,dz:daira:mascara:ghriss,served_by,true
29077,dz:daira:mascara:mohammadia,served_by,true
29078,dz:daira:mascara:aouf,served_by,true
29079,dz:daira:mascara:oggaz,served_by,true
29080,dz:daira:mascara:mascara,served_by,true
29081,dz:daira:mascara:mascara,served_by,true
29082,dz:daira:mascara:oggaz,served_by,true
29083,dz:daira:mascara:hachem,served_by,true
29084,dz:daira:mascara:sig,served_by,true
29085,dz:daira:mascara:mascara,served_by,true
29086,dz:daira:mascara:ghriss,served_by,true
29087,dz:daira:mascara:oued-taria,served_by,true
29088,dz:daira:mascara:mascara,served_by,true
29089,dz:daira:mascara:mascara,served_by,true
29090,dz:daira:mascara:oued-el-abtal,served_by,true
29091,dz:daira:mascara:hachem,served_by,true
29092,dz:daira:mascara:mascara,served_by,true
29093,dz:daira:mascara:tighennif,served_by,true
29094,dz:daira:mascara:tighennif,served_by,true
29095,dz:daira:mascara:mohammadia,served_by,true
29096,dz:daira:mascara:tizi,served_by,true
29097,dz:daira:mascara:tizi,served_by,true
29098,dz:daira:mascara:ain-fares,served_by,true
29099,dz:daira:mascara:sig,served_by,true
29100,dz:daira:mascara:mascara,served_by,true
29101,dz:daira:mascara:el-bordj,served_by,true
29102,dz:daira:mascara:ghriss,served_by,true
29103,dz:daira:mascara:tighennif,served_by,true
30000,dz:daira:ouargla:ouargla,served_by,true
30001,dz:daira:ouargla:hassi-messaoud,served_by,true
30007,dz:daira:ouargla:hassi-messaoud,served_by,true
30008,dz:daira:ouargla:hassi-messaoud,served_by,true
30011,dz:daira:ouargla:ouargla,served_by,true
30012,dz:daira:ouargla:ouargla,served_by,true
30013,dz:daira:ouargla:ouargla,served_by,true
30014,dz:daira:ouargla:ouargla,served_by,true
30019,dz:daira:ouargla:sidi-khouiled,served_by,true
30021,dz:daira:ouargla:sidi-khouiled,served_by,true
30022,dz:daira:ouargla:ouargla,served_by,true
30025,dz:daira:ouargla:el-borma,served_by,true
30026,dz:daira:ouargla:n-goussa,served_by,true
30027,dz:daira:ouargla:hassi-messaoud,served_by,true
30028,dz:daira:ouargla:hassi-messaoud,served_by,true
30031,dz:daira:ouargla:n-goussa,served_by,true
30032,dz:daira:ouargla:ouargla,served_by,true
30033,dz:daira:ouargla:ouargla,served_by,true
30034,dz:daira:ouargla:ouargla,served_by,true
30035,dz:daira:ouargla:sidi-khouiled,served_by,true
30038,dz:daira:ouargla:ouargla,served_by,true
30040,dz:daira:ouargla:sidi-khouiled,served_by,true
30041,dz:daira:ouargla:ouargla,served_by,true
30042,dz:daira:ouargla:ouargla,served_by,true
30045,dz:daira:ouargla:ouargla,served_by,true
30049,dz:daira:ouargla:n-goussa,served_by,true
30052,dz:daira:ouargla:sidi-khouiled,served_by,true
30057,dz:daira:ouargla:hassi-messaoud,served_by,true
30059,dz:daira:ouargla:ouargla,served_by,true
30061,dz:daira:ouargla:ouargla,served_by,true
30062,dz:daira:ouargla:ouargla,served_by,true
30063,dz:daira:ouargla:ouargla,served_by,true
30064,dz:daira:ouargla:ouargla,served_by,true
30065,dz:daira:ouargla:ouargla,served_by,true
30067,dz:daira:ouargla:hassi-messaoud,served_by,true
31000,dz:daira:oran:oran,served_by,true
31001,dz:daira:oran:bir-el-djir,served_by,true
31002,dz:daira:oran:oran,served_by,true
31003,dz:daira:oran:oran,served_by,true
31004,dz:daira:oran:arzew,served_by,true
31005,dz:daira:oran:es-senia,served_by,true
31006,dz:daira:oran:es-senia,served_by,true
31007,dz:daira:oran:oran,served_by,true
31008,dz:daira:oran:oran,served_by,true
31009,dz:daira:oran:oran,served_by,true
31010,dz:daira:oran:es-senia,served_by,true
31011,dz:daira:oran:oran,served_by,true
31012,dz:daira:oran:oran,served_by,true
31013,dz:daira:oran:oran,served_by,true
31014,dz:daira:oran:ain-el-turk,served_by,true
31015,dz:daira:oran:bethioua,served_by,true
31016,dz:daira:oran:boutlelis,served_by,true
31017,dz:daira:oran:gdyel,served_by,true
31018,dz:daira:oran:gdyel,served_by,true
31019,dz:daira:oran:ain-el-turk,served_by,true
31020,dz:daira:oran:oran,served_by,true
31021,dz:daira:oran:oran,served_by,true
31022,dz:daira:oran:ain-el-turk,served_by,true
31023,dz:daira:oran:bir-el-djir,served_by,true
31024,dz:daira:oran:oued-tlelat,served_by,true
31025,dz:daira:oran:ain-el-turk,served_by,true
31026,dz:daira:oran:es-senia,served_by,true
31027,dz:daira:oran:gdyel,served_by,true
31028,dz:daira:oran:bir-el-djir,served_by,true
31029,dz:daira:oran:bir-el-djir,served_by,true
31030,dz:daira:oran:bethioua,served_by,true
31031,dz:daira:oran:boutlelis,served_by,true
31033,dz:daira:oran:oran,served_by,true
31034,dz:daira:oran:oran,served_by,true
31035,dz:daira:oran:oran,served_by,true
31036,dz:daira:oran:oran,served_by,true
31037,dz:daira:oran:oued-tlelat,served_by,true
31038,dz:daira:oran:es-senia,served_by,true
31039,dz:daira:oran:es-senia,served_by,true
31040,dz:daira:oran:bethioua,served_by,true
31041,dz:daira:oran:arzew,served_by,true
31042,dz:daira:oran:bir-el-djir,served_by,true
31043,dz:daira:oran:ain-el-turk,served_by,true
31044,dz:daira:oran:arzew,served_by,true
31045,dz:daira:oran:oran,served_by,true
31046,dz:daira:oran:bir-el-djir,served_by,true
31047,dz:daira:oran:es-senia,served_by,true
31048,dz:daira:oran:bir-el-djir,served_by,true
31049,dz:daira:oran:bir-el-djir,served_by,true
31050,dz:daira:oran:gdyel,served_by,true
31051,dz:daira:oran:bir-el-djir,served_by,true
31052,dz:daira:oran:gdyel,served_by,true
31053,dz:daira:oran:boutlelis,served_by,true
31054,dz:daira:oran:oran,served_by,true
31055,dz:daira:oran:oran,served_by,true
31056,dz:daira:oran:oran,served_by,true
31057,dz:daira:oran:oran,served_by,true
31058,dz:daira:oran:arzew,served_by,true
31059,dz:daira:oran:boutlelis,served_by,true
31060,dz:daira:oran:arzew,served_by,true
31061,dz:daira:oran:bethioua,served_by,true
31062,dz:daira:oran:bethioua,served_by,true
31063,dz:daira:oran:gdyel,served_by,true
31064,dz:daira:oran:ain-el-turk,served_by,true
31065,dz:daira:oran:bethioua,served_by,true
31067,dz:daira:oran:ain-el-turk,served_by,true
31068,dz:daira:oran:bethioua,served_by,true
31070,dz:daira:oran:oued-tlelat,served_by,true
31071,dz:daira:oran:es-senia,served_by,true
31072,dz:daira:oran:ain-el-turk,served_by,true
31073,dz:daira:oran:oued-tlelat,served_by,true
31074,dz:daira:oran:bethioua,served_by,true
31075,dz:daira:oran:es-senia,served_by,true
31076,dz:daira:oran:bethioua,served_by,true
31077,dz:daira:oran:oued-tlelat,served_by,true
31078,dz:daira:oran:oued-tlelat,served_by,true
31079,dz:daira:oran:gdyel,served_by,true
31080,dz:daira:oran:boutlelis,served_by,true
31081,dz:daira:oran:boutlelis,served_by,true
31083,dz:daira:oran:es-senia,served_by,true
31084,dz:daira:oran:oued-tlelat,served_by,true
31085,dz:daira:oran:bir-el-djir,served_by,true
31086,dz:daira:oran:boutlelis,served_by,true
31088,dz:daira:oran:es-senia,served_by,true
31089,dz:daira:oran:boutlelis,served_by,true
31090,dz:daira:oran:bethioua,served_by,true
31091,dz:daira:oran:bethioua,served_by,true
31092,dz:daira:oran:oran,served_by,true
31093,dz:daira:oran:oran,served_by,true
31094,dz:daira:oran:es-senia,served_by,true
31095,dz:daira:oran:bir-el-djir,served_by,true
31096,dz:daira:oran:oran,served_by,true
31098,dz:daira:oran:oued-tlelat,served_by,true
31099,dz:daira:oran:oued-tlelat,served_by,true
31100,dz:daira:oran:bir-el-djir,served_by,true
31102,dz:daira:oran:bir-el-djir,served_by,true
31103,dz:daira:oran:oued-tlelat,served_by,true
31104,dz:daira:oran:oran,served_by,true
31105,dz:daira:oran:arzew,served_by,true
31106,dz:daira:oran:bir-el-djir,served_by,true
31107,dz:daira:oran:oran,served_by,true
31108,dz:daira:oran:es-senia,served_by,true
31109,dz:daira:oran:oued-tlelat,served_by,true
31110,dz:daira:oran:es-senia,served_by,true
31111,dz:daira:oran:bethioua,served_by,true
31112,dz:daira:oran:gdyel,served_by,true
31113,dz:daira:oran:oued-tlelat,served_by,true
31114,dz:daira:oran:bethioua,served_by,true
31115,dz:daira:oran:es-senia,served_by,true
31116,dz:daira:oran:es-senia,served_by,true
31117,dz:daira:oran:es-senia,served_by,true
31118,dz:daira:oran:oran,served_by,true
31123,dz:daira:oran:oran,served_by,true
31124,dz:daira:oran:bir-el-djir,served_by,true
31125,dz:daira:oran:oran,served_by,true
31127,dz:daira:oran:boutlelis,served_by,true
31129,dz:daira:oran:es-senia,served_by,true
31138,dz:daira:oran:oran,served_by,true
31139,dz:daira:oran:arzew,served_by,true
32000,dz:daira:el-bayadh:el-bayadh,served_by,true
32001,dz:daira:el-bayadh:bougtoub,served_by,true
32002,dz:daira:el-bayadh:brezina,served_by,true
32003,dz:daira:el-abiodh-sidi-cheikh:el-abiodh-sidi-cheikh,served_by,true
32004,dz:daira:el-bayadh:el-bayadh,served_by,true
32005,dz:daira:el-abiodh-sidi-cheikh:el-abiodh-sidi-cheikh,served_by,true
32006,dz:daira:el-bayadh:boualem,served_by,true
32007,dz:daira:el-abiodh-sidi-cheikh:el-abiodh-sidi-cheikh,served_by,true
32008,dz:daira:el-bayadh:el-bayadh,served_by,true
32009,dz:daira:el-bayadh:el-bayadh,served_by,true
32010,dz:daira:el-bayadh:el-bayadh,served_by,true
32011,dz:daira:el-bayadh:bougtoub,served_by,true
32012,dz:daira:el-bayadh:el-bayadh,served_by,true
32013,dz:daira:el-bayadh:rogassa,served_by,true
32014,dz:daira:el-abiodh-sidi-cheikh:boussemghoun,served_by,true
32015,dz:daira:el-abiodh-sidi-cheikh:chellala,served_by,true
32016,dz:daira:el-bayadh:el-bayadh,served_by,true
32017,dz:daira:el-bayadh:brezina,served_by,true
32018,dz:daira:el-bayadh:rogassa,served_by,true
32019,dz:daira:el-abiodh-sidi-cheikh:el-abiodh-sidi-cheikh,served_by,true
32020,dz:daira:el-abiodh-sidi-cheikh:el-abiodh-sidi-cheikh,served_by,true
32021,dz:daira:el-bayadh:bougtoub,served_by,true
32022,dz:daira:el-bayadh:rogassa,served_by,true
32023,dz:daira:el-abiodh-sidi-cheikh:chellala,served_by,true
32024,dz:daira:el-abiodh-sidi-cheikh:chellala,served_by,true
32025,dz:daira:el-abiodh-sidi-cheikh:el-abiodh-sidi-cheikh,served_by,true
32026,dz:daira:el-abiodh-sidi-cheikh:chellala,served_by,true
32027,dz:daira:el-bayadh:brezina,served_by,true
32028,dz:daira:el-bayadh:bougtoub,served_by,true
32029,dz:daira:el-bayadh:boualem,served_by,true
32030,dz:daira:el-bayadh:bougtoub,served_by,true
32031,dz:daira:el-bayadh:boualem,served_by,true
32032,dz:daira:el-bayadh:boualem,served_by,true
32033,dz:daira:el-bayadh:boualem,served_by,true
32034,dz:daira:el-bayadh:bougtoub,served_by,true
32035,dz:daira:el-bayadh:el-bayadh,served_by,true
32036,dz:daira:el-bayadh:el-bayadh,served_by,true
32038,dz:daira:el-abiodh-sidi-cheikh:el-abiodh-sidi-cheikh,served_by,true
32039,dz:daira:el-bayadh:bougtoub,served_by,true
32040,dz:daira:el-abiodh-sidi-cheikh:el-abiodh-sidi-cheikh,served_by,true
32041,dz:daira:el-bayadh:bougtoub,served_by,true
32042,dz:daira:el-abiodh-sidi-cheikh:el-abiodh-sidi-cheikh,served_by,true
32043,dz:daira:el-bayadh:el-bayadh,served_by,true
32045,dz:daira:el-bayadh:brezina,served_by,true
32046,dz:daira:el-bayadh:el-bayadh,served_by,true
33000,dz:daira:illizi:illizi,served_by,true
33001,dz:daira:illizi:in-amenas,served_by,true
33003,dz:daira:illizi:in-amenas,served_by,true
33004,dz:daira:illizi:in-amenas,served_by,true
33005,dz:daira:illizi:illizi,served_by,true
33010,dz:daira:illizi:in-amenas,served_by,true
33015,dz:daira:illizi:in-amenas,served_by,true
33017,dz:daira:illizi:in-amenas,served_by,true
33021,dz:daira:illizi:illizi,served_by,true
33022,dz:daira:illizi:illizi,served_by,true
33023,dz:daira:illizi:in-amenas,served_by,true
33024,dz:daira:illizi:in-amenas,served_by,true
33025,dz:daira:illizi:illizi,served_by,true
33026,dz:daira:illizi:in-amenas,served_by,true
33027,dz:daira:illizi:illizi,served_by,true
33029,dz:daira:illizi:illizi,served_by,true
33030,dz:daira:illizi:illizi,served_by,true
34000,dz:daira:bordj-bou-arreridj:bordj-bou-arreridj,served_by,true
34001,dz:daira:bordj-bou-arreridj:ras-el-oued,served_by,true
34002,dz:daira:bordj-bou-arreridj:bordj-bou-arreridj,served_by,true
34003,dz:daira:bordj-bou-arreridj:bordj-bou-arreridj,served_by,true
34004,dz:daira:bordj-bou-arreridj:bordj-ghedir,served_by,true
34005,dz:daira:bordj-bou-arreridj:bordj-zemoura,served_by,true
34006,dz:daira:bordj-bou-arreridj:medjana,served_by,true
34007,dz:daira:bordj-bou-arreridj:bir-kasdali,served_by,true
34008,dz:daira:bordj-bou-arreridj:mansoura,served_by,true
34009,dz:daira:bordj-bou-arreridj:medjana,served_by,true
34010,dz:daira:bordj-bou-arreridj:ain-taghrout,served_by,true
34011,dz:daira:bordj-bou-arreridj:bir-kasdali,served_by,true
34012,dz:daira:bordj-bou-arreridj:bordj-bou-arreridj,served_by,true
34013,dz:daira:bordj-bou-arreridj:bordj-bou-arreridj,served_by,true
34014,dz:daira:bordj-bou-arreridj:medjana,served_by,true
34015,dz:daira:bordj-bou-arreridj:djaafra,served_by,true
34016,dz:daira:bordj-bou-arreridj:djaafra,served_by,true
34017,dz:daira:bordj-bou-arreridj:el-hamadia,served_by,true
34018,dz:daira:bordj-bou-arreridj:djaafra,served_by,true
34019,dz:daira:bordj-bou-arreridj:mansoura,served_by,true
34020,dz:daira:bordj-bou-arreridj:bir-kasdali,served_by,true
34021,dz:daira:bordj-bou-arreridj:medjana,served_by,true
34022,dz:daira:bordj-bou-arreridj:ain-taghrout,served_by,true
34023,dz:daira:bordj-bou-arreridj:medjana,served_by,true
34024,dz:daira:bordj-bou-arreridj:bordj-bou-arreridj,served_by,true
34025,dz:daira:bordj-bou-arreridj:bordj-ghedir,served_by,true
34026,dz:daira:bordj-bou-arreridj:bordj-zemoura,served_by,true
34027,dz:daira:bordj-bou-arreridj:ras-el-oued,served_by,true
34028,dz:daira:bordj-bou-arreridj:bir-kasdali,served_by,true
34029,dz:daira:bordj-bou-arreridj:el-hamadia,served_by,true
34030,dz:daira:bordj-bou-arreridj:bordj-ghedir,served_by,true
34031,dz:daira:bordj-bou-arreridj:bordj-ghedir,served_by,true
34032,dz:daira:bordj-bou-arreridj:ras-el-oued,served_by,true
34033,dz:daira:bordj-bou-arreridj:bordj-zemoura,served_by,true
34034,dz:daira:bordj-bou-arreridj:djaafra,served_by,true
34035,dz:daira:bordj-bou-arreridj:el-hamadia,served_by,true
34036,dz:daira:bordj-bou-arreridj:medjana,served_by,true
34037,dz:daira:bordj-bou-arreridj:ras-el-oued,served_by,true
34038,dz:daira:bordj-bou-arreridj:ras-el-oued,served_by,true
34039,dz:daira:bordj-bou-arreridj:mansoura,served_by,true
34040,dz:daira:bordj-bou-arreridj:ras-el-oued,served_by,true
34041,dz:daira:bordj-bou-arreridj:bordj-bou-arreridj,served_by,true
34042,dz:daira:bordj-bou-arreridj:mansoura,served_by,true
34043,dz:daira:bordj-bou-arreridj:bir-kasdali,served_by,true
34044,dz:daira:bordj-bou-arreridj:bordj-ghedir,served_by,true
34045,dz:daira:bordj-bou-arreridj:mansoura,served_by,true
34046,dz:daira:bordj-bou-arreridj:bordj-ghedir,served_by,true
34047,dz:daira:bordj-bou-arreridj:mansoura,served_by,true
34048,dz:daira:bordj-bou-arreridj:el-hamadia,served_by,true
34050,dz:daira:bordj-bou-arreridj:el-hamadia,served_by,true
34051,dz:daira:bordj-bou-arreridj:medjana,served_by,true
34052,dz:daira:bordj-bou-arreridj:mansoura,served_by,true
34053,dz:daira:bordj-bou-arreridj:djaafra,served_by,true
34054,dz:daira:bordj-bou-arreridj:bir-kasdali,served_by,true
34055,dz:daira:bordj-bou-arreridj:ras-el-oued,served_by,true
34056,dz:daira:bordj-bou-arreridj:ras-el-oued,served_by,true
34057,dz:daira:bordj-bou-arreridj:mansoura,served_by,true
34058,dz:daira:bordj-bou-arreridj:djaafra,served_by,true
34059,dz:daira:bordj-bou-arreridj:bordj-ghedir,served_by,true
34060,dz:daira:bordj-bou-arreridj:bordj-zemoura,served_by,true
34061,dz:daira:bordj-bou-arreridj:djaafra,served_by,true
34062,dz:daira:bordj-bou-arreridj:mansoura,served_by,true
34063,dz:daira:bordj-bou-arreridj:medjana,served_by,true
34064,dz:daira:bordj-bou-arreridj:bordj-bou-arreridj,served_by,true
34065,dz:daira:bordj-bou-arreridj:ras-el-oued,served_by,true
34066,dz:daira:bordj-bou-arreridj:el-hamadia,served_by,true
34067,dz:daira:bordj-bou-arreridj:bordj-zemoura,served_by,true
34068,dz:daira:bordj-bou-arreridj:medjana,served_by,true
34069,dz:daira:bordj-bou-arreridj:bordj-ghedir,served_by,true
34070,dz:daira:bordj-bou-arreridj:medjana,served_by,true
34071,dz:daira:bordj-bou-arreridj:bir-kasdali,served_by,true
34072,dz:daira:bordj-bou-arreridj:mansoura,served_by,true
34073,dz:daira:bordj-bou-arreridj:mansoura,served_by,true
34074,dz:daira:bordj-bou-arreridj:mansoura,served_by,true
34075,dz:daira:bordj-bou-arreridj:bordj-bou-arreridj,served_by,true
34076,dz:daira:bordj-bou-arreridj:bordj-bou-arreridj,served_by,true
34077,dz:daira:bordj-bou-arreridj:bordj-ghedir,served_by,true
34078,dz:daira:bordj-bou-arreridj:ras-el-oued,served_by,true
35000,dz:daira:boumerdes:boumerdes,served_by,true
35001,dz:daira:boumerdes:bordj-menaiel,served_by,true
35002,dz:daira:boumerdes:bordj-menaiel,served_by,true
35003,dz:daira:boumerdes:boudouaou,served_by,true
35004,dz:daira:boumerdes:dellys,served_by,true
35005,dz:daira:boumerdes:thenia,served_by,true
35006,dz:daira:boumerdes:thenia,served_by,true
35007,dz:daira:boumerdes:boumerdes,served_by,true
35008,dz:daira:boumerdes:isser,served_by,true
35009,dz:daira:boumerdes:isser,served_by,true
35010,dz:daira:boumerdes:khemis-el-khechna,served_by,true
35011,dz:daira:boumerdes:khemis-el-khechna,served_by,true
35012,dz:daira:boumerdes:bordj-menaiel,served_by,true
35013,dz:daira:boumerdes:baghlia,served_by,true
35014,dz:daira:boumerdes:boumerdes,served_by,true
35015,dz:daira:boumerdes:khemis-el-khechna,served_by,true
35016,dz:daira:boumerdes:isser,served_by,true
35017,dz:daira:boumerdes:khemis-el-khechna,served_by,true
35018,dz:daira:boumerdes:naciria,served_by,true
35019,dz:daira:boumerdes:baghlia,served_by,true
35020,dz:daira:boumerdes:thenia,served_by,true
35021,dz:daira:boumerdes:boumerdes,served_by,true
35022,dz:daira:boumerdes:dellys,served_by,true
35023,dz:daira:boumerdes:boudouaou,served_by,true
35024,dz:daira:boumerdes:bordj-menaiel,served_by,true
35025,dz:daira:boumerdes:bordj-menaiel,served_by,true
35026,dz:daira:boumerdes:bordj-menaiel,served_by,true
35027,dz:daira:boumerdes:isser,served_by,true
35028,dz:daira:boumerdes:isser,served_by,true
35029,dz:daira:boumerdes:baghlia,served_by,true
35030,dz:daira:boumerdes:dellys,served_by,true
35031,dz:daira:boumerdes:thenia,served_by,true
35032,dz:daira:boumerdes:dellys,served_by,true
35033,dz:daira:boumerdes:dellys,served_by,true
35034,dz:daira:boumerdes:boudouaou,served_by,true
35036,dz:daira:boumerdes:isser,served_by,true
35037,dz:daira:boumerdes:boudouaou,served_by,true
35038,dz:daira:boumerdes:boudouaou,served_by,true
35039,dz:daira:boumerdes:khemis-el-khechna,served_by,true
35040,dz:daira:boumerdes:naciria,served_by,true
35041,dz:daira:boumerdes:baghlia,served_by,true
35042,dz:daira:boumerdes:thenia,served_by,true
35043,dz:daira:boumerdes:bordj-menaiel,served_by,true
35044,dz:daira:boumerdes:bordj-menaiel,served_by,true
35045,dz:daira:boumerdes:boudouaou,served_by,true
35046,dz:daira:boumerdes:boumerdes,served_by,true
35047,dz:daira:boumerdes:isser,served_by,true
35048,dz:daira:boumerdes:boudouaou,served_by,true
35049,dz:daira:boumerdes:khemis-el-khechna,served_by,true
35050,dz:daira:boumerdes:naciria,served_by,true
35052,dz:daira:boumerdes:boudouaou,served_by,true
35053,dz:daira:boumerdes:baghlia,served_by,true
35055,dz:daira:boumerdes:baghlia,served_by,true
35056,dz:daira:boumerdes:dellys,served_by,true
35057,dz:daira:boumerdes:dellys,served_by,true
35058,dz:daira:boumerdes:baghlia,served_by,true
35059,dz:daira:boumerdes:bordj-menaiel,served_by,true
35060,dz:daira:boumerdes:bordj-menaiel,served_by,true
35061,dz:daira:boumerdes:bordj-menaiel,served_by,true
35062,dz:daira:boumerdes:boumerdes,served_by,true
35063,dz:daira:boumerdes:boumerdes,served_by,true
35064,dz:daira:boumerdes:boudouaou,served_by,true
35065,dz:daira:boumerdes:boudouaou,served_by,true
35067,dz:daira:boumerdes:bordj-menaiel,served_by,true
35068,dz:daira:boumerdes:boumerdes,served_by,true
35069,dz:daira:boumerdes:khemis-el-khechna,served_by,true
35070,dz:daira:boumerdes:isser,served_by,true
35071,dz:daira:boumerdes:isser,served_by,true
35072,dz:daira:boumerdes:bordj-menaiel,served_by,true
35073,dz:daira:boumerdes:khemis-el-khechna,served_by,true
35074,dz:daira:boumerdes:dellys,served_by,true
35075,dz:daira:boumerdes:boudouaou,served_by,true
35076,dz:daira:boumerdes:thenia,served_by,true
36000,dz:daira:el-tarf:el-tarf,served_by,true
36001,dz:daira:el-tarf:drean,served_by,true
36002,dz:daira:el-tarf:el-kala,served_by,true
36003,dz:daira:el-tarf:ben-m-hidi,served_by,true
36004,dz:daira:el-tarf:besbes,served_by,true
36005,dz:daira:el-tarf:bouhadjar,served_by,true
36006,dz:daira:el-tarf:bouteldja,served_by,true
36007,dz:daira:el-tarf:ben-m-hidi,served_by,true
36008,dz:daira:el-tarf:el-tarf,served_by,true
36009,dz:daira:el-tarf:el-tarf,served_by,true
36010,dz:daira:el-tarf:el-tarf,served_by,true
36011,dz:daira:el-tarf:bouhadjar,served_by,true
36012,dz:daira:el-tarf:besbes,served_by,true
36013,dz:daira:el-tarf:drean,served_by,true
36014,dz:daira:el-tarf:drean,served_by,true
36015,dz:daira:el-tarf:besbes,served_by,true
36016,dz:daira:el-tarf:el-tarf,served_by,true
36017,dz:daira:el-tarf:besbes,served_by,true
36018,dz:daira:el-tarf:el-kala,served_by,true
36019,dz:daira:el-tarf:bouteldja,served_by,true
36020,dz:daira:el-tarf:el-kala,served_by,true
36021,dz:daira:el-tarf:el-kala,served_by,true
36022,dz:daira:el-tarf:ben-m-hidi,served_by,true
36023,dz:daira:el-tarf:el-tarf,served_by,true
36024,dz:daira:el-tarf:drean,served_by,true
36025,dz:daira:el-tarf:ben-m-hidi,served_by,true
36026,dz:daira:el-tarf:bouhadjar,served_by,true
36027,dz:daira:el-tarf:ben-m-hidi,served_by,true
36028,dz:daira:el-tarf:bouteldja,served_by,true
36029,dz:daira:el-tarf:el-tarf,served_by,true
36030,dz:daira:el-tarf:el-tarf,served_by,true
36031,dz:daira:el-tarf:besbes,served_by,true
36032,dz:daira:el-tarf:bouteldja,served_by,true
36033,dz:daira:el-tarf:bouhadjar,served_by,true
36034,dz:daira:el-tarf:ben-m-hidi,served_by,true
36035,dz:daira:el-tarf:drean,served_by,true
36036,dz:daira:el-tarf:bouhadjar,served_by,true
36037,dz:daira:el-tarf:el-kala,served_by,true
36038,dz:daira:el-tarf:el-tarf,served_by,true
36039,dz:daira:el-tarf:el-tarf,served_by,true
36041,dz:daira:el-tarf:bouhadjar,served_by,true
36042,dz:daira:el-tarf:el-kala,served_by,true
36043,dz:daira:el-tarf:el-kala,served_by,true
36044,dz:daira:el-tarf:bouhadjar,served_by,true
36046,dz:daira:el-tarf:bouteldja,served_by,true
36047,dz:daira:el-tarf:ben-m-hidi,served_by,true
36048,dz:daira:el-tarf:ben-m-hidi,served_by,true
36049,dz:daira:el-tarf:drean,served_by,true
36050,dz:daira:el-tarf:ben-m-hidi,served_by,true
36051,dz:daira:el-tarf:besbes,served_by,true
36052,dz:daira:el-tarf:drean,served_by,true
36053,dz:daira:el-tarf:el-tarf,served_by,true
36054,dz:daira:el-tarf:besbes,served_by,true
36055,dz:daira:el-tarf:bouteldja,served_by,true
36056,dz:daira:el-tarf:el-kala,served_by,true
36057,dz:daira:el-tarf:bouhadjar,served_by,true
36058,dz:daira:el-tarf:drean,served_by,true
36059,dz:daira:el-tarf:ben-m-hidi,served_by,true
36060,dz:daira:el-tarf:el-tarf,served_by,true
37000,dz:daira:tindouf:tindouf,served_by,true
37001,dz:daira:tindouf:tindouf,served_by,true
37002,dz:daira:tindouf:tindouf,served_by,true
37003,dz:daira:tindouf:tindouf,served_by,true
37004,dz:daira:tindouf:tindouf,served_by,true
37005,dz:daira:tindouf:tindouf,served_by,true
37006,dz:daira:tindouf:tindouf,served_by,true
37008,dz:daira:tindouf:tindouf,served_by,true
37011,dz:daira:tindouf:tindouf,served_by,true
37012,dz:daira:tindouf:tindouf,served_by,true
37014,dz:daira:tindouf:tindouf,served_by,true
37015,dz:daira:tindouf:tindouf,served_by,true
37016,dz:daira:tindouf:tindouf,served_by,true
37017,dz:daira:tindouf:tindouf,served_by,true
37018,dz:daira:tindouf:tindouf,served_by,true
37019,dz:daira:tindouf:tindouf,served_by,true
37020,dz:daira:tindouf:tindouf,served_by,true
37021,dz:daira:tindouf:tindouf,served_by,true
37022,dz:daira:tindouf:tindouf,served_by,true
37024,dz:daira:tindouf:tindouf,served_by,true
38000,dz:daira:tissemsilt:tissemsilt,served_by,true
38001,dz:daira:tissemsilt:bordj-bou-naama,served_by,true
38002,dz:daira:tissemsilt:lardjem,served_by,true
38003,dz:daira:tissemsilt:theniet-el-had,served_by,true
38004,dz:daira:tissemsilt:bordj-el-emir-abdelkader,served_by,true
38005,dz:daira:tissemsilt:lazharia,served_by,true
38006,dz:daira:tissemsilt:khemisti,served_by,true
38007,dz:daira:tissemsilt:khemisti,served_by,true
38008,dz:daira:tissemsilt:lazharia,served_by,true
38009,dz:daira:tissemsilt:tissemsilt,served_by,true
38010,dz:daira:tissemsilt:tissemsilt,served_by,true
38011,dz:daira:tissemsilt:tissemsilt,served_by,true
38012,dz:daira:tissemsilt:ammari,served_by,true
38013,dz:daira:tissemsilt:lardjem,served_by,true
38014,dz:daira:tissemsilt:tissemsilt,served_by,true
38015,dz:daira:tissemsilt:tissemsilt,served_by,true
38016,dz:daira:tissemsilt:khemisti,served_by,true
38017,dz:daira:tissemsilt:khemisti,served_by,true
38018,dz:daira:tissemsilt:theniet-el-had,served_by,true
38019,dz:daira:tissemsilt:bordj-bou-naama,served_by,true
38020,dz:daira:tissemsilt:bordj-bou-naama,served_by,true
38021,dz:daira:tissemsilt:khemisti,served_by,true
38022,dz:daira:tissemsilt:lazharia,served_by,true
38023,dz:daira:tissemsilt:ammari,served_by,true
38024,dz:daira:tissemsilt:khemisti,served_by,true
38025,dz:daira:tissemsilt:ammari,served_by,true
38026,dz:daira:tissemsilt:theniet-el-had,served_by,true
38027,dz:daira:tissemsilt:lardjem,served_by,true
38028,dz:daira:tissemsilt:bordj-bou-naama,served_by,true
38029,dz:daira:tissemsilt:lardjem,served_by,true
38030,dz:daira:tissemsilt:lazharia,served_by,true
38031,dz:daira:tissemsilt:bordj-el-emir-abdelkader,served_by,true
38032,dz:daira:tissemsilt:theniet-el-had,served_by,true
38033,dz:daira:tissemsilt:tissemsilt,served_by,true
38034,dz:daira:tissemsilt:tissemsilt,served_by,true
38035,dz:daira:tissemsilt:tissemsilt,served_by,true
38036,dz:daira:tissemsilt:tissemsilt,served_by,true
38037,dz:daira:tissemsilt:khemisti,served_by,true
38038,dz:daira:tissemsilt:tissemsilt,served_by,true
38039,dz:daira:tissemsilt:khemisti,served_by,true
38040,dz:daira:tissemsilt:tissemsilt,served_by,true
38041,dz:daira:tissemsilt:bordj-el-emir-abdelkader,served_by,true
38042,dz:daira:tissemsilt:tissemsilt,served_by,true
38043,dz:daira:tissemsilt:tissemsilt,served_by,true
38044,dz:daira:tissemsilt:lardjem,served_by,true
38045,dz:daira:tissemsilt:bordj-bou-naama,served_by,true
38046,dz:daira:tissemsilt:tissemsilt,served_by,true
39000,dz:daira:el-oued:el-oued,served_by,true
39001,dz:daira:el-oued:el-oued,served_by,true
39002,dz:daira:el-oued:guemar,served_by,true
39003,dz:daira:el-oued:debila,served_by,true
39006,dz:daira:el-oued:el-oued,served_by,true
39007,dz:daira:el-oued:bayadha,served_by,true
39008,dz:daira:el-oued:bayadha,served_by,true
39009,dz:daira:el-oued:el-oued,served_by,true
39010,dz:daira:el-oued:el-oued,served_by,true
39011,dz:daira:el-oued:el-oued,served_by,true
39012,dz:daira:el-oued:el-oued,served_by,true
39013,dz:daira:el-oued:hassi-khalifa,served_by,true
39014,dz:daira:el-oued:el-oued,served_by,true
39015,dz:daira:el-oued:magrane,served_by,true
39016,dz:daira:el-oued:reguiba,served_by,true
39017,dz:daira:el-oued:robbah,served_by,true
39019,dz:daira:el-oued:taleb-larbi,served_by,true
39020,dz:daira:el-oued:debila,served_by,true
39023,dz:daira:el-oued:debila,served_by,true
39024,dz:daira:el-oued:taleb-larbi,served_by,true
39026,dz:daira:el-oued:el-oued,served_by,true
39027,dz:daira:el-oued:guemar,served_by,true
39028,dz:daira:el-oued:guemar,served_by,true
39029,dz:daira:el-oued:debila,served_by,true
39030,dz:daira:el-oued:mih-ouansa,served_by,true
39031,dz:daira:el-oued:robbah,served_by,true
39033,dz:daira:el-oued:mih-ouansa,served_by,true
39035,dz:daira:el-oued:guemar,served_by,true
39036,dz:daira:el-oued:reguiba,served_by,true
39037,dz:daira:el-oued:magrane,served_by,true
39040,dz:daira:el-oued:guemar,served_by,true
39044,dz:daira:el-oued:hassi-khalifa,served_by,true
39046,dz:daira:el-oued:debila,served_by,true
39047,dz:daira:el-oued:magrane,served_by,true
39048,dz:daira:el-oued:taleb-larbi,served_by,true
39050,dz:daira:el-oued:debila,served_by,true
39052,dz:daira:el-oued:magrane,served_by,true
39053,dz:daira:el-oued:debila,served_by,true
39054,dz:daira:el-oued:debila,served_by,true
39055,dz:daira:el-oued:robbah,served_by,true
39058,dz:daira:el-oued:robbah,served_by,true
39059,dz:daira:el-oued:magrane,served_by,true
39060,dz:daira:el-oued:hassi-khalifa,served_by,true
39061,dz:daira:el-oued:reguiba,served_by,true
39062,dz:daira:el-oued:reguiba,served_by,true
39063,dz:daira:el-oued:hassi-khalifa,served_by,true
39065,dz:daira:el-oued:reguiba,served_by,true
39066,dz:daira:el-oued:hassi-khalifa,served_by,true
39068,dz:daira:el-oued:robbah,served_by,true
39069,dz:daira:el-oued:el-oued,served_by,true
39070,dz:daira:el-oued:robbah,served_by,true
39071,dz:daira:el-oued:mih-ouansa,served_by,true
39072,dz:daira:el-oued:mih-ouansa,served_by,true
39073,dz:daira:el-oued:hassi-khalifa,served_by,true
39074,dz:daira:el-oued:bayadha,served_by,true
39075,dz:daira:el-oued:magrane,served_by,true
39077,dz:daira:el-oued:debila,served_by,true
39078,dz:daira:el-oued:magrane,served_by,true
39079,dz:daira:el-oued:debila,served_by,true
39080,dz:daira:el-oued:el-oued,served_by,true
39081,dz:daira:el-oued:taleb-larbi,served_by,true
39082,dz:daira:el-oued:robbah,served_by,true
39083,dz:daira:el-oued:guemar,served_by,true
39084,dz:daira:el-oued:el-oued,served_by,true
39085,dz:daira:el-oued:mih-ouansa,served_by,true
39087,dz:daira:el-oued:robbah,served_by,true
39088,dz:daira:el-oued:el-oued,served_by,true
39089,dz:daira:el-oued:el-oued,served_by,true
39090,dz:daira:el-oued:hassi-khalifa,served_by,true
39091,dz:daira:el-oued:el-oued,served_by,true
39093,dz:daira:el-oued:el-oued,served_by,true
39094,dz:daira:el-oued:bayadha,served_by,true
39095,dz:daira:el-oued:taleb-larbi,served_by,true
39096,dz:daira:el-oued:taleb-larbi,served_by,true
39097,dz:daira:el-oued:hassi-khalifa,served_by,true
39098,dz:daira:el-oued:el-oued,served_by,true
39099,dz:daira:el-oued:guemar,served_by,true
40000,dz:daira:khenchela:khenchela,served_by,true
40001,dz:daira:khenchela:kais,served_by,true
40002,dz:daira:khenchela:khenchela,served_by,true
40003,dz:daira:khenchela:khenchela,served_by,true
40004,dz:daira:khenchela:khenchela,served_by,true
40005,dz:daira:khenchela:ain-touila,served_by,true
40006,dz:daira:khenchela:babar,served_by,true
40007,dz:daira:khenchela:bouhmama,served_by,true
40008,dz:daira:khenchela:chechar,served_by,true
40009,dz:daira:khenchela:kais,served_by,true
40010,dz:daira:khenchela:khenchela,served_by,true
40011,dz:daira:khenchela:kais,served_by,true
40012,dz:daira:khenchela:ouled-rechache,served_by,true
40013,dz:daira:khenchela:ouled-rechache,served_by,true
40014,dz:daira:khenchela:el-hamma,served_by,true
40015,dz:daira:khenchela:chechar,served_by,true
40016,dz:daira:khenchela:el-hamma,served_by,true
40017,dz:daira:khenchela:khenchela,served_by,true
40018,dz:daira:khenchela:khenchela,served_by,true
40019,dz:daira:khenchela:khenchela,served_by,true
40020,dz:daira:khenchela:khenchela,served_by,true
40021,dz:daira:khenchela:ain-touila,served_by,true
40022,dz:daira:khenchela:chechar,served_by,true
40023,dz:daira:khenchela:bouhmama,served_by,true
40024,dz:daira:khenchela:el-hamma,served_by,true
40025,dz:daira:khenchela:babar,served_by,true
40026,dz:daira:khenchela:babar,served_by,true
40027,dz:daira:khenchela:el-hamma,served_by,true
40028,dz:daira:khenchela:ain-touila,served_by,true
40029,dz:daira:khenchela:ain-touila,served_by,true
40030,dz:daira:khenchela:bouhmama,served_by,true
40031,dz:daira:khenchela:el-hamma,served_by,true
40032,dz:daira:khenchela:chechar,served_by,true
40035,dz:daira:khenchela:chechar,served_by,true
40036,dz:daira:khenchela:chechar,served_by,true
40037,dz:daira:khenchela:chechar,served_by,true
40038,dz:daira:khenchela:ain-touila,served_by,true
40039,dz:daira:khenchela:bouhmama,served_by,true
40040,dz:daira:khenchela:ouled-rechache,served_by,true
40041,dz:daira:khenchela:kais,served_by,true
40043,dz:daira:khenchela:el-hamma,served_by,true
40045,dz:daira:khenchela:kais,served_by,true
40046,dz:daira:khenchela:chechar,served_by,true
40047,dz:daira:khenchela:khenchela,served_by,true
40048,dz:daira:khenchela:ouled-rechache,served_by,true
40049,dz:daira:khenchela:babar,served_by,true
40050,dz:daira:khenchela:bouhmama,served_by,true
40051,dz:daira:khenchela:el-hamma,served_by,true
40052,dz:daira:khenchela:khenchela,served_by,true
40053,dz:daira:khenchela:chechar,served_by,true
40054,dz:daira:khenchela:ouled-rechache,served_by,true
40055,dz:daira:khenchela:khenchela,served_by,true
40056,dz:daira:khenchela:khenchela,served_by,true
40100,dz:daira:khenchela:el-hamma,served_by,true
41000,dz:daira:souk-ahras:souk-ahras,served_by,true
41001,dz:daira:souk-ahras:m-daourouch,served_by,true
41002,dz:daira:souk-ahras:sedrata,served_by,true
41003,dz:daira:souk-ahras:souk-ahras,served_by,true
41004,dz:daira:souk-ahras:merahna,served_by,true
41005,dz:daira:souk-ahras:ouled-driss,served_by,true
41006,dz:daira:souk-ahras:sedrata,served_by,true
41007,dz:daira:souk-ahras:souk-ahras,served_by,true
41008,dz:daira:souk-ahras:souk-ahras,served_by,true
41009,dz:daira:souk-ahras:taoura,served_by,true
41010,dz:daira:souk-ahras:mechroha,served_by,true
41011,dz:daira:souk-ahras:bir-bou-haouch,served_by,true
41012,dz:daira:souk-ahras:heddada,served_by,true
41013,dz:daira:souk-ahras:heddada,served_by,true
41014,dz:daira:souk-ahras:taoura,served_by,true
41015,dz:daira:souk-ahras:taoura,served_by,true
41016,dz:daira:souk-ahras:mechroha,served_by,true
41017,dz:daira:souk-ahras:mechroha,served_by,true
41018,dz:daira:souk-ahras:oum-el-adhaim,served_by,true
41019,dz:daira:souk-ahras:oum-el-adhaim,served_by,true
41020,dz:daira:souk-ahras:sedrata,served_by,true
41021,dz:daira:souk-ahras:souk-ahras,served_by,true
41022,dz:daira:souk-ahras:souk-ahras,served_by,true
41023,dz:daira:souk-ahras:souk-ahras,served_by,true
41024,dz:daira:souk-ahras:souk-ahras,served_by,true
41025,dz:daira:souk-ahras:taoura,served_by,true
41026,dz:daira:souk-ahras:sedrata,served_by,true
41027,dz:daira:souk-ahras:ouled-driss,served_by,true
41028,dz:daira:souk-ahras:taoura,served_by,true
41029,dz:daira:souk-ahras:merahna,served_by,true
41030,dz:daira:souk-ahras:merahna,served_by,true
41031,dz:daira:souk-ahras:sedrata,served_by,true
41032,dz:daira:souk-ahras:merahna,served_by,true
41033,dz:daira:souk-ahras:m-daourouch,served_by,true
41034,dz:daira:souk-ahras:heddada,served_by,true
41035,dz:daira:souk-ahras:bir-bou-haouch,served_by,true
41036,dz:daira:souk-ahras:souk-ahras,served_by,true
41037,dz:daira:souk-ahras:oum-el-adhaim,served_by,true
41038,dz:daira:souk-ahras:m-daourouch,served_by,true
41039,dz:daira:souk-ahras:bir-bou-haouch,served_by,true
41040,dz:daira:souk-ahras:souk-ahras,served_by,true
41041,dz:daira:souk-ahras:m-daourouch,served_by,true
41042,dz:daira:souk-ahras:merahna,served_by,true
41043,dz:daira:souk-ahras:souk-ahras,served_by,true
41044,dz:daira:souk-ahras:taoura,served_by,true
41045,dz:daira:souk-ahras:mechroha,served_by,true
41046,dz:daira:souk-ahras:souk-ahras,served_by,true
41047,dz:daira:souk-ahras:m-daourouch,served_by,true
41048,dz:daira:souk-ahras:taoura,served_by,true
41049,dz:daira:souk-ahras:souk-ahras,served_by,true
41050,dz:daira:souk-ahras:sedrata,served_by,true
41051,dz:daira:souk-ahras:m-daourouch,served_by,true
41052,dz:daira:souk-ahras:heddada,served_by,true
41054,dz:daira:souk-ahras:souk-ahras,served_by,true
41055,dz:daira:souk-ahras:merahna,served_by,true
41056,dz:daira:souk-ahras:mechroha,served_by,true
41057,dz:daira:souk-ahras:sedrata,served_by,true
41058,dz:daira:souk-ahras:taoura,served_by,true
41059,dz:daira:souk-ahras:oum-el-adhaim,served_by,true
41060,dz:daira:souk-ahras:ouled-driss,served_by,true
42000,dz:daira:tipasa:tipaza,served_by,true
42001,dz:daira:tipasa:hadjout,served_by,true
42002,dz:daira:tipasa:cherchell,served_by,true
42003,dz:daira:tipasa:kolea,served_by,true
42004,dz:daira:tipasa:bou-ismail,served_by,true
42005,dz:daira:tipasa:ahmar-el-ain,served_by,true
42006,dz:daira:tipasa:fouka,served_by,true
42007,dz:daira:tipasa:gouraya,served_by,true
42008,dz:daira:tipasa:kolea,served_by,true
42009,dz:daira:tipasa:bou-ismail,served_by,true
42010,dz:daira:tipasa:bou-ismail,served_by,true
42011,dz:daira:tipasa:ahmar-el-ain,served_by,true
42012,dz:daira:tipasa:kolea,served_by,true
42013,dz:daira:tipasa:cherchell,served_by,true
42014,dz:daira:tipasa:damous,served_by,true
42015,dz:daira:tipasa:fouka,served_by,true
42016,dz:daira:tipasa:bou-ismail,served_by,true
42017,dz:daira:tipasa:damous,served_by,true
42018,dz:daira:tipasa:sidi-amar,served_by,true
42019,dz:daira:tipasa:hadjout,served_by,true
42020,dz:daira:tipasa:sidi-amar,served_by,true
42021,dz:daira:tipasa:cherchell,served_by,true
42022,dz:daira:tipasa:tipaza,served_by,true
42023,dz:daira:tipasa:bou-ismail,served_by,true
42024,dz:daira:tipasa:damous,served_by,true
42025,dz:daira:tipasa:tipaza,served_by,true
42026,dz:daira:tipasa:fouka,served_by,true
42027,dz:daira:tipasa:fouka,served_by,true
42028,dz:daira:tipasa:gouraya,served_by,true
42029,dz:daira:tipasa:cherchell,served_by,true
42030,dz:daira:tipasa:kolea,served_by,true
42031,dz:daira:tipasa:cherchell,served_by,true
42032,dz:daira:tipasa:kolea,served_by,true
42033,dz:daira:tipasa:bou-ismail,served_by,true
42034,dz:daira:tipasa:kolea,served_by,true
42035,dz:daira:tipasa:gouraya,served_by,true
42036,dz:daira:tipasa:gouraya,served_by,true
42037,dz:daira:tipasa:hadjout,served_by,true
42038,dz:daira:tipasa:sidi-amar,served_by,true
42039,dz:daira:tipasa:sidi-amar,served_by,true
42040,dz:daira:tipasa:ahmar-el-ain,served_by,true
42041,dz:daira:tipasa:cherchell,served_by,true
42042,dz:daira:tipasa:sidi-amar,served_by,true
42043,dz:daira:tipasa:ahmar-el-ain,served_by,true
42044,dz:daira:tipasa:fouka,served_by,true
42045,dz:daira:tipasa:tipaza,served_by,true
42046,dz:daira:tipasa:hadjout,served_by,true
42047,dz:daira:tipasa:kolea,served_by,true
42048,dz:daira:tipasa:hadjout,served_by,true
42049,dz:daira:tipasa:hadjout,served_by,true
42050,dz:daira:tipasa:ahmar-el-ain,served_by,true
42051,dz:daira:tipasa:kolea,served_by,true
42052,dz:daira:tipasa:fouka,served_by,true
42053,dz:daira:tipasa:fouka,served_by,true
42054,dz:daira:tipasa:cherchell,served_by,true
42055,dz:daira:tipasa:hadjout,served_by,true
42056,dz:daira:tipasa:sidi-amar,served_by,true
42057,dz:daira:tipasa:cherchell,served_by,true
42058,dz:daira:tipasa:gouraya,served_by,true
42059,dz:daira:tipasa:cherchell,served_by,true
42060,dz:daira:tipasa:damous,served_by,true
42061,dz:daira:tipasa:ahmar-el-ain,served_by,true
42062,dz:daira:tipasa:hadjout,served_by,true
42063,dz:daira:tipasa:kolea,served_by,true
42064,dz:daira:tipasa:damous,served_by,true
42065,dz:daira:tipasa:tipaza,served_by,true
42066,dz:daira:tipasa:kolea,served_by,true
42071,dz:daira:tipasa:tipaza,served_by,true
43000,dz:daira:mila:mila,served_by,true
43001,dz:daira:mila:chelghoum-laid,served_by,true
43002,dz:daira:mila:ferdjioua,served_by,true
43003,dz:daira:mila:chelghoum-laid,served_by,true
43004,dz:daira:mila:grarem-gouga,served_by,true
43005,dz:daira:mila:chelghoum-laid,served_by,true
43006,dz:daira:mila:oued-endja,served_by,true
43007,dz:daira:mila:tadjenanet,served_by,true
43008,dz:daira:mila:teleghma,served_by,true
43009,dz:daira:mila:rouached,served_by,true
43010,dz:daira:mila:sidi-merouane,served_by,true
43011,dz:daira:mila:tadjenanet,served_by,true
43012,dz:daira:mila:oued-endja,served_by,true
43013,dz:daira:mila:oued-endja,served_by,true
43014,dz:daira:mila:ain-beida-harriche,served_by,true
43015,dz:daira:mila:chelghoum-laid,served_by,true
43016,dz:daira:mila:mila,served_by,true
43017,dz:daira:mila:terrai-bainen,served_by,true
43018,dz:daira:mila:terrai-bainen,served_by,true
43019,dz:daira:mila:ferdjioua,served_by,true
43020,dz:daira:mila:tadjenanet,served_by,true
43021,dz:daira:mila:chelghoum-laid,served_by,true
43022,dz:daira:mila:bouhatem,served_by,true
43023,dz:daira:mila:chelghoum-laid,served_by,true
43024,dz:daira:mila:chelghoum-laid,served_by,true
43025,dz:daira:mila:sidi-merouane,served_by,true
43026,dz:daira:mila:teleghma,served_by,true
43027,dz:daira:mila:ferdjioua,served_by,true
43028,dz:daira:mila:ferdjioua,served_by,true
43029,dz:daira:mila:mila,served_by,true
43030,dz:daira:mila:mila,served_by,true
43031,dz:daira:mila:teleghma,served_by,true
43032,dz:daira:mila:tadjenanet,served_by,true
43033,dz:daira:mila:tassadane-haddada,served_by,true
43034,dz:daira:mila:terrai-bainen,served_by,true
43035,dz:daira:mila:rouached,served_by,true
43036,dz:daira:mila:tassadane-haddada,served_by,true
43037,dz:daira:mila:bouhatem,served_by,true
43038,dz:daira:mila:grarem-gouga,served_by,true
43039,dz:daira:mila:mila,served_by,true
43040,dz:daira:mila:teleghma,served_by,true
43042,dz:daira:mila:chelghoum-laid,served_by,true
43043,dz:daira:mila:chelghoum-laid,served_by,true
43044,dz:daira:mila:teleghma,served_by,true
43045,dz:daira:mila:terrai-bainen,served_by,true
43046,dz:daira:mila:bouhatem,served_by,true
43047,dz:daira:mila:chelghoum-laid,served_by,true
43048,dz:daira:mila:rouached,served_by,true
43049,dz:daira:mila:oued-endja,served_by,true
43050,dz:daira:mila:ain-beida-harriche,served_by,true
43051,dz:daira:mila:sidi-merouane,served_by,true
43052,dz:daira:mila:grarem-gouga,served_by,true
43053,dz:daira:mila:bouhatem,served_by,true
43055,dz:daira:mila:tadjenanet,served_by,true
43057,dz:daira:mila:oued-endja,served_by,true
43058,dz:daira:mila:mila,served_by,true
43059,dz:daira:mila:chelghoum-laid,served_by,true
43060,dz:daira:mila:mila,served_by,true
43061,dz:daira:mila:rouached,served_by,true
43062,dz:daira:mila:chelghoum-laid,served_by,true
43063,dz:daira:mila:tassadane-haddada,served_by,true
43064,dz:daira:mila:terrai-bainen,served_by,true
43065,dz:daira:mila:teleghma,served_by,true
43066,dz:daira:mila:mila,served_by,true
43067,dz:daira:mila:ferdjioua,served_by,true
43068,dz:daira:mila:grarem-gouga,served_by,true
43069,dz:daira:mila:teleghma,served_by,true
43070,dz:daira:mila:sidi-merouane,served_by,true
43071,dz:daira:mila:ferdjioua,served_by,true
43072,dz:daira:mila:mila,served_by,true
43073,dz:daira:mila:mila,served_by,true
43074,dz:daira:mila:tassadane-haddada,served_by,true
43075,dz:daira:mila:mila,served_by,true
43076,dz:daira:mila:grarem-gouga,served_by,true
43077,dz:daira:mila:grarem-gouga,served_by,true
43078,dz:daira:mila:mila,served_by,true
43079,dz:daira:mila:rouached,served_by,true
43080,dz:daira:mila:chelghoum-laid,served_by,true
43081,dz:daira:mila:ain-beida-harriche,served_by,true
43082,dz:daira:mila:oued-endja,served_by,true
43083,dz:daira:mila:tadjenanet,served_by,true
43084,dz:daira:mila:chelghoum-laid,served_by,true
44000,dz:daira:ain-defla:ain-defla,served_by,true
44001,dz:daira:ain-defla:khemis-miliana,served_by,true
44002,dz:daira:ain-defla:el-attaf,served_by,true
44003,dz:daira:ain-defla:miliana,served_by,true
44004,dz:daira:ain-defla:boumedfaa,served_by,true
44005,dz:daira:ain-defla:djendel,served_by,true
44006,dz:daira:ain-defla:el-abadia,served_by,true
44007,dz:daira:ain-defla:ain-defla,served_by,true
44008,dz:daira:ain-defla:djendel,served_by,true
44009,dz:daira:ain-defla:djelida,served_by,true
44010,dz:daira:ain-defla:el-amra,served_by,true
44011,dz:daira:ain-defla:el-attaf,served_by,true
44012,dz:daira:ain-defla:khemis-miliana,served_by,true
44013,dz:daira:ain-defla:khemis-miliana,served_by,true
44014,dz:daira:ain-defla:khemis-miliana,served_by,true
44015,dz:daira:ain-defla:khemis-miliana,served_by,true
44016,dz:daira:ain-defla:miliana,served_by,true
44017,dz:daira:ain-defla:rouina,served_by,true
44018,dz:daira:ain-defla:ain-lechiakh,served_by,true
44019,dz:daira:ain-defla:ain-defla,served_by,true
44020,dz:daira:ain-defla:ain-defla,served_by,true
44021,dz:daira:ain-defla:bordj-emir-khaled,served_by,true
44022,dz:daira:ain-defla:khemis-miliana,served_by,true
44023,dz:daira:ain-defla:hammam-righa,served_by,true
44024,dz:daira:ain-defla:hammam-righa,served_by,true
44025,dz:daira:ain-defla:el-attaf,served_by,true
44026,dz:daira:ain-defla:el-attaf,served_by,true
44027,dz:daira:ain-defla:khemis-miliana,served_by,true
44028,dz:daira:ain-defla:el-amra,served_by,true
44029,dz:daira:ain-defla:ain-lechiakh,served_by,true
44030,dz:daira:ain-defla:ain-lechiakh,served_by,true
44031,dz:daira:ain-defla:rouina,served_by,true
44032,dz:daira:ain-defla:ain-defla,served_by,true
44033,dz:daira:ain-defla:ain-defla,served_by,true
44034,dz:daira:ain-defla:djendel,served_by,true
44035,dz:daira:ain-defla:ain-defla,served_by,true
44036,dz:daira:ain-defla:hammam-righa,served_by,true
44037,dz:daira:ain-defla:djelida,served_by,true
44038,dz:daira:ain-defla:el-attaf,served_by,true
44039,dz:daira:ain-defla:el-attaf,served_by,true
44040,dz:daira:ain-defla:rouina,served_by,true
44041,dz:daira:ain-defla:bathia,served_by,true
44042,dz:daira:ain-defla:el-attaf,served_by,true
44043,dz:daira:ain-defla:hammam-righa,served_by,true
44044,dz:daira:ain-defla:djendel,served_by,true
44045,dz:daira:ain-defla:el-attaf,served_by,true
44046,dz:daira:ain-defla:hammam-righa,served_by,true
44047,dz:daira:ain-defla:el-amra,served_by,true
44048,dz:daira:ain-defla:miliana,served_by,true
44049,dz:daira:ain-defla:boumedfaa,served_by,true
44050,dz:daira:ain-defla:rouina,served_by,true
44051,dz:daira:ain-defla:miliana,served_by,true
44052,dz:daira:ain-defla:boumedfaa,served_by,true
44053,dz:daira:ain-defla:miliana,served_by,true
44054,dz:daira:ain-defla:ain-defla,served_by,true
44055,dz:daira:ain-defla:rouina,served_by,true
44056,dz:daira:ain-defla:rouina,served_by,true
44057,dz:daira:ain-defla:el-abadia,served_by,true
44058,dz:daira:ain-defla:el-amra,served_by,true
44059,dz:daira:ain-defla:miliana,served_by,true
44060,dz:daira:ain-defla:ain-defla,served_by,true
44061,dz:daira:ain-defla:ain-defla,served_by,true
44062,dz:daira:ain-defla:el-amra,served_by,true
44063,dz:daira:ain-defla:djendel,served_by,true
44064,dz:daira:ain-defla:djendel,served_by,true
44065,dz:daira:ain-defla:khemis-miliana,served_by,true
44066,dz:daira:ain-defla:djelida,served_by,true
44067,dz:daira:ain-defla:el-amra,served_by,true
44068,dz:daira:ain-defla:ain-defla,served_by,true
44069,dz:daira:ain-defla:ain-defla,served_by,true
44070,dz:daira:ain-defla:djendel,served_by,true
45000,dz:daira:naama:naama,served_by,true
45001,dz:daira:naama:ain-sefra,served_by,true
45002,dz:daira:naama:mecheria,served_by,true
45003,dz:daira:naama:ain-sefra,served_by,true
45004,dz:daira:naama:mecheria,served_by,true
45005,dz:daira:naama:mekmen-ben-amar,served_by,true
45006,dz:daira:naama:naama,served_by,true
45007,dz:daira:naama:mekmen-ben-amar,served_by,true
45008,dz:daira:naama:mecheria,served_by,true
45009,dz:daira:naama:ain-sefra,served_by,true
45010,dz:daira:naama:ain-sefra,served_by,true
45011,dz:daira:naama:ain-sefra,served_by,true
45012,dz:daira:naama:assela,served_by,true
45013,dz:daira:naama:moghrar,served_by,true
45014,dz:daira:naama:moghrar,served_by,true
45015,dz:daira:naama:mecheria,served_by,true
45016,dz:daira:naama:mecheria,served_by,true
45017,dz:daira:naama:mecheria,served_by,true
45018,dz:daira:naama:mecheria,served_by,true
45019,dz:daira:naama:moghrar,served_by,true
45020,dz:daira:naama:naama,served_by,true
45021,dz:daira:naama:sfissifa,served_by,true
45022,dz:daira:naama:assela,served_by,true
45023,dz:daira:naama:ain-sefra,served_by,true
45024,dz:daira:naama:mekmen-ben-amar,served_by,true
45025,dz:daira:naama:moghrar,served_by,true
45026,dz:daira:naama:assela,served_by,true
45027,dz:daira:naama:naama,served_by,true
45028,dz:daira:naama:sfissifa,served_by,true
45029,dz:daira:naama:sfissifa,served_by,true
45030,dz:daira:naama:ain-sefra,served_by,true
45031,dz:daira:naama:ain-sefra,served_by,true
45032,dz:daira:naama:naama,served_by,true
45033,dz:daira:naama:ain-sefra,served_by,true
45034,dz:daira:naama:mecheria,served_by,true
45035,dz:daira:naama:mecheria,served_by,true
45036,dz:daira:naama:mecheria,served_by,true
45037,dz:daira:naama:mecheria,served_by,true
45038,dz:daira:naama:mecheria,served_by,true
45039,dz:daira:naama:mecheria,served_by,true
45040,dz:daira:naama:ain-sefra,served_by,true
45044,dz:daira:naama:naama,served_by,true
45045,dz:daira:naama:ain-sefra,served_by,true
45046,dz:daira:naama:mecheria,served_by,true
45047,dz:daira:naama:ain-sefra,served_by,true
45048,dz:daira:naama:naama,served_by,true
45049,dz:daira:naama:naama,served_by,true
45050,dz:daira:naama:mecheria,served_by,true
45051,dz:daira:naama:naama,served_by,true
45052,dz:daira:naama:mekmen-ben-amar,served_by,true
45053,dz:daira:naama:naama,served_by,true
46000,dz:daira:ain-temouchent:ain-temouchent,served_by,true
46001,dz:daira:ain-temouchent:beni-saf,served_by,true
46002,dz:daira:ain-temouchent:ain-temouchent,served_by,true
46003,dz:daira:ain-temouchent:ain-temouchent,served_by,true
46004,dz:daira:ain-temouchent:beni-saf,served_by,true
46005,dz:daira:ain-temouchent:hammam-bou-hadjar,served_by,true
46006,dz:daira:ain-temouchent:el-amria,served_by,true
46007,dz:daira:ain-temouchent:el-malah,served_by,true
46008,dz:daira:ain-temouchent:ain-kihal,served_by,true
46009,dz:daira:ain-temouchent:ain-el-arbaa,served_by,true
46010,dz:daira:ain-temouchent:ain-kihal,served_by,true
46011,dz:daira:ain-temouchent:el-malah,served_by,true
46012,dz:daira:ain-temouchent:el-amria,served_by,true
46013,dz:daira:ain-temouchent:ain-temouchent,served_by,true
46014,dz:daira:ain-temouchent:oulhaca-gheraba,served_by,true
46015,dz:daira:ain-temouchent:el-malah,served_by,true
46016,dz:daira:ain-temouchent:ain-kihal,served_by,true
46017,dz:daira:ain-temouchent:ain-kihal,served_by,true
46018,dz:daira:ain-temouchent:beni-saf,served_by,true
46019,dz:daira:ain-temouchent:beni-saf,served_by,true
46020,dz:daira:ain-temouchent:hammam-bou-hadjar,served_by,true
46021,dz:daira:ain-temouchent:hammam-bou-hadjar,served_by,true
46022,dz:daira:ain-temouchent:hammam-bou-hadjar,served_by,true
46023,dz:daira:ain-temouchent:ain-el-arbaa,served_by,true
46024,dz:daira:ain-temouchent:oulhaca-gheraba,served_by,true
46025,dz:daira:ain-temouchent:beni-saf,served_by,true
46026,dz:daira:ain-temouchent:ain-el-arbaa,served_by,true
46027,dz:daira:ain-temouchent:ain-kihal,served_by,true
46028,dz:daira:ain-temouchent:hammam-bou-hadjar,served_by,true
46029,dz:daira:ain-temouchent:hammam-bou-hadjar,served_by,true
46030,dz:daira:ain-temouchent:beni-saf,served_by,true
46031,dz:daira:ain-temouchent:el-amria,served_by,true
46032,dz:daira:ain-temouchent:hammam-bou-hadjar,served_by,true
46033,dz:daira:ain-temouchent:el-amria,served_by,true
46034,dz:daira:ain-temouchent:ain-temouchent,served_by,true
46035,dz:daira:ain-temouchent:el-malah,served_by,true
46036,dz:daira:ain-temouchent:el-amria,served_by,true
46037,dz:daira:ain-temouchent:beni-saf,served_by,true
46038,dz:daira:ain-temouchent:el-malah,served_by,true
46039,dz:daira:ain-temouchent:hammam-bou-hadjar,served_by,true
46040,dz:daira:ain-temouchent:hammam-bou-hadjar,served_by,true
46041,dz:daira:ain-temouchent:el-malah,served_by,true
46042,dz:daira:ain-temouchent:ain-kihal,served_by,true
46043,dz:daira:ain-temouchent:el-amria,served_by,true
46044,dz:daira:ain-temouchent:el-malah,served_by,true
46045,dz:daira:ain-temouchent:el-malah,served_by,true
46046,dz:daira:ain-temouchent:el-amria,served_by,true
46047,dz:daira:ain-temouchent:beni-saf,served_by,true
46048,dz:daira:ain-temouchent:el-amria,served_by,true
46049,dz:daira:ain-temouchent:ain-el-arbaa,served_by,true
46050,dz:daira:ain-temouchent:el-amria,served_by,true
46051,dz:daira:ain-temouchent:ain-el-arbaa,served_by,true
46052,dz:daira:ain-temouchent:el-malah,served_by,true
46053,dz:daira:ain-temouchent:oulhaca-gheraba,served_by,true
46054,dz:daira:ain-temouchent:el-malah,served_by,true
46055,dz:daira:ain-temouchent:el-amria,served_by,true
46056,dz:daira:ain-temouchent:ain-temouchent,served_by,true
46057,dz:daira:ain-temouchent:ain-temouchent,served_by,true
46058,dz:daira:ain-temouchent:el-amria,served_by,true
46059,dz:daira:ain-temouchent:ain-temouchent,served_by,true
46060,dz:daira:ain-temouchent:ain-temouchent,served_by,true
46061,dz:daira:ain-temouchent:ain-el-arbaa,served_by,true
46062,dz:daira:ain-temouchent:oulhaca-gheraba,served_by,true
46063,dz:daira:ain-temouchent:ain-temouchent,served_by,true
46064,dz:daira:ain-temouchent:ain-temouchent,served_by,true
46065,dz:daira:ain-temouchent:hammam-bou-hadjar,served_by,true
46066,dz:daira:ain-temouchent:hammam-bou-hadjar,served_by,true
46067,dz:daira:ain-temouchent:el-malah,served_by,true
46068,dz:daira:ain-temouchent:ain-kihal,served_by,true
46069,dz:daira:ain-temouchent:ain-temouchent,served_by,true
46070,dz:daira:ain-temouchent:beni-saf,served_by,true
46071,dz:daira:ain-temouchent:el-amria,served_by,true
46072,dz:daira:ain-temouchent:ain-el-arbaa,served_by,true
46073,dz:daira:ain-temouchent:ain-temouchent,served_by,true
47000,dz:daira:ghardaia:ghardaia,served_by,true
47002,dz:daira:ghardaia:metlili,served_by,true
47003,dz:daira:ghardaia:berriane,served_by,true
47004,dz:daira:ghardaia:el-guerrara,served_by,true
47005,dz:daira:ghardaia:bounoura,served_by,true
47007,dz:daira:ghardaia:zelfana,served_by,true
47009,dz:daira:ghardaia:ghardaia,served_by,true
47010,dz:daira:ghardaia:bounoura,served_by,true
47011,dz:daira:ghardaia:dhayet-ben-dhaoua,served_by,true
47012,dz:daira:ghardaia:bounoura,served_by,true
47013,dz:daira:ghardaia:metlili,served_by,true
47014,dz:daira:ghardaia:bounoura,served_by,true
47015,dz:daira:ghardaia:metlili,served_by,true
47016,dz:daira:ghardaia:bounoura,served_by,true
47017,dz:daira:ghardaia:ghardaia,served_by,true
47018,dz:daira:ghardaia:el-guerrara,served_by,true
47019,dz:daira:ghardaia:el-guerrara,served_by,true
47020,dz:daira:ghardaia:berriane,served_by,true
47022,dz:daira:ghardaia:berriane,served_by,true
47023,dz:daira:ghardaia:mansoura,served_by,true
47024,dz:daira:ghardaia:ghardaia,served_by,true
47025,dz:daira:ghardaia:metlili,served_by,true
47026,dz:daira:ghardaia:dhayet-ben-dhaoua,served_by,true
47027,dz:daira:ghardaia:metlili,served_by,true
47028,dz:daira:ghardaia:ghardaia,served_by,true
47029,dz:daira:ghardaia:ghardaia,served_by,true
47030,dz:daira:ghardaia:ghardaia,served_by,true
47031,dz:daira:ghardaia:el-guerrara,served_by,true
47032,dz:daira:ghardaia:ghardaia,served_by,true
47033,dz:daira:ghardaia:ghardaia,served_by,true
47035,dz:daira:ghardaia:bounoura,served_by,true
47036,dz:daira:ghardaia:el-guerrara,served_by,true
47038,dz:daira:ghardaia:metlili,served_by,true
47039,dz:daira:ghardaia:zelfana,served_by,true
47040,dz:daira:ghardaia:metlili,served_by,true
47041,dz:daira:ghardaia:berriane,served_by,true
47042,dz:daira:ghardaia:el-guerrara,served_by,true
47043,dz:daira:ghardaia:bounoura,served_by,true
47044,dz:daira:ghardaia:ghardaia,served_by,true
47045,dz:daira:ghardaia:ghardaia,served_by,true
47046,dz:daira:ghardaia:dhayet-ben-dhaoua,served_by,true
48000,dz:daira:relizane:relizane,served_by,true
48001,dz:daira:relizane:oued-rhiou,served_by,true
48002,dz:daira:relizane:mazouna,served_by,true
48003,dz:daira:relizane:sidi-m-hamed-ben-ali,served_by,true
48004,dz:daira:relizane:ammi-moussa,served_by,true
48005,dz:daira:relizane:djidioua,served_by,true
48006,dz:daira:relizane:yellel,served_by,true
48007,dz:daira:relizane:relizane,served_by,true
48008,dz:daira:relizane:zemmora,served_by,true
48009,dz:daira:relizane:el-matmar,served_by,true
48010,dz:daira:relizane:mazouna,served_by,true
48011,dz:daira:relizane:sidi-m-hamed-ben-ali,served_by,true
48012,dz:daira:relizane:mendes,served_by,true
48013,dz:daira:relizane:oued-rhiou,served_by,true
48014,dz:daira:relizane:oued-rhiou,served_by,true
48015,dz:daira:relizane:ain-tarek,served_by,true
48016,dz:daira:relizane:mazouna,served_by,true
48017,dz:daira:relizane:el-hamadna,served_by,true
48018,dz:daira:relizane:yellel,served_by,true
48019,dz:daira:relizane:ammi-moussa,served_by,true
48020,dz:daira:relizane:oued-rhiou,served_by,true
48021,dz:daira:relizane:el-hamadna,served_by,true
48022,dz:daira:relizane:mendes,served_by,true
48023,dz:daira:relizane:mazouna,served_by,true
48024,dz:daira:relizane:ramka,served_by,true
48025,dz:daira:relizane:relizane,served_by,true
48026,dz:daira:relizane:relizane,served_by,true
48027,dz:daira:relizane:relizane,served_by,true
48028,dz:daira:relizane:mazouna,served_by,true
48029,dz:daira:relizane:el-matmar,served_by,true
48030,dz:daira:relizane:el-matmar,served_by,true
48031,dz:daira:relizane:oued-rhiou,served_by,true
48033,dz:daira:relizane:yellel,served_by,true
48035,dz:daira:relizane:zemmora,served_by,true
48036,dz:daira:relizane:el-matmar,served_by,true
48037,dz:daira:relizane:relizane,served_by,true
48038,dz:daira:relizane:el-hamadna,served_by,true
48039,dz:daira:relizane:zemmora,served_by,true
48041,dz:daira:relizane:sidi-m-hamed-ben-ali,served_by,true
48042,dz:daira:relizane:oued-rhiou,served_by,true
48043,dz:daira:relizane:ain-tarek,served_by,true
48044,dz:daira:relizane:zemmora,served_by,true
48045,dz:daira:relizane:yellel,served_by,true
48046,dz:daira:relizane:ammi-moussa,served_by,true
48047,dz:daira:relizane:el-hamadna,served_by,true
48048,dz:daira:relizane:ammi-moussa,served_by,true
48050,dz:daira:relizane:ain-tarek,served_by,true
48051,dz:daira:relizane:djidioua,served_by,true
48052,dz:daira:relizane:mendes,served_by,true
48053,dz:daira:relizane:relizane,served_by,true
48054,dz:daira:relizane:oued-rhiou,served_by,true
48055,dz:daira:relizane:ain-tarek,served_by,true
48056,dz:daira:relizane:oued-rhiou,served_by,true
48057,dz:daira:relizane:oued-rhiou,served_by,true
48058,dz:daira:relizane:relizane,served_by,true
48060,dz:daira:relizane:el-hamadna,served_by,true
48061,dz:daira:relizane:djidioua,served_by,true
48062,dz:daira:relizane:zemmora,served_by,true
48063,dz:daira:relizane:yellel,served_by,true
48064,dz:daira:relizane:oued-rhiou,served_by,true
48065,dz:daira:relizane:mendes,served_by,true
48067,dz:daira:relizane:yellel,served_by,true
48068,dz:daira:relizane:ramka,served_by,true
48070,dz:daira:relizane:mazouna,served_by,true
48071,dz:daira:relizane:sidi-m-hamed-ben-ali,served_by,true
48074,dz:daira:relizane:relizane,served_by,true
48075,dz:daira:relizane:relizane,served_by,true
48076,dz:daira:relizane:relizane,served_by,true
48077,dz:daira:relizane:relizane,served_by,true
48078,dz:daira:relizane:relizane,served_by,true
48079,dz:daira:relizane:relizane,served_by,true
48080,dz:daira:relizane:djidioua,served_by,true
48081,dz:daira:relizane:sidi-m-hamed-ben-ali,served_by,true
48082,dz:daira:relizane:relizane,served_by,true
48083,dz:daira:relizane:el-matmar,served_by,true
49001,dz:daira:timimoun:timimoun,served_by,true
49012,dz:daira:timimoun:aougrout,served_by,true
49013,dz:daira:timimoun:tinerkouk,served_by,true
49014,dz:daira:timimoun:charouine,served_by,true
49032,dz:daira:timimoun:charouine,served_by,true
49033,dz:daira:timimoun:aougrout,served_by,true
49034,dz:daira:timimoun:charouine,served_by,true
49035,dz:daira:timimoun:tinerkouk,served_by,true
49036,dz:daira:timimoun:aougrout,served_by,true
49037,dz:daira:timimoun:timimoun,served_by,true
49038,dz:daira:timimoun:aougrout,served_by,true
49039,dz:daira:timimoun:timimoun,served_by,true
49051,dz:daira:timimoun:charouine,served_by,true
49052,dz:daira:timimoun:timimoun,served_by,true
49053,dz:daira:timimoun:timimoun,served_by,true
49054,dz:daira:timimoun:tinerkouk,served_by,true
49055,dz:daira:timimoun:timimoun,served_by,true
49058,dz:daira:timimoun:charouine,served_by,true
49059,dz:daira:timimoun:aougrout,served_by,true
49060,dz:daira:timimoun:timimoun,served_by,true
49061,dz:daira:timimoun:tinerkouk,served_by,true
49066,dz:daira:timimoun:timimoun,served_by,true
49070,dz:daira:timimoun:aougrout,served_by,true
49072,dz:daira:timimoun:timimoun,served_by,true
49078,dz:daira:timimoun:timimoun,served_by,true
49080,dz:daira:timimoun:charouine,served_by,true
49081,dz:daira:timimoun:charouine,served_by,true
49082,dz:daira:timimoun:timimoun,served_by,true
50010,dz:daira:bordj-badji-mokhtar:bordj-badji-mokhtar,served_by,true
50042,dz:daira:bordj-badji-mokhtar:bordj-badji-mokhtar,served_by,true
50073,dz:daira:bordj-badji-mokhtar:bordj-badji-mokhtar,served_by,true
51002,dz:daira:ouled-djellal:ouled-djellal,served_by,true
51004,dz:daira:ouled-djellal:sidi-khaled,served_by,true
51007,dz:daira:ouled-djellal:ouled-djellal,served_by,true
51036,dz:daira:ouled-djellal:sidi-khaled,served_by,true
51040,dz:daira:ouled-djellal:sidi-khaled,served_by,true
51044,dz:daira:ouled-djellal:sidi-khaled,served_by,true
51045,dz:daira:ouled-djellal:ouled-djellal,served_by,true
51047,dz:daira:ouled-djellal:ouled-djellal,served_by,true
51048,dz:daira:ouled-djellal:ouled-djellal,served_by,true
51057,dz:daira:ouled-djellal:ouled-djellal,served_by,true
51061,dz:daira:ouled-djellal:ouled-djellal,served_by,true
51062,dz:daira:ouled-djellal:sidi-khaled,served_by,true
51063,dz:daira:ouled-djellal:ouled-djellal,served_by,true
51064,dz:daira:ouled-djellal:ouled-djellal,served_by,true
51070,dz:daira:ouled-djellal:ouled-djellal,served_by,true
51071,dz:daira:ouled-djellal:sidi-khaled,served_by,true
51072,dz:daira:ouled-djellal:sidi-khaled,served_by,true
51087,dz:daira:ouled-djellal:sidi-khaled,served_by,true
51097,dz:daira:ouled-djellal:sidi-khaled,served_by,true
52002,dz:daira:beni-abbes:beni-abbes,served_by,true
52020,dz:daira:beni-abbes:el-ouata,served_by,true
52021,dz:daira:beni-abbes:igli,served_by,true
52022,dz:daira:beni-abbes:kerzaz,served_by,true
52025,dz:daira:beni-abbes:el-ouata,served_by,true
52028,dz:daira:beni-abbes:ouled-khodeir,served_by,true
52029,dz:daira:beni-abbes:tabelbala,served_by,true
52031,dz:daira:beni-abbes:kerzaz,served_by,true
52032,dz:daira:beni-abbes:el-ouata,served_by,true
52036,dz:daira:beni-abbes:el-ouata,served_by,true
52039,dz:daira:beni-abbes:ouled-khodeir,served_by,true
52040,dz:daira:beni-abbes:igli,served_by,true
52044,dz:daira:beni-abbes:beni-abbes,served_by,true
52046,dz:daira:beni-abbes:beni-abbes,served_by,true
52047,dz:daira:beni-abbes:kerzaz,served_by,true
52048,dz:daira:beni-abbes:beni-abbes,served_by,true
52050,dz:daira:beni-abbes:ouled-khodeir,served_by,true
52051,dz:daira:beni-abbes:beni-abbes,served_by,true
52052,dz:daira:beni-abbes:el-ouata,served_by,true
52060,dz:daira:beni-abbes:kerzaz,served_by,true
53001,dz:daira:in-salah:in-salah,served_by,true
53004,dz:daira:in-salah:in-ghar,served_by,true
53015,dz:daira:in-salah:in-salah,served_by,true
53016,dz:daira:in-salah:in-salah,served_by,true
53017,dz:daira:in-salah:in-salah,served_by,true
53018,dz:daira:in-salah:in-salah,served_by,true
53021,dz:daira:in-salah:in-salah,served_by,true
53023,dz:daira:in-salah:in-salah,served_by,true
53024,dz:daira:in-salah:in-salah,served_by,true
53029,dz:daira:in-salah:in-salah,served_by,true
53038,dz:daira:in-salah:in-salah,served_by,true
54005,dz:daira:in-guezzam:in-guezzam,served_by,true
54011,dz:daira:in-guezzam:tin-zaouatine,served_by,true
54040,dz:daira:in-guezzam:in-guezzam,served_by,true
55002,dz:daira:touggourt:touggourt,served_by,true
55003,dz:daira:touggourt:tamacine,served_by,true
55004,dz:daira:touggourt:touggourt,served_by,true
55005,dz:daira:touggourt:tamacine,served_by,true
55006,dz:daira:touggourt:el-hadjira,served_by,true
55009,dz:daira:touggourt:megarine,served_by,true
55010,dz:daira:touggourt:touggourt,served_by,true
55015,dz:daira:touggourt:taibet,served_by,true
55016,dz:daira:touggourt:touggourt,served_by,true
55017,dz:daira:touggourt:touggourt,served_by,true
55018,dz:daira:touggourt:touggourt,served_by,true
55020,dz:daira:touggourt:taibet,served_by,true
55023,dz:daira:touggourt:el-hadjira,served_by,true
55024,dz:daira:touggourt:tamacine,served_by,true
55029,dz:daira:touggourt:taibet,served_by,true
55030,dz:daira:touggourt:megarine,served_by,true
55036,dz:daira:touggourt:touggourt,served_by,true
55037,dz:daira:touggourt:megarine,served_by,true
55039,dz:daira:touggourt:touggourt,served_by,true
55043,dz:daira:touggourt:el-hadjira,served_by,true
55044,dz:daira:touggourt:taibet,served_by,true
55046,dz:daira:touggourt:megarine,served_by,true
55047,dz:daira:touggourt:taibet,served_by,true
55048,dz:daira:touggourt:megarine,served_by,true
55050,dz:daira:touggourt:megarine,served_by,true
55051,dz:daira:touggourt:tamacine,served_by,true
55053,dz:daira:touggourt:el-hadjira,served_by,true
55054,dz:daira:touggourt:taibet,served_by,true
55055,dz:daira:touggourt:el-hadjira,served_by,true
55056,dz:daira:touggourt:el-hadjira,served_by,true
55058,dz:daira:touggourt:touggourt,served_by,true
55060,dz:daira:touggourt:touggourt,served_by,true
55066,dz:daira:touggourt:touggourt,served_by,true
56002,dz:daira:djanet:djanet,served_by,true
56006,dz:daira:djanet:djanet,served_by,true
56008,dz:daira:djanet:djanet,served_by,true
56009,dz:daira:djanet:djanet,served_by,true
56012,dz:daira:djanet:djanet,served_by,true
56014,dz:daira:djanet:djanet,served_by,true
56016,dz:daira:djanet:djanet,served_by,true
57004,dz:daira:el-m-ghair:djamaa,served_by,true
57005,dz:daira:el-m-ghair:el-m-ghair,served_by,true
57018,dz:daira:el-m-ghair:djamaa,served_by,true
57021,dz:daira:el-m-ghair:djamaa,served_by,true
57022,dz:daira:el-m-ghair:djamaa,served_by,true
57025,dz:daira:el-m-ghair:el-m-ghair,served_by,true
57032,dz:daira:el-m-ghair:el-m-ghair,served_by,true
57034,dz:daira:el-m-ghair:el-m-ghair,served_by,true
57038,dz:daira:el-m-ghair:el-m-ghair,served_by,true
57039,dz:daira:el-m-ghair:el-m-ghair,served_by,true
57041,dz:daira:el-m-ghair:djamaa,served_by,true
57042,dz:daira:el-m-ghair:djamaa,served_by,true
57043,dz:daira:el-m-ghair:djamaa,served_by,true
57045,dz:daira:el-m-ghair:el-m-ghair,served_by,true
57049,dz:daira:el-m-ghair:djamaa,served_by,true
57051,dz:daira:el-m-ghair:el-m-ghair,served_by,true
57056,dz:daira:el-m-ghair:djamaa,served_by,true
57057,dz:daira:el-m-ghair:el-m-ghair,served_by,true
57064,dz:daira:el-m-ghair:djamaa,served_by,true
57067,dz:daira:el-m-ghair:djamaa,served_by,true
57076,dz:daira:el-m-ghair:djamaa,served_by,true
57086,dz:daira:el-m-ghair:el-m-ghair,served_by,true
57092,dz:daira:el-m-ghair:djamaa,served_by,true
58001,dz:daira:el-menia:el-meniaa,served_by,true
58006,dz:daira:el-menia:el-meniaa,served_by,true
58008,dz:daira:el-menia:el-meniaa,served_by,true
58021,dz:daira:el-menia:el-meniaa,served_by,true
58034,dz:daira:el-menia:el-meniaa,served_by,true
58037,dz:daira:el-menia:el-meniaa,served_by,true
