postcode,area_source_id,relationship_type,is_primary
1601,ar:partido:la-plata,served_by,true
1602,ar:partido:vicente-lopez,served_by,true
1603,ar:partido:vicente-lopez,served_by,true
1605,ar:partido:vicente-lopez,served_by,true
1607,ar:partido:san-isidro,served_by,true
1609,ar:partido:san-isidro,served_by,true
1611,ar:partido:tigre,served_by,true
1612,ar:partido:malvinas-argentinas,served_by,true
1613,ar:partido:malvinas-argentinas,served_by,true
1614,ar:partido:malvinas-argentinas,served_by,true
1615,ar:partido:malvinas-argentinas,served_by,true
1617,ar:partido:tigre,served_by,true
1618,ar:partido:tigre,served_by,true
1619,ar:partido:escobar,served_by,true
1620,ar:partido:escobar,served_by,true
1621,ar:partido:tigre,served_by,true
1623,ar:partido:escobar,served_by,true
1625,ar:partido:escobar,served_by,true
1627,ar:partido:escobar,served_by,true
1627,ar:partido:pilar,served_by,false
1629,ar:partido:pilar,served_by,true
1631,ar:partido:pilar,served_by,true
1633,ar:partido:pilar,served_by,true
1635,ar:partido:pilar,served_by,true
1636,ar:partido:vicente-lopez,served_by,true
1638,ar:partido:vicente-lopez,served_by,true
1640,ar:partido:san-isidro,served_by,true
1642,ar:partido:san-isidro,served_by,true
1643,ar:partido:san-isidro,served_by,true
1644,ar:partido:san-fernando,served_by,true
1646,ar:partido:san-fernando,served_by,true
1647,ar:department:islas-del-ibicuy,served_by,true
1647,ar:partido:san-fernando,served_by,false
1648,ar:partido:tigre,served_by,true
1649,ar:partido:tigre,served_by,true
1650,ar:partido:general-san-martin,served_by,true
1651,ar:partido:general-san-martin,served_by,true
1653,ar:partido:general-san-martin,served_by,true
1655,ar:partido:general-san-martin,served_by,true
1657,ar:partido:tres-de-febrero,served_by,true
1659,ar:partido:san-miguel,served_by,true
1661,ar:partido:san-miguel,served_by,true
1663,ar:partido:san-miguel,served_by,true
1664,ar:partido:jose-c-paz,served_by,false
1664,ar:partido:moreno,served_by,true
1664,ar:partido:pilar,served_by,false
1665,ar:partido:jose-c-paz,served_by,true
1667,ar:partido:jose-c-paz,served_by,false
1667,ar:partido:malvinas-argentinas,served_by,true
1669,ar:partido:pilar,served_by,true
1670,ar:partido:tigre,served_by,true
1672,ar:partido:general-san-martin,served_by,true
1674,ar:partido:tres-de-febrero,served_by,true
1676,ar:partido:tres-de-febrero,served_by,true
1678,ar:partido:tres-de-febrero,served_by,true
1682,ar:partido:tres-de-febrero,served_by,true
1684,ar:partido:moron,served_by,false
1684,ar:partido:tres-de-febrero,served_by,true
1686,ar:partido:hurlingham,served_by,true
1688,ar:partido:hurlingham,served_by,true
1702,ar:partido:tres-de-febrero,served_by,true
1704,ar:partido:la-matanza,served_by,true
1706,ar:partido:moron,served_by,true
1708,ar:partido:moron,served_by,true
1712,ar:partido:moron,served_by,true
1713,ar:partido:ituzaingo,served_by,true
1714,ar:partido:ituzaingo,served_by,true
1716,ar:partido:merlo,served_by,true
1718,ar:partido:merlo,served_by,true
1722,ar:partido:merlo,served_by,true
1723,ar:partido:merlo,served_by,true
1727,ar:partido:marcos-paz,served_by,true
1731,ar:partido:general-las-heras,served_by,true
1733,ar:partido:general-las-heras,served_by,true
1735,ar:partido:general-las-heras,served_by,true
1737,ar:partido:general-las-heras,served_by,true
1739,ar:partido:general-las-heras,served_by,true
1741,ar:partido:general-las-heras,served_by,true
1742,ar:partido:moreno,served_by,true
1744,ar:partido:moreno,served_by,true
1746,ar:partido:moreno,served_by,true
1748,ar:partido:general-rodriguez,served_by,true
1752,ar:partido:la-matanza,served_by,true
1754,ar:partido:la-matanza,served_by,true
1755,ar:partido:la-matanza,served_by,true
1757,ar:partido:la-matanza,served_by,true
1759,ar:partido:la-matanza,served_by,true
1761,ar:partido:la-matanza,served_by,false
1761,ar:partido:merlo,served_by,true
1763,ar:partido:la-matanza,served_by,true
1765,ar:partido:la-matanza,served_by,true
1766,ar:partido:la-matanza,served_by,true
1768,ar:partido:la-matanza,served_by,true
1770,ar:partido:la-matanza,served_by,true
1772,ar:partido:la-matanza,served_by,true
1773,ar:partido:lomas-de-zamora,served_by,true
1776,ar:partido:esteban-echeverria,served_by,true
1778,ar:partido:la-matanza,served_by,true
1802,ar:partido:ezeiza,served_by,true
1804,ar:partido:ezeiza,served_by,true
1806,ar:partido:ezeiza,served_by,true
1807,ar:partido:esteban-echeverria,served_by,true
1808,ar:partido:canuelas,served_by,true
1808,ar:partido:esteban-echeverria,served_by,false
1812,ar:partido:canuelas,served_by,true
1812,ar:partido:ezeiza,served_by,false
1814,ar:partido:canuelas,served_by,true
1815,ar:partido:canuelas,served_by,true
1816,ar:partido:canuelas,served_by,true
1822,ar:partido:lanus,served_by,true
1824,ar:partido:lanus,served_by,true
1825,ar:partido:lanus,served_by,true
1826,ar:partido:lanus,served_by,true
1828,ar:partido:lomas-de-zamora,served_by,true
1832,ar:partido:lomas-de-zamora,served_by,true
1834,ar:partido:lomas-de-zamora,served_by,true
1836,ar:partido:lomas-de-zamora,served_by,true
1838,ar:partido:esteban-echeverria,served_by,true
1842,ar:partido:esteban-echeverria,served_by,true
1846,ar:partido:almirante-brown,served_by,true
1847,ar:partido:almirante-brown,served_by,true
1848,ar:partido:almirante-brown,served_by,true
1849,ar:partido:almirante-brown,served_by,true
1852,ar:partido:almirante-brown,served_by,true
1854,ar:partido:almirante-brown,served_by,true
1856,ar:partido:almirante-brown,served_by,true
1858,ar:partido:presidente-peron,served_by,true
1862,ar:partido:presidente-peron,served_by,true
1864,ar:partido:san-vicente,served_by,true
1865,ar:partido:san-vicente,served_by,true
1870,ar:partido:avellaneda,served_by,true
1871,ar:partido:avellaneda,served_by,true
1872,ar:partido:avellaneda,served_by,true
1874,ar:partido:avellaneda,served_by,true
1875,ar:partido:avellaneda,served_by,true
1876,ar:partido:quilmes,served_by,true
1878,ar:partido:quilmes,served_by,true
1879,ar:partido:quilmes,served_by,true
1881,ar:partido:quilmes,served_by,true
1882,ar:partido:quilmes,served_by,true
1884,ar:partido:berazategui,served_by,true
1885,ar:partido:berazategui,served_by,true
1886,ar:partido:berazategui,served_by,true
1888,ar:partido:florencio-varela,served_by,true
1889,ar:partido:florencio-varela,served_by,true
1890,ar:partido:berazategui,served_by,true
1891,ar:partido:florencio-varela,served_by,true
1893,ar:partido:berazategui,served_by,true
1894,ar:partido:berazategui,served_by,false
1894,ar:partido:la-plata,served_by,true
1895,ar:partido:la-plata,served_by,true
1896,ar:partido:la-plata,served_by,true
1897,ar:partido:la-plata,served_by,true
1900,ar:partido:la-plata,served_by,true
1901,ar:partido:la-plata,served_by,true
1903,ar:partido:la-plata,served_by,true
1905,ar:partido:magdalena,served_by,true
1907,ar:partido:magdalena,served_by,true
1909,ar:partido:la-plata,served_by,true
1911,ar:partido:magdalena,served_by,true
1913,ar:partido:magdalena,served_by,true
1915,ar:partido:magdalena,served_by,true
1917,ar:partido:punta-indio,served_by,true
1919,ar:partido:punta-indio,served_by,true
1921,ar:partido:magdalena,served_by,false
1921,ar:partido:punta-indio,served_by,true
1923,ar:partido:berisso,served_by,true
1925,ar:partido:berisso,served_by,false
1925,ar:partido:ensenada,served_by,true
1927,ar:partido:ensenada,served_by,true
1929,ar:partido:ensenada,served_by,true
1931,ar:partido:ensenada,served_by,true
1980,ar:partido:brandsen,served_by,true
1981,ar:partido:brandsen,served_by,true
1981,ar:partido:general-paz,served_by,false
1982,ar:partido:brandsen,served_by,true
1983,ar:partido:brandsen,served_by,true
1984,ar:partido:san-vicente,served_by,true
1985,ar:partido:brandsen,served_by,true
1986,ar:partido:brandsen,served_by,true
1987,ar:partido:general-paz,served_by,true
2000,ar:department:rosario,served_by,true
2099,ar:department:rosario,served_by,true
2100,ar:department:victoria,served_by,true
2101,ar:department:rosario,served_by,true
2103,ar:department:constitucion,served_by,true
2103,ar:department:rosario,served_by,false
2105,ar:department:constitucion,served_by,false
2105,ar:department:rosario,served_by,true
2107,ar:department:rosario,served_by,true
2109,ar:department:constitucion,served_by,false
2109,ar:department:rosario,served_by,true
2111,ar:department:constitucion,served_by,true
2113,ar:department:constitucion,served_by,true
2115,ar:department:constitucion,served_by,true
2117,ar:department:constitucion,served_by,true
2119,ar:department:rosario,served_by,true
2121,ar:department:rosario,served_by,true
2123,ar:department:rosario,served_by,false
2123,ar:department:san-lorenzo-santa-fe,served_by,true
2124,ar:department:rosario,served_by,true
2126,ar:department:rosario,served_by,true
2128,ar:department:rosario,served_by,true
2130,ar:department:rosario,served_by,true
2132,ar:department:rosario,served_by,true
2134,ar:department:san-lorenzo-santa-fe,served_by,true
2136,ar:department:san-lorenzo-santa-fe,served_by,true
2138,ar:department:san-lorenzo-santa-fe,served_by,true
2142,ar:department:iriondo,served_by,true
2142,ar:department:san-lorenzo-santa-fe,served_by,false
2144,ar:department:iriondo,served_by,true
2146,ar:department:iriondo,served_by,true
2147,ar:department:san-jeronimo,served_by,true
2148,ar:department:san-jeronimo,served_by,false
2148,ar:department:san-martin-santa-fe,served_by,true
2152,ar:department:rosario,served_by,true
2154,ar:department:san-lorenzo-santa-fe,served_by,true
2156,ar:department:san-lorenzo-santa-fe,served_by,true
2160,ar:department:rosario,served_by,true
2170,ar:department:caseros,served_by,true
2173,ar:department:caseros,served_by,true
2175,ar:department:san-lorenzo-santa-fe,served_by,true
2177,ar:department:caseros,served_by,true
2179,ar:department:constitucion,served_by,true
2181,ar:department:caseros,served_by,true
2183,ar:department:caseros,served_by,true
2185,ar:department:caseros,served_by,true
2187,ar:department:caseros,served_by,true
2189,ar:department:marcos-juarez,served_by,true
2200,ar:department:san-lorenzo-santa-fe,served_by,true
2201,ar:department:san-lorenzo-santa-fe,served_by,true
2202,ar:department:san-lorenzo-santa-fe,served_by,true
2204,ar:department:san-lorenzo-santa-fe,served_by,true
2206,ar:department:iriondo,served_by,true
2208,ar:department:san-jeronimo,served_by,true
2211,ar:department:iriondo,served_by,true
2212,ar:department:san-jeronimo,served_by,true
2214,ar:department:iriondo,served_by,true
2216,ar:department:iriondo,served_by,true
2218,ar:department:iriondo,served_by,true
2222,ar:department:san-jeronimo,served_by,true
2240,ar:department:san-jeronimo,served_by,true
2241,ar:department:san-jeronimo,served_by,true
2242,ar:department:san-jeronimo,served_by,true
2246,ar:department:san-jeronimo,served_by,true
2248,ar:department:san-jeronimo,served_by,true
2252,ar:department:san-jeronimo,served_by,true
2253,ar:department:san-jeronimo,served_by,true
2255,ar:department:san-jeronimo,served_by,true
2257,ar:department:san-martin-santa-fe,served_by,true
2258,ar:department:las-colonias,served_by,true
2300,ar:department:castellanos,served_by,true
2301,ar:department:castellanos,served_by,true
2303,ar:department:castellanos,served_by,true
2305,ar:department:castellanos,served_by,true
2307,ar:department:castellanos,served_by,true
2309,ar:department:castellanos,served_by,true
2311,ar:department:castellanos,served_by,false
2311,ar:department:san-cristobal,served_by,true
2313,ar:department:san-cristobal,served_by,true
2315,ar:department:castellanos,served_by,true
2317,ar:department:castellanos,served_by,true
2318,ar:department:castellanos,served_by,true
2322,ar:department:castellanos,served_by,true
2323,ar:department:castellanos,served_by,true
2324,ar:department:castellanos,served_by,true
2326,ar:department:san-cristobal,served_by,true
2339,ar:department:san-cristobal,served_by,true
2340,ar:department:rivadavia-santiago-del-estero,served_by,false
2340,ar:department:san-cristobal,served_by,true
2341,ar:department:nueve-de-julio-santa-fe,served_by,false
2341,ar:department:rivadavia-santiago-del-estero,served_by,true
2342,ar:department:san-cristobal,served_by,true
2344,ar:department:san-cristobal,served_by,true
2345,ar:department:san-cristobal,served_by,true
2346,ar:department:san-cristobal,served_by,true
2347,ar:department:san-cristobal,served_by,true
2349,ar:department:san-cristobal,served_by,true
2349,ar:department:san-justo-cordoba,served_by,false
2352,ar:department:san-cristobal,served_by,true
2354,ar:department:aguirre,served_by,true
2354,ar:department:belgrano-santiago-del-estero,served_by,false
2354,ar:department:rivadavia-santiago-del-estero,served_by,false
2354,ar:department:salavina,served_by,false
2355,ar:department:aguirre,served_by,true
2356,ar:department:aguirre,served_by,true
2357,ar:department:mitre,served_by,true
2381,ar:department:san-cristobal,served_by,true
2400,ar:department:castellanos,served_by,false
2400,ar:department:san-justo-cordoba,served_by,true
2401,ar:department:san-martin-santa-fe,served_by,true
2403,ar:department:castellanos,served_by,true
2405,ar:department:castellanos,served_by,true
2407,ar:department:castellanos,served_by,true
2409,ar:department:castellanos,served_by,true
2411,ar:department:san-justo-cordoba,served_by,true
2412,ar:department:san-justo-cordoba,served_by,true
2413,ar:department:san-justo-cordoba,served_by,true
2415,ar:department:san-justo-cordoba,served_by,true
2417,ar:department:san-justo-cordoba,served_by,true
2419,ar:department:san-justo-cordoba,served_by,true
2421,ar:department:san-justo-cordoba,served_by,true
2423,ar:department:san-justo-cordoba,served_by,true
2424,ar:department:san-justo-cordoba,served_by,true
2426,ar:department:san-justo-cordoba,served_by,true
2428,ar:department:san-justo-cordoba,served_by,true
2432,ar:department:san-justo-cordoba,served_by,true
2433,ar:department:san-justo-cordoba,served_by,true
2434,ar:department:san-justo-cordoba,served_by,true
2435,ar:department:san-justo-cordoba,served_by,true
2436,ar:department:san-justo-cordoba,served_by,true
2437,ar:department:san-justo-cordoba,served_by,true
2438,ar:department:castellanos,served_by,true
2440,ar:department:san-martin-santa-fe,served_by,true
2441,ar:department:san-martin-santa-fe,served_by,true
2443,ar:department:castellanos,served_by,true
2445,ar:department:castellanos,served_by,true
2447,ar:department:castellanos,served_by,true
2449,ar:department:san-martin-santa-fe,served_by,true
2451,ar:department:san-martin-santa-fe,served_by,true
2453,ar:department:san-martin-santa-fe,served_by,true
2454,ar:department:san-martin-santa-fe,served_by,true
2456,ar:department:castellanos,served_by,false
2456,ar:department:san-martin-santa-fe,served_by,true
2500,ar:department:iriondo,served_by,true
2501,ar:department:iriondo,served_by,true
2503,ar:department:iriondo,served_by,true
2505,ar:department:belgrano-santa-fe,served_by,true
2506,ar:department:iriondo,served_by,true
2508,ar:department:belgrano-santa-fe,served_by,true
2512,ar:department:belgrano-santa-fe,served_by,true
2516,ar:department:belgrano-santa-fe,served_by,true
2520,ar:department:belgrano-santa-fe,served_by,true
2521,ar:department:belgrano-santa-fe,served_by,true
2523,ar:department:belgrano-santa-fe,served_by,true
2525,ar:department:marcos-juarez,served_by,true
2527,ar:department:san-martin-santa-fe,served_by,true
2529,ar:department:san-martin-santa-fe,served_by,true
2531,ar:department:san-martin-santa-fe,served_by,true
2533,ar:department:san-martin-santa-fe,served_by,true
2535,ar:department:san-martin-santa-fe,served_by,true
2550,ar:department:union,served_by,true
2551,ar:department:union,served_by,true
2553,ar:department:union,served_by,true
2555,ar:department:union,served_by,true
2557,ar:department:union,served_by,true
2558,ar:department:union,served_by,true
2559,ar:department:union,served_by,true
2561,ar:department:union,served_by,true
2563,ar:department:marcos-juarez,served_by,true
2563,ar:department:union,served_by,false
2564,ar:department:union,served_by,true
2566,ar:department:union,served_by,true
2568,ar:department:union,served_by,true
2572,ar:department:union,served_by,true
2580,ar:department:marcos-juarez,served_by,true
2581,ar:department:marcos-juarez,served_by,true
2583,ar:department:marcos-juarez,served_by,true
2585,ar:department:marcos-juarez,served_by,true
2587,ar:department:marcos-juarez,served_by,true
2589,ar:department:marcos-juarez,served_by,true
2592,ar:department:marcos-juarez,served_by,true
2594,ar:department:marcos-juarez,served_by,true
2600,ar:department:general-lopez,served_by,true
2601,ar:department:general-lopez,served_by,true
2603,ar:department:general-lopez,served_by,true
2605,ar:department:general-lopez,served_by,true
2607,ar:department:general-lopez,served_by,true
2609,ar:department:general-lopez,served_by,true
2611,ar:department:general-lopez,served_by,true
2613,ar:department:general-lopez,served_by,true
2615,ar:department:general-lopez,served_by,true
2617,ar:department:general-lopez,served_by,true
2618,ar:department:general-lopez,served_by,true
2619,ar:department:marcos-juarez,served_by,true
2622,ar:department:general-lopez,served_by,true
2624,ar:department:marcos-juarez,served_by,true
2625,ar:department:marcos-juarez,served_by,true
2626,ar:department:san-cristobal,served_by,true
2627,ar:department:marcos-juarez,served_by,true
2630,ar:department:general-lopez,served_by,true
2631,ar:department:general-lopez,served_by,true
2633,ar:department:general-lopez,served_by,true
2635,ar:department:general-lopez,served_by,true
2637,ar:department:caseros,served_by,true
2639,ar:department:caseros,served_by,true
2643,ar:department:general-lopez,served_by,true
2645,ar:department:marcos-juarez,served_by,true
2650,ar:department:union,served_by,true
2651,ar:department:union,served_by,true
2655,ar:department:union,served_by,true
2657,ar:department:union,served_by,true
2659,ar:department:marcos-juarez,served_by,false
2659,ar:department:union,served_by,true
2661,ar:department:marcos-juarez,served_by,true
2662,ar:department:marcos-juarez,served_by,true
2664,ar:department:union,served_by,true
2670,ar:department:juarez-celman,served_by,true
2671,ar:department:juarez-celman,served_by,true
2671,ar:department:union,served_by,false
2675,ar:department:general-san-martin-cordoba,served_by,true
2677,ar:department:juarez-celman,served_by,true
2679,ar:department:union,served_by,true
2681,ar:department:general-san-martin-cordoba,served_by,true
2684,ar:department:juarez-celman,served_by,true
2686,ar:department:juarez-celman,served_by,true
2700,ar:partido:pergamino,served_by,true
2701,ar:partido:pergamino,served_by,true
2703,ar:partido:pergamino,served_by,false
2703,ar:partido:rojas,served_by,true
2705,ar:partido:rojas,served_by,true
2707,ar:partido:rojas,served_by,true
2709,ar:partido:rojas,served_by,true
2711,ar:partido:pergamino,served_by,true
2713,ar:partido:pergamino,served_by,true
2715,ar:partido:pergamino,served_by,true
2717,ar:partido:pergamino,served_by,true
2718,ar:partido:pergamino,served_by,true
2720,ar:department:general-lopez,served_by,false
2720,ar:partido:colon,served_by,true
2721,ar:partido:colon,served_by,true
2722,ar:department:general-lopez,served_by,true
2723,ar:department:constitucion,served_by,true
2725,ar:department:general-lopez,served_by,true
2726,ar:department:general-lopez,served_by,true
2728,ar:department:general-lopez,served_by,true
2729,ar:department:general-lopez,served_by,true
2732,ar:department:general-lopez,served_by,true
2740,ar:partido:arrecifes,served_by,true
2741,ar:partido:salto,served_by,true
2743,ar:partido:salto,served_by,true
2745,ar:partido:salto,served_by,true
2747,ar:partido:salto,served_by,true
2751,ar:partido:pergamino,served_by,true
2751,ar:partido:ramallo,served_by,false
2752,ar:partido:capitan-sarmiento,served_by,true
2752,ar:partido:carmen-de-areco,served_by,false
2754,ar:partido:arrecifes,served_by,false
2754,ar:partido:pergamino,served_by,true
2760,ar:partido:san-antonio-de-areco,served_by,true
2761,ar:partido:baradero,served_by,true
2761,ar:partido:san-antonio-de-areco,served_by,false
2763,ar:partido:san-antonio-de-areco,served_by,true
2764,ar:partido:exaltacion-de-la-cruz,served_by,true
2764,ar:partido:san-andres-de-giles,served_by,false
2764,ar:partido:san-antonio-de-areco,served_by,false
2800,ar:partido:zarate,served_by,true
2801,ar:partido:zarate,served_by,true
2802,ar:partido:campana,served_by,true
2804,ar:partido:campana,served_by,true
2805,ar:department:gualeguaychu,served_by,false
2805,ar:department:islas-del-ibicuy,served_by,false
2805,ar:partido:campana,served_by,true
2806,ar:partido:zarate,served_by,true
2808,ar:partido:zarate,served_by,true
2810,ar:partido:exaltacion-de-la-cruz,served_by,true
2812,ar:partido:exaltacion-de-la-cruz,served_by,true
2813,ar:partido:exaltacion-de-la-cruz,served_by,true
2814,ar:partido:campana,served_by,false
2814,ar:partido:exaltacion-de-la-cruz,served_by,true
2815,ar:partido:exaltacion-de-la-cruz,served_by,true
2820,ar:department:gualeguaychu,served_by,true
2821,ar:department:gualeguaychu,served_by,true
2823,ar:department:gualeguaychu,served_by,true
2823,ar:department:islas-del-ibicuy,served_by,false
2824,ar:department:gualeguaychu,served_by,true
2826,ar:department:gualeguaychu,served_by,true
2827,ar:department:gualeguaychu,served_by,true
2828,ar:department:gualeguaychu,served_by,true
2840,ar:department:gualeguay,served_by,true
2841,ar:department:gualeguay,served_by,true
2843,ar:department:gualeguay,served_by,true
2845,ar:department:tala,served_by,true
2846,ar:department:islas-del-ibicuy,served_by,true
2848,ar:department:gualeguaychu,served_by,false
2848,ar:department:islas-del-ibicuy,served_by,true
2852,ar:department:gualeguaychu,served_by,true
2854,ar:department:gualeguaychu,served_by,true
2864,ar:department:gualeguaychu,served_by,true
2875,ar:department:gualeguaychu,served_by,true
2900,ar:partido:san-nicolas,served_by,true
2901,ar:partido:san-nicolas,served_by,true
2903,ar:partido:san-nicolas,served_by,true
2905,ar:partido:san-nicolas,served_by,true
2907,ar:partido:san-nicolas,served_by,true
2909,ar:partido:pergamino,served_by,true
2912,ar:partido:ramallo,served_by,true
2913,ar:partido:ramallo,served_by,true
2914,ar:partido:ramallo,served_by,true
2915,ar:partido:ramallo,served_by,true
2916,ar:partido:ramallo,served_by,true
2916,ar:partido:san-nicolas,served_by,false
2918,ar:department:constitucion,served_by,true
2919,ar:department:constitucion,served_by,true
2921,ar:department:constitucion,served_by,true
2930,ar:partido:san-pedro,served_by,true
2931,ar:partido:baradero,served_by,false
2931,ar:partido:san-pedro,served_by,true
2933,ar:partido:ramallo,served_by,true
2933,ar:partido:san-pedro,served_by,false
2935,ar:partido:san-pedro,served_by,true
2938,ar:partido:baradero,served_by,true
2942,ar:partido:baradero,served_by,true
2943,ar:partido:baradero,served_by,true
2944,ar:partido:san-pedro,served_by,true
2946,ar:partido:san-pedro,served_by,true
2947,ar:partido:baradero,served_by,true
2987,ar:partido:ramallo,served_by,true
3000,ar:department:la-capital-santa-fe,served_by,true
3001,ar:department:garay,served_by,true
3001,ar:department:la-capital-santa-fe,served_by,false
3003,ar:department:garay,served_by,true
3005,ar:department:san-javier-santa-fe,served_by,true
3007,ar:department:garay,served_by,true
3009,ar:department:las-colonias,served_by,true
3011,ar:department:las-colonias,served_by,true
3013,ar:department:las-colonias,served_by,true
3014,ar:department:la-capital-santa-fe,served_by,true
3016,ar:department:la-capital-santa-fe,served_by,true
3017,ar:department:la-capital-santa-fe,served_by,true
3017,ar:department:las-colonias,served_by,false
3018,ar:department:la-capital-santa-fe,served_by,true
3020,ar:department:la-capital-santa-fe,served_by,true
3021,ar:department:la-capital-santa-fe,served_by,true
3023,ar:department:la-capital-santa-fe,served_by,false
3023,ar:department:las-colonias,served_by,true
3025,ar:department:las-colonias,served_by,true
3025,ar:department:san-cristobal,served_by,false
3026,ar:department:las-colonias,served_by,true
3027,ar:department:las-colonias,served_by,true
3029,ar:department:las-colonias,served_by,true
3032,ar:department:la-capital-santa-fe,served_by,true
3036,ar:department:la-capital-santa-fe,served_by,true
3038,ar:department:san-justo-santa-fe,served_by,true
3040,ar:department:san-justo-santa-fe,served_by,true
3041,ar:department:san-justo-santa-fe,served_by,true
3042,ar:department:san-justo-santa-fe,served_by,true
3044,ar:department:san-justo-santa-fe,served_by,true
3045,ar:department:san-javier-santa-fe,served_by,false
3045,ar:department:san-justo-santa-fe,served_by,true
3046,ar:department:garay,served_by,false
3046,ar:department:san-cristobal,served_by,false
3046,ar:department:san-justo-santa-fe,served_by,true
3047,ar:department:garay,served_by,true
3048,ar:department:san-justo-santa-fe,served_by,true
3050,ar:department:vera,served_by,true
3051,ar:department:san-javier-santa-fe,served_by,true
3052,ar:department:san-justo-santa-fe,served_by,true
3054,ar:department:san-justo-santa-fe,served_by,true
3054,ar:department:vera,served_by,false
3056,ar:department:san-javier-santa-fe,served_by,false
3056,ar:department:vera,served_by,true
3057,ar:department:vera,served_by,true
3060,ar:department:nueve-de-julio-santa-fe,served_by,true
3061,ar:department:nueve-de-julio-santa-fe,served_by,true
3062,ar:department:belgrano-santiago-del-estero,served_by,true
3064,ar:department:belgrano-santiago-del-estero,served_by,true
3064,ar:department:general-taboada,served_by,false
3066,ar:department:nueve-de-julio-santa-fe,served_by,true
3069,ar:department:nueve-de-julio-santa-fe,served_by,true
3070,ar:department:san-cristobal,served_by,true
3071,ar:department:san-cristobal,served_by,true
3072,ar:department:san-cristobal,served_by,true
3074,ar:department:nueve-de-julio-santa-fe,served_by,false
3074,ar:department:san-cristobal,served_by,true
3076,ar:department:san-cristobal,served_by,true
3080,ar:department:las-colonias,served_by,true
3081,ar:department:las-colonias,served_by,true
3081,ar:department:san-jeronimo,served_by,false
3083,ar:department:las-colonias,served_by,true
3085,ar:department:las-colonias,served_by,true
3087,ar:department:las-colonias,served_by,true
3100,ar:department:parana,served_by,true
3101,ar:department:diamante,served_by,true
3101,ar:department:victoria,served_by,false
3103,ar:department:diamante,served_by,true
3105,ar:department:diamante,served_by,true
3107,ar:department:parana,served_by,true
3109,ar:department:parana,served_by,true
3111,ar:department:parana,served_by,true
3112,ar:department:concordia,served_by,true
3113,ar:department:parana,served_by,true
3114,ar:department:diamante,served_by,false
3114,ar:department:parana,served_by,true
3116,ar:department:parana,served_by,true
3117,ar:department:parana,served_by,true
3118,ar:department:parana,served_by,true
3120,ar:department:parana,served_by,true
3121,ar:department:parana,served_by,true
3122,ar:department:parana,served_by,true
3123,ar:department:parana,served_by,true
3125,ar:department:parana,served_by,true
3126,ar:department:parana,served_by,true
3127,ar:department:la-paz-entre-rios,served_by,false
3127,ar:department:parana,served_by,true
3128,ar:department:villaguay,served_by,true
3129,ar:department:la-paz-entre-rios,served_by,false
3129,ar:department:parana,served_by,true
3132,ar:department:parana,served_by,true
3133,ar:department:parana,served_by,true
3134,ar:department:parana,served_by,true
3136,ar:department:parana,served_by,true
3137,ar:department:la-paz-entre-rios,served_by,true
3138,ar:department:la-paz-entre-rios,served_by,true
3138,ar:department:villaguay,served_by,false
3140,ar:department:parana,served_by,true
3142,ar:department:la-paz-entre-rios,served_by,true
3144,ar:department:federal,served_by,true
3145,ar:department:parana,served_by,true
3146,ar:department:nogoya,served_by,true
3147,ar:department:la-paz-entre-rios,served_by,true
3150,ar:department:nogoya,served_by,true
3151,ar:department:nogoya,served_by,true
3151,ar:department:victoria,served_by,false
3153,ar:department:victoria,served_by,true
3155,ar:department:gualeguay,served_by,false
3155,ar:department:victoria,served_by,true
3156,ar:department:nogoya,served_by,true
3158,ar:department:nogoya,served_by,true
3159,ar:department:nogoya,served_by,true
3162,ar:department:nogoya,served_by,false
3162,ar:department:victoria,served_by,true
3163,ar:department:nogoya,served_by,true
3164,ar:department:diamante,served_by,true
3164,ar:department:nogoya,served_by,false
3165,ar:department:diamante,served_by,true
3170,ar:department:uruguay,served_by,true
3172,ar:department:uruguay,served_by,true
3174,ar:department:tala,served_by,true
3176,ar:department:tala,served_by,true
3177,ar:department:tala,served_by,true
3179,ar:department:tala,served_by,true
3180,ar:department:federal,served_by,true
3181,ar:department:federal,served_by,true
3181,ar:department:villaguay,served_by,false
3182,ar:department:federal,served_by,true
3183,ar:department:federacion,served_by,true
3183,ar:department:federal,served_by,false
3183,ar:department:san-jose-de-feliciano,served_by,false
3184,ar:department:la-paz-entre-rios,served_by,true
3185,ar:department:curuzu-cuatia,served_by,true
3185,ar:department:federacion,served_by,false
3187,ar:department:san-jose-de-feliciano,served_by,true
3188,ar:department:federal,served_by,false
3188,ar:department:la-paz-entre-rios,served_by,true
3190,ar:department:la-paz-entre-rios,served_by,true
3191,ar:department:la-paz-entre-rios,served_by,true
3191,ar:department:san-jose-de-feliciano,served_by,false
3192,ar:department:la-paz-entre-rios,served_by,true
3194,ar:department:esquina,served_by,true
3196,ar:department:esquina,served_by,true
3197,ar:department:esquina,served_by,true
3199,ar:department:esquina,served_by,true
3200,ar:department:concordia,served_by,true
3201,ar:department:concordia,served_by,true
3203,ar:department:concordia,served_by,true
3203,ar:department:san-salvador,served_by,false
3204,ar:department:concordia,served_by,false
3204,ar:department:federacion,served_by,true
3206,ar:department:federacion,served_by,true
3208,ar:department:federacion,served_by,true
3212,ar:department:concordia,served_by,true
3214,ar:department:concordia,served_by,true
3216,ar:department:concordia,served_by,false
3216,ar:department:san-salvador,served_by,true
3218,ar:department:colon-entre-rios,served_by,true
3218,ar:department:villaguay,served_by,false
3220,ar:department:monte-caseros,served_by,true
3222,ar:department:monte-caseros,served_by,true
3224,ar:department:monte-caseros,served_by,true
3226,ar:department:monte-caseros,served_by,true
3228,ar:department:federacion,served_by,true
3229,ar:department:federacion,served_by,true
3230,ar:department:paso-de-los-libres,served_by,true
3231,ar:department:san-martin-corrientes,served_by,true
3232,ar:department:paso-de-los-libres,served_by,true
3232,ar:department:san-martin-corrientes,served_by,false
3234,ar:department:paso-de-los-libres,served_by,true
3238,ar:department:paso-de-los-libres,served_by,true
3240,ar:department:villaguay,served_by,true
3241,ar:department:villaguay,served_by,true
3244,ar:department:uruguay,served_by,true
3246,ar:department:uruguay,served_by,false
3246,ar:department:villaguay,served_by,true
3248,ar:department:uruguay,served_by,true
3252,ar:department:villaguay,served_by,true
3254,ar:department:san-salvador,served_by,false
3254,ar:department:villaguay,served_by,true
3260,ar:department:uruguay,served_by,true
3261,ar:department:uruguay,served_by,true
3262,ar:department:uruguay,served_by,true
3263,ar:department:uruguay,served_by,true
3265,ar:department:colon-entre-rios,served_by,true
3266,ar:department:uruguay,served_by,true
3267,ar:department:colon-entre-rios,served_by,true
3269,ar:department:colon-entre-rios,served_by,true
3269,ar:department:san-salvador,served_by,false
3272,ar:department:uruguay,served_by,true
3280,ar:department:colon-entre-rios,served_by,true
3281,ar:department:colon-entre-rios,served_by,true
3281,ar:department:uruguay,served_by,false
3283,ar:department:colon-entre-rios,served_by,true
3285,ar:department:colon-entre-rios,served_by,true
3287,ar:department:colon-entre-rios,served_by,true
3300,ar:department:capital-misiones,served_by,true
3300,ar:department:ituzaingo,served_by,false
3302,ar:department:ituzaingo,served_by,true
3304,ar:department:capital-misiones,served_by,true
3306,ar:department:apostoles,served_by,false
3306,ar:department:candelaria,served_by,false
3306,ar:department:capital-misiones,served_by,true
3307,ar:department:apostoles,served_by,true
3308,ar:department:candelaria,served_by,true
3309,ar:department:candelaria,served_by,true
3309,ar:department:leandro-n-alem,served_by,false
3311,ar:department:leandro-n-alem,served_by,true
3313,ar:department:leandro-n-alem,served_by,true
3315,ar:department:leandro-n-alem,served_by,true
3316,ar:department:candelaria,served_by,true
3317,ar:department:candelaria,served_by,true
3317,ar:department:leandro-n-alem,served_by,false
3318,ar:department:candelaria,served_by,true
3318,ar:department:leandro-n-alem,served_by,false
3318,ar:department:san-ignacio,served_by,false
3322,ar:department:san-ignacio,served_by,true
3324,ar:department:san-ignacio,served_by,true
3325,ar:department:san-javier-misiones,served_by,true
3326,ar:department:san-ignacio,served_by,true
3327,ar:department:san-ignacio,served_by,true
3328,ar:department:san-ignacio,served_by,true
3330,ar:department:libertador-general-san-martin-misiones,served_by,true
3332,ar:department:libertador-general-san-martin-misiones,served_by,true
3333,ar:department:libertador-general-san-martin-misiones,served_by,true
3334,ar:department:libertador-general-san-martin-misiones,served_by,true
3335,ar:department:san-ignacio,served_by,true
3336,ar:department:leandro-n-alem,served_by,true
3337,ar:department:cainguas,served_by,true
3338,ar:department:guarani,served_by,true
3340,ar:department:santo-tome,served_by,true
3342,ar:department:santo-tome,served_by,true
3343,ar:department:santo-tome,served_by,true
3344,ar:department:general-alvear-corrientes,served_by,true
3346,ar:department:san-martin-corrientes,served_by,true
3350,ar:department:apostoles,served_by,true
3350,ar:department:leandro-n-alem,served_by,false
3351,ar:department:apostoles,served_by,true
3351,ar:department:santo-tome,served_by,false
3352,ar:department:san-pedro-misiones,served_by,true
3353,ar:department:concepcion-misiones,served_by,false
3353,ar:department:san-javier-misiones,served_by,true
3354,ar:department:apostoles,served_by,true
3355,ar:department:concepcion-misiones,served_by,true
3356,ar:department:guarani,served_by,true
3357,ar:department:san-javier-misiones,served_by,true
3358,ar:department:ituzaingo,served_by,true
3360,ar:department:obera,served_by,true
3360,ar:department:san-javier-misiones,served_by,false
3361,ar:department:obera,served_by,true
3361,ar:department:veinticinco-de-mayo-misiones,served_by,false
3362,ar:department:cainguas,served_by,true
3363,ar:department:veinticinco-de-mayo-misiones,served_by,true
3364,ar:department:cainguas,served_by,false
3364,ar:department:guarani,served_by,false
3364,ar:department:san-pedro-misiones,served_by,true
3366,ar:department:general-manuel-belgrano,served_by,true
3366,ar:department:san-pedro-misiones,served_by,false
3367,ar:department:obera,served_by,true
3369,ar:department:obera,served_by,true
3370,ar:department:iguazu,served_by,true
3371,ar:department:concepcion-misiones,served_by,false
3371,ar:department:general-manuel-belgrano,served_by,true
3372,ar:department:montecarlo,served_by,true
3373,ar:department:obera,served_by,true
3374,ar:department:iguazu,served_by,true
3375,ar:department:obera,served_by,true
3376,ar:department:iguazu,served_by,true
3378,ar:department:iguazu,served_by,true
3379,ar:department:veinticinco-de-mayo-misiones,served_by,true
3380,ar:department:eldorado,served_by,true
3381,ar:department:eldorado,served_by,true
3381,ar:department:montecarlo,served_by,false
3382,ar:department:eldorado,served_by,true
3383,ar:department:general-manuel-belgrano,served_by,true
3384,ar:department:eldorado,served_by,false
3384,ar:department:libertador-general-san-martin-misiones,served_by,false
3384,ar:department:montecarlo,served_by,true
3384,ar:department:obera,served_by,false
3385,ar:department:general-manuel-belgrano,served_by,true
3386,ar:department:montecarlo,served_by,true
3387,ar:department:eldorado,served_by,true
3388,ar:department:eldorado,served_by,true
3390,ar:department:libertador-general-san-martin-misiones,served_by,true
3393,ar:department:obera,served_by,true
3394,ar:department:eldorado,served_by,true
3396,ar:department:libertador-general-san-martin-misiones,served_by,true
3397,ar:department:cainguas,served_by,true
3398,ar:department:obera,served_by,true
3400,ar:department:capital-corrientes,served_by,true
3401,ar:department:capital-corrientes,served_by,false
3401,ar:department:empedrado,served_by,true
3401,ar:department:san-cosme,served_by,false
3401,ar:department:san-luis-del-palmar,served_by,false
3403,ar:department:san-cosme,served_by,false
3403,ar:department:san-luis-del-palmar,served_by,true
3405,ar:department:general-paz,served_by,true
3405,ar:department:mburucuya,served_by,false
3406,ar:department:san-luis-del-palmar,served_by,true
3407,ar:department:general-paz,served_by,true
3407,ar:department:san-miguel-department,served_by,false
3409,ar:department:san-cosme,served_by,true
3412,ar:department:itati,served_by,false
3412,ar:department:san-cosme,served_by,true
3414,ar:department:itati,served_by,true
3415,ar:department:general-paz,served_by,true
3416,ar:department:empedrado,served_by,true
3416,ar:department:saladas,served_by,false
3418,ar:department:empedrado,served_by,true
3419,ar:department:empedrado,served_by,true
3420,ar:department:saladas,served_by,true
3421,ar:department:concepcion-corrientes,served_by,true
3423,ar:department:concepcion-corrientes,served_by,true
3424,ar:department:concepcion-corrientes,served_by,true
3425,ar:department:saladas,served_by,true
3426,ar:department:concepcion-corrientes,served_by,true
3427,ar:department:mburucuya,served_by,true
3428,ar:department:saladas,served_by,true
3431,ar:department:itati,served_by,true
3432,ar:department:bella-vista,served_by,true
3433,ar:department:bella-vista,served_by,true
3440,ar:department:lavalle-corrientes,served_by,true
3441,ar:department:lavalle-corrientes,served_by,true
3442,ar:department:lavalle-corrientes,served_by,true
3443,ar:department:lavalle-corrientes,served_by,true
3444,ar:department:lavalle-corrientes,served_by,true
3445,ar:department:lavalle-corrientes,served_by,true
3445,ar:department:san-roque,served_by,false
3446,ar:department:san-roque,served_by,true
3448,ar:department:san-roque,served_by,true
3449,ar:department:bella-vista,served_by,false
3449,ar:department:san-roque,served_by,true
3450,ar:department:goya,served_by,true
3451,ar:department:goya,served_by,true
3453,ar:department:goya,served_by,true
3454,ar:department:goya,served_by,true
3460,ar:department:curuzu-cuatia,served_by,true
3461,ar:department:curuzu-cuatia,served_by,true
3462,ar:department:curuzu-cuatia,served_by,true
3463,ar:department:sauce,served_by,true
3465,ar:department:curuzu-cuatia,served_by,true
3466,ar:department:curuzu-cuatia,served_by,true
3470,ar:department:mercedes,served_by,true
3471,ar:department:mercedes,served_by,true
3471,ar:department:paso-de-los-libres,served_by,false
3471,ar:department:san-martin-corrientes,served_by,false
3472,ar:department:mercedes,served_by,true
3473,ar:department:san-martin-corrientes,served_by,true
3474,ar:department:san-roque,served_by,true
3476,ar:department:curuzu-cuatia,served_by,false
3476,ar:department:mercedes,served_by,true
3480,ar:department:general-paz,served_by,true
3481,ar:department:beron-de-astrada,served_by,false
3481,ar:department:general-paz,served_by,true
3483,ar:partido:san-miguel,served_by,true
3485,ar:department:concepcion-corrientes,served_by,false
3485,ar:partido:san-miguel,served_by,true
3486,ar:department:ituzaingo,served_by,true
3487,ar:department:san-miguel-department,served_by,true
3500,ar:department:san-fernando,served_by,true
3501,ar:department:primero-de-mayo,served_by,false
3501,ar:department:san-fernando,served_by,true
3503,ar:department:san-fernando,served_by,true
3505,ar:department:libertad,served_by,false
3505,ar:department:primero-de-mayo,served_by,true
3505,ar:department:san-fernando,served_by,false
3506,ar:department:san-fernando,served_by,true
3507,ar:department:libertador-general-san-martin-chaco,served_by,true
3508,ar:department:primero-de-mayo,served_by,true
3509,ar:department:libertador-general-san-martin-chaco,served_by,true
3511,ar:department:libertador-general-san-martin-chaco,served_by,true
3513,ar:department:libertad,served_by,false
3513,ar:department:tapenaga,served_by,true
3514,ar:department:general-donovan,served_by,true
3514,ar:department:libertad,served_by,false
3514,ar:department:sargento-cabral,served_by,false
3515,ar:department:libertador-general-san-martin-chaco,served_by,false
3515,ar:department:sargento-cabral,served_by,true
3516,ar:department:general-obligado,served_by,false
3516,ar:department:san-fernando,served_by,true
3517,ar:department:libertador-general-san-martin-chaco,served_by,true
3518,ar:department:bermejo-chaco,served_by,true
3522,ar:department:bermejo-chaco,served_by,true
3524,ar:department:bermejo-chaco,served_by,true
3525,ar:department:laishi,served_by,true
3526,ar:department:laishi,served_by,true
3530,ar:department:quitilipi,served_by,true
3531,ar:department:libertador-general-san-martin-chaco,served_by,true
3531,ar:department:quitilipi,served_by,false
3531,ar:department:veinticinco-de-mayo-chaco,served_by,false
3532,ar:department:presidencia-de-la-plaza,served_by,true
3534,ar:department:veinticinco-de-mayo-chaco,served_by,true
3536,ar:department:presidencia-de-la-plaza,served_by,true
3540,ar:department:mayor-luis-jorge-fontana,served_by,true
3541,ar:department:fray-justo-santa-maria-de-oro,served_by,true
3541,ar:department:mayor-luis-jorge-fontana,served_by,false
3543,ar:department:mayor-luis-jorge-fontana,served_by,false
3543,ar:department:san-lorenzo-chaco,served_by,true
3543,ar:department:tapenaga,served_by,false
3545,ar:department:san-lorenzo-chaco,served_by,true
3548,ar:department:laishi,served_by,true
3550,ar:department:vera,served_by,true
3551,ar:department:general-obligado,served_by,false
3551,ar:department:vera,served_by,true
3553,ar:department:san-javier-santa-fe,served_by,false
3553,ar:department:vera,served_by,true
3555,ar:department:san-javier-santa-fe,served_by,true
3557,ar:department:vera,served_by,true
3560,ar:department:general-obligado,served_by,true
3561,ar:department:general-obligado,served_by,true
3563,ar:department:general-obligado,served_by,true
3565,ar:department:general-obligado,served_by,true
3565,ar:department:vera,served_by,false
3567,ar:department:general-obligado,served_by,true
3569,ar:department:general-obligado,served_by,true
3572,ar:department:general-obligado,served_by,true
3574,ar:department:general-obligado,served_by,true
3575,ar:department:general-obligado,served_by,true
3576,ar:department:general-obligado,served_by,true
3577,ar:department:general-obligado,served_by,true
3580,ar:department:general-obligado,served_by,true
3581,ar:department:general-obligado,served_by,true
3583,ar:department:general-obligado,served_by,true
3585,ar:department:general-obligado,served_by,true
3586,ar:department:general-obligado,served_by,true
3587,ar:department:general-obligado,served_by,true
3589,ar:department:general-obligado,served_by,true
3589,ar:department:vera,served_by,false
3592,ar:department:general-obligado,served_by,true
3600,ar:department:formosa,served_by,true
3601,ar:department:formosa,served_by,false
3601,ar:department:laishi,served_by,true
3601,ar:department:pirane,served_by,false
3602,ar:department:pirane,served_by,true
3603,ar:department:formosa,served_by,false
3603,ar:department:pirane,served_by,true
3604,ar:department:formosa,served_by,true
3605,ar:department:laishi,served_by,true
3606,ar:department:patino,served_by,false
3606,ar:department:pirane,served_by,true
3607,ar:department:formosa,served_by,true
3608,ar:department:pirane,served_by,true
3609,ar:department:pirane,served_by,true
3610,ar:department:pilcomayo,served_by,true
3611,ar:department:pilagas,served_by,false
3611,ar:department:pilcomayo,served_by,true
3613,ar:department:pilcomayo,served_by,true
3614,ar:department:pilagas,served_by,true
3615,ar:department:pilagas,served_by,true
3616,ar:department:patino,served_by,true
3619,ar:department:patino,served_by,true
3620,ar:department:patino,served_by,true
3621,ar:department:patino,served_by,true
3622,ar:department:patino,served_by,true
3624,ar:department:patino,served_by,true
3626,ar:department:patino,served_by,true
3627,ar:department:patino,served_by,true
3628,ar:department:bermejo-formosa,served_by,false
3628,ar:department:patino,served_by,true
3629,ar:department:patino,served_by,true
3630,ar:department:bermejo-formosa,served_by,false
3630,ar:department:patino,served_by,true
3632,ar:department:bermejo-formosa,served_by,true
3632,ar:department:patino,served_by,false
3634,ar:department:bermejo-formosa,served_by,true
3634,ar:department:patino,served_by,false
3636,ar:department:bermejo-formosa,served_by,false
3636,ar:department:matacos,served_by,true
3636,ar:department:ramon-lista,served_by,false
3637,ar:department:ramon-lista,served_by,true
3639,ar:department:pilcomayo,served_by,true
3640,ar:department:pilcomayo,served_by,true
3641,ar:department:curuzu-cuatia,served_by,true
3645,ar:department:laishi,served_by,true
3700,ar:department:comandante-fernandez,served_by,true
3701,ar:department:comandante-fernandez,served_by,false
3701,ar:department:o-higgins,served_by,true
3703,ar:department:general-guemes-chaco,served_by,false
3703,ar:department:maipu,served_by,true
3704,ar:department:general-guemes-chaco,served_by,true
3705,ar:department:general-guemes-chaco,served_by,true
3706,ar:department:independencia-chaco,served_by,true
3708,ar:department:almirante-brown,served_by,true
3709,ar:department:general-guemes-chaco,served_by,true
3712,ar:department:alberdi,served_by,false
3712,ar:department:almirante-brown,served_by,false
3712,ar:department:copo,served_by,true
3713,ar:department:almirante-brown,served_by,true
3714,ar:department:almirante-brown,served_by,true
3714,ar:department:copo,served_by,false
3715,ar:department:almirante-brown,served_by,true
3716,ar:department:independencia-chaco,served_by,true
3718,ar:department:general-belgrano-chaco,served_by,true
3722,ar:department:nueve-de-julio-chaco,served_by,true
3730,ar:department:chacabuco-chaco,served_by,true
3730,ar:department:nueve-de-julio-chaco,served_by,false
3731,ar:department:alberdi,served_by,true
3731,ar:department:chacabuco-chaco,served_by,false
3731,ar:department:doce-de-octubre,served_by,false
3732,ar:department:doce-de-octubre,served_by,true
3732,ar:department:dos-de-abril,served_by,false
3733,ar:department:dos-de-abril,served_by,true
3733,ar:department:fray-justo-santa-maria-de-oro,served_by,false
3734,ar:department:doce-de-octubre,served_by,true
3736,ar:department:juan-felipe-ibarra,served_by,false
3736,ar:department:moreno,served_by,true
3740,ar:department:moreno,served_by,true
3741,ar:department:alberdi,served_by,false
3741,ar:department:juan-felipe-ibarra,served_by,false
3741,ar:department:moreno,served_by,true
3743,ar:department:moreno,served_by,true
3745,ar:department:figueroa,served_by,false
3745,ar:department:moreno,served_by,true
3747,ar:department:alberdi,served_by,true
3749,ar:department:alberdi,served_by,false
3749,ar:department:copo,served_by,true
3752,ar:department:juan-felipe-ibarra,served_by,true
3760,ar:department:general-taboada,served_by,true
3761,ar:department:general-taboada,served_by,true
3763,ar:department:general-taboada,served_by,true
3765,ar:department:general-taboada,served_by,false
3765,ar:department:juan-felipe-ibarra,served_by,true
3766,ar:department:general-taboada,served_by,true
3770,ar:department:general-guemes-chaco,served_by,true
3814,ar:department:leandro-n-alem,served_by,true
3815,ar:department:leandro-n-alem,served_by,true
3816,ar:department:libertador-general-san-martin-misiones,served_by,true
3826,ar:department:gualeguaychu,served_by,true
4000,ar:department:capital-tucuman,served_by,true
4101,ar:department:burruyacu,served_by,true
4101,ar:department:capital-tucuman,served_by,false
4101,ar:department:tafi-viejo,served_by,false
4103,ar:department:burruyacu,served_by,false
4103,ar:department:capital-tucuman,served_by,false
4103,ar:department:tafi-del-valle,served_by,false
4103,ar:department:tafi-viejo,served_by,true
4105,ar:department:capital-tucuman,served_by,false
4105,ar:department:famailla,served_by,false
4105,ar:department:lules,served_by,true
4105,ar:department:tafi-del-valle,served_by,false
4105,ar:department:tafi-viejo,served_by,false
4105,ar:department:trancas,served_by,false
4105,ar:department:yerba-buena,served_by,false
4106,ar:department:tafi-viejo,served_by,true
4107,ar:department:tafi-del-valle,served_by,true
4107,ar:department:yerba-buena,served_by,false
4108,ar:department:yerba-buena,served_by,true
4109,ar:department:cruz-alta,served_by,true
4111,ar:department:cruz-alta,served_by,false
4111,ar:department:leales,served_by,true
4111,ar:department:monteros,served_by,false
4111,ar:department:simoca,served_by,false
4113,ar:department:leales,served_by,true
4113,ar:department:monteros,served_by,false
4115,ar:department:cruz-alta,served_by,false
4115,ar:department:leales,served_by,true
4115,ar:department:monteros,served_by,false
4117,ar:department:burruyacu,served_by,false
4117,ar:department:cruz-alta,served_by,true
4117,ar:department:tafi-del-valle,served_by,false
4119,ar:department:burruyacu,served_by,true
4119,ar:department:tafi-del-valle,served_by,false
4119,ar:department:trancas,served_by,false
4122,ar:department:tafi-del-valle,served_by,false
4122,ar:department:trancas,served_by,true
4123,ar:department:rosario-de-la-frontera,served_by,true
4124,ar:department:tafi-del-valle,served_by,false
4124,ar:department:tafi-viejo,served_by,false
4124,ar:department:trancas,served_by,true
4126,ar:department:la-candelaria,served_by,true
4126,ar:department:trancas,served_by,false
4127,ar:department:tafi-del-valle,served_by,true
4128,ar:department:famailla,served_by,false
4128,ar:department:lules,served_by,true
4129,ar:department:famailla,served_by,true
4129,ar:department:lules,served_by,false
4129,ar:department:tafi-del-valle,served_by,false
4132,ar:department:famailla,served_by,true
4132,ar:department:monteros,served_by,false
4133,ar:department:famailla,served_by,true
4134,ar:department:monteros,served_by,true
4135,ar:department:monteros,served_by,true
4135,ar:department:tafi-del-valle,served_by,false
4137,ar:department:tafi-del-valle,served_by,true
4137,ar:department:tafi-viejo,served_by,false
4139,ar:department:santa-maria-catamarca,served_by,true
4141,ar:department:tafi-del-valle,served_by,true
4142,ar:department:lules,served_by,false
4142,ar:department:monteros,served_by,true
4143,ar:department:monteros,served_by,true
4144,ar:department:cruz-alta,served_by,false
4144,ar:department:monteros,served_by,true
4145,ar:department:monteros,served_by,true
4146,ar:department:chicligasta,served_by,true
4147,ar:department:chicligasta,served_by,true
4149,ar:department:burruyacu,served_by,false
4149,ar:department:chicligasta,served_by,true
4149,ar:department:simoca,served_by,false
4151,ar:department:chicligasta,served_by,true
4152,ar:department:rio-chico-tucuman,served_by,true
4152,ar:department:simoca,served_by,false
4153,ar:department:chicligasta,served_by,true
4153,ar:department:rio-chico-tucuman,served_by,false
4155,ar:department:rio-chico-tucuman,served_by,true
4156,ar:department:leales,served_by,true
4157,ar:department:rio-chico-tucuman,served_by,true
4158,ar:department:juan-bautista-alberdi,served_by,true
4158,ar:department:la-cocha,served_by,false
4158,ar:department:rio-chico-tucuman,served_by,false
4158,ar:department:tafi-del-valle,served_by,false
4159,ar:department:graneros,served_by,true
4159,ar:department:la-cocha,served_by,false
4161,ar:department:graneros,served_by,false
4161,ar:department:juan-bautista-alberdi,served_by,false
4161,ar:department:la-cocha,served_by,true
4161,ar:department:rio-chico-tucuman,served_by,false
4162,ar:department:burruyacu,served_by,false
4162,ar:department:graneros,served_by,false
4162,ar:department:la-cocha,served_by,true
4163,ar:department:graneros,served_by,false
4163,ar:department:la-cocha,served_by,true
4163,ar:department:simoca,served_by,false
4164,ar:department:graneros,served_by,false
4164,ar:department:la-cocha,served_by,true
4166,ar:department:famailla,served_by,false
4166,ar:department:leales,served_by,true
4166,ar:department:monteros,served_by,false
4166,ar:department:simoca,served_by,false
4168,ar:department:famailla,served_by,false
4168,ar:department:leales,served_by,true
4168,ar:department:monteros,served_by,false
4171,ar:department:simoca,served_by,true
4172,ar:department:leales,served_by,false
4172,ar:department:lules,served_by,false
4172,ar:department:monteros,served_by,false
4172,ar:department:simoca,served_by,true
4174,ar:department:chicligasta,served_by,false
4174,ar:department:graneros,served_by,false
4174,ar:department:simoca,served_by,true
4176,ar:department:graneros,served_by,true
4176,ar:department:rio-hondo,served_by,false
4178,ar:department:burruyacu,served_by,false
4178,ar:department:cruz-alta,served_by,true
4178,ar:department:leales,served_by,false
4178,ar:department:monteros,served_by,false
4179,ar:department:leales,served_by,true
4182,ar:department:cruz-alta,served_by,true
4184,ar:department:cruz-alta,served_by,false
4184,ar:department:jimenez,served_by,true
4185,ar:department:jimenez,served_by,true
4186,ar:department:burruyacu,served_by,false
4186,ar:department:cruz-alta,served_by,true
4186,ar:department:jimenez,served_by,false
4187,ar:department:burruyacu,served_by,true
4187,ar:department:jimenez,served_by,false
4187,ar:department:pellegrini,served_by,false
4189,ar:department:pellegrini,served_by,true
4190,ar:department:rosario-de-la-frontera,served_by,true
4191,ar:department:guachipas,served_by,false
4191,ar:department:rosario-de-la-frontera,served_by,true
4193,ar:department:rosario-de-la-frontera,served_by,true
4195,ar:department:burruyacu,served_by,true
4195,ar:department:pellegrini,served_by,false
4197,ar:department:alberdi,served_by,false
4197,ar:department:pellegrini,served_by,true
4198,ar:department:rosario-de-la-frontera,served_by,true
4200,ar:department:capital-santiago-del-estero,served_by,true
4201,ar:department:atamisqui,served_by,false
4201,ar:department:banda,served_by,false
4201,ar:department:capital-santiago-del-estero,served_by,false
4201,ar:department:rio-hondo,served_by,true
4201,ar:department:silipica,served_by,false
4203,ar:department:capital-santiago-del-estero,served_by,false
4203,ar:department:choya,served_by,true
4203,ar:department:guasayan,served_by,false
4205,ar:department:choya,served_by,true
4205,ar:department:loreto,served_by,false
4206,ar:department:capital-santiago-del-estero,served_by,false
4206,ar:department:silipica,served_by,true
4207,ar:department:silipica,served_by,true
4208,ar:department:loreto,served_by,true
4212,ar:department:atamisqui,served_by,false
4212,ar:department:loreto,served_by,true
4220,ar:department:rio-hondo,served_by,true
4221,ar:department:rio-hondo,served_by,true
4223,ar:department:rio-hondo,served_by,true
4225,ar:department:capital-santiago-del-estero,served_by,false
4225,ar:department:guasayan,served_by,false
4225,ar:department:rio-hondo,served_by,true
4229,ar:department:burruyacu,served_by,true
4230,ar:department:choya,served_by,true
4230,ar:department:la-paz,served_by,false
4231,ar:department:choya,served_by,false
4231,ar:department:la-paz,served_by,true
4233,ar:department:choya,served_by,true
4234,ar:department:el-alto,served_by,true
4234,ar:department:guasayan,served_by,false
4235,ar:department:el-alto,served_by,true
4235,ar:department:la-paz,served_by,false
4235,ar:department:santa-rosa-catamarca,served_by,false
4237,ar:department:choya,served_by,true
4237,ar:department:santa-rosa-catamarca,served_by,false
4238,ar:department:guasayan,served_by,true
4239,ar:department:guasayan,served_by,true
4242,ar:department:burruyacu,served_by,false
4242,ar:department:graneros,served_by,true
4242,ar:department:la-cocha,served_by,false
4257,ar:department:rio-chico-tucuman,served_by,true
4263,ar:department:graneros,served_by,true
4276,ar:department:graneros,served_by,true
4286,ar:department:cruz-alta,served_by,true
4296,ar:department:silipica,served_by,true
4298,ar:department:capital-santiago-del-estero,served_by,true
4300,ar:department:banda,served_by,true
4301,ar:department:alberdi,served_by,false
4301,ar:department:banda,served_by,false
4301,ar:department:copo,served_by,false
4301,ar:department:figueroa,served_by,true
4301,ar:department:pellegrini,served_by,false
4301,ar:department:robles,served_by,false
4302,ar:department:banda,served_by,true
4302,ar:department:robles,served_by,false
4303,ar:department:robles,served_by,true
4304,ar:department:jimenez,served_by,false
4304,ar:department:pellegrini,served_by,false
4304,ar:department:rio-hondo,served_by,true
4306,ar:department:jimenez,served_by,true
4306,ar:department:rio-hondo,served_by,false
4308,ar:department:robles,served_by,true
4312,ar:department:robles,served_by,true
4313,ar:department:atamisqui,served_by,false
4313,ar:department:avellaneda-santiago-del-estero,served_by,false
4313,ar:department:loreto,served_by,false
4313,ar:department:san-martin-santiago-del-estero,served_by,true
4314,ar:department:sarmiento-santiago-del-estero,served_by,true
4315,ar:department:atamisqui,served_by,true
4317,ar:department:atamisqui,served_by,true
4318,ar:department:atamisqui,served_by,true
4319,ar:department:salavina,served_by,true
4321,ar:department:salavina,served_by,true
4322,ar:department:robles,served_by,true
4324,ar:department:avellaneda-santiago-del-estero,served_by,false
4324,ar:department:san-martin-santiago-del-estero,served_by,false
4324,ar:department:sarmiento-santiago-del-estero,served_by,true
4326,ar:department:avellaneda-santiago-del-estero,served_by,true
4326,ar:department:banda,served_by,false
4326,ar:department:sarmiento-santiago-del-estero,served_by,false
4328,ar:department:avellaneda-santiago-del-estero,served_by,true
4332,ar:department:avellaneda-santiago-del-estero,served_by,true
4334,ar:department:avellaneda-santiago-del-estero,served_by,true
4336,ar:department:banda,served_by,true
4338,ar:department:banda,served_by,true
4339,ar:department:banda,served_by,true
4339,ar:department:pellegrini,served_by,false
4343,ar:department:avellaneda-santiago-del-estero,served_by,true
4349,ar:department:alberdi,served_by,true
4350,ar:department:juan-felipe-ibarra,served_by,true
4350,ar:department:sarmiento-santiago-del-estero,served_by,false
4351,ar:department:juan-felipe-ibarra,served_by,false
4351,ar:department:moreno,served_by,true
4352,ar:department:figueroa,served_by,true
4353,ar:department:figueroa,served_by,true
4353,ar:department:moreno,served_by,false
4354,ar:department:figueroa,served_by,true
4355,ar:department:juan-felipe-ibarra,served_by,true
4356,ar:department:juan-felipe-ibarra,served_by,true
4356,ar:department:sarmiento-santiago-del-estero,served_by,false
4357,ar:department:juan-felipe-ibarra,served_by,true
4361,ar:department:moreno,served_by,true
4400,ar:department:capital-salta,served_by,true
4401,ar:department:capital-salta,served_by,false
4401,ar:department:la-caldera,served_by,true
4403,ar:department:cerrillos,served_by,true
4405,ar:department:chicoana,served_by,false
4405,ar:department:rosario-de-lerma,served_by,true
4407,ar:department:rosario-de-lerma,served_by,true
4409,ar:department:rosario-de-lerma,served_by,true
4411,ar:department:la-poma,served_by,false
4411,ar:department:los-andes,served_by,true
4413,ar:department:los-andes,served_by,true
4413,ar:department:susques,served_by,false
4415,ar:department:cachi,served_by,false
4415,ar:department:cerrillos,served_by,false
4415,ar:department:chicoana,served_by,true
4415,ar:department:la-poma,served_by,false
4416,ar:department:la-poma,served_by,true
4417,ar:department:cachi,served_by,true
4418,ar:department:cachi,served_by,true
4419,ar:department:cachi,served_by,false
4419,ar:department:molinos,served_by,true
4420,ar:department:molinos,served_by,true
4421,ar:department:cerrillos,served_by,false
4421,ar:department:chicoana,served_by,false
4421,ar:department:la-vina,served_by,true
4422,ar:department:cerrillos,served_by,true
4423,ar:department:chicoana,served_by,true
4424,ar:department:la-vina,served_by,true
4425,ar:department:guachipas,served_by,true
4425,ar:department:la-vina,served_by,false
4425,ar:department:san-carlos-salta,served_by,false
4426,ar:department:san-carlos-salta,served_by,true
4427,ar:department:cafayete,served_by,false
4427,ar:department:san-carlos-salta,served_by,true
4428,ar:department:san-carlos-salta,served_by,true
4429,ar:department:san-carlos-salta,served_by,true
4430,ar:department:general-guemes-salta,served_by,true
4430,ar:department:rivadavia-salta,served_by,false
4430,ar:department:rosario-de-la-frontera,served_by,false
4431,ar:department:el-carmen,served_by,false
4431,ar:department:la-caldera,served_by,true
4432,ar:department:general-guemes-salta,served_by,true
4433,ar:department:rosario-de-lerma,served_by,true
4434,ar:department:anta,served_by,true
4434,ar:department:general-guemes-salta,served_by,false
4434,ar:department:metan,served_by,false
4435,ar:department:general-guemes-salta,served_by,true
4436,ar:department:general-guemes-salta,served_by,true
4438,ar:department:cerrillos,served_by,true
4440,ar:department:metan,served_by,true
4441,ar:department:metan,served_by,true
4442,ar:department:molinos,served_by,true
4444,ar:department:metan,served_by,true
4445,ar:department:la-candelaria,served_by,true
4446,ar:department:anta,served_by,false
4446,ar:department:metan,served_by,true
4447,ar:department:anta,served_by,true
4448,ar:department:anta,served_by,true
4449,ar:department:anta,served_by,true
4450,ar:department:anta,served_by,true
4452,ar:department:anta,served_by,false
4452,ar:department:copo,served_by,true
4453,ar:department:anta,served_by,true
4461,ar:department:capital-salta,served_by,true
4500,ar:department:ledesma,served_by,false
4500,ar:department:san-pedro-jujuy,served_by,true
4501,ar:department:ledesma,served_by,false
4501,ar:department:san-pedro-jujuy,served_by,false
4501,ar:department:santa-barbara,served_by,true
4503,ar:department:san-pedro-jujuy,served_by,true
4504,ar:department:ledesma,served_by,true
4504,ar:department:santa-barbara,served_by,false
4506,ar:department:ledesma,served_by,true
4509,ar:department:santa-barbara,served_by,true
4512,ar:department:ledesma,served_by,true
4512,ar:department:valle-grande,served_by,false
4513,ar:department:valle-grande,served_by,true
4514,ar:department:ledesma,served_by,true
4516,ar:department:ledesma,served_by,true
4518,ar:department:santa-barbara,served_by,true
4522,ar:department:doctor-manuel-belgrano,served_by,false
4522,ar:department:el-carmen,served_by,false
4522,ar:department:san-pedro-jujuy,served_by,true
4528,ar:department:santa-victoria,served_by,true
4529,ar:department:santa-victoria,served_by,true
4530,ar:department:iruya,served_by,false
4530,ar:department:oran,served_by,true
4531,ar:department:oran,served_by,true
4532,ar:department:oran,served_by,true
4533,ar:department:oran,served_by,true
4534,ar:department:oran,served_by,true
4535,ar:department:rivadavia-salta,served_by,true
4536,ar:department:rivadavia-salta,served_by,true
4537,ar:department:oran,served_by,true
4538,ar:department:oran,served_by,true
4542,ar:department:oran,served_by,false
4542,ar:department:santa-barbara,served_by,true
4549,ar:department:general-san-martin-salta,served_by,true
4550,ar:department:general-san-martin-salta,served_by,true
4551,ar:department:general-san-martin-salta,served_by,true
4552,ar:department:general-san-martin-salta,served_by,true
4553,ar:department:rivadavia-salta,served_by,true
4554,ar:department:general-san-martin-salta,served_by,false
4554,ar:department:rivadavia-salta,served_by,true
4555,ar:department:rivadavia-salta,served_by,true
4560,ar:department:general-san-martin-salta,served_by,true
4561,ar:department:rivadavia-salta,served_by,true
4562,ar:department:general-san-martin-salta,served_by,true
4563,ar:department:general-san-martin-salta,served_by,true
4564,ar:department:general-san-martin-salta,served_by,false
4564,ar:department:rivadavia-salta,served_by,true
4565,ar:department:general-san-martin-salta,served_by,true
4566,ar:department:general-san-martin-salta,served_by,true
4568,ar:department:general-san-martin-salta,served_by,true
4600,ar:department:doctor-manuel-belgrano,served_by,true
4600,ar:department:palpala,served_by,false
4601,ar:department:doctor-manuel-belgrano,served_by,true
4603,ar:department:el-carmen,served_by,true
4605,ar:department:san-antonio-jujuy,served_by,true
4606,ar:department:el-carmen,served_by,true
4608,ar:department:el-carmen,served_by,true
4612,ar:department:doctor-manuel-belgrano,served_by,false
4612,ar:department:palpala,served_by,true
4613,ar:department:san-martin-santiago-del-estero,served_by,true
4616,ar:department:doctor-manuel-belgrano,served_by,true
4616,ar:department:tumbaya,served_by,false
4618,ar:department:tumbaya,served_by,true
4621,ar:department:tilcara,served_by,true
4622,ar:department:tilcara,served_by,true
4624,ar:department:tilcara,served_by,true
4626,ar:department:humahuaca,served_by,false
4626,ar:department:tilcara,served_by,true
4630,ar:department:humahuaca,served_by,true
4631,ar:department:humahuaca,served_by,false
4631,ar:department:valle-grande,served_by,true
4632,ar:department:humahuaca,served_by,true
4633,ar:department:iruya,served_by,true
4634,ar:department:cochinoca,served_by,false
4634,ar:department:humahuaca,served_by,true
4635,ar:department:cochinoca,served_by,true
4635,ar:department:humahuaca,served_by,false
4637,ar:department:iruya,served_by,true
4640,ar:department:cochinoca,served_by,true
4641,ar:department:cochinoca,served_by,true
4641,ar:department:susques,served_by,false
4643,ar:department:cochinoca,served_by,false
4643,ar:department:rinconada-department,served_by,true
4643,ar:department:santa-catalina,served_by,false
4643,ar:department:susques,served_by,false
4644,ar:department:cochinoca,served_by,false
4644,ar:department:iruya,served_by,false
4644,ar:department:santa-victoria,served_by,false
4644,ar:department:yavi,served_by,true
4648,ar:department:el-carmen,served_by,true
4650,ar:department:yavi,served_by,true
4651,ar:department:santa-victoria,served_by,true
4651,ar:department:yavi,served_by,false
4652,ar:department:santa-victoria,served_by,true
4653,ar:department:santa-catalina,served_by,true
4655,ar:department:santa-catalina,served_by,true
4700,ar:department:capital-catamarca,served_by,true
4701,ar:department:ancasti,served_by,true
4701,ar:department:el-alto,served_by,false
4703,ar:department:ancasti,served_by,true
4705,ar:department:antofagasta-de-la-sierra,served_by,true
4705,ar:department:valle-viejo,served_by,false
4707,ar:department:fray-mamerto-esquiu,served_by,false
4707,ar:department:valle-viejo,served_by,true
4709,ar:department:fray-mamerto-esquiu,served_by,true
4711,ar:department:ambato,served_by,true
4711,ar:department:andalgala,served_by,false
4711,ar:department:fray-mamerto-esquiu,served_by,false
4713,ar:department:fray-mamerto-esquiu,served_by,true
4715,ar:department:ambato,served_by,true
4716,ar:department:paclin,served_by,true
4718,ar:department:paclin,served_by,true
4719,ar:department:paclin,served_by,true
4722,ar:department:paclin,served_by,true
4722,ar:department:santa-rosa-catamarca,served_by,false
4723,ar:department:paclin,served_by,false
4723,ar:department:santa-rosa-catamarca,served_by,true
4724,ar:department:capayan,served_by,true
4724,ar:department:valle-viejo,served_by,false
4726,ar:department:capayan,served_by,true
4728,ar:department:capayan,served_by,true
4740,ar:department:andalgala,served_by,true
4741,ar:department:andalgala,served_by,true
4743,ar:department:andalgala,served_by,true
4750,ar:department:belen,served_by,true
4751,ar:department:belen,served_by,true
4753,ar:department:belen,served_by,true
4755,ar:department:belen,served_by,true
4758,ar:department:belen,served_by,true
5000,ar:department:capital-cordoba,served_by,true
5006,ar:department:capital-cordoba,served_by,true
5008,ar:department:capital-cordoba,served_by,true
5009,ar:department:capital-cordoba,served_by,true
5012,ar:department:capital-cordoba,served_by,true
5101,ar:department:colon-cordoba,served_by,false
5101,ar:department:rio-primero,served_by,false
5101,ar:department:rio-segundo,served_by,false
5101,ar:department:santa-maria-cordoba,served_by,true
5103,ar:department:rio-segundo,served_by,true
5105,ar:department:colon-cordoba,served_by,true
5107,ar:department:colon-cordoba,served_by,true
5109,ar:department:colon-cordoba,served_by,true
5111,ar:department:colon-cordoba,served_by,true
5113,ar:department:colon-cordoba,served_by,true
5115,ar:department:colon-cordoba,served_by,true
5117,ar:department:totoral,served_by,true
5119,ar:department:santa-maria-cordoba,served_by,true
5120,ar:department:presidente-roque-saenz-pena,served_by,true
5121,ar:department:rio-segundo,served_by,false
5121,ar:department:santa-maria-cordoba,served_by,true
5123,ar:department:santa-maria-cordoba,served_by,true
5125,ar:department:colon-cordoba,served_by,false
5125,ar:department:rio-primero,served_by,true
5125,ar:department:rio-segundo,served_by,false
5127,ar:department:rio-primero,served_by,true
5129,ar:department:rio-primero,served_by,true
5131,ar:department:colon-cordoba,served_by,false
5131,ar:department:rio-primero,served_by,true
5133,ar:department:rio-primero,served_by,true
5135,ar:department:rio-primero,served_by,true
5137,ar:department:rio-primero,served_by,true
5139,ar:department:san-justo-cordoba,served_by,true
5141,ar:department:san-justo-cordoba,served_by,true
5142,ar:department:rio-primero,served_by,true
5143,ar:department:san-justo-cordoba,served_by,true
5145,ar:department:colon-cordoba,served_by,true
5147,ar:department:capital-cordoba,served_by,true
5149,ar:department:colon-cordoba,served_by,true
5149,ar:department:punilla,served_by,false
5150,ar:department:ojo-de-agua,served_by,true
5151,ar:department:colon-cordoba,served_by,true
5152,ar:department:punilla,served_by,true
5153,ar:department:punilla,served_by,true
5153,ar:department:san-alberto,served_by,false
5155,ar:department:punilla,served_by,true
5156,ar:department:punilla,served_by,true
5157,ar:department:punilla,served_by,true
5158,ar:department:punilla,served_by,true
5162,ar:department:punilla,served_by,true
5163,ar:department:punilla,served_by,true
5164,ar:department:punilla,served_by,true
5165,ar:department:punilla,served_by,true
5166,ar:department:punilla,served_by,true
5168,ar:department:punilla,served_by,true
5171,ar:department:punilla,served_by,true
5172,ar:department:punilla,served_by,true
5172,ar:department:rio-primero,served_by,false
5174,ar:department:punilla,served_by,true
5175,ar:department:punilla,served_by,true
5176,ar:department:punilla,served_by,true
5178,ar:department:punilla,served_by,true
5182,ar:department:punilla,served_by,true
5184,ar:department:ischilin,served_by,false
5184,ar:department:punilla,served_by,true
5185,ar:department:minas-cordoba,served_by,true
5186,ar:department:santa-maria-cordoba,served_by,true
5187,ar:department:santa-maria-cordoba,served_by,true
5189,ar:department:calamuchita,served_by,false
5189,ar:department:santa-maria-cordoba,served_by,true
5191,ar:department:calamuchita,served_by,true
5192,ar:department:santa-maria-cordoba,served_by,true
5194,ar:department:calamuchita,served_by,true
5195,ar:department:calamuchita,served_by,true
5196,ar:department:calamuchita,served_by,true
5197,ar:department:calamuchita,served_by,true
5199,ar:department:calamuchita,served_by,true
5200,ar:department:ischilin,served_by,true
5200,ar:department:tulumba,served_by,false
5201,ar:department:ischilin,served_by,true
5201,ar:department:sobremonte,served_by,false
5203,ar:department:tulumba,served_by,true
5205,ar:department:tulumba,served_by,true
5206,ar:department:silipica,served_by,true
5208,ar:department:tulumba,served_by,true
5209,ar:department:sobremonte,served_by,true
5211,ar:department:totoral,served_by,true
5212,ar:department:ischilin,served_by,true
5212,ar:department:totoral,served_by,false
5214,ar:department:ischilin,served_by,true
5216,ar:department:tulumba,served_by,true
5218,ar:department:ischilin,served_by,true
5220,ar:department:colon-cordoba,served_by,true
5220,ar:department:totoral,served_by,false
5221,ar:department:colon-cordoba,served_by,false
5221,ar:department:ischilin,served_by,false
5221,ar:department:totoral,served_by,true
5223,ar:department:colon-cordoba,served_by,true
5225,ar:department:rio-primero,served_by,true
5227,ar:department:rio-primero,served_by,true
5229,ar:department:rio-primero,served_by,false
5229,ar:department:totoral,served_by,true
5231,ar:department:rio-seco,served_by,true
5231,ar:department:totoral,served_by,false
5231,ar:department:tulumba,served_by,false
5233,ar:department:rio-seco,served_by,true
5235,ar:department:rio-seco,served_by,true
5236,ar:department:totoral,served_by,true
5238,ar:department:totoral,served_by,true
5238,ar:department:tulumba,served_by,false
5242,ar:department:totoral,served_by,true
5243,ar:department:tulumba,served_by,true
5244,ar:department:sobremonte,served_by,false
5244,ar:department:tulumba,served_by,true
5246,ar:department:rio-seco,served_by,true
5246,ar:department:tulumba,served_by,false
5248,ar:department:rio-seco,served_by,true
5249,ar:department:ojo-de-agua,served_by,false
5249,ar:department:rio-seco,served_by,true
5250,ar:department:ojo-de-agua,served_by,true
5251,ar:department:ojo-de-agua,served_by,true
5251,ar:department:quebrachos,served_by,false
5253,ar:department:mitre,served_by,false
5253,ar:department:quebrachos,served_by,true
5255,ar:department:ojo-de-agua,served_by,false
5255,ar:department:quebrachos,served_by,true
5257,ar:department:quebrachos,served_by,true
5257,ar:department:salavina,served_by,false
5258,ar:department:ojo-de-agua,served_by,true
5260,ar:department:la-paz,served_by,true
5261,ar:department:ancasti,served_by,false
5261,ar:department:la-paz,served_by,true
5263,ar:department:capayan,served_by,true
5263,ar:department:capital-la-rioja,served_by,false
5263,ar:department:la-paz,served_by,false
5264,ar:department:la-paz,served_by,true
5265,ar:department:ancasti,served_by,false
5265,ar:department:la-paz,served_by,true
5266,ar:department:la-paz,served_by,true
5270,ar:department:cruz-del-eje,served_by,true
5271,ar:department:minas-cordoba,served_by,true
5272,ar:department:general-ocampo,served_by,true
5274,ar:department:general-ocampo,served_by,true
5275,ar:department:general-ocampo,served_by,true
5276,ar:department:general-belgrano-la-rioja,served_by,true
5280,ar:department:cruz-del-eje,served_by,true
5280,ar:department:ischilin,served_by,false
5281,ar:department:cruz-del-eje,served_by,true
5281,ar:department:ischilin,served_by,false
5282,ar:department:cruz-del-eje,served_by,false
5282,ar:department:punilla,served_by,true
5284,ar:department:cruz-del-eje,served_by,true
5284,ar:department:minas-cordoba,served_by,false
5285,ar:department:cruz-del-eje,served_by,true
5285,ar:department:minas-cordoba,served_by,false
5287,ar:department:cruz-del-eje,served_by,true
5289,ar:department:minas-cordoba,served_by,true
5291,ar:department:minas-cordoba,served_by,true
5293,ar:department:minas-cordoba,served_by,true
5295,ar:department:pocho,served_by,true
5297,ar:department:minas-cordoba,served_by,false
5297,ar:department:pocho,served_by,false
5297,ar:department:san-alberto,served_by,true
5299,ar:department:pocho,served_by,true
5299,ar:department:san-alberto,served_by,false
5300,ar:department:capital-la-rioja,served_by,true
5301,ar:department:capital-la-rioja,served_by,true
5301,ar:department:castro-barros,served_by,false
5301,ar:department:sanagasta,served_by,false
5303,ar:department:castro-barros,served_by,true
5304,ar:department:capital-la-rioja,served_by,true
5306,ar:department:capital-la-rioja,served_by,true
5310,ar:department:arauco,served_by,true
5311,ar:department:arauco,served_by,true
5313,ar:department:arauco,served_by,true
5315,ar:department:poman,served_by,true
5316,ar:department:poman,served_by,true
5317,ar:department:poman,served_by,true
5319,ar:department:poman,served_by,true
5321,ar:department:poman,served_by,true
5325,ar:department:san-blas-de-los-sauces,served_by,true
5327,ar:department:san-blas-de-los-sauces,served_by,true
5329,ar:department:san-blas-de-los-sauces,served_by,true
5331,ar:department:tinogasta,served_by,true
5333,ar:department:tinogasta,served_by,true
5340,ar:department:tinogasta,served_by,true
5341,ar:department:tinogasta,served_by,true
5343,ar:department:tinogasta,served_by,true
5345,ar:department:tinogasta,served_by,true
5350,ar:department:coronel-felipe-varela,served_by,true
5351,ar:department:coronel-felipe-varela,served_by,true
5353,ar:department:coronel-felipe-varela,served_by,true
5355,ar:department:general-lamadrid,served_by,true
5357,ar:department:vinchina,served_by,true
5359,ar:department:vinchina,served_by,true
5360,ar:department:chilecito,served_by,true
5361,ar:department:chilecito,served_by,false
5361,ar:department:coronel-felipe-varela,served_by,false
5361,ar:department:famatina,served_by,true
5363,ar:department:chilecito,served_by,true
5365,ar:department:famatina,served_by,true
5367,ar:department:chilecito,served_by,true
5369,ar:department:coronel-felipe-varela,served_by,true
5370,ar:department:rosario-vera-penaloza,served_by,true
5372,ar:department:chilecito,served_by,true
5374,ar:department:chilecito,served_by,true
5380,ar:department:chamical,served_by,true
5381,ar:department:chamical,served_by,false
5381,ar:department:general-belgrano-la-rioja,served_by,true
5383,ar:department:general-belgrano-la-rioja,served_by,true
5384,ar:department:general-angel-vicente-penaloza,served_by,true
5385,ar:department:general-angel-vicente-penaloza,served_by,false
5385,ar:department:general-juan-facundo-quiroga,served_by,true
5386,ar:department:independencia-la-rioja,served_by,true
5400,ar:department:capital-san-juan,served_by,false
5400,ar:department:rivadavia-san-juan,served_by,false
5400,ar:department:ullum,served_by,true
5401,ar:department:calingasta,served_by,true
5401,ar:department:zonda,served_by,false
5403,ar:department:calingasta,served_by,true
5405,ar:department:calingasta,served_by,true
5407,ar:department:rivadavia-san-juan,served_by,true
5409,ar:department:jachal,served_by,true
5409,ar:department:ullum,served_by,false
5411,ar:department:santa-lucia,served_by,true
5412,ar:department:jachal,served_by,true
5413,ar:department:chimbas,served_by,true
5414,ar:department:ullum,served_by,true
5415,ar:department:angaco,served_by,true
5417,ar:department:nueve-de-julio-san-juan,served_by,true
5419,ar:department:albardon,served_by,true
5421,ar:department:rawson-san-juan,served_by,false
5421,ar:department:veinticinco-de-mayo-san-juan,served_by,true
5423,ar:department:veinticinco-de-mayo-san-juan,served_by,true
5424,ar:department:rawson-san-juan,served_by,true
5425,ar:department:rawson-san-juan,served_by,true
5426,ar:department:albardon,served_by,true
5427,ar:department:pocito,served_by,true
5429,ar:department:pocito,served_by,true
5431,ar:department:sarmiento-san-juan,served_by,true
5433,ar:department:sarmiento-san-juan,served_by,true
5435,ar:department:las-heras,served_by,false
5435,ar:department:pocito,served_by,false
5435,ar:department:sarmiento-san-juan,served_by,true
5435,ar:department:veinticinco-de-mayo-san-juan,served_by,false
5436,ar:department:santa-lucia,served_by,true
5438,ar:department:santa-lucia,served_by,true
5439,ar:department:san-martin-san-juan,served_by,true
5442,ar:department:caucete,served_by,true
5443,ar:department:caucete,served_by,false
5443,ar:department:veinticinco-de-mayo-san-juan,served_by,true
5444,ar:department:caucete,served_by,true
5445,ar:department:veinticinco-de-mayo-san-juan,served_by,true
5446,ar:department:caucete,served_by,true
5447,ar:department:angaco,served_by,false
5447,ar:department:valle-fertil,served_by,true
5449,ar:department:valle-fertil,served_by,true
5450,ar:department:sarmiento-san-juan,served_by,true
5451,ar:department:zonda,served_by,true
5452,ar:department:veinticinco-de-mayo-san-juan,served_by,true
5456,ar:department:nueve-de-julio-san-juan,served_by,true
5460,ar:department:jachal,served_by,true
5461,ar:department:jachal,served_by,true
5463,ar:department:jachal,served_by,true
5465,ar:department:iglesia,served_by,true
5467,ar:department:iglesia,served_by,true
5470,ar:department:rosario-vera-penaloza,served_by,true
5471,ar:department:general-juan-facundo-quiroga,served_by,false
5471,ar:department:general-san-martin-la-rioja,served_by,false
5471,ar:department:rosario-vera-penaloza,served_by,true
5472,ar:department:rosario-vera-penaloza,served_by,true
5473,ar:department:general-san-martin-la-rioja,served_by,true
5474,ar:department:general-san-martin-la-rioja,served_by,false
5474,ar:department:rosario-vera-penaloza,served_by,true
5475,ar:department:general-belgrano-la-rioja,served_by,false
5475,ar:department:general-ocampo,served_by,true
5475,ar:department:rosario-vera-penaloza,served_by,false
5477,ar:department:jachal,served_by,true
5480,ar:department:angaco,served_by,true
5482,ar:department:nueve-de-julio-san-juan,served_by,true
5500,ar:department:las-heras,served_by,true
5501,ar:department:godoy-cruz,served_by,true
5503,ar:department:godoy-cruz,served_by,false
5503,ar:department:lujan-de-cuyo,served_by,true
5505,ar:department:lujan-de-cuyo,served_by,true
5507,ar:department:lujan-de-cuyo,served_by,true
5509,ar:department:lujan-de-cuyo,served_by,true
5509,ar:department:malargue,served_by,false
5511,ar:department:mendoza:maipu,served_by,true
5513,ar:department:mendoza:maipu,served_by,true
5515,ar:department:mendoza:maipu,served_by,true
5517,ar:department:mendoza:maipu,served_by,true
5519,ar:department:guaymallen,served_by,true
5519,ar:department:lujan-de-cuyo,served_by,false
5521,ar:department:guaymallen,served_by,true
5523,ar:department:guaymallen,served_by,true
5525,ar:department:guaymallen,served_by,true
5526,ar:department:guaymallen,served_by,true
5527,ar:department:guaymallen,served_by,true
5529,ar:department:mendoza:maipu,served_by,true
5531,ar:department:mendoza:maipu,served_by,true
5533,ar:department:guaymallen,served_by,false
5533,ar:department:lavalle-mendoza,served_by,true
5535,ar:department:lavalle-mendoza,served_by,true
5535,ar:department:san-martin-mendoza,served_by,false
5537,ar:department:lavalle-mendoza,served_by,true
5539,ar:department:las-heras,served_by,true
5541,ar:department:las-heras,served_by,true
5543,ar:department:las-heras,served_by,true
5543,ar:department:lavalle-mendoza,served_by,false
5544,ar:department:las-heras,served_by,true
5545,ar:department:las-heras,served_by,true
5546,ar:department:las-heras,served_by,true
5547,ar:department:godoy-cruz,served_by,true
5549,ar:department:las-heras,served_by,false
5549,ar:department:lujan-de-cuyo,served_by,true
5549,ar:department:malargue,served_by,false
5551,ar:department:las-heras,served_by,true
5552,ar:department:lujan-de-cuyo,served_by,true
5553,ar:department:las-heras,served_by,true
5555,ar:department:las-heras,served_by,true
5557,ar:department:las-heras,served_by,true
5560,ar:department:tunuyan,served_by,true
5561,ar:department:lujan-de-cuyo,served_by,false
5561,ar:department:tupungato,served_by,true
5563,ar:department:lavalle-mendoza,served_by,false
5563,ar:department:tunuyan,served_by,true
5565,ar:department:tunuyan,served_by,true
5567,ar:department:san-carlos-mendoza,served_by,true
5569,ar:department:san-carlos-mendoza,served_by,true
5570,ar:department:rivadavia-mendoza,served_by,false
5570,ar:department:san-martin-mendoza,served_by,true
5571,ar:department:rivadavia-mendoza,served_by,false
5571,ar:department:san-martin-mendoza,served_by,true
5572,ar:department:junin-mendoza,served_by,true
5573,ar:department:junin-mendoza,served_by,true
5575,ar:department:rivadavia-mendoza,served_by,true
5577,ar:department:rivadavia-mendoza,served_by,true
5579,ar:department:junin-mendoza,served_by,false
5579,ar:department:rivadavia-mendoza,served_by,true
5580,ar:department:san-martin-mendoza,served_by,true
5582,ar:department:junin-mendoza,served_by,false
5582,ar:department:san-martin-mendoza,served_by,true
5584,ar:department:san-martin-mendoza,served_by,true
5585,ar:department:junin-mendoza,served_by,true
5587,ar:department:mendoza:maipu,served_by,true
5589,ar:department:san-martin-mendoza,served_by,true
5590,ar:department:la-paz-mendoza,served_by,true
5591,ar:department:la-paz-mendoza,served_by,true
5592,ar:department:santa-rosa-mendoza,served_by,true
5594,ar:department:santa-rosa-mendoza,served_by,true
5595,ar:department:san-rafael,served_by,true
5595,ar:department:santa-rosa-mendoza,served_by,false
5596,ar:department:santa-rosa-mendoza,served_by,true
5598,ar:department:la-paz-mendoza,served_by,true
5600,ar:department:san-rafael,served_by,true
5601,ar:department:san-rafael,served_by,true
5603,ar:department:san-rafael,served_by,true
5605,ar:department:san-rafael,served_by,true
5607,ar:department:san-rafael,served_by,true
5609,ar:department:general-alvear-mendoza,served_by,false
5609,ar:department:san-rafael,served_by,true
5611,ar:department:malargue,served_by,true
5611,ar:department:san-rafael,served_by,false
5612,ar:department:malargue,served_by,true
5613,ar:department:malargue,served_by,true
5615,ar:department:san-rafael,served_by,true
5620,ar:department:general-alvear-mendoza,served_by,true
5621,ar:department:general-alvear-mendoza,served_by,true
5621,ar:department:las-heras,served_by,false
5621,ar:department:malargue,served_by,false
5621,ar:department:san-rafael,served_by,false
5622,ar:department:san-rafael,served_by,true
5623,ar:department:san-rafael,served_by,true
5624,ar:department:san-rafael,served_by,true
5632,ar:department:general-alvear-mendoza,served_by,true
5633,ar:department:general-alvear-mendoza,served_by,true
5634,ar:department:general-alvear-mendoza,served_by,true
5635,ar:department:san-rafael,served_by,true
5636,ar:department:general-alvear-mendoza,served_by,true
5636,ar:department:gobernador-dupuy,served_by,false
5637,ar:department:general-alvear-mendoza,served_by,true
5637,ar:department:general-pedernera,served_by,false
5637,ar:department:gobernador-dupuy,served_by,false
5645,ar:department:malargue,served_by,true
5646,ar:department:guaymallen,served_by,true
5677,ar:department:rivadavia-mendoza,served_by,true
5684,ar:department:iglesia,served_by,true
5700,ar:department:la-capital-san-luis,served_by,true
5701,ar:department:coronel-pringles,served_by,true
5701,ar:department:la-capital-san-luis,served_by,false
5701,ar:department:libertador-general-san-martin-san-luis,served_by,false
5703,ar:department:ayacucho,served_by,false
5703,ar:department:belgrano-san-luis,served_by,true
5703,ar:department:la-capital-san-luis,served_by,false
5705,ar:department:ayacucho,served_by,true
5705,ar:department:belgrano-san-luis,served_by,false
5705,ar:department:coronel-pringles,served_by,false
5706,ar:department:coronel-pringles,served_by,true
5707,ar:department:ayacucho,served_by,true
5707,ar:department:belgrano-san-luis,served_by,false
5707,ar:department:coronel-pringles,served_by,false
5707,ar:department:libertador-general-san-martin-san-luis,served_by,false
5709,ar:department:ayacucho,served_by,true
5710,ar:department:la-capital-san-luis,served_by,true
5711,ar:department:ayacucho,served_by,true
5711,ar:department:junin-san-luis,served_by,false
5712,ar:department:ayacucho,served_by,true
5713,ar:department:ayacucho,served_by,true
5713,ar:department:junin-san-luis,served_by,false
5714,ar:department:ayacucho,served_by,true
5715,ar:department:ayacucho,served_by,false
5715,ar:department:junin-san-luis,served_by,true
5715,ar:department:libertador-general-san-martin-san-luis,served_by,false
5716,ar:department:belgrano-san-luis,served_by,true
5717,ar:department:general-san-martin-la-rioja,served_by,true
5719,ar:department:ayacucho,served_by,false
5719,ar:department:belgrano-san-luis,served_by,true
5719,ar:department:la-capital-san-luis,served_by,false
5721,ar:department:coronel-pringles,served_by,false
5721,ar:department:general-pedernera,served_by,false
5721,ar:department:la-capital-san-luis,served_by,true
5722,ar:department:belgrano-san-luis,served_by,false
5722,ar:department:coronel-pringles,served_by,true
5722,ar:department:la-capital-san-luis,served_by,false
5724,ar:department:la-capital-san-luis,served_by,true
5730,ar:department:general-pedernera,served_by,true
5730,ar:department:libertador-general-san-martin-san-luis,served_by,false
5731,ar:department:general-pedernera,served_by,true
5732,ar:department:general-pedernera,served_by,true
5733,ar:department:general-pedernera,served_by,true
5735,ar:department:general-pedernera,served_by,true
5736,ar:department:coronel-pringles,served_by,true
5738,ar:department:general-pedernera,served_by,true
5741,ar:department:general-pedernera,served_by,true
5743,ar:department:general-pedernera,served_by,true
5750,ar:department:belgrano-san-luis,served_by,false
5750,ar:department:coronel-pringles,served_by,true
5751,ar:department:coronel-pringles,served_by,true
5753,ar:department:ayacucho,served_by,false
5753,ar:department:belgrano-san-luis,served_by,false
5753,ar:department:general-pedernera,served_by,false
5753,ar:department:libertador-general-san-martin-san-luis,served_by,true
5755,ar:department:libertador-general-san-martin-san-luis,served_by,true
5757,ar:department:coronel-pringles,served_by,true
5757,ar:department:libertador-general-san-martin-san-luis,served_by,false
5759,ar:department:chacabuco-san-luis,served_by,true
5759,ar:department:general-pedernera,served_by,false
5763,ar:department:libertador-general-san-martin-san-luis,served_by,true
5770,ar:department:chacabuco-san-luis,served_by,true
5770,ar:department:junin-san-luis,served_by,false
5771,ar:department:junin-san-luis,served_by,false
5771,ar:department:libertador-general-san-martin-san-luis,served_by,true
5773,ar:department:chacabuco-san-luis,served_by,false
5773,ar:department:libertador-general-san-martin-san-luis,served_by,true
5775,ar:department:chacabuco-san-luis,served_by,true
5777,ar:department:chacabuco-san-luis,served_by,false
5777,ar:department:junin-san-luis,served_by,true
5779,ar:department:junin-san-luis,served_by,true
5789,ar:department:coronel-pringles,served_by,true
5800,ar:department:rio-cuarto,served_by,true
5801,ar:department:rio-cuarto,served_by,true
5803,ar:department:juarez-celman,served_by,true
5805,ar:department:juarez-celman,served_by,false
5805,ar:department:rio-cuarto,served_by,true
5807,ar:department:juarez-celman,served_by,true
5809,ar:department:juarez-celman,served_by,true
5810,ar:department:rio-cuarto,served_by,true
5811,ar:department:rio-cuarto,served_by,true
5813,ar:department:rio-cuarto,served_by,true
5815,ar:department:rio-cuarto,served_by,true
5817,ar:department:rio-cuarto,served_by,true
5819,ar:department:calamuchita,served_by,true
5819,ar:department:rio-cuarto,served_by,false
5820,ar:department:gualeguaychu,served_by,true
5821,ar:department:calamuchita,served_by,true
5821,ar:department:rio-cuarto,served_by,false
5823,ar:department:calamuchita,served_by,true
5825,ar:department:rio-cuarto,served_by,true
5827,ar:department:rio-cuarto,served_by,true
5829,ar:department:rio-cuarto,served_by,true
5831,ar:department:chacabuco-san-luis,served_by,false
5831,ar:department:general-pedernera,served_by,true
5831,ar:department:rio-cuarto,served_by,false
5833,ar:department:rio-cuarto,served_by,true
5835,ar:department:chacabuco-san-luis,served_by,true
5837,ar:department:rio-cuarto,served_by,true
5839,ar:department:rio-cuarto,served_by,true
5841,ar:department:rio-cuarto,served_by,true
5843,ar:department:rio-cuarto,served_by,true
5845,ar:department:rio-cuarto,served_by,true
5847,ar:department:rio-cuarto,served_by,true
5848,ar:department:rio-cuarto,served_by,true
5850,ar:department:tercero-arriba,served_by,true
5851,ar:department:calamuchita,served_by,true
5851,ar:department:tercero-arriba,served_by,false
5853,ar:department:tercero-arriba,served_by,true
5854,ar:department:calamuchita,served_by,false
5854,ar:department:tercero-arriba,served_by,true
5856,ar:department:calamuchita,served_by,true
5857,ar:department:calamuchita,served_by,true
5859,ar:department:calamuchita,served_by,true
5862,ar:department:calamuchita,served_by,true
5864,ar:department:calamuchita,served_by,true
5865,ar:department:rio-segundo,served_by,true
5870,ar:department:san-javier-cordoba,served_by,true
5871,ar:department:junin-san-luis,served_by,false
5871,ar:department:pocho,served_by,false
5871,ar:department:san-alberto,served_by,true
5871,ar:department:san-javier-cordoba,served_by,false
5873,ar:department:junin-san-luis,served_by,false
5873,ar:department:san-javier-cordoba,served_by,true
5875,ar:department:san-javier-cordoba,served_by,true
5877,ar:department:san-javier-cordoba,served_by,true
5878,ar:department:san-alberto,served_by,true
5879,ar:department:san-alberto,served_by,false
5879,ar:department:san-javier-cordoba,served_by,true
5881,ar:department:junin-san-luis,served_by,true
5882,ar:department:chacabuco-san-luis,served_by,true
5883,ar:department:chacabuco-san-luis,served_by,true
5883,ar:department:junin-san-luis,served_by,false
5885,ar:department:san-alberto,served_by,true
5885,ar:department:san-javier-cordoba,served_by,false
5887,ar:department:san-alberto,served_by,true
5888,ar:department:san-javier-cordoba,served_by,true
5889,ar:department:san-alberto,served_by,true
5891,ar:department:san-alberto,served_by,true
5893,ar:department:san-alberto,served_by,true
5900,ar:department:general-san-martin-cordoba,served_by,true
5901,ar:department:general-san-martin-cordoba,served_by,true
5903,ar:department:general-san-martin-cordoba,served_by,true
5905,ar:department:union,served_by,true
5907,ar:department:general-san-martin-cordoba,served_by,true
5907,ar:department:union,served_by,false
5909,ar:department:general-san-martin-cordoba,served_by,true
5909,ar:department:san-justo-cordoba,served_by,false
5911,ar:department:general-san-martin-cordoba,served_by,true
5913,ar:department:rio-segundo,served_by,false
5913,ar:department:union,served_by,true
5915,ar:department:rio-segundo,served_by,true
5917,ar:department:general-san-martin-cordoba,served_by,true
5919,ar:department:tercero-arriba,served_by,true
5921,ar:department:tercero-arriba,served_by,true
5923,ar:department:juarez-celman,served_by,true
5925,ar:department:general-san-martin-cordoba,served_by,true
5927,ar:department:general-san-martin-cordoba,served_by,true
5929,ar:department:tercero-arriba,served_by,true
5931,ar:department:tercero-arriba,served_by,true
5933,ar:department:tercero-arriba,served_by,true
5935,ar:department:tercero-arriba,served_by,true
5936,ar:department:general-san-martin-cordoba,served_by,true
5940,ar:department:san-justo-cordoba,served_by,true
5941,ar:department:san-justo-cordoba,served_by,true
5943,ar:department:san-justo-cordoba,served_by,true
5945,ar:department:rio-segundo,served_by,false
5945,ar:department:san-justo-cordoba,served_by,true
5947,ar:department:san-justo-cordoba,served_by,true
5949,ar:department:san-justo-cordoba,served_by,true
5949,ar:department:union,served_by,false
5951,ar:department:san-justo-cordoba,served_by,false
5951,ar:department:union,served_by,true
5960,ar:department:rio-segundo,served_by,true
5961,ar:department:rio-segundo,served_by,true
5963,ar:department:rio-segundo,served_by,true
5963,ar:department:santa-maria-cordoba,served_by,false
5965,ar:department:rio-segundo,served_by,true
5967,ar:department:rio-segundo,served_by,true
5969,ar:department:rio-segundo,served_by,true
5972,ar:department:rio-segundo,served_by,true
5974,ar:department:rio-segundo,served_by,true
5980,ar:department:tercero-arriba,served_by,true
5984,ar:department:tercero-arriba,served_by,true
5986,ar:department:rio-segundo,served_by,true
5987,ar:department:rio-segundo,served_by,true
5987,ar:department:tercero-arriba,served_by,false
5988,ar:department:rio-segundo,served_by,true
5989,ar:department:rio-segundo,served_by,true
6000,ar:partido:junin,served_by,true
6001,ar:partido:junin,served_by,true
6003,ar:partido:general-arenales,served_by,true
6005,ar:partido:general-arenales,served_by,true
6007,ar:partido:general-arenales,served_by,true
6009,ar:department:general-lopez,served_by,true
6013,ar:partido:bragado,served_by,false
6013,ar:partido:general-viamonte,served_by,false
6013,ar:partido:junin,served_by,true
6015,ar:partido:general-viamonte,served_by,true
6017,ar:partido:general-viamonte,served_by,true
6018,ar:partido:general-viamonte,served_by,true
6022,ar:partido:junin,served_by,true
6023,ar:partido:leandro-n-alem,served_by,true
6030,ar:partido:leandro-n-alem,served_by,true
6031,ar:partido:general-arenales,served_by,false
6031,ar:partido:leandro-n-alem,served_by,true
6032,ar:partido:junin,served_by,true
6032,ar:partido:leandro-n-alem,served_by,false
6034,ar:partido:leandro-n-alem,served_by,true
6036,ar:department:general-lopez,served_by,true
6039,ar:department:general-lopez,served_by,true
6042,ar:partido:general-pinto,served_by,true
6050,ar:partido:general-pinto,served_by,true
6051,ar:partido:general-villegas,served_by,true
6053,ar:partido:general-pinto,served_by,true
6058,ar:partido:general-pinto,served_by,true
6062,ar:partido:general-pinto,served_by,true
6063,ar:partido:florentino-ameghino,served_by,true
6064,ar:partido:florentino-ameghino,served_by,true
6065,ar:partido:florentino-ameghino,served_by,true
6070,ar:partido:lincoln,served_by,true
6071,ar:partido:lincoln,served_by,true
6073,ar:partido:lincoln,served_by,true
6075,ar:partido:lincoln,served_by,true
6077,ar:partido:carlos-tejedor,served_by,true
6077,ar:partido:florentino-ameghino,served_by,false
6077,ar:partido:lincoln,served_by,false
6078,ar:partido:lincoln,served_by,true
6100,ar:department:general-lopez,served_by,true
6101,ar:partido:general-villegas,served_by,true
6103,ar:department:general-lopez,served_by,true
6105,ar:partido:general-villegas,served_by,true
6106,ar:department:general-lopez,served_by,true
6119,ar:department:presidente-roque-saenz-pena,served_by,true
6120,ar:department:presidente-roque-saenz-pena,served_by,true
6121,ar:department:juarez-celman,served_by,true
6123,ar:department:presidente-roque-saenz-pena,served_by,true
6125,ar:department:presidente-roque-saenz-pena,served_by,true
6127,ar:department:general-roca-cordoba,served_by,true
6127,ar:department:presidente-roque-saenz-pena,served_by,false
6128,ar:department:presidente-roque-saenz-pena,served_by,true
6132,ar:department:presidente-roque-saenz-pena,served_by,true
6134,ar:department:presidente-roque-saenz-pena,served_by,true
6140,ar:department:rio-cuarto,served_by,true
6141,ar:department:rio-cuarto,served_by,true
6142,ar:department:rio-cuarto,served_by,true
6144,ar:department:rio-cuarto,served_by,true
6153,ar:department:presidente-roque-saenz-pena,served_by,true
6179,ar:department:gobernador-dupuy,served_by,true
6200,ar:department:realico-department,served_by,true
6201,ar:department:realico-department,served_by,true
6203,ar:department:realico-department,served_by,true
6205,ar:department:rancul,served_by,true
6205,ar:department:realico-department,served_by,false
6207,ar:department:realico-department,served_by,true
6212,ar:department:chapaleufu,served_by,false
6212,ar:department:realico-department,served_by,true
6213,ar:department:rancul,served_by,true
6214,ar:department:rancul,served_by,true
6215,ar:department:gobernador-dupuy,served_by,true
6216,ar:department:gobernador-dupuy,served_by,true
6220,ar:department:chapaleufu,served_by,true
6221,ar:department:chapaleufu,served_by,true
6223,ar:partido:general-villegas,served_by,true
6225,ar:department:general-roca-cordoba,served_by,true
6227,ar:department:general-roca-cordoba,served_by,true
6228,ar:department:chapaleufu,served_by,true
6230,ar:partido:general-villegas,served_by,true
6231,ar:partido:carlos-tejedor,served_by,true
6231,ar:partido:general-villegas,served_by,false
6231,ar:partido:rivadavia,served_by,false
6233,ar:partido:rivadavia,served_by,true
6234,ar:partido:rivadavia,served_by,true
6235,ar:partido:general-villegas,served_by,true
6237,ar:partido:rivadavia,served_by,true
6239,ar:partido:rivadavia,served_by,true
6241,ar:partido:general-villegas,served_by,true
6242,ar:partido:general-villegas,served_by,true
6243,ar:partido:general-villegas,served_by,true
6244,ar:partido:general-villegas,served_by,true
6249,ar:partido:general-villegas,served_by,true
6269,ar:department:general-roca-cordoba,served_by,true
6270,ar:department:general-roca-cordoba,served_by,true
6271,ar:department:general-roca-cordoba,served_by,true
6273,ar:department:general-roca-cordoba,served_by,true
6275,ar:department:general-roca-cordoba,served_by,true
6277,ar:department:gobernador-dupuy,served_by,true
6279,ar:department:general-pedernera,served_by,false
6279,ar:department:general-roca-cordoba,served_by,false
6279,ar:department:gobernador-dupuy,served_by,true
6279,ar:department:la-capital-san-luis,served_by,false
6300,ar:department:capital-la-pampa,served_by,true
6301,ar:department:atreuco,served_by,true
6303,ar:department:toay,served_by,true
6305,ar:department:atreuco,served_by,true
6307,ar:department:atreuco,served_by,true
6309,ar:department:guatrache,served_by,true
6311,ar:department:guatrache,served_by,true
6312,ar:department:realico-department,served_by,true
6313,ar:department:conhelo,served_by,true
6315,ar:department:quemu-quemu,served_by,true
6317,ar:department:loventue,served_by,true
6319,ar:department:loventue,served_by,true
6321,ar:department:loventue,served_by,true
6323,ar:department:chalileo,served_by,true
6323,ar:department:chical-co,served_by,false
6323,ar:department:limay-mahuida,served_by,false
6325,ar:department:toay,served_by,true
6325,ar:department:utracan,served_by,false
6326,ar:department:capital-la-pampa,served_by,true
6330,ar:department:catrilo,served_by,true
6331,ar:department:maraco,served_by,true
6331,ar:department:quemu-quemu,served_by,false
6332,ar:partido:pellegrini,served_by,true
6333,ar:department:quemu-quemu,served_by,true
6335,ar:partido:salliquelo,served_by,true
6336,ar:department:catrilo,served_by,true
6337,ar:partido:tres-lomas,served_by,true
6338,ar:partido:adolfo-alsina,served_by,true
6339,ar:partido:salliquelo,served_by,true
6341,ar:department:catrilo,served_by,false
6341,ar:partido:adolfo-alsina,served_by,true
6343,ar:partido:adolfo-alsina,served_by,true
6345,ar:department:atreuco,served_by,true
6346,ar:partido:pellegrini,served_by,true
6348,ar:partido:pellegrini,served_by,true
6352,ar:department:catrilo,served_by,true
6354,ar:department:catrilo,served_by,true
6360,ar:department:maraco,served_by,true
6361,ar:department:maraco,served_by,true
6365,ar:department:chapaleufu,served_by,false
6365,ar:department:maraco,served_by,true
6365,ar:department:quemu-quemu,served_by,false
6367,ar:department:trenel,served_by,true
6369,ar:department:trenel,served_by,true
6380,ar:department:conhelo,served_by,true
6381,ar:department:conhelo,served_by,true
6383,ar:department:conhelo,served_by,true
6385,ar:department:rancul,served_by,true
6385,ar:department:trenel,served_by,false
6387,ar:department:rancul,served_by,true
6389,ar:department:gobernador-dupuy,served_by,true
6400,ar:partido:trenque-lauquen,served_by,true
6401,ar:partido:rivadavia,served_by,true
6403,ar:partido:pellegrini,served_by,false
6403,ar:partido:rivadavia,served_by,true
6405,ar:partido:trenque-lauquen,served_by,true
6407,ar:partido:trenque-lauquen,served_by,true
6409,ar:partido:tres-lomas,served_by,true
6411,ar:partido:guamini,served_by,true
6417,ar:partido:guamini,served_by,true
6422,ar:partido:trenque-lauquen,served_by,true
6424,ar:partido:trenque-lauquen,served_by,true
6430,ar:partido:adolfo-alsina,served_by,true
6430,ar:partido:guamini,served_by,false
6431,ar:partido:adolfo-alsina,served_by,true
6433,ar:partido:adolfo-alsina,served_by,true
6434,ar:partido:alberti,served_by,true
6435,ar:partido:guamini,served_by,true
6437,ar:partido:guamini,served_by,true
6438,ar:partido:daireaux,served_by,true
6439,ar:partido:daireaux,served_by,false
6439,ar:partido:guamini,served_by,true
6441,ar:partido:adolfo-alsina,served_by,true
6443,ar:partido:adolfo-alsina,served_by,true
6450,ar:partido:pehuajo,served_by,true
6451,ar:partido:carlos-tejedor,served_by,false
6451,ar:partido:pehuajo,served_by,true
6453,ar:partido:lincoln,served_by,true
6455,ar:partido:carlos-tejedor,served_by,true
6457,ar:partido:carlos-tejedor,served_by,true
6459,ar:partido:carlos-tejedor,served_by,true
6461,ar:partido:pehuajo,served_by,true
6463,ar:partido:pehuajo,served_by,true
6465,ar:partido:hipolito-yrigoyen,served_by,true
6467,ar:partido:hipolito-yrigoyen,served_by,true
6469,ar:partido:pehuajo,served_by,true
6471,ar:partido:daireaux,served_by,true
6471,ar:partido:trenque-lauquen,served_by,false
6472,ar:partido:pehuajo,served_by,true
6474,ar:partido:pehuajo,served_by,true
6475,ar:partido:carlos-tejedor,served_by,true
6476,ar:partido:pehuajo,served_by,true
6500,ar:partido:nueve-de-julio,served_by,true
6501,ar:partido:nueve-de-julio,served_by,true
6503,ar:partido:nueve-de-julio,served_by,true
6505,ar:partido:nueve-de-julio,served_by,true
6507,ar:partido:nueve-de-julio,served_by,true
6508,ar:partido:nueve-de-julio,served_by,true
6509,ar:partido:veinticinco-de-mayo,served_by,true
6511,ar:partido:bolivar,served_by,true
6513,ar:partido:nueve-de-julio,served_by,true
6515,ar:partido:nueve-de-julio,served_by,true
6516,ar:partido:nueve-de-julio,served_by,true
6530,ar:partido:carlos-casares,served_by,true
6531,ar:partido:carlos-casares,served_by,true
6533,ar:partido:lincoln,served_by,false
6533,ar:partido:nueve-de-julio,served_by,true
6535,ar:partido:carlos-casares,served_by,true
6537,ar:partido:carlos-casares,served_by,true
6538,ar:partido:carlos-casares,served_by,true
6550,ar:partido:bolivar,served_by,true
6551,ar:partido:bolivar,served_by,true
6553,ar:partido:bolivar,served_by,true
6555,ar:partido:daireaux,served_by,true
6557,ar:partido:bolivar,served_by,true
6557,ar:partido:olavarria,served_by,false
6559,ar:partido:olavarria,served_by,true
6561,ar:partido:olavarria,served_by,true
6567,ar:partido:olavarria,served_by,true
6600,ar:partido:mercedes,served_by,true
6601,ar:partido:mercedes,served_by,true
6601,ar:partido:san-andres-de-giles,served_by,false
6603,ar:partido:navarro,served_by,true
6604,ar:partido:mercedes,served_by,true
6605,ar:partido:navarro,served_by,true
6607,ar:partido:navarro,served_by,true
6608,ar:partido:mercedes,served_by,true
6612,ar:partido:suipacha,served_by,true
6614,ar:partido:mercedes,served_by,true
6614,ar:partido:san-andres-de-giles,served_by,false
6614,ar:partido:suipacha,served_by,false
6616,ar:partido:chacabuco,served_by,true
6620,ar:partido:chivilcoy,served_by,true
6621,ar:partido:alberti,served_by,true
6621,ar:partido:veinticinco-de-mayo,served_by,false
6623,ar:partido:chivilcoy,served_by,true
6625,ar:partido:chivilcoy,served_by,true
6627,ar:partido:chivilcoy,served_by,false
6627,ar:partido:navarro,served_by,true
6628,ar:partido:alberti,served_by,false
6628,ar:partido:chacabuco,served_by,false
6628,ar:partido:chivilcoy,served_by,true
6632,ar:partido:chivilcoy,served_by,true
6634,ar:partido:alberti,served_by,true
6635,ar:partido:chivilcoy,served_by,true
6640,ar:partido:bragado,served_by,true
6641,ar:partido:bragado,served_by,true
6643,ar:partido:alberti,served_by,true
6645,ar:partido:bragado,served_by,true
6646,ar:partido:bragado,served_by,true
6648,ar:partido:bragado,served_by,true
6651,ar:partido:nueve-de-julio,served_by,true
6652,ar:partido:bragado,served_by,true
6660,ar:partido:veinticinco-de-mayo,served_by,true
6661,ar:partido:veinticinco-de-mayo,served_by,true
6663,ar:partido:veinticinco-de-mayo,served_by,true
6665,ar:partido:veinticinco-de-mayo,served_by,true
6667,ar:partido:veinticinco-de-mayo,served_by,true
6700,ar:partido:lujan,served_by,true
6701,ar:partido:lujan,served_by,true
6703,ar:partido:exaltacion-de-la-cruz,served_by,true
6703,ar:partido:lujan,served_by,false
6705,ar:partido:san-andres-de-giles,served_by,true
6706,ar:partido:lujan,served_by,true
6708,ar:partido:lujan,served_by,true
6712,ar:partido:lujan,served_by,true
6712,ar:partido:san-andres-de-giles,served_by,false
6720,ar:partido:san-andres-de-giles,served_by,true
6721,ar:partido:san-andres-de-giles,served_by,true
6723,ar:partido:san-andres-de-giles,served_by,true
6725,ar:partido:carmen-de-areco,served_by,true
6727,ar:partido:carmen-de-areco,served_by,true
6734,ar:partido:chacabuco,served_by,true
6740,ar:partido:chacabuco,served_by,true
6743,ar:partido:chacabuco,served_by,true
6746,ar:partido:chacabuco,served_by,true
6748,ar:partido:chacabuco,served_by,true
7000,ar:partido:tandil,served_by,true
7001,ar:partido:tandil,served_by,true
7003,ar:partido:tandil,served_by,true
7005,ar:partido:benito-juarez,served_by,true
7005,ar:partido:necochea,served_by,false
7007,ar:partido:balcarce,served_by,false
7007,ar:partido:loberia,served_by,true
7007,ar:partido:tandil,served_by,false
7009,ar:partido:tandil,served_by,true
7011,ar:partido:necochea,served_by,true
7013,ar:partido:rauch,served_by,false
7013,ar:partido:tandil,served_by,true
7020,ar:partido:benito-juarez,served_by,true
7021,ar:partido:benito-juarez,served_by,true
7100,ar:partido:dolores,served_by,true
7101,ar:partido:tordillo,served_by,true
7103,ar:partido:general-lavalle,served_by,true
7105,ar:partido:la-costa,served_by,true
7106,ar:partido:la-costa,served_by,true
7107,ar:partido:la-costa,served_by,true
7108,ar:partido:la-costa,served_by,true
7109,ar:partido:general-lavalle,served_by,false
7109,ar:partido:la-costa,served_by,true
7110,ar:partido:pila,served_by,true
7111,ar:partido:la-costa,served_by,true
7112,ar:partido:dolores,served_by,true
7112,ar:partido:la-costa,served_by,false
7113,ar:partido:la-costa,served_by,true
7114,ar:partido:castelli,served_by,true
7116,ar:partido:lezama,served_by,false
7116,ar:partido:pila,served_by,true
7118,ar:partido:general-guido,served_by,true
7119,ar:partido:maipu,served_by,true
7120,ar:partido:pila,served_by,true
7122,ar:partido:dolores,served_by,true
7130,ar:partido:chascomus,served_by,true
7134,ar:partido:chascomus,served_by,true
7135,ar:partido:chascomus,served_by,true
7136,ar:partido:chascomus,served_by,true
7142,ar:partido:dolores,served_by,true
7150,ar:partido:ayacucho,served_by,true
7151,ar:partido:ayacucho,served_by,true
7153,ar:partido:ayacucho,served_by,true
7160,ar:partido:maipu,served_by,true
7161,ar:partido:general-guido,served_by,true
7163,ar:partido:general-lavalle,served_by,false
7163,ar:partido:general-madariaga,served_by,true
7164,ar:partido:general-madariaga,served_by,true
7165,ar:partido:villa-gesell,served_by,true
7167,ar:partido:pinamar,served_by,true
7169,ar:partido:general-madariaga,served_by,true
7172,ar:partido:maipu,served_by,false
7172,ar:partido:mar-chiquita,served_by,true
7174,ar:partido:mar-chiquita,served_by,true
7200,ar:partido:las-flores,served_by,true
7201,ar:partido:rauch,served_by,true
7203,ar:partido:rauch,served_by,true
7205,ar:partido:las-flores,served_by,true
7207,ar:partido:las-flores,served_by,true
7208,ar:partido:las-flores,served_by,true
7212,ar:partido:las-flores,served_by,true
7214,ar:partido:azul,served_by,true
7215,ar:partido:las-flores,served_by,true
7220,ar:partido:monte,served_by,true
7221,ar:partido:canuelas,served_by,true
7221,ar:partido:monte,served_by,false
7223,ar:partido:general-belgrano,served_by,true
7225,ar:partido:general-paz,served_by,false
7225,ar:partido:pila,served_by,true
7226,ar:partido:general-belgrano,served_by,false
7226,ar:partido:monte,served_by,true
7227,ar:partido:general-paz,served_by,true
7228,ar:partido:monte,served_by,true
7240,ar:partido:lobos,served_by,true
7241,ar:partido:lobos,served_by,true
7243,ar:partido:lobos,served_by,true
7243,ar:partido:navarro,served_by,false
7245,ar:partido:roque-perez,served_by,true
7247,ar:partido:roque-perez,served_by,true
7249,ar:partido:lobos,served_by,true
7260,ar:partido:saladillo,served_by,true
7261,ar:partido:saladillo,served_by,true
7263,ar:partido:general-alvear,served_by,true
7265,ar:partido:saladillo,served_by,true
7267,ar:partido:saladillo,served_by,true
7300,ar:partido:azul,served_by,true
7301,ar:partido:azul,served_by,true
7303,ar:partido:tapalque,served_by,true
7305,ar:partido:azul,served_by,false
7305,ar:partido:tapalque,served_by,true
7307,ar:partido:tapalque,served_by,true
7311,ar:partido:azul,served_by,true
7313,ar:partido:azul,served_by,false
7313,ar:partido:benito-juarez,served_by,true
7316,ar:partido:azul,served_by,true
7318,ar:partido:olavarria,served_by,true
7400,ar:partido:olavarria,served_by,true
7401,ar:partido:olavarria,served_by,true
7403,ar:partido:olavarria,served_by,true
7404,ar:partido:olavarria,served_by,true
7406,ar:partido:general-la-madrid,served_by,true
7407,ar:partido:general-la-madrid,served_by,true
7408,ar:partido:general-la-madrid,served_by,true
7412,ar:partido:laprida,served_by,true
7414,ar:partido:laprida,served_by,true
7500,ar:partido:tres-arroyos,served_by,true
7501,ar:partido:coronel-pringles,served_by,true
7503,ar:partido:san-cayetano,served_by,true
7503,ar:partido:tres-arroyos,served_by,false
7505,ar:partido:tres-arroyos,served_by,true
7507,ar:partido:tres-arroyos,served_by,true
7509,ar:partido:coronel-dorrego,served_by,true
7511,ar:partido:tres-arroyos,served_by,true
7513,ar:partido:adolfo-gonzales-chaves,served_by,true
7515,ar:partido:adolfo-gonzales-chaves,served_by,true
7517,ar:partido:adolfo-gonzales-chaves,served_by,true
7517,ar:partido:tres-arroyos,served_by,false
7519,ar:partido:adolfo-gonzales-chaves,served_by,false
7519,ar:partido:tres-arroyos,served_by,true
7521,ar:partido:san-cayetano,served_by,true
7530,ar:partido:coronel-pringles,served_by,true
7531,ar:partido:coronel-pringles,served_by,true
7533,ar:partido:coronel-suarez,served_by,true
7535,ar:partido:general-la-madrid,served_by,true
7536,ar:partido:coronel-pringles,served_by,true
7540,ar:partido:coronel-suarez,served_by,true
7541,ar:partido:coronel-suarez,served_by,true
7543,ar:partido:coronel-suarez,served_by,true
7545,ar:partido:coronel-suarez,served_by,true
7545,ar:partido:daireaux,served_by,false
7545,ar:partido:guamini,served_by,false
7547,ar:partido:coronel-suarez,served_by,true
7548,ar:partido:coronel-suarez,served_by,true
7600,ar:partido:general-pueyrredon,served_by,true
7601,ar:partido:general-pueyrredon,served_by,true
7603,ar:partido:general-alvarado,served_by,true
7605,ar:partido:general-alvarado,served_by,true
7607,ar:partido:general-alvarado,served_by,true
7607,ar:partido:general-pueyrredon,served_by,false
7607,ar:partido:mar-chiquita,served_by,false
7609,ar:partido:general-pueyrredon,served_by,false
7609,ar:partido:mar-chiquita,served_by,true
7612,ar:partido:general-pueyrredon,served_by,false
7612,ar:partido:mar-chiquita,served_by,true
7613,ar:partido:mar-chiquita,served_by,true
7620,ar:partido:balcarce,served_by,true
7621,ar:partido:balcarce,served_by,true
7623,ar:partido:balcarce,served_by,true
7623,ar:partido:loberia,served_by,false
7630,ar:partido:necochea,served_by,true
7631,ar:partido:loberia,served_by,true
7631,ar:partido:necochea,served_by,false
7633,ar:partido:loberia,served_by,true
7635,ar:partido:loberia,served_by,true
7637,ar:partido:necochea,served_by,true
7638,ar:partido:necochea,served_by,true
7639,ar:partido:necochea,served_by,true
7639,ar:partido:san-cayetano,served_by,false
7641,ar:partido:necochea,served_by,true
8000,ar:partido:bahia-blanca,served_by,true
8010,ar:partido:bahia-blanca,served_by,true
8101,ar:partido:bahia-blanca,served_by,true
8101,ar:partido:coronel-rosales,served_by,false
8103,ar:partido:bahia-blanca,served_by,true
8105,ar:partido:bahia-blanca,served_by,true
8107,ar:partido:bahia-blanca,served_by,true
8109,ar:partido:coronel-rosales,served_by,true
8111,ar:partido:coronel-rosales,served_by,true
8113,ar:partido:coronel-rosales,served_by,true
8115,ar:partido:coronel-pringles,served_by,false
8115,ar:partido:coronel-rosales,served_by,true
8117,ar:partido:bahia-blanca,served_by,false
8117,ar:partido:puan,served_by,false
8117,ar:partido:tornquist,served_by,true
8118,ar:partido:bahia-blanca,served_by,true
8122,ar:partido:bahia-blanca,served_by,true
8124,ar:partido:puan,served_by,true
8126,ar:partido:puan,served_by,true
8127,ar:partido:puan,served_by,true
8129,ar:partido:puan,served_by,true
8132,ar:partido:villarino,served_by,true
8133,ar:department:caleu-caleu,served_by,true
8134,ar:department:avellaneda-rio-negro,served_by,false
8134,ar:partido:villarino,served_by,true
8136,ar:partido:puan,served_by,false
8136,ar:partido:villarino,served_by,true
8138,ar:department:caleu-caleu,served_by,true
8138,ar:department:pichi-mahuida,served_by,false
8139,ar:department:pichi-mahuida,served_by,true
8142,ar:partido:patagones,served_by,true
8142,ar:partido:villarino,served_by,false
8144,ar:partido:villarino,served_by,true
8146,ar:partido:villarino,served_by,true
8148,ar:partido:patagones,served_by,false
8148,ar:partido:villarino,served_by,true
8150,ar:partido:coronel-dorrego,served_by,true
8150,ar:partido:monte-hermoso,served_by,false
8151,ar:partido:coronel-dorrego,served_by,true
8153,ar:partido:monte-hermoso,served_by,true
8154,ar:partido:coronel-dorrego,served_by,true
8156,ar:partido:coronel-dorrego,served_by,true
8158,ar:partido:coronel-dorrego,served_by,true
8160,ar:partido:tornquist,served_by,true
8162,ar:partido:tornquist,served_by,true
8164,ar:partido:saavedra,served_by,true
8166,ar:partido:tornquist,served_by,true
8168,ar:partido:tornquist,served_by,true
8170,ar:partido:saavedra,served_by,true
8171,ar:partido:saavedra,served_by,true
8172,ar:partido:saavedra,served_by,true
8174,ar:partido:saavedra,served_by,true
8175,ar:partido:saavedra,served_by,true
8177,ar:partido:tornquist,served_by,true
8180,ar:partido:puan,served_by,true
8181,ar:partido:puan,served_by,true
8183,ar:partido:adolfo-alsina,served_by,false
8183,ar:partido:puan,served_by,true
8184,ar:partido:puan,served_by,true
8185,ar:partido:adolfo-alsina,served_by,true
8187,ar:partido:puan,served_by,true
8200,ar:department:lihuel-calel,served_by,false
8200,ar:department:utracan,served_by,true
8201,ar:department:curaco,served_by,true
8201,ar:department:lihuel-calel,served_by,false
8201,ar:department:limay-mahuida,served_by,false
8201,ar:department:puelen,served_by,false
8201,ar:department:utracan,served_by,false
8203,ar:department:utracan,served_by,true
8204,ar:department:huncal,served_by,true
8206,ar:department:caleu-caleu,served_by,false
8206,ar:department:huncal,served_by,true
8208,ar:department:huncal,served_by,true
8211,ar:department:utracan,served_by,true
8212,ar:department:guatrache,served_by,false
8212,ar:department:huncal,served_by,true
8214,ar:department:guatrache,served_by,false
8214,ar:department:lihuel-calel,served_by,false
8214,ar:department:utracan,served_by,true
8217,ar:department:utracan,served_by,true
8225,ar:partido:puan,served_by,true
8238,ar:department:utracan,served_by,true
8300,ar:department:confluencia,served_by,true
8301,ar:department:general-roca-rio-negro,served_by,true
8302,ar:department:confluencia,served_by,true
8303,ar:department:general-roca-rio-negro,served_by,true
8305,ar:department:anelo,served_by,true
8305,ar:department:confluencia,served_by,false
8305,ar:department:general-roca-rio-negro,served_by,false
8306,ar:department:anelo,served_by,true
8307,ar:department:general-roca-rio-negro,served_by,false
8307,ar:department:puelen,served_by,true
8308,ar:department:general-roca-rio-negro,served_by,true
8308,ar:department:los-lagos,served_by,false
8309,ar:department:confluencia,served_by,true
8311,ar:department:confluencia,served_by,true
8312,ar:department:anelo,served_by,true
8313,ar:department:picun-leufu,served_by,true
8315,ar:department:collon-cura,served_by,true
8316,ar:department:confluencia,served_by,true
8318,ar:department:confluencia,served_by,true
8319,ar:department:pehuenches,served_by,true
8321,ar:department:confluencia,served_by,true
8322,ar:department:confluencia,served_by,true
8323,ar:department:general-roca-rio-negro,served_by,true
8324,ar:department:general-roca-rio-negro,served_by,true
8326,ar:department:general-roca-rio-negro,served_by,true
8327,ar:department:general-roca-rio-negro,served_by,true
8328,ar:department:general-roca-rio-negro,served_by,true
8329,ar:department:el-cuy,served_by,true
8332,ar:department:el-cuy,served_by,false
8332,ar:department:general-roca-rio-negro,served_by,true
8333,ar:department:el-cuy,served_by,true
8334,ar:department:general-roca-rio-negro,served_by,true
8336,ar:department:curaco,served_by,false
8336,ar:department:general-roca-rio-negro,served_by,true
8337,ar:department:general-roca-rio-negro,served_by,true
8340,ar:department:catan-lil,served_by,false
8340,ar:department:picunches,served_by,false
8340,ar:department:zapala,served_by,true
8341,ar:department:alumine,served_by,false
8341,ar:department:catan-lil,served_by,true
8342,ar:department:norquin,served_by,true
8343,ar:department:loncopue,served_by,true
8344,ar:department:picunches,served_by,true
8345,ar:department:alumine,served_by,true
8346,ar:department:norquin,served_by,true
8347,ar:department:loncopue,served_by,false
8347,ar:department:picunches,served_by,true
8349,ar:department:loncopue,served_by,false
8349,ar:department:norquin,served_by,true
8350,ar:department:norquin,served_by,true
8351,ar:department:loncopue,served_by,true
8351,ar:department:norquin,served_by,false
8351,ar:department:picunches,served_by,false
8351,ar:department:zapala,served_by,false
8353,ar:department:chos-malal,served_by,true
8353,ar:department:minas-neuquen,served_by,false
8353,ar:department:norquin,served_by,false
8353,ar:department:pehuenches,served_by,false
8354,ar:department:minas-neuquen,served_by,true
8355,ar:department:minas-neuquen,served_by,true
8356,ar:department:pehuenches,served_by,true
8357,ar:department:pehuenches,served_by,true
8358,ar:department:chos-malal,served_by,true
8359,ar:department:minas-neuquen,served_by,true
8360,ar:department:avellaneda-rio-negro,served_by,true
8361,ar:department:avellaneda-rio-negro,served_by,true
8362,ar:department:norquin,served_by,true
8363,ar:department:avellaneda-rio-negro,served_by,true
8364,ar:department:avellaneda-rio-negro,served_by,true
8365,ar:department:minas-neuquen,served_by,true
8366,ar:department:avellaneda-rio-negro,served_by,true
8366,ar:department:el-cuy,served_by,false
8370,ar:department:lacar,served_by,true
8371,ar:department:huiliches,served_by,true
8373,ar:department:huiliches,served_by,false
8373,ar:department:lacar,served_by,true
8375,ar:department:catan-lil,served_by,true
8375,ar:department:collon-cura,served_by,false
8376,ar:department:alumine,served_by,true
8377,ar:department:el-cuy,served_by,true
8379,ar:department:collon-cura,served_by,true
8380,ar:department:confluencia,served_by,true
8400,ar:department:bariloche,served_by,true
8400,ar:department:los-lagos,served_by,false
8400,ar:department:pilcaniyeu,served_by,false
8401,ar:department:bariloche,served_by,false
8401,ar:department:los-lagos,served_by,true
8401,ar:department:pilcaniyeu,served_by,false
8402,ar:department:pilcaniyeu,served_by,true
8403,ar:department:los-lagos,served_by,false
8403,ar:department:pilcaniyeu,served_by,true
8407,ar:department:los-lagos,served_by,true
8408,ar:department:los-lagos,served_by,true
8409,ar:department:bariloche,served_by,true
8411,ar:department:bariloche,served_by,true
8412,ar:department:norquinco,served_by,false
8412,ar:department:pilcaniyeu,served_by,true
8415,ar:department:norquinco,served_by,true
8416,ar:department:pilcaniyeu,served_by,true
8416,ar:department:veinticinco-de-mayo-rio-negro,served_by,false
8417,ar:department:el-cuy,served_by,true
8417,ar:department:pilcaniyeu,served_by,false
8418,ar:department:norquinco,served_by,false
8418,ar:department:veinticinco-de-mayo-rio-negro,served_by,true
8422,ar:department:veinticinco-de-mayo-rio-negro,served_by,true
8424,ar:department:nueve-de-julio-rio-negro,served_by,false
8424,ar:department:veinticinco-de-mayo-rio-negro,served_by,true
8430,ar:department:bariloche,served_by,true
8430,ar:department:cushamen,served_by,false
8431,ar:department:cushamen,served_by,true
8500,ar:department:adolfo-alsina,served_by,true
8501,ar:department:adolfo-alsina,served_by,true
8501,ar:department:conesa,served_by,false
8503,ar:department:conesa,served_by,true
8504,ar:partido:patagones,served_by,true
8505,ar:department:adolfo-alsina,served_by,true
8506,ar:partido:patagones,served_by,true
8508,ar:partido:patagones,served_by,true
8509,ar:partido:patagones,served_by,true
8512,ar:partido:patagones,served_by,true
8514,ar:department:adolfo-alsina,served_by,true
8514,ar:department:san-antonio-rio-negro,served_by,false
8520,ar:department:adolfo-alsina,served_by,false
8520,ar:department:avellaneda-rio-negro,served_by,false
8520,ar:department:san-antonio-rio-negro,served_by,true
8521,ar:department:san-antonio-rio-negro,served_by,false
8521,ar:department:valcheta,served_by,true
8522,ar:department:nueve-de-julio-rio-negro,served_by,true
8522,ar:department:san-antonio-rio-negro,served_by,false
8524,ar:department:san-antonio-rio-negro,served_by,true
8532,ar:department:biedma,served_by,false
8532,ar:department:san-antonio-rio-negro,served_by,true
8533,ar:department:san-antonio-rio-negro,served_by,true
8534,ar:department:nueve-de-julio-rio-negro,served_by,true
8534,ar:department:valcheta,served_by,false
8535,ar:department:nueve-de-julio-rio-negro,served_by,true
8536,ar:department:valcheta,served_by,true
9000,ar:department:escalante,served_by,true
9001,ar:department:escalante,served_by,true
9003,ar:department:escalante,served_by,true
9005,ar:department:escalante,served_by,true
9007,ar:department:escalante,served_by,false
9007,ar:department:florentino-ameghino,served_by,true
9009,ar:department:escalante,served_by,true
9009,ar:department:sarmiento-chubut,served_by,false
9010,ar:department:escalante,served_by,true
9011,ar:department:deseado,served_by,true
9013,ar:department:deseado,served_by,true
9015,ar:department:deseado,served_by,true
9017,ar:department:deseado,served_by,true
9017,ar:department:lago-buenos-aires,served_by,false
9019,ar:department:deseado,served_by,true
9020,ar:department:sarmiento-chubut,served_by,true
9021,ar:department:sarmiento-chubut,served_by,true
9023,ar:department:sarmiento-chubut,served_by,true
9030,ar:department:rio-senguer,served_by,true
9031,ar:department:rio-senguer,served_by,true
9033,ar:department:rio-senguer,served_by,true
9035,ar:department:rio-senguer,served_by,true
9036,ar:department:rio-senguer,served_by,true
9037,ar:department:rio-senguer,served_by,true
9039,ar:department:rio-senguer,served_by,true
9040,ar:department:lago-buenos-aires,served_by,true
9041,ar:department:lago-buenos-aires,served_by,true
9050,ar:department:deseado,served_by,true
9051,ar:department:deseado,served_by,true
9053,ar:department:deseado,served_by,true
9100,ar:department:florentino-ameghino,served_by,true
9100,ar:department:gaiman,served_by,false
9100,ar:department:gastre,served_by,false
9100,ar:department:rawson-chubut,served_by,false
9101,ar:department:martires,served_by,true
9103,ar:department:rawson-chubut,served_by,true
9105,ar:department:gaiman,served_by,true
9107,ar:department:gaiman,served_by,true
9107,ar:department:martires,served_by,false
9111,ar:department:florentino-ameghino,served_by,true
9113,ar:department:florentino-ameghino,served_by,true
9120,ar:department:biedma,served_by,true
9120,ar:department:rawson-chubut,served_by,false
9121,ar:department:biedma,served_by,false
9121,ar:department:gastre,served_by,false
9121,ar:department:telsen,served_by,true
9122,ar:department:biedma,served_by,true
9123,ar:department:biedma,served_by,true
9138,ar:department:gaiman,served_by,true
9200,ar:department:cushamen,served_by,false
9200,ar:department:futaleufu,served_by,true
9201,ar:department:cushamen,served_by,false
9201,ar:department:futaleufu,served_by,false
9201,ar:department:gastre,served_by,false
9201,ar:department:languineo,served_by,true
9201,ar:department:paso-de-indios,served_by,false
9203,ar:department:futaleufu,served_by,true
9207,ar:department:paso-de-indios,served_by,true
9210,ar:department:cushamen,served_by,true
9211,ar:department:cushamen,served_by,true
9212,ar:department:cushamen,served_by,true
9213,ar:department:cushamen,served_by,true
9214,ar:department:cushamen,served_by,true
9217,ar:department:cushamen,served_by,true
9220,ar:department:tehuelches,served_by,true
9221,ar:department:languineo,served_by,true
9223,ar:department:tehuelches,served_by,true
9225,ar:department:tehuelches,served_by,true
9227,ar:department:tehuelches,served_by,true
9300,ar:department:corpen-aike,served_by,true
9301,ar:department:lago-argentino,served_by,true
9303,ar:department:corpen-aike,served_by,true
9305,ar:department:corpen-aike,served_by,true
9310,ar:department:deseado,served_by,false
9310,ar:department:magallanes,served_by,true
9311,ar:department:rio-chico-santa-cruz,served_by,true
9313,ar:department:deseado,served_by,true
9313,ar:department:magallanes,served_by,false
9315,ar:department:rio-chico-santa-cruz,served_by,true
9400,ar:department:guer-aike,served_by,true
9401,ar:department:guer-aike,served_by,true
9405,ar:department:lago-argentino,served_by,true
9407,ar:department:guer-aike,served_by,true
9409,ar:department:islas-del-atlantico-sur,served_by,true
9410,ar:department:ushuaia,served_by,true
9411,ar:department:antartida-argentina,served_by,true
9411,ar:department:islas-del-atlantico-sur,served_by,false
9411,ar:department:ushuaia,served_by,false
9412,ar:department:tolhuin,served_by,true
9420,ar:department:rio-grande,served_by,true
9420,ar:department:tolhuin,served_by,false
9421,ar:department:rio-grande,served_by,true
9422,ar:department:rio-grande,served_by,true
9431,ar:department:guer-aike,served_by,true
C1000,ar:commune:comuna-1,served_by,true
C1001,ar:commune:comuna-1,served_by,true
C1002,ar:commune:comuna-1,served_by,true
C1003,ar:commune:comuna-1,served_by,true
C1004,ar:commune:comuna-1,served_by,true
C1005,ar:commune:comuna-1,served_by,true
C1006,ar:commune:comuna-1,served_by,true
C1007,ar:commune:comuna-1,served_by,true
C1008,ar:commune:comuna-1,served_by,true
C1009,ar:commune:comuna-1,served_by,true
C1010,ar:commune:comuna-1,served_by,true
C1011,ar:commune:comuna-2,served_by,true
C1012,ar:commune:comuna-1,served_by,true
C1013,ar:commune:comuna-2,served_by,true
C1014,ar:commune:comuna-1,served_by,true
C1015,ar:commune:comuna-2,served_by,true
C1016,ar:commune:comuna-2,served_by,true
C1017,ar:commune:comuna-2,served_by,true
C1018,ar:commune:comuna-1,served_by,true
C1019,ar:commune:comuna-1,served_by,true
C1020,ar:commune:comuna-2,served_by,true
C1021,ar:commune:comuna-2,served_by,true
C1022,ar:commune:comuna-3,served_by,true
C1023,ar:commune:comuna-2,served_by,true
C1024,ar:commune:comuna-2,served_by,true
C1025,ar:commune:comuna-1,served_by,true
C1026,ar:commune:comuna-2,served_by,true
C1027,ar:commune:comuna-3,served_by,true
C1028,ar:commune:comuna-1,served_by,true
C1029,ar:commune:comuna-3,served_by,true
C1030,ar:commune:comuna-3,served_by,true
C1031,ar:commune:comuna-3,served_by,true
C1032,ar:commune:comuna-3,served_by,true
C1033,ar:commune:comuna-1,served_by,true
C1034,ar:commune:comuna-3,served_by,true
C1035,ar:commune:comuna-1,served_by,true
C1036,ar:commune:comuna-1,served_by,true
C1037,ar:commune:comuna-1,served_by,true
C1038,ar:commune:comuna-1,served_by,true
C1039,ar:commune:comuna-3,served_by,true
C1040,ar:commune:comuna-3,served_by,true
C1041,ar:commune:comuna-1,served_by,true
C1042,ar:commune:comuna-1,served_by,true
C1043,ar:commune:comuna-1,served_by,true
C1044,ar:commune:comuna-3,served_by,true
C1045,ar:commune:comuna-3,served_by,true
C1046,ar:commune:comuna-3,served_by,true
C1047,ar:commune:comuna-1,served_by,true
C1048,ar:commune:comuna-1,served_by,true
C1049,ar:commune:comuna-1,served_by,true
C1050,ar:commune:comuna-1,served_by,true
C1051,ar:commune:comuna-3,served_by,true
C1052,ar:commune:comuna-3,served_by,true
C1053,ar:commune:comuna-1,served_by,true
C1054,ar:commune:comuna-1,served_by,true
C1055,ar:commune:comuna-1,served_by,true
C1056,ar:commune:comuna-3,served_by,true
C1057,ar:commune:comuna-1,served_by,true
C1058,ar:commune:comuna-1,served_by,true
C1059,ar:commune:comuna-1,served_by,true
C1060,ar:commune:comuna-2,served_by,true
C1061,ar:commune:comuna-1,served_by,true
C1062,ar:commune:comuna-2,served_by,true
C1063,ar:commune:comuna-1,served_by,true
C1064,ar:commune:comuna-1,served_by,true
C1065,ar:commune:comuna-1,served_by,true
C1066,ar:commune:comuna-1,served_by,true
C1067,ar:commune:comuna-1,served_by,true
C1068,ar:commune:comuna-1,served_by,true
C1069,ar:commune:comuna-1,served_by,true
C1070,ar:commune:comuna-1,served_by,true
C1071,ar:commune:comuna-1,served_by,true
C1072,ar:commune:comuna-1,served_by,true
C1073,ar:commune:comuna-1,served_by,true
C1074,ar:commune:comuna-1,served_by,true
C1075,ar:commune:comuna-1,served_by,true
C1076,ar:commune:comuna-1,served_by,true
C1077,ar:commune:comuna-1,served_by,true
C1078,ar:commune:comuna-1,served_by,true
C1079,ar:commune:comuna-3,served_by,true
C1080,ar:commune:comuna-1,served_by,true
C1081,ar:commune:comuna-3,served_by,true
C1082,ar:commune:comuna-1,served_by,true
C1083,ar:commune:comuna-3,served_by,true
C1084,ar:commune:comuna-1,served_by,true
C1085,ar:commune:comuna-1,served_by,true
C1086,ar:commune:comuna-1,served_by,true
C1087,ar:commune:comuna-1,served_by,true
C1088,ar:commune:comuna-1,served_by,true
C1089,ar:commune:comuna-3,served_by,true
C1090,ar:commune:comuna-3,served_by,true
C1091,ar:commune:comuna-1,served_by,true
C1092,ar:commune:comuna-1,served_by,true
C1093,ar:commune:comuna-1,served_by,true
C1094,ar:commune:comuna-3,served_by,true
C1095,ar:commune:comuna-1,served_by,true
C1096,ar:commune:comuna-3,served_by,true
C1097,ar:commune:comuna-1,served_by,true
C1098,ar:commune:comuna-1,served_by,true
C1099,ar:commune:comuna-1,served_by,true
C1100,ar:commune:comuna-1,served_by,true
C1101,ar:commune:comuna-1,served_by,true
C1102,ar:commune:comuna-1,served_by,true
C1103,ar:commune:comuna-1,served_by,true
C1104,ar:commune:comuna-1,served_by,true
C1105,ar:commune:comuna-1,served_by,true
C1106,ar:commune:comuna-1,served_by,true
C1107,ar:commune:comuna-1,served_by,true
C1108,ar:commune:comuna-2,served_by,true
C1110,ar:commune:comuna-1,served_by,true
C1111,ar:commune:comuna-2,served_by,true
C1112,ar:commune:comuna-2,served_by,true
C1113,ar:commune:comuna-14,served_by,true
C1114,ar:commune:comuna-1,served_by,true
C1115,ar:commune:comuna-2,served_by,true
C1116,ar:commune:comuna-2,served_by,true
C1117,ar:commune:comuna-2,served_by,true
C1118,ar:commune:comuna-2,served_by,true
C1119,ar:commune:comuna-2,served_by,true
C1120,ar:commune:comuna-1,served_by,true
C1121,ar:commune:comuna-2,served_by,true
C1122,ar:commune:comuna-2,served_by,true
C1123,ar:commune:comuna-2,served_by,true
C1124,ar:commune:comuna-2,served_by,true
C1125,ar:commune:comuna-1,served_by,true
C1126,ar:commune:comuna-2,served_by,true
C1127,ar:commune:comuna-2,served_by,true
C1128,ar:commune:comuna-2,served_by,true
C1129,ar:commune:comuna-2,served_by,true
C1130,ar:commune:comuna-1,served_by,true
C1133,ar:commune:comuna-1,served_by,true
C1134,ar:commune:comuna-1,served_by,true
C1135,ar:commune:comuna-1,served_by,true
C1136,ar:commune:comuna-1,served_by,true
C1137,ar:commune:comuna-1,served_by,false
C1137,ar:commune:comuna-3,served_by,true
C1138,ar:commune:comuna-1,served_by,true
C1139,ar:commune:comuna-1,served_by,true
C1140,ar:commune:comuna-1,served_by,true
C1141,ar:commune:comuna-1,served_by,true
C1143,ar:commune:comuna-1,served_by,true
C1147,ar:commune:comuna-1,served_by,true
C1148,ar:commune:comuna-1,served_by,true
C1150,ar:commune:comuna-1,served_by,true
C1151,ar:commune:comuna-1,served_by,true
C1152,ar:commune:comuna-1,served_by,true
C1153,ar:commune:comuna-1,served_by,true
C1154,ar:commune:comuna-1,served_by,true
C1155,ar:commune:comuna-4,served_by,true
C1156,ar:commune:comuna-1,served_by,true
C1157,ar:commune:comuna-4,served_by,true
C1158,ar:commune:comuna-1,served_by,true
C1159,ar:commune:comuna-1,served_by,true
C1160,ar:commune:comuna-4,served_by,true
C1161,ar:commune:comuna-4,served_by,true
C1162,ar:commune:comuna-4,served_by,true
C1163,ar:commune:comuna-4,served_by,true
C1164,ar:commune:comuna-4,served_by,true
C1165,ar:commune:comuna-1,served_by,true
C1166,ar:commune:comuna-4,served_by,true
C1167,ar:commune:comuna-4,served_by,true
C1168,ar:commune:comuna-1,served_by,true
C1169,ar:commune:comuna-4,served_by,true
C1170,ar:commune:comuna-3,served_by,true
C1171,ar:commune:comuna-3,served_by,true
C1172,ar:commune:comuna-14,served_by,true
C1173,ar:commune:comuna-2,served_by,true
C1174,ar:commune:comuna-2,served_by,true
C1175,ar:commune:comuna-14,served_by,true
C1176,ar:commune:comuna-14,served_by,true
C1177,ar:commune:comuna-14,served_by,true
C1178,ar:commune:comuna-5,served_by,true
C1179,ar:commune:comuna-14,served_by,true
C1180,ar:commune:comuna-3,served_by,true
C1181,ar:commune:comuna-14,served_by,true
C1182,ar:commune:comuna-14,served_by,true
C1183,ar:commune:comuna-14,served_by,true
C1184,ar:commune:comuna-1,served_by,true
C1185,ar:commune:comuna-4,served_by,true
C1186,ar:commune:comuna-14,served_by,true
C1187,ar:commune:comuna-2,served_by,true
C1188,ar:commune:comuna-14,served_by,true
C1189,ar:commune:comuna-3,served_by,true
C1190,ar:commune:comuna-5,served_by,true
C1191,ar:commune:comuna-3,served_by,true
C1192,ar:commune:comuna-5,served_by,true
C1193,ar:commune:comuna-3,served_by,true
C1194,ar:commune:comuna-3,served_by,true
C1195,ar:commune:comuna-5,served_by,true
C1196,ar:commune:comuna-3,served_by,true
C1197,ar:commune:comuna-3,served_by,true
C1198,ar:commune:comuna-5,served_by,true
C1199,ar:commune:comuna-5,served_by,true
C1200,ar:commune:comuna-5,served_by,true
C1201,ar:commune:comuna-3,served_by,true
C1202,ar:commune:comuna-5,served_by,true
C1203,ar:commune:comuna-3,served_by,true
C1204,ar:commune:comuna-5,served_by,true
C1205,ar:commune:comuna-5,served_by,true
C1206,ar:commune:comuna-1,served_by,true
C1207,ar:commune:comuna-3,served_by,true
C1208,ar:commune:comuna-5,served_by,true
C1209,ar:commune:comuna-3,served_by,true
C1210,ar:commune:comuna-3,served_by,true
C1211,ar:commune:comuna-3,served_by,true
C1212,ar:commune:comuna-5,served_by,true
C1213,ar:commune:comuna-3,served_by,true
C1214,ar:commune:comuna-1,served_by,true
C1215,ar:commune:comuna-2,served_by,true
C1216,ar:commune:comuna-5,served_by,true
C1217,ar:commune:comuna-1,served_by,true
C1218,ar:commune:comuna-5,served_by,true
C1219,ar:commune:comuna-3,served_by,true
C1220,ar:commune:comuna-5,served_by,true
C1221,ar:commune:comuna-3,served_by,true
C1222,ar:commune:comuna-3,served_by,true
C1224,ar:commune:comuna-3,served_by,true
C1225,ar:commune:comuna-3,served_by,true
C1226,ar:commune:comuna-5,served_by,true
C1227,ar:commune:comuna-3,served_by,true
C1228,ar:commune:comuna-5,served_by,true
C1229,ar:commune:comuna-3,served_by,true
C1230,ar:commune:comuna-3,served_by,true
C1231,ar:commune:comuna-3,served_by,true
C1232,ar:commune:comuna-3,served_by,true
C1233,ar:commune:comuna-3,served_by,true
C1234,ar:commune:comuna-3,served_by,true
C1235,ar:commune:comuna-6,served_by,true
C1236,ar:commune:comuna-5,served_by,true
C1237,ar:commune:comuna-5,served_by,true
C1238,ar:commune:comuna-5,served_by,true
C1239,ar:commune:comuna-5,served_by,true
C1240,ar:commune:comuna-5,served_by,true
C1241,ar:commune:comuna-4,served_by,true
C1242,ar:commune:comuna-3,served_by,true
C1243,ar:commune:comuna-4,served_by,true
C1244,ar:commune:comuna-3,served_by,true
C1245,ar:commune:comuna-1,served_by,true
C1246,ar:commune:comuna-3,served_by,true
C1247,ar:commune:comuna-3,served_by,true
C1248,ar:commune:comuna-3,served_by,true
C1249,ar:commune:comuna-3,served_by,true
C1250,ar:commune:comuna-5,served_by,true
C1251,ar:commune:comuna-3,served_by,true
C1252,ar:commune:comuna-3,served_by,true
C1253,ar:commune:comuna-5,served_by,true
C1254,ar:commune:comuna-4,served_by,true
C1255,ar:commune:comuna-4,served_by,true
C1256,ar:commune:comuna-3,served_by,true
C1257,ar:commune:comuna-5,served_by,true
C1258,ar:commune:comuna-5,served_by,true
C1259,ar:commune:comuna-4,served_by,true
C1260,ar:commune:comuna-4,served_by,true
C1261,ar:commune:comuna-1,served_by,true
C1262,ar:commune:comuna-4,served_by,true
C1263,ar:commune:comuna-4,served_by,true
C1264,ar:commune:comuna-4,served_by,true
C1265,ar:commune:comuna-4,served_by,true
C1266,ar:commune:comuna-4,served_by,true
C1267,ar:commune:comuna-4,served_by,true
C1268,ar:commune:comuna-4,served_by,true
C1269,ar:commune:comuna-4,served_by,true
C1270,ar:commune:comuna-4,served_by,true
C1271,ar:commune:comuna-4,served_by,true
C1272,ar:commune:comuna-4,served_by,true
C1273,ar:commune:comuna-4,served_by,true
C1274,ar:commune:comuna-4,served_by,true
C1275,ar:commune:comuna-4,served_by,true
C1276,ar:commune:comuna-4,served_by,true
C1277,ar:commune:comuna-4,served_by,true
C1278,ar:commune:comuna-4,served_by,true
C1279,ar:commune:comuna-4,served_by,true
C1280,ar:commune:comuna-4,served_by,true
C1281,ar:commune:comuna-4,served_by,true
C1282,ar:commune:comuna-4,served_by,true
C1283,ar:commune:comuna-4,served_by,true
C1284,ar:commune:comuna-4,served_by,true
C1285,ar:commune:comuna-4,served_by,true
C1286,ar:commune:comuna-4,served_by,true
C1287,ar:commune:comuna-4,served_by,true
C1288,ar:commune:comuna-4,served_by,true
C1289,ar:commune:comuna-4,served_by,true
C1290,ar:commune:comuna-4,served_by,true
C1291,ar:commune:comuna-4,served_by,true
C1292,ar:commune:comuna-4,served_by,true
C1293,ar:commune:comuna-4,served_by,true
C1294,ar:commune:comuna-4,served_by,true
C1295,ar:commune:comuna-4,served_by,true
C1296,ar:commune:comuna-4,served_by,true
C1404,ar:commune:comuna-14,served_by,true
C1405,ar:commune:comuna-15,served_by,true
C1406,ar:commune:comuna-10,served_by,true
C1407,ar:commune:comuna-10,served_by,true
C1408,ar:commune:comuna-10,served_by,true
C1414,ar:commune:comuna-15,served_by,true
C1416,ar:commune:comuna-10,served_by,true
C1416,ar:commune:comuna-11,served_by,false
C1417,ar:commune:comuna-11,served_by,true
C1418,ar:commune:comuna-15,served_by,true
C1419,ar:commune:comuna-10,served_by,true
C1424,ar:commune:comuna-1,served_by,true
C1425,ar:commune:comuna-14,served_by,true
C1426,ar:commune:comuna-1,served_by,true
C1427,ar:commune:comuna-15,served_by,true
C1428,ar:commune:comuna-13,served_by,true
C1429,ar:commune:comuna-13,served_by,true
C1430,ar:commune:comuna-12,served_by,true
C1431,ar:commune:comuna-12,served_by,true
C1436,ar:commune:comuna-4,served_by,true
C1437,ar:commune:comuna-4,served_by,true
C1439,ar:commune:comuna-14,served_by,true
C1440,ar:commune:comuna-9,served_by,true
C1468,ar:commune:comuna-13,served_by,true
C1471,ar:commune:comuna-10,served_by,true
