postcode,area_source_id,relationship_type,is_primary
01000-000,br:municipality:3550308,served_by,true
06000-000,br:municipality:3534401,served_by,true
06300-000,br:municipality:3510609,served_by,true
06400-000,br:municipality:3505708,served_by,true
06500-000,br:municipality:3547304,served_by,true
06550-000,br:municipality:3539103,served_by,true
06600-000,br:municipality:3525003,served_by,true
06650-000,br:municipality:3522505,served_by,true
06700-000,br:municipality:3513009,served_by,true
06730-000,br:municipality:3556453,served_by,true
06750-000,br:municipality:3552809,served_by,true
06800-000,br:municipality:3515004,served_by,true
06850-000,br:municipality:3522208,served_by,true
06890-000,br:municipality:3549953,served_by,true
06900-000,br:municipality:3515103,served_by,true
06950-000,br:municipality:3526209,served_by,true
07000-000,br:municipality:3518800,served_by,true
07400-000,br:municipality:3503901,served_by,true
07500-000,br:municipality:3546801,served_by,true
07600-000,br:municipality:3528502,served_by,true
07700-000,br:municipality:3509007,served_by,true
07750-000,br:municipality:3509205,served_by,true
07800-000,br:municipality:3516408,served_by,true
07900-000,br:municipality:3516309,served_by,true
08500-000,br:municipality:3515707,served_by,true
08550-000,br:municipality:3539806,served_by,true
08570-000,br:municipality:3523107,served_by,true
08600-000,br:municipality:3552502,served_by,true
08700-000,br:municipality:3530607,served_by,true
08900-000,br:municipality:3518305,served_by,true
08940-000,br:municipality:3506607,served_by,true
08970-000,br:municipality:3545001,served_by,true
09000-000,br:municipality:3547809,served_by,true
09300-000,br:municipality:3529401,served_by,true
09400-000,br:municipality:3543303,served_by,true
09450-000,br:municipality:3544103,served_by,true
09500-000,br:municipality:3548807,served_by,true
09700-000,br:municipality:3548708,served_by,true
09900-000,br:municipality:3513801,served_by,true
11000-000,br:municipality:3548500,served_by,true
11250-000,br:municipality:3506359,served_by,true
11300-000,br:municipality:3551009,served_by,true
11400-000,br:municipality:3518701,served_by,true
11500-000,br:municipality:3513504,served_by,true
11600-000,br:municipality:3550704,served_by,true
11630-000,br:municipality:3520400,served_by,true
11660-000,br:municipality:3510500,served_by,true
11680-000,br:municipality:3555406,served_by,true
11700-000,br:municipality:3541000,served_by,true
11730-000,br:municipality:3531100,served_by,true
11740-000,br:municipality:3522109,served_by,true
11750-000,br:municipality:3537602,served_by,true
11760-000,br:municipality:3523305,served_by,true
11790-000,br:municipality:3537206,served_by,true
11800-000,br:municipality:3526100,served_by,true
11850-000,br:municipality:3529906,served_by,true
11900-000,br:municipality:3542602,served_by,true
11910-000,br:municipality:3551801,served_by,true
11920-000,br:municipality:3520301,served_by,true
11925-000,br:municipality:3520426,served_by,true
11930-000,br:municipality:3536208,served_by,true
11940-000,br:municipality:3524600,served_by,true
11950-000,br:municipality:3509254,served_by,true
11955-000,br:municipality:3505401,served_by,true
11960-000,br:municipality:3514809,served_by,true
11990-000,br:municipality:3509908,served_by,true
12000-000,br:municipality:3554102,served_by,true
12120-000,br:municipality:3554805,served_by,true
12130-000,br:municipality:3526308,served_by,true
12140-000,br:municipality:3550001,served_by,true
12170-000,br:municipality:3542305,served_by,true
12180-000,br:municipality:3532306,served_by,true
12200-000,br:municipality:3549904,served_by,true
12250-000,br:municipality:3531704,served_by,true
12260-000,br:municipality:3535606,served_by,true
12270-000,br:municipality:3524907,served_by,true
12280-000,br:municipality:3508504,served_by,true
12300-000,br:municipality:3524402,served_by,true
12350-000,br:municipality:3520202,served_by,true
12380-000,br:municipality:3546009,served_by,true
12400-000,br:municipality:3538006,served_by,true
12450-000,br:municipality:3548203,served_by,true
12460-000,br:municipality:3509700,served_by,true
12490-000,br:municipality:3548609,served_by,true
12500-000,br:municipality:3518404,served_by,true
12525-000,br:municipality:3540754,served_by,true
12530-000,br:municipality:3513603,served_by,true
12570-000,br:municipality:3502507,served_by,true
12580-000,br:municipality:3544301,served_by,true
12600-000,br:municipality:3527207,served_by,true
12615-000,br:municipality:3509957,served_by,true
12620-000,br:municipality:3538501,served_by,true
12630-000,br:municipality:3508603,served_by,true
12690-000,br:municipality:3552007,served_by,true
12700-000,br:municipality:3513405,served_by,true
12760-000,br:municipality:3526605,served_by,true
12800-000,br:municipality:3541901,served_by,true
12820-000,br:municipality:3503505,served_by,true
12830-000,br:municipality:3549607,served_by,true
12850-000,br:municipality:3504909,served_by,true
12870-000,br:municipality:3503158,served_by,true
12900-000,br:municipality:3507605,served_by,true
12930-000,br:municipality:3554953,served_by,true
12935-000,br:municipality:3556354,served_by,true
12940-000,br:municipality:3504107,served_by,true
12955-000,br:municipality:3507100,served_by,true
12960-000,br:municipality:3532405,served_by,true
12970-000,br:municipality:3538600,served_by,true
12980-000,br:municipality:3525508,served_by,true
12990-000,br:municipality:3536802,served_by,true
12995-000,br:municipality:3538204,served_by,true
13000-000,br:municipality:3509502,served_by,true
13140-000,br:municipality:3536505,served_by,true
13150-000,br:municipality:3512803,served_by,true
13160-000,br:municipality:3503802,served_by,true
13165-000,br:municipality:3515152,served_by,true
13170-000,br:municipality:3552403,served_by,true
13183-000,br:municipality:3519071,served_by,true
13190-000,br:municipality:3531803,served_by,true
13200-000,br:municipality:3525904,served_by,true
13220-000,br:municipality:3556503,served_by,true
13230-000,br:municipality:3509601,served_by,true
13240-000,br:municipality:3525201,served_by,true
13250-000,br:municipality:3523404,served_by,true
13260-000,br:municipality:3532009,served_by,true
13270-000,br:municipality:3556206,served_by,true
13280-000,br:municipality:3556701,served_by,true
13290-000,br:municipality:3527306,served_by,true
13295-000,br:municipality:3524006,served_by,true
13300-000,br:municipality:3523909,served_by,true
13315-000,br:municipality:3508405,served_by,true
13320-000,br:municipality:3545209,served_by,true
13330-000,br:municipality:3520509,served_by,true
13350-000,br:municipality:3514908,served_by,true
13360-000,br:municipality:3510401,served_by,true
13370-000,br:municipality:3542107,served_by,true
13380-000,br:municipality:3530904,served_by,true
13390-000,br:municipality:3544004,served_by,true
13400-000,br:municipality:3538709,served_by,true
13440-000,br:municipality:3545159,served_by,true
13450-000,br:municipality:3545803,served_by,true
13460-000,br:municipality:3533403,served_by,true
13465-000,br:municipality:3501608,served_by,true
13480-000,br:municipality:3526902,served_by,true
13490-000,br:municipality:3512407,served_by,true
13495-000,br:municipality:3521408,served_by,true
13500-000,br:municipality:3543907,served_by,true
13510-000,br:municipality:3546702,served_by,true
13515-000,br:municipality:3511706,served_by,true
13520-000,br:municipality:3550407,served_by,true
13525-000,br:municipality:3500600,served_by,true
13530-000,br:municipality:3523602,served_by,true
13537-000,br:municipality:3521101,served_by,true
13540-000,br:municipality:3512704,served_by,true
13550-000,br:municipality:3502002,served_by,true
13560-000,br:municipality:3548906,served_by,true
13580-000,br:municipality:3542909,served_by,true
13590-000,br:municipality:3514304,served_by,true
13600-000,br:municipality:3503307,served_by,true
13610-000,br:municipality:3526704,served_by,true
13625-000,br:municipality:3546207,served_by,true
13630-000,br:municipality:3539301,served_by,true
13650-000,br:municipality:3546306,served_by,true
13660-000,br:municipality:3540705,served_by,true
13670-000,br:municipality:3547502,served_by,true
13690-000,br:municipality:3513702,served_by,true
13700-000,br:municipality:3510807,served_by,true
13710-000,br:municipality:3553302,served_by,true
13715-000,br:municipality:3523800,served_by,true
13720-000,br:municipality:3549706,served_by,true
13730-000,br:municipality:3530508,served_by,true
13760-000,br:municipality:3553609,served_by,true
13770-000,br:municipality:3508702,served_by,true
13780-000,br:municipality:3513900,served_by,true
13790-000,br:municipality:3550803,served_by,true
13800-000,br:municipality:3530805,served_by,true
13820-000,br:municipality:3524709,served_by,true
13825-000,br:municipality:3519055,served_by,true
13830-000,br:municipality:3548005,served_by,true
13835-000,br:municipality:3512209,served_by,true
13840-000,br:municipality:3530706,served_by,true
13857-000,br:municipality:3557303,served_by,true
13860-000,br:municipality:3500303,served_by,true
13870-000,br:municipality:3549102,served_by,true
13880-000,br:municipality:3556404,served_by,true
13890-000,br:municipality:3500402,served_by,true
13900-000,br:municipality:3501905,served_by,true
13910-000,br:municipality:3531209,served_by,true
13920-000,br:municipality:3537107,served_by,true
13930-000,br:municipality:3551603,served_by,true
13940-000,br:municipality:3500501,served_by,true
13950-000,br:municipality:3527009,served_by,true
13960-000,br:municipality:3552106,served_by,true
13970-000,br:municipality:3522604,served_by,true
13990-000,br:municipality:3515186,served_by,true
13995-000,br:municipality:3548104,served_by,true
14000-000,br:municipality:3543402,served_by,true
14115-000,br:municipality:3518859,served_by,true
14120-000,br:municipality:3514601,served_by,true
14140-000,br:municipality:3513108,served_by,true
14150-000,br:municipality:3551504,served_by,true
14160-000,br:municipality:3551702,served_by,true
14180-000,br:municipality:3540200,served_by,true
14200-000,br:municipality:3550902,served_by,true
14210-000,br:municipality:3527603,served_by,true
14230-000,br:municipality:3551405,served_by,true
14240-000,br:municipality:3509403,served_by,true
14250-000,br:municipality:3546256,served_by,true
14260-000,br:municipality:3510906,served_by,true
14270-000,br:municipality:3547601,served_by,true
14300-000,br:municipality:3505906,served_by,true
14340-000,br:municipality:3507803,served_by,true
14350-000,br:municipality:3501004,served_by,true
14390-000,br:municipality:3547908,served_by,true
14400-000,br:municipality:3516200,served_by,true
14415-000,br:municipality:3536307,served_by,true
14420-000,br:municipality:3523701,served_by,true
14430-000,br:municipality:3542701,served_by,true
14440-000,br:municipality:3549508,served_by,true
14445-000,br:municipality:3543105,served_by,true
14450-000,br:municipality:3525409,served_by,true
14460-000,br:municipality:3513207,served_by,true
14470-000,br:municipality:3537008,served_by,true
14490-000,br:municipality:3543600,served_by,true
14500-000,br:municipality:3524105,served_by,true
14530-000,br:municipality:3529708,served_by,true
14540-000,br:municipality:3520103,served_by,true
14550-000,br:municipality:3503000,served_by,true
14570-000,br:municipality:3508207,served_by,true
14580-000,br:municipality:3517703,served_by,true
14600-000,br:municipality:3549409,served_by,true
14610-000,br:municipality:3521309,served_by,true
14620-000,br:municipality:3534302,served_by,true
14640-000,br:municipality:3531902,served_by,true
14660-000,br:municipality:3544905,served_by,true
14670-000,br:municipality:3533601,served_by,true
14680-000,br:municipality:3525102,served_by,true
14700-000,br:municipality:3506102,served_by,true
14720-000,br:municipality:3553203,served_by,true
14725-000,br:municipality:3553104,served_by,true
14730-000,br:municipality:3531506,served_by,true
14735-000,br:municipality:3551900,served_by,true
14740-000,br:municipality:3556800,served_by,true
14745-000,br:municipality:3554409,served_by,true
14750-000,br:municipality:3539509,served_by,true
14765-000,br:municipality:3553658,served_by,true
14770-000,br:municipality:3512001,served_by,true
14775-000,br:municipality:3524204,served_by,true
14780-000,br:municipality:3505500,served_by,true
14790-000,br:municipality:3517406,served_by,true
14795-000,br:municipality:3512100,served_by,true
14800-000,br:municipality:3503208,served_by,true
14813-000,br:municipality:3516853,served_by,true
14815-000,br:municipality:3519303,served_by,true
14820-000,br:municipality:3501707,served_by,true
14825-000,br:municipality:3546900,served_by,true
14830-000,br:municipality:3543709,served_by,true
14835-000,br:municipality:3532058,served_by,true
14840-000,br:municipality:3518602,served_by,true
14850-000,br:municipality:3540903,served_by,true
14860-000,br:municipality:3505609,served_by,true
14870-000,br:municipality:3524303,served_by,true
14900-000,br:municipality:3522703,served_by,true
14910-000,br:municipality:3552700,served_by,true
14920-000,br:municipality:3532900,served_by,true
14930-000,br:municipality:3506706,served_by,true
14935-000,br:municipality:3554755,served_by,true
14940-000,br:municipality:3519600,served_by,true
14955-000,br:municipality:3507407,served_by,true
14960-000,br:municipality:3533502,served_by,true
14980-000,br:municipality:3544806,served_by,true
14990-000,br:municipality:3521507,served_by,true
15000-000,br:municipality:3549805,served_by,true
15105-000,br:municipality:3540804,served_by,true
15108-000,br:municipality:3521150,served_by,true
15110-000,br:municipality:3517505,served_by,true
15115-000,br:municipality:3504602,served_by,true
15120-000,br:municipality:3532504,served_by,true
15130-000,br:municipality:3530300,served_by,true
15140-000,br:municipality:3504800,served_by,true
15145-000,br:municipality:3530409,served_by,true
15150-000,br:municipality:3531407,served_by,true
15155-000,br:municipality:3524501,served_by,true
15160-000,br:municipality:3539905,served_by,true
15170-000,br:municipality:3553401,served_by,true
15180-000,br:municipality:3551306,served_by,true
15190-000,br:municipality:3532603,served_by,true
15200-000,br:municipality:3525706,served_by,true
15210-000,br:municipality:3532801,served_by,true
15220-000,br:municipality:3529500,served_by,true
15225-000,br:municipality:3555356,served_by,true
15230-000,br:municipality:3500204,served_by,true
15240-000,br:municipality:3532702,served_by,true
15250-000,br:municipality:3555703,served_by,true
15260-000,br:municipality:3539608,served_by,true
15265-000,br:municipality:3557154,served_by,true
15270-000,br:municipality:3528106,served_by,true
15275-000,br:municipality:3531001,served_by,true
15280-000,br:municipality:3555208,served_by,true
15285-000,br:municipality:3527256,served_by,true
15290-000,br:municipality:3508108,served_by,true
15300-000,br:municipality:3516903,served_by,true
15310-000,br:municipality:3528304,served_by,true
15313-000,br:municipality:3532868,served_by,true
15315-000,br:municipality:3549250,served_by,true
15320-000,br:municipality:3515905,served_by,true
15330-000,br:municipality:3516804,served_by,true
15340-000,br:municipality:3533304,served_by,true
15350-000,br:municipality:3504206,served_by,true
15355-000,br:municipality:3518909,served_by,true
15360-000,br:municipality:3552304,served_by,true
15370-000,br:municipality:3537404,served_by,true
15380-000,br:municipality:3552551,served_by,true
15385-000,br:municipality:3520442,served_by,true
15390-000,br:municipality:3523008,served_by,true
15400-000,br:municipality:3533908,served_by,true
15410-000,br:municipality:3509304,served_by,true
15420-000,br:municipality:3517901,served_by,true
15425-000,br:municipality:3514957,served_by,true
15430-000,br:municipality:3500907,served_by,true
15440-000,br:municipality:3533007,served_by,true
15450-000,br:municipality:3534005,served_by,true
15460-000,br:municipality:3519808,served_by,true
15470-000,br:municipality:3535002,served_by,true
15480-000,br:municipality:3534203,served_by,true
15490-000,br:municipality:3536604,served_by,true
15495-000,br:municipality:3544202,served_by,true
15500-000,br:municipality:3557105,served_by,true
15520-000,br:municipality:3556107,served_by,true
15525-000,br:municipality:3536257,served_by,true
15530-000,br:municipality:3512902,served_by,true
15540-000,br:municipality:3501202,served_by,true
15550-000,br:municipality:3501806,served_by,true
15560-000,br:municipality:3540309,served_by,true
15570-000,br:municipality:3510708,served_by,true
15580-000,br:municipality:3530003,served_by,true
15600-000,br:municipality:3515509,served_by,true
15620-000,br:municipality:3528205,served_by,true
15625-000,br:municipality:3529609,served_by,true
15630-000,br:municipality:3536901,served_by,true
15640-000,br:municipality:3549201,served_by,true
15650-000,br:municipality:3515202,served_by,true
15670-000,br:municipality:3540408,served_by,true
15680-000,br:municipality:3518008,served_by,true
15685-000,br:municipality:3534757,served_by,true
15690-000,br:municipality:3520707,served_by,true
15700-000,br:municipality:3524808,served_by,true
15705-000,br:municipality:3556958,served_by,true
15710-000,br:municipality:3549003,served_by,true
15715-000,br:municipality:3513850,served_by,true
15718-000,br:municipality:3540259,served_by,true
15720-000,br:municipality:3535200,served_by,true
15730-000,br:municipality:3529104,served_by,true
15735-000,br:municipality:3502606,served_by,true
15740-000,br:municipality:3514205,served_by,true
15745-000,br:municipality:3535903,served_by,true
15748-000,br:municipality:3529658,served_by,true
15750-000,br:municipality:3545704,served_by,true
15755-000,br:municipality:3555307,served_by,true
15760-000,br:municipality:3555802,served_by,true
15763-000,br:municipality:3503950,served_by,true
15765-000,br:municipality:3547205,served_by,true
15768-000,br:municipality:3547650,served_by,true
15770-000,br:municipality:3554904,served_by,true
15773-000,br:municipality:3532843,served_by,true
15775-000,br:municipality:3546603,served_by,true
15780-000,br:municipality:3547403,served_by,true
15785-000,br:municipality:3546108,served_by,true
15790-000,br:municipality:3544509,served_by,true
15800-000,br:municipality:3511102,served_by,true
15820-000,br:municipality:3539004,served_by,true
15823-000,br:municipality:3514924,served_by,true
15825-000,br:municipality:3535705,served_by,true
15828-000,br:municipality:3535101,served_by,true
15830-000,br:municipality:3538105,served_by,true
15840-000,br:municipality:3521903,served_by,true
15845-000,br:municipality:3528858,served_by,true
15850-000,br:municipality:3556008,served_by,true
15860-000,br:municipality:3519402,served_by,true
15870-000,br:municipality:3511201,served_by,true
15880-000,br:municipality:3552601,served_by,true
15885-000,br:municipality:3533254,served_by,true
15890-000,br:municipality:3555604,served_by,true
15895-000,br:municipality:3511300,served_by,true
15900-000,br:municipality:3553708,served_by,true
15910-000,br:municipality:3531308,served_by,true
15920-000,br:municipality:3556909,served_by,true
15930-000,br:municipality:3510104,served_by,true
15940-000,br:municipality:3515608,served_by,true
15950-000,br:municipality:3545605,served_by,true
15960-000,br:municipality:3503703,served_by,true
15970-000,br:municipality:3546504,served_by,true
15980-000,br:municipality:3514007,served_by,true
15990-000,br:municipality:3529302,served_by,true
16000-000,br:municipality:3502804,served_by,true
16130-000,br:municipality:3548054,served_by,true
16200-000,br:municipality:3506508,served_by,true
16210-000,br:municipality:3506409,served_by,true
16220-000,br:municipality:3516507,served_by,true
16230-000,br:municipality:3537701,served_by,true
16240-000,br:municipality:3548401,served_by,true
16250-000,br:municipality:3511904,served_by,true
16260-000,br:municipality:3512506,served_by,true
16265-000,br:municipality:3507753,served_by,true
16270-000,br:municipality:3517109,served_by,true
16290-000,br:municipality:3507704,served_by,true
16300-000,br:municipality:3537305,served_by,true
16310-000,br:municipality:3501103,served_by,true
16340-000,br:municipality:3527702,served_by,true
16350-000,br:municipality:3505104,served_by,true
16360-000,br:municipality:3504404,served_by,true
16370-000,br:municipality:3541604,served_by,true
16400-000,br:municipality:3527108,served_by,true
16430-000,br:municipality:3517208,served_by,true
16440-000,br:municipality:3544608,served_by,true
16450-000,br:municipality:3517000,served_by,true
16480-000,br:municipality:3517307,served_by,true
16500-000,br:municipality:3508801,served_by,true
16570-000,br:municipality:3518107,served_by,true
16600-000,br:municipality:3538907,served_by,true
16640-000,br:municipality:3504701,served_by,true
16650-000,br:municipality:3555901,served_by,true
16660-000,br:municipality:3540101,served_by,true
16670-000,br:municipality:3541109,served_by,true
16680-000,br:municipality:3504305,served_by,true
16700-000,br:municipality:3518206,served_by,true
16750-000,br:municipality:3544400,served_by,true
16790-000,br:municipality:3506201,served_by,true
16800-000,br:municipality:3530102,served_by,true
16850-000,br:municipality:3526506,served_by,true
16880-000,br:municipality:3556305,served_by,true
16900-000,br:municipality:3502101,served_by,true
16920-000,br:municipality:3511003,served_by,true
16940-000,br:municipality:3533205,served_by,true
16950-000,br:municipality:3532108,served_by,true
16980-000,br:municipality:3517802,served_by,true
17000-000,br:municipality:3506003,served_by,true
17120-000,br:municipality:3500709,served_by,true
17150-000,br:municipality:3536570,served_by,true
17160-000,br:municipality:3503406,served_by,true
17180-000,br:municipality:3519105,served_by,true
17190-000,br:municipality:3542503,served_by,true
17200-000,br:municipality:3525300,served_by,true
17230-000,br:municipality:3522901,served_by,true
17240-000,br:municipality:3506805,served_by,true
17250-000,br:municipality:3505203,served_by,true
17260-000,br:municipality:3522000,served_by,true
17270-000,br:municipality:3507308,served_by,true
17280-000,br:municipality:3536703,served_by,true
17290-000,br:municipality:3528007,served_by,true
17300-000,br:municipality:3514106,served_by,true
17320-000,br:municipality:3529807,served_by,true
17340-000,br:municipality:3505302,served_by,true
17350-000,br:municipality:3520004,served_by,true
17360-000,br:municipality:3554706,served_by,true
17370-000,br:municipality:3547007,served_by,true
17380-000,br:municipality:3507902,served_by,true
17400-000,br:municipality:3516705,served_by,true
17410-000,br:municipality:3501400,served_by,true
17420-000,br:municipality:3527801,served_by,true
17430-000,br:municipality:3501509,served_by,true
17440-000,br:municipality:3555505,served_by,true
17450-000,br:municipality:3516606,served_by,true
17455-000,br:municipality:3515657,served_by,true
17470-000,br:municipality:3514502,served_by,true
17475-000,br:municipality:3527504,served_by,true
17480-000,br:municipality:3508306,served_by,true
17490-000,br:municipality:3539400,served_by,true
17500-000,br:municipality:3529005,served_by,true
17540-000,br:municipality:3533700,served_by,true
17550-000,br:municipality:3525805,served_by,true
17560-000,br:municipality:3556602,served_by,true
17570-000,br:municipality:3534104,served_by,true
17580-000,br:municipality:3540002,served_by,true
17590-000,br:municipality:3541802,served_by,true
17600-000,br:municipality:3555000,served_by,true
17630-000,br:municipality:3503356,served_by,true
17650-000,br:municipality:3519006,served_by,true
17670-000,br:municipality:3542008,served_by,true
17680-000,br:municipality:3519204,served_by,true
17690-000,br:municipality:3505807,served_by,true
17700-000,br:municipality:3534609,served_by,true
17710-000,br:municipality:3544707,served_by,true
17720-000,br:municipality:3545100,served_by,true
17730-000,br:municipality:3536000,served_by,true
17740-000,br:municipality:3543808,served_by,true
17760-000,br:municipality:3520806,served_by,true
17780-000,br:municipality:3527405,served_by,true
17790-000,br:municipality:3540853,served_by,true
17800-000,br:municipality:3500105,served_by,true
17810-000,br:municipality:3528908,served_by,true
17830-000,br:municipality:3516002,served_by,true
17860-000,br:municipality:3534906,served_by,true
17870-000,br:municipality:3515806,served_by,true
17880-000,br:municipality:3521606,served_by,true
17890-000,br:municipality:3526001,served_by,true
17900-000,br:municipality:3514403,served_by,true
17920-000,br:municipality:3534807,served_by,true
17930-000,br:municipality:3555109,served_by,true
17940-000,br:municipality:3547106,served_by,true
17950-000,br:municipality:3533106,served_by,true
17960-000,br:municipality:3531605,served_by,true
17970-000,br:municipality:3549300,served_by,true
17980-000,br:municipality:3535408,served_by,true
17990-000,br:municipality:3536406,served_by,true
18000-000,br:municipality:3552205,served_by,true
18110-000,br:municipality:3557006,served_by,true
18120-000,br:municipality:3528403,served_by,true
18125-000,br:municipality:3501152,served_by,true
18130-000,br:municipality:3550605,served_by,true
18147-000,br:municipality:3502754,served_by,true
18150-000,br:municipality:3519709,served_by,true
18160-000,br:municipality:3545308,served_by,true
18170-000,br:municipality:3537800,served_by,true
18180-000,br:municipality:3553500,served_by,true
18185-000,br:municipality:3537909,served_by,true
18190-000,br:municipality:3502903,served_by,true
18195-000,br:municipality:3510302,served_by,true
18200-000,br:municipality:3522307,served_by,true
18220-000,br:municipality:3500758,served_by,true
18225-000,br:municipality:3551108,served_by,true
18230-000,br:municipality:3550209,served_by,true
18240-000,br:municipality:3502200,served_by,true
18245-000,br:municipality:3509452,served_by,true
18250-000,br:municipality:3518503,served_by,true
18255-000,br:municipality:3541653,served_by,true
18260-000,br:municipality:3540507,served_by,true
18265-000,br:municipality:3554656,served_by,true
18270-000,br:municipality:3554003,served_by,true
18285-000,br:municipality:3511607,served_by,true
18290-000,br:municipality:3508009,served_by,true
18300-000,br:municipality:3510203,served_by,true
18310-000,br:municipality:3517604,served_by,true
18315-000,br:municipality:3543253,served_by,true
18320-000,br:municipality:3502705,served_by,true
18325-000,br:municipality:3505351,served_by,true
18330-000,br:municipality:3521200,served_by,true
18360-000,br:municipality:3522158,served_by,true
18380-000,br:municipality:3542800,served_by,true
18385-000,br:municipality:3522653,served_by,true
18400-000,br:municipality:3522406,served_by,true
18425-000,br:municipality:3553856,served_by,true
18430-000,br:municipality:3543006,served_by,true
18435-000,br:municipality:3532827,served_by,true
18440-000,br:municipality:3521705,served_by,true
18460-000,br:municipality:3523206,served_by,true
18470-000,br:municipality:3543501,served_by,true
18475-000,br:municipality:3507159,served_by,true
18480-000,br:municipality:3522802,served_by,true
18490-000,br:municipality:3505005,served_by,true
18500-000,br:municipality:3526407,served_by,true
18520-000,br:municipality:3511508,served_by,true
18530-000,br:municipality:3554508,served_by,true
18535-000,br:municipality:3525854,served_by,true
18540-000,br:municipality:3540606,served_by,true
18550-000,br:municipality:3507001,served_by,true
18560-000,br:municipality:3521002,served_by,true
18570-000,br:municipality:3512308,served_by,true
18580-000,br:municipality:3537503,served_by,true
18590-000,br:municipality:3506904,served_by,true
18600-000,br:municipality:3507506,served_by,true
18620-000,br:municipality:3502309,served_by,true
18640-000,br:municipality:3536109,served_by,true
18650-000,br:municipality:3550100,served_by,true
18660-000,br:municipality:3541059,served_by,true
18670-000,br:municipality:3503604,served_by,true
18675-000,br:municipality:3507456,served_by,true
18680-000,br:municipality:3526803,served_by,true
18690-000,br:municipality:3523503,served_by,true
18700-000,br:municipality:3504503,served_by,true
18710-000,br:municipality:3503109,served_by,true
18720-000,br:municipality:3535804,served_by,true
18730-000,br:municipality:3521804,served_by,true
18740-000,br:municipality:3553807,served_by,true
18745-000,br:municipality:3512605,served_by,true
18760-000,br:municipality:3511409,served_by,true
18770-000,br:municipality:3500550,served_by,true
18775-000,br:municipality:3519253,served_by,true
18780-000,br:municipality:3528601,served_by,true
18790-000,br:municipality:3533809,served_by,true
18800-000,br:municipality:3538808,served_by,true
18830-000,br:municipality:3554201,served_by,true
18840-000,br:municipality:3551207,served_by,true
18860-000,br:municipality:3554607,served_by,true
18870-000,br:municipality:3515400,served_by,true
18890-000,br:municipality:3553005,served_by,true
18900-000,br:municipality:3546405,served_by,true
18935-000,br:municipality:3515194,served_by,true
18940-000,br:municipality:3550506,served_by,true
18950-000,br:municipality:3520905,served_by,true
18960-000,br:municipality:3506300,served_by,true
18970-000,br:municipality:3557204,served_by,true
18990-000,br:municipality:3510153,served_by,true
19000-000,br:municipality:3541406,served_by,true
19160-000,br:municipality:3501301,served_by,true
19180-000,br:municipality:3500808,served_by,true
19190-000,br:municipality:3548302,served_by,true
19200-000,br:municipality:3539202,served_by,true
19210-000,br:municipality:3553906,served_by,true
19220-000,br:municipality:3532207,served_by,true
19230-000,br:municipality:3515301,served_by,true
19250-000,br:municipality:3545506,served_by,true
19260-000,br:municipality:3530201,served_by,true
19273-000,br:municipality:3544251,served_by,true
19275-000,br:municipality:3515350,served_by,true
19280-000,br:municipality:3554300,served_by,true
19300-000,br:municipality:3541208,served_by,true
19350-000,br:municipality:3515129,served_by,true
19360-000,br:municipality:3547700,served_by,true
19380-000,br:municipality:3543238,served_by,true
19400-000,br:municipality:3541505,served_by,true
19410-000,br:municipality:3538303,served_by,true
19430-000,br:municipality:3528700,served_by,true
19450-000,br:municipality:3509106,served_by,true
19470-000,br:municipality:3541307,served_by,true
19500-000,br:municipality:3529203,served_by,true
19530-000,br:municipality:3508900,served_by,true
19560-000,br:municipality:3520608,served_by,true
19570-000,br:municipality:3542404,served_by,true
19580-000,br:municipality:3502408,served_by,true
19590-000,br:municipality:3552908,served_by,true
19600-000,br:municipality:3542206,served_by,true
19640-000,br:municipality:3519907,served_by,true
19645-000,br:municipality:3532157,served_by,true
19680-000,br:municipality:3525607,served_by,true
19700-000,br:municipality:3535507,served_by,true
19740-000,br:municipality:3507209,served_by,true
19750-000,br:municipality:3527900,served_by,true
19770-000,br:municipality:3534500,served_by,true
19780-000,br:municipality:3541703,served_by,true
19800-000,br:municipality:3504008,served_by,true
19820-000,br:municipality:3553955,served_by,true
19830-000,br:municipality:3514700,served_by,true
19840-000,br:municipality:3528809,served_by,true
19860-000,br:municipality:3513306,served_by,true
19865-000,br:municipality:3537156,served_by,true
19870-000,br:municipality:3516101,served_by,true
19880-000,br:municipality:3510005,served_by,true
19900-000,br:municipality:3534708,served_by,true
19920-000,br:municipality:3545407,served_by,true
19930-000,br:municipality:3543204,served_by,true
19940-000,br:municipality:3519501,served_by,true
19960-000,br:municipality:3509809,served_by,true
19970-000,br:municipality:3535309,served_by,true
19990-000,br:municipality:3539707,served_by,true
20000-000,br:municipality:3304557,served_by,true
23800-000,br:municipality:3302007,served_by,true
23860-000,br:municipality:3302601,served_by,true
23890-000,br:municipality:3305554,served_by,true
23900-000,br:municipality:3300100,served_by,true
23970-000,br:municipality:3303807,served_by,true
24000-000,br:municipality:3303302,served_by,true
24400-000,br:municipality:3304904,served_by,true
24800-000,br:municipality:3301900,served_by,true
24890-000,br:municipality:3305752,served_by,true
24900-000,br:municipality:3302700,served_by,true
25000-000,br:municipality:3301702,served_by,true
25500-000,br:municipality:3305109,served_by,true
25600-000,br:municipality:3303906,served_by,true
25780-000,br:municipality:3305158,served_by,true
25800-000,br:municipality:3306008,served_by,true
25845-000,br:municipality:3300225,served_by,true
25850-000,br:municipality:3303708,served_by,true
25870-000,br:municipality:3300951,served_by,true
25880-000,br:municipality:3305406,served_by,true
25900-000,br:municipality:3302502,served_by,true
25940-000,br:municipality:3301850,served_by,true
25950-000,br:municipality:3305802,served_by,true
26000-000,br:municipality:3303500,served_by,true
26100-000,br:municipality:3300456,served_by,true
26300-000,br:municipality:3304144,served_by,true
26400-000,br:municipality:3302270,served_by,true
26500-000,br:municipality:3303203,served_by,true
26600-000,br:municipality:3303609,served_by,true
26650-000,br:municipality:3301801,served_by,true
26700-000,br:municipality:3302809,served_by,true
26900-000,br:municipality:3302908,served_by,true
26950-000,br:municipality:3303856,served_by,true
27000-000,br:municipality:3300308,served_by,true
27175-000,br:municipality:3304003,served_by,true
27197-000,br:municipality:3303955,served_by,true
27200-000,br:municipality:3306305,served_by,true
27300-000,br:municipality:3300407,served_by,true
27400-000,br:municipality:3304128,served_by,true
27460-000,br:municipality:3304409,served_by,true
27500-000,br:municipality:3304201,served_by,true
27570-000,br:municipality:3304110,served_by,true
27580-000,br:municipality:3302254,served_by,true
27600-000,br:municipality:3306107,served_by,true
27660-000,br:municipality:3304508,served_by,true
27700-000,br:municipality:3306206,served_by,true
27900-000,br:municipality:3302403,served_by,true
27998-000,br:municipality:3300936,served_by,true
28000-000,br:municipality:3301009,served_by,true
28180-000,br:municipality:3301157,served_by,true
28200-000,br:municipality:3305000,served_by,true
28230-000,br:municipality:3304755,served_by,true
28250-000,br:municipality:3302056,served_by,true
28300-000,br:municipality:3302205,served_by,true
28350-000,br:municipality:3302304,served_by,true
28360-000,br:municipality:3300605,served_by,true
28375-000,br:municipality:3306156,served_by,true
28380-000,br:municipality:3303104,served_by,true
28390-000,br:municipality:3304102,served_by,true
28400-000,br:municipality:3304805,served_by,true
28430-000,br:municipality:3300902,served_by,true
28455-000,br:municipality:3305133,served_by,true
28460-000,br:municipality:3303005,served_by,true
28470-000,br:municipality:3304706,served_by,true
28495-000,br:municipality:3300159,served_by,true
28500-000,br:municipality:3301108,served_by,true
28540-000,br:municipality:3301504,served_by,true
28545-000,br:municipality:3302452,served_by,true
28550-000,br:municipality:3305307,served_by,true
28570-000,br:municipality:3302106,served_by,true
28600-000,br:municipality:3303401,served_by,true
28637-000,br:municipality:3305703,served_by,true
28640-000,br:municipality:3301207,served_by,true
28650-000,br:municipality:3301603,served_by,true
28660-000,br:municipality:3300506,served_by,true
28680-000,br:municipality:3300803,served_by,true
28735-000,br:municipality:3304151,served_by,true
28740-000,br:municipality:3301405,served_by,true
28750-000,br:municipality:3305901,served_by,true
28770-000,br:municipality:3304607,served_by,true
28800-000,br:municipality:3304300,served_by,true
28820-000,br:municipality:3305604,served_by,true
28860-000,br:municipality:3301306,served_by,true
28890-000,br:municipality:3304524,served_by,true
28900-000,br:municipality:3300704,served_by,true
28930-000,br:municipality:3300258,served_by,true
28940-000,br:municipality:3305208,served_by,true
28950-000,br:municipality:3300233,served_by,true
28960-000,br:municipality:3301876,served_by,true
28970-000,br:municipality:3300209,served_by,true
28990-000,br:municipality:3305505,served_by,true
29000-000,br:municipality:3205309,served_by,true
29100-000,br:municipality:3205200,served_by,true
29135-000,br:municipality:3205101,served_by,true
29140-000,br:municipality:3201308,served_by,true
29160-000,br:municipality:3205002,served_by,true
29185-000,br:municipality:3202207,served_by,true
29190-000,br:municipality:3200607,served_by,true
29200-000,br:municipality:3202405,served_by,true
29230-000,br:municipality:3200409,served_by,true
29240-000,br:municipality:3200300,served_by,true
29255-000,br:municipality:3203346,served_by,true
29260-000,br:municipality:3201902,served_by,true
29280-000,br:municipality:3202603,served_by,true
29285-000,br:municipality:3204203,served_by,true
29290-000,br:municipality:3204401,served_by,true
29295-000,br:municipality:3205036,served_by,true
29300-000,br:municipality:3201209,served_by,true
29330-000,br:municipality:3202801,served_by,true
29345-000,br:municipality:3203320,served_by,true
29350-000,br:municipality:3204302,served_by,true
29360-000,br:municipality:3201407,served_by,true
29370-000,br:municipality:3201704,served_by,true
29375-000,br:municipality:3205069,served_by,true
29380-000,br:municipality:3203700,served_by,true
29390-000,br:municipality:3203007,served_by,true
29395-000,br:municipality:3202454,served_by,true
29398-000,br:municipality:3202652,served_by,true
29400-000,br:municipality:3203403,served_by,true
29450-000,br:municipality:3200508,served_by,true
29460-000,br:municipality:3201100,served_by,true
29470-000,br:municipality:3204807,served_by,true
29480-000,br:municipality:3203809,served_by,true
29490-000,br:municipality:3200706,served_by,true
29500-000,br:municipality:3200201,served_by,true
29540-000,br:municipality:3202553,served_by,true
29550-000,br:municipality:3203106,served_by,true
29560-000,br:municipality:3202306,served_by,true
29580-000,br:municipality:3202009,served_by,true
29590-000,br:municipality:3201803,served_by,true
29600-000,br:municipality:3200102,served_by,true
29615-000,br:municipality:3203163,served_by,true
29620-000,br:municipality:3202900,served_by,true
29630-000,br:municipality:3201159,served_by,true
29640-000,br:municipality:3204500,served_by,true
29645-000,br:municipality:3204559,served_by,true
29650-000,br:municipality:3204609,served_by,true
29665-000,br:municipality:3204955,served_by,true
29670-000,br:municipality:3202504,served_by,true
29680-000,br:municipality:3203130,served_by,true
29690-000,br:municipality:3202702,served_by,true
29700-000,br:municipality:3201506,served_by,true
29725-000,br:municipality:3203353,served_by,true
29730-000,br:municipality:3200805,served_by,true
29745-000,br:municipality:3204658,served_by,true
29750-000,br:municipality:3204005,served_by,true
29760-000,br:municipality:3200359,served_by,true
29770-000,br:municipality:3203304,served_by,true
29780-000,br:municipality:3204708,served_by,true
29785-000,br:municipality:3205176,served_by,true
29795-000,br:municipality:3200136,served_by,true
29800-000,br:municipality:3200904,served_by,true
29820-000,br:municipality:3200169,served_by,true
29830-000,br:municipality:3203908,served_by,true
29843-000,br:municipality:3205150,served_by,true
29845-000,br:municipality:3201001,served_by,true
29850-000,br:municipality:3202108,served_by,true
29880-000,br:municipality:3203601,served_by,true
29885-000,br:municipality:3204252,served_by,true
29890-000,br:municipality:3203502,served_by,true
29900-000,br:municipality:3203205,served_by,true
29920-000,br:municipality:3204351,served_by,true
29927-000,br:municipality:3205010,served_by,true
29930-000,br:municipality:3204906,served_by,true
29950-000,br:municipality:3203056,served_by,true
29960-000,br:municipality:3201605,served_by,true
29970-000,br:municipality:3204054,served_by,true
29980-000,br:municipality:3204104,served_by,true
30000-000,br:municipality:3106200,served_by,true
32000-000,br:municipality:3118601,served_by,true
32400-000,br:municipality:3129806,served_by,true
32450-000,br:municipality:3165537,served_by,true
32470-000,br:municipality:3140159,served_by,true
32500-000,br:municipality:3106705,served_by,true
32900-000,br:municipality:3130101,served_by,true
32920-000,br:municipality:3162922,served_by,true
33000-000,br:municipality:3157807,served_by,true
33200-000,br:municipality:3171204,served_by,true
33350-000,br:municipality:3162955,served_by,true
33400-000,br:municipality:3137601,served_by,true
33500-000,br:municipality:3117876,served_by,true
33600-000,br:municipality:3149309,served_by,true
33800-000,br:municipality:3154606,served_by,true
33980-000,br:municipality:3168309,served_by,true
34000-000,br:municipality:3144805,served_by,true
34300-000,br:municipality:3154804,served_by,true
34400-000,br:municipality:3153905,served_by,true
34500-000,br:municipality:3156700,served_by,true
34800-000,br:municipality:3110004,served_by,true
34990-000,br:municipality:3136603,served_by,true
35000-000,br:municipality:3127701,served_by,true
35110-000,br:municipality:3171501,served_by,true
35112-000,br:municipality:3126901,served_by,true
35113-000,br:municipality:3144904,served_by,true
35114-000,br:municipality:3150000,served_by,true
35115-000,br:municipality:3140100,served_by,true
35120-000,br:municipality:3133204,served_by,true
35123-000,br:municipality:3112653,served_by,true
35125-000,br:municipality:3169505,served_by,true
35130-000,br:municipality:3123700,served_by,true
35135-000,br:municipality:3125804,served_by,true
35138-000,br:municipality:3101805,served_by,true
35140-000,br:municipality:3168408,served_by,true
35145-000,br:municipality:3167707,served_by,true
35146-000,br:municipality:3162609,served_by,true
35148-000,br:municipality:3122504,served_by,true
35150-000,br:municipality:3100500,served_by,true
35156-000,br:municipality:3149952,served_by,true
35157-000,br:municipality:3144359,served_by,true
35160-000,br:municipality:3131307,served_by,true
35166-000,br:municipality:3141702,served_by,true
35167-000,br:municipality:3158953,served_by,true
35168-000,br:municipality:3136108,served_by,true
35169-000,br:municipality:3108800,served_by,true
35170-000,br:municipality:3119401,served_by,true
35177-000,br:municipality:3103009,served_by,true
35180-000,br:municipality:3168705,served_by,true
35185-000,br:municipality:3140308,served_by,true
35188-000,br:municipality:3135001,served_by,true
35190-000,br:municipality:3129301,served_by,true
35193-000,br:municipality:3109253,served_by,true
35195-000,br:municipality:3106309,served_by,true
35198-000,br:municipality:3131158,served_by,true
35199-000,br:municipality:3170578,served_by,true
35200-000,br:municipality:3101102,served_by,true
35220-000,br:municipality:3134103,served_by,true
35225-000,br:municipality:3159506,served_by,true
35230-000,br:municipality:3154309,served_by,true
35240-000,br:municipality:3118403,served_by,true
35246-000,br:municipality:3120839,served_by,true
35248-000,br:municipality:3127370,served_by,true
35249-000,br:municipality:3102209,served_by,true
35250-000,br:municipality:3127305,served_by,true
35258-000,br:municipality:3161650,served_by,true
35260-000,br:municipality:3115706,served_by,true
35265-000,br:municipality:3122108,served_by,true
35270-000,br:municipality:3141504,served_by,true
35275-000,br:municipality:3161056,served_by,true
35277-000,br:municipality:3162575,served_by,true
35280-000,br:municipality:3131802,served_by,true
35290-000,br:municipality:3139607,served_by,true
35298-000,br:municipality:3144672,served_by,true
35300-000,br:municipality:3113404,served_by,true
35323-000,br:municipality:3130556,served_by,true
35324-000,br:municipality:3123858,served_by,true
35325-000,br:municipality:3150158,served_by,true
35326-000,br:municipality:3159357,served_by,true
35328-000,br:municipality:3157252,served_by,true
35330-000,br:municipality:3130903,served_by,true
35334-000,br:municipality:3164472,served_by,true
35335-000,br:municipality:3160959,served_by,true
35338-000,br:municipality:3170057,served_by,true
35340-000,br:municipality:3107802,served_by,true
35345-000,br:municipality:3120003,served_by,true
35348-000,br:municipality:3150539,served_by,true
35350-000,br:municipality:3154002,served_by,true
35359-000,br:municipality:3171154,served_by,true
35360-000,br:municipality:3164001,served_by,true
35364-000,br:municipality:3148756,served_by,true
35365-000,br:municipality:3100302,served_by,true
35367-000,br:municipality:3140902,served_by,true
35368-000,br:municipality:3166303,served_by,true
35370-000,br:municipality:3154903,served_by,true
35380-000,br:municipality:3170503,served_by,true
35382-000,br:municipality:3150208,served_by,true
35384-000,br:municipality:3157401,served_by,true
35388-000,br:municipality:3160108,served_by,true
35390-000,br:municipality:3135506,served_by,true
35400-000,br:municipality:3146107,served_by,true
35420-000,br:municipality:3140001,served_by,true
35430-000,br:municipality:3152105,served_by,true
35436-000,br:municipality:3128204,served_by,true
35437-000,br:municipality:3121704,served_by,true
35438-000,br:municipality:3100401,served_by,true
35439-000,br:municipality:3145851,served_by,true
35440-000,br:municipality:3122702,served_by,true
35441-000,br:municipality:3165560,served_by,true
35442-000,br:municipality:3155009,served_by,true
35444-000,br:municipality:3102506,served_by,true
35447-000,br:municipality:3105707,served_by,true
35450-000,br:municipality:3131901,served_by,true
35460-000,br:municipality:3109006,served_by,true
35470-000,br:municipality:3142304,served_by,true
35473-000,br:municipality:3106408,served_by,true
35490-000,br:municipality:3123908,served_by,true
35494-000,br:municipality:3121407,served_by,true
35495-000,br:municipality:3160900,served_by,true
35498-000,br:municipality:3135407,served_by,true
35500-000,br:municipality:3122306,served_by,true
35506-000,br:municipality:3164605,served_by,true
35510-000,br:municipality:3114204,served_by,true
35514-000,br:municipality:3132206,served_by,true
35515-000,br:municipality:3149705,served_by,true
35516-000,br:municipality:3161809,served_by,true
35519-000,br:municipality:3145208,served_by,true
35520-000,br:municipality:3120607,served_by,true
35521-000,br:municipality:3108107,served_by,true
35525-000,br:municipality:3155306,served_by,true
35526-000,br:municipality:3150406,served_by,true
35530-000,br:municipality:3116605,served_by,true
35534-000,br:municipality:3114501,served_by,true
35536-000,br:municipality:3150604,served_by,true
35537-000,br:municipality:3147709,served_by,true
35540-000,br:municipality:3145604,served_by,true
35543-000,br:municipality:3161205,served_by,true
35547-000,br:municipality:3114006,served_by,true
35550-000,br:municipality:3133501,served_by,true
35555-000,br:municipality:3110400,served_by,true
35560-000,br:municipality:3160405,served_by,true
35565-000,br:municipality:3148905,served_by,true
35570-000,br:municipality:3126109,served_by,true
35578-000,br:municipality:3119955,served_by,true
35580-000,br:municipality:3135308,served_by,true
35582-000,br:municipality:3146503,served_by,true
35585-000,br:municipality:3150505,served_by,true
35588-000,br:municipality:3104205,served_by,true
35590-000,br:municipality:3137205,served_by,true
35595-000,br:municipality:3138807,served_by,true
35600-000,br:municipality:3107406,served_by,true
35603-000,br:municipality:3103900,served_by,true
35604-000,br:municipality:3142403,served_by,true
35606-000,br:municipality:3140506,served_by,true
35610-000,br:municipality:3123205,served_by,true
35613-000,br:municipality:3124708,served_by,true
35617-000,br:municipality:3166600,served_by,true
35620-000,br:municipality:3100203,served_by,true
35621-000,br:municipality:3107000,served_by,true
35622-000,br:municipality:3146404,served_by,true
35624-000,br:municipality:3115607,served_by,true
35625-000,br:municipality:3153707,served_by,true
35628-000,br:municipality:3143500,served_by,true
35640-000,br:municipality:3152006,served_by,true
35650-000,br:municipality:3151404,served_by,true
35655-000,br:municipality:3145802,served_by,true
35657-000,br:municipality:3138302,served_by,true
35660-000,br:municipality:3147105,served_by,true
35666-000,br:municipality:3139706,served_by,true
35667-000,br:municipality:3149606,served_by,true
35668-000,br:municipality:3117603,served_by,true
35669-000,br:municipality:3146909,served_by,true
35670-000,br:municipality:3140704,served_by,true
35675-000,br:municipality:3136652,served_by,true
35680-000,br:municipality:3133808,served_by,true
35685-000,br:municipality:3133709,served_by,true
35690-000,br:municipality:3126000,served_by,true
35694-000,br:municipality:3163102,served_by,true
35695-000,br:municipality:3130200,served_by,true
35700-000,br:municipality:3167202,served_by,true
35706-000,br:municipality:3105004,served_by,true
35709-000,br:municipality:3127206,served_by,true
35710-000,br:municipality:3131000,served_by,true
35715-000,br:municipality:3153608,served_by,true
35720-000,br:municipality:3141108,served_by,true
35730-000,br:municipality:3112505,served_by,true
35740-000,br:municipality:3124104,served_by,true
35760-000,br:municipality:3126406,served_by,true
35765-000,br:municipality:3109600,served_by,true
35767-000,br:municipality:3135704,served_by,true
35770-000,br:municipality:3109907,served_by,true
35774-000,br:municipality:3147402,served_by,true
35777-000,br:municipality:3103207,served_by,true
35780-000,br:municipality:3118908,served_by,true
35785-000,br:municipality:3158508,served_by,true
35790-000,br:municipality:3120904,served_by,true
35794-000,br:municipality:3125705,served_by,true
35796-000,br:municipality:3131109,served_by,true
35797-000,br:municipality:3153202,served_by,true
35798-000,br:municipality:3143609,served_by,true
35800-000,br:municipality:3125903,served_by,true
35810-000,br:municipality:3147501,served_by,true
35815-000,br:municipality:3164803,served_by,true
35820-000,br:municipality:3132800,served_by,true
35830-000,br:municipality:3134608,served_by,true
35845-000,br:municipality:3159001,served_by,true
35850-000,br:municipality:3118106,served_by,true
35860-000,br:municipality:3117504,served_by,true
35865-000,br:municipality:3122603,served_by,true
35875-000,br:municipality:3143708,served_by,true
35878-000,br:municipality:3113800,served_by,true
35880-000,br:municipality:3160504,served_by,true
35894-000,br:municipality:3123106,served_by,true
35900-000,br:municipality:3131703,served_by,true
35908-000,br:municipality:3107703,served_by,true
35910-000,br:municipality:3158003,served_by,true
35920-000,br:municipality:3144706,served_by,true
35930-000,br:municipality:3136207,served_by,true
35935-000,br:municipality:3161908,served_by,true
35938-000,br:municipality:3106002,served_by,true
35940-000,br:municipality:3155702,served_by,true
35950-000,br:municipality:3102308,served_by,true
35960-000,br:municipality:3157203,served_by,true
35969-000,br:municipality:3115359,served_by,true
35970-000,br:municipality:3105400,served_by,true
35984-000,br:municipality:3121803,served_by,true
35986-000,br:municipality:3163409,served_by,true
35995-000,br:municipality:3161007,served_by,true
36000-000,br:municipality:3136702,served_by,true
36108-000,br:municipality:3125002,served_by,true
36110-000,br:municipality:3115904,served_by,true
36120-000,br:municipality:3140803,served_by,true
36123-000,br:municipality:3167509,served_by,true
36126-000,br:municipality:3106101,served_by,true
36130-000,br:municipality:3155900,served_by,true
36132-000,br:municipality:3157278,served_by,true
36135-000,br:municipality:3159308,served_by,true
36140-000,br:municipality:3138609,served_by,true
36145-000,br:municipality:3145406,served_by,true
36146-000,br:municipality:3158706,served_by,true
36148-000,br:municipality:3149408,served_by,true
36150-000,br:municipality:3155405,served_by,true
36152-000,br:municipality:3127388,served_by,true
36155-000,br:municipality:3119609,served_by,true
36157-000,br:municipality:3150109,served_by,true
36160-000,br:municipality:3128402,served_by,true
36165-000,br:municipality:3167905,served_by,true
36170-000,br:municipality:3151305,served_by,true
36180-000,br:municipality:3155801,served_by,true
36185-000,br:municipality:3167301,served_by,true
36190-000,br:municipality:3141603,served_by,true
36195-000,br:municipality:3146602,served_by,true
36200-000,br:municipality:3105608,served_by,true
36210-000,br:municipality:3121506,served_by,true
36212-000,br:municipality:3105905,served_by,true
36213-000,br:municipality:3123007,served_by,true
36215-000,br:municipality:3157302,served_by,true
36220-000,br:municipality:3102902,served_by,true
36225-000,br:municipality:3129400,served_by,true
36227-000,br:municipality:3150307,served_by,true
36230-000,br:municipality:3106804,served_by,true
36235-000,br:municipality:3159407,served_by,true
36240-000,br:municipality:3160702,served_by,true
36250-000,br:municipality:3145703,served_by,true
36255-000,br:municipality:3103306,served_by,true
36260-000,br:municipality:3102100,served_by,true
36265-000,br:municipality:3116308,served_by,true
36270-000,br:municipality:3154408,served_by,true
36272-000,br:municipality:3101631,served_by,true
36275-000,br:municipality:3166204,served_by,true
36280-000,br:municipality:3113206,served_by,true
36290-000,br:municipality:3112208,served_by,true
36300-000,br:municipality:3162500,served_by,true
36320-000,br:municipality:3152709,served_by,true
36325-000,br:municipality:3168804,served_by,true
36328-000,br:municipality:3157336,served_by,true
36330-000,br:municipality:3119708,served_by,true
36335-000,br:municipality:3156106,served_by,true
36340-000,br:municipality:3154200,served_by,true
36345-000,br:municipality:3137403,served_by,true
36350-000,br:municipality:3165008,served_by,true
36360-000,br:municipality:3115201,served_by,true
36370-000,br:municipality:3144508,served_by,true
36390-000,br:municipality:3134509,served_by,true
36400-000,br:municipality:3118304,served_by,true
36415-000,br:municipality:3118007,served_by,true
36420-000,br:municipality:3145901,served_by,true
36422-000,br:municipality:3114907,served_by,true
36424-000,br:municipality:3153806,served_by,true
36426-000,br:municipality:3120409,served_by,true
36428-000,br:municipality:3113107,served_by,true
36430-000,br:municipality:3159100,served_by,true
36440-000,br:municipality:3133907,served_by,true
36450-000,br:municipality:3115409,served_by,true
36455-000,br:municipality:3137908,served_by,true
36460-000,br:municipality:3155207,served_by,true
36470-000,br:municipality:3166006,served_by,true
36475-000,br:municipality:3153103,served_by,true
36480-000,br:municipality:3150802,served_by,true
36500-000,br:municipality:3169901,served_by,true
36510-000,br:municipality:3156304,served_by,true
36512-000,br:municipality:3169000,served_by,true
36513-000,br:municipality:3123304,served_by,true
36515-000,br:municipality:3128808,served_by,true
36520-000,br:municipality:3172004,served_by,true
36525-000,br:municipality:3129004,served_by,true
36530-000,br:municipality:3161502,served_by,true
36540-000,br:municipality:3165701,served_by,true
36542-000,br:municipality:3108701,served_by,true
36544-000,br:municipality:3148301,served_by,true
36546-000,br:municipality:3121902,served_by,true
36550-000,br:municipality:3116704,served_by,true
36555-000,br:municipality:3124005,served_by,true
36560-000,br:municipality:3110202,served_by,true
36570-000,br:municipality:3171303,served_by,true
36576-000,br:municipality:3152303,served_by,true
36580-000,br:municipality:3168507,served_by,true
36585-000,br:municipality:3148806,served_by,true
36590-000,br:municipality:3163805,served_by,true
36592-000,br:municipality:3111705,served_by,true
36594-000,br:municipality:3103702,served_by,true
36600-000,br:municipality:3106903,served_by,true
36604-000,br:municipality:3156205,served_by,true
36606-000,br:municipality:3128501,served_by,true
36608-000,br:municipality:3140209,served_by,true
36610-000,br:municipality:3149507,served_by,true
36620-000,br:municipality:3158607,served_by,true
36630-000,br:municipality:3116209,served_by,true
36640-000,br:municipality:3139805,served_by,true
36650-000,br:municipality:3165602,served_by,true
36660-000,br:municipality:3101508,served_by,true
36670-000,br:municipality:3160009,served_by,true
36680-000,br:municipality:3162906,served_by,true
36690-000,br:municipality:3121308,served_by,true
36700-000,br:municipality:3138401,served_by,true
36710-000,br:municipality:3104403,served_by,true
36720-000,br:municipality:3172103,served_by,true
36725-000,br:municipality:3124609,served_by,true
36730-000,br:municipality:3151107,served_by,true
36740-000,br:municipality:3154101,served_by,true
36750-000,br:municipality:3146701,served_by,true
36760-000,br:municipality:3138005,served_by,true
36770-000,br:municipality:3115300,served_by,true
36780-000,br:municipality:3104601,served_by,true
36784-000,br:municipality:3122900,served_by,true
36788-000,br:municipality:3132602,served_by,true
36790-000,br:municipality:3142205,served_by,true
36793-000,br:municipality:3164431,served_by,true
36795-000,br:municipality:3158409,served_by,true
36800-000,br:municipality:3113305,served_by,true
36810-000,br:municipality:3161403,served_by,true
36815-000,br:municipality:3125952,served_by,true
36820-000,br:municipality:3122009,served_by,true
36828-000,br:municipality:3145877,served_by,true
36830-000,br:municipality:3124203,served_by,true
36832-000,br:municipality:3110103,served_by,true
36834-000,br:municipality:3112109,served_by,true
36836-000,br:municipality:3102050,served_by,true
36840-000,br:municipality:3125309,served_by,true
36844-000,br:municipality:3169208,served_by,true
36847-000,br:municipality:3149002,served_by,true
36850-000,br:municipality:3103108,served_by,true
36855-000,br:municipality:3124906,served_by,true
36860-000,br:municipality:3148202,served_by,true
36870-000,br:municipality:3105509,served_by,true
36878-000,br:municipality:3156452,served_by,true
36880-000,br:municipality:3143906,served_by,true
36893-000,br:municipality:3142106,served_by,true
36895-000,br:municipality:3171402,served_by,true
36900-000,br:municipality:3139409,served_by,true
36910-000,br:municipality:3157906,served_by,true
36918-000,br:municipality:3162559,served_by,true
36920-000,br:municipality:3154150,served_by,true
36923-000,br:municipality:3138674,served_by,true
36925-000,br:municipality:3112901,served_by,true
36930-000,br:municipality:3167608,served_by,true
36940-000,br:municipality:3158904,served_by,true
36947-000,br:municipality:3117405,served_by,true
36950-000,br:municipality:3131208,served_by,true
36953-000,br:municipality:3168051,served_by,true
36955-000,br:municipality:3144003,served_by,true
36960-000,br:municipality:3151909,served_by,true
36970-000,br:municipality:3139508,served_by,true
36972-000,br:municipality:3140530,served_by,true
36974-000,br:municipality:3123528,served_by,true
36976-000,br:municipality:3153509,served_by,true
36980-000,br:municipality:3137700,served_by,true
36985-000,br:municipality:3116001,served_by,true
36990-000,br:municipality:3163607,served_by,true
37000-000,br:municipality:3170701,served_by,true
37110-000,br:municipality:3123601,served_by,true
37115-000,br:municipality:3143005,served_by,true
37120-000,br:municipality:3147204,served_by,true
37130-000,br:municipality:3101607,served_by,true
37134-000,br:municipality:3122405,served_by,true
37136-000,br:municipality:3166907,served_by,true
37138-000,br:municipality:3125200,served_by,true
37140-000,br:municipality:3104304,served_by,true
37145-000,br:municipality:3102001,served_by,true
37148-000,br:municipality:3117108,served_by,true
37150-000,br:municipality:3114402,served_by,true
37160-000,br:municipality:3111606,served_by,true
37165-000,br:municipality:3111309,served_by,true
37170-000,br:municipality:3107109,served_by,true
37175-000,br:municipality:3130507,served_by,true
37177-000,br:municipality:3128105,served_by,true
37190-000,br:municipality:3169406,served_by,true
37195-000,br:municipality:3158300,served_by,true
37200-000,br:municipality:3138203,served_by,true
37205-000,br:municipality:3130408,served_by,true
37210-000,br:municipality:3134301,served_by,true
37215-000,br:municipality:3130804,served_by,true
37220-000,br:municipality:3108008,served_by,true
37223-000,br:municipality:3130002,served_by,true
37225-000,br:municipality:3113909,served_by,true
37235-000,br:municipality:3118700,served_by,true
37240-000,br:municipality:3138708,served_by,true
37245-000,br:municipality:3114600,served_by,true
37250-000,br:municipality:3144607,served_by,true
37260-000,br:municipality:3149903,served_by,true
37262-000,br:municipality:3159902,served_by,true
37264-000,br:municipality:3154705,served_by,true
37267-000,br:municipality:3111903,served_by,true
37270-000,br:municipality:3111200,served_by,true
37273-000,br:municipality:3100807,served_by,true
37275-000,br:municipality:3120201,served_by,true
37278-000,br:municipality:3158805,served_by,true
37280-000,br:municipality:3112000,served_by,true
37300-000,br:municipality:3102803,served_by,true
37305-000,br:municipality:3139102,served_by,true
37310-000,br:municipality:3107505,served_by,true
37330-000,br:municipality:3147808,served_by,true
37340-000,br:municipality:3107208,served_by,true
37350-000,br:municipality:3138500,served_by,true
37360-000,br:municipality:3103603,served_by,true
37370-000,br:municipality:3165305,served_by,true
37400-000,br:municipality:3110905,served_by,true
37405-000,br:municipality:3142601,served_by,true
37410-000,br:municipality:3169307,served_by,true
37414-000,br:municipality:3160801,served_by,true
37418-000,br:municipality:3165206,served_by,true
37420-000,br:municipality:3110707,served_by,true
37430-000,br:municipality:3117702,served_by,true
37440-000,br:municipality:3115508,served_by,true
37443-000,br:municipality:3104908,served_by,true
37445-000,br:municipality:3120805,served_by,true
37447-000,br:municipality:3141900,served_by,true
37450-000,br:municipality:3101201,served_by,true
37452-000,br:municipality:3167004,served_by,true
37454-000,br:municipality:3166402,served_by,true
37456-000,br:municipality:3114808,served_by,true
37458-000,br:municipality:3101300,served_by,true
37460-000,br:municipality:3147600,served_by,true
37464-000,br:municipality:3133105,served_by,true
37465-000,br:municipality:3171709,served_by,true
37466-000,br:municipality:3133006,served_by,true
37467-000,br:municipality:3164902,served_by,true
37468-000,br:municipality:3152600,served_by,true
37470-000,br:municipality:3163706,served_by,true
37472-000,br:municipality:3114105,served_by,true
37474-000,br:municipality:3122801,served_by,true
37476-000,br:municipality:3120508,served_by,true
37478-000,br:municipality:3167806,served_by,true
37480-000,br:municipality:3137809,served_by,true
37484-000,br:municipality:3129202,served_by,true
37485-000,br:municipality:3135902,served_by,true
37488-000,br:municipality:3145505,served_by,true
37490-000,br:municipality:3162005,served_by,true
37496-000,br:municipality:3169802,served_by,true
37498-000,br:municipality:3119005,served_by,true
37500-000,br:municipality:3132404,served_by,true
37508-000,br:municipality:3151008,served_by,true
37510-000,br:municipality:3163201,served_by,true
37511-000,br:municipality:3150901,served_by,true
37512-000,br:municipality:3172202,served_by,true
37514-000,br:municipality:3121100,served_by,true
37516-000,br:municipality:3140407,served_by,true
37517-000,br:municipality:3139904,served_by,true
37520-000,br:municipality:3149101,served_by,true
37524-000,br:municipality:3144409,served_by,true
37527-000,br:municipality:3117207,served_by,true
37530-000,br:municipality:3108909,served_by,true
37540-000,br:municipality:3159605,served_by,true
37542-000,br:municipality:3124500,served_by,true
37545-000,br:municipality:3109709,served_by,true
37548-000,br:municipality:3117801,served_by,true
37550-000,br:municipality:3152501,served_by,true
37556-000,br:municipality:3113602,served_by,true
37557-000,br:municipality:3117900,served_by,true
37558-000,br:municipality:3165800,served_by,true
37559-000,br:municipality:3131505,served_by,true
37560-000,br:municipality:3167400,served_by,true
37563-000,br:municipality:3169059,served_by,true
37564-000,br:municipality:3108305,served_by,true
37566-000,br:municipality:3124401,served_by,true
37567-000,br:municipality:3164407,served_by,true
37568-000,br:municipality:3162302,served_by,true
37570-000,br:municipality:3146008,served_by,true
37576-000,br:municipality:3130606,served_by,true
37578-000,br:municipality:3109105,served_by,true
37580-000,br:municipality:3143401,served_by,true
37590-000,br:municipality:3134905,served_by,true
37596-000,br:municipality:3101409,served_by,true
37600-000,br:municipality:3110608,served_by,true
37605-000,br:municipality:3119906,served_by,true
37610-000,br:municipality:3107901,served_by,true
37615-000,br:municipality:3165578,served_by,true
37620-000,br:municipality:3143807,served_by,true
37630-000,br:municipality:3169109,served_by,true
37640-000,br:municipality:3125101,served_by,true
37650-000,br:municipality:3110509,served_by,true
37655-000,br:municipality:3133600,served_by,true
37660-000,br:municipality:3147303,served_by,true
37670-000,br:municipality:3118502,served_by,true
37680-000,br:municipality:3127404,served_by,true
37690-000,br:municipality:3165404,served_by,true
37700-000,br:municipality:3151800,served_by,true
37720-000,br:municipality:3108404,served_by,true
37730-000,br:municipality:3111002,served_by,true
37740-000,br:municipality:3105301,served_by,true
37750-000,br:municipality:3139003,served_by,true
37757-000,br:municipality:3151701,served_by,true
37760-000,br:municipality:3114709,served_by,true
37775-000,br:municipality:3159209,served_by,true
37780-000,br:municipality:3110301,served_by,true
37790-000,br:municipality:3129905,served_by,true
37795-000,br:municipality:3102605,served_by,true
37800-000,br:municipality:3128709,served_by,true
37805-000,br:municipality:3136900,served_by,true
37810-000,br:municipality:3128303,served_by,true
37820-000,br:municipality:3104106,served_by,true
37855-000,br:municipality:3163904,served_by,true
37860-000,br:municipality:3145109,served_by,true
37880-000,br:municipality:3109501,served_by,true
37890-000,br:municipality:3144102,served_by,true
37900-000,br:municipality:3147907,served_by,true
37905-000,br:municipality:3126307,served_by,true
37910-000,br:municipality:3121209,served_by,true
37920-000,br:municipality:3162203,served_by,true
37922-000,br:municipality:3170602,served_by,true
37925-000,br:municipality:3151503,served_by,true
37926-000,br:municipality:3123403,served_by,true
37928-000,br:municipality:3164308,served_by,true
37930-000,br:municipality:3112802,served_by,true
37940-000,br:municipality:3101904,served_by,true
37945-000,br:municipality:3162948,served_by,true
37948-000,br:municipality:3107604,served_by,true
37950-000,br:municipality:3164704,served_by,true
37955-000,br:municipality:3132909,served_by,true
37958-000,br:municipality:3143203,served_by,true
37960-000,br:municipality:3165107,served_by,true
37965-000,br:municipality:3134806,served_by,true
37970-000,br:municipality:3152907,served_by,true
37975-000,br:municipality:3133758,served_by,true
37980-000,br:municipality:3115102,served_by,true
37990-000,br:municipality:3129707,served_by,true
37993-000,br:municipality:3112406,served_by,true
37997-000,br:municipality:3116407,served_by,true
38000-000,br:municipality:3170107,served_by,true
38108-000,br:municipality:3121258,served_by,true
38110-000,br:municipality:3100708,served_by,true
38120-000,br:municipality:3117306,served_by,true
38130-000,br:municipality:3111408,served_by,true
38140-000,br:municipality:3152808,served_by,true
38150-000,br:municipality:3171105,served_by,true
38160-000,br:municipality:3145000,served_by,true
38170-000,br:municipality:3149804,served_by,true
38175-000,br:municipality:3157708,served_by,true
38178-000,br:municipality:3149200,served_by,true
38180-000,br:municipality:3104007,served_by,true
38185-000,br:municipality:3168101,served_by,true
38190-000,br:municipality:3156908,served_by,true
38195-000,br:municipality:3118205,served_by,true
38200-000,br:municipality:3127107,served_by,true
38210-000,br:municipality:3150703,served_by,true
38220-000,br:municipality:3151602,served_by,true
38230-000,br:municipality:3127008,served_by,true
38240-000,br:municipality:3133402,served_by,true
38250-000,br:municipality:3116902,served_by,true
38260-000,br:municipality:3161304,served_by,true
38270-000,br:municipality:3111101,served_by,true
38280-000,br:municipality:3134400,served_by,true
38288-000,br:municipality:3170438,served_by,true
38290-000,br:municipality:3114550,served_by,true
38295-000,br:municipality:3138625,served_by,true
38300-000,br:municipality:3134202,served_by,true
38310-000,br:municipality:3129103,served_by,true
38320-000,br:municipality:3159803,served_by,true
38350-000,br:municipality:3131406,served_by,true
38360-000,br:municipality:3112604,served_by,true
38370-000,br:municipality:3109808,served_by,true
38380-000,br:municipality:3111804,served_by,true
38390-000,br:municipality:3115805,served_by,true
38400-000,br:municipality:3170206,served_by,true
38420-000,br:municipality:3142809,served_by,true
38430-000,br:municipality:3169604,served_by,true
38435-000,br:municipality:3103751,served_by,true
38440-000,br:municipality:3103504,served_by,true
38460-000,br:municipality:3115003,served_by,true
38470-000,br:municipality:3127909,served_by,true
38490-000,br:municipality:3130705,served_by,true
38500-000,br:municipality:3143104,served_by,true
38510-000,br:municipality:3131604,served_by,true
38520-000,br:municipality:3156403,served_by,true
38525-000,br:municipality:3124807,served_by,true
38530-000,br:municipality:3123502,served_by,true
38540-000,br:municipality:3100104,served_by,true
38550-000,br:municipality:3119302,served_by,true
38570-000,br:municipality:3128600,served_by,true
38600-000,br:municipality:3147006,served_by,true
38610-000,br:municipality:3170404,served_by,true
38625-000,br:municipality:3109451,served_by,true
38630-000,br:municipality:3170479,served_by,true
38640-000,br:municipality:3154457,served_by,true
38650-000,br:municipality:3108206,served_by,true
38654-000,br:municipality:3122470,served_by,true
38658-000,br:municipality:3144375,served_by,true
38660-000,br:municipality:3109303,served_by,true
38680-000,br:municipality:3104502,served_by,true
38690-000,br:municipality:3126208,served_by,true
38700-000,br:municipality:3148004,served_by,true
38720-000,br:municipality:3137502,served_by,true
38730-000,br:municipality:3128907,served_by,true
38735-000,br:municipality:3120706,served_by,true
38740-000,br:municipality:3148103,served_by,true
38750-000,br:municipality:3153400,served_by,true
38755-000,br:municipality:3137536,served_by,true
38760-000,br:municipality:3166808,served_by,true
38770-000,br:municipality:3136306,served_by,true
38779-000,br:municipality:3108552,served_by,true
38780-000,br:municipality:3171006,served_by,true
38785-000,br:municipality:3137106,served_by,true
38790-000,br:municipality:3161700,served_by,true
38794-000,br:municipality:3170750,served_by,true
38800-000,br:municipality:3162104,served_by,true
38805-000,br:municipality:3159704,served_by,true
38810-000,br:municipality:3155504,served_by,true
38840-000,br:municipality:3114303,served_by,true
38860-000,br:municipality:3103801,served_by,true
38870-000,br:municipality:3141207,served_by,true
38880-000,br:municipality:3168903,served_by,true
38900-000,br:municipality:3105103,served_by,true
38910-000,br:municipality:3130309,served_by,true
38930-000,br:municipality:3141306,served_by,true
38950-000,br:municipality:3129509,served_by,true
38960-000,br:municipality:3153004,served_by,true
38970-000,br:municipality:3111507,served_by,true
38980-000,br:municipality:3168200,served_by,true
38990-000,br:municipality:3119807,served_by,true
39100-000,br:municipality:3121605,served_by,true
39120-000,br:municipality:3127602,served_by,true
39130-000,br:municipality:3121001,served_by,true
39135-000,br:municipality:3153301,served_by,true
39140-000,br:municipality:3102407,served_by,true
39150-000,br:municipality:3167103,served_by,true
39160-000,br:municipality:3160207,served_by,true
39165-000,br:municipality:3166501,served_by,true
39170-000,br:municipality:3156007,served_by,true
39180-000,br:municipality:3125408,served_by,true
39185-000,br:municipality:3125507,served_by,true
39188-000,br:municipality:3120102,served_by,true
39190-000,br:municipality:3165909,served_by,true
39200-000,br:municipality:3119104,served_by,true
39205-000,br:municipality:3169356,served_by,true
39210-000,br:municipality:3160603,served_by,true
39215-000,br:municipality:3142502,served_by,true
39220-000,br:municipality:3104809,served_by,true
39230-000,br:municipality:3109204,served_by,true
39240-000,br:municipality:3136405,served_by,true
39250-000,br:municipality:3138104,served_by,true
39260-000,br:municipality:3170800,served_by,true
39270-000,br:municipality:3151206,served_by,true
39280-000,br:municipality:3109402,served_by,true
39290-000,br:municipality:3164209,served_by,true
39295-000,br:municipality:3157609,served_by,true
39300-000,br:municipality:3161106,served_by,true
39314-000,br:municipality:3116159,served_by,true
39315-000,br:municipality:3170529,served_by,true
39317-000,br:municipality:3150570,served_by,true
39318-000,br:municipality:3130051,served_by,true
39320-000,br:municipality:3170008,served_by,true
39328-000,br:municipality:3152131,served_by,true
39330-000,br:municipality:3108602,served_by,true
39335-000,br:municipality:3135357,served_by,true
39336-000,br:municipality:3138682,served_by,true
39338-000,br:municipality:3111150,served_by,true
39340-000,br:municipality:3118809,served_by,true
39350-000,br:municipality:3129608,served_by,true
39355-000,br:municipality:3162252,served_by,true
39360-000,br:municipality:3137304,served_by,true
39365-000,br:municipality:3162658,served_by,true
39370-000,br:municipality:3135605,served_by,true
39380-000,br:municipality:3116506,served_by,true
39387-000,br:municipality:3126604,served_by,true
39390-000,br:municipality:3107307,served_by,true
39397-000,br:municipality:3128253,served_by,true
39398-000,br:municipality:3145455,served_by,true
39400-000,br:municipality:3143302,served_by,true
39417-000,br:municipality:3123809,served_by,true
39420-000,br:municipality:3142007,served_by,true
39425-000,br:municipality:3147956,served_by,true
39430-000,br:municipality:3162401,served_by,true
39437-000,br:municipality:3138658,served_by,true
39440-000,br:municipality:3135100,served_by,true
39445-000,br:municipality:3112703,served_by,true
39450-000,br:municipality:3170909,served_by,true
39455-000,br:municipality:3129657,served_by,true
39458-000,br:municipality:3171030,served_by,true
39460-000,br:municipality:3139300,served_by,true
39465-000,br:municipality:3142254,served_by,true
39467-000,br:municipality:3136959,served_by,true
39470-000,br:municipality:3132107,served_by,true
39475-000,br:municipality:3162450,served_by,true
39478-000,br:municipality:3140852,served_by,true
39480-000,br:municipality:3135209,served_by,true
39489-000,br:municipality:3117836,served_by,true
39490-000,br:municipality:3108255,served_by,true
39492-000,br:municipality:3149150,served_by,true
39495-000,br:municipality:3142700,served_by,true
39500-000,br:municipality:3142908,served_by,true
39505-000,br:municipality:3127339,served_by,true
39508-000,br:municipality:3135050,served_by,true
39510-000,br:municipality:3124302,served_by,true
39516-000,br:municipality:3139250,served_by,true
39517-000,br:municipality:3146552,served_by,true
39518-000,br:municipality:3166956,served_by,true
39520-000,br:municipality:3152204,served_by,true
39525-000,br:municipality:3145059,served_by,true
39526-000,br:municipality:3115474,served_by,true
39527-000,br:municipality:3141009,served_by,true
39529-000,br:municipality:3154507,served_by,true
39530-000,br:municipality:3155603,served_by,true
39535-000,br:municipality:3170651,served_by,true
39536-000,br:municipality:3130655,served_by,true
39538-000,br:municipality:3160454,served_by,true
39540-000,br:municipality:3162708,served_by,true
39547-000,br:municipality:3143450,served_by,true
39550-000,br:municipality:3168002,served_by,true
39553-000,br:municipality:3144656,served_by,true
39555-000,br:municipality:3106655,served_by,true
39558-000,br:municipality:3127073,served_by,true
39560-000,br:municipality:3157005,served_by,true
39563-000,br:municipality:3157377,served_by,true
39565-000,br:municipality:3156502,served_by,true
39568-000,br:municipality:3145372,served_by,true
39570-000,br:municipality:3127800,served_by,true
39573-000,br:municipality:3146255,served_by,true
39575-000,br:municipality:3136579,served_by,true
39580-000,br:municipality:3126703,served_by,true
39590-000,br:municipality:3136801,served_by,true
39592-000,br:municipality:3127354,served_by,true
39594-000,br:municipality:3132008,served_by,true
39596-000,br:municipality:3108503,served_by,true
39598-000,br:municipality:3120300,served_by,true
39600-000,br:municipality:3103405,served_by,true
39610-000,br:municipality:3134004,served_by,true
39615-000,br:municipality:3152170,served_by,true
39620-000,br:municipality:3141405,served_by,true
39625-000,br:municipality:3133303,served_by,true
39628-000,br:municipality:3117009,served_by,true
39630-000,br:municipality:3171600,served_by,true
39635-000,br:municipality:3119500,served_by,true
39640-000,br:municipality:3106507,served_by,true
39642-000,br:municipality:3136520,served_by,true
39644-000,br:municipality:3126505,served_by,true
39645-000,br:municipality:3135456,served_by,true
39648-000,br:municipality:3116100,served_by,true
39650-000,br:municipality:3141801,served_by,true
39655-000,br:municipality:3138351,served_by,true
39660-000,br:municipality:3169703,served_by,true
39663-000,br:municipality:3171071,served_by,true
39665-000,br:municipality:3113503,served_by,true
39670-000,br:municipality:3132503,served_by,true
39678-000,br:municipality:3104452,served_by,true
39680-000,br:municipality:3112307,served_by,true
39685-000,br:municipality:3102852,served_by,true
39688-000,br:municipality:3165552,served_by,true
39690-000,br:municipality:3139201,served_by,true
39695-000,br:municipality:3126752,served_by,true
39700-000,br:municipality:3148608,served_by,true
39703-000,br:municipality:3112059,served_by,true
39705-000,br:municipality:3162807,served_by,true
39707-000,br:municipality:3163508,served_by,true
39708-000,br:municipality:3126950,served_by,true
39710-000,br:municipality:3119203,served_by,true
39715-000,br:municipality:3171907,served_by,true
39718-000,br:municipality:3144201,served_by,true
39720-000,br:municipality:3127503,served_by,true
39723-000,br:municipality:3161601,served_by,true
39725-000,br:municipality:3157500,served_by,true
39728-000,br:municipality:3165503,served_by,true
39730-000,br:municipality:3171808,served_by,true
39735-000,br:municipality:3122207,served_by,true
39740-000,br:municipality:3128006,served_by,true
39745-000,br:municipality:3166105,served_by,true
39750-000,br:municipality:3156809,served_by,true
39755-000,br:municipality:3140605,served_by,true
39765-000,br:municipality:3148400,served_by,true
39770-000,br:municipality:3116803,served_by,true
39775-000,br:municipality:3136553,served_by,true
39780-000,br:municipality:3158201,served_by,true
39784-000,br:municipality:3164100,served_by,true
39785-000,br:municipality:3163003,served_by,true
39790-000,br:municipality:3100609,served_by,true
39795-000,br:municipality:3164506,served_by,true
39800-000,br:municipality:3168606,served_by,true
39810-000,br:municipality:3113008,served_by,true
39814-000,br:municipality:3148509,served_by,true
39815-000,br:municipality:3132305,served_by,true
39816-000,br:municipality:3115458,served_by,true
39817-000,br:municipality:3145356,served_by,true
39818-000,br:municipality:3146305,served_by,true
39820-000,br:municipality:3145307,served_by,true
39825-000,br:municipality:3137007,served_by,true
39827-000,br:municipality:3152402,served_by,true
39830-000,br:municipality:3132701,served_by,true
39835-000,br:municipality:3110806,served_by,true
39837-000,br:municipality:3135076,served_by,true
39840-000,br:municipality:3126802,served_by,true
39848-000,br:municipality:3163300,served_by,true
39850-000,br:municipality:3104700,served_by,true
39855-000,br:municipality:3146206,served_by,true
39860-000,br:municipality:3144300,served_by,true
39864-000,br:municipality:3113701,served_by,true
39868-000,br:municipality:3166709,served_by,true
39870-000,br:municipality:3127057,served_by,true
39873-000,br:municipality:3138906,served_by,true
39874-000,br:municipality:3157658,served_by,true
39875-000,br:municipality:3106606,served_by,true
39878-000,br:municipality:3170305,served_by,true
39880-000,br:municipality:3100906,served_by,true
39885-000,br:municipality:3120151,served_by,true
39890-000,br:municipality:3136009,served_by,true
39893-000,br:municipality:3143153,served_by,true
39895-000,br:municipality:3125606,served_by,true
39900-000,br:municipality:3101706,served_by,true
39912-000,br:municipality:3122454,served_by,true
39915-000,br:municipality:3140555,served_by,true
39917-000,br:municipality:3105202,served_by,true
39920-000,br:municipality:3136504,served_by,true
39925-000,br:municipality:3157104,served_by,true
39928-000,br:municipality:3158102,served_by,true
39930-000,br:municipality:3134707,served_by,true
39935-000,br:municipality:3160306,served_by,true
39940-000,br:municipality:3155108,served_by,true
39945-000,br:municipality:3146750,served_by,true
39950-000,br:municipality:3156601,served_by,true
39960-000,br:municipality:3135803,served_by,true
39970-000,br:municipality:3148707,served_by,true
39980-000,br:municipality:3102704,served_by,true
39990-000,br:municipality:3101003,served_by,true
39995-000,br:municipality:3122355,served_by,true
39998-000,br:municipality:3120870,served_by,true
40000-000,br:municipality:2927408,served_by,true
42600-000,br:municipality:2919926,served_by,true
42700-000,br:municipality:2919207,served_by,true
42800-000,br:municipality:2905701,served_by,true
42850-000,br:municipality:2910057,served_by,true
43700-000,br:municipality:2930709,served_by,true
43800-000,br:municipality:2906501,served_by,true
43850-000,br:municipality:2929503,served_by,true
43900-000,br:municipality:2929206,served_by,true
44000-000,br:municipality:2910800,served_by,true
44150-000,br:municipality:2927507,served_by,true
44160-000,br:municipality:2931103,served_by,true
44180-000,br:municipality:2901700,served_by,true
44190-000,br:municipality:2928802,served_by,true
44200-000,br:municipality:2928604,served_by,true
44220-000,br:municipality:2929750,served_by,true
44230-000,br:municipality:2901106,served_by,true
44245-000,br:municipality:2908507,served_by,true
44250-000,br:municipality:2908903,served_by,true
44255-000,br:municipality:2914505,served_by,true
44260-000,br:municipality:2928307,served_by,true
44270-000,br:municipality:2931707,served_by,true
44280-000,br:municipality:2931400,served_by,true
44300-000,br:municipality:2904902,served_by,true
44320-000,br:municipality:2908200,served_by,true
44330-000,br:municipality:2929305,served_by,true
44340-000,br:municipality:2922300,served_by,true
44345-000,br:municipality:2904852,served_by,true
44350-000,br:municipality:2911600,served_by,true
44360-000,br:municipality:2929008,served_by,true
44380-000,br:municipality:2909802,served_by,true
44400-000,br:municipality:2922508,served_by,true
44420-000,br:municipality:2920601,served_by,true
44450-000,br:municipality:2927309,served_by,true
44460-000,br:municipality:2916104,served_by,true
44470-000,br:municipality:2933208,served_by,true
44480-000,br:municipality:2917805,served_by,true
44490-000,br:municipality:2902302,served_by,true
44500-000,br:municipality:2907301,served_by,true
44520-000,br:municipality:2925956,served_by,true
44530-000,br:municipality:2929602,served_by,true
44540-000,br:municipality:2908309,served_by,true
44550-000,br:municipality:2929107,served_by,true
44560-000,br:municipality:2910206,served_by,true
44565-000,br:municipality:2933174,served_by,true
44570-000,br:municipality:2928703,served_by,true
44575-000,br:municipality:2922201,served_by,true
44580-000,br:municipality:2929404,served_by,true
44590-000,br:municipality:2928505,served_by,true
44600-000,br:municipality:2914000,served_by,true
44610-000,br:municipality:2924652,served_by,true
44620-000,br:municipality:2902609,served_by,true
44630-000,br:municipality:2920106,served_by,true
44635-000,br:municipality:2933059,served_by,true
44640-000,br:municipality:2926301,served_by,true
44642-000,br:municipality:2922730,served_by,true
44645-000,br:municipality:2906857,served_by,true
44650-000,br:municipality:2911253,served_by,true
44655-000,br:municipality:2924058,served_by,true
44660-000,br:municipality:2930402,served_by,true
44670-000,br:municipality:2901502,served_by,true
44680-000,br:municipality:2913804,served_by,true
44690-000,br:municipality:2933158,served_by,true
44695-000,br:municipality:2906873,served_by,true
44698-000,br:municipality:2929370,served_by,true
44700-000,br:municipality:2917508,served_by,true
44710-000,br:municipality:2930600,served_by,true
44713-000,br:municipality:2925931,served_by,true
44715-000,br:municipality:2933109,served_by,true
44718-000,br:municipality:2923357,served_by,true
44720-000,br:municipality:2921203,served_by,true
44730-000,br:municipality:2905107,served_by,true
44740-000,br:municipality:2929800,served_by,true
44745-000,br:municipality:2921401,served_by,true
44750-000,br:municipality:2905503,served_by,true
44755-000,br:municipality:2925253,served_by,true
44770-000,br:municipality:2924603,served_by,true
44775-000,br:municipality:2910859,served_by,true
44780-000,br:municipality:2901809,served_by,true
44790-000,br:municipality:2906006,served_by,true
44798-000,br:municipality:2932457,served_by,true
44800-000,br:municipality:2922102,served_by,true
44830-000,br:municipality:2924801,served_by,true
44840-000,br:municipality:2931301,served_by,true
44850-000,br:municipality:2921708,served_by,true
44880-000,br:municipality:2905305,served_by,true
44885-000,br:municipality:2922052,served_by,true
44890-000,br:municipality:2906204,served_by,true
44895-000,br:municipality:2903235,served_by,true
44900-000,br:municipality:2914604,served_by,true
44905-000,br:municipality:2919157,served_by,true
44910-000,br:municipality:2901155,served_by,true
44915-000,br:municipality:2929255,served_by,true
44920-000,br:municipality:2918357,served_by,true
44925-000,br:municipality:2918506,served_by,true
44930-000,br:municipality:2925600,served_by,true
44940-000,br:municipality:2907608,served_by,true
44950-000,br:municipality:2932408,served_by,true
44960-000,br:municipality:2913101,served_by,true
44970-000,br:municipality:2912400,served_by,true
44990-000,br:municipality:2903003,served_by,true
45000-000,br:municipality:2933307,served_by,true
45120-000,br:municipality:2902906,served_by,true
45130-000,br:municipality:2904803,served_by,true
45140-000,br:municipality:2915809,served_by,true
45150-000,br:municipality:2910404,served_by,true
45155-000,br:municipality:2926657,served_by,true
45157-000,br:municipality:2906709,served_by,true
45160-000,br:municipality:2903508,served_by,true
45170-000,br:municipality:2931806,served_by,true
45177-000,br:municipality:2906899,served_by,true
45180-000,br:municipality:2901205,served_by,true
45190-000,br:municipality:2925006,served_by,true
45200-000,br:municipality:2918001,served_by,true
45215-000,br:municipality:2918704,served_by,true
45220-000,br:municipality:2900603,served_by,true
45225-000,br:municipality:2918308,served_by,true
45230-000,br:municipality:2915106,served_by,true
45240-000,br:municipality:2920403,served_by,true
45250-000,br:municipality:2903706,served_by,true
45255-000,br:municipality:2921450,served_by,true
45260-000,br:municipality:2925105,served_by,true
45263-000,br:municipality:2903953,served_by,true
45265-000,br:municipality:2905156,served_by,true
45270-000,br:municipality:2922706,served_by,true
45280-000,br:municipality:2913507,served_by,true
45290-000,br:municipality:2912301,served_by,true
45300-000,br:municipality:2901007,served_by,true
45305-000,br:municipality:2910305,served_by,true
45310-000,br:municipality:2932101,served_by,true
45315-000,br:municipality:2921302,served_by,true
45320-000,br:municipality:2927903,served_by,true
45325-000,br:municipality:2904308,served_by,true
45330-000,br:municipality:2909505,served_by,true
45340-000,br:municipality:2916708,served_by,true
45345-000,br:municipality:2917607,served_by,true
45350-000,br:municipality:2916906,served_by,true
45355-000,br:municipality:2901957,served_by,true
45360-000,br:municipality:2920502,served_by,true
45365-000,br:municipality:2919058,served_by,true
45370-000,br:municipality:2914208,served_by,true
45375-000,br:municipality:2924900,served_by,true
45390-000,br:municipality:2922805,served_by,true
45400-000,br:municipality:2932903,served_by,true
45416-000,br:municipality:2925758,served_by,true
45420-000,br:municipality:2905404,served_by,true
45430-000,br:municipality:2931202,served_by,true
45435-000,br:municipality:2917300,served_by,true
45436-000,br:municipality:2924678,served_by,true
45440-000,br:municipality:2922607,served_by,true
45443-000,br:municipality:2913457,served_by,true
45445-000,br:municipality:2905800,served_by,true
45450-000,br:municipality:2911204,served_by,true
45452-000,br:municipality:2922755,served_by,true
45455-000,br:municipality:2915700,served_by,true
45460-000,br:municipality:2933505,served_by,true
45465-000,br:municipality:2931608,served_by,true
45470-000,br:municipality:2918209,served_by,true
45480-000,br:municipality:2922409,served_by,true
45490-000,br:municipality:2918803,served_by,true
45500-000,br:municipality:2912707,served_by,true
45520-000,br:municipality:2920700,served_by,true
45530-000,br:municipality:2914901,served_by,true
45540-000,br:municipality:2911501,served_by,true
45545-000,br:municipality:2932200,served_by,true
45550-000,br:municipality:2932309,served_by,true
45560-000,br:municipality:2903102,served_by,true
45570-000,br:municipality:2913903,served_by,true
45580-000,br:municipality:2912905,served_by,true
45585-000,br:municipality:2915205,served_by,true
45590-000,br:municipality:2910008,served_by,true
45600-000,br:municipality:2914802,served_by,true
45610-000,br:municipality:2918555,served_by,true
45615-000,br:municipality:2904704,served_by,true
45620-000,br:municipality:2929354,served_by,true
45625-000,br:municipality:2903300,served_by,true
45630-000,br:municipality:2915502,served_by,true
45638-000,br:municipality:2908002,served_by,true
45640-000,br:municipality:2900900,served_by,true
45645-000,br:municipality:2916609,served_by,true
45650-000,br:municipality:2913606,served_by,true
45675-000,br:municipality:2902401,served_by,true
45680-000,br:municipality:2932705,served_by,true
45690-000,br:municipality:2932507,served_by,true
45695-000,br:municipality:2902252,served_by,true
45700-000,br:municipality:2916401,served_by,true
45710-000,br:municipality:2917102,served_by,true
45720-000,br:municipality:2910909,served_by,true
45725-000,br:municipality:2927804,served_by,true
45730-000,br:municipality:2915403,served_by,true
45740-000,br:municipality:2911006,served_by,true
45745-000,br:municipality:2912103,served_by,true
45750-000,br:municipality:2916203,served_by,true
45760-000,br:municipality:2919702,served_by,true
45770-000,br:municipality:2920007,served_by,true
45780-000,br:municipality:2916807,served_by,true
45790-000,br:municipality:2925402,served_by,true
45800-000,br:municipality:2903409,served_by,true
45807-000,br:municipality:2927705,served_by,true
45810-000,br:municipality:2925303,served_by,true
45820-000,br:municipality:2910727,served_by,true
45834-000,br:municipality:2918456,served_by,true
45836-000,br:municipality:2915601,served_by,true
45840-000,br:municipality:2911808,served_by,true
45848-000,br:municipality:2914653,served_by,true
45850-000,br:municipality:2915304,served_by,true
45855-000,br:municipality:2916302,served_by,true
45860-000,br:municipality:2906303,served_by,true
45865-000,br:municipality:2928059,served_by,true
45870-000,br:municipality:2920908,served_by,true
45880-000,br:municipality:2905602,served_by,true
45890-000,br:municipality:2923902,served_by,true
45900-000,br:municipality:2906907,served_by,true
45920-000,br:municipality:2923001,served_by,true
45930-000,br:municipality:2922003,served_by,true
45940-000,br:municipality:2912806,served_by,true
45950-000,br:municipality:2918902,served_by,true
45955-000,br:municipality:2933257,served_by,true
45960-000,br:municipality:2921104,served_by,true
45970-000,br:municipality:2916005,served_by,true
45980-000,br:municipality:2925501,served_by,true
45990-000,br:municipality:2900801,served_by,true
45995-000,br:municipality:2931350,served_by,true
46100-000,br:municipality:2904605,served_by,true
46110-000,br:municipality:2920304,served_by,true
46130-000,br:municipality:2902005,served_by,true
46140-000,br:municipality:2919504,served_by,true
46165-000,br:municipality:2910107,served_by,true
46170-000,br:municipality:2926707,served_by,true
46180-000,br:municipality:2900504,served_by,true
46190-000,br:municipality:2923605,served_by,true
46200-000,br:municipality:2908705,served_by,true
46205-000,br:municipality:2911659,served_by,true
46220-000,br:municipality:2926806,served_by,true
46250-000,br:municipality:2925709,served_by,true
46255-000,br:municipality:2919959,served_by,true
46270-000,br:municipality:2924702,served_by,true
46280-000,br:municipality:2909000,served_by,true
46290-000,br:municipality:2921807,served_by,true
46300-000,br:municipality:2905008,served_by,true
46310-000,br:municipality:2917409,served_by,true
46330-000,br:municipality:2919405,served_by,true
46350-000,br:municipality:2932606,served_by,true
46360-000,br:municipality:2924504,served_by,true
46380-000,br:municipality:2906600,served_by,true
46390-000,br:municipality:2912004,served_by,true
46400-000,br:municipality:2905206,served_by,true
46425-000,br:municipality:2918753,served_by,true
46430-000,br:municipality:2911709,served_by,true
46438-000,br:municipality:2917334,served_by,true
46440-000,br:municipality:2920205,served_by,true
46445-000,br:municipality:2907103,served_by,true
46446-000,br:municipality:2910776,served_by,true
46450-000,br:municipality:2930006,served_by,true
46460-000,br:municipality:2923407,served_by,true
46470-000,br:municipality:2926400,served_by,true
46480-000,br:municipality:2921054,served_by,true
46490-000,br:municipality:2913408,served_by,true
46500-000,br:municipality:2919801,served_by,true
46530-000,br:municipality:2904100,served_by,true
46540-000,br:municipality:2912509,served_by,true
46550-000,br:municipality:2926905,served_by,true
46570-000,br:municipality:2904209,served_by,true
46575-000,br:municipality:2907558,served_by,true
46580-000,br:municipality:2931053,served_by,true
46600-000,br:municipality:2931004,served_by,true
46620-000,br:municipality:2908804,served_by,true
46640-000,br:municipality:2917201,served_by,true
46650-000,br:municipality:2902807,served_by,true
46670-000,br:municipality:2918605,served_by,true
46690-000,br:municipality:2900108,served_by,true
46700-000,br:municipality:2913002,served_by,true
46730-000,br:municipality:2923035,served_by,true
46740-000,br:municipality:2904001,served_by,true
46750-000,br:municipality:2921906,served_by,true
46760-000,br:municipality:2912202,served_by,true
46765-000,br:municipality:2924306,served_by,true
46770-000,br:municipality:2914307,served_by,true
46780-000,br:municipality:2920809,served_by,true
46790-000,br:municipality:2915007,served_by,true
46800-000,br:municipality:2927200,served_by,true
46805-000,br:municipality:2919603,served_by,true
46810-000,br:municipality:2932804,served_by,true
46820-000,br:municipality:2904050,served_by,true
46825-000,br:municipality:2919009,served_by,true
46830-000,br:municipality:2901304,served_by,true
46835-000,br:municipality:2922854,served_by,true
46840-000,br:municipality:2912608,served_by,true
46850-000,br:municipality:2903805,served_by,true
46860-000,br:municipality:2911907,served_by,true
46875-000,br:municipality:2916856,served_by,true
46880-000,br:municipality:2914703,served_by,true
46900-000,br:municipality:2929909,served_by,true
46930-000,br:municipality:2923506,served_by,true
46960-000,br:municipality:2919306,served_by,true
46970-000,br:municipality:2933406,served_by,true
46980-000,br:municipality:2914406,served_by,true
46990-000,br:municipality:2930808,served_by,true
47100-000,br:municipality:2902708,served_by,true
47115-000,br:municipality:2922250,served_by,true
47120-000,br:municipality:2904753,served_by,true
47150-000,br:municipality:2928406,served_by,true
47160-000,br:municipality:2920452,served_by,true
47200-000,br:municipality:2926004,served_by,true
47220-000,br:municipality:2905909,served_by,true
47240-000,br:municipality:2924405,served_by,true
47300-000,br:municipality:2907202,served_by,true
47350-000,br:municipality:2930204,served_by,true
47400-000,br:municipality:2933604,served_by,true
47440-000,br:municipality:2915353,served_by,true
47450-000,br:municipality:2911303,served_by,true
47500-000,br:municipality:2923704,served_by,true
47520-000,br:municipality:2913200,served_by,true
47530-000,br:municipality:2923209,served_by,true
47560-000,br:municipality:2904506,served_by,true
47580-000,br:municipality:2921609,served_by,true
47590-000,br:municipality:2914109,served_by,true
47600-000,br:municipality:2903904,served_by,true
47610-000,br:municipality:2930758,served_by,true
47630-000,br:municipality:2930154,served_by,true
47640-000,br:municipality:2928109,served_by,true
47650-000,br:municipality:2909307,served_by,true
47655-000,br:municipality:2917359,served_by,true
47665-000,br:municipality:2929057,served_by,true
47680-000,br:municipality:2908101,served_by,true
47690-000,br:municipality:2909109,served_by,true
47700-000,br:municipality:2928208,served_by,true
47730-000,br:municipality:2906105,served_by,true
47740-000,br:municipality:2930303,served_by,true
47750-000,br:municipality:2904407,served_by,true
47760-000,br:municipality:2930907,served_by,true
47800-000,br:municipality:2903201,served_by,true
47815-000,br:municipality:2907400,served_by,true
47820-000,br:municipality:2928901,served_by,true
47830-000,br:municipality:2902500,served_by,true
47900-000,br:municipality:2909406,served_by,true
47940-000,br:municipality:2933455,served_by,true
47950-000,br:municipality:2909703,served_by,true
47960-000,br:municipality:2901403,served_by,true
47970-000,br:municipality:2926202,served_by,true
47990-000,br:municipality:2911105,served_by,true
48000-000,br:municipality:2900702,served_by,true
48108-000,br:municipality:2902054,served_by,true
48110-000,br:municipality:2907509,served_by,true
48120-000,br:municipality:2925204,served_by,true
48130-000,br:municipality:2902203,served_by,true
48140-000,br:municipality:2924108,served_by,true
48150-000,br:municipality:2923308,served_by,true
48170-000,br:municipality:2900405,served_by,true
48180-000,br:municipality:2910503,served_by,true
48280-000,br:municipality:2921005,served_by,true
48290-000,br:municipality:2915908,served_by,true
48300-000,br:municipality:2908606,served_by,true
48310-000,br:municipality:2917904,served_by,true
48330-000,br:municipality:2927002,served_by,true
48350-000,br:municipality:2901908,served_by,true
48360-000,br:municipality:2900306,served_by,true
48370-000,br:municipality:2910602,served_by,true
48390-000,br:municipality:2907004,served_by,true
48400-000,br:municipality:2926608,served_by,true
48405-000,br:municipality:2902658,served_by,true
48410-000,br:municipality:2907806,served_by,true
48415-000,br:municipality:2910750,served_by,true
48420-000,br:municipality:2901601,served_by,true
48430-000,br:municipality:2923803,served_by,true
48435-000,br:municipality:2900355,served_by,true
48440-000,br:municipality:2926509,served_by,true
48445-000,br:municipality:2911857,served_by,true
48450-000,br:municipality:2907905,served_by,true
48455-000,br:municipality:2923050,served_by,true
48460-000,br:municipality:2922904,served_by,true
48470-000,br:municipality:2923100,served_by,true
48475-000,br:municipality:2916500,served_by,true
48480-000,br:municipality:2909604,served_by,true
48485-000,br:municipality:2929701,served_by,true
48490-000,br:municipality:2913705,served_by,true
48500-000,br:municipality:2910701,served_by,true
48520-000,br:municipality:2906824,served_by,true
48540-000,br:municipality:2918100,served_by,true
48565-000,br:municipality:2930766,served_by,true
48570-000,br:municipality:2927606,served_by,true
48580-000,br:municipality:2924207,served_by,true
48590-000,br:municipality:2909208,served_by,true
48600-000,br:municipality:2924009,served_by,true
48610-000,br:municipality:2911402,served_by,true
48630-000,br:municipality:2927101,served_by,true
48650-000,br:municipality:2919900,served_by,true
48660-000,br:municipality:2907707,served_by,true
48680-000,br:municipality:2900207,served_by,true
48700-000,br:municipality:2930501,served_by,true
48710-000,br:municipality:2906402,served_by,true
48720-000,br:municipality:2919108,served_by,true
48725-000,br:municipality:2913309,served_by,true
48730-000,br:municipality:2908408,served_by,true
48750-000,br:municipality:2926103,served_by,true
48760-000,br:municipality:2902104,served_by,true
48770-000,br:municipality:2931509,served_by,true
48780-000,br:municipality:2903607,served_by,true
48790-000,br:municipality:2931905,served_by,true
48800-000,br:municipality:2921500,served_by,true
48830-000,br:municipality:2925907,served_by,true
48840-000,br:municipality:2906808,served_by,true
48850-000,br:municipality:2917003,served_by,true
48860-000,br:municipality:2925808,served_by,true
48870-000,br:municipality:2922656,served_by,true
48880-000,br:municipality:2928000,served_by,true
48890-000,br:municipality:2933000,served_by,true
48895-000,br:municipality:2928950,served_by,true
48900-000,br:municipality:2918407,served_by,true
48925-000,br:municipality:2930774,served_by,true
48930-000,br:municipality:2909901,served_by,true
48950-000,br:municipality:2932002,served_by,true
48960-000,br:municipality:2917706,served_by,true
48970-000,br:municipality:2930105,served_by,true
48990-000,br:municipality:2901353,served_by,true
49000-000,br:municipality:2800308,served_by,true
49100-000,br:municipality:2806701,served_by,true
49120-000,br:municipality:2803203,served_by,true
49130-000,br:municipality:2805901,served_by,true
49140-000,br:municipality:2800605,served_by,true
49160-000,br:municipality:2804805,served_by,true
49170-000,br:municipality:2803609,served_by,true
49180-000,br:municipality:2806602,served_by,true
49190-000,br:municipality:2805307,served_by,true
49200-000,br:municipality:2802106,served_by,true
49220-000,br:municipality:2800407,served_by,true
49230-000,br:municipality:2806305,served_by,true
49250-000,br:municipality:2802809,served_by,true
49260-000,br:municipality:2807600,served_by,true
49270-000,br:municipality:2801702,served_by,true
49280-000,br:municipality:2807501,served_by,true
49290-000,br:municipality:2803005,served_by,true
49300-000,br:municipality:2807402,served_by,true
49320-000,br:municipality:2805802,served_by,true
49350-000,br:municipality:2805109,served_by,true
49360-000,br:municipality:2800670,served_by,true
49390-000,br:municipality:2806206,served_by,true
49400-000,br:municipality:2803500,served_by,true
49480-000,br:municipality:2807105,served_by,true
49490-000,br:municipality:2805505,served_by,true
49500-000,br:municipality:2802908,served_by,true
49512-000,br:municipality:2805000,served_by,true
49514-000,br:municipality:2802304,served_by,true
49517-000,br:municipality:2805208,served_by,true
49520-000,br:municipality:2801009,served_by,true
49525-000,br:municipality:2806800,served_by,true
49530-000,br:municipality:2806008,served_by,true
49535-000,br:municipality:2807006,served_by,true
49540-000,br:municipality:2804458,served_by,true
49550-000,br:municipality:2801405,served_by,true
49560-000,br:municipality:2804102,served_by,true
49565-000,br:municipality:2803708,served_by,true
49570-000,br:municipality:2803906,served_by,true
49580-000,br:municipality:2800506,served_by,true
49600-000,br:municipality:2804607,served_by,true
49630-000,br:municipality:2807204,served_by,true
49640-000,br:municipality:2806503,served_by,true
49650-000,br:municipality:2802007,served_by,true
49660-000,br:municipality:2801900,served_by,true
49670-000,br:municipality:2802205,served_by,true
49680-000,br:municipality:2804508,served_by,true
49690-000,br:municipality:2804201,served_by,true
49700-000,br:municipality:2801306,served_by,true
49740-000,br:municipality:2801504,served_by,true
49750-000,br:municipality:2802502,served_by,true
49760-000,br:municipality:2806107,served_by,true
49770-000,br:municipality:2804003,served_by,true
49780-000,br:municipality:2804300,served_by,true
49790-000,br:municipality:2800209,served_by,true
49800-000,br:municipality:2805604,served_by,true
49810-000,br:municipality:2805406,served_by,true
49820-000,br:municipality:2801207,served_by,true
49830-000,br:municipality:2802403,served_by,true
49860-000,br:municipality:2802601,served_by,true
49870-000,br:municipality:2803104,served_by,true
49880-000,br:municipality:2801108,served_by,true
49890-000,br:municipality:2804706,served_by,true
49900-000,br:municipality:2805703,served_by,true
49910-000,br:municipality:2807303,served_by,true
49920-000,br:municipality:2800100,served_by,true
49930-000,br:municipality:2801603,served_by,true
49940-000,br:municipality:2803807,served_by,true
49945-000,br:municipality:2806909,served_by,true
49950-000,br:municipality:2803401,served_by,true
49960-000,br:municipality:2803302,served_by,true
49970-000,br:municipality:2804904,served_by,true
49980-000,br:municipality:2804409,served_by,true
49985-000,br:municipality:2806404,served_by,true
49990-000,br:municipality:2802700,served_by,true
49995-000,br:municipality:2800704,served_by,true
50000-000,br:municipality:2611606,served_by,true
53000-000,br:municipality:2609600,served_by,true
53400-000,br:municipality:2610707,served_by,true
53500-000,br:municipality:2600054,served_by,true
53600-000,br:municipality:2606804,served_by,true
53690-000,br:municipality:2601052,served_by,true
53700-000,br:municipality:2607752,served_by,true
53900-000,br:municipality:2607604,served_by,true
53990-000,br:district:2605459,served_by,true
54000-000,br:municipality:2607901,served_by,true
54500-000,br:municipality:2602902,served_by,true
54700-000,br:municipality:2613701,served_by,true
54750-000,br:municipality:2603454,served_by,true
54800-000,br:municipality:2609402,served_by,true
55000-000,br:municipality:2604106,served_by,true
55120-000,br:municipality:2611705,served_by,true
55125-000,br:municipality:2615409,served_by,true
55130-000,br:municipality:2613107,served_by,true
55140-000,br:municipality:2614709,served_by,true
55150-000,br:municipality:2601706,served_by,true
55170-000,br:municipality:2602605,served_by,true
55180-000,br:municipality:2608008,served_by,true
55190-000,br:municipality:2612505,served_by,true
55200-000,br:municipality:2610905,served_by,true
55240-000,br:municipality:2611200,served_by,true
55250-000,br:municipality:2612406,served_by,true
55260-000,br:municipality:2600609,served_by,true
55270-000,br:municipality:2616001,served_by,true
55280-000,br:municipality:2610806,served_by,true
55290-000,br:municipality:2606002,served_by,true
55305-000,br:municipality:2615102,served_by,true
55310-000,br:municipality:2610103,served_by,true
55315-000,br:municipality:2604700,served_by,true
55320-000,br:municipality:2608602,served_by,true
55325-000,br:municipality:2602407,served_by,true
55330-000,br:municipality:2602100,served_by,true
55340-000,br:municipality:2600500,served_by,true
55345-000,br:municipality:2606507,served_by,true
55350-000,br:municipality:2612307,served_by,true
55355-000,br:municipality:2610301,served_by,true
55360-000,br:municipality:2603207,served_by,true
55365-000,br:municipality:2603801,served_by,true
55370-000,br:municipality:2613008,served_by,true
55375-000,br:municipality:2603306,served_by,true
55380-000,br:municipality:2603108,served_by,true
55385-000,br:municipality:2608800,served_by,true
55390-000,br:municipality:2606705,served_by,true
55395-000,br:municipality:2608305,served_by,true
55398-000,br:municipality:2608255,served_by,true
55400-000,br:municipality:2604205,served_by,true
55405-000,br:municipality:2609204,served_by,true
55409-000,br:municipality:2607950,served_by,true
55410-000,br:municipality:2612901,served_by,true
55415-000,br:municipality:2611507,served_by,true
55420-000,br:municipality:2603702,served_by,true
55430-000,br:municipality:2601003,served_by,true
55435-000,br:municipality:2613206,served_by,true
55440-000,br:municipality:2601508,served_by,true
55450-000,br:municipality:2608701,served_by,true
55460-000,br:municipality:2605004,served_by,true
55470-000,br:municipality:2610202,served_by,true
55480-000,br:municipality:2608404,served_by,true
55490-000,br:municipality:2600807,served_by,true
55495-000,br:municipality:2600302,served_by,true
55500-000,br:municipality:2605202,served_by,true
55510-000,br:municipality:2611408,served_by,true
55515-000,br:municipality:2600906,served_by,true
55520-000,br:municipality:2611804,served_by,true
55525-000,br:municipality:2604809,served_by,true
55530-000,br:municipality:2605905,served_by,true
55535-000,br:municipality:2608206,served_by,true
55540-000,br:municipality:2610004,served_by,true
55550-000,br:municipality:2600401,served_by,true
55555-000,br:municipality:2616506,served_by,true
55560-000,br:municipality:2601409,served_by,true
55565-000,br:municipality:2613404,served_by,true
55570-000,br:municipality:2611903,served_by,true
55578-000,br:municipality:2614857,served_by,true
55580-000,br:municipality:2614204,served_by,true
55590-000,br:municipality:2607208,served_by,true
55600-000,br:municipality:2616407,served_by,true
55620-000,br:municipality:2606101,served_by,true
55630-000,br:municipality:2611309,served_by,true
55636-000,br:municipality:2604502,served_by,true
55640-000,br:municipality:2606408,served_by,true
55650-000,br:municipality:2610509,served_by,true
55655-000,br:municipality:2604908,served_by,true
55660-000,br:municipality:2601904,served_by,true
55665-000,br:municipality:2603504,served_by,true
55670-000,br:municipality:2613305,served_by,true
55675-000,br:municipality:2612109,served_by,true
55680-000,br:municipality:2602308,served_by,true
55690-000,br:municipality:2601300,served_by,true
55695-000,br:municipality:2612000,served_by,true
55700-000,br:municipality:2608909,served_by,true
55715-000,br:municipality:2605400,served_by,true
55720-000,br:municipality:2608107,served_by,true
55730-000,br:municipality:2602209,served_by,true
55740-000,br:municipality:2609105,served_by,true
55745-000,br:municipality:2609709,served_by,true
55750-000,br:municipality:2614501,served_by,true
55755-000,br:municipality:2604155,served_by,true
55760-000,br:municipality:2616183,served_by,true
55765-000,br:municipality:2612703,served_by,true
55770-000,br:municipality:2616209,served_by,true
55780-000,br:municipality:2605806,served_by,true
55790-000,br:municipality:2615003,served_by,true
55800-000,br:municipality:2609501,served_by,true
55805-000,br:municipality:2615508,served_by,true
55810-000,br:municipality:2604007,served_by,true
55820-000,br:municipality:2608453,served_by,true
55825-000,br:municipality:2610608,served_by,true
55835-000,br:municipality:2604403,served_by,true
55840-000,br:municipality:2608503,served_by,true
55845-000,br:municipality:2602704,served_by,true
55850-000,br:municipality:2616308,served_by,true
55860-000,br:municipality:2613800,served_by,true
55865-000,br:municipality:2609006,served_by,true
55870-000,br:municipality:2615300,served_by,true
55880-000,br:municipality:2605509,served_by,true
55890-000,br:municipality:2600708,served_by,true
55900-000,br:municipality:2606200,served_by,true
55920-000,br:municipality:2607653,served_by,true
55930-000,br:municipality:2603603,served_by,true
55940-000,br:municipality:2604601,served_by,true
55950-000,br:municipality:2607802,served_by,true
56000-000,br:municipality:2612208,served_by,true
56120-000,br:municipality:2616100,served_by,true
56130-000,br:municipality:2604304,served_by,true
56140-000,br:municipality:2614006,served_by,true
56150-000,br:municipality:2614303,served_by,true
56160-000,br:municipality:2606309,served_by,true
56163-000,br:municipality:2610400,served_by,true
56170-000,br:municipality:2609808,served_by,true
56180-000,br:municipality:2603009,served_by,true
56190-000,br:municipality:2615201,served_by,true
56200-000,br:municipality:2609907,served_by,true
56210-000,br:municipality:2612554,served_by,true
56215-000,br:municipality:2612455,served_by,true
56220-000,br:municipality:2602001,served_by,true
56230-000,br:municipality:2605301,served_by,true
56250-000,br:municipality:2615607,served_by,true
56260-000,br:municipality:2607307,served_by,true
56280-000,br:municipality:2601102,served_by,true
56300-000,br:municipality:2611101,served_by,true
56355-000,br:municipality:2605152,served_by,true
56360-000,br:municipality:2600203,served_by,true
56380-000,br:municipality:2612604,served_by,true
56395-000,br:municipality:2608750,served_by,true
56400-000,br:municipality:2605707,served_by,true
56420-000,br:municipality:2603926,served_by,true
56430-000,br:municipality:2607406,served_by,true
56440-000,br:municipality:2601607,served_by,true
56460-000,br:municipality:2611002,served_by,true
56470-000,br:municipality:2608057,served_by,true
56480-000,br:municipality:2614808,served_by,true
56500-000,br:municipality:2601201,served_by,true
56520-000,br:municipality:2602803,served_by,true
56540-000,br:municipality:2615805,served_by,true
56550-000,br:municipality:2607505,served_by,true
56560-000,br:municipality:2607000,served_by,true
56565-000,br:municipality:2609154,served_by,true
56580-000,br:municipality:2606606,served_by,true
56600-000,br:municipality:2614105,served_by,true
56640-000,br:municipality:2605103,served_by,true
56670-000,br:municipality:2601805,served_by,true
56700-000,br:municipality:2613602,served_by,true
56720-000,br:municipality:2607703,served_by,true
56740-000,br:municipality:2602506,served_by,true
56750-000,br:municipality:2612802,served_by,true
56760-000,br:municipality:2615904,served_by,true
56780-000,br:municipality:2614600,served_by,true
56795-000,br:municipality:2614402,served_by,true
56800-000,br:municipality:2600104,served_by,true
56820-000,br:municipality:2603900,served_by,true
56828-000,br:municipality:2611533,served_by,true
56830-000,br:municipality:2607109,served_by,true
56840-000,br:municipality:2606903,served_by,true
56850-000,br:municipality:2605608,served_by,true
56870-000,br:municipality:2615706,served_by,true
56895-000,br:municipality:2612471,served_by,true
56900-000,br:municipality:2613909,served_by,true
56930-000,br:municipality:2603405,served_by,true
56950-000,br:municipality:2613503,served_by,true
56980-000,br:municipality:2609303,served_by,true
57000-000,br:municipality:2704302,served_by,true
57100-000,br:municipality:2707701,served_by,true
57120-000,br:municipality:2708907,served_by,true
57130-000,br:municipality:2707909,served_by,true
57140-000,br:municipality:2702207,served_by,true
57150-000,br:municipality:2706901,served_by,true
57160-000,br:municipality:2704708,served_by,true
57180-000,br:municipality:2700607,served_by,true
57200-000,br:municipality:2706703,served_by,true
57210-000,br:municipality:2706802,served_by,true
57220-000,br:municipality:2702702,served_by,true
57230-000,br:municipality:2702306,served_by,true
57240-000,br:municipality:2708600,served_by,true
57246-000,br:municipality:2707800,served_by,true
57250-000,br:municipality:2701407,served_by,true
57260-000,br:municipality:2704203,served_by,true
57265-000,br:municipality:2709152,served_by,true
57270-000,br:municipality:2704005,served_by,true
57275-000,br:municipality:2708808,served_by,true
57280-000,br:municipality:2703205,served_by,true
57290-000,br:municipality:2707503,served_by,true
57300-000,br:municipality:2700300,served_by,true
57320-000,br:municipality:2702355,served_by,true
57325-000,br:municipality:2702009,served_by,true
57330-000,br:municipality:2704104,served_by,true
57340-000,br:municipality:2702603,served_by,true
57350-000,br:municipality:2701506,served_by,true
57360-000,br:municipality:2702900,served_by,true
57370-000,br:municipality:2709202,served_by,true
57380-000,br:municipality:2708204,served_by,true
57390-000,br:municipality:2705903,served_by,true
57400-000,br:municipality:2706406,served_by,true
57410-000,br:municipality:2706208,served_by,true
57420-000,br:municipality:2700706,served_by,true
57425-000,br:municipality:2703700,served_by,true
57430-000,br:municipality:2703403,served_by,true
57435-000,br:municipality:2700904,served_by,true
57440-000,br:municipality:2705408,served_by,true
57442-000,br:municipality:2705705,served_by,true
57445-000,br:municipality:2708402,served_by,true
57460-000,br:municipality:2707107,served_by,true
57470-000,br:municipality:2705804,served_by,true
57475-000,br:municipality:2706422,served_by,true
57480-000,br:municipality:2702405,served_by,true
57490-000,br:municipality:2700102,served_by,true
57500-000,br:municipality:2708006,served_by,true
57510-000,br:municipality:2707206,served_by,true
57515-000,br:municipality:2708956,served_by,true
57520-000,br:municipality:2704609,served_by,true
57525-000,br:municipality:2706109,served_by,true
57530-000,br:municipality:2701605,served_by,true
57535-000,br:municipality:2701803,served_by,true
57540-000,br:municipality:2705002,served_by,true
57545-000,br:municipality:2703304,served_by,true
57550-000,br:municipality:2706000,served_by,true
57560-000,br:municipality:2702504,served_by,true
57570-000,br:municipality:2701209,served_by,true
57580-000,br:municipality:2704401,served_by,true
57600-000,br:municipality:2706307,served_by,true
57615-000,br:municipality:2705309,served_by,true
57620-000,br:municipality:2703106,served_by,true
57625-000,br:municipality:2702553,served_by,true
57630-000,br:municipality:2700805,served_by,true
57635-000,br:municipality:2709004,served_by,true
57640-000,br:municipality:2709103,served_by,true
57660-000,br:municipality:2700201,served_by,true
57670-000,br:municipality:2704807,served_by,true
57680-000,br:municipality:2701001,served_by,true
57690-000,br:municipality:2700409,served_by,true
57700-000,br:municipality:2709400,served_by,true
57720-000,br:municipality:2707008,served_by,true
57730-000,br:municipality:2704906,served_by,true
57740-000,br:municipality:2706604,served_by,true
57750-000,br:municipality:2707602,served_by,true
57760-000,br:municipality:2701902,served_by,true
57770-000,br:municipality:2701308,served_by,true
57780-000,br:municipality:2701704,served_by,true
57800-000,br:municipality:2709301,served_by,true
57820-000,br:municipality:2705507,served_by,true
57830-000,br:municipality:2701100,served_by,true
57840-000,br:municipality:2708105,served_by,true
57860-000,br:municipality:2708303,served_by,true
57890-000,br:municipality:2703007,served_by,true
57900-000,br:municipality:2707305,served_by,true
57910-000,br:municipality:2705101,served_by,true
57920-000,br:municipality:2708501,served_by,true
57925-000,br:municipality:2700508,served_by,true
57930-000,br:municipality:2706505,served_by,true
57935-000,br:municipality:2706448,served_by,true
57940-000,br:municipality:2708709,served_by,true
57945-000,br:municipality:2707404,served_by,true
57950-000,br:municipality:2703601,served_by,true
57955-000,br:municipality:2704500,served_by,true
57960-000,br:municipality:2703502,served_by,true
57965-000,br:municipality:2703908,served_by,true
57968-000,br:municipality:2701357,served_by,true
57970-000,br:municipality:2705606,served_by,true
57975-000,br:municipality:2702108,served_by,true
57980-000,br:municipality:2703809,served_by,true
57990-000,br:municipality:2705200,served_by,true
57995-000,br:municipality:2702801,served_by,true
58000-000,br:municipality:2507507,served_by,true
58100-000,br:municipality:2504009,served_by,true
58115-000,br:municipality:2512408,served_by,true
58117-000,br:municipality:2508307,served_by,true
58119-000,br:municipality:2515104,served_by,true
58120-000,br:municipality:2509206,served_by,true
58123-000,br:municipality:2502151,served_by,true
58125-000,br:municipality:2500403,served_by,true
58128-000,br:municipality:2509339,served_by,true
58135-000,br:municipality:2506004,served_by,true
58140-000,br:municipality:2501203,served_by,true
58145-000,br:municipality:2509503,served_by,true
58150-000,br:municipality:2512002,served_by,true
58155-000,br:municipality:2516102,served_by,true
58158-000,br:municipality:2515401,served_by,true
58160-000,br:municipality:2510501,served_by,true
58167-000,br:municipality:2505006,served_by,true
58170-000,br:municipality:2501609,served_by,true
58173-000,br:municipality:2505352,served_by,true
58175-000,br:municipality:2505105,served_by,true
58177-000,br:municipality:2516151,served_by,true
58178-000,br:municipality:2510105,served_by,true
58180-000,br:municipality:2511103,served_by,true
58184-000,br:municipality:2510303,served_by,true
58187-000,br:municipality:2511400,served_by,true
58188-000,br:municipality:2501534,served_by,true
58195-000,br:municipality:2506202,served_by,true
58200-000,br:municipality:2506301,served_by,true
58208-000,br:municipality:2505204,served_by,true
58210-000,br:municipality:2511707,served_by,true
58213-000,br:municipality:2511806,served_by,true
58220-000,br:municipality:2501500,served_by,true
58225-000,br:municipality:2516003,served_by,true
58228-000,br:municipality:2505709,served_by,true
58230-000,br:municipality:2503506,served_by,true
58233-000,br:municipality:2501005,served_by,true
58235-000,br:municipality:2512747,served_by,true
58238-000,br:municipality:2504157,served_by,true
58240-000,br:municipality:2516409,served_by,true
58250-000,br:municipality:2508208,served_by,true
58253-000,br:municipality:2503605,served_by,true
58254-000,br:municipality:2508554,served_by,true
58255-000,br:municipality:2501906,served_by,true
58260-000,br:municipality:2515609,served_by,true
58265-000,br:municipality:2505808,served_by,true
58268-000,br:municipality:2515930,served_by,true
58270-000,br:municipality:2500809,served_by,true
58273-000,br:municipality:2512721,served_by,true
58275-000,br:municipality:2507101,served_by,true
58278-000,br:municipality:2507309,served_by,true
58280-000,br:municipality:2508901,served_by,true
58287-000,br:municipality:2504033,served_by,true
58289-000,br:municipality:2505238,served_by,true
58291-000,br:municipality:2505279,served_by,true
58292-000,br:municipality:2509305,served_by,true
58294-000,br:municipality:2509057,served_by,true
58295-000,br:municipality:2501401,served_by,true
58297-000,br:municipality:2512903,served_by,true
58300-000,br:municipality:2513703,served_by,true
58305-000,br:municipality:2501807,served_by,true
58310-000,br:municipality:2503209,served_by,true
58315-000,br:municipality:2508604,served_by,true
58320-000,br:municipality:2500601,served_by,true
58322-000,br:municipality:2504603,served_by,true
58324-000,br:municipality:2511905,served_by,true
58326-000,br:municipality:2503001,served_by,true
58328-000,br:municipality:2511202,served_by,true
58330-000,br:municipality:2507903,served_by,true
58334-000,br:municipality:2515005,served_by,true
58337-000,br:municipality:2504900,served_by,true
58338-000,br:municipality:2511509,served_by,true
58339-000,br:municipality:2514453,served_by,true
58340-000,br:municipality:2515302,served_by,true
58342-000,br:municipality:2515971,served_by,true
58345-000,br:municipality:2509107,served_by,true
58348-000,br:municipality:2512762,served_by,true
58350-000,br:municipality:2503803,served_by,true
58354-000,br:municipality:2509800,served_by,true
58356-000,br:municipality:2506400,served_by,true
58360-000,br:municipality:2506905,served_by,true
58370-000,br:municipality:2513109,served_by,true
58375-000,br:municipality:2509404,served_by,true
58378-000,br:municipality:2507200,served_by,true
58380-000,br:municipality:2506806,served_by,true
58382-000,br:municipality:2512754,served_by,true
58385-000,br:municipality:2515807,served_by,true
58387-000,br:municipality:2507606,served_by,true
58388-000,br:municipality:2500304,served_by,true
58390-000,br:municipality:2500502,served_by,true
58393-000,br:municipality:2511608,served_by,true
58394-000,br:municipality:2502706,served_by,true
58395-000,br:municipality:2515906,served_by,true
58396-000,br:municipality:2500908,served_by,true
58397-000,br:municipality:2501104,served_by,true
58398-000,br:municipality:2512705,served_by,true
58399-000,br:municipality:2500577,served_by,true
58400-000,br:municipality:2501302,served_by,true
58405-000,br:municipality:2506251,served_by,true
58410-000,br:municipality:2509909,served_by,true
58420-000,br:municipality:2517001,served_by,true
58428-000,br:municipality:2513158,served_by,true
58430-000,br:municipality:2506103,served_by,true
58440-000,br:municipality:2512507,served_by,true
58450-000,br:municipality:2502508,served_by,true
58455-000,br:municipality:2504355,served_by,true
58458-000,br:municipality:2501575,served_by,true
58460-000,br:municipality:2500536,served_by,true
58465-000,br:municipality:2512788,served_by,true
58470-000,br:municipality:2501708,served_by,true
58480-000,br:municipality:2503100,served_by,true
58485-000,br:municipality:2513943,served_by,true
58500-000,br:municipality:2509701,served_by,true
58510-000,br:municipality:2515203,served_by,true
58515-000,br:municipality:2517407,served_by,true
58520-000,br:municipality:2514107,served_by,true
58530-000,br:municipality:2503902,served_by,true
58535-000,br:municipality:2504702,served_by,true
58540-000,br:municipality:2516300,served_by,true
58548-000,br:municipality:2500734,served_by,true
58550-000,br:municipality:2512200,served_by,true
58560-000,br:municipality:2510600,served_by,true
58570-000,br:municipality:2514800,served_by,true
58575-000,br:municipality:2510659,served_by,true
58580-000,br:municipality:2515500,served_by,true
58588-000,br:municipality:2504850,served_by,true
58590-000,br:municipality:2514008,served_by,true
58595-000,br:municipality:2504074,served_by,true
58600-000,br:municipality:2513406,served_by,true
58610-000,br:municipality:2514701,served_by,true
58620-000,br:municipality:2517100,served_by,true
58625-000,br:municipality:2514909,served_by,true
58640-000,br:municipality:2507804,served_by,true
58650-000,br:municipality:2513000,served_by,true
58660-000,br:municipality:2507705,served_by,true
58665-000,br:municipality:2516755,served_by,true
58670-000,br:municipality:2506509,served_by,true
58675-000,br:municipality:2513851,served_by,true
58680-000,br:municipality:2516508,served_by,true
58685-000,br:municipality:2501351,served_by,true
58690-000,br:municipality:2508505,served_by,true
58695-000,br:municipality:2505402,served_by,true
58698-000,br:municipality:2503555,served_by,true
58700-000,br:municipality:2510808,served_by,true
58710-000,br:municipality:2505501,served_by,true
58713-000,br:municipality:2508802,served_by,true
58714-000,br:municipality:2504504,served_by,true
58715-000,br:municipality:2504207,served_by,true
58720-000,br:municipality:2513802,served_by,true
58723-000,br:municipality:2514404,served_by,true
58725-000,br:municipality:2514602,served_by,true
58730-000,br:municipality:2503407,served_by,true
58732-000,br:municipality:2501153,served_by,true
58733-000,br:municipality:2512606,served_by,true
58734-000,br:municipality:2510709,served_by,true
58735-000,br:municipality:2516706,served_by,true
58737-000,br:municipality:2509396,served_by,true
58740-000,br:municipality:2508703,served_by,true
58745-000,br:municipality:2506707,served_by,true
58748-000,br:municipality:2500106,served_by,true
58750-000,br:municipality:2508000,served_by,true
58753-000,br:municipality:2516607,served_by,true
58755-000,br:municipality:2512309,served_by,true
58758-000,br:municipality:2514552,served_by,true
58760-000,br:municipality:2510402,served_by,true
58763-000,br:municipality:2505907,served_by,true
58765-000,br:municipality:2511301,served_by,true
58770-000,br:municipality:2504801,served_by,true
58775-000,br:municipality:2502607,served_by,true
58778-000,br:municipality:2500205,served_by,true
58780-000,br:municipality:2507002,served_by,true
58784-000,br:municipality:2514305,served_by,true
58790-000,br:municipality:2511004,served_by,true
58795-000,br:municipality:2513604,served_by,true
58798-000,br:municipality:2510204,served_by,true
58800-000,br:municipality:2516201,served_by,true
58815-000,br:municipality:2514206,served_by,true
58817-000,br:municipality:2510006,served_by,true
58818-000,br:municipality:2513984,served_by,true
58819-000,br:municipality:2509156,served_by,true
58820-000,br:municipality:2508406,served_by,true
58822-000,br:municipality:2517209,served_by,true
58823-000,br:municipality:2500775,served_by,true
58824-000,br:municipality:2513208,served_by,true
58830-000,br:municipality:2507408,served_by,true
58832-000,br:municipality:2509370,served_by,true
58835-000,br:municipality:2508109,served_by,true
58840-000,br:municipality:2512101,served_by,true
58853-000,br:municipality:2513968,served_by,true
58855-000,br:municipality:2503753,served_by,true
58857-000,br:municipality:2513927,served_by,true
58860-000,br:municipality:2510907,served_by,true
58865-000,br:municipality:2513901,served_by,true
58870-000,br:municipality:2512804,served_by,true
58880-000,br:municipality:2502904,served_by,true
58884-000,br:municipality:2504306,served_by,true
58887-000,br:municipality:2502300,served_by,true
58890-000,br:municipality:2502805,served_by,true
58893-000,br:municipality:2514651,served_by,true
58895-000,br:municipality:2502003,served_by,true
58900-000,br:municipality:2503704,served_by,true
58908-000,br:municipality:2512077,served_by,true
58910-000,br:municipality:2500700,served_by,true
58915-000,br:municipality:2516904,served_by,true
58920-000,br:municipality:2516805,served_by,true
58922-000,br:municipality:2502052,served_by,true
58925-000,br:municipality:2513307,served_by,true
58928-000,br:municipality:2513653,served_by,true
58930-000,br:municipality:2502201,served_by,true
58933-000,br:municipality:2512036,served_by,true
58935-000,br:municipality:2503308,served_by,true
58940-000,br:municipality:2514503,served_by,true
58945-000,br:municipality:2504108,served_by,true
58950-000,br:municipality:2509602,served_by,true
58955-000,br:municipality:2515708,served_by,true
58960-000,br:municipality:2502409,served_by,true
58970-000,br:municipality:2504405,served_by,true
58978-000,br:municipality:2513356,served_by,true
58980-000,br:municipality:2506608,served_by,true
58985-000,br:municipality:2513505,served_by,true
58990-000,br:municipality:2505303,served_by,true
58993-000,br:municipality:2502102,served_by,true
58994-000,br:municipality:2505600,served_by,true
58995-000,br:municipality:2509008,served_by,true
59000-000,br:municipality:2408102,served_by,true
59150-000,br:municipality:2403251,served_by,true
59162-000,br:municipality:2412203,served_by,true
59164-000,br:municipality:2408201,served_by,true
59168-000,br:municipality:2413201,served_by,true
59170-000,br:municipality:2401206,served_by,true
59173-000,br:municipality:2404200,served_by,true
59178-000,br:municipality:2414209,served_by,true
59180-000,br:municipality:2403509,served_by,true
59182-000,br:municipality:2407807,served_by,true
59184-000,br:municipality:2414803,served_by,true
59185-000,br:municipality:2414704,served_by,true
59190-000,br:municipality:2402204,served_by,true
59192-000,br:municipality:2415008,served_by,true
59194-000,br:municipality:2401404,served_by,true
59196-000,br:municipality:2409803,served_by,true
59198-000,br:municipality:2407708,served_by,true
59200-000,br:municipality:2411205,served_by,true
59210-000,br:municipality:2411700,served_by,true
59213-000,br:municipality:2405405,served_by,true
59214-000,br:municipality:2413300,served_by,true
59215-000,br:municipality:2408300,served_by,true
59217-000,br:municipality:2407906,served_by,true
59218-000,br:municipality:2409100,served_by,true
59219-000,br:municipality:2401800,served_by,true
59220-000,br:municipality:2402808,served_by,true
59225-000,br:municipality:2405009,served_by,true
59227-000,br:municipality:2406205,served_by,true
59230-000,br:municipality:2402105,served_by,true
59235-000,br:municipality:2406809,served_by,true
59240-000,br:municipality:2414001,served_by,true
59244-000,br:municipality:2406304,served_by,true
59245-000,br:municipality:2410306,served_by,true
59247-000,br:municipality:2406601,served_by,true
59250-000,br:municipality:2413102,served_by,true
59255-000,br:municipality:2411502,served_by,true
59258-000,br:municipality:2413508,served_by,true
59259-000,br:municipality:2409209,served_by,true
59260-000,br:municipality:2405306,served_by,true
59270-000,br:municipality:2401701,served_by,true
59275-000,br:municipality:2412302,served_by,true
59280-000,br:municipality:2407104,served_by,true
59290-000,br:municipality:2412005,served_by,true
59300-000,br:municipality:2402006,served_by,true
59310-000,br:municipality:2412104,served_by,true
59315-000,br:municipality:2404804,served_by,true
59318-000,br:municipality:2413409,served_by,true
59320-000,br:municipality:2414308,served_by,true
59324-000,br:municipality:2405603,served_by,true
59327-000,br:municipality:2411809,served_by,true
59330-000,br:municipality:2406106,served_by,true
59335-000,br:municipality:2403806,served_by,true
59338-000,br:municipality:2414159,served_by,true
59340-000,br:municipality:2413003,served_by,true
59343-000,br:municipality:2405702,served_by,true
59347-000,br:municipality:2408508,served_by,true
59350-000,br:municipality:2411429,served_by,true
59355-000,br:municipality:2403400,served_by,true
59360-000,br:municipality:2408904,served_by,true
59370-000,br:municipality:2400109,served_by,true
59374-000,br:municipality:2402402,served_by,true
59375-000,br:municipality:2403004,served_by,true
59378-000,br:municipality:2412401,served_by,true
59380-000,br:municipality:2403103,served_by,true
59390-000,br:municipality:2406502,served_by,true
59395-000,br:municipality:2402709,served_by,true
59400-000,br:municipality:2412906,served_by,true
59410-000,br:municipality:2401503,served_by,true
59420-000,br:municipality:2411106,served_by,true
59430-000,br:municipality:2406403,served_by,true
59440-000,br:municipality:2413706,served_by,true
59460-000,br:municipality:2412609,served_by,true
59464-000,br:municipality:2409332,served_by,true
59470-000,br:municipality:2410900,served_by,true
59480-000,br:municipality:2412708,served_by,true
59490-000,br:municipality:2404606,served_by,true
59500-000,br:municipality:2407203,served_by,true
59504-000,br:municipality:2409902,served_by,true
59507-000,br:municipality:2400703,served_by,true
59508-000,br:municipality:2404705,served_by,true
59510-000,br:municipality:2400307,served_by,true
59513-000,br:municipality:2404853,served_by,true
59515-000,br:municipality:2400802,served_by,true
59517-000,br:municipality:2403756,served_by,true
59518-000,br:municipality:2412807,served_by,true
59520-000,br:municipality:2411403,served_by,true
59528-000,br:municipality:2401651,served_by,true
59530-000,br:municipality:2409704,served_by,true
59535-000,br:municipality:2406700,served_by,true
59540-000,br:municipality:2401909,served_by,true
59544-000,br:municipality:2405504,served_by,true
59547-000,br:municipality:2409605,served_by,true
59550-000,br:municipality:2405801,served_by,true
59555-000,br:municipality:2401602,served_by,true
59560-000,br:municipality:2410108,served_by,true
59565-000,br:municipality:2413904,served_by,true
59570-000,br:municipality:2402600,served_by,true
59575-000,br:municipality:2403608,served_by,true
59578-000,br:municipality:2408953,served_by,true
59580-000,br:municipality:2407500,served_by,true
59582-000,br:municipality:2410405,served_by,true
59584-000,br:municipality:2414407,served_by,true
59585-000,br:municipality:2412559,served_by,true
59586-000,br:municipality:2408805,served_by,true
59588-000,br:municipality:2409506,served_by,true
59590-000,br:municipality:2411601,served_by,true
59592-000,br:municipality:2401859,served_by,true
59594-000,br:municipality:2405108,served_by,true
59596-000,br:municipality:2404101,served_by,true
59598-000,br:municipality:2404507,served_by,true
59600-000,br:municipality:2408003,served_by,true
59650-000,br:municipality:2400208,served_by,true
59655-000,br:municipality:2401107,served_by,true
59660-000,br:municipality:2408706,served_by,true
59663-000,br:municipality:2413359,served_by,true
59665-000,br:municipality:2402501,served_by,true
59668-000,br:municipality:2410256,served_by,true
59670-000,br:municipality:2414605,served_by,true
59675-000,br:municipality:2404408,served_by,true
59678-000,br:municipality:2411056,served_by,true
59680-000,br:municipality:2401305,served_by,true
59685-000,br:municipality:2414456,served_by,true
59690-000,br:municipality:2405207,served_by,true
59695-000,br:municipality:2401453,served_by,true
59700-000,br:municipality:2401008,served_by,true
59730-000,br:municipality:2408409,served_by,true
59740-000,br:municipality:2410603,served_by,true
59760-000,br:municipality:2400604,served_by,true
59770-000,br:municipality:2409308,served_by,true
59775-000,br:municipality:2407609,served_by,true
59780-000,br:municipality:2402303,served_by,true
59790-000,br:municipality:2404309,served_by,true
59795-000,br:municipality:2403707,served_by,true
59800-000,br:municipality:2407401,served_by,true
59805-000,br:municipality:2406908,served_by,true
59808-000,br:municipality:2413557,served_by,true
59810-000,br:municipality:2410207,served_by,true
59815-000,br:municipality:2414902,served_by,true
59820-000,br:municipality:2410702,served_by,true
59830-000,br:municipality:2411007,served_by,true
59840-000,br:municipality:2413805,served_by,true
59855-000,br:municipality:2404903,served_by,true
59856-000,br:municipality:2413607,served_by,true
59865-000,br:municipality:2414506,served_by,true
59870-000,br:municipality:2400901,served_by,true
59880-000,br:municipality:2405900,served_by,true
59890-000,br:municipality:2404002,served_by,true
59900-000,br:municipality:2409407,served_by,true
59902-000,br:municipality:2403905,served_by,true
59905-000,br:municipality:2403301,served_by,true
59908-000,br:municipality:2411908,served_by,true
59910-000,br:municipality:2403202,served_by,true
59920-000,br:municipality:2412500,served_by,true
59925-000,br:municipality:2414753,served_by,true
59930-000,br:municipality:2402907,served_by,true
59940-000,br:municipality:2407005,served_by,true
59945-000,br:municipality:2407252,served_by,true
59950-000,br:municipality:2408607,served_by,true
59955-000,br:municipality:2414100,served_by,true
59960-000,br:municipality:2410009,served_by,true
59965-000,br:municipality:2400505,served_by,true
59970-000,br:municipality:2407302,served_by,true
59980-000,br:municipality:2406007,served_by,true
59987-000,br:municipality:2410801,served_by,true
59990-000,br:municipality:2410504,served_by,true
59995-000,br:municipality:2400406,served_by,true
60000-000,br:municipality:2304400,served_by,true
61600-000,br:municipality:2303709,served_by,true
61700-000,br:municipality:2301000,served_by,true
61760-000,br:municipality:2304285,served_by,true
61800-000,br:municipality:2309706,served_by,true
61880-000,br:municipality:2306256,served_by,true
61890-000,br:municipality:2304954,served_by,true
61900-000,br:municipality:2307650,served_by,true
61940-000,br:municipality:2307700,served_by,true
62000-000,br:municipality:2312908,served_by,true
62115-000,br:municipality:2304350,served_by,true
62120-000,br:municipality:2300507,served_by,true
62130-000,br:municipality:2308203,served_by,true
62140-000,br:municipality:2308005,served_by,true
62150-000,br:municipality:2312007,served_by,true
62160-000,br:municipality:2304004,served_by,true
62170-000,br:municipality:2309003,served_by,true
62180-000,br:municipality:2309904,served_by,true
62184-000,br:municipality:2303105,served_by,true
62190-000,br:municipality:2304905,served_by,true
62200-000,br:municipality:2309300,served_by,true
62210-000,br:municipality:2301257,served_by,true
62215-000,br:municipality:2305654,served_by,true
62220-000,br:municipality:2311009,served_by,true
62230-000,br:municipality:2305902,served_by,true
62250-000,br:municipality:2305803,served_by,true
62255-000,br:municipality:2310951,served_by,true
62260-000,br:municipality:2311702,served_by,true
62265-000,br:municipality:2313955,served_by,true
62270-000,br:municipality:2305209,served_by,true
62280-000,br:municipality:2312205,served_by,true
62297-000,br:municipality:2303659,served_by,true
62300-000,br:municipality:2314102,served_by,true
62320-000,br:municipality:2313401,served_by,true
62340-000,br:municipality:2304509,served_by,true
62350-000,br:municipality:2313609,served_by,true
62360-000,br:municipality:2305308,served_by,true
62365-000,br:municipality:2304657,served_by,true
62370-000,br:municipality:2312304,served_by,true
62375-000,br:municipality:2303402,served_by,true
62380-000,br:municipality:2305001,served_by,true
62390-000,br:municipality:2304236,served_by,true
62400-000,br:municipality:2302602,served_by,true
62410-000,br:municipality:2302057,served_by,true
62420-000,br:municipality:2303907,served_by,true
62430-000,br:municipality:2304707,served_by,true
62450-000,br:municipality:2307908,served_by,true
62460-000,br:municipality:2313906,served_by,true
62470-000,br:municipality:2312809,served_by,true
62480-000,br:municipality:2308807,served_by,true
62500-000,br:municipality:2306405,served_by,true
62530-000,br:municipality:2308377,served_by,true
62540-000,br:municipality:2300754,served_by,true
62550-000,br:municipality:2308906,served_by,true
62560-000,br:municipality:2307809,served_by,true
62570-000,br:municipality:2302305,served_by,true
62580-000,br:municipality:2300200,served_by,true
62590-000,br:municipality:2306553,served_by,true
62595-000,br:municipality:2304251,served_by,true
62598-000,br:municipality:2307254,served_by,true
62600-000,br:municipality:2306306,served_by,true
62610-000,br:municipality:2313351,served_by,true
62620-000,br:municipality:2306108,served_by,true
62630-000,br:municipality:2300903,served_by,true
62640-000,br:municipality:2310704,served_by,true
62650-000,br:municipality:2313807,served_by,true
62655-000,br:municipality:2313559,served_by,true
62660-000,br:municipality:2313757,served_by,true
62665-000,br:municipality:2312601,served_by,true
62670-000,br:municipality:2312403,served_by,true
62680-000,br:municipality:2310209,served_by,true
62685-000,br:municipality:2310258,served_by,true
62690-000,br:municipality:2313500,served_by,true
62700-000,br:municipality:2302800,served_by,true
62720-000,br:municipality:2306603,served_by,true
62730-000,br:municipality:2303006,served_by,true
62736-000,br:municipality:2310407,served_by,true
62738-000,br:municipality:2304608,served_by,true
62740-000,br:municipality:2306504,served_by,true
62748-000,br:municipality:2302909,served_by,true
62750-000,br:municipality:2301208,served_by,true
62755-000,br:municipality:2309458,served_by,true
62760-000,br:municipality:2302107,served_by,true
62762-000,br:municipality:2301406,served_by,true
62764-000,br:municipality:2309102,served_by,true
62766-000,br:municipality:2305100,served_by,true
62770-000,br:municipality:2309805,served_by,true
62780-000,br:municipality:2310100,served_by,true
62785-000,br:municipality:2300150,served_by,true
62790-000,br:municipality:2311603,served_by,true
62795-000,br:municipality:2301950,served_by,true
62800-000,br:municipality:2301109,served_by,true
62810-000,br:municipality:2305357,served_by,true
62815-000,br:municipality:2304459,served_by,true
62820-000,br:municipality:2306207,served_by,true
62823-000,br:municipality:2307007,served_by,true
62840-000,br:municipality:2302206,served_by,true
62850-000,br:municipality:2303501,served_by,true
62860-000,br:municipality:2310852,served_by,true
62870-000,br:municipality:2309607,served_by,true
62875-000,br:municipality:2303956,served_by,true
62880-000,br:municipality:2305233,served_by,true
62900-000,br:municipality:2311801,served_by,true
62910-000,br:municipality:2310001,served_by,true
62920-000,br:municipality:2311504,served_by,true
62930-000,br:municipality:2307601,served_by,true
62940-000,br:municipality:2308708,served_by,true
62955-000,br:municipality:2305332,served_by,true
62960-000,br:municipality:2313104,served_by,true
62965-000,br:municipality:2312502,served_by,true
62970-000,br:municipality:2300705,served_by,true
62980-000,br:municipality:2306009,served_by,true
62990-000,br:municipality:2311231,served_by,true
63000-000,br:municipality:2307304,served_by,true
63100-000,br:municipality:2304202,served_by,true
63140-000,br:municipality:2301604,served_by,true
63145-000,br:municipality:2313252,served_by,true
63150-000,br:municipality:2302701,served_by,true
63155-000,br:municipality:2311959,served_by,true
63160-000,br:municipality:2311207,served_by,true
63165-000,br:municipality:2309201,served_by,true
63170-000,br:municipality:2301307,served_by,true
63180-000,br:municipality:2301901,served_by,true
63185-000,br:municipality:2304301,served_by,true
63190-000,br:municipality:2312106,served_by,true
63195-000,br:municipality:2300606,served_by,true
63200-000,br:municipality:2308401,served_by,true
63210-000,br:municipality:2308104,served_by,true
63220-000,br:municipality:2303204,served_by,true
63230-000,br:municipality:2304806,served_by,true
63240-000,br:municipality:2300101,served_by,true
63250-000,br:municipality:2308302,served_by,true
63260-000,br:municipality:2302503,served_by,true
63270-000,br:municipality:2311108,served_by,true
63275-000,br:municipality:2307205,served_by,true
63280-000,br:municipality:2310605,served_by,true
63290-000,br:municipality:2307106,served_by,true
63300-000,br:municipality:2307502,served_by,true
63310-000,br:municipality:2313708,served_by,true
63320-000,br:municipality:2301802,served_by,true
63340-000,br:municipality:2305704,served_by,true
63360-000,br:municipality:2301703,served_by,true
63380-000,br:municipality:2302008,served_by,true
63400-000,br:municipality:2303808,served_by,true
63430-000,br:municipality:2305407,served_by,true
63460-000,br:municipality:2310803,served_by,true
63470-000,br:municipality:2304277,served_by,true
63475-000,br:municipality:2306900,served_by,true
63480-000,br:municipality:2306702,served_by,true
63490-000,br:municipality:2306801,served_by,true
63500-000,br:municipality:2305506,served_by,true
63515-000,br:municipality:2311355,served_by,true
63520-000,br:municipality:2309508,served_by,true
63530-000,br:municipality:2303303,served_by,true
63540-000,br:municipality:2314003,served_by,true
63560-000,br:municipality:2300309,served_by,true
63570-000,br:municipality:2300804,served_by,true
63575-000,br:municipality:2300408,served_by,true
63580-000,br:municipality:2307403,served_by,true
63590-000,br:municipality:2311900,served_by,true
63595-000,br:municipality:2303600,served_by,true
63600-000,br:municipality:2312700,served_by,true
63605-000,br:municipality:2310902,served_by,true
63610-000,br:municipality:2308500,served_by,true
63620-000,br:municipality:2313005,served_by,true
63630-000,br:municipality:2310506,served_by,true
63635-000,br:municipality:2308351,served_by,true
63640-000,br:municipality:2305605,served_by,true
63645-000,br:municipality:2304269,served_by,true
63650-000,br:municipality:2311264,served_by,true
63660-000,br:municipality:2313302,served_by,true
63670-000,br:municipality:2301505,served_by,true
63680-000,br:municipality:2310308,served_by,true
63700-000,br:municipality:2304103,served_by,true
63740-000,br:municipality:2309409,served_by,true
63750-000,br:municipality:2313203,served_by,true
63780-000,br:municipality:2308609,served_by,true
63800-000,br:municipality:2311405,served_by,true
63860-000,br:municipality:2307635,served_by,true
63870-000,br:municipality:2302404,served_by,true
63900-000,br:municipality:2311306,served_by,true
63950-000,br:municipality:2303931,served_by,true
63960-000,br:municipality:2301851,served_by,true
63970-000,br:municipality:2305266,served_by,true
64000-000,br:municipality:2211001,served_by,true
64100-000,br:municipality:2201200,served_by,true
64105-000,br:municipality:2202059,served_by,true
64108-000,br:municipality:2201770,served_by,true
64110-000,br:municipality:2205508,served_by,true
64120-000,br:municipality:2211100,served_by,true
64130-000,br:municipality:2206209,served_by,true
64138-000,br:municipality:2205557,served_by,true
64140-000,br:municipality:2206803,served_by,true
64145-000,br:municipality:2208502,served_by,true
64148-000,br:municipality:2202174,served_by,true
64150-000,br:municipality:2206100,served_by,true
64155-000,br:municipality:2209971,served_by,true
64160-000,br:municipality:2205805,served_by,true
64165-000,br:municipality:2205458,served_by,true
64168-000,br:municipality:2205854,served_by,true
64170-000,br:municipality:2205409,served_by,true
64175-000,br:municipality:2206696,served_by,true
64178-000,br:municipality:2206670,served_by,true
64180-000,br:municipality:2203701,served_by,true
64190-000,br:municipality:2201507,served_by,true
64200-000,br:municipality:2207702,served_by,true
64220-000,br:municipality:2205706,served_by,true
64222-000,br:municipality:2202083,served_by,true
64224-000,br:municipality:2204659,served_by,true
64225-000,br:municipality:2201919,served_by,true
64228-000,br:municipality:2202653,served_by,true
64230-000,br:municipality:2202000,served_by,true
64233-000,br:municipality:2202539,served_by,true
64235-000,br:municipality:2202703,served_by,true
64238-000,br:municipality:2202729,served_by,true
64240-000,br:municipality:2208304,served_by,true
64243-000,br:municipality:2209872,served_by,true
64245-000,br:municipality:2210052,served_by,true
64250-000,br:municipality:2203420,served_by,true
64253-000,br:municipality:2206357,served_by,true
64255-000,br:municipality:2207900,served_by,true
64258-000,br:municipality:2205573,served_by,true
64260-000,br:municipality:2208403,served_by,true
64265-000,br:municipality:2201960,served_by,true
64270-000,br:municipality:2202406,served_by,true
64275-000,br:municipality:2205276,served_by,true
64278-000,br:municipality:2202711,served_by,true
64280-000,br:municipality:2202208,served_by,true
64283-000,br:municipality:2201945,served_by,true
64285-000,br:municipality:2210656,served_by,true
64288-000,br:municipality:2206753,served_by,true
64290-000,br:municipality:2200400,served_by,true
64300-000,br:municipality:2211308,served_by,true
64308-000,br:municipality:2205599,served_by,true
64310-000,br:municipality:2200905,served_by,true
64315-000,br:municipality:2209153,served_by,true
64320-000,br:municipality:2208106,served_by,true
64325-000,br:municipality:2203503,served_by,true
64330-000,br:municipality:2210409,served_by,true
64333-000,br:municipality:2201051,served_by,true
64335-000,br:municipality:2202737,served_by,true
64340-000,br:municipality:2202604,served_by,true
64343-000,br:municipality:2205516,served_by,true
64345-000,br:municipality:2202026,served_by,true
64350-000,br:municipality:2209906,served_by,true
64360-000,br:municipality:2200301,served_by,true
64365-000,br:municipality:2206951,served_by,true
64370-000,br:municipality:2208601,served_by,true
64375-000,br:municipality:2209609,served_by,true
64378-000,br:municipality:2210383,served_by,true
64380-000,br:municipality:2201606,served_by,true
64388-000,br:municipality:2205581,served_by,true
64390-000,br:municipality:2203305,served_by,true
64395-000,br:municipality:2207751,served_by,true
64400-000,br:municipality:2200509,served_by,true
64410-000,br:municipality:2200608,served_by,true
64420-000,br:municipality:2207504,served_by,true
64430-000,br:municipality:2210508,served_by,true
64435-000,br:municipality:2209807,served_by,true
64438-000,br:municipality:2209450,served_by,true
64440-000,br:municipality:2200103,served_by,true
64445-000,br:municipality:2206308,served_by,true
64450-000,br:municipality:2206407,served_by,true
64453-000,br:municipality:2203255,served_by,true
64455-000,br:municipality:2201408,served_by,true
64460-000,br:municipality:2200202,served_by,true
64465-000,br:municipality:2205540,served_by,true
64468-000,br:municipality:2207108,served_by,true
64470-000,br:municipality:2204600,served_by,true
64475-000,br:municipality:2204105,served_by,true
64480-000,br:municipality:2201002,served_by,true
64490-000,br:municipality:2208809,served_by,true
64495-000,br:municipality:2205250,served_by,true
64500-000,br:municipality:2207009,served_by,true
64510-000,br:municipality:2209955,served_by,true
64512-000,br:municipality:2210979,served_by,true
64514-000,br:municipality:2202075,served_by,true
64516-000,br:municipality:2202778,served_by,true
64518-000,br:municipality:2209377,served_by,true
64520-000,br:municipality:2204006,served_by,true
64525-000,br:municipality:2211407,served_by,true
64528-000,br:municipality:2201176,served_by,true
64530-000,br:municipality:2206902,served_by,true
64535-000,br:municipality:2204709,served_by,true
64540-000,br:municipality:2204808,served_by,true
64545-000,br:municipality:2209104,served_by,true
64548-000,br:municipality:2211704,served_by,true
64550-000,br:municipality:2209708,served_by,true
64555-000,br:municipality:2210102,served_by,true
64558-000,br:municipality:2210391,served_by,true
64560-000,br:municipality:2209500,served_by,true
64563-000,br:municipality:2203859,served_by,true
64565-000,br:municipality:2205003,served_by,true
64568-000,br:municipality:2211506,served_by,true
64570-000,br:municipality:2204907,served_by,true
64573-000,br:municipality:2206050,served_by,true
64575-000,br:municipality:2205201,served_by,true
64578-000,br:municipality:2202133,served_by,true
64580-000,br:municipality:2207777,served_by,true
64585-000,br:municipality:2210706,served_by,true
64590-000,br:municipality:2202554,served_by,true
64595-000,br:municipality:2203271,served_by,true
64600-000,br:municipality:2208007,served_by,true
64610-000,br:municipality:2210938,served_by,true
64613-000,br:municipality:2204352,served_by,true
64615-000,br:municipality:2209351,served_by,true
64618-000,br:municipality:2207553,served_by,true
64620-000,br:municipality:2203404,served_by,true
64625-000,br:municipality:2210201,served_by,true
64630-000,br:municipality:2201804,served_by,true
64635-000,br:municipality:2209856,served_by,true
64638-000,br:municipality:2210375,served_by,true
64640-000,br:municipality:2209401,served_by,true
64645-000,br:municipality:2204204,served_by,true
64650-000,br:municipality:2206506,served_by,true
64655-000,br:municipality:2200251,served_by,true
64660-000,br:municipality:2208205,served_by,true
64670-000,br:municipality:2210300,served_by,true
64675-000,br:municipality:2200277,served_by,true
64678-000,br:municipality:2201572,served_by,true
64680-000,br:municipality:2207207,served_by,true
64683-000,br:municipality:2204154,served_by,true
64685-000,br:municipality:2205953,served_by,true
64688-000,br:municipality:2211605,served_by,true
64690-000,br:municipality:2204303,served_by,true
64695-000,br:municipality:2202091,served_by,true
64700-000,br:municipality:2210805,served_by,true
64705-000,br:municipality:2201556,served_by,true
64710-000,br:municipality:2207306,served_by,true
64720-000,br:municipality:2210904,served_by,true
64725-000,br:municipality:2208874,served_by,true
64728-000,br:municipality:2207934,served_by,true
64730-000,br:municipality:2202109,served_by,true
64740-000,br:municipality:2202802,served_by,true
64745-000,br:municipality:2209658,served_by,true
64748-000,br:municipality:2200053,served_by,true
64750-000,br:municipality:2207801,served_by,true
64753-000,br:municipality:2201739,served_by,true
64755-000,br:municipality:2205151,served_by,true
64758-000,br:municipality:2208650,served_by,true
64760-000,br:municipality:2210003,served_by,true
64763-000,br:municipality:2202455,served_by,true
64764-000,br:municipality:2207959,served_by,true
64765-000,br:municipality:2205359,served_by,true
64767-000,br:municipality:2202117,served_by,true
64768-000,br:municipality:2205565,served_by,true
64770-000,br:municipality:2210607,served_by,true
64773-000,br:municipality:2211357,served_by,true
64775-000,br:municipality:2201929,served_by,true
64778-000,br:municipality:2210359,served_by,true
64780-000,br:municipality:2200707,served_by,true
64782-000,br:municipality:2205532,served_by,true
64783-000,br:municipality:2209559,served_by,true
64785-000,br:municipality:2203354,served_by,true
64788-000,br:municipality:2203750,served_by,true
64790-000,br:municipality:2203453,served_by,true
64793-000,br:municipality:2202851,served_by,true
64795-000,br:municipality:2202505,served_by,true
64798-000,br:municipality:2204550,served_by,true
64800-000,br:municipality:2203909,served_by,true
64815-000,br:municipality:2203800,served_by,true
64820-000,br:municipality:2205102,served_by,true
64825-000,br:municipality:2206704,served_by,true
64830-000,br:municipality:2205300,served_by,true
64833-000,br:municipality:2202251,served_by,true
64835-000,br:municipality:2209005,served_by,true
64838-000,br:municipality:2207850,served_by,true
64840-000,br:municipality:2204501,served_by,true
64845-000,br:municipality:2206001,served_by,true
64850-000,br:municipality:2205607,served_by,true
64855-000,br:municipality:2200806,served_by,true
64858-000,br:municipality:2208551,served_by,true
64860-000,br:municipality:2211209,served_by,true
64865-000,br:municipality:2208908,served_by,true
64868-000,br:municipality:2201150,served_by,true
64870-000,br:municipality:2201705,served_by,true
64873-000,br:municipality:2210631,served_by,true
64875-000,br:municipality:2205904,served_by,true
64880-000,br:municipality:2203602,served_by,true
64885-000,br:municipality:2202752,served_by,true
64890-000,br:municipality:2202307,served_by,true
64893-000,br:municipality:2210953,served_by,true
64895-000,br:municipality:2201988,served_by,true
64898-000,br:municipality:2207355,served_by,true
64900-000,br:municipality:2201903,served_by,true
64905-000,br:municipality:2203230,served_by,true
64910-000,br:municipality:2209302,served_by,true
64915-000,br:municipality:2208700,served_by,true
64920-000,br:municipality:2203107,served_by,true
64923-000,br:municipality:2200459,served_by,true
64925-000,br:municipality:2207405,served_by,true
64930-000,br:municipality:2204402,served_by,true
64940-000,br:municipality:2206605,served_by,true
64945-000,br:municipality:2209203,served_by,true
64960-000,br:municipality:2203206,served_by,true
64963-000,br:municipality:2205524,served_by,true
64965-000,br:municipality:2201101,served_by,true
64968-000,br:municipality:2206654,served_by,true
64970-000,br:municipality:2207603,served_by,true
64975-000,br:municipality:2208858,served_by,true
64980-000,br:municipality:2202901,served_by,true
64985-000,br:municipality:2210623,served_by,true
64990-000,br:municipality:2201309,served_by,true
64993-000,br:municipality:2209757,served_by,true
64995-000,br:municipality:2203008,served_by,true
65000-000,br:municipality:2111300,served_by,true
65100-000,br:municipality:2109601,served_by,true
65103-000,br:municipality:2101251,served_by,true
65105-000,br:municipality:2110203,served_by,true
65108-000,br:municipality:2101103,served_by,true
65110-000,br:municipality:2111201,served_by,true
65130-000,br:municipality:2107506,served_by,true
65138-000,br:municipality:2109452,served_by,true
65140-000,br:municipality:2109205,served_by,true
65160-000,br:municipality:2107100,served_by,true
65165-000,br:municipality:2102374,served_by,true
65170-000,br:municipality:2105104,served_by,true
65180-000,br:municipality:2105005,served_by,true
65190-000,br:municipality:2109403,served_by,true
65195-000,br:municipality:2110278,served_by,true
65200-000,br:municipality:2108603,served_by,true
65204-000,br:municipality:2109270,served_by,true
65206-000,br:municipality:2108256,served_by,true
65208-000,br:municipality:2109809,served_by,true
65210-000,br:municipality:2102507,served_by,true
65213-000,br:municipality:2108306,served_by,true
65215-000,br:municipality:2112803,served_by,true
65218-000,br:municipality:2106508,served_by,true
65220-000,br:municipality:2111706,served_by,true
65223-000,br:municipality:2107456,served_by,true
65225-000,br:municipality:2111003,served_by,true
65230-000,br:municipality:2102408,served_by,true
65233-000,br:municipality:2101350,served_by,true
65235-000,br:municipality:2110500,served_by,true
65238-000,br:municipality:2107605,served_by,true
65245-000,br:municipality:2108405,served_by,true
65248-000,br:municipality:2101905,served_by,true
65250-000,br:municipality:2100204,served_by,true
65255-000,br:municipality:2104909,served_by,true
65260-000,br:municipality:2103109,served_by,true
65263-000,br:municipality:2109056,served_by,true
65265-000,br:municipality:2106805,served_by,true
65267-000,br:municipality:2103125,served_by,true
65268-000,br:municipality:2103703,served_by,true
65269-000,br:municipality:2111789,served_by,true
65270-000,br:municipality:2101301,served_by,true
65272-000,br:municipality:2110039,served_by,true
65274-000,br:municipality:2107357,served_by,true
65275-000,br:municipality:2100832,served_by,true
65276-000,br:municipality:2112456,served_by,true
65278-000,br:municipality:2112407,served_by,true
65279-000,br:municipality:2109239,served_by,true
65280-000,br:municipality:2102606,served_by,true
65283-000,br:municipality:2106375,served_by,true
65284-000,br:municipality:2104677,served_by,true
65285-000,br:municipality:2104305,served_by,true
65288-000,br:municipality:2103158,served_by,true
65289-000,br:municipality:2106326,served_by,true
65290-000,br:municipality:2106201,served_by,true
65292-000,br:municipality:2101970,served_by,true
65293-000,br:municipality:2100550,served_by,true
65294-000,br:municipality:2105658,served_by,true
65295-000,br:municipality:2102903,served_by,true
65299-000,br:municipality:2103174,served_by,true
65300-000,br:municipality:2109908,served_by,true
65310-000,br:municipality:2100402,served_by,true
65315-000,br:municipality:2102150,served_by,true
65320-000,br:municipality:2113009,served_by,true
65335-000,br:municipality:2101772,served_by,true
65340-000,br:municipality:2103554,served_by,true
65345-000,br:municipality:2105153,served_by,true
65350-000,br:municipality:2112902,served_by,true
65360-000,br:municipality:2106904,served_by,true
65363-000,br:municipality:2104651,served_by,true
65365-000,br:municipality:2114007,served_by,true
65368-000,br:municipality:2100873,served_by,true
65370-000,br:municipality:2108504,served_by,true
65378-000,br:municipality:2112274,served_by,true
65380-000,br:municipality:2102002,served_by,true
65385-000,br:municipality:2111029,served_by,true
65390-000,br:municipality:2110005,served_by,true
65393-000,br:municipality:2102325,served_by,true
65395-000,br:municipality:2102036,served_by,true
65398-000,br:municipality:2100477,served_by,true
65400-000,br:municipality:2103307,served_by,true
65413-000,br:municipality:2100436,served_by,true
65415-000,br:municipality:2103604,served_by,true
65418-000,br:municipality:2108454,served_by,true
65420-000,br:municipality:2112100,served_by,true
65430-000,br:municipality:2112704,served_by,true
65440-000,br:municipality:2110401,served_by,true
65450-000,br:municipality:2107209,served_by,true
65455-000,br:municipality:2109304,served_by,true
65460-000,br:municipality:2108801,served_by,true
65465-000,br:municipality:2102705,served_by,true
65468-000,br:municipality:2106631,served_by,true
65470-000,br:municipality:2111508,served_by,true
65480-000,br:municipality:2101004,served_by,true
65485-000,br:municipality:2105401,served_by,true
65490-000,br:municipality:2100709,served_by,true
65495-000,br:municipality:2106755,served_by,true
65500-000,br:municipality:2103208,served_by,true
65505-000,br:municipality:2100105,served_by,true
65510-000,br:municipality:2106409,served_by,true
65515-000,br:municipality:2102200,served_by,true
65520-000,br:municipality:2102101,served_by,true
65525-000,br:municipality:2100808,served_by,true
65530-000,br:municipality:2112605,served_by,true
65535-000,br:municipality:2101731,served_by,true
65540-000,br:municipality:2110104,served_by,true
65545-000,br:municipality:2106672,served_by,true
65550-000,br:municipality:2110609,served_by,true
65555-000,br:municipality:2110237,served_by,true
65560-000,br:municipality:2106300,served_by,true
65570-000,br:municipality:2100907,served_by,true
65578-000,br:municipality:2100154,served_by,true
65580-000,br:municipality:2112506,served_by,true
65585-000,br:municipality:2108058,served_by,true
65590-000,br:municipality:2101707,served_by,true
65600-000,br:municipality:2103000,served_by,true
65610-000,br:municipality:2100303,served_by,true
65615-000,br:municipality:2111078,served_by,true
65620-000,br:municipality:2103406,served_by,true
65625-000,br:municipality:2103901,served_by,true
65630-000,br:municipality:2112209,served_by,true
65640-000,br:municipality:2107803,served_by,true
65645-000,br:municipality:2106607,served_by,true
65650-000,br:municipality:2110906,served_by,true
65660-000,br:municipality:2101509,served_by,true
65665-000,br:municipality:2111102,served_by,true
65668-000,br:municipality:2111953,served_by,true
65670-000,br:municipality:2107704,served_by,true
65680-000,br:municipality:2107902,served_by,true
65683-000,br:municipality:2105922,served_by,true
65685-000,br:municipality:2102309,served_by,true
65690-000,br:municipality:2103505,served_by,true
65693-000,br:municipality:2105450,served_by,true
65695-000,br:municipality:2104206,served_by,true
65700-000,br:municipality:2101202,served_by,true
65704-000,br:municipality:2102077,served_by,true
65705-000,br:municipality:2105906,served_by,true
65706-000,br:municipality:2107407,served_by,true
65707-000,br:municipality:2108702,served_by,true
65708-000,br:municipality:2111409,served_by,true
65709-000,br:municipality:2111722,served_by,true
65710-000,br:municipality:2105807,served_by,true
65712-000,br:municipality:2105948,served_by,true
65714-000,br:municipality:2106359,served_by,true
65715-000,br:municipality:2105708,served_by,true
65716-000,br:municipality:2108108,served_by,true
65718-000,br:municipality:2105963,served_by,true
65720-000,br:municipality:2105203,served_by,true
65723-000,br:municipality:2101939,served_by,true
65725-000,br:municipality:2108207,served_by,true
65727-000,br:municipality:2112233,served_by,true
65728-000,br:municipality:2106003,served_by,true
65730-000,br:municipality:2110302,served_by,true
65735-000,br:municipality:2102754,served_by,true
65740-000,br:municipality:2108900,served_by,true
65750-000,br:municipality:2104008,served_by,true
65753-000,br:municipality:2111631,served_by,true
65755-000,br:municipality:2105609,served_by,true
65758-000,br:municipality:2111672,served_by,true
65760-000,br:municipality:2109106,served_by,true
65762-000,br:municipality:2111250,served_by,true
65763-000,br:municipality:2112308,served_by,true
65765-000,br:municipality:2103802,served_by,true
65768-000,br:municipality:2109759,served_by,true
65770-000,br:municipality:2104503,served_by,true
65775-000,br:municipality:2104404,served_by,true
65780-000,br:municipality:2104602,served_by,true
65783-000,br:municipality:2111748,served_by,true
65785-000,br:municipality:2104701,served_by,true
65790-000,br:municipality:2110708,served_by,true
65795-000,br:municipality:2104628,served_by,true
65800-000,br:municipality:2101400,served_by,true
65805-000,br:municipality:2104107,served_by,true
65808-000,br:municipality:2107258,served_by,true
65810-000,br:municipality:2100501,served_by,true
65820-000,br:municipality:2112001,served_by,true
65830-000,br:municipality:2109700,served_by,true
65840-000,br:municipality:2111607,served_by,true
65850-000,br:municipality:2106706,served_by,true
65860-000,br:municipality:2111904,served_by,true
65870-000,br:municipality:2108009,served_by,true
65880-000,br:municipality:2107308,served_by,true
65885-000,br:municipality:2101806,served_by,true
65888-000,br:municipality:2110658,served_by,true
65890-000,br:municipality:2110807,served_by,true
65895-000,br:municipality:2106102,served_by,true
65900-000,br:municipality:2105302,served_by,true
65920-000,br:municipality:2111532,served_by,true
65921-000,br:municipality:2103257,served_by,true
65922-000,br:municipality:2105500,served_by,true
65923-000,br:municipality:2100600,served_by,true
65924-000,br:municipality:2112852,served_by,true
65925-000,br:municipality:2111805,served_by,true
65927-000,br:municipality:2103752,served_by,true
65928-000,br:municipality:2104552,served_by,true
65929-000,br:municipality:2110856,served_by,true
65930-000,br:municipality:2100055,served_by,true
65935-000,br:municipality:2111763,served_by,true
65935-500,br:municipality:2102358,served_by,true
65936-000,br:municipality:2107001,served_by,true
65937-000,br:municipality:2105989,served_by,true
65938-000,br:municipality:2109551,served_by,true
65939-000,br:municipality:2105427,served_by,true
65940-000,br:municipality:2104800,served_by,true
65943-000,br:municipality:2104099,served_by,true
65945-000,br:municipality:2100956,served_by,true
65948-000,br:municipality:2105351,served_by,true
65950-000,br:municipality:2101608,served_by,true
65962-000,br:municipality:2105476,served_by,true
65964-000,br:municipality:2104081,served_by,true
65968-000,br:municipality:2102556,served_by,true
65970-000,br:municipality:2109007,served_by,true
65973-000,br:municipality:2111052,served_by,true
65975-000,br:municipality:2104057,served_by,true
65978-000,br:municipality:2111573,served_by,true
65980-000,br:municipality:2102804,served_by,true
65990-000,br:municipality:2109502,served_by,true
65995-000,br:municipality:2104073,served_by,true
66000-000,br:municipality:1501402,served_by,true
67000-000,br:municipality:1500800,served_by,true
67200-000,br:municipality:1504422,served_by,true
68000-000,br:municipality:1506807,served_by,true
68130-000,br:municipality:1506005,served_by,true
68138-000,br:municipality:1505650,served_by,true
68140-000,br:municipality:1508159,served_by,true
68143-000,br:municipality:1501451,served_by,true
68145-000,br:municipality:1504455,served_by,true
68148-000,br:municipality:1501725,served_by,true
68150-000,br:municipality:1501006,served_by,true
68165-000,br:municipality:1506195,served_by,true
68170-000,br:municipality:1503903,served_by,true
68180-000,br:municipality:1503606,served_by,true
68193-000,br:municipality:1505031,served_by,true
68195-000,br:municipality:1503754,served_by,true
68198-000,br:municipality:1508050,served_by,true
68200-000,br:municipality:1500404,served_by,true
68210-000,br:municipality:1502855,served_by,true
68220-000,br:municipality:1504802,served_by,true
68230-000,br:municipality:1500503,served_by,true
68250-000,br:municipality:1505106,served_by,true
68270-000,br:municipality:1505304,served_by,true
68280-000,br:municipality:1503002,served_by,true
68285-000,br:municipality:1507979,served_by,true
68300-000,br:municipality:1503101,served_by,true
68330-000,br:municipality:1505908,served_by,true
68360-000,br:municipality:1507805,served_by,true
68365-000,br:municipality:1500859,served_by,true
68370-000,br:municipality:1500602,served_by,true
68380-000,br:municipality:1507300,served_by,true
68383-000,br:municipality:1508357,served_by,true
68385-000,br:municipality:1508084,served_by,true
68388-000,br:municipality:1501253,served_by,true
68390-000,br:municipality:1505437,served_by,true
68398-000,br:municipality:1502764,served_by,true
68400-000,br:municipality:1502103,served_by,true
68415-000,br:municipality:1504000,served_by,true
68420-000,br:municipality:1504604,served_by,true
68430-000,br:municipality:1503309,served_by,true
68440-000,br:municipality:1500107,served_by,true
68445-000,br:municipality:1501303,served_by,true
68450-000,br:municipality:1504703,served_by,true
68455-000,br:municipality:1508100,served_by,true
68465-000,br:municipality:1501204,served_by,true
68470-000,br:municipality:1505205,served_by,true
68473-000,br:municipality:1505064,served_by,true
68475-000,br:municipality:1501105,served_by,true
68480-000,br:municipality:1505809,served_by,true
68485-000,br:municipality:1505486,served_by,true
68488-000,br:municipality:1501782,served_by,true
68490-000,br:municipality:1504505,served_by,true
68500-000,br:municipality:1504208,served_by,true
68515-000,br:municipality:1505536,served_by,true
68518-000,br:municipality:1507508,served_by,true
68520-000,br:municipality:1507151,served_by,true
68521-000,br:municipality:1501758,served_by,true
68523-000,br:municipality:1502772,served_by,true
68524-000,br:municipality:1502954,served_by,true
68525-000,br:municipality:1501576,served_by,true
68527-000,br:municipality:1500131,served_by,true
68530-000,br:municipality:1506161,served_by,true
68533-000,br:municipality:1500347,served_by,true
68535-000,br:municipality:1505494,served_by,true
68537-000,br:municipality:1502152,served_by,true
68540-000,br:municipality:1502707,served_by,true
68543-000,br:municipality:1503044,served_by,true
68545-000,br:municipality:1505551,served_by,true
68548-000,br:municipality:1507755,served_by,true
68550-000,br:municipality:1506138,served_by,true
68555-000,br:municipality:1508407,served_by,true
68560-000,br:municipality:1506708,served_by,true
68565-000,br:municipality:1506583,served_by,true
68570-000,br:municipality:1507458,served_by,true
68575-000,br:municipality:1505635,served_by,true
68580-000,br:municipality:1503705,served_by,true
68585-000,br:municipality:1504976,served_by,true
68590-000,br:municipality:1503804,served_by,true
68600-000,br:municipality:1501709,served_by,true
68610-000,br:municipality:1500909,served_by,true
68617-000,br:municipality:1501956,served_by,true
68618-000,br:municipality:1504950,served_by,true
68620-000,br:municipality:1508308,served_by,true
68625-000,br:municipality:1505502,served_by,true
68632-000,br:municipality:1508126,served_by,true
68633-000,br:municipality:1502939,served_by,true
68635-000,br:municipality:1507201,served_by,true
68637-000,br:municipality:1503457,served_by,true
68638-000,br:municipality:1506187,served_by,true
68639-000,br:municipality:1503093,served_by,true
68640-000,br:municipality:1505403,served_by,true
68644-000,br:municipality:1506559,served_by,true
68645-000,br:municipality:1501600,served_by,true
68647-000,br:municipality:1508035,served_by,true
68650-000,br:municipality:1502301,served_by,true
68655-000,br:municipality:1503507,served_by,true
68658-000,br:municipality:1500958,served_by,true
68660-000,br:municipality:1507607,served_by,true
68665-000,br:municipality:1503077,served_by,true
68670-000,br:municipality:1501907,served_by,true
68675-000,br:municipality:1504059,served_by,true
68680-000,br:municipality:1508001,served_by,true
68685-000,br:municipality:1502756,served_by,true
68690-000,br:municipality:1500206,served_by,true
68695-000,br:municipality:1507953,served_by,true
68700-000,br:municipality:1502202,served_by,true
68707-000,br:municipality:1506104,served_by,true
68709-000,br:municipality:1506112,served_by,true
68710-000,br:municipality:1504307,served_by,true
68719-000,br:municipality:1507474,served_by,true
68720-000,br:municipality:1506906,served_by,true
68721-000,br:municipality:1506203,served_by,true
68722-000,br:municipality:1504109,served_by,true
68725-000,br:municipality:1503200,served_by,true
68730-000,br:municipality:1505007,served_by,true
68734-000,br:municipality:1505601,served_by,true
68738-000,br:municipality:1506609,served_by,true
68740-000,br:municipality:1502400,served_by,true
68748-000,br:municipality:1507409,served_by,true
68750-000,br:municipality:1502905,served_by,true
68760-000,br:municipality:1504406,served_by,true
68770-000,br:municipality:1503408,served_by,true
68773-000,br:municipality:1507961,served_by,true
68774-000,br:municipality:1507466,served_by,true
68775-000,br:municipality:1507102,served_by,true
68780-000,br:municipality:1508209,served_by,true
68785-000,br:municipality:1502608,served_by,true
68786-000,br:municipality:1507003,served_by,true
68790-000,br:municipality:1506500,served_by,true
68795-000,br:municipality:1501501,served_by,true
68798-000,br:municipality:1506351,served_by,true
68800-000,br:municipality:1501808,served_by,true
68810-000,br:municipality:1500701,served_by,true
68815-000,br:municipality:1502806,served_by,true
68820-000,br:municipality:1507706,served_by,true
68825-000,br:municipality:1504901,served_by,true
68830-000,br:municipality:1505700,served_by,true
68840-000,br:municipality:1502004,served_by,true
68850-000,br:municipality:1506401,served_by,true
68860-000,br:municipality:1506302,served_by,true
68870-000,br:municipality:1507904,served_by,true
68880-000,br:municipality:1502509,served_by,true
68890-000,br:municipality:1500305,served_by,true
68900-000,br:municipality:1600303,served_by,true
68915-000,br:municipality:1600238,served_by,true
68918-000,br:municipality:1600550,served_by,true
68920-000,br:municipality:1600279,served_by,true
68924-000,br:municipality:1600808,served_by,true
68925-000,br:municipality:1600600,served_by,true
68940-000,br:municipality:1600402,served_by,true
68945-000,br:municipality:1600154,served_by,true
68948-000,br:municipality:1600154,served_by,true
68950-000,br:municipality:1600105,served_by,true
68960-000,br:municipality:1600204,served_by,true
68973-000,br:municipality:1600212,served_by,true
68976-000,br:municipality:1600253,served_by,true
68980-000,br:municipality:1600501,served_by,true
68990-000,br:municipality:1600709,served_by,true
68997-000,br:municipality:1600535,served_by,true
69000-000,br:municipality:1302603,served_by,true
69100-000,br:municipality:1301902,served_by,true
69110-000,br:municipality:1304005,served_by,true
69115-000,br:municipality:1303569,served_by,true
69120-000,br:municipality:1302009,served_by,true
69130-000,br:municipality:1304302,served_by,true
69135-000,br:municipality:1303957,served_by,true
69140-000,br:municipality:1303007,served_by,true
69150-000,br:municipality:1303403,served_by,true
69160-000,br:municipality:1300508,served_by,true
69180-000,br:municipality:1304401,served_by,true
69190-000,br:municipality:1302900,served_by,true
69195-000,br:municipality:1300680,served_by,true
69200-000,br:municipality:1300805,served_by,true
69230-000,br:municipality:1303106,served_by,true
69240-000,br:municipality:1300300,served_by,true
69250-000,br:municipality:1301100,served_by,true
69255-000,br:municipality:1301159,served_by,true
69260-000,br:municipality:1303304,served_by,true
69265-000,br:municipality:1300144,served_by,true
69280-000,br:municipality:1302702,served_by,true
69300-000,br:municipality:1400100,served_by,true
69340-000,br:municipality:1400308,served_by,true
69343-000,br:municipality:1400027,served_by,true
69345-000,br:municipality:1400456,served_by,true
69348-000,br:municipality:1400282,served_by,true
69350-000,br:municipality:1400050,served_by,true
69355-000,br:municipality:1400407,served_by,true
69358-000,br:municipality:1400704,served_by,true
69360-000,br:municipality:1400209,served_by,true
69370-000,br:municipality:1400605,served_by,true
69373-000,br:municipality:1400472,served_by,true
69375-000,br:municipality:1400506,served_by,true
69378-000,br:municipality:1400233,served_by,true
69380-000,br:municipality:1400159,served_by,true
69390-000,br:municipality:1400175,served_by,true
69400-000,br:municipality:1302504,served_by,true
69405-000,br:municipality:1301852,served_by,true
69410-000,br:municipality:1300839,served_by,true
69430-000,br:municipality:1300631,served_by,true
69435-000,br:municipality:1302553,served_by,true
69440-000,br:municipality:1300102,served_by,true
69445-000,br:municipality:1300086,served_by,true
69450-000,br:municipality:1301308,served_by,true
69460-000,br:municipality:1301209,served_by,true
69470-000,br:municipality:1304203,served_by,true
69475-000,br:municipality:1300029,served_by,true
69480-000,br:municipality:1304104,served_by,true
69485-000,br:municipality:1304260,served_by,true
69490-000,br:municipality:1302801,served_by,true
69495-000,br:municipality:1302108,served_by,true
69500-000,br:municipality:1301001,served_by,true
69510-000,br:municipality:1301951,served_by,true
69520-000,br:municipality:1302207,served_by,true
69600-000,br:municipality:1303908,served_by,true
69620-000,br:municipality:1300060,served_by,true
69630-000,br:municipality:1300607,served_by,true
69640-000,br:municipality:1304062,served_by,true
69650-000,br:municipality:1300201,served_by,true
69660-000,br:municipality:1302306,served_by,true
69670-000,br:municipality:1301605,served_by,true
69680-000,br:municipality:1303700,served_by,true
69685-000,br:municipality:1304237,served_by,true
69700-000,br:municipality:1300409,served_by,true
69730-000,br:municipality:1303205,served_by,true
69735-000,br:municipality:1303536,served_by,true
69740-000,br:municipality:1303601,served_by,true
69750-000,br:municipality:1303809,served_by,true
69800-000,br:municipality:1301704,served_by,true
69820-000,br:municipality:1300904,served_by,true
69830-000,br:municipality:1302405,served_by,true
69850-000,br:municipality:1300706,served_by,true
69860-000,br:municipality:1303502,served_by,true
69870-000,br:municipality:1301506,served_by,true
69880-000,br:municipality:1301407,served_by,true
69890-000,br:municipality:1301803,served_by,true
69895-000,br:municipality:1301654,served_by,true
69900-000,br:municipality:1200401,served_by,true
69921-000,br:municipality:1200807,served_by,true
69922-000,br:municipality:1200179,served_by,true
69923-000,br:municipality:1200138,served_by,true
69925-000,br:municipality:1200450,served_by,true
69928-000,br:municipality:1200385,served_by,true
69930-000,br:municipality:1200708,served_by,true
69932-000,br:municipality:1200104,served_by,true
69934-000,br:municipality:1200252,served_by,true
69935-000,br:municipality:1200054,served_by,true
69940-000,br:municipality:1200500,served_by,true
69945-000,br:municipality:1200013,served_by,true
69950-000,br:municipality:1200344,served_by,true
69955-000,br:municipality:1200435,served_by,true
69960-000,br:municipality:1200302,served_by,true
69970-000,br:municipality:1200609,served_by,true
69975-000,br:municipality:1200328,served_by,true
69980-000,br:municipality:1200203,served_by,true
69982-000,br:municipality:1200393,served_by,true
69983-000,br:municipality:1200351,served_by,true
69985-000,br:municipality:1200427,served_by,true
69990-000,br:municipality:1200336,served_by,true
70000-000,br:municipality:5300108,served_by,true
70640-000,br:municipality:5300108,served_by,true
71000-000,br:municipality:5300108,served_by,true
71500-000,br:municipality:5300108,served_by,true
71570-000,br:municipality:5300108,served_by,true
71600-000,br:municipality:5300108,served_by,true
71690-000,br:municipality:5300108,served_by,true
71700-000,br:municipality:5300108,served_by,true
71725-000,br:municipality:5300108,served_by,true
71800-000,br:municipality:5300108,served_by,true
72000-000,br:municipality:5300108,served_by,true
72200-000,br:municipality:5300108,served_by,true
72300-000,br:municipality:5300108,served_by,true
72400-000,br:municipality:5300108,served_by,true
72500-000,br:municipality:5300108,served_by,true
72600-000,br:municipality:5300108,served_by,true
72700-000,br:municipality:5300108,served_by,true
72800-000,br:municipality:5212501,served_by,true
72860-000,br:municipality:5215231,served_by,true
72870-000,br:municipality:5221858,served_by,true
72880-000,br:municipality:5205497,served_by,true
72900-000,br:municipality:5219753,served_by,true
72910-000,br:municipality:5200258,served_by,true
72920-000,br:municipality:5200308,served_by,true
72940-000,br:municipality:5200100,served_by,true
72960-000,br:municipality:5205802,served_by,true
72975-000,br:municipality:5205513,served_by,true
72980-000,br:municipality:5217302,served_by,true
72990-000,br:municipality:5222302,served_by,true
73000-000,br:municipality:5300108,served_by,true
73300-000,br:municipality:5300108,served_by,true
73700-000,br:municipality:5215603,served_by,true
73730-000,br:municipality:5213053,served_by,true
73740-000,br:municipality:5205521,served_by,true
73750-000,br:municipality:5217609,served_by,true
73760-000,br:municipality:5220009,served_by,true
73770-000,br:municipality:5200605,served_by,true
73780-000,br:municipality:5200175,served_by,true
73790-000,br:municipality:5205307,served_by,true
73795-000,br:municipality:5221080,served_by,true
73800-000,br:municipality:5208004,served_by,true
73820-000,br:municipality:5214903,served_by,true
73825-000,br:municipality:5222203,served_by,true
73830-000,br:municipality:5213509,served_by,true
73840-000,br:municipality:5204904,served_by,true
73850-000,br:municipality:5206206,served_by,true
73860-000,br:municipality:5219803,served_by,true
73865-000,br:municipality:5208301,served_by,true
73870-000,br:municipality:5204003,served_by,true
73890-000,br:municipality:5207907,served_by,true
73900-000,br:municipality:5218300,served_by,true
73910-000,br:municipality:5209408,served_by,true
73920-000,br:municipality:5209903,served_by,true
73930-000,br:municipality:5220686,served_by,true
73950-000,br:municipality:5200803,served_by,true
73970-000,br:municipality:5212709,served_by,true
73975-000,br:municipality:5203962,served_by,true
73980-000,br:municipality:5206701,served_by,true
73990-000,br:municipality:5220702,served_by,true
74000-000,br:municipality:5208707,served_by,true
74900-000,br:municipality:5201405,served_by,true
75000-000,br:municipality:5201108,served_by,true
75165-000,br:municipality:5215405,served_by,true
75170-000,br:municipality:5208400,served_by,true
75175-000,br:municipality:5221197,served_by,true
75180-000,br:municipality:5220603,served_by,true
75185-000,br:municipality:5220264,served_by,true
75190-000,br:municipality:5212303,served_by,true
75195-000,br:municipality:5203559,served_by,true
75200-000,br:municipality:5217401,served_by,true
75210-000,br:municipality:5215801,served_by,true
75220-000,br:municipality:5219209,served_by,true
75230-000,br:municipality:5206305,served_by,true
75240-000,br:municipality:5203302,served_by,true
75245-000,br:municipality:5204557,served_by,true
75250-000,br:municipality:5220454,served_by,true
75260-000,br:municipality:5222005,served_by,true
75280-000,br:municipality:5215306,served_by,true
75340-000,br:municipality:5209705,served_by,true
75345-000,br:municipality:5200050,served_by,true
75350-000,br:municipality:5209200,served_by,true
75355-000,br:municipality:5221908,served_by,true
75360-000,br:municipality:5201801,served_by,true
75370-000,br:municipality:5208806,served_by,true
75375-000,br:municipality:5219738,served_by,true
75380-000,br:municipality:5221403,served_by,true
75385-000,br:municipality:5204607,served_by,true
75390-000,br:municipality:5219100,served_by,true
75395-000,br:municipality:5202809,served_by,true
75400-000,br:municipality:5210000,served_by,true
75410-000,br:municipality:5201603,served_by,true
75420-000,br:municipality:5206800,served_by,true
75430-000,br:municipality:5205208,served_by,true
75440-000,br:municipality:5203609,served_by,true
75450-000,br:municipality:5211404,served_by,true
75455-000,br:municipality:5219506,served_by,true
75460-000,br:municipality:5214507,served_by,true
75470-000,br:municipality:5215009,served_by,true
75480-000,br:municipality:5216809,served_by,true
75490-000,br:municipality:5219902,served_by,true
75495-000,br:municipality:5212055,served_by,true
75500-000,br:municipality:5211503,served_by,true
75550-000,br:municipality:5209937,served_by,true
75555-000,br:municipality:5222054,served_by,true
75560-000,br:municipality:5204250,served_by,true
75570-000,br:municipality:5203500,served_by,true
75580-000,br:municipality:5216007,served_by,true
75600-000,br:municipality:5209101,served_by,true
75603-000,br:municipality:5218052,served_by,true
75610-000,br:municipality:5212105,served_by,true
75615-000,br:municipality:5200506,served_by,true
75620-000,br:municipality:5217708,served_by,true
75630-000,br:municipality:5212600,served_by,true
75635-000,br:municipality:5206503,served_by,true
75640-000,br:municipality:5217104,served_by,true
75645-000,br:municipality:5218391,served_by,true
75650-000,br:municipality:5213806,served_by,true
75660-000,br:municipality:5203906,served_by,true
75665-000,br:municipality:5200209,served_by,true
75670-000,br:municipality:5212907,served_by,true
75680-000,br:municipality:5205901,served_by,true
75690-000,br:municipality:5204508,served_by,true
75695-000,br:municipality:5218789,served_by,true
75700-000,br:municipality:5205109,served_by,true
75715-000,br:municipality:5215504,served_by,true
75720-000,br:municipality:5221304,served_by,true
75730-000,br:municipality:5206909,served_by,true
75740-000,br:municipality:5208509,served_by,true
75750-000,br:municipality:5214804,served_by,true
75760-000,br:municipality:5206602,served_by,true
75770-000,br:municipality:5201207,served_by,true
75780-000,br:municipality:5210109,served_by,true
75790-000,br:municipality:5221809,served_by,true
75795-000,br:municipality:5204805,served_by,true
75800-000,br:municipality:5211909,served_by,true
75810-000,br:municipality:5211305,served_by,true
75813-000,br:municipality:5204300,served_by,true
75815-000,br:municipality:5210802,served_by,true
75820-000,br:municipality:5220504,served_by,true
75823-000,br:municipality:5216452,served_by,true
75825-000,br:municipality:5201504,served_by,true
75827-000,br:municipality:5201454,served_by,true
75828-000,br:municipality:5205471,served_by,true
75830-000,br:municipality:5213103,served_by,true
75835-000,br:municipality:5218102,served_by,true
75840-000,br:municipality:5219407,served_by,true
75845-000,br:municipality:5215652,served_by,true
75850-000,br:municipality:5204409,served_by,true
75855-000,br:municipality:5207253,served_by,true
75860-000,br:municipality:5218508,served_by,true
75865-000,br:municipality:5209150,served_by,true
75870-000,br:municipality:5204102,served_by,true
75880-000,br:municipality:5216304,served_by,true
75890-000,br:municipality:5220405,served_by,true
75900-000,br:municipality:5218805,served_by,true
75915-000,br:municipality:5213756,served_by,true
75920-000,br:municipality:5219308,served_by,true
75925-000,br:municipality:5205059,served_by,true
75930-000,br:municipality:5213004,served_by,true
75935-000,br:municipality:5219712,served_by,true
75940-000,br:municipality:5207402,served_by,true
75945-000,br:municipality:5207352,served_by,true
75950-000,br:municipality:5211701,served_by,true
75955-000,br:municipality:5209952,served_by,true
75960-000,br:municipality:5200134,served_by,true
75970-000,br:municipality:5221551,served_by,true
75980-000,br:municipality:5216403,served_by,true
75985-000,br:municipality:5220058,served_by,true
75990-000,br:municipality:5215900,served_by,true
76100-000,br:municipality:5220108,served_by,true
76105-000,br:municipality:5207808,served_by,true
76110-000,br:municipality:5221502,served_by,true
76120-000,br:municipality:5202601,served_by,true
76125-000,br:municipality:5204201,served_by,true
76130-000,br:municipality:5211602,served_by,true
76135-000,br:municipality:5213400,served_by,true
76140-000,br:municipality:5200902,served_by,true
76145-000,br:municipality:5205703,served_by,true
76150-000,br:municipality:5213905,served_by,true
76152-000,br:municipality:5203939,served_by,true
76155-000,br:municipality:5200159,served_by,true
76160-000,br:municipality:5219001,served_by,true
76165-000,br:municipality:5200852,served_by,true
76170-000,br:municipality:5201306,served_by,true
76180-000,br:municipality:5214408,served_by,true
76190-000,br:municipality:5215702,served_by,true
76195-000,br:municipality:5205455,served_by,true
76200-000,br:municipality:5210208,served_by,true
76205-000,br:municipality:5210307,served_by,true
76210-000,br:municipality:5212006,served_by,true
76220-000,br:municipality:5207600,served_by,true
76230-000,br:municipality:5217203,served_by,true
76235-000,br:municipality:5202353,served_by,true
76240-000,br:municipality:5201702,served_by,true
76245-000,br:municipality:5203401,served_by,true
76250-000,br:municipality:5203104,served_by,true
76255-000,br:municipality:5213707,served_by,true
76260-000,br:municipality:5207105,served_by,true
76265-000,br:municipality:5219258,served_by,true
76270-000,br:municipality:5212204,served_by,true
76280-000,br:municipality:5203807,served_by,true
76285-000,br:municipality:5215207,served_by,true
76290-000,br:municipality:5211008,served_by,true
76300-000,br:municipality:5205406,served_by,true
76305-000,br:municipality:5214861,served_by,true
76310-000,br:municipality:5218607,served_by,true
76315-000,br:municipality:5218706,served_by,true
76320-000,br:municipality:5219357,served_by,true
76330-000,br:municipality:5211800,served_by,true
76335-000,br:municipality:5221700,served_by,true
76340-000,br:municipality:5205000,served_by,true
76343-000,br:municipality:5220280,served_by,true
76345-000,br:municipality:5214705,served_by,true
76350-000,br:municipality:5218904,served_by,true
76355-000,br:municipality:5213855,served_by,true
76360-000,br:municipality:5210901,served_by,true
76365-000,br:municipality:5220157,served_by,true
76370-000,br:municipality:5216908,served_by,true
76375-000,br:municipality:5209804,served_by,true
76380-000,br:municipality:5208608,served_by,true
76385-000,br:municipality:5209457,served_by,true
76390-000,br:municipality:5203203,served_by,true
76395-000,br:municipality:5219456,served_by,true
76400-000,br:municipality:5221601,served_by,true
76410-000,br:municipality:5204706,served_by,true
76420-000,br:municipality:5214606,served_by,true
76440-000,br:municipality:5204656,served_by,true
76450-000,br:municipality:5213087,served_by,true
76460-000,br:municipality:5221452,served_by,true
76465-000,br:municipality:5213772,served_by,true
76470-000,br:municipality:5208103,served_by,true
76480-000,br:municipality:5219605,served_by,true
76485-000,br:municipality:5207501,served_by,true
76490-000,br:municipality:5212808,served_by,true
76493-000,br:municipality:5200829,served_by,true
76495-000,br:municipality:5214879,served_by,true
76500-000,br:municipality:5219704,served_by,true
76510-000,br:municipality:5206404,served_by,true
76515-000,br:municipality:5204953,served_by,true
76520-000,br:municipality:5214838,served_by,true
76525-000,br:municipality:5221577,served_by,true
76530-000,br:municipality:5214051,served_by,true
76540-000,br:municipality:5214101,served_by,true
76550-000,br:municipality:5218003,served_by,true
76555-000,br:municipality:5203575,served_by,true
76560-000,br:municipality:5200555,served_by,true
76580-000,br:municipality:5215256,served_by,true
76590-000,br:municipality:5220207,served_by,true
76600-000,br:municipality:5208905,served_by,true
76630-000,br:municipality:5210406,served_by,true
76640-000,br:municipality:5221007,served_by,true
76650-000,br:municipality:5210562,served_by,true
76660-000,br:municipality:5210604,served_by,true
76670-000,br:municipality:5209606,served_by,true
76680-000,br:municipality:5211206,served_by,true
76690-000,br:municipality:5209291,served_by,true
76700-000,br:municipality:5214002,served_by,true
76710-000,br:municipality:5202502,served_by,true
76720-000,br:municipality:5202155,served_by,true
76730-000,br:municipality:5212956,served_by,true
76740-000,br:municipality:5207535,served_by,true
76861-000,br:municipality:1101104,served_by,true
77000-000,br:municipality:1721000,served_by,true
77300-000,br:municipality:1707009,served_by,true
77303-000,br:municipality:1718659,served_by,true
77305-000,br:municipality:1705607,served_by,true
77308-000,br:municipality:1720937,served_by,true
77310-000,br:municipality:1700400,served_by,true
77315-000,br:municipality:1717800,served_by,true
77318-000,br:municipality:1715259,served_by,true
77320-000,br:municipality:1720903,served_by,true
77325-000,br:municipality:1702703,served_by,true
77328-000,br:municipality:1712157,served_by,true
77330-000,br:municipality:1702406,served_by,true
77350-000,br:municipality:1705557,served_by,true
77353-000,br:municipality:1715150,served_by,true
77360-000,br:municipality:1716208,served_by,true
77365-000,br:municipality:1715754,served_by,true
77368-000,br:municipality:1720259,served_by,true
77370-000,br:municipality:1714203,served_by,true
77375-000,br:municipality:1718907,served_by,true
77378-000,br:municipality:1705102,served_by,true
77380-000,br:municipality:1717008,served_by,true
77390-000,br:municipality:1720499,served_by,true
77395-000,br:municipality:1718006,served_by,true
77400-000,br:municipality:1709500,served_by,true
77450-000,br:municipality:1711506,served_by,true
77453-000,br:municipality:1703867,served_by,true
77455-000,br:municipality:1700350,served_by,true
77458-000,br:municipality:1720853,served_by,true
77460-000,br:municipality:1716604,served_by,true
77463-000,br:municipality:1706258,served_by,true
77465-000,br:municipality:1707652,served_by,true
77470-000,br:municipality:1708205,served_by,true
77475-000,br:municipality:1702000,served_by,true
77478-000,br:municipality:1718840,served_by,true
77480-000,br:municipality:1700707,served_by,true
77483-000,br:municipality:1720978,served_by,true
77485-000,br:municipality:1707306,served_by,true
77490-000,br:municipality:1706100,served_by,true
77493-000,br:municipality:1711902,served_by,true
77495-000,br:municipality:1715002,served_by,true
77500-000,br:municipality:1718204,served_by,true
77553-000,br:municipality:1709807,served_by,true
77555-000,br:municipality:1707553,served_by,true
77558-000,br:municipality:1715507,served_by,true
77560-000,br:municipality:1703701,served_by,true
77565-000,br:municipality:1718899,served_by,true
77570-000,br:municipality:1717503,served_by,true
77575-000,br:municipality:1704600,served_by,true
77580-000,br:municipality:1720655,served_by,true
77585-000,br:municipality:1713601,served_by,true
77590-000,br:municipality:1717909,served_by,true
77593-000,br:municipality:1712702,served_by,true
77600-000,br:municipality:1716109,served_by,true
77603-000,br:municipality:1718451,served_by,true
77605-000,br:municipality:1720150,served_by,true
77610-000,br:municipality:1715101,served_by,true
77613-000,br:municipality:1711951,served_by,true
77615-000,br:municipality:1719004,served_by,true
77620-000,br:municipality:1701101,served_by,true
77630-000,br:municipality:1712405,served_by,true
77635-000,br:municipality:1718758,served_by,true
77640-000,br:municipality:1721109,served_by,true
77645-000,br:municipality:1712009,served_by,true
77650-000,br:municipality:1713205,served_by,true
77655-000,br:municipality:1718709,served_by,true
77660-000,br:municipality:1713304,served_by,true
77665-000,br:municipality:1703107,served_by,true
77670-000,br:municipality:1707108,served_by,true
77673-000,br:municipality:1713700,served_by,true
77675-000,br:municipality:1712504,served_by,true
77680-000,br:municipality:1703909,served_by,true
77685-000,br:municipality:1707207,served_by,true
77690-000,br:municipality:1701903,served_by,true
77693-000,br:municipality:1700251,served_by,true
77695-000,br:municipality:1708304,served_by,true
77700-000,br:municipality:1709302,served_by,true
77704-000,br:municipality:1721257,served_by,true
77708-000,br:municipality:1708254,served_by,true
77710-000,br:municipality:1716505,served_by,true
77714-000,br:municipality:1703305,served_by,true
77716-000,br:municipality:1718881,served_by,true
77718-000,br:municipality:1710904,served_by,true
77720-000,br:municipality:1710508,served_by,true
77723-000,br:municipality:1704105,served_by,true
77725-000,br:municipality:1716703,served_by,true
77730-000,br:municipality:1716653,served_by,true
77733-000,br:municipality:1718501,served_by,true
77735-000,br:municipality:1703602,served_by,true
77740-000,br:municipality:1711100,served_by,true
77743-000,br:municipality:1721307,served_by,true
77745-000,br:municipality:1718402,served_by,true
77750-000,br:municipality:1706001,served_by,true
77753-000,br:municipality:1711803,served_by,true
77755-000,br:municipality:1703206,served_by,true
77760-000,br:municipality:1705508,served_by,true
77765-000,br:municipality:1703073,served_by,true
77770-000,br:municipality:1709005,served_by,true
77777-000,br:municipality:1703842,served_by,true
77780-000,br:municipality:1702307,served_by,true
77783-000,br:municipality:1703057,served_by,true
77785-000,br:municipality:1716307,served_by,true
77790-000,br:municipality:1714880,served_by,true
77795-000,br:municipality:1707702,served_by,true
77798-000,br:municipality:1715705,served_by,true
77800-000,br:municipality:1702109,served_by,true
77840-000,br:municipality:1703883,served_by,true
77845-000,br:municipality:1701309,served_by,true
77848-000,br:municipality:1718865,served_by,true
77850-000,br:municipality:1713957,served_by,true
77855-000,br:municipality:1702158,served_by,true
77860-000,br:municipality:1722081,served_by,true
77870-000,br:municipality:1703008,served_by,true
77880-000,br:municipality:1722107,served_by,true
77885-000,br:municipality:1720002,served_by,true
77888-000,br:municipality:1717206,served_by,true
77890-000,br:municipality:1701002,served_by,true
77893-000,br:municipality:1718550,served_by,true
77895-000,br:municipality:1714302,served_by,true
77900-000,br:municipality:1721208,served_by,true
77903-000,br:municipality:1712454,served_by,true
77905-000,br:municipality:1701051,served_by,true
77908-000,br:municipality:1700301,served_by,true
77910-000,br:municipality:1706506,served_by,true
77913-000,br:municipality:1713809,served_by,true
77915-000,br:municipality:1703826,served_by,true
77918-000,br:municipality:1712801,served_by,true
77920-000,br:municipality:1710706,served_by,true
77925-000,br:municipality:1720200,served_by,true
77930-000,br:municipality:1702901,served_by,true
77940-000,br:municipality:1720804,served_by,true
77950-000,br:municipality:1702208,served_by,true
77958-000,br:municipality:1720101,served_by,true
77960-000,br:municipality:1702554,served_by,true
77970-000,br:municipality:1718303,served_by,true
77980-000,br:municipality:1718808,served_by,true
77985-000,br:municipality:1703891,served_by,true
77990-000,br:municipality:1720309,served_by,true
77993-000,br:municipality:1707405,served_by,true
77995-000,br:municipality:1703800,served_by,true
78000-000,br:municipality:5103403,served_by,true
78110-000,br:municipality:5108402,served_by,true
78170-000,br:municipality:5106109,served_by,true
78175-000,br:municipality:5106505,served_by,true
78180-000,br:municipality:5107800,served_by,true
78190-000,br:municipality:5101605,served_by,true
78195-000,br:municipality:5103007,served_by,true
78200-000,br:municipality:5102504,served_by,true
78240-000,br:municipality:5106828,served_by,true
78243-000,br:municipality:5106182,served_by,true
78245-000,br:municipality:5105507,served_by,true
78250-000,br:municipality:5106752,served_by,true
78255-000,br:municipality:5105002,served_by,true
78260-000,br:municipality:5101258,served_by,true
78265-000,br:municipality:5107156,served_by,true
78270-000,br:municipality:5107750,served_by,true
78275-000,br:municipality:5107206,served_by,true
78278-000,br:municipality:5105234,served_by,true
78280-000,br:municipality:5105622,served_by,true
78285-000,br:municipality:5107107,served_by,true
78290-000,br:municipality:5103809,served_by,true
78293-000,br:municipality:5103957,served_by,true
78295-000,br:municipality:5104500,served_by,true
78300-000,br:municipality:5107958,served_by,true
78307-000,br:municipality:5102686,served_by,true
78310-000,br:municipality:5103304,served_by,true
78320-000,br:municipality:5105150,served_by,true
78325-000,br:municipality:5101407,served_by,true
78330-000,br:municipality:5103379,served_by,true
78340-000,br:municipality:5105176,served_by,true
78345-000,br:municipality:5102850,served_by,true
78350-000,br:municipality:5101902,served_by,true
78360-000,br:municipality:5102637,served_by,true
78365-000,br:municipality:5107875,served_by,true
78370-000,br:municipality:5106232,served_by,true
78380-000,br:municipality:5103452,served_by,true
78390-000,br:municipality:5101704,served_by,true
78398-000,br:municipality:5106851,served_by,true
78400-000,br:municipality:5103502,served_by,true
78410-000,br:municipality:5100508,served_by,true
78415-000,br:municipality:5108857,served_by,true
78420-000,br:municipality:5101308,served_by,true
78425-000,br:municipality:5107263,served_by,true
78430-000,br:municipality:5106000,served_by,true
78435-000,br:municipality:5107305,served_by,true
78445-000,br:municipality:5108907,served_by,true
78450-000,br:municipality:5106224,served_by,true
78455-000,br:municipality:5105259,served_by,true
78460-000,br:municipality:5105903,served_by,true
78470-000,br:municipality:5107701,served_by,true
78480-000,br:municipality:5100102,served_by,true
78490-000,br:municipality:5104906,served_by,true
78500-000,br:municipality:5103205,served_by,true
78505-000,br:municipality:5108055,served_by,true
78508-000,br:municipality:5108808,served_by,true
78510-000,br:municipality:5104559,served_by,true
78515-000,br:municipality:5106216,served_by,true
78520-000,br:municipality:5104104,served_by,true
78525-000,br:municipality:5105606,served_by,true
78528-000,br:municipality:5106265,served_by,true
78530-000,br:municipality:5106422,served_by,true
78535-000,br:municipality:5105580,served_by,true
78540-000,br:municipality:5103056,served_by,true
78543-000,br:municipality:5108303,served_by,true
78545-000,br:municipality:5107248,served_by,true
78550-000,br:municipality:5107909,served_by,true
78555-000,br:municipality:5108006,served_by,true
78560-000,br:municipality:5106802,served_by,true
78563-000,br:municipality:5107941,served_by,true
78565-000,br:municipality:5106158,served_by,true
78570-000,br:municipality:5106273,served_by,true
78575-000,br:municipality:5105101,served_by,true
78580-000,br:municipality:5100250,served_by,true
78587-000,br:municipality:5102793,served_by,true
78590-000,br:municipality:5106299,served_by,true
78593-000,br:municipality:5108956,served_by,true
78595-000,br:municipality:5100805,served_by,true
78600-000,br:municipality:5101803,served_by,true
78610-000,br:municipality:5106703,served_by,true
78613-000,br:municipality:5107198,served_by,true
78615-000,br:municipality:5101209,served_by,true
78620-000,br:municipality:5103908,served_by,true
78625-000,br:municipality:5106281,served_by,true
78630-000,br:municipality:5102603,served_by,true
78635-000,br:municipality:5100201,served_by,true
78640-000,br:municipality:5102702,served_by,true
78643-000,br:municipality:5107065,served_by,true
78645-000,br:municipality:5108600,served_by,true
78650-000,br:municipality:5107776,served_by,true
78652-000,br:municipality:5103353,served_by,true
78655-000,br:municipality:5106778,served_by,true
78658-000,br:municipality:5102694,served_by,true
78660-000,br:municipality:5105309,served_by,true
78663-000,br:municipality:5107354,served_by,true
78665-000,br:municipality:5100359,served_by,true
78670-000,br:municipality:5107859,served_by,true
78675-000,br:municipality:5107180,served_by,true
78680-000,br:municipality:5103106,served_by,true
78685-000,br:municipality:5101001,served_by,true
78690-000,br:municipality:5106257,served_by,true
78695-000,br:municipality:5108204,served_by,true
78698-000,br:municipality:5106653,served_by,true
78700-000,br:municipality:5107602,served_by,true
78760-000,br:municipality:5104203,served_by,true
78770-000,br:municipality:5100409,served_by,true
78773-000,br:municipality:5107297,served_by,true
78775-000,br:municipality:5108105,served_by,true
78780-000,br:municipality:5100300,served_by,true
78785-000,br:municipality:5100607,served_by,true
78790-000,br:municipality:5104609,served_by,true
78795-000,br:municipality:5106372,served_by,true
78800-000,br:municipality:5107008,served_by,true
78810-000,br:municipality:5105200,served_by,true
78820-000,br:municipality:5104807,served_by,true
78830-000,br:municipality:5103601,served_by,true
78835-000,br:municipality:5107404,served_by,true
78840-000,br:municipality:5102678,served_by,true
78850-000,br:municipality:5107040,served_by,true
78855-000,br:municipality:5106455,served_by,true
78860-000,br:municipality:5106208,served_by,true
78870-000,br:municipality:5106307,served_by,true
78875-000,br:municipality:5103858,served_by,true
78880-000,br:municipality:5108501,served_by,true
78885-000,br:municipality:5103700,served_by,true
78888-000,br:municipality:5106240,served_by,true
78890-000,br:municipality:5107925,served_by,true
78900-000,br:municipality:1100205,served_by,true
78930-000,br:municipality:1100023,served_by,true
78937-000,br:municipality:1101104,served_by,true
78938-000,br:municipality:1100809,served_by,true
78939-000,br:municipality:1100338,served_by,true
78940-000,br:municipality:1100114,served_by,true
78944-000,br:municipality:1100601,served_by,true
78945-000,br:municipality:1100262,served_by,true
78945-800,br:municipality:1100940,served_by,true
78946-000,br:municipality:1101005,served_by,true
78947-000,br:municipality:1101609,served_by,true
78948-000,br:municipality:1100130,served_by,true
78948-800,br:municipality:1101757,served_by,true
78949-000,br:municipality:1101302,served_by,true
78950-000,br:municipality:1100155,served_by,true
78953-000,br:municipality:1101435,served_by,true
78954-000,br:municipality:1101559,served_by,true
78955-000,br:municipality:1101708,served_by,true
78956-000,br:municipality:1100403,served_by,true
78957-000,br:municipality:1100106,served_by,true
78959-000,br:municipality:1101807,served_by,true
78960-000,br:municipality:1100122,served_by,true
78965-000,br:municipality:1101401,served_by,true
78966-000,br:municipality:1100072,served_by,true
78967-000,br:municipality:1100700,served_by,true
78967-800,br:municipality:1100452,served_by,true
78968-000,br:municipality:1100254,served_by,true
78969-000,br:municipality:1100346,served_by,true
78970-000,br:municipality:1100320,served_by,true
78971-000,br:municipality:1100080,served_by,true
78973-000,br:municipality:1101492,served_by,true
78974-000,br:municipality:1100148,served_by,true
78975-000,br:municipality:1100049,served_by,true
78981-000,br:municipality:1101203,served_by,true
78983-000,br:municipality:1100098,served_by,true
78984-000,br:municipality:1100189,served_by,true
78986-000,br:municipality:1101484,served_by,true
78987-000,br:municipality:1100288,served_by,true
78988-000,br:municipality:1101476,served_by,true
78989-000,br:municipality:1101450,served_by,true
78990-000,br:municipality:1101500,served_by,true
78991-000,br:municipality:1100502,served_by,true
78992-000,br:municipality:1100908,served_by,true
78993-000,br:municipality:1100296,served_by,true
78994-000,br:municipality:1100015,served_by,true
78994-800,br:municipality:1100379,served_by,true
78995-000,br:municipality:1100304,served_by,true
78995-800,br:municipality:1100924,served_by,true
78996-000,br:municipality:1100064,served_by,true
78997-000,br:municipality:1100056,served_by,true
78998-000,br:municipality:1101468,served_by,true
78999-000,br:municipality:1100031,served_by,true
79000-000,br:municipality:5002704,served_by,true
79130-000,br:municipality:5007208,served_by,true
79140-000,br:municipality:5006002,served_by,true
79150-000,br:municipality:5005400,served_by,true
79170-000,br:municipality:5007901,served_by,true
79180-000,br:municipality:5007109,served_by,true
79190-000,br:municipality:5008008,served_by,true
79200-000,br:municipality:5001102,served_by,true
79210-000,br:municipality:5000708,served_by,true
79215-000,br:municipality:5003488,served_by,true
79220-000,br:municipality:5005806,served_by,true
79230-000,br:municipality:5004106,served_by,true
79240-000,br:municipality:5005004,served_by,true
79260-000,br:municipality:5002100,served_by,true
79270-000,br:municipality:5002803,served_by,true
79280-000,br:municipality:5006903,served_by,true
79290-000,br:municipality:5002209,served_by,true
79300-000,br:municipality:5003207,served_by,true
79370-000,br:municipality:5005202,served_by,true
79380-000,br:municipality:5005608,served_by,true
79390-000,br:municipality:5002159,served_by,true
79400-000,br:municipality:5003306,served_by,true
79410-000,br:municipality:5006408,served_by,true
79415-000,br:municipality:5007935,served_by,true
79420-000,br:municipality:5002605,served_by,true
79430-000,br:municipality:5001508,served_by,true
79440-000,br:municipality:5004908,served_by,true
79450-000,br:municipality:5007505,served_by,true
79460-000,br:municipality:5003108,served_by,true
79470-000,br:municipality:5007307,served_by,true
79480-000,br:municipality:5007406,served_by,true
79490-000,br:municipality:5007695,served_by,true
79500-000,br:municipality:5006309,served_by,true
79530-000,br:municipality:5000252,served_by,true
79540-000,br:municipality:5002902,served_by,true
79550-000,br:municipality:5003256,served_by,true
79560-000,br:municipality:5002951,served_by,true
79570-000,br:municipality:5001003,served_by,true
79580-000,br:municipality:5004403,served_by,true
79590-000,br:municipality:5007802,served_by,true
79600-000,br:municipality:5008305,served_by,true
79670-000,br:municipality:5002308,served_by,true
79680-000,br:municipality:5000203,served_by,true
79690-000,br:municipality:5007554,served_by,true
79700-000,br:municipality:5003801,served_by,true
79710-000,br:municipality:5008404,served_by,true
79720-000,br:municipality:5005103,served_by,true
79730-000,br:municipality:5004007,served_by,true
79740-000,br:municipality:5004700,served_by,true
79745-000,br:municipality:5006259,served_by,true
79750-000,br:municipality:5006200,served_by,true
79760-000,br:municipality:5002001,served_by,true
79765-000,br:municipality:5007976,served_by,true
79770-000,br:municipality:5000807,served_by,true
79780-000,br:municipality:5001904,served_by,true
79785-000,br:municipality:5000856,served_by,true
79790-000,br:municipality:5003454,served_by,true
79800-000,br:municipality:5003702,served_by,true
79880-000,br:municipality:5003504,served_by,true
79890-000,br:municipality:5004502,served_by,true
79900-000,br:municipality:5006606,served_by,true
79910-000,br:municipality:5000906,served_by,true
79920-000,br:municipality:5005251,served_by,true
79925-000,br:municipality:5006358,served_by,true
79930-000,br:municipality:5001243,served_by,true
79935-000,br:municipality:5007703,served_by,true
79940-000,br:municipality:5002407,served_by,true
79950-000,br:municipality:5005707,served_by,true
79955-000,br:municipality:5005152,served_by,true
79960-000,br:municipality:5004304,served_by,true
79965-000,br:municipality:5004601,served_by,true
79970-000,br:municipality:5003751,served_by,true
79975-000,br:municipality:5007950,served_by,true
79980-000,br:municipality:5005681,served_by,true
79985-000,br:municipality:5004809,served_by,true
79990-000,br:municipality:5000609,served_by,true
79995-000,br:municipality:5003157,served_by,true
80000-000,br:municipality:4106902,served_by,true
83000-000,br:municipality:4125506,served_by,true
83190-000,br:municipality:4127601,served_by,true
83200-000,br:municipality:4118204,served_by,true
83255-000,br:municipality:4119954,served_by,true
83260-000,br:municipality:4115705,served_by,true
83280-000,br:municipality:4109609,served_by,true
83300-000,br:municipality:4119509,served_by,true
83320-000,br:municipality:4119152,served_by,true
83350-000,br:municipality:4116208,served_by,true
83370-000,br:municipality:4101200,served_by,true
83390-000,br:municipality:4109500,served_by,true
83400-000,br:municipality:4105805,served_by,true
83420-000,br:municipality:4120804,served_by,true
83430-000,br:municipality:4104006,served_by,true
83450-000,br:municipality:4103107,served_by,true
83480-000,br:municipality:4127882,served_by,true
83490-000,br:municipality:4100202,served_by,true
83500-000,br:municipality:4100400,served_by,true
83535-000,br:municipality:4104253,served_by,true
83540-000,br:municipality:4122206,served_by,true
83560-000,br:municipality:4111258,served_by,true
83570-000,br:municipality:4105201,served_by,true
83590-000,br:municipality:4128633,served_by,true
83600-000,br:municipality:4104204,served_by,true
83650-000,br:municipality:4102307,served_by,true
83700-000,br:municipality:4101804,served_by,true
83730-000,br:municipality:4106209,served_by,true
83750-000,br:municipality:4113205,served_by,true
83800-000,br:municipality:4114302,served_by,true
83820-000,br:municipality:4107652,served_by,true
83840-000,br:municipality:4121208,served_by,true
83850-000,br:municipality:4100301,served_by,true
83860-000,br:municipality:4119103,served_by,true
83870-000,br:municipality:4104105,served_by,true
83880-000,br:municipality:4122305,served_by,true
83900-000,br:municipality:4125605,served_by,true
83980-000,br:municipality:4101309,served_by,true
84000-000,br:municipality:4119905,served_by,true
84130-000,br:municipality:4117701,served_by,true
84140-000,br:municipality:4120101,served_by,true
84145-000,br:municipality:4104659,served_by,true
84150-000,br:municipality:4125100,served_by,true
84160-000,br:municipality:4104907,served_by,true
84200-000,br:municipality:4112009,served_by,true
84220-000,br:municipality:4126306,served_by,true
84240-000,br:municipality:4119400,served_by,true
84250-000,br:municipality:4110078,served_by,true
84260-000,br:municipality:4127106,served_by,true
84280-000,br:municipality:4107009,served_by,true
84285-000,br:municipality:4107751,served_by,true
84290-000,br:municipality:4126207,served_by,true
84300-000,br:municipality:4127502,served_by,true
84320-000,br:municipality:4121703,served_by,true
84345-000,br:municipality:4128534,served_by,true
84350-000,br:municipality:4117305,served_by,true
84400-000,br:municipality:4120606,served_by,true
84430-000,br:municipality:4110102,served_by,true
84435-000,br:municipality:4108957,served_by,true
84450-000,br:municipality:4110508,served_by,true
84460-000,br:municipality:4111407,served_by,true
84470-000,br:municipality:4104402,served_by,true
84500-000,br:municipality:4110706,served_by,true
84530-000,br:municipality:4127007,served_by,true
84535-000,br:municipality:4107736,served_by,true
84550-000,br:municipality:4121505,served_by,true
84560-000,br:municipality:4122008,served_by,true
84570-000,br:municipality:4113908,served_by,true
84600-000,br:municipality:4128203,served_by,true
84610-000,br:municipality:4120309,served_by,true
84620-000,br:municipality:4106803,served_by,true
84630-000,br:municipality:4118600,served_by,true
84635-000,br:municipality:4118709,served_by,true
84640-000,br:municipality:4102901,served_by,true
84660-000,br:municipality:4108502,served_by,true
84900-000,br:municipality:4109708,served_by,true
84920-000,br:municipality:4112306,served_by,true
84925-000,br:municipality:4119202,served_by,true
84930-000,br:municipality:4111704,served_by,true
84935-000,br:municipality:4127809,served_by,true
84940-000,br:municipality:4126603,served_by,true
84945-000,br:municipality:4122909,served_by,true
84950-000,br:municipality:4128500,served_by,true
84970-000,br:municipality:4124004,served_by,true
84980-000,br:municipality:4125407,served_by,true
84990-000,br:municipality:4101606,served_by,true
85000-000,br:municipality:4109401,served_by,true
85140-000,br:municipality:4104428,served_by,true
85145-000,br:municipality:4108452,served_by,true
85148-000,br:municipality:4103958,served_by,true
85150-000,br:municipality:4127965,served_by,true
85155-000,br:municipality:4110201,served_by,true
85160-000,br:municipality:4104451,served_by,true
85162-000,br:municipality:4108650,served_by,true
85168-000,br:municipality:4115457,served_by,true
85170-000,br:municipality:4119301,served_by,true
85195-000,br:municipality:4121752,served_by,true
85200-000,br:municipality:4119608,served_by,true
85225-000,br:municipality:4103040,served_by,true
85230-000,br:municipality:4123857,served_by,true
85240-000,br:municipality:4115739,served_by,true
85250-000,br:municipality:4117271,served_by,true
85260-000,br:municipality:4114500,served_by,true
85270-000,br:municipality:4117800,served_by,true
85275-000,br:municipality:4113254,served_by,true
85280-000,br:municipality:4100459,served_by,true
85300-000,br:municipality:4113304,served_by,true
85340-000,br:municipality:4122156,served_by,true
85345-000,br:municipality:4120150,served_by,true
85350-000,br:municipality:4117057,served_by,true
85390-000,br:municipality:4128658,served_by,true
85400-000,br:municipality:4109302,served_by,true
85408-000,br:municipality:4107124,served_by,true
85410-000,br:municipality:4116703,served_by,true
85415-000,br:municipality:4103453,served_by,true
85420-000,br:municipality:4106308,served_by,true
85423-000,br:municipality:4110052,served_by,true
85425-000,br:municipality:4101051,served_by,true
85430-000,br:municipality:4103354,served_by,true
85440-000,br:municipality:4128005,served_by,true
85450-000,br:municipality:4104055,served_by,true
85460-000,br:municipality:4120903,served_by,true
85465-000,br:municipality:4107546,served_by,true
85470-000,br:municipality:4105003,served_by,true
85478-000,br:municipality:4109757,served_by,true
85485-000,br:municipality:4127858,served_by,true
85500-000,br:municipality:4118501,served_by,true
85515-000,br:municipality:4103222,served_by,true
85520-000,br:municipality:4128708,served_by,true
85525-000,br:municipality:4115309,served_by,true
85530-000,br:municipality:4105706,served_by,true
85540-000,br:municipality:4114401,served_by,true
85548-000,br:municipality:4109658,served_by,true
85550-000,br:municipality:4106506,served_by,true
85555-000,br:municipality:4117602,served_by,true
85557-000,br:municipality:4106456,served_by,true
85560-000,br:municipality:4105409,served_by,true
85565-000,br:municipality:4126652,served_by,true
85568-000,br:municipality:4126272,served_by,true
85570-000,br:municipality:4124806,served_by,true
85575-000,br:municipality:4125209,served_by,true
85580-000,br:municipality:4111209,served_by,true
85585-000,br:municipality:4128609,served_by,true
85598-000,br:municipality:4106571,served_by,true
85600-000,br:municipality:4108403,served_by,true
85610-000,br:municipality:4121604,served_by,true
85615-000,br:municipality:4115408,served_by,true
85618-000,br:municipality:4107850,served_by,true
85620-000,br:municipality:4122800,served_by,true
85628-000,br:municipality:4114351,served_by,true
85630-000,br:municipality:4107405,served_by,true
85635-000,br:municipality:4116950,served_by,true
85640-000,br:municipality:4101002,served_by,true
85650-000,br:municipality:4123808,served_by,true
85660-000,br:municipality:4107207,served_by,true
85670-000,br:municipality:4123006,served_by,true
85680-000,br:municipality:4103024,served_by,true
85685-000,br:municipality:4117255,served_by,true
85700-000,br:municipality:4102604,served_by,true
85708-000,br:municipality:4103156,served_by,true
85710-000,br:municipality:4124400,served_by,true
85727-000,br:municipality:4119251,served_by,true
85730-000,br:municipality:4120358,served_by,true
85740-000,br:municipality:4119004,served_by,true
85745-000,br:municipality:4102752,served_by,true
85750-000,br:municipality:4119806,served_by,true
85760-000,br:municipality:4104501,served_by,true
85770-000,br:municipality:4121406,served_by,true
85780-000,br:municipality:4103057,served_by,true
85790-000,br:municipality:4104600,served_by,true
85795-000,br:municipality:4123824,served_by,true
85800-000,br:municipality:4104808,served_by,true
85825-000,br:municipality:4124020,served_by,true
85826-000,br:municipality:4113452,served_by,true
85830-000,br:municipality:4108205,served_by,true
85833-000,br:municipality:4110656,served_by,true
85835-000,br:municipality:4112751,served_by,true
85840-000,br:municipality:4105300,served_by,true
85845-000,br:municipality:4128559,served_by,true
85850-000,br:municipality:4108304,served_by,true
85875-000,br:municipality:4124053,served_by,true
85877-000,br:municipality:4125704,served_by,true
85880-000,br:municipality:4110953,served_by,true
85884-000,br:municipality:4115804,served_by,true
85885-000,br:municipality:4126355,served_by,true
85887-000,br:municipality:4115606,served_by,true
85888-000,br:municipality:4121257,served_by,true
85890-000,br:municipality:4116059,served_by,true
85892-000,br:municipality:4123501,served_by,true
85896-000,br:municipality:4107157,served_by,true
85898-000,br:municipality:4125456,served_by,true
85900-000,br:municipality:4127700,served_by,true
85929-000,br:municipality:4125753,served_by,true
85930-000,br:municipality:4117222,served_by,true
85933-000,br:municipality:4117453,served_by,true
85935-000,br:municipality:4102000,served_by,true
85940-000,br:municipality:4120853,served_by,true
85945-000,br:municipality:4127957,served_by,true
85948-000,br:municipality:4118451,served_by,true
85950-000,br:municipality:4117909,served_by,true
85955-000,br:municipality:4115358,served_by,true
85960-000,br:municipality:4114609,served_by,true
85980-000,br:municipality:4108809,served_by,true
85988-000,br:municipality:4107538,served_by,true
85990-000,br:municipality:4127403,served_by,true
85998-000,br:municipality:4115853,served_by,true
86000-000,br:municipality:4113700,served_by,true
86125-000,br:municipality:4126678,served_by,true
86130-000,br:municipality:4102802,served_by,true
86140-000,br:municipality:4120507,served_by,true
86150-000,br:municipality:4100806,served_by,true
86160-000,br:municipality:4120002,served_by,true
86165-000,br:municipality:4108007,served_by,true
86170-000,br:municipality:4126504,served_by,true
86180-000,br:municipality:4103701,served_by,true
86200-000,br:municipality:4109807,served_by,true
86210-000,br:municipality:4112702,served_by,true
86220-000,br:municipality:4101903,served_by,true
86225-000,br:municipality:4123204,served_by,true
86230-000,br:municipality:4116604,served_by,true
86240-000,br:municipality:4126009,served_by,true
86250-000,br:municipality:4117214,served_by,true
86270-000,br:municipality:4124707,served_by,true
86280-000,br:municipality:4128401,served_by,true
86290-000,br:municipality:4121307,served_by,true
86300-000,br:municipality:4106407,served_by,true
86310-000,br:municipality:4117008,served_by,true
86315-000,br:municipality:4124301,served_by,true
86320-000,br:municipality:4106001,served_by,true
86330-000,br:municipality:4113403,served_by,true
86340-000,br:municipality:4126405,served_by,true
86350-000,br:municipality:4123907,served_by,true
86360-000,br:municipality:4102406,served_by,true
86370-000,br:municipality:4123105,served_by,true
86375-000,br:municipality:4111001,served_by,true
86380-000,br:municipality:4101101,served_by,true
86385-000,br:municipality:4102703,served_by,true
86390-000,br:municipality:4103602,served_by,true
86400-000,br:municipality:4111803,served_by,true
86410-000,br:municipality:4121802,served_by,true
86420-000,br:municipality:4104709,served_by,true
86430-000,br:municipality:4124103,served_by,true
86450-000,br:municipality:4120705,served_by,true
86455-000,br:municipality:4112801,served_by,true
86460-000,br:municipality:4100103,served_by,true
86465-000,br:municipality:4109005,served_by,true
86470-000,br:municipality:4112900,served_by,true
86480-000,br:municipality:4106100,served_by,true
86490-000,br:municipality:4121901,served_by,true
86600-000,br:municipality:4122404,served_by,true
86610-000,br:municipality:4111902,served_by,true
86613-000,br:municipality:4119657,served_by,true
86615-000,br:municipality:4116000,served_by,true
86618-000,br:municipality:4120333,served_by,true
86620-000,br:municipality:4109203,served_by,true
86630-000,br:municipality:4105102,served_by,true
86635-000,br:municipality:4113809,served_by,true
86640-000,br:municipality:4103404,served_by,true
86650-000,br:municipality:4124509,served_by,true
86660-000,br:municipality:4123600,served_by,true
86670-000,br:municipality:4110904,served_by,true
86680-000,br:municipality:4116406,served_by,true
86690-000,br:municipality:4105904,served_by,true
86700-000,br:municipality:4101507,served_by,true
86720-000,br:municipality:4122701,served_by,true
86730-000,br:municipality:4102109,served_by,true
86750-000,br:municipality:4110003,served_by,true
86755-000,br:municipality:4101150,served_by,true
86760-000,br:municipality:4116307,served_by,true
86770-000,br:municipality:4123402,served_by,true
86780-000,br:municipality:4108106,served_by,true
86790-000,br:municipality:4113601,served_by,true
86800-000,br:municipality:4101408,served_by,true
86820-000,br:municipality:4103503,served_by,true
86825-000,br:municipality:4114906,served_by,true
86828-000,br:municipality:4115754,served_by,true
86830-000,br:municipality:4122107,served_by,true
86840-000,br:municipality:4107603,served_by,true
86845-000,br:municipality:4108700,served_by,true
86848-000,br:municipality:4122172,served_by,true
86850-000,br:municipality:4122651,served_by,true
86855-000,br:municipality:4106852,served_by,true
86860-000,br:municipality:4112504,served_by,true
86865-000,br:municipality:4113429,served_by,true
86870-000,br:municipality:4111506,served_by,true
86880-000,br:municipality:4101853,served_by,true
86884-000,br:municipality:4101655,served_by,true
86890-000,br:municipality:4103800,served_by,true
86895-000,br:municipality:4117297,served_by,true
86900-000,br:municipality:4112108,served_by,true
86910-000,br:municipality:4115507,served_by,true
86920-000,br:municipality:4113106,served_by,true
86925-000,br:municipality:4103305,served_by,true
86930-000,br:municipality:4125001,served_by,true
86935-000,br:municipality:4113759,served_by,true
86938-000,br:municipality:4108551,served_by,true
86940-000,br:municipality:4103206,served_by,true
86945-000,br:municipality:4125803,served_by,true
86950-000,br:municipality:4107702,served_by,true
86960-000,br:municipality:4102505,served_by,true
86970-000,br:municipality:4106555,served_by,true
86975-000,br:municipality:4114203,served_by,true
86990-000,br:municipality:4114807,served_by,true
87000-000,br:municipality:4115200,served_by,true
87110-000,br:municipality:4126256,served_by,true
87120-000,br:municipality:4107900,served_by,true
87130-000,br:municipality:4111605,served_by,true
87140-000,br:municipality:4117503,served_by,true
87155-000,br:municipality:4107306,served_by,true
87160-000,br:municipality:4114104,served_by,true
87170-000,br:municipality:4117404,served_by,true
87175-000,br:municipality:4111100,served_by,true
87180-000,br:municipality:4120408,served_by,true
87185-000,br:municipality:4107801,served_by,true
87190-000,br:municipality:4125308,served_by,true
87200-000,br:municipality:4105508,served_by,true
87210-000,br:municipality:4110409,served_by,true
87215-000,br:municipality:4125555,served_by,true
87220-000,br:municipality:4126108,served_by,true
87225-000,br:municipality:4112405,served_by,true
87230-000,br:municipality:4113007,served_by,true
87240-000,br:municipality:4127205,served_by,true
87250-000,br:municipality:4118808,served_by,true
87260-000,br:municipality:4101705,served_by,true
87265-000,br:municipality:4121109,served_by,true
87270-000,br:municipality:4107504,served_by,true
87280-000,br:municipality:4110805,served_by,true
87290-000,br:municipality:4113734,served_by,true
87300-000,br:municipality:4104303,served_by,true
87320-000,br:municipality:4122503,served_by,true
87325-000,br:municipality:4107553,served_by,true
87330-000,br:municipality:4116802,served_by,true
87340-000,br:municipality:4114005,served_by,true
87345-000,br:municipality:4103909,served_by,true
87355-000,br:municipality:4112959,served_by,true
87360-000,br:municipality:4108601,served_by,true
87365-000,br:municipality:4120655,served_by,true
87370-000,br:municipality:4116109,served_by,true
87380-000,br:municipality:4112207,served_by,true
87390-000,br:municipality:4103008,served_by,true
87395-000,br:municipality:4121356,served_by,true
87400-000,br:municipality:4106605,served_by,true
87430-000,br:municipality:4126801,served_by,true
87450-000,br:municipality:4127908,served_by,true
87470-000,br:municipality:4115101,served_by,true
87480-000,br:municipality:4114708,served_by,true
87485-000,br:municipality:4107256,served_by,true
87490-000,br:municipality:4117206,served_by,true
87500-000,br:municipality:4128104,served_by,true
87525-000,br:municipality:4111555,served_by,true
87528-000,br:municipality:4128625,served_by,true
87530-000,br:municipality:4109906,served_by,true
87535-000,br:municipality:4128807,served_by,true
87538-000,br:municipality:4118857,served_by,true
87540-000,br:municipality:4118907,served_by,true
87545-000,br:municipality:4107520,served_by,true
87550-000,br:municipality:4100509,served_by,true
87555-000,br:municipality:4125357,served_by,true
87560-000,br:municipality:4110607,served_by,true
87565-000,br:municipality:4103479,served_by,true
87570-000,br:municipality:4108320,served_by,true
87580-000,br:municipality:4100707,served_by,true
87595-000,br:municipality:4103370,served_by,true
87600-000,br:municipality:4116901,served_by,true
87630-000,br:municipality:4102208,served_by,true
87640-000,br:municipality:4128302,served_by,true
87650-000,br:municipality:4106704,served_by,true
87660-000,br:municipality:4118105,served_by,true
87670-000,br:municipality:4110300,served_by,true
87680-000,br:municipality:4118303,served_by,true
87690-000,br:municipality:4112603,served_by,true
87700-000,br:municipality:4118402,served_by,true
87730-000,br:municipality:4124202,served_by,true
87740-000,br:municipality:4124905,served_by,true
87750-000,br:municipality:4100608,served_by,true
87760-000,br:municipality:4126702,served_by,true
87770-000,br:municipality:4124608,served_by,true
87780-000,br:municipality:4118006,served_by,true
87790-000,br:municipality:4116505,served_by,true
87800-000,br:municipality:4122602,served_by,true
87810-000,br:municipality:4109104,served_by,true
87820-000,br:municipality:4105607,served_by,true
87830-000,br:municipality:4126900,served_by,true
87840-000,br:municipality:4115903,served_by,true
87850-000,br:municipality:4100905,served_by,true
87860-000,br:municipality:4119707,served_by,true
87880-000,br:municipality:4108908,served_by,true
87890-000,br:municipality:4127304,served_by,true
87900-000,br:municipality:4113502,served_by,true
87910-000,br:municipality:4123709,served_by,true
87915-000,br:municipality:4123956,served_by,true
87920-000,br:municipality:4123303,served_by,true
87930-000,br:municipality:4121000,served_by,true
87950-000,br:municipality:4120200,served_by,true
87955-000,br:municipality:4125902,served_by,true
87960-000,br:municipality:4115002,served_by,true
87970-000,br:municipality:4117107,served_by,true
87980-000,br:municipality:4111308,served_by,true
87990-000,br:municipality:4107108,served_by,true
88000-000,br:municipality:4205407,served_by,true
88100-000,br:municipality:4216602,served_by,true
88125-000,br:municipality:4217253,served_by,true
88130-000,br:municipality:4211900,served_by,true
88140-000,br:municipality:4215703,served_by,true
88150-000,br:municipality:4200606,served_by,true
88160-000,br:municipality:4202305,served_by,true
88180-000,br:municipality:4201208,served_by,true
88190-000,br:municipality:4206009,served_by,true
88200-000,br:municipality:4218004,served_by,true
88210-000,br:municipality:4213500,served_by,true
88215-000,br:municipality:4202453,served_by,true
88220-000,br:municipality:4208302,served_by,true
88230-000,br:municipality:4203709,served_by,true
88240-000,br:municipality:4216305,served_by,true
88260-000,br:municipality:4210209,served_by,true
88270-000,br:municipality:4211504,served_by,true
88300-000,br:municipality:4208203,served_by,true
88320-000,br:municipality:4207106,served_by,true
88330-000,br:municipality:4202008,served_by,true
88340-000,br:municipality:4203204,served_by,true
88350-000,br:municipality:4202909,served_by,true
88360-000,br:municipality:4206306,served_by,true
88370-000,br:municipality:4202701,served_by,true
88375-000,br:municipality:4211306,served_by,true
88380-000,br:municipality:4212809,served_by,true
88385-000,br:municipality:4212502,served_by,true
88390-000,br:municipality:4202107,served_by,true
88395-000,br:municipality:4216354,served_by,true
88400-000,br:municipality:4208500,served_by,true
88407-000,br:municipality:4204194,served_by,true
88410-000,br:municipality:4201802,served_by,true
88420-000,br:municipality:4200200,served_by,true
88430-000,br:municipality:4212700,served_by,true
88440-000,br:municipality:4207403,served_by,true
88443-000,br:municipality:4219200,served_by,true
88445-000,br:municipality:4209805,served_by,true
88450-000,br:municipality:4200705,served_by,true
88460-000,br:municipality:4200903,served_by,true
88470-000,br:municipality:4214300,served_by,true
88475-000,br:municipality:4201109,served_by,true
88485-000,br:municipality:4215901,served_by,true
88490-000,br:municipality:4212304,served_by,true
88495-000,br:municipality:4205704,served_by,true
88500-000,br:municipality:4209300,served_by,true
88535-000,br:municipality:4204558,served_by,true
88538-000,br:municipality:4202438,served_by,true
88540-000,br:municipality:4211751,served_by,true
88543-000,br:municipality:4211892,served_by,true
88545-000,br:municipality:4212056,served_by,true
88548-000,br:municipality:4203253,served_by,true
88550-000,br:municipality:4213302,served_by,true
88570-000,br:municipality:4216800,served_by,true
88580-000,br:municipality:4203402,served_by,true
88585-000,br:municipality:4204178,served_by,true
88590-000,br:municipality:4201000,served_by,true
88598-000,br:municipality:4204152,served_by,true
88600-000,br:municipality:4216503,served_by,true
88625-000,br:municipality:4218954,served_by,true
88640-000,br:municipality:4202503,served_by,true
88650-000,br:municipality:4218905,served_by,true
88658-000,br:municipality:4215059,served_by,true
88680-000,br:municipality:4202602,served_by,true
88700-000,br:municipality:4218707,served_by,true
88710-000,br:municipality:4218400,served_by,true
88715-000,br:municipality:4208807,served_by,true
88717-000,br:municipality:4215455,served_by,true
88720-000,br:municipality:4212403,served_by,true
88730-000,br:municipality:4217006,served_by,true
88735-000,br:municipality:4206207,served_by,true
88740-000,br:municipality:4201505,served_by,true
88745-000,br:municipality:4203956,served_by,true
88750-000,br:municipality:4202800,served_by,true
88760-000,br:municipality:4214904,served_by,true
88763-000,br:municipality:4215604,served_by,true
88765-000,br:municipality:4217105,served_by,true
88770-000,br:municipality:4207205,served_by,true
88780-000,br:municipality:4207304,served_by,true
88790-000,br:municipality:4209409,served_by,true
88800-000,br:municipality:4204608,served_by,true
88820-000,br:municipality:4207007,served_by,true
88830-000,br:municipality:4211207,served_by,true
88840-000,br:municipality:4219002,served_by,true
88845-000,br:municipality:4204251,served_by,true
88850-000,br:municipality:4205456,served_by,true
88860-000,br:municipality:4217600,served_by,true
88862-000,br:municipality:4218350,served_by,true
88865-000,br:municipality:4211603,served_by,true
88870-000,br:municipality:4211702,served_by,true
88880-000,br:municipality:4209607,served_by,true
88890-000,br:municipality:4206108,served_by,true
88900-000,br:municipality:4201406,served_by,true
88914-000,br:municipality:4201950,served_by,true
88915-000,br:municipality:4210407,served_by,true
88920-000,br:municipality:4210803,served_by,true
88925-000,br:municipality:4211256,served_by,true
88930-000,br:municipality:4218806,served_by,true
88935-000,br:municipality:4205191,served_by,true
88940-000,br:municipality:4218103,served_by,true
88950-000,br:municipality:4208708,served_by,true
88955-000,br:municipality:4202073,served_by,true
88960-000,br:municipality:4217709,served_by,true
88965-000,br:municipality:4215653,served_by,true
88970-000,br:municipality:4216404,served_by,true
88980-000,br:municipality:4212254,served_by,true
88990-000,br:municipality:4213807,served_by,true
89000-000,br:municipality:4202404,served_by,true
89107-000,br:municipality:4213203,served_by,true
89108-000,br:municipality:4210605,served_by,true
89110-000,br:municipality:4205902,served_by,true
89115-000,br:municipality:4210001,served_by,true
89120-000,br:municipality:4218202,served_by,true
89121-000,br:municipality:4214706,served_by,true
89124-000,br:municipality:4202206,served_by,true
89126-000,br:municipality:4205159,served_by,true
89130-000,br:municipality:4207502,served_by,true
89135-000,br:municipality:4201257,served_by,true
89136-000,br:municipality:4215109,served_by,true
89138-000,br:municipality:4201703,served_by,true
89140-000,br:municipality:4206900,served_by,true
89145-000,br:municipality:4209151,served_by,true
89148-000,br:municipality:4219358,served_by,true
89150-000,br:municipality:4214003,served_by,true
89155-000,br:municipality:4205100,served_by,true
89157-000,br:municipality:4219408,served_by,true
89160-000,br:municipality:4214805,served_by,true
89170-000,br:municipality:4209508,served_by,true
89172-000,br:municipality:4213708,served_by,true
89176-000,br:municipality:4218608,served_by,true
89178-000,br:municipality:4202859,served_by,true
89180-000,br:municipality:4214607,served_by,true
89182-000,br:municipality:4209904,served_by,true
89184-000,br:municipality:4214102,served_by,true
89186-000,br:municipality:4201901,served_by,true
89188-000,br:municipality:4200309,served_by,true
89190-000,br:municipality:4217808,served_by,true
89194-000,br:municipality:4210852,served_by,true
89196-000,br:municipality:4215307,served_by,true
89198-000,br:municipality:4214508,served_by,true
89199-000,br:municipality:4215679,served_by,true
89200-000,br:municipality:4209102,served_by,true
89240-000,br:municipality:4216206,served_by,true
89245-000,br:municipality:4201307,served_by,true
89247-000,br:municipality:4202057,served_by,true
89248-000,br:municipality:4205803,served_by,true
89249-000,br:municipality:4208450,served_by,true
89250-000,br:municipality:4208906,served_by,true
89270-000,br:municipality:4206504,served_by,true
89275-000,br:municipality:4217402,served_by,true
89280-000,br:municipality:4204509,served_by,true
89290-000,br:municipality:4215802,served_by,true
89294-000,br:municipality:4203303,served_by,true
89295-000,br:municipality:4215000,served_by,true
89300-000,br:municipality:4210100,served_by,true
89340-000,br:municipality:4208104,served_by,true
89370-000,br:municipality:4212205,served_by,true
89380-000,br:municipality:4211108,served_by,true
89400-000,br:municipality:4213609,served_by,true
89420-000,br:municipality:4210704,served_by,true
89430-000,br:municipality:4203154,served_by,true
89440-000,br:municipality:4207908,served_by,true
89460-000,br:municipality:4203808,served_by,true
89478-000,br:municipality:4202131,served_by,true
89480-000,br:municipality:4210308,served_by,true
89490-000,br:municipality:4218301,served_by,true
89500-000,br:municipality:4203006,served_by,true
89515-000,br:municipality:4209706,served_by,true
89518-000,br:municipality:4210050,served_by,true
89520-000,br:municipality:4204806,served_by,true
89530-000,br:municipality:4205555,served_by,true
89533-000,br:municipality:4216057,served_by,true
89535-000,br:municipality:4213351,served_by,true
89540-000,br:municipality:4215505,served_by,true
89545-000,br:municipality:4218251,served_by,true
89550-000,br:municipality:4214409,served_by,true
89558-000,br:municipality:4207577,served_by,true
89560-000,br:municipality:4219309,served_by,true
89570-000,br:municipality:4213005,served_by,true
89580-000,br:municipality:4205506,served_by,true
89590-000,br:municipality:4201604,served_by,true
89595-000,br:municipality:4215406,served_by,true
89600-000,br:municipality:4209003,served_by,true
89609-000,br:municipality:4210035,served_by,true
89610-000,br:municipality:4206702,served_by,true
89613-000,br:municipality:4205209,served_by,true
89618-000,br:municipality:4211058,served_by,true
89620-000,br:municipality:4203600,served_by,true
89633-000,br:municipality:4219853,served_by,true
89634-000,br:municipality:4202875,served_by,true
89636-000,br:municipality:4200051,served_by,true
89638-000,br:municipality:4219150,served_by,true
89640-000,br:municipality:4206801,served_by,true
89642-000,br:municipality:4217907,served_by,true
89650-000,br:municipality:4218509,served_by,true
89652-000,br:municipality:4206751,served_by,true
89654-000,br:municipality:4200408,served_by,true
89660-000,br:municipality:4209201,served_by,true
89663-000,br:municipality:4211801,served_by,true
89665-000,br:municipality:4203907,served_by,true
89667-000,br:municipality:4213104,served_by,true
89669-000,br:municipality:4207601,served_by,true
89670-000,br:municipality:4204004,served_by,true
89675-000,br:municipality:4219176,served_by,true
89677-000,br:municipality:4208609,served_by,true
89680-000,br:municipality:4207809,served_by,true
89683-000,br:municipality:4213401,served_by,true
89687-000,br:municipality:4212270,served_by,true
89690-000,br:municipality:4219101,served_by,true
89694-000,br:municipality:4205308,served_by,true
89700-000,br:municipality:4204301,served_by,true
89730-000,br:municipality:4200754,served_by,true
89735-000,br:municipality:4209854,served_by,true
89740-000,br:municipality:4201273,served_by,true
89745-000,br:municipality:4213906,served_by,true
89750-000,br:municipality:4212601,served_by,true
89760-000,br:municipality:4208005,served_by,true
89765-000,br:municipality:4211876,served_by,true
89770-000,br:municipality:4217501,served_by,true
89778-000,br:municipality:4201653,served_by,true
89780-000,br:municipality:4219606,served_by,true
89790-000,br:municipality:4207700,served_by,true
89800-000,br:municipality:4204202,served_by,true
89817-000,br:municipality:4206652,served_by,true
89818-000,br:municipality:4211454,served_by,true
89819-000,br:municipality:4204350,served_by,true
89820-000,br:municipality:4219507,served_by,true
89824-000,br:municipality:4202537,served_by,true
89825-000,br:municipality:4219705,served_by,true
89828-000,br:municipality:4209458,served_by,true
89830-000,br:municipality:4200101,served_by,true
89832-000,br:municipality:4207684,served_by,true
89834-000,br:municipality:4211850,served_by,true
89835-000,br:municipality:4216107,served_by,true
89837-000,br:municipality:4204459,served_by,true
89838-000,br:municipality:4205605,served_by,true
89839-000,br:municipality:4209177,served_by,true
89840-000,br:municipality:4204400,served_by,true
89843-000,br:municipality:4200556,served_by,true
89845-000,br:municipality:4218855,served_by,true
89848-000,br:municipality:4208955,served_by,true
89850-000,br:municipality:4214201,served_by,true
89854-000,br:municipality:4215695,served_by,true
89855-000,br:municipality:4217758,served_by,true
89856-000,br:municipality:4207858,served_by,true
89859-000,br:municipality:4205431,served_by,true
89860-000,br:municipality:4210555,served_by,true
89862-000,br:municipality:4205175,served_by,true
89865-000,br:municipality:4211405,served_by,true
89868-000,br:municipality:4217303,served_by,true
89870-000,br:municipality:4212908,served_by,true
89871-000,br:municipality:4217550,served_by,true
89872-000,br:municipality:4210902,served_by,true
89873-000,br:municipality:4202578,served_by,true
89874-000,br:municipality:4210506,served_by,true
89875-000,br:municipality:4217956,served_by,true
89878-000,br:municipality:4205357,served_by,true
89879-000,br:municipality:4217154,served_by,true
89880-000,br:municipality:4204103,served_by,true
89882-000,br:municipality:4213153,served_by,true
89883-000,br:municipality:4200507,served_by,true
89885-000,br:municipality:4216008,served_by,true
89886-000,br:municipality:4204756,served_by,true
89887-000,br:municipality:4212106,served_by,true
89888-000,br:municipality:4203105,served_by,true
89890-000,br:municipality:4204707,served_by,true
89891-000,br:municipality:4207759,served_by,true
89893-000,br:municipality:4211009,served_by,true
89895-000,br:municipality:4215075,served_by,true
89896-000,br:municipality:4208401,served_by,true
89897-000,br:municipality:4216255,served_by,true
89898-000,br:municipality:4218756,served_by,true
89899-000,br:municipality:4207650,served_by,true
89900-000,br:municipality:4217204,served_by,true
89905-000,br:municipality:4202081,served_by,true
89906-000,br:municipality:4212239,served_by,true
89908-000,br:municipality:4215208,served_by,true
89909-000,br:municipality:4202099,served_by,true
89910-000,br:municipality:4204905,served_by,true
89915-000,br:municipality:4215554,served_by,true
89920-000,br:municipality:4206405,served_by,true
89925-000,br:municipality:4202156,served_by,true
89930-000,br:municipality:4216701,served_by,true
89935-000,br:municipality:4214151,served_by,true
89940-000,br:municipality:4206603,served_by,true
89950-000,br:municipality:4205001,served_by,true
89970-000,br:municipality:4200804,served_by,true
89980-000,br:municipality:4203501,served_by,true
89981-000,br:municipality:4215356,served_by,true
89982-000,br:municipality:4215752,served_by,true
89983-000,br:municipality:4215687,served_by,true
89985-000,br:municipality:4212007,served_by,true
89990-000,br:municipality:4216909,served_by,true
89998-000,br:municipality:4211652,served_by,true
90000-000,br:municipality:4314902,served_by,true
92000-000,br:municipality:4304606,served_by,true
92480-000,br:municipality:4313375,served_by,true
92500-000,br:municipality:4309308,served_by,true
92850-000,br:municipality:4320552,served_by,true
92900-000,br:municipality:4311981,served_by,true
92990-000,br:municipality:4306767,served_by,true
93000-000,br:municipality:4318705,served_by,true
93180-000,br:municipality:4314803,served_by,true
93200-000,br:municipality:4320008,served_by,true
93250-000,br:municipality:4307708,served_by,true
93300-000,br:municipality:4313409,served_by,true
93600-000,br:municipality:4307609,served_by,true
93700-000,br:municipality:4303905,served_by,true
93800-000,br:municipality:4319901,served_by,true
93880-000,br:municipality:4300877,served_by,true
93890-000,br:municipality:4313060,served_by,true
93900-000,br:municipality:4310801,served_by,true
93940-000,br:municipality:4311627,served_by,true
93945-000,br:municipality:4315149,served_by,true
93950-000,br:municipality:4306403,served_by,true
93990-000,br:municipality:4312476,served_by,true
93995-000,br:municipality:4316956,served_by,true
94000-000,br:municipality:4309209,served_by,true
94380-000,br:municipality:4309050,served_by,true
94400-000,br:municipality:4323002,served_by,true
94800-000,br:municipality:4300604,served_by,true
94900-000,br:municipality:4303103,served_by,true
95000-000,br:municipality:4305108,served_by,true
95150-000,br:municipality:4313201,served_by,true
95175-000,br:municipality:4314423,served_by,true
95180-000,br:municipality:4307906,served_by,true
95185-000,br:municipality:4304804,served_by,true
95190-000,br:municipality:4319000,served_by,true
95200-000,br:municipality:4322509,served_by,true
95230-000,br:municipality:4312617,served_by,true
95236-000,br:municipality:4312377,served_by,true
95240-000,br:municipality:4310439,served_by,true
95250-000,br:municipality:4300802,served_by,true
95255-000,br:municipality:4303673,served_by,true
95260-000,br:municipality:4313359,served_by,true
95270-000,br:municipality:4308201,served_by,true
95275-000,br:municipality:4313086,served_by,true
95280-000,br:municipality:4318622,served_by,true
95290-000,br:municipality:4302303,served_by,true
95300-000,br:municipality:4311304,served_by,true
95305-000,br:municipality:4309902,served_by,true
95310-000,br:municipality:4300661,served_by,true
95315-000,br:municipality:4304952,served_by,true
95320-000,br:municipality:4313300,served_by,true
95325-000,br:municipality:4323606,served_by,true
95330-000,br:municipality:4322806,served_by,true
95333-000,br:municipality:4307864,served_by,true
95334-000,br:municipality:4323309,served_by,true
95335-000,br:municipality:4305959,served_by,true
95340-000,br:municipality:4312906,served_by,true
95345-000,br:municipality:4315172,served_by,true
95350-000,br:municipality:4312807,served_by,true
95355-000,br:municipality:4309258,served_by,true
95360-000,br:municipality:4314001,served_by,true
95365-000,br:municipality:4318440,served_by,true
95370-000,br:municipality:4301800,served_by,true
95380-000,br:municipality:4307401,served_by,true
95400-000,br:municipality:4318200,served_by,true
95420-000,br:municipality:4311122,served_by,true
95480-000,br:municipality:4303608,served_by,true
95500-000,br:municipality:4317608,served_by,true
95515-000,br:municipality:4304713,served_by,true
95520-000,br:municipality:4313508,served_by,true
95530-000,br:municipality:4311775,served_by,true
95535-000,br:municipality:4321436,served_by,true
95540-000,br:municipality:4313656,served_by,true
95552-000,br:municipality:4304671,served_by,true
95555-000,br:municipality:4304630,served_by,true
95560-000,br:municipality:4321501,served_by,true
95568-000,br:municipality:4306551,served_by,true
95572-000,br:municipality:4311734,served_by,true
95575-000,br:municipality:4321832,served_by,true
95577-000,br:municipality:4312443,served_by,true
95580-000,br:municipality:4321667,served_by,true
95585-000,br:municipality:4301057,served_by,true
95588-000,br:municipality:4323804,served_by,true
95590-000,br:municipality:4321600,served_by,true
95595-000,br:municipality:4305454,served_by,true
95599-000,br:municipality:4301636,served_by,true
95600-000,br:municipality:4321204,served_by,true
95625-000,br:municipality:4310330,served_by,true
95630-000,br:municipality:4314050,served_by,true
95650-000,br:municipality:4310108,served_by,true
95660-000,br:municipality:4321709,served_by,true
95670-000,br:municipality:4309100,served_by,true
95680-000,br:municipality:4304408,served_by,true
95690-000,br:municipality:4316006,served_by,true
95695-000,br:municipality:4315750,served_by,true
95700-000,br:municipality:4302105,served_by,true
95715-000,br:municipality:4317251,served_by,true
95718-000,br:municipality:4312385,served_by,true
95720-000,br:municipality:4308607,served_by,true
95727-000,br:municipality:4302253,served_by,true
95730-000,br:municipality:4301651,served_by,true
95735-000,br:municipality:4315800,served_by,true
95740-000,br:municipality:4314753,served_by,true
95745-000,br:municipality:4304689,served_by,true
95750-000,br:municipality:4316501,served_by,true
95755-000,br:municipality:4318481,served_by,true
95758-000,br:municipality:4319356,served_by,true
95760-000,br:municipality:4319505,served_by,true
95765-000,br:municipality:4302352,served_by,true
95768-000,br:municipality:4311643,served_by,true
95770-000,br:municipality:4308102,served_by,true
95773-000,br:municipality:4300570,served_by,true
95775-000,br:municipality:4322251,served_by,true
95778-000,br:municipality:4322541,served_by,true
95780-000,br:municipality:4312401,served_by,true
95783-000,br:municipality:4314035,served_by,true
95785-000,br:municipality:4309555,served_by,true
95790-000,br:municipality:4302659,served_by,true
95793-000,br:municipality:4311791,served_by,true
95795-000,br:municipality:4319752,served_by,true
95800-000,br:municipality:4322608,served_by,true
95820-000,br:municipality:4308805,served_by,true
95833-000,br:municipality:4322525,served_by,true
95835-000,br:municipality:4312153,served_by,true
95840-000,br:municipality:4322004,served_by,true
95860-000,br:municipality:4321303,served_by,true
95863-000,br:municipality:4320859,served_by,true
95865-000,br:municipality:4314159,served_by,true
95870-000,br:municipality:4302402,served_by,true
95875-000,br:municipality:4308078,served_by,true
95880-000,br:municipality:4307807,served_by,true
95885-000,br:municipality:4310363,served_by,true
95890-000,br:municipality:4321451,served_by,true
95895-000,br:municipality:4305587,served_by,true
95900-000,br:municipality:4311403,served_by,true
95915-000,br:municipality:4316758,served_by,true
95918-000,br:municipality:4320453,served_by,true
95920-000,br:municipality:4302451,served_by,true
95923-000,br:municipality:4312054,served_by,true
95925-000,br:municipality:4315156,served_by,true
95930-000,br:municipality:4306205,served_by,true
95935-000,br:municipality:4304697,served_by,true
95940-000,br:municipality:4301008,served_by,true
95945-000,br:municipality:4315131,served_by,true
95948-000,br:municipality:4321626,served_by,true
95950-000,br:municipality:4313003,served_by,true
95960-000,br:municipality:4306809,served_by,true
95965-000,br:municipality:4315453,served_by,true
95967-000,br:municipality:4306759,served_by,true
95970-000,br:municipality:4312609,served_by,true
95972-000,br:municipality:4322855,served_by,true
95975-000,br:municipality:4315206,served_by,true
95980-000,br:municipality:4300703,served_by,true
95985-000,br:municipality:4312757,served_by,true
95990-000,br:municipality:4310306,served_by,true
95995-000,br:municipality:4301404,served_by,true
95997-000,br:municipality:4310579,served_by,true
96000-000,br:municipality:4314407,served_by,true
96148-000,br:municipality:4322327,served_by,true
96150-000,br:municipality:4312450,served_by,true
96160-000,br:municipality:4304663,served_by,true
96170-000,br:municipality:4318804,served_by,true
96178-000,br:municipality:4300851,served_by,true
96180-000,br:municipality:4303509,served_by,true
96190-000,br:municipality:4306502,served_by,true
96193-000,br:municipality:4305447,served_by,true
96195-000,br:municipality:4306056,served_by,true
96200-000,br:municipality:4315602,served_by,true
96225-000,br:municipality:4318507,served_by,true
96230-000,br:municipality:4317301,served_by,true
96255-000,br:municipality:4305439,served_by,true
96270-000,br:municipality:4312500,served_by,true
96290-000,br:municipality:4321352,served_by,true
96300-000,br:municipality:4311007,served_by,true
96310-000,br:municipality:4307104,served_by,true
96330-000,br:municipality:4301305,served_by,true
96360-000,br:municipality:4314209,served_by,true
96395-000,br:municipality:4305124,served_by,true
96400-000,br:municipality:4301602,served_by,true
96450-000,br:municipality:4306601,served_by,true
96460-000,br:municipality:4309654,served_by,true
96470-000,br:municipality:4314506,served_by,true
96490-000,br:municipality:4314605,served_by,true
96495-000,br:municipality:4304358,served_by,true
96500-000,br:municipality:4303004,served_by,true
96530-000,br:municipality:4314027,served_by,true
96535-000,br:municipality:4305132,served_by,true
96540-000,br:municipality:4300109,served_by,true
96545-000,br:municipality:4313391,served_by,true
96570-000,br:municipality:4302808,served_by,true
96590-000,br:municipality:4317004,served_by,true
96600-000,br:municipality:4304507,served_by,true
96610-000,br:municipality:4306908,served_by,true
96635-000,br:municipality:4300638,served_by,true
96640-000,br:municipality:4315701,served_by,true
96685-000,br:municipality:4314076,served_by,true
96690-000,br:municipality:4313953,served_by,true
96700-000,br:municipality:4318408,served_by,true
96735-000,br:municipality:4301750,served_by,true
96740-000,br:municipality:4301107,served_by,true
96745-000,br:municipality:4305355,served_by,true
96750-000,br:municipality:4302709,served_by,true
96755-000,br:municipality:4312252,served_by,true
96760-000,br:municipality:4321105,served_by,true
96765-000,br:municipality:4320354,served_by,true
96770-000,br:municipality:4305173,served_by,true
96790-000,br:municipality:4301909,served_by,true
96800-000,br:municipality:4316808,served_by,true
96875-000,br:municipality:4309159,served_by,true
96878-000,br:municipality:4322533,served_by,true
96880-000,br:municipality:4322707,served_by,true
96888-000,br:municipality:4309571,served_by,true
96890-000,br:municipality:4320677,served_by,true
96900-000,br:municipality:4320701,served_by,true
96908-000,br:municipality:4314068,served_by,true
96910-000,br:municipality:4320263,served_by,true
96925-000,br:municipality:4309753,served_by,true
96930-000,br:municipality:4304200,served_by,true
96950-000,br:municipality:4301206,served_by,true
96990-000,br:municipality:4307815,served_by,true
97000-000,br:municipality:4316907,served_by,true
97180-000,br:municipality:4306379,served_by,true
97185-000,br:municipality:4310538,served_by,true
97190-000,br:municipality:4319125,served_by,true
97195-000,br:municipality:4320651,served_by,true
97200-000,br:municipality:4315503,served_by,true
97210-000,br:municipality:4308409,served_by,true
97220-000,br:municipality:4308003,served_by,true
97230-000,br:municipality:4318432,served_by,true
97250-000,br:municipality:4313102,served_by,true
97280-000,br:municipality:4306700,served_by,true
97300-000,br:municipality:4318309,served_by,true
97340-000,br:municipality:4319604,served_by,true
97385-000,br:municipality:4323457,served_by,true
97390-000,br:municipality:4311502,served_by,true
97400-000,br:municipality:4319406,served_by,true
97410-000,br:municipality:4312104,served_by,true
97418-000,br:municipality:4321493,served_by,true
97420-000,br:municipality:4319802,served_by,true
97450-000,br:municipality:4302907,served_by,true
97500-000,br:municipality:4322400,served_by,true
97538-000,br:municipality:4301875,served_by,true
97540-000,br:municipality:4300406,served_by,true
97560-000,br:municipality:4315305,served_by,true
97570-000,br:municipality:4317103,served_by,true
97590-000,br:municipality:4316402,served_by,true
97610-000,br:municipality:4318101,served_by,true
97640-000,br:municipality:4311759,served_by,true
97645-000,br:municipality:4311718,served_by,true
97650-000,br:municipality:4310603,served_by,true
97670-000,br:municipality:4318002,served_by,true
97685-000,br:municipality:4310553,served_by,true
97690-000,br:municipality:4308656,served_by,true
97700-000,br:municipality:4317400,served_by,true
97755-000,br:municipality:4322376,served_by,true
97760-000,br:municipality:4311106,served_by,true
97770-000,br:municipality:4313037,served_by,true
97800-000,br:municipality:4318903,served_by,true
97845-000,br:municipality:4306353,served_by,true
97850-000,br:municipality:4302501,served_by,true
97870-000,br:municipality:4317707,served_by,true
97880-000,br:municipality:4319208,served_by,true
97885-000,br:municipality:4314555,served_by,true
97900-000,br:municipality:4305207,served_by,true
97920-000,br:municipality:4319372,served_by,true
97930-000,br:municipality:4303301,served_by,true
97940-000,br:municipality:4316477,served_by,true
97950-000,br:municipality:4309506,served_by,true
97960-000,br:municipality:4320578,served_by,true
97970-000,br:municipality:4316303,served_by,true
97980-000,br:municipality:4319307,served_by,true
98000-000,br:municipality:4306106,served_by,true
98125-000,br:municipality:4308458,served_by,true
98130-000,br:municipality:4311205,served_by,true
98140-000,br:municipality:4315321,served_by,true
98150-000,br:municipality:4314472,served_by,true
98160-000,br:municipality:4310751,served_by,true
98170-000,br:municipality:4322202,served_by,true
98175-000,br:municipality:4311130,served_by,true
98180-000,br:municipality:4311155,served_by,true
98200-000,br:municipality:4310009,served_by,true
98230-000,br:municipality:4315354,served_by,true
98240-000,br:municipality:4316709,served_by,true
98250-000,br:municipality:4316436,served_by,true
98270-000,br:municipality:4314308,served_by,true
98280-000,br:municipality:4313904,served_by,true
98290-000,br:municipality:4305702,served_by,true
98300-000,br:municipality:4313706,served_by,true
98320-000,br:municipality:4311429,served_by,true
98325-000,br:municipality:4318457,served_by,true
98330-000,br:municipality:4316428,served_by,true
98335-000,br:municipality:4302154,served_by,true
98338-000,br:municipality:4313490,served_by,true
98340-000,br:municipality:4305157,served_by,true
98345-000,br:municipality:4314456,served_by,true
98350-000,br:municipality:4310850,served_by,true
98360-000,br:municipality:4315909,served_by,true
98368-000,br:municipality:4306072,served_by,true
98370-000,br:municipality:4313441,served_by,true
98380-000,br:municipality:4320206,served_by,true
98385-000,br:municipality:4306429,served_by,true
98390-000,br:municipality:4307302,served_by,true
98400-000,br:municipality:4308508,served_by,true
98410-000,br:municipality:4321329,served_by,true
98415-000,br:municipality:4323507,served_by,true
98430-000,br:municipality:4313805,served_by,true
98435-000,br:municipality:4314498,served_by,true
98440-000,br:municipality:4303400,served_by,true
98450-000,br:municipality:4323101,served_by,true
98460-000,br:municipality:4310504,served_by,true
98465-000,br:municipality:4300646,served_by,true
98470-000,br:municipality:4314704,served_by,true
98480-000,br:municipality:4300505,served_by,true
98500-000,br:municipality:4321402,served_by,true
98528-000,br:municipality:4306320,served_by,true
98530-000,br:municipality:4301859,served_by,true
98535-000,br:municipality:4323705,served_by,true
98540-000,br:municipality:4312302,served_by,true
98550-000,br:municipality:4315404,served_by,true
98560-000,br:municipality:4302600,served_by,true
98570-000,br:municipality:4304002,served_by,true
98575-000,br:municipality:4302378,served_by,true
98580-000,br:municipality:4305900,served_by,true
98590-000,br:municipality:4317806,served_by,true
98595-000,br:municipality:4319737,served_by,true
98600-000,br:municipality:4321907,served_by,true
98635-000,br:municipality:4307450,served_by,true
98640-000,br:municipality:4306007,served_by,true
98670-000,br:municipality:4309704,served_by,true
98675-000,br:municipality:4320230,served_by,true
98680-000,br:municipality:4321477,served_by,true
98690-000,br:municipality:4319109,served_by,true
98700-000,br:municipality:4310207,served_by,true
98735-000,br:municipality:4305871,served_by,true
98740-000,br:municipality:4301503,served_by,true
98750-000,br:municipality:4300208,served_by,true
98758-000,br:municipality:4313334,served_by,true
98760-000,br:municipality:4305405,served_by,true
98765-000,br:municipality:4310413,served_by,true
98770-000,br:municipality:4305009,served_by,true
98800-000,br:municipality:4317509,served_by,true
98850-000,br:municipality:4323754,served_by,true
98855-000,br:municipality:4306932,served_by,true
98860-000,br:municipality:4307831,served_by,true
98865-000,br:municipality:4319158,served_by,true
98870-000,br:municipality:4309001,served_by,true
98895-000,br:municipality:4320321,served_by,true
98898-000,br:municipality:4322343,served_by,true
98900-000,br:municipality:4317202,served_by,true
98905-000,br:municipality:4300455,served_by,true
98910-000,br:municipality:4321808,served_by,true
98915-000,br:municipality:4310405,served_by,true
98918-000,br:municipality:4302204,served_by,true
98919-000,br:municipality:4313011,served_by,true
98920-000,br:municipality:4309605,served_by,true
98925-000,br:municipality:4306734,served_by,true
98930-000,br:municipality:4322103,served_by,true
98940-000,br:municipality:4322301,served_by,true
98947-000,br:municipality:4315057,served_by,true
98950-000,br:municipality:4300307,served_by,true
98955-000,br:municipality:4313425,served_by,true
98958-000,br:municipality:4318499,served_by,true
98960-000,br:municipality:4317905,served_by,true
98970-000,br:municipality:4304309,served_by,true
98975-000,br:municipality:4303707,served_by,true
98980-000,br:municipality:4315008,served_by,true
98985-000,br:municipality:4315073,served_by,true
98995-000,br:municipality:4315107,served_by,true
99000-000,br:municipality:4314100,served_by,true
99140-000,br:municipality:4307054,served_by,true
99145-000,br:municipality:4305975,served_by,true
99150-000,br:municipality:4311809,served_by,true
99155-000,br:municipality:4323408,served_by,true
99160-000,br:municipality:4308854,served_by,true
99165-000,br:municipality:4303558,served_by,true
99170-000,br:municipality:4320503,served_by,true
99175-000,br:municipality:4312674,served_by,true
99180-000,br:municipality:4312138,served_by,true
99190-000,br:municipality:4314779,served_by,true
99200-000,br:municipality:4309407,served_by,true
99215-000,br:municipality:4322350,served_by,true
99220-000,br:municipality:4306452,served_by,true
99240-000,br:municipality:4319711,served_by,true
99250-000,br:municipality:4320404,served_by,true
99255-000,br:municipality:4312351,served_by,true
99260-000,br:municipality:4304903,served_by,true
99265-000,br:municipality:4317558,served_by,true
99270-000,br:municipality:4318051,served_by,true
99290-000,br:municipality:4322558,served_by,true
99300-000,br:municipality:4320800,served_by,true
99315-000,br:municipality:4312427,served_by,true
99320-000,br:municipality:4309951,served_by,true
99330-000,br:municipality:4322152,served_by,true
99340-000,br:municipality:4311254,served_by,true
99350-000,br:municipality:4323200,served_by,true
99360-000,br:municipality:4302006,served_by,true
99370-000,br:municipality:4308300,served_by,true
99380-000,br:municipality:4318465,served_by,true
99400-000,br:municipality:4307500,served_by,true
99430-000,br:municipality:4300554,served_by,true
99435-000,br:municipality:4304101,served_by,true
99440-000,br:municipality:4316451,served_by,true
99450-000,br:municipality:4320305,served_by,true
99460-000,br:municipality:4305603,served_by,true
99470-000,br:municipality:4312658,served_by,true
99490-000,br:municipality:4321006,served_by,true
99495-000,br:municipality:4311270,served_by,true
99500-000,br:municipality:4304705,served_by,true
99525-000,br:municipality:4317756,served_by,true
99528-000,br:municipality:4305850,served_by,true
99530-000,br:municipality:4305306,served_by,true
99560-000,br:municipality:4320107,served_by,true
99580-000,br:municipality:4312955,served_by,true
99585-000,br:municipality:4301958,served_by,true
99590-000,br:municipality:4316204,served_by,true
99600-000,br:municipality:4312708,served_by,true
99605-000,br:municipality:4309126,served_by,true
99610-000,br:municipality:4315552,served_by,true
99615-000,br:municipality:4321956,served_by,true
99640-000,br:municipality:4319703,served_by,true
99645-000,br:municipality:4306957,served_by,true
99650-000,br:municipality:4302055,served_by,true
99655-000,br:municipality:4308052,served_by,true
99660-000,br:municipality:4303806,served_by,true
99670-000,br:municipality:4316105,served_by,true
99675-000,br:municipality:4321857,served_by,true
99680-000,br:municipality:4305801,served_by,true
99690-000,br:municipality:4311601,served_by,true
99698-000,br:municipality:4306924,served_by,true
99700-000,br:municipality:4307005,served_by,true
99725-000,br:municipality:4321634,served_by,true
99730-000,br:municipality:4310900,served_by,true
99735-000,br:municipality:4314787,served_by,true
99740-000,br:municipality:4301701,served_by,true
99750-000,br:municipality:4307203,served_by,true
99760-000,br:municipality:4310702,served_by,true
99770-000,br:municipality:4300901,served_by,true
99790-000,br:municipality:4312005,served_by,true
99795-000,br:municipality:4301925,served_by,true
99800-000,br:municipality:4311908,served_by,true
99810-000,br:municipality:4320602,served_by,true
99820-000,br:municipality:4322905,served_by,true
99825-000,br:municipality:4304853,served_by,true
99830-000,br:municipality:4308706,served_by,true
99835-000,br:municipality:4301552,served_by,true
99838-000,br:municipality:4305116,served_by,true
99840-000,br:municipality:4316600,served_by,true
99850-000,br:municipality:4313607,served_by,true
99855-000,br:municipality:4318424,served_by,true
99860-000,br:municipality:4303202,served_by,true
99870-000,br:municipality:4318606,served_by,true
99878-000,br:municipality:4322186,served_by,true
99880-000,br:municipality:4311700,served_by,true
99890-000,br:municipality:4312203,served_by,true
99895-000,br:municipality:4317954,served_by,true
99900-000,br:municipality:4308904,served_by,true
99910-000,br:municipality:4308250,served_by,true
99920-000,br:municipality:4306973,served_by,true
99925-000,br:municipality:4310462,served_by,true
99930-000,br:municipality:4307559,served_by,true
99940-000,br:municipality:4309803,served_by,true
99950-000,br:municipality:4320909,served_by,true
99955-000,br:municipality:4323358,served_by,true
99960-000,br:municipality:4305371,served_by,true
99965-000,br:municipality:4300059,served_by,true
99970-000,br:municipality:4305504,served_by,true
99980-000,br:municipality:4306304,served_by,true
99990-000,br:municipality:4312625,served_by,true
