postcode,area_source_id,relationship_type,is_primary
1000,bg:municipality:sofia,served_by,true
1137,bg:municipality:sofia,served_by,true
1151,bg:municipality:sofia,served_by,true
1165,bg:municipality:sofia,served_by,true
1186,bg:municipality:sofia,served_by,true
1191,bg:municipality:sofia,served_by,true
1211,bg:municipality:sofia,served_by,true
1217,bg:municipality:sofia,served_by,true
1221,bg:municipality:sofia,served_by,true
1222,bg:municipality:sofia,served_by,true
1223,bg:municipality:sofia,served_by,true
1247,bg:municipality:sofia,served_by,true
1252,bg:municipality:sofia,served_by,true
1257,bg:municipality:sofia,served_by,true
1261,bg:municipality:sofia,served_by,true
1276,bg:municipality:sofia,served_by,true
1280,bg:municipality:sofia,served_by,true
1289,bg:municipality:sofia,served_by,true
1320,bg:municipality:sofia,served_by,true
1346,bg:municipality:sofia,served_by,true
1362,bg:municipality:sofia,served_by,true
1393,bg:municipality:sofia,served_by,true
1444,bg:municipality:sofia,served_by,true
1475,bg:municipality:sofia,served_by,true
1513,bg:municipality:sofia,served_by,true
1520,bg:municipality:sofia,served_by,true
1532,bg:municipality:sofia,served_by,true
1554,bg:municipality:sofia,served_by,true
1588,bg:municipality:sofia,served_by,true
1641,bg:municipality:sofia,served_by,true
1696,bg:municipality:sofia,served_by,true
1805,bg:municipality:sofia,served_by,true
1806,bg:municipality:sofia,served_by,true
1807,bg:municipality:sofia,served_by,true
1830,bg:municipality:sofia,served_by,true
1855,bg:municipality:sofia,served_by,true
2000,bg:municipality:samokov,served_by,true
2007,bg:municipality:samokov,served_by,true
2008,bg:municipality:samokov,served_by,true
2009,bg:municipality:samokov,served_by,true
2010,bg:municipality:samokov,served_by,true
2011,bg:municipality:samokov,served_by,true
2012,bg:municipality:samokov,served_by,true
2013,bg:municipality:samokov,served_by,true
2014,bg:municipality:samokov,served_by,true
2015,bg:municipality:samokov,served_by,true
2016,bg:municipality:samokov,served_by,true
2017,bg:municipality:samokov,served_by,true
2018,bg:municipality:samokov,served_by,true
2019,bg:municipality:samokov,served_by,true
2020,bg:municipality:samokov,served_by,true
2021,bg:municipality:samokov,served_by,true
2022,bg:municipality:samokov,served_by,true
2023,bg:municipality:samokov,served_by,true
2024,bg:municipality:samokov,served_by,true
2025,bg:municipality:samokov,served_by,true
2026,bg:municipality:samokov,served_by,true
2027,bg:municipality:samokov,served_by,true
2028,bg:municipality:samokov,served_by,true
2029,bg:municipality:samokov,served_by,true
2030,bg:municipality:kostenets,served_by,true
2034,bg:municipality:kostenets,served_by,true
2035,bg:municipality:kostenets,served_by,true
2036,bg:municipality:kostenets,served_by,true
2040,bg:municipality:dolna-banya,served_by,true
2042,bg:municipality:kostenets,served_by,true
2043,bg:municipality:samokov,served_by,true
2044,bg:municipality:samokov,served_by,true
2045,bg:municipality:samokov,served_by,true
2046,bg:municipality:kostenets,served_by,true
2048,bg:municipality:kostenets,served_by,true
2049,bg:municipality:kostenets,served_by,true
2050,bg:municipality:ihtiman,served_by,true
2059,bg:municipality:ihtiman,served_by,true
2060,bg:municipality:ihtiman,served_by,true
2061,bg:municipality:ihtiman,served_by,true
2062,bg:municipality:ihtiman,served_by,true
2063,bg:municipality:ihtiman,served_by,true
2064,bg:municipality:ihtiman,served_by,true
2065,bg:municipality:ihtiman,served_by,true
2066,bg:municipality:ihtiman,served_by,true
2067,bg:municipality:ihtiman,served_by,true
2068,bg:municipality:ihtiman,served_by,true
2069,bg:municipality:ihtiman,served_by,true
2070,bg:municipality:pirdop,served_by,true
2072,bg:municipality:mirkovo,served_by,true
2073,bg:municipality:mirkovo,served_by,true
2074,bg:municipality:mirkovo,served_by,true
2076,bg:municipality:mirkovo,served_by,true
2077,bg:municipality:koprivshtitsa,served_by,true
2080,bg:municipality:zlatitsa,served_by,true
2083,bg:municipality:pirdop,served_by,true
2084,bg:municipality:chavdar,served_by,true
2085,bg:municipality:zlatitsa,served_by,true
2086,bg:municipality:mirkovo,served_by,true
2087,bg:municipality:chelopech,served_by,true
2088,bg:municipality:zlatitsa,served_by,true
2089,bg:municipality:anton,served_by,true
2100,bg:municipality:elin-pelin,served_by,true
2107,bg:municipality:gorna-malina,served_by,true
2108,bg:municipality:elin-pelin,served_by,true
2109,bg:municipality:elin-pelin,served_by,true
2110,bg:municipality:elin-pelin,served_by,true
2111,bg:municipality:elin-pelin,served_by,true
2112,bg:municipality:elin-pelin,served_by,true
2113,bg:municipality:elin-pelin,served_by,true
2114,bg:municipality:gorna-malina,served_by,true
2115,bg:municipality:elin-pelin,served_by,true
2116,bg:municipality:elin-pelin,served_by,true
2117,bg:municipality:elin-pelin,served_by,true
2118,bg:municipality:elin-pelin,served_by,true
2119,bg:municipality:elin-pelin,served_by,true
2120,bg:municipality:gorna-malina,served_by,true
2121,bg:municipality:gorna-malina,served_by,true
2122,bg:municipality:gorna-malina,served_by,true
2123,bg:municipality:gorna-malina,served_by,true
2124,bg:municipality:gorna-malina,served_by,true
2125,bg:municipality:elin-pelin,served_by,true
2126,bg:municipality:elin-pelin,served_by,true
2127,bg:municipality:elin-pelin,served_by,true
2128,bg:municipality:gorna-malina,served_by,true
2129,bg:municipality:elin-pelin,served_by,true
2131,bg:municipality:gorna-malina,served_by,true
2132,bg:municipality:gorna-malina,served_by,true
2133,bg:municipality:gorna-malina,served_by,true
2134,bg:municipality:elin-pelin,served_by,true
2135,bg:municipality:gorna-malina,served_by,true
2137,bg:municipality:gorna-malina,served_by,true
2138,bg:municipality:gorna-malina,served_by,true
2139,bg:municipality:elin-pelin,served_by,true
2140,bg:municipality:botevgrad,served_by,true
2144,bg:municipality:botevgrad,served_by,true
2145,bg:municipality:botevgrad,served_by,true
2147,bg:municipality:botevgrad,served_by,true
2148,bg:municipality:botevgrad,served_by,true
2149,bg:municipality:botevgrad,served_by,true
2150,bg:municipality:botevgrad,served_by,true
2151,bg:municipality:botevgrad,served_by,true
2152,bg:municipality:botevgrad,served_by,true
2154,bg:municipality:pravets,served_by,true
2157,bg:municipality:botevgrad,served_by,true
2158,bg:municipality:botevgrad,served_by,true
2159,bg:municipality:botevgrad,served_by,true
2160,bg:municipality:botevgrad,served_by,true
2161,bg:municipality:pravets,served_by,true
2162,bg:municipality:pravets,served_by,true
2163,bg:municipality:pravets,served_by,true
2164,bg:municipality:pravets,served_by,true
2165,bg:municipality:pravets,served_by,true
2166,bg:municipality:pravets,served_by,true
2167,bg:municipality:pravets,served_by,true
2168,bg:municipality:pravets,served_by,true
2169,bg:municipality:pravets,served_by,true
2170,bg:municipality:pravets,served_by,true
2171,bg:municipality:pravets,served_by,true
2180,bg:municipality:etropole,served_by,true
2181,bg:municipality:etropole,served_by,true
2182,bg:municipality:etropole,served_by,true
2183,bg:municipality:etropole,served_by,true
2184,bg:municipality:etropole,served_by,true
2185,bg:municipality:etropole,served_by,true
2186,bg:municipality:etropole,served_by,true
2189,bg:municipality:pravets,served_by,true
2191,bg:municipality:etropole,served_by,true
2192,bg:municipality:etropole,served_by,true
2193,bg:municipality:etropole,served_by,true
2200,bg:municipality:slivnitsa,served_by,true
2204,bg:municipality:dragoman,served_by,true
2205,bg:municipality:dragoman,served_by,true
2206,bg:municipality:dragoman,served_by,true
2207,bg:municipality:dragoman,served_by,true
2208,bg:municipality:dragoman,served_by,true
2209,bg:municipality:dragoman,served_by,true
2210,bg:municipality:dragoman,served_by,true
2211,bg:municipality:bozhurishte,served_by,true
2212,bg:municipality:dragoman,served_by,true
2213,bg:municipality:dragoman,served_by,true
2215,bg:municipality:dragoman,served_by,true
2218,bg:municipality:slivnitsa,served_by,true
2219,bg:municipality:slivnitsa,served_by,true
2220,bg:municipality:dragoman,served_by,true
2222,bg:municipality:slivnitsa,served_by,true
2223,bg:municipality:slivnitsa,served_by,true
2224,bg:municipality:bozhurishte,served_by,true
2225,bg:municipality:bozhurishte,served_by,true
2226,bg:municipality:bozhurishte,served_by,true
2227,bg:municipality:bozhurishte,served_by,true
2228,bg:municipality:bozhurishte,served_by,true
2229,bg:municipality:bozhurishte,served_by,true
2230,bg:municipality:kostinbrod,served_by,true
2231,bg:municipality:kostinbrod,served_by,true
2234,bg:municipality:kostinbrod,served_by,true
2235,bg:municipality:kostinbrod,served_by,true
2236,bg:municipality:kostinbrod,served_by,true
2237,bg:municipality:kostinbrod,served_by,true
2238,bg:municipality:kostinbrod,served_by,true
2239,bg:municipality:kostinbrod,served_by,true
2240,bg:municipality:godech,served_by,true
2247,bg:municipality:godech,served_by,true
2248,bg:municipality:godech,served_by,true
2249,bg:municipality:godech,served_by,true
2250,bg:municipality:godech,served_by,true
2251,bg:municipality:godech,served_by,true
2252,bg:municipality:godech,served_by,true
2253,bg:municipality:godech,served_by,true
2254,bg:municipality:godech,served_by,true
2255,bg:municipality:godech,served_by,true
2260,bg:municipality:svoge,served_by,true
2266,bg:municipality:svoge,served_by,true
2267,bg:municipality:svoge,served_by,true
2268,bg:municipality:svoge,served_by,true
2269,bg:municipality:svoge,served_by,true
2270,bg:municipality:svoge,served_by,true
2271,bg:municipality:svoge,served_by,true
2272,bg:municipality:svoge,served_by,true
2273,bg:municipality:svoge,served_by,true
2274,bg:municipality:svoge,served_by,true
2275,bg:municipality:svoge,served_by,true
2276,bg:municipality:svoge,served_by,true
2277,bg:municipality:svoge,served_by,true
2278,bg:municipality:svoge,served_by,true
2279,bg:municipality:svoge,served_by,true
2280,bg:municipality:svoge,served_by,true
2281,bg:municipality:svoge,served_by,true
2282,bg:municipality:svoge,served_by,true
2283,bg:municipality:svoge,served_by,true
2284,bg:municipality:svoge,served_by,true
2285,bg:municipality:svoge,served_by,true
2286,bg:municipality:svoge,served_by,true
2287,bg:municipality:svoge,served_by,true
2288,bg:municipality:svoge,served_by,true
2289,bg:municipality:svoge,served_by,true
2290,bg:municipality:svoge,served_by,true
2291,bg:municipality:svoge,served_by,true
2292,bg:municipality:svoge,served_by,true
2293,bg:municipality:svoge,served_by,true
2294,bg:municipality:svoge,served_by,true
2295,bg:municipality:svoge,served_by,true
2296,bg:municipality:svoge,served_by,true
2297,bg:municipality:svoge,served_by,true
2298,bg:municipality:svoge,served_by,true
2299,bg:municipality:svoge,served_by,true
2300,bg:municipality:pernik,served_by,true
2340,bg:municipality:pernik,served_by,true
2341,bg:municipality:pernik,served_by,true
2342,bg:municipality:pernik,served_by,true
2343,bg:municipality:pernik,served_by,true
2344,bg:municipality:pernik,served_by,true
2345,bg:municipality:pernik,served_by,true
2346,bg:municipality:pernik,served_by,true
2347,bg:municipality:pernik,served_by,true
2348,bg:municipality:pernik,served_by,true
2349,bg:municipality:pernik,served_by,true
2350,bg:municipality:pernik,served_by,true
2351,bg:municipality:pernik,served_by,true
2352,bg:municipality:pernik,served_by,true
2353,bg:municipality:pernik,served_by,true
2354,bg:municipality:pernik,served_by,true
2355,bg:municipality:pernik,served_by,true
2356,bg:municipality:pernik,served_by,true
2357,bg:municipality:pernik,served_by,true
2358,bg:municipality:pernik,served_by,true
2359,bg:municipality:pernik,served_by,true
2360,bg:municipality:breznik,served_by,true
2364,bg:municipality:breznik,served_by,true
2365,bg:municipality:breznik,served_by,true
2366,bg:municipality:breznik,served_by,true
2367,bg:municipality:breznik,served_by,true
2369,bg:municipality:breznik,served_by,true
2370,bg:municipality:breznik,served_by,true
2371,bg:municipality:breznik,served_by,true
2372,bg:municipality:breznik,served_by,true
2373,bg:municipality:breznik,served_by,true
2374,bg:municipality:breznik,served_by,true
2375,bg:municipality:breznik,served_by,true
2376,bg:municipality:breznik,served_by,true
2377,bg:municipality:pernik,served_by,true
2378,bg:municipality:breznik,served_by,true
2379,bg:municipality:breznik,served_by,true
2380,bg:municipality:breznik,served_by,true
2381,bg:municipality:breznik,served_by,true
2382,bg:municipality:breznik,served_by,true
2383,bg:municipality:breznik,served_by,true
2384,bg:municipality:breznik,served_by,true
2385,bg:municipality:breznik,served_by,true
2386,bg:municipality:breznik,served_by,true
2387,bg:municipality:breznik,served_by,true
2388,bg:municipality:breznik,served_by,true
2389,bg:municipality:breznik,served_by,true
2390,bg:municipality:breznik,served_by,true
2391,bg:municipality:breznik,served_by,true
2392,bg:municipality:zemen,served_by,true
2393,bg:municipality:breznik,served_by,true
2394,bg:municipality:breznik,served_by,true
2395,bg:municipality:breznik,served_by,true
2396,bg:municipality:breznik,served_by,true
2397,bg:municipality:breznik,served_by,true
2398,bg:municipality:breznik,served_by,true
2399,bg:municipality:breznik,served_by,true
2400,bg:municipality:radomir,served_by,true
2406,bg:municipality:radomir,served_by,true
2407,bg:municipality:radomir,served_by,true
2408,bg:municipality:radomir,served_by,true
2408,bg:municipality:zemen,served_by,false
2409,bg:municipality:radomir,served_by,true
2410,bg:municipality:radomir,served_by,true
2411,bg:municipality:radomir,served_by,true
2412,bg:municipality:radomir,served_by,true
2413,bg:municipality:radomir,served_by,true
2414,bg:municipality:radomir,served_by,true
2415,bg:municipality:radomir,served_by,true
2416,bg:municipality:radomir,served_by,true
2417,bg:municipality:radomir,served_by,true
2418,bg:municipality:radomir,served_by,true
2419,bg:municipality:radomir,served_by,true
2420,bg:municipality:radomir,served_by,true
2421,bg:municipality:radomir,served_by,true
2422,bg:municipality:radomir,served_by,true
2423,bg:municipality:radomir,served_by,true
2424,bg:municipality:radomir,served_by,true
2425,bg:municipality:radomir,served_by,true
2426,bg:municipality:radomir,served_by,true
2427,bg:municipality:radomir,served_by,true
2428,bg:municipality:radomir,served_by,true
2429,bg:municipality:kovachevtsi,served_by,true
2430,bg:municipality:radomir,served_by,true
2431,bg:municipality:kovachevtsi,served_by,true
2432,bg:municipality:radomir,served_by,true
2433,bg:municipality:kovachevtsi,served_by,true
2434,bg:municipality:zemen,served_by,true
2435,bg:municipality:zemen,served_by,true
2436,bg:municipality:kovachevtsi,served_by,true
2437,bg:municipality:zemen,served_by,true
2438,bg:municipality:zemen,served_by,true
2439,bg:municipality:zemen,served_by,true
2440,bg:municipality:zemen,served_by,true
2441,bg:municipality:zemen,served_by,true
2442,bg:municipality:zemen,served_by,true
2443,bg:municipality:zemen,served_by,true
2444,bg:municipality:zemen,served_by,true
2445,bg:municipality:zemen,served_by,true
2446,bg:municipality:zemen,served_by,true
2447,bg:municipality:radomir,served_by,true
2448,bg:municipality:kovachevtsi,served_by,true
2449,bg:municipality:kovachevtsi,served_by,true
2450,bg:municipality:kovachevtsi,served_by,true
2451,bg:municipality:kovachevtsi,served_by,true
2452,bg:municipality:radomir,served_by,true
2453,bg:municipality:radomir,served_by,true
2454,bg:municipality:radomir,served_by,true
2455,bg:municipality:radomir,served_by,true
2456,bg:municipality:zemen,served_by,true
2457,bg:municipality:zemen,served_by,true
2458,bg:municipality:zemen,served_by,true
2459,bg:municipality:zemen,served_by,true
2460,bg:municipality:tran,served_by,true
2463,bg:municipality:tran,served_by,true
2464,bg:municipality:tran,served_by,true
2465,bg:municipality:tran,served_by,true
2466,bg:municipality:tran,served_by,true
2467,bg:municipality:tran,served_by,true
2468,bg:municipality:tran,served_by,true
2469,bg:municipality:tran,served_by,true
2470,bg:municipality:tran,served_by,true
2471,bg:municipality:tran,served_by,true
2472,bg:municipality:tran,served_by,true
2473,bg:municipality:tran,served_by,true
2474,bg:municipality:tran,served_by,true
2475,bg:municipality:tran,served_by,true
2476,bg:municipality:tran,served_by,true
2477,bg:municipality:tran,served_by,true
2478,bg:municipality:tran,served_by,true
2479,bg:municipality:tran,served_by,true
2480,bg:municipality:tran,served_by,true
2481,bg:municipality:tran,served_by,true
2482,bg:municipality:tran,served_by,true
2483,bg:municipality:tran,served_by,true
2484,bg:municipality:tran,served_by,true
2485,bg:municipality:tran,served_by,true
2486,bg:municipality:tran,served_by,true
2487,bg:municipality:tran,served_by,true
2488,bg:municipality:tran,served_by,true
2489,bg:municipality:tran,served_by,true
2490,bg:municipality:tran,served_by,true
2491,bg:municipality:tran,served_by,true
2492,bg:municipality:tran,served_by,true
2493,bg:municipality:tran,served_by,true
2494,bg:municipality:tran,served_by,true
2495,bg:municipality:tran,served_by,true
2496,bg:municipality:tran,served_by,true
2497,bg:municipality:tran,served_by,true
2499,bg:municipality:tran,served_by,true
2500,bg:municipality:kyustendil,served_by,true
2507,bg:municipality:kyustendil,served_by,true
2508,bg:municipality:kyustendil,served_by,true
2509,bg:municipality:kyustendil,served_by,true
2530,bg:municipality:kyustendil,served_by,true
2531,bg:municipality:kyustendil,served_by,true
2532,bg:municipality:kyustendil,served_by,true
2533,bg:municipality:kyustendil,served_by,true
2534,bg:municipality:kyustendil,served_by,true
2535,bg:municipality:kyustendil,served_by,true
2536,bg:municipality:kyustendil,served_by,true
2537,bg:municipality:kyustendil,served_by,true
2538,bg:municipality:kyustendil,served_by,true
2539,bg:municipality:kyustendil,served_by,true
2540,bg:municipality:kyustendil,served_by,true
2541,bg:municipality:kyustendil,served_by,true
2542,bg:municipality:kyustendil,served_by,true
2543,bg:municipality:kyustendil,served_by,true
2544,bg:municipality:kyustendil,served_by,true
2545,bg:municipality:kyustendil,served_by,true
2546,bg:municipality:kyustendil,served_by,true
2547,bg:municipality:kyustendil,served_by,true
2548,bg:municipality:kyustendil,served_by,true
2549,bg:municipality:kyustendil,served_by,true
2550,bg:municipality:kyustendil,served_by,true
2551,bg:municipality:kyustendil,served_by,true
2552,bg:municipality:kyustendil,served_by,true
2553,bg:municipality:kyustendil,served_by,true
2554,bg:municipality:treklyano,served_by,true
2555,bg:municipality:treklyano,served_by,true
2556,bg:municipality:treklyano,served_by,true
2557,bg:municipality:treklyano,served_by,true
2558,bg:municipality:treklyano,served_by,true
2559,bg:municipality:treklyano,served_by,true
2560,bg:municipality:kyustendil,served_by,true
2561,bg:municipality:kyustendil,served_by,true
2562,bg:municipality:kyustendil,served_by,true
2563,bg:municipality:kyustendil,served_by,true
2564,bg:municipality:kyustendil,served_by,true
2565,bg:municipality:kyustendil,served_by,true
2566,bg:municipality:kyustendil,served_by,true
2567,bg:municipality:kyustendil,served_by,true
2568,bg:municipality:kyustendil,served_by,true
2569,bg:municipality:kyustendil,served_by,true
2570,bg:municipality:kyustendil,served_by,true
2571,bg:municipality:kyustendil,served_by,true
2572,bg:municipality:kyustendil,served_by,true
2573,bg:municipality:kyustendil,served_by,true
2574,bg:municipality:kyustendil,served_by,true
2575,bg:municipality:kyustendil,served_by,true
2576,bg:municipality:kyustendil,served_by,true
2577,bg:municipality:nevestino,served_by,true
2578,bg:municipality:nevestino,served_by,true
2579,bg:municipality:nevestino,served_by,true
2580,bg:municipality:nevestino,served_by,true
2581,bg:municipality:nevestino,served_by,true
2582,bg:municipality:nevestino,served_by,true
2583,bg:municipality:nevestino,served_by,true
2584,bg:municipality:nevestino,served_by,true
2585,bg:municipality:nevestino,served_by,true
2586,bg:municipality:kyustendil,served_by,true
2587,bg:municipality:kyustendil,served_by,true
2588,bg:municipality:kyustendil,served_by,true
2589,bg:municipality:kyustendil,served_by,true
2590,bg:municipality:nevestino,served_by,true
2591,bg:municipality:nevestino,served_by,true
2592,bg:municipality:nevestino,served_by,true
2593,bg:municipality:nevestino,served_by,true
2594,bg:municipality:nevestino,served_by,true
2595,bg:municipality:nevestino,served_by,true
2596,bg:municipality:nevestino,served_by,true
2597,bg:municipality:nevestino,served_by,true
2598,bg:municipality:nevestino,served_by,true
2599,bg:municipality:kyustendil,served_by,true
2600,bg:municipality:dupnitsa,served_by,true
2617,bg:municipality:dupnitsa,served_by,true
2618,bg:municipality:dupnitsa,served_by,true
2619,bg:municipality:dupnitsa,served_by,true
2620,bg:municipality:dupnitsa,served_by,true
2621,bg:municipality:sapareva-banya,served_by,true
2622,bg:municipality:dupnitsa,served_by,true
2623,bg:municipality:kocherinovo,served_by,true
2624,bg:municipality:kocherinovo,served_by,true
2625,bg:municipality:kocherinovo,served_by,true
2626,bg:municipality:kocherinovo,served_by,true
2627,bg:municipality:kocherinovo,served_by,true
2628,bg:municipality:kocherinovo,served_by,true
2629,bg:municipality:dupnitsa,served_by,true
2630,bg:municipality:rila,served_by,true
2631,bg:municipality:rila,served_by,true
2632,bg:municipality:rila,served_by,true
2633,bg:municipality:dupnitsa,served_by,true
2634,bg:municipality:kocherinovo,served_by,true
2635,bg:municipality:bobov-dol,served_by,true
2636,bg:municipality:bobov-dol,served_by,true
2637,bg:municipality:bobov-dol,served_by,true
2638,bg:municipality:kocherinovo,served_by,true
2639,bg:municipality:kocherinovo,served_by,true
2640,bg:municipality:kocherinovo,served_by,true
2641,bg:municipality:rila,served_by,true
2642,bg:municipality:boboshevo,served_by,true
2643,bg:municipality:rila,served_by,true
2644,bg:municipality:dupnitsa,served_by,true
2645,bg:municipality:sapareva-banya,served_by,true
2647,bg:municipality:sapareva-banya,served_by,true
2648,bg:municipality:dupnitsa,served_by,true
2649,bg:municipality:dupnitsa,served_by,true
2650,bg:municipality:sapareva-banya,served_by,true
2651,bg:municipality:dupnitsa,served_by,true
2652,bg:municipality:dupnitsa,served_by,true
2653,bg:municipality:dupnitsa,served_by,true
2654,bg:municipality:bobov-dol,served_by,true
2656,bg:municipality:bobov-dol,served_by,true
2657,bg:municipality:bobov-dol,served_by,true
2660,bg:municipality:boboshevo,served_by,true
2661,bg:municipality:boboshevo,served_by,true
2662,bg:municipality:boboshevo,served_by,true
2663,bg:municipality:boboshevo,served_by,true
2664,bg:municipality:boboshevo,served_by,true
2665,bg:municipality:boboshevo,served_by,true
2666,bg:municipality:boboshevo,served_by,true
2667,bg:municipality:bobov-dol,served_by,true
2668,bg:municipality:bobov-dol,served_by,true
2669,bg:municipality:bobov-dol,served_by,true
2670,bg:municipality:bobov-dol,served_by,true
2675,bg:municipality:boboshevo,served_by,true
2676,bg:municipality:boboshevo,served_by,true
2677,bg:municipality:boboshevo,served_by,true
2678,bg:municipality:boboshevo,served_by,true
2679,bg:municipality:dupnitsa,served_by,true
2680,bg:municipality:dupnitsa,served_by,true
2681,bg:municipality:dupnitsa,served_by,true
2682,bg:municipality:kocherinovo,served_by,true
2683,bg:municipality:bobov-dol,served_by,true
2684,bg:municipality:bobov-dol,served_by,true
2685,bg:municipality:bobov-dol,served_by,true
2687,bg:municipality:bobov-dol,served_by,true
2688,bg:municipality:bobov-dol,served_by,true
2689,bg:municipality:bobov-dol,served_by,true
2690,bg:municipality:bobov-dol,served_by,true
2691,bg:municipality:bobov-dol,served_by,true
2700,bg:municipality:blagoevgrad,served_by,true
2708,bg:municipality:blagoevgrad,served_by,true
2709,bg:municipality:blagoevgrad,served_by,true
2710,bg:municipality:blagoevgrad,served_by,true
2711,bg:municipality:blagoevgrad,served_by,true
2722,bg:municipality:blagoevgrad,served_by,true
2723,bg:municipality:blagoevgrad,served_by,true
2724,bg:municipality:blagoevgrad,served_by,true
2725,bg:municipality:blagoevgrad,served_by,true
2726,bg:municipality:blagoevgrad,served_by,true
2727,bg:municipality:blagoevgrad,served_by,true
2728,bg:municipality:blagoevgrad,served_by,true
2729,bg:municipality:blagoevgrad,served_by,true
2730,bg:municipality:simitli,served_by,true
2732,bg:municipality:simitli,served_by,true
2733,bg:municipality:simitli,served_by,true
2734,bg:municipality:simitli,served_by,true
2735,bg:municipality:simitli,served_by,true
2736,bg:municipality:simitli,served_by,true
2737,bg:municipality:blagoevgrad,served_by,true
2738,bg:municipality:blagoevgrad,served_by,true
2739,bg:municipality:blagoevgrad,served_by,true
2740,bg:municipality:simitli,served_by,true
2741,bg:municipality:simitli,served_by,true
2742,bg:municipality:blagoevgrad,served_by,true
2743,bg:municipality:blagoevgrad,served_by,true
2744,bg:municipality:blagoevgrad,served_by,true
2745,bg:municipality:blagoevgrad,served_by,true
2746,bg:municipality:blagoevgrad,served_by,true
2747,bg:municipality:blagoevgrad,served_by,true
2748,bg:municipality:blagoevgrad,served_by,true
2749,bg:municipality:blagoevgrad,served_by,true
2750,bg:municipality:simitli,served_by,true
2751,bg:municipality:simitli,served_by,true
2752,bg:municipality:simitli,served_by,true
2753,bg:municipality:simitli,served_by,true
2754,bg:municipality:simitli,served_by,true
2755,bg:municipality:simitli,served_by,true
2756,bg:municipality:simitli,served_by,true
2757,bg:municipality:simitli,served_by,true
2758,bg:municipality:simitli,served_by,true
2759,bg:municipality:simitli,served_by,true
2760,bg:municipality:razlog,served_by,true
2768,bg:municipality:razlog,served_by,true
2769,bg:municipality:razlog,served_by,true
2770,bg:municipality:bansko,served_by,true
2771,bg:municipality:bansko,served_by,true
2772,bg:municipality:bansko,served_by,true
2773,bg:municipality:bansko,served_by,true
2774,bg:municipality:bansko,served_by,true
2775,bg:municipality:bansko,served_by,true
2776,bg:municipality:bansko,served_by,true
2777,bg:municipality:bansko,served_by,true
2778,bg:municipality:razlog,served_by,true
2779,bg:municipality:belitsa,served_by,true
2780,bg:municipality:belitsa,served_by,true
2781,bg:municipality:belitsa,served_by,true
2782,bg:municipality:razlog,served_by,true
2782,bg:municipality:belitsa,served_by,false
2783,bg:municipality:belitsa,served_by,true
2784,bg:municipality:belitsa,served_by,true
2785,bg:municipality:belitsa,served_by,true
2787,bg:municipality:belitsa,served_by,true
2788,bg:municipality:belitsa,served_by,true
2789,bg:municipality:yakoruda,served_by,true
2790,bg:municipality:yakoruda,served_by,true
2791,bg:municipality:belitsa,served_by,true
2791,bg:municipality:yakoruda,served_by,false
2792,bg:municipality:yakoruda,served_by,true
2793,bg:municipality:yakoruda,served_by,true
2794,bg:municipality:yakoruda,served_by,true
2795,bg:municipality:yakoruda,served_by,true
2796,bg:municipality:yakoruda,served_by,true
2797,bg:municipality:razlog,served_by,true
2798,bg:municipality:razlog,served_by,true
2799,bg:municipality:razlog,served_by,true
2800,bg:municipality:sandanski,served_by,true
2803,bg:municipality:sandanski,served_by,true
2804,bg:municipality:sandanski,served_by,true
2805,bg:municipality:sandanski,served_by,true
2806,bg:municipality:sandanski,served_by,true
2807,bg:municipality:sandanski,served_by,true
2808,bg:municipality:sandanski,served_by,true
2809,bg:municipality:sandanski,served_by,true
2810,bg:municipality:sandanski,served_by,true
2811,bg:municipality:sandanski,served_by,true
2812,bg:municipality:sandanski,served_by,true
2813,bg:municipality:sandanski,served_by,true
2814,bg:municipality:sandanski,served_by,true
2815,bg:municipality:sandanski,served_by,true
2816,bg:municipality:sandanski,served_by,true
2817,bg:municipality:sandanski,served_by,true
2818,bg:municipality:sandanski,served_by,true
2819,bg:municipality:sandanski,served_by,true
2820,bg:municipality:sandanski,served_by,true
2821,bg:municipality:sandanski,served_by,true
2822,bg:municipality:sandanski,served_by,true
2823,bg:municipality:sandanski,served_by,true
2824,bg:municipality:sandanski,served_by,true
2825,bg:municipality:strumyani,served_by,true
2826,bg:municipality:strumyani,served_by,true
2827,bg:municipality:strumyani,served_by,true
2828,bg:municipality:strumyani,served_by,true
2829,bg:municipality:strumyani,served_by,true
2830,bg:municipality:sandanski,served_by,true
2831,bg:municipality:sandanski,served_by,true
2832,bg:municipality:sandanski,served_by,true
2833,bg:municipality:strumyani,served_by,true
2834,bg:municipality:strumyani,served_by,true
2835,bg:municipality:strumyani,served_by,true
2836,bg:municipality:strumyani,served_by,true
2837,bg:municipality:strumyani,served_by,true
2838,bg:municipality:strumyani,served_by,true
2839,bg:municipality:strumyani,served_by,true
2840,bg:municipality:kresna,served_by,true
2841,bg:municipality:kresna,served_by,true
2842,bg:municipality:kresna,served_by,true
2843,bg:municipality:kresna,served_by,true
2844,bg:municipality:kresna,served_by,true
2845,bg:municipality:kresna,served_by,true
2846,bg:municipality:kresna,served_by,true
2847,bg:municipality:kresna,served_by,true
2848,bg:municipality:strumyani,served_by,true
2849,bg:municipality:strumyani,served_by,true
2850,bg:municipality:petrich,served_by,true
2856,bg:municipality:petrich,served_by,true
2857,bg:municipality:petrich,served_by,true
2858,bg:municipality:petrich,served_by,true
2859,bg:municipality:petrich,served_by,true
2860,bg:municipality:petrich,served_by,true
2861,bg:municipality:petrich,served_by,true
2862,bg:municipality:petrich,served_by,true
2863,bg:municipality:petrich,served_by,true
2864,bg:municipality:petrich,served_by,true
2865,bg:municipality:petrich,served_by,true
2867,bg:municipality:petrich,served_by,true
2868,bg:municipality:petrich,served_by,true
2869,bg:municipality:petrich,served_by,true
2870,bg:municipality:petrich,served_by,true
2871,bg:municipality:petrich,served_by,true
2872,bg:municipality:petrich,served_by,true
2873,bg:municipality:petrich,served_by,true
2874,bg:municipality:petrich,served_by,true
2875,bg:municipality:petrich,served_by,true
2876,bg:municipality:petrich,served_by,true
2878,bg:municipality:petrich,served_by,true
2879,bg:municipality:petrich,served_by,true
2880,bg:municipality:petrich,served_by,true
2881,bg:municipality:petrich,served_by,true
2882,bg:municipality:petrich,served_by,true
2883,bg:municipality:petrich,served_by,true
2884,bg:municipality:petrich,served_by,true
2885,bg:municipality:petrich,served_by,true
2886,bg:municipality:petrich,served_by,true
2887,bg:municipality:petrich,served_by,true
2888,bg:municipality:petrich,served_by,true
2889,bg:municipality:petrich,served_by,true
2890,bg:municipality:petrich,served_by,true
2891,bg:municipality:petrich,served_by,true
2892,bg:municipality:petrich,served_by,true
2893,bg:municipality:petrich,served_by,true
2894,bg:municipality:petrich,served_by,true
2895,bg:municipality:petrich,served_by,true
2896,bg:municipality:petrich,served_by,true
2897,bg:municipality:petrich,served_by,true
2898,bg:municipality:petrich,served_by,true
2899,bg:municipality:petrich,served_by,true
2900,bg:municipality:gotse-delchev,served_by,true
2904,bg:municipality:gotse-delchev,served_by,true
2905,bg:municipality:gotse-delchev,served_by,true
2906,bg:municipality:gotse-delchev,served_by,true
2914,bg:municipality:gotse-delchev,served_by,true
2915,bg:municipality:gotse-delchev,served_by,true
2916,bg:municipality:gotse-delchev,served_by,true
2917,bg:municipality:gotse-delchev,served_by,true
2918,bg:municipality:gotse-delchev,served_by,true
2919,bg:municipality:gotse-delchev,served_by,true
2920,bg:municipality:gotse-delchev,served_by,true
2921,bg:municipality:hadzhidimovo,served_by,true
2922,bg:municipality:hadzhidimovo,served_by,true
2923,bg:municipality:hadzhidimovo,served_by,true
2924,bg:municipality:hadzhidimovo,served_by,true
2925,bg:municipality:hadzhidimovo,served_by,true
2926,bg:municipality:hadzhidimovo,served_by,true
2927,bg:municipality:hadzhidimovo,served_by,true
2928,bg:municipality:hadzhidimovo,served_by,true
2929,bg:municipality:hadzhidimovo,served_by,true
2930,bg:municipality:satovcha,served_by,true
2931,bg:municipality:satovcha,served_by,true
2932,bg:municipality:hadzhidimovo,served_by,true
2933,bg:municipality:hadzhidimovo,served_by,true
2934,bg:municipality:hadzhidimovo,served_by,true
2935,bg:municipality:hadzhidimovo,served_by,true
2936,bg:municipality:hadzhidimovo,served_by,true
2937,bg:municipality:satovcha,served_by,true
2938,bg:municipality:satovcha,served_by,true
2939,bg:municipality:satovcha,served_by,true
2940,bg:municipality:garmen,served_by,true
2941,bg:municipality:hadzhidimovo,served_by,true
2942,bg:municipality:garmen,served_by,true
2943,bg:municipality:garmen,served_by,true
2944,bg:municipality:garmen,served_by,true
2945,bg:municipality:garmen,served_by,true
2947,bg:municipality:garmen,served_by,true
2948,bg:municipality:garmen,served_by,true
2949,bg:municipality:garmen,served_by,true
2950,bg:municipality:satovcha,served_by,true
2951,bg:municipality:satovcha,served_by,true
2952,bg:municipality:satovcha,served_by,true
2953,bg:municipality:satovcha,served_by,true
2954,bg:municipality:satovcha,served_by,true
2955,bg:municipality:satovcha,served_by,true
2956,bg:municipality:satovcha,served_by,true
2957,bg:municipality:satovcha,served_by,true
2960,bg:municipality:garmen,served_by,true
2961,bg:municipality:garmen,served_by,true
2962,bg:municipality:garmen,served_by,true
2963,bg:municipality:garmen,served_by,true
2964,bg:municipality:garmen,served_by,true
2965,bg:municipality:garmen,served_by,true
2967,bg:municipality:garmen,served_by,true
2968,bg:municipality:satovcha,served_by,true
2969,bg:municipality:garmen,served_by,true
2970,bg:municipality:gotse-delchev,served_by,true
2971,bg:municipality:gotse-delchev,served_by,true
2972,bg:municipality:gotse-delchev,served_by,true
3000,bg:municipality:vratsa,served_by,true
3036,bg:municipality:vratsa,served_by,true
3038,bg:municipality:vratsa,served_by,true
3039,bg:municipality:vratsa,served_by,true
3040,bg:municipality:vratsa,served_by,true
3041,bg:municipality:vratsa,served_by,true
3042,bg:municipality:vratsa,served_by,true
3043,bg:municipality:vratsa,served_by,true
3044,bg:municipality:vratsa,served_by,true
3045,bg:municipality:krivodol,served_by,true
3046,bg:municipality:krivodol,served_by,true
3047,bg:municipality:vratsa,served_by,true
3048,bg:municipality:krivodol,served_by,true
3049,bg:municipality:krivodol,served_by,true
3050,bg:municipality:vratsa,served_by,true
3051,bg:municipality:vratsa,served_by,true
3052,bg:municipality:vratsa,served_by,true
3053,bg:municipality:vratsa,served_by,true
3054,bg:municipality:vratsa,served_by,true
3055,bg:municipality:vratsa,served_by,true
3056,bg:municipality:vratsa,served_by,true
3057,bg:municipality:vratsa,served_by,true
3058,bg:municipality:vratsa,served_by,true
3059,bg:municipality:krivodol,served_by,true
3060,bg:municipality:krivodol,served_by,true
3063,bg:municipality:krivodol,served_by,true
3064,bg:municipality:krivodol,served_by,true
3065,bg:municipality:vratsa,served_by,true
3067,bg:municipality:krivodol,served_by,true
3068,bg:municipality:krivodol,served_by,true
3069,bg:municipality:krivodol,served_by,true
3071,bg:municipality:krivodol,served_by,true
3072,bg:municipality:vratsa,served_by,true
3073,bg:municipality:krivodol,served_by,true
3074,bg:municipality:krivodol,served_by,true
3075,bg:municipality:krivodol,served_by,true
3077,bg:municipality:vratsa,served_by,true
3078,bg:municipality:vratsa,served_by,true
3079,bg:municipality:vratsa,served_by,true
3100,bg:municipality:mezdra,served_by,true
3126,bg:municipality:mezdra,served_by,true
3127,bg:municipality:mezdra,served_by,true
3128,bg:municipality:mezdra,served_by,true
3129,bg:municipality:mezdra,served_by,true
3130,bg:municipality:roman,served_by,true
3132,bg:municipality:roman,served_by,true
3133,bg:municipality:roman,served_by,true
3134,bg:municipality:roman,served_by,true
3135,bg:municipality:roman,served_by,true
3136,bg:municipality:roman,served_by,true
3137,bg:municipality:roman,served_by,true
3138,bg:municipality:roman,served_by,true
3139,bg:municipality:roman,served_by,true
3140,bg:municipality:roman,served_by,true
3141,bg:municipality:mezdra,served_by,true
3142,bg:municipality:mezdra,served_by,true
3143,bg:municipality:roman,served_by,true
3144,bg:municipality:roman,served_by,true
3145,bg:municipality:mezdra,served_by,true
3147,bg:municipality:mezdra,served_by,true
3148,bg:municipality:mezdra,served_by,true
3149,bg:municipality:mezdra,served_by,true
3150,bg:municipality:roman,served_by,true
3151,bg:municipality:mezdra,served_by,true
3152,bg:municipality:mezdra,served_by,true
3153,bg:municipality:mezdra,served_by,true
3154,bg:municipality:mezdra,served_by,true
3155,bg:municipality:mezdra,served_by,true
3158,bg:municipality:mezdra,served_by,true
3159,bg:municipality:mezdra,served_by,true
3160,bg:municipality:mezdra,served_by,true
3161,bg:municipality:mezdra,served_by,true
3162,bg:municipality:mezdra,served_by,true
3163,bg:municipality:mezdra,served_by,true
3164,bg:municipality:mezdra,served_by,true
3165,bg:municipality:mezdra,served_by,true
3167,bg:municipality:mezdra,served_by,true
3168,bg:municipality:mezdra,served_by,true
3169,bg:municipality:mezdra,served_by,true
3170,bg:municipality:mezdra,served_by,true
3171,bg:municipality:mezdra,served_by,true
3200,bg:municipality:byala-slatina,served_by,true
3240,bg:municipality:borovan,served_by,true
3241,bg:municipality:borovan,served_by,true
3242,bg:municipality:byala-slatina,served_by,true
3243,bg:municipality:byala-slatina,served_by,true
3244,bg:municipality:byala-slatina,served_by,true
3245,bg:municipality:byala-slatina,served_by,true
3247,bg:municipality:byala-slatina,served_by,true
3248,bg:municipality:byala-slatina,served_by,true
3249,bg:municipality:byala-slatina,served_by,true
3250,bg:municipality:byala-slatina,served_by,true
3251,bg:municipality:byala-slatina,served_by,true
3252,bg:municipality:byala-slatina,served_by,true
3253,bg:municipality:borovan,served_by,true
3254,bg:municipality:borovan,served_by,true
3255,bg:municipality:borovan,served_by,true
3258,bg:municipality:byala-slatina,served_by,true
3259,bg:municipality:byala-slatina,served_by,true
3265,bg:municipality:byala-slatina,served_by,true
3267,bg:municipality:byala-slatina,served_by,true
3300,bg:municipality:oryahovo,served_by,true
3301,bg:municipality:oryahovo,served_by,true
3320,bg:municipality:kozloduy,served_by,true
3326,bg:municipality:kozloduy,served_by,true
3327,bg:municipality:kozloduy,served_by,true
3328,bg:municipality:kozloduy,served_by,true
3329,bg:municipality:kozloduy,served_by,true
3330,bg:municipality:miziya,served_by,true
3332,bg:municipality:miziya,served_by,true
3333,bg:municipality:miziya,served_by,true
3340,bg:municipality:oryahovo,served_by,true
3341,bg:municipality:oryahovo,served_by,true
3342,bg:municipality:oryahovo,served_by,true
3343,bg:municipality:oryahovo,served_by,true
3344,bg:municipality:oryahovo,served_by,true
3348,bg:municipality:miziya,served_by,true
3349,bg:municipality:miziya,served_by,true
3352,bg:municipality:miziya,served_by,true
3353,bg:municipality:hayredin,served_by,true
3354,bg:municipality:hayredin,served_by,true
3355,bg:municipality:hayredin,served_by,true
3357,bg:municipality:hayredin,served_by,true
3359,bg:municipality:hayredin,served_by,true
3360,bg:municipality:hayredin,served_by,true
3400,bg:municipality:montana,served_by,true
3429,bg:municipality:montana,served_by,true
3430,bg:municipality:boychinovtsi,served_by,true
3431,bg:municipality:boychinovtsi,served_by,true
3432,bg:municipality:boychinovtsi,served_by,true
3434,bg:municipality:montana,served_by,true
3435,bg:municipality:montana,served_by,true
3437,bg:municipality:montana,served_by,true
3438,bg:municipality:boychinovtsi,served_by,true
3439,bg:municipality:boychinovtsi,served_by,true
3440,bg:municipality:boychinovtsi,served_by,true
3441,bg:municipality:boychinovtsi,served_by,true
3442,bg:municipality:boychinovtsi,served_by,true
3443,bg:municipality:boychinovtsi,served_by,true
3444,bg:municipality:boychinovtsi,served_by,true
3445,bg:municipality:boychinovtsi,served_by,true
3447,bg:municipality:boychinovtsi,served_by,true
3448,bg:municipality:boychinovtsi,served_by,true
3449,bg:municipality:montana,served_by,true
3450,bg:municipality:montana,served_by,true
3451,bg:municipality:montana,served_by,true
3452,bg:municipality:montana,served_by,true
3453,bg:municipality:montana,served_by,true
3454,bg:municipality:montana,served_by,true
3455,bg:municipality:montana,served_by,true
3457,bg:municipality:chiprovtsi,served_by,true
3458,bg:municipality:chiprovtsi,served_by,true
3459,bg:municipality:chiprovtsi,served_by,true
3460,bg:municipality:chiprovtsi,served_by,true
3461,bg:municipality:chiprovtsi,served_by,true
3462,bg:municipality:chiprovtsi,served_by,true
3463,bg:municipality:chiprovtsi,served_by,true
3464,bg:municipality:chiprovtsi,served_by,true
3465,bg:municipality:chiprovtsi,served_by,true
3467,bg:municipality:georgi-damyanovo,served_by,true
3468,bg:municipality:georgi-damyanovo,served_by,true
3469,bg:municipality:georgi-damyanovo,served_by,true
3470,bg:municipality:georgi-damyanovo,served_by,true
3471,bg:municipality:georgi-damyanovo,served_by,true
3472,bg:municipality:georgi-damyanovo,served_by,true
3473,bg:municipality:chiprovtsi,served_by,true
3474,bg:municipality:georgi-damyanovo,served_by,true
3475,bg:municipality:georgi-damyanovo,served_by,true
3476,bg:municipality:georgi-damyanovo,served_by,true
3477,bg:municipality:georgi-damyanovo,served_by,true
3478,bg:municipality:georgi-damyanovo,served_by,true
3479,bg:municipality:georgi-damyanovo,served_by,true
3480,bg:municipality:montana,served_by,true
3481,bg:municipality:montana,served_by,true
3482,bg:municipality:montana,served_by,true
3483,bg:municipality:montana,served_by,true
3484,bg:municipality:montana,served_by,true
3485,bg:municipality:montana,served_by,true
3487,bg:municipality:montana,served_by,true
3488,bg:municipality:montana,served_by,true
3489,bg:municipality:montana,served_by,true
3490,bg:municipality:montana,served_by,true
3491,bg:municipality:montana,served_by,true
3492,bg:municipality:georgi-damyanovo,served_by,true
3499,bg:municipality:montana,served_by,true
3500,bg:municipality:berkovitsa,served_by,true
3515,bg:municipality:berkovitsa,served_by,true
3516,bg:municipality:berkovitsa,served_by,true
3517,bg:municipality:berkovitsa,served_by,true
3518,bg:municipality:berkovitsa,served_by,true
3519,bg:municipality:berkovitsa,served_by,true
3520,bg:municipality:berkovitsa,served_by,true
3521,bg:municipality:berkovitsa,served_by,true
3522,bg:municipality:berkovitsa,served_by,true
3523,bg:municipality:berkovitsa,served_by,true
3524,bg:municipality:berkovitsa,served_by,true
3525,bg:municipality:berkovitsa,served_by,true
3527,bg:municipality:berkovitsa,served_by,true
3528,bg:municipality:berkovitsa,served_by,true
3529,bg:municipality:berkovitsa,served_by,true
3530,bg:municipality:berkovitsa,served_by,true
3531,bg:municipality:berkovitsa,served_by,true
3532,bg:municipality:berkovitsa,served_by,true
3533,bg:municipality:varshets,served_by,true
3534,bg:municipality:varshets,served_by,true
3535,bg:municipality:berkovitsa,served_by,true
3537,bg:municipality:berkovitsa,served_by,true
3538,bg:municipality:varshets,served_by,true
3539,bg:municipality:varshets,served_by,true
3540,bg:municipality:varshets,served_by,true
3542,bg:municipality:berkovitsa,served_by,true
3543,bg:municipality:varshets,served_by,true
3544,bg:municipality:varshets,served_by,true
3545,bg:municipality:varshets,served_by,true
3546,bg:municipality:varshets,served_by,true
3547,bg:municipality:varshets,served_by,true
3600,bg:municipality:lom,served_by,true
3605,bg:municipality:lom,served_by,true
3630,bg:municipality:valchedram,served_by,true
3631,bg:municipality:valchedram,served_by,true
3632,bg:municipality:valchedram,served_by,true
3633,bg:municipality:valchedram,served_by,true
3634,bg:municipality:valchedram,served_by,true
3635,bg:municipality:valchedram,served_by,true
3637,bg:municipality:valchedram,served_by,true
3638,bg:municipality:yakimovo,served_by,true
3639,bg:municipality:yakimovo,served_by,true
3640,bg:municipality:yakimovo,served_by,true
3641,bg:municipality:lom,served_by,true
3642,bg:municipality:valchedram,served_by,true
3643,bg:municipality:lom,served_by,true
3644,bg:municipality:lom,served_by,true
3645,bg:municipality:lom,served_by,true
3647,bg:municipality:valchedram,served_by,true
3648,bg:municipality:yakimovo,served_by,true
3649,bg:municipality:valchedram,served_by,true
3650,bg:municipality:valchedram,served_by,true
3657,bg:municipality:lom,served_by,true
3658,bg:municipality:brusartsi,served_by,true
3659,bg:municipality:brusartsi,served_by,true
3660,bg:municipality:medkovets,served_by,true
3661,bg:municipality:medkovets,served_by,true
3662,bg:municipality:medkovets,served_by,true
3663,bg:municipality:brusartsi,served_by,true
3664,bg:municipality:medkovets,served_by,true
3665,bg:municipality:lom,served_by,true
3667,bg:municipality:lom,served_by,true
3668,bg:municipality:lom,served_by,true
3669,bg:municipality:brusartsi,served_by,true
3670,bg:municipality:medkovets,served_by,true
3674,bg:municipality:brusartsi,served_by,true
3675,bg:municipality:brusartsi,served_by,true
3677,bg:municipality:brusartsi,served_by,true
3678,bg:municipality:brusartsi,served_by,true
3679,bg:municipality:brusartsi,served_by,true
3680,bg:municipality:brusartsi,served_by,true
3700,bg:municipality:vidin,served_by,true
3725,bg:municipality:vidin,served_by,true
3726,bg:municipality:vidin,served_by,true
3727,bg:municipality:vidin,served_by,true
3728,bg:municipality:vidin,served_by,true
3729,bg:municipality:vidin,served_by,true
3730,bg:municipality:vidin,served_by,true
3731,bg:municipality:vidin,served_by,true
3732,bg:municipality:vidin,served_by,true
3733,bg:municipality:vidin,served_by,true
3734,bg:municipality:vidin,served_by,true
3737,bg:municipality:vidin,served_by,true
3738,bg:municipality:vidin,served_by,true
3739,bg:municipality:vidin,served_by,true
3740,bg:municipality:vidin,served_by,true
3741,bg:municipality:vidin,served_by,true
3742,bg:municipality:dimovo,served_by,true
3743,bg:municipality:dimovo,served_by,true
3744,bg:municipality:dimovo,served_by,true
3745,bg:municipality:vidin,served_by,true
3746,bg:municipality:vidin,served_by,true
3747,bg:municipality:dimovo,served_by,true
3748,bg:municipality:dimovo,served_by,true
3749,bg:municipality:dimovo,served_by,true
3750,bg:municipality:dimovo,served_by,true
3752,bg:municipality:vidin,served_by,true
3753,bg:municipality:vidin,served_by,true
3754,bg:municipality:makresh,served_by,true
3755,bg:municipality:dimovo,served_by,true
3756,bg:municipality:dimovo,served_by,true
3757,bg:municipality:dimovo,served_by,true
3758,bg:municipality:dimovo,served_by,true
3762,bg:municipality:vidin,served_by,true
3763,bg:municipality:vidin,served_by,true
3764,bg:municipality:vidin,served_by,true
3767,bg:municipality:vidin,served_by,true
3768,bg:municipality:vidin,served_by,true
3769,bg:municipality:vidin,served_by,true
3770,bg:municipality:dimovo,served_by,true
3771,bg:municipality:vidin,served_by,true
3772,bg:municipality:vidin,served_by,true
3773,bg:municipality:novo-selo,served_by,true
3774,bg:municipality:novo-selo,served_by,true
3775,bg:municipality:novo-selo,served_by,true
3776,bg:municipality:vidin,served_by,true
3777,bg:municipality:vidin,served_by,true
3778,bg:municipality:novo-selo,served_by,true
3779,bg:municipality:bregovo,served_by,true
3780,bg:municipality:vidin,served_by,true
3781,bg:municipality:vidin,served_by,true
3782,bg:municipality:vidin,served_by,true
3783,bg:municipality:vidin,served_by,true
3784,bg:municipality:novo-selo,served_by,true
3785,bg:municipality:bregovo,served_by,true
3787,bg:municipality:bregovo,served_by,true
3788,bg:municipality:bregovo,served_by,true
3790,bg:municipality:bregovo,served_by,true
3791,bg:municipality:bregovo,served_by,true
3794,bg:municipality:bregovo,served_by,true
3795,bg:municipality:bregovo,served_by,true
3796,bg:municipality:dimovo,served_by,true
3797,bg:municipality:bregovo,served_by,true
3798,bg:municipality:bregovo,served_by,true
3799,bg:municipality:dimovo,served_by,true
3800,bg:municipality:kula,served_by,true
3818,bg:municipality:kula,served_by,true
3819,bg:municipality:kula,served_by,true
3820,bg:municipality:makresh,served_by,true
3821,bg:municipality:kula,served_by,true
3822,bg:municipality:kula,served_by,true
3823,bg:municipality:makresh,served_by,true
3824,bg:municipality:gramada,served_by,true
3825,bg:municipality:gramada,served_by,true
3827,bg:municipality:kula,served_by,true
3828,bg:municipality:kula,served_by,true
3830,bg:municipality:gramada,served_by,true
3831,bg:municipality:gramada,served_by,true
3832,bg:municipality:gramada,served_by,true
3833,bg:municipality:kula,served_by,true
3834,bg:municipality:boynitsa,served_by,true
3835,bg:municipality:boynitsa,served_by,true
3836,bg:municipality:boynitsa,served_by,true
3837,bg:municipality:boynitsa,served_by,true
3838,bg:municipality:boynitsa,served_by,true
3839,bg:municipality:kula,served_by,true
3840,bg:municipality:boynitsa,served_by,true
3841,bg:municipality:boynitsa,served_by,true
3842,bg:municipality:boynitsa,served_by,true
3843,bg:municipality:boynitsa,served_by,true
3845,bg:municipality:gramada,served_by,true
3846,bg:municipality:gramada,served_by,true
3847,bg:municipality:gramada,served_by,true
3850,bg:municipality:makresh,served_by,true
3851,bg:municipality:makresh,served_by,true
3852,bg:municipality:makresh,served_by,true
3853,bg:municipality:makresh,served_by,true
3854,bg:municipality:makresh,served_by,true
3900,bg:municipality:belogradchik,served_by,true
3912,bg:municipality:belogradchik,served_by,true
3913,bg:municipality:belogradchik,served_by,true
3914,bg:municipality:belogradchik,served_by,true
3915,bg:municipality:belogradchik,served_by,true
3916,bg:municipality:belogradchik,served_by,true
3917,bg:municipality:belogradchik,served_by,true
3918,bg:municipality:belogradchik,served_by,true
3919,bg:municipality:belogradchik,served_by,true
3920,bg:municipality:ruzhintsi,served_by,true
3921,bg:municipality:ruzhintsi,served_by,true
3922,bg:municipality:ruzhintsi,served_by,true
3923,bg:municipality:dimovo,served_by,true
3924,bg:municipality:dimovo,served_by,true
3929,bg:municipality:ruzhintsi,served_by,true
3930,bg:municipality:ruzhintsi,served_by,true
3931,bg:municipality:ruzhintsi,served_by,true
3932,bg:municipality:ruzhintsi,served_by,true
3933,bg:municipality:belogradchik,served_by,true
3934,bg:municipality:belogradchik,served_by,true
3935,bg:municipality:belogradchik,served_by,true
3936,bg:municipality:ruzhintsi,served_by,true
3937,bg:municipality:belogradchik,served_by,true
3938,bg:municipality:belogradchik,served_by,true
3939,bg:municipality:belogradchik,served_by,true
3940,bg:municipality:dimovo,served_by,true
3945,bg:municipality:dimovo,served_by,true
3946,bg:municipality:dimovo,served_by,true
3947,bg:municipality:dimovo,served_by,true
3948,bg:municipality:dimovo,served_by,true
3949,bg:municipality:dimovo,served_by,true
3950,bg:municipality:chuprene,served_by,true
3951,bg:municipality:chuprene,served_by,true
3952,bg:municipality:chuprene,served_by,true
3953,bg:municipality:chuprene,served_by,true
3954,bg:municipality:chuprene,served_by,true
3955,bg:municipality:belogradchik,served_by,true
3957,bg:municipality:chuprene,served_by,true
3958,bg:municipality:chuprene,served_by,true
3959,bg:municipality:chuprene,served_by,true
3960,bg:municipality:chuprene,served_by,true
3961,bg:municipality:ruzhintsi,served_by,true
3962,bg:municipality:ruzhintsi,served_by,true
3963,bg:municipality:belogradchik,served_by,true
3964,bg:municipality:belogradchik,served_by,true
3965,bg:municipality:dimovo,served_by,true
4000,bg:municipality:plovdiv,served_by,true
4101,bg:municipality:kuklen,served_by,true
4102,bg:municipality:kuklen,served_by,true
4103,bg:municipality:rodopi,served_by,true
4104,bg:municipality:rodopi,served_by,true
4105,bg:municipality:rodopi,served_by,true
4106,bg:municipality:rodopi,served_by,true
4107,bg:municipality:rodopi,served_by,true
4108,bg:municipality:rodopi,served_by,true
4109,bg:municipality:rodopi,served_by,true
4110,bg:municipality:rodopi,served_by,true
4111,bg:municipality:rodopi,served_by,true
4112,bg:municipality:rodopi,served_by,true
4113,bg:municipality:rodopi,served_by,true
4114,bg:municipality:sadovo,served_by,true
4115,bg:municipality:sadovo,served_by,true
4116,bg:municipality:rodopi,served_by,true
4117,bg:municipality:sadovo,served_by,true
4118,bg:municipality:sadovo,served_by,true
4119,bg:municipality:sadovo,served_by,true
4120,bg:municipality:sadovo,served_by,true
4121,bg:municipality:sadovo,served_by,true
4122,bg:municipality:sadovo,served_by,true
4123,bg:municipality:rakovski,served_by,true
4124,bg:municipality:rodopi,served_by,true
4125,bg:municipality:kuklen,served_by,true
4126,bg:municipality:kuklen,served_by,true
4127,bg:municipality:sadovo,served_by,true
4128,bg:municipality:sadovo,served_by,true
4129,bg:municipality:sadovo,served_by,true
4130,bg:municipality:rakovski,served_by,true
4131,bg:municipality:sadovo,served_by,true
4132,bg:municipality:rakovski,served_by,true
4133,bg:municipality:rakovski,served_by,true
4134,bg:municipality:maritsa,served_by,true
4135,bg:municipality:maritsa,served_by,true
4136,bg:municipality:maritsa,served_by,true
4137,bg:municipality:maritsa,served_by,true
4138,bg:municipality:maritsa,served_by,true
4139,bg:municipality:maritsa,served_by,true
4140,bg:municipality:maritsa,served_by,true
4141,bg:municipality:maritsa,served_by,true
4142,bg:municipality:rakovski,served_by,true
4143,bg:municipality:rakovski,served_by,true
4144,bg:municipality:brezovo,served_by,true
4145,bg:municipality:brezovo,served_by,true
4146,bg:municipality:brezovo,served_by,true
4147,bg:municipality:maritsa,served_by,true
4148,bg:municipality:maritsa,served_by,true
4149,bg:municipality:maritsa,served_by,true
4150,bg:municipality:rakovski,served_by,true
4152,bg:municipality:brezovo,served_by,true
4154,bg:municipality:brezovo,served_by,true
4155,bg:municipality:brezovo,served_by,true
4156,bg:municipality:brezovo,served_by,true
4157,bg:municipality:brezovo,served_by,true
4158,bg:municipality:brezovo,served_by,true
4159,bg:municipality:brezovo,served_by,true
4160,bg:municipality:brezovo,served_by,true
4161,bg:municipality:brezovo,served_by,true
4162,bg:municipality:brezovo,served_by,true
4163,bg:municipality:brezovo,served_by,true
4164,bg:municipality:brezovo,served_by,true
4165,bg:municipality:hisarya,served_by,true
4166,bg:municipality:kaloyanovo,served_by,true
4167,bg:municipality:hisarya,served_by,true
4168,bg:municipality:kaloyanovo,served_by,true
4169,bg:municipality:kaloyanovo,served_by,true
4170,bg:municipality:kaloyanovo,served_by,true
4171,bg:municipality:kaloyanovo,served_by,true
4172,bg:municipality:kaloyanovo,served_by,true
4173,bg:municipality:kaloyanovo,served_by,true
4174,bg:municipality:kaloyanovo,served_by,true
4175,bg:municipality:hisarya,served_by,true
4176,bg:municipality:hisarya,served_by,true
4177,bg:municipality:hisarya,served_by,true
4178,bg:municipality:hisarya,served_by,true
4179,bg:municipality:hisarya,served_by,true
4180,bg:municipality:hisarya,served_by,true
4181,bg:municipality:hisarya,served_by,true
4182,bg:municipality:hisarya,served_by,true
4183,bg:municipality:hisarya,served_by,true
4184,bg:municipality:saedinenie,served_by,true
4185,bg:municipality:saedinenie,served_by,true
4187,bg:municipality:saedinenie,served_by,true
4188,bg:municipality:saedinenie,served_by,true
4189,bg:municipality:saedinenie,served_by,true
4190,bg:municipality:saedinenie,served_by,true
4191,bg:municipality:saedinenie,served_by,true
4192,bg:municipality:saedinenie,served_by,true
4193,bg:municipality:saedinenie,served_by,true
4194,bg:municipality:saedinenie,served_by,true
4195,bg:municipality:kaloyanovo,served_by,true
4196,bg:municipality:kaloyanovo,served_by,true
4197,bg:municipality:maritsa,served_by,true
4198,bg:municipality:maritsa,served_by,true
4199,bg:municipality:maritsa,served_by,true
4200,bg:municipality:kaloyanovo,served_by,true
4201,bg:municipality:maritsa,served_by,true
4202,bg:municipality:maritsa,served_by,true
4203,bg:municipality:maritsa,served_by,true
4204,bg:municipality:maritsa,served_by,true
4205,bg:municipality:maritsa,served_by,true
4206,bg:municipality:kaloyanovo,served_by,true
4207,bg:municipality:kaloyanovo,served_by,true
4208,bg:municipality:kaloyanovo,served_by,true
4209,bg:municipality:kaloyanovo,served_by,true
4210,bg:municipality:stamboliyski,served_by,true
4212,bg:municipality:rodopi,served_by,true
4213,bg:municipality:rodopi,served_by,true
4214,bg:municipality:rodopi,served_by,true
4218,bg:municipality:rodopi,served_by,true
4219,bg:municipality:stamboliyski,served_by,true
4220,bg:municipality:krichim,served_by,true
4221,bg:municipality:stamboliyski,served_by,true
4222,bg:municipality:stamboliyski,served_by,true
4223,bg:municipality:stamboliyski,served_by,true
4224,bg:municipality:rodopi,served_by,true
4225,bg:municipality:perushtitsa,served_by,true
4226,bg:municipality:rodopi,served_by,true
4227,bg:municipality:rodopi,served_by,true
4228,bg:municipality:rodopi,served_by,true
4230,bg:municipality:asenovgrad,served_by,true
4233,bg:municipality:asenovgrad,served_by,true
4234,bg:municipality:asenovgrad,served_by,true
4235,bg:municipality:asenovgrad,served_by,true
4236,bg:municipality:asenovgrad,served_by,true
4237,bg:municipality:asenovgrad,served_by,true
4238,bg:municipality:asenovgrad,served_by,true
4239,bg:municipality:asenovgrad,served_by,true
4240,bg:municipality:asenovgrad,served_by,true
4241,bg:municipality:laki,served_by,true
4242,bg:municipality:laki,served_by,true
4243,bg:municipality:laki,served_by,true
4245,bg:municipality:laki,served_by,true
4246,bg:municipality:asenovgrad,served_by,true
4248,bg:municipality:asenovgrad,served_by,true
4249,bg:municipality:asenovgrad,served_by,true
4251,bg:municipality:asenovgrad,served_by,true
4252,bg:municipality:asenovgrad,served_by,true
4253,bg:municipality:asenovgrad,served_by,true
4254,bg:municipality:asenovgrad,served_by,true
4255,bg:municipality:asenovgrad,served_by,true
4256,bg:municipality:asenovgrad,served_by,true
4257,bg:municipality:asenovgrad,served_by,true
4258,bg:municipality:kuklen,served_by,true
4259,bg:municipality:kuklen,served_by,true
4260,bg:municipality:asenovgrad,served_by,true
4261,bg:municipality:asenovgrad,served_by,true
4262,bg:municipality:asenovgrad,served_by,true
4263,bg:municipality:asenovgrad,served_by,true
4264,bg:municipality:asenovgrad,served_by,true
4265,bg:municipality:asenovgrad,served_by,true
4266,bg:municipality:asenovgrad,served_by,true
4267,bg:municipality:asenovgrad,served_by,true
4268,bg:municipality:asenovgrad,served_by,true
4269,bg:municipality:asenovgrad,served_by,true
4270,bg:municipality:parvomay,served_by,true
4280,bg:municipality:parvomay,served_by,true
4281,bg:municipality:parvomay,served_by,true
4282,bg:municipality:parvomay,served_by,true
4283,bg:municipality:parvomay,served_by,true
4284,bg:municipality:parvomay,served_by,true
4285,bg:municipality:parvomay,served_by,true
4287,bg:municipality:parvomay,served_by,true
4288,bg:municipality:parvomay,served_by,true
4289,bg:municipality:parvomay,served_by,true
4290,bg:municipality:parvomay,served_by,true
4291,bg:municipality:parvomay,served_by,true
4292,bg:municipality:parvomay,served_by,true
4293,bg:municipality:parvomay,served_by,true
4294,bg:municipality:parvomay,served_by,true
4295,bg:municipality:parvomay,served_by,true
4297,bg:municipality:parvomay,served_by,true
4298,bg:municipality:asenovgrad,served_by,true
4300,bg:municipality:karlovo,served_by,true
4304,bg:municipality:brezovo,served_by,true
4330,bg:municipality:sopot,served_by,true
4331,bg:municipality:sopot,served_by,true
4333,bg:municipality:karlovo,served_by,true
4334,bg:municipality:karlovo,served_by,true
4335,bg:municipality:karlovo,served_by,true
4337,bg:municipality:karlovo,served_by,true
4338,bg:municipality:karlovo,served_by,true
4339,bg:municipality:karlovo,served_by,true
4340,bg:municipality:karlovo,served_by,true
4341,bg:municipality:karlovo,served_by,true
4342,bg:municipality:karlovo,served_by,true
4343,bg:municipality:karlovo,served_by,true
4347,bg:municipality:karlovo,served_by,true
4348,bg:municipality:karlovo,served_by,true
4349,bg:municipality:karlovo,served_by,true
4350,bg:municipality:karlovo,served_by,true
4357,bg:municipality:karlovo,served_by,true
4358,bg:municipality:karlovo,served_by,true
4359,bg:municipality:karlovo,served_by,true
4360,bg:municipality:karlovo,served_by,true
4361,bg:municipality:hisarya,served_by,true
4362,bg:municipality:karlovo,served_by,true
4363,bg:municipality:karlovo,served_by,true
4364,bg:municipality:karlovo,served_by,true
4365,bg:municipality:karlovo,served_by,true
4367,bg:municipality:karlovo,served_by,true
4368,bg:municipality:karlovo,served_by,true
4369,bg:municipality:karlovo,served_by,true
4370,bg:municipality:karlovo,served_by,true
4400,bg:municipality:pazardzhik,served_by,true
4405,bg:municipality:pazardzhik,served_by,true
4406,bg:municipality:pazardzhik,served_by,true
4407,bg:municipality:pazardzhik,served_by,true
4408,bg:municipality:pazardzhik,served_by,true
4409,bg:municipality:pazardzhik,served_by,true
4410,bg:municipality:pazardzhik,served_by,true
4411,bg:municipality:pazardzhik,served_by,true
4412,bg:municipality:pazardzhik,served_by,true
4413,bg:municipality:pazardzhik,served_by,true
4414,bg:municipality:pazardzhik,served_by,true
4415,bg:municipality:pazardzhik,served_by,true
4416,bg:municipality:pazardzhik,served_by,true
4417,bg:municipality:pazardzhik,served_by,true
4418,bg:municipality:pazardzhik,served_by,true
4419,bg:municipality:pazardzhik,served_by,true
4420,bg:municipality:pazardzhik,served_by,true
4421,bg:municipality:pazardzhik,served_by,true
4422,bg:municipality:pazardzhik,served_by,true
4441,bg:municipality:pazardzhik,served_by,true
4442,bg:municipality:pazardzhik,served_by,true
4443,bg:municipality:pazardzhik,served_by,true
4444,bg:municipality:pazardzhik,served_by,true
4445,bg:municipality:pazardzhik,served_by,true
4447,bg:municipality:pazardzhik,served_by,true
4448,bg:municipality:pazardzhik,served_by,true
4449,bg:municipality:pazardzhik,served_by,true
4450,bg:municipality:pazardzhik,served_by,true
4451,bg:municipality:pazardzhik,served_by,true
4452,bg:municipality:pazardzhik,served_by,true
4453,bg:municipality:pazardzhik,served_by,true
4454,bg:municipality:pazardzhik,served_by,true
4455,bg:municipality:pazardzhik,served_by,true
4458,bg:municipality:lesichovo,served_by,true
4459,bg:municipality:lesichovo,served_by,true
4461,bg:municipality:lesichovo,served_by,true
4462,bg:municipality:lesichovo,served_by,true
4463,bg:municipality:lesichovo,served_by,true
4464,bg:municipality:lesichovo,served_by,true
4465,bg:municipality:lesichovo,served_by,true
4467,bg:municipality:belovo,served_by,true
4468,bg:municipality:belovo,served_by,true
4469,bg:municipality:belovo,served_by,true
4470,bg:municipality:belovo,served_by,true
4472,bg:municipality:belovo,served_by,true
4473,bg:municipality:belovo,served_by,true
4474,bg:municipality:septemvri,served_by,true
4475,bg:municipality:septemvri,served_by,true
4476,bg:municipality:belovo,served_by,true
4477,bg:municipality:septemvri,served_by,true
4480,bg:municipality:septemvri,served_by,true
4481,bg:municipality:septemvri,served_by,true
4482,bg:municipality:belovo,served_by,true
4483,bg:municipality:belovo,served_by,true
4484,bg:municipality:septemvri,served_by,true
4487,bg:municipality:septemvri,served_by,true
4489,bg:municipality:septemvri,served_by,true
4490,bg:municipality:septemvri,served_by,true
4491,bg:municipality:septemvri,served_by,true
4492,bg:municipality:septemvri,served_by,true
4493,bg:municipality:septemvri,served_by,true
4496,bg:municipality:septemvri,served_by,true
4497,bg:municipality:septemvri,served_by,true
4498,bg:municipality:septemvri,served_by,true
4500,bg:municipality:panagyurishte,served_by,true
4520,bg:municipality:panagyurishte,served_by,true
4522,bg:municipality:panagyurishte,served_by,true
4523,bg:municipality:panagyurishte,served_by,true
4524,bg:municipality:panagyurishte,served_by,true
4525,bg:municipality:panagyurishte,served_by,true
4527,bg:municipality:panagyurishte,served_by,true
4528,bg:municipality:panagyurishte,served_by,true
4529,bg:municipality:strelcha,served_by,true
4530,bg:municipality:strelcha,served_by,true
4531,bg:municipality:strelcha,served_by,true
4532,bg:municipality:strelcha,served_by,true
4535,bg:municipality:panagyurishte,served_by,true
4537,bg:municipality:strelcha,served_by,true
4538,bg:municipality:panagyurishte,served_by,true
4550,bg:municipality:peshtera,served_by,true
4571,bg:municipality:batak,served_by,true
4577,bg:municipality:peshtera,served_by,true
4579,bg:municipality:bratsigovo,served_by,true
4580,bg:municipality:batak,served_by,true
4581,bg:municipality:batak,served_by,true
4582,bg:municipality:bratsigovo,served_by,true
4583,bg:municipality:bratsigovo,served_by,true
4584,bg:municipality:bratsigovo,served_by,true
4585,bg:municipality:bratsigovo,served_by,true
4587,bg:municipality:bratsigovo,served_by,true
4588,bg:municipality:bratsigovo,served_by,true
4589,bg:municipality:peshtera,served_by,true
4590,bg:municipality:peshtera,served_by,true
4600,bg:municipality:velingrad,served_by,true
4618,bg:municipality:velingrad,served_by,true
4620,bg:municipality:velingrad,served_by,true
4621,bg:municipality:velingrad,served_by,true
4622,bg:municipality:velingrad,served_by,true
4629,bg:municipality:velingrad,served_by,true
4630,bg:municipality:velingrad,served_by,true
4631,bg:municipality:velingrad,served_by,true
4632,bg:municipality:velingrad,served_by,true
4633,bg:municipality:sarnitsa,served_by,true
4636,bg:municipality:velingrad,served_by,true
4637,bg:municipality:sarnitsa,served_by,true
4638,bg:municipality:sarnitsa,served_by,true
4640,bg:municipality:rakitovo,served_by,true
4641,bg:municipality:rakitovo,served_by,true
4642,bg:municipality:velingrad,served_by,true
4644,bg:municipality:rakitovo,served_by,true
4645,bg:municipality:velingrad,served_by,true
4647,bg:municipality:velingrad,served_by,true
4648,bg:municipality:velingrad,served_by,true
4649,bg:municipality:velingrad,served_by,true
4650,bg:municipality:velingrad,served_by,true
4651,bg:municipality:velingrad,served_by,true
4652,bg:municipality:velingrad,served_by,true
4653,bg:municipality:velingrad,served_by,true
4654,bg:municipality:velingrad,served_by,true
4655,bg:municipality:velingrad,served_by,true
4657,bg:municipality:velingrad,served_by,true
4700,bg:municipality:smolyan,served_by,true
4710,bg:municipality:smolyan,served_by,true
4711,bg:municipality:smolyan,served_by,true
4712,bg:municipality:smolyan,served_by,true
4713,bg:municipality:smolyan,served_by,true
4714,bg:municipality:smolyan,served_by,true
4715,bg:municipality:smolyan,served_by,true
4716,bg:municipality:smolyan,served_by,true
4723,bg:municipality:smolyan,served_by,true
4724,bg:municipality:smolyan,served_by,true
4725,bg:municipality:smolyan,served_by,true
4726,bg:municipality:smolyan,served_by,true
4727,bg:municipality:smolyan,served_by,true
4729,bg:municipality:smolyan,served_by,true
4730,bg:municipality:smolyan,served_by,true
4731,bg:municipality:smolyan,served_by,true
4732,bg:municipality:smolyan,served_by,true
4733,bg:municipality:smolyan,served_by,true
4734,bg:municipality:smolyan,served_by,true
4735,bg:municipality:smolyan,served_by,true
4736,bg:municipality:smolyan,served_by,true
4737,bg:municipality:smolyan,served_by,true
4738,bg:municipality:smolyan,served_by,true
4739,bg:municipality:smolyan,served_by,true
4740,bg:municipality:smolyan,served_by,true
4741,bg:municipality:banite,served_by,true
4742,bg:municipality:banite,served_by,true
4743,bg:municipality:smolyan,served_by,true
4744,bg:municipality:smolyan,served_by,true
4745,bg:municipality:smolyan,served_by,true
4746,bg:municipality:smolyan,served_by,true
4747,bg:municipality:smolyan,served_by,true
4748,bg:municipality:smolyan,served_by,true
4749,bg:municipality:smolyan,served_by,true
4750,bg:municipality:smolyan,served_by,true
4751,bg:municipality:smolyan,served_by,true
4752,bg:municipality:smolyan,served_by,true
4753,bg:municipality:smolyan,served_by,true
4754,bg:municipality:smolyan,served_by,true
4755,bg:municipality:smolyan,served_by,true
4757,bg:municipality:smolyan,served_by,true
4758,bg:municipality:smolyan,served_by,true
4759,bg:municipality:smolyan,served_by,true
4760,bg:municipality:smolyan,served_by,true
4761,bg:municipality:smolyan,served_by,true
4762,bg:municipality:smolyan,served_by,true
4763,bg:municipality:smolyan,served_by,true
4765,bg:municipality:smolyan,served_by,true
4767,bg:municipality:smolyan,served_by,true
4768,bg:municipality:smolyan,served_by,true
4769,bg:municipality:smolyan,served_by,true
4770,bg:municipality:smolyan,served_by,true
4771,bg:municipality:smolyan,served_by,true
4772,bg:municipality:smolyan,served_by,true
4773,bg:municipality:smolyan,served_by,true
4774,bg:municipality:smolyan,served_by,true
4775,bg:municipality:smolyan,served_by,true
4776,bg:municipality:smolyan,served_by,true
4777,bg:municipality:smolyan,served_by,true
4778,bg:municipality:smolyan,served_by,true
4779,bg:municipality:smolyan,served_by,true
4780,bg:municipality:smolyan,served_by,true
4781,bg:municipality:rudozem,served_by,true
4782,bg:municipality:smolyan,served_by,true
4783,bg:municipality:smolyan,served_by,true
4784,bg:municipality:smolyan,served_by,true
4785,bg:municipality:smolyan,served_by,true
4786,bg:municipality:smolyan,served_by,true
4787,bg:municipality:smolyan,served_by,true
4788,bg:municipality:smolyan,served_by,true
4789,bg:municipality:smolyan,served_by,true
4790,bg:municipality:smolyan,served_by,true
4791,bg:municipality:smolyan,served_by,true
4792,bg:municipality:smolyan,served_by,true
4793,bg:municipality:smolyan,served_by,true
4794,bg:municipality:smolyan,served_by,true
4795,bg:municipality:smolyan,served_by,true
4796,bg:municipality:smolyan,served_by,true
4797,bg:municipality:smolyan,served_by,true
4798,bg:municipality:smolyan,served_by,true
4799,bg:municipality:smolyan,served_by,true
4800,bg:municipality:devin,served_by,true
4810,bg:municipality:devin,served_by,true
4811,bg:municipality:devin,served_by,true
4812,bg:municipality:borino,served_by,true
4813,bg:municipality:borino,served_by,true
4814,bg:municipality:devin,served_by,true
4815,bg:municipality:devin,served_by,true
4817,bg:municipality:devin,served_by,true
4818,bg:municipality:devin,served_by,true
4819,bg:municipality:devin,served_by,true
4820,bg:municipality:devin,served_by,true
4821,bg:municipality:dospat,served_by,true
4822,bg:municipality:devin,served_by,true
4823,bg:municipality:devin,served_by,true
4824,bg:municipality:borino,served_by,true
4825,bg:municipality:devin,served_by,true
4826,bg:municipality:devin,served_by,true
4827,bg:municipality:devin,served_by,true
4828,bg:municipality:devin,served_by,true
4829,bg:municipality:dospat,served_by,true
4830,bg:municipality:dospat,served_by,true
4831,bg:municipality:dospat,served_by,true
4832,bg:municipality:dospat,served_by,true
4833,bg:municipality:dospat,served_by,true
4834,bg:municipality:dospat,served_by,true
4835,bg:municipality:borino,served_by,true
4836,bg:municipality:borino,served_by,true
4837,bg:municipality:dospat,served_by,true
4849,bg:municipality:devin,served_by,true
4850,bg:municipality:chepelare,served_by,true
4855,bg:municipality:chepelare,served_by,true
4856,bg:municipality:chepelare,served_by,true
4857,bg:municipality:chepelare,served_by,true
4858,bg:municipality:chepelare,served_by,true
4859,bg:municipality:chepelare,served_by,true
4870,bg:municipality:chepelare,served_by,true
4871,bg:municipality:chepelare,served_by,true
4872,bg:municipality:chepelare,served_by,true
4877,bg:municipality:chepelare,served_by,true
4878,bg:municipality:chepelare,served_by,true
4889,bg:municipality:chepelare,served_by,true
4890,bg:municipality:chepelare,served_by,true
4891,bg:municipality:chepelare,served_by,true
4900,bg:municipality:madan,served_by,true
4905,bg:municipality:madan,served_by,true
4906,bg:municipality:madan,served_by,true
4907,bg:municipality:madan,served_by,true
4908,bg:municipality:madan,served_by,true
4909,bg:municipality:madan,served_by,true
4910,bg:municipality:madan,served_by,true
4911,bg:municipality:madan,served_by,true
4912,bg:municipality:madan,served_by,true
4913,bg:municipality:madan,served_by,true
4914,bg:municipality:madan,served_by,true
4915,bg:municipality:madan,served_by,true
4916,bg:municipality:madan,served_by,true
4917,bg:municipality:rudozem,served_by,true
4918,bg:municipality:rudozem,served_by,true
4919,bg:municipality:madan,served_by,true
4920,bg:municipality:madan,served_by,true
4921,bg:municipality:madan,served_by,true
4922,bg:municipality:madan,served_by,true
4923,bg:municipality:madan,served_by,true
4924,bg:municipality:madan,served_by,true
4926,bg:municipality:madan,served_by,true
4927,bg:municipality:madan,served_by,true
4928,bg:municipality:madan,served_by,true
4929,bg:municipality:madan,served_by,true
4930,bg:municipality:madan,served_by,true
4931,bg:municipality:madan,served_by,true
4932,bg:municipality:madan,served_by,true
4933,bg:municipality:banite,served_by,true
4934,bg:municipality:madan,served_by,true
4935,bg:municipality:madan,served_by,true
4936,bg:municipality:madan,served_by,true
4938,bg:municipality:banite,served_by,true
4939,bg:municipality:banite,served_by,true
4939,bg:municipality:madan,served_by,false
4940,bg:municipality:banite,served_by,true
4941,bg:municipality:banite,served_by,true
4942,bg:municipality:banite,served_by,true
4943,bg:municipality:banite,served_by,true
4944,bg:municipality:banite,served_by,true
4945,bg:municipality:banite,served_by,true
4946,bg:municipality:banite,served_by,true
4947,bg:municipality:banite,served_by,true
4948,bg:municipality:banite,served_by,true
4949,bg:municipality:banite,served_by,true
4950,bg:municipality:banite,served_by,true
4951,bg:municipality:banite,served_by,true
4952,bg:municipality:banite,served_by,true
4954,bg:municipality:madan,served_by,true
4955,bg:municipality:madan,served_by,true
4956,bg:municipality:madan,served_by,true
4957,bg:municipality:banite,served_by,true
4958,bg:municipality:rudozem,served_by,true
4959,bg:municipality:rudozem,served_by,true
4960,bg:municipality:rudozem,served_by,true
4961,bg:municipality:rudozem,served_by,true
4964,bg:municipality:rudozem,served_by,true
4965,bg:municipality:rudozem,served_by,true
4966,bg:municipality:rudozem,served_by,true
4967,bg:municipality:rudozem,served_by,true
4968,bg:municipality:rudozem,served_by,true
4969,bg:municipality:rudozem,served_by,true
4970,bg:municipality:rudozem,served_by,true
4971,bg:municipality:rudozem,served_by,true
4972,bg:municipality:rudozem,served_by,true
4973,bg:municipality:rudozem,served_by,true
4974,bg:municipality:rudozem,served_by,true
4975,bg:municipality:rudozem,served_by,true
4976,bg:municipality:rudozem,served_by,true
4977,bg:municipality:rudozem,served_by,true
4978,bg:municipality:rudozem,served_by,true
4979,bg:municipality:rudozem,served_by,true
4980,bg:municipality:zlatograd,served_by,true
4983,bg:municipality:nedelino,served_by,true
4984,bg:municipality:zlatograd,served_by,true
4985,bg:municipality:zlatograd,served_by,true
4986,bg:municipality:zlatograd,served_by,true
4987,bg:municipality:zlatograd,served_by,true
4988,bg:municipality:zlatograd,served_by,true
4989,bg:municipality:nedelino,served_by,true
4990,bg:municipality:nedelino,served_by,true
4991,bg:municipality:nedelino,served_by,true
4992,bg:municipality:zlatograd,served_by,true
4994,bg:municipality:nedelino,served_by,true
4996,bg:municipality:zlatograd,served_by,true
4997,bg:municipality:zlatograd,served_by,true
4998,bg:municipality:nedelino,served_by,true
4999,bg:municipality:nedelino,served_by,true
5000,bg:municipality:veliko-tarnovo,served_by,true
5027,bg:municipality:veliko-tarnovo,served_by,true
5028,bg:municipality:veliko-tarnovo,served_by,true
5029,bg:municipality:veliko-tarnovo,served_by,true
5030,bg:municipality:veliko-tarnovo,served_by,true
5031,bg:municipality:veliko-tarnovo,served_by,true
5032,bg:municipality:veliko-tarnovo,served_by,true
5033,bg:municipality:veliko-tarnovo,served_by,true
5034,bg:municipality:veliko-tarnovo,served_by,true
5035,bg:municipality:veliko-tarnovo,served_by,true
5036,bg:municipality:veliko-tarnovo,served_by,true
5037,bg:municipality:veliko-tarnovo,served_by,true
5038,bg:municipality:veliko-tarnovo,served_by,true
5039,bg:municipality:veliko-tarnovo,served_by,true
5040,bg:municipality:veliko-tarnovo,served_by,true
5041,bg:municipality:veliko-tarnovo,served_by,true
5042,bg:municipality:veliko-tarnovo,served_by,true
5043,bg:municipality:veliko-tarnovo,served_by,true
5044,bg:municipality:veliko-tarnovo,served_by,true
5045,bg:municipality:veliko-tarnovo,served_by,true
5046,bg:municipality:veliko-tarnovo,served_by,true
5047,bg:municipality:veliko-tarnovo,served_by,true
5048,bg:municipality:veliko-tarnovo,served_by,true
5049,bg:municipality:veliko-tarnovo,served_by,true
5050,bg:municipality:veliko-tarnovo,served_by,true
5051,bg:municipality:veliko-tarnovo,served_by,true
5052,bg:municipality:veliko-tarnovo,served_by,true
5053,bg:municipality:veliko-tarnovo,served_by,true
5054,bg:municipality:veliko-tarnovo,served_by,true
5055,bg:municipality:veliko-tarnovo,served_by,true
5056,bg:municipality:veliko-tarnovo,served_by,true
5057,bg:municipality:veliko-tarnovo,served_by,true
5058,bg:municipality:veliko-tarnovo,served_by,true
5059,bg:municipality:veliko-tarnovo,served_by,true
5060,bg:municipality:veliko-tarnovo,served_by,true
5061,bg:municipality:veliko-tarnovo,served_by,true
5062,bg:municipality:veliko-tarnovo,served_by,true
5063,bg:municipality:veliko-tarnovo,served_by,true
5064,bg:municipality:veliko-tarnovo,served_by,true
5065,bg:municipality:veliko-tarnovo,served_by,true
5066,bg:municipality:veliko-tarnovo,served_by,true
5067,bg:municipality:veliko-tarnovo,served_by,true
5068,bg:municipality:veliko-tarnovo,served_by,true
5069,bg:municipality:veliko-tarnovo,served_by,true
5070,bg:municipality:elena,served_by,true
5075,bg:municipality:zlataritsa,served_by,true
5076,bg:municipality:zlataritsa,served_by,true
5077,bg:municipality:zlataritsa,served_by,true
5078,bg:municipality:elena,served_by,true
5079,bg:municipality:elena,served_by,true
5080,bg:municipality:elena,served_by,true
5081,bg:municipality:elena,served_by,true
5082,bg:municipality:elena,served_by,true
5083,bg:municipality:elena,served_by,true
5084,bg:municipality:elena,served_by,true
5084,bg:municipality:zlataritsa,served_by,false
5085,bg:municipality:elena,served_by,true
5086,bg:municipality:elena,served_by,true
5087,bg:municipality:elena,served_by,true
5088,bg:municipality:zlataritsa,served_by,true
5089,bg:municipality:zlataritsa,served_by,true
5090,bg:municipality:zlataritsa,served_by,true
5091,bg:municipality:zlataritsa,served_by,true
5092,bg:municipality:zlataritsa,served_by,true
5093,bg:municipality:elena,served_by,true
5094,bg:municipality:elena,served_by,true
5095,bg:municipality:elena,served_by,true
5096,bg:municipality:elena,served_by,true
5096,bg:municipality:zlataritsa,served_by,false
5097,bg:municipality:elena,served_by,true
5098,bg:municipality:elena,served_by,true
5099,bg:municipality:elena,served_by,true
5100,bg:municipality:gorna-oryahovitsa,served_by,true
5120,bg:municipality:gorna-oryahovitsa,served_by,true
5125,bg:municipality:gorna-oryahovitsa,served_by,true
5127,bg:municipality:gorna-oryahovitsa,served_by,true
5128,bg:municipality:gorna-oryahovitsa,served_by,true
5130,bg:municipality:gorna-oryahovitsa,served_by,true
5131,bg:municipality:gorna-oryahovitsa,served_by,true
5132,bg:municipality:gorna-oryahovitsa,served_by,true
5133,bg:municipality:gorna-oryahovitsa,served_by,true
5134,bg:municipality:gorna-oryahovitsa,served_by,true
5135,bg:municipality:gorna-oryahovitsa,served_by,true
5136,bg:municipality:gorna-oryahovitsa,served_by,true
5137,bg:municipality:gorna-oryahovitsa,served_by,true
5138,bg:municipality:gorna-oryahovitsa,served_by,true
5139,bg:municipality:gorna-oryahovitsa,served_by,true
5140,bg:municipality:lyaskovets,served_by,true
5145,bg:municipality:lyaskovets,served_by,true
5146,bg:municipality:lyaskovets,served_by,true
5147,bg:municipality:lyaskovets,served_by,true
5148,bg:municipality:lyaskovets,served_by,true
5149,bg:municipality:lyaskovets,served_by,true
5150,bg:municipality:strazhitsa,served_by,true
5152,bg:municipality:strazhitsa,served_by,true
5158,bg:municipality:strazhitsa,served_by,true
5159,bg:municipality:strazhitsa,served_by,true
5160,bg:municipality:strazhitsa,served_by,true
5161,bg:municipality:strazhitsa,served_by,true
5162,bg:municipality:strazhitsa,served_by,true
5163,bg:municipality:strazhitsa,served_by,true
5164,bg:municipality:strazhitsa,served_by,true
5165,bg:municipality:strazhitsa,served_by,true
5166,bg:municipality:strazhitsa,served_by,true
5167,bg:municipality:strazhitsa,served_by,true
5168,bg:municipality:strazhitsa,served_by,true
5169,bg:municipality:strazhitsa,served_by,true
5171,bg:municipality:strazhitsa,served_by,true
5172,bg:municipality:strazhitsa,served_by,true
5174,bg:municipality:strazhitsa,served_by,true
5175,bg:municipality:strazhitsa,served_by,true
5176,bg:municipality:strazhitsa,served_by,true
5177,bg:municipality:strazhitsa,served_by,true
5178,bg:municipality:strazhitsa,served_by,true
5179,bg:municipality:strazhitsa,served_by,true
5180,bg:municipality:polski-trambesh,served_by,true
5183,bg:municipality:polski-trambesh,served_by,true
5184,bg:municipality:polski-trambesh,served_by,true
5185,bg:municipality:polski-trambesh,served_by,true
5187,bg:municipality:polski-trambesh,served_by,true
5188,bg:municipality:polski-trambesh,served_by,true
5189,bg:municipality:polski-trambesh,served_by,true
5190,bg:municipality:polski-trambesh,served_by,true
5191,bg:municipality:polski-trambesh,served_by,true
5192,bg:municipality:polski-trambesh,served_by,true
5193,bg:municipality:polski-trambesh,served_by,true
5194,bg:municipality:polski-trambesh,served_by,true
5195,bg:municipality:polski-trambesh,served_by,true
5197,bg:municipality:polski-trambesh,served_by,true
5198,bg:municipality:polski-trambesh,served_by,true
5200,bg:municipality:pavlikeni,served_by,true
5220,bg:municipality:pavlikeni,served_by,true
5221,bg:municipality:pavlikeni,served_by,true
5222,bg:municipality:pavlikeni,served_by,true
5223,bg:municipality:pavlikeni,served_by,true
5224,bg:municipality:pavlikeni,served_by,true
5225,bg:municipality:pavlikeni,served_by,true
5226,bg:municipality:pavlikeni,served_by,true
5227,bg:municipality:pavlikeni,served_by,true
5228,bg:municipality:pavlikeni,served_by,true
5229,bg:municipality:pavlikeni,served_by,true
5230,bg:municipality:pavlikeni,served_by,true
5231,bg:municipality:pavlikeni,served_by,true
5232,bg:municipality:pavlikeni,served_by,true
5233,bg:municipality:pavlikeni,served_by,true
5234,bg:municipality:pavlikeni,served_by,true
5235,bg:municipality:suhindol,served_by,true
5237,bg:municipality:suhindol,served_by,true
5238,bg:municipality:suhindol,served_by,true
5239,bg:municipality:pavlikeni,served_by,true
5240,bg:municipality:suhindol,served_by,true
5241,bg:municipality:suhindol,served_by,true
5242,bg:municipality:suhindol,served_by,true
5247,bg:municipality:pavlikeni,served_by,true
5248,bg:municipality:pavlikeni,served_by,true
5249,bg:municipality:pavlikeni,served_by,true
5250,bg:municipality:svishtov,served_by,true
5280,bg:municipality:svishtov,served_by,true
5281,bg:municipality:svishtov,served_by,true
5282,bg:municipality:svishtov,served_by,true
5283,bg:municipality:svishtov,served_by,true
5284,bg:municipality:svishtov,served_by,true
5285,bg:municipality:svishtov,served_by,true
5287,bg:municipality:svishtov,served_by,true
5288,bg:municipality:svishtov,served_by,true
5289,bg:municipality:svishtov,served_by,true
5290,bg:municipality:svishtov,served_by,true
5291,bg:municipality:svishtov,served_by,true
5292,bg:municipality:svishtov,served_by,true
5293,bg:municipality:svishtov,served_by,true
5294,bg:municipality:svishtov,served_by,true
5295,bg:municipality:svishtov,served_by,true
5300,bg:municipality:gabrovo,served_by,true
5301,bg:municipality:gabrovo,served_by,true
5304,bg:municipality:gabrovo,served_by,true
5307,bg:municipality:gabrovo,served_by,true
5309,bg:municipality:gabrovo,served_by,true
5311,bg:municipality:gabrovo,served_by,true
5332,bg:municipality:gabrovo,served_by,true
5333,bg:municipality:gabrovo,served_by,true
5334,bg:municipality:gabrovo,served_by,true
5335,bg:municipality:gabrovo,served_by,true
5340,bg:municipality:gabrovo,served_by,true
5342,bg:municipality:gabrovo,served_by,true
5343,bg:municipality:gabrovo,served_by,true
5344,bg:municipality:gabrovo,served_by,true
5345,bg:municipality:gabrovo,served_by,true
5347,bg:municipality:gabrovo,served_by,true
5349,bg:municipality:gabrovo,served_by,true
5350,bg:municipality:tryavna,served_by,true
5351,bg:municipality:tryavna,served_by,true
5360,bg:municipality:tryavna,served_by,true
5363,bg:municipality:tryavna,served_by,true
5364,bg:municipality:tryavna,served_by,true
5365,bg:municipality:tryavna,served_by,true
5367,bg:municipality:tryavna,served_by,true
5370,bg:municipality:dryanovo,served_by,true
5374,bg:municipality:dryanovo,served_by,true
5377,bg:municipality:dryanovo,served_by,true
5380,bg:municipality:dryanovo,served_by,true
5386,bg:municipality:dryanovo,served_by,true
5388,bg:municipality:dryanovo,served_by,true
5390,bg:municipality:dryanovo,served_by,true
5391,bg:municipality:dryanovo,served_by,true
5392,bg:municipality:dryanovo,served_by,true
5397,bg:municipality:dryanovo,served_by,true
5400,bg:municipality:sevlievo,served_by,true
5421,bg:municipality:sevlievo,served_by,true
5422,bg:municipality:sevlievo,served_by,true
5423,bg:municipality:sevlievo,served_by,true
5424,bg:municipality:sevlievo,served_by,true
5427,bg:municipality:sevlievo,served_by,true
5428,bg:municipality:sevlievo,served_by,true
5429,bg:municipality:sevlievo,served_by,true
5430,bg:municipality:sevlievo,served_by,true
5431,bg:municipality:sevlievo,served_by,true
5432,bg:municipality:sevlievo,served_by,true
5433,bg:municipality:sevlievo,served_by,true
5434,bg:municipality:sevlievo,served_by,true
5435,bg:municipality:sevlievo,served_by,true
5437,bg:municipality:sevlievo,served_by,true
5438,bg:municipality:sevlievo,served_by,true
5439,bg:municipality:sevlievo,served_by,true
5440,bg:municipality:sevlievo,served_by,true
5441,bg:municipality:sevlievo,served_by,true
5445,bg:municipality:sevlievo,served_by,true
5447,bg:municipality:sevlievo,served_by,true
5448,bg:municipality:sevlievo,served_by,true
5450,bg:municipality:sevlievo,served_by,true
5451,bg:municipality:sevlievo,served_by,true
5452,bg:municipality:sevlievo,served_by,true
5453,bg:municipality:sevlievo,served_by,true
5454,bg:municipality:sevlievo,served_by,true
5455,bg:municipality:sevlievo,served_by,true
5458,bg:municipality:sevlievo,served_by,true
5459,bg:municipality:sevlievo,served_by,true
5460,bg:municipality:sevlievo,served_by,true
5461,bg:municipality:sevlievo,served_by,true
5462,bg:municipality:sevlievo,served_by,true
5463,bg:municipality:sevlievo,served_by,true
5464,bg:municipality:sevlievo,served_by,true
5465,bg:municipality:sevlievo,served_by,true
5466,bg:municipality:sevlievo,served_by,true
5468,bg:municipality:sevlievo,served_by,true
5469,bg:municipality:sevlievo,served_by,true
5470,bg:municipality:sevlievo,served_by,true
5471,bg:municipality:sevlievo,served_by,true
5472,bg:municipality:sevlievo,served_by,true
5500,bg:municipality:lovech,served_by,true
5508,bg:municipality:lovech,served_by,true
5520,bg:municipality:ugarchin,served_by,true
5521,bg:municipality:ugarchin,served_by,true
5522,bg:municipality:ugarchin,served_by,true
5524,bg:municipality:ugarchin,served_by,true
5536,bg:municipality:lovech,served_by,true
5537,bg:municipality:lovech,served_by,true
5538,bg:municipality:lovech,served_by,true
5539,bg:municipality:ugarchin,served_by,true
5540,bg:municipality:lovech,served_by,true
5541,bg:municipality:lovech,served_by,true
5542,bg:municipality:lovech,served_by,true
5543,bg:municipality:lovech,served_by,true
5544,bg:municipality:lovech,served_by,true
5545,bg:municipality:lovech,served_by,true
5546,bg:municipality:lovech,served_by,true
5547,bg:municipality:lovech,served_by,true
5548,bg:municipality:lovech,served_by,true
5549,bg:municipality:lovech,served_by,true
5550,bg:municipality:lovech,served_by,true
5551,bg:municipality:lovech,served_by,true
5552,bg:municipality:lovech,served_by,true
5553,bg:municipality:lovech,served_by,true
5554,bg:municipality:lovech,served_by,true
5555,bg:municipality:lovech,served_by,true
5557,bg:municipality:letnitsa,served_by,true
5558,bg:municipality:letnitsa,served_by,true
5559,bg:municipality:lovech,served_by,true
5560,bg:municipality:lovech,served_by,true
5561,bg:municipality:letnitsa,served_by,true
5562,bg:municipality:lovech,served_by,true
5563,bg:municipality:lovech,served_by,true
5564,bg:municipality:lovech,served_by,true
5565,bg:municipality:lovech,served_by,true
5567,bg:municipality:lovech,served_by,true
5568,bg:municipality:lovech,served_by,true
5569,bg:municipality:ugarchin,served_by,true
5570,bg:municipality:letnitsa,served_by,true
5571,bg:municipality:ugarchin,served_by,true
5572,bg:municipality:ugarchin,served_by,true
5573,bg:municipality:ugarchin,served_by,true
5574,bg:municipality:lovech,served_by,true
5575,bg:municipality:ugarchin,served_by,true
5576,bg:municipality:ugarchin,served_by,true
5577,bg:municipality:ugarchin,served_by,true
5578,bg:municipality:lovech,served_by,true
5579,bg:municipality:lovech,served_by,true
5580,bg:municipality:ugarchin,served_by,true
5581,bg:municipality:lovech,served_by,true
5582,bg:municipality:lovech,served_by,true
5583,bg:municipality:lovech,served_by,true
5600,bg:municipality:troyan,served_by,true
5614,bg:municipality:troyan,served_by,true
5615,bg:municipality:troyan,served_by,true
5616,bg:municipality:troyan,served_by,true
5617,bg:municipality:troyan,served_by,true
5618,bg:municipality:troyan,served_by,true
5619,bg:municipality:troyan,served_by,true
5620,bg:municipality:troyan,served_by,true
5621,bg:municipality:troyan,served_by,true
5622,bg:municipality:troyan,served_by,true
5623,bg:municipality:troyan,served_by,true
5624,bg:municipality:troyan,served_by,true
5625,bg:municipality:troyan,served_by,true
5626,bg:municipality:troyan,served_by,true
5627,bg:municipality:troyan,served_by,true
5628,bg:municipality:troyan,served_by,true
5630,bg:municipality:troyan,served_by,true
5631,bg:municipality:troyan,served_by,true
5632,bg:municipality:troyan,served_by,true
5633,bg:municipality:troyan,served_by,true
5634,bg:municipality:troyan,served_by,true
5641,bg:municipality:apriltsi,served_by,true
5643,bg:municipality:apriltsi,served_by,true
5644,bg:municipality:apriltsi,served_by,true
5648,bg:municipality:apriltsi,served_by,true
5654,bg:municipality:troyan,served_by,true
5655,bg:municipality:troyan,served_by,true
5656,bg:municipality:troyan,served_by,true
5657,bg:municipality:troyan,served_by,true
5658,bg:municipality:troyan,served_by,true
5659,bg:municipality:troyan,served_by,true
5660,bg:municipality:troyan,served_by,true
5661,bg:municipality:troyan,served_by,true
5662,bg:municipality:troyan,served_by,true
5663,bg:municipality:troyan,served_by,true
5665,bg:municipality:troyan,served_by,true
5667,bg:municipality:troyan,served_by,true
5668,bg:municipality:troyan,served_by,true
5669,bg:municipality:troyan,served_by,true
5670,bg:municipality:troyan,served_by,true
5671,bg:municipality:troyan,served_by,true
5672,bg:municipality:troyan,served_by,true
5673,bg:municipality:troyan,served_by,true
5700,bg:municipality:teteven,served_by,true
5720,bg:municipality:teteven,served_by,true
5721,bg:municipality:teteven,served_by,true
5722,bg:municipality:teteven,served_by,true
5723,bg:municipality:teteven,served_by,true
5724,bg:municipality:teteven,served_by,true
5725,bg:municipality:teteven,served_by,true
5726,bg:municipality:teteven,served_by,true
5727,bg:municipality:teteven,served_by,true
5729,bg:municipality:teteven,served_by,true
5731,bg:municipality:teteven,served_by,true
5732,bg:municipality:teteven,served_by,true
5733,bg:municipality:teteven,served_by,true
5734,bg:municipality:yablanitsa,served_by,true
5735,bg:municipality:yablanitsa,served_by,true
5736,bg:municipality:teteven,served_by,true
5737,bg:municipality:teteven,served_by,true
5738,bg:municipality:teteven,served_by,true
5739,bg:municipality:teteven,served_by,true
5740,bg:municipality:teteven,served_by,true
5741,bg:municipality:teteven,served_by,true
5742,bg:municipality:teteven,served_by,true
5743,bg:municipality:teteven,served_by,true
5744,bg:municipality:teteven,served_by,true
5745,bg:municipality:teteven,served_by,true
5747,bg:municipality:teteven,served_by,true
5748,bg:municipality:teteven,served_by,true
5749,bg:municipality:teteven,served_by,true
5750,bg:municipality:yablanitsa,served_by,true
5751,bg:municipality:yablanitsa,served_by,true
5752,bg:municipality:yablanitsa,served_by,true
5753,bg:municipality:yablanitsa,served_by,true
5760,bg:municipality:yablanitsa,served_by,true
5761,bg:municipality:yablanitsa,served_by,true
5762,bg:municipality:yablanitsa,served_by,true
5763,bg:municipality:yablanitsa,served_by,true
5764,bg:municipality:yablanitsa,served_by,true
5765,bg:municipality:yablanitsa,served_by,true
5766,bg:municipality:yablanitsa,served_by,true
5767,bg:municipality:yablanitsa,served_by,true
5768,bg:municipality:yablanitsa,served_by,true
5770,bg:municipality:lukovit,served_by,true
5780,bg:municipality:lukovit,served_by,true
5781,bg:municipality:lukovit,served_by,true
5782,bg:municipality:lukovit,served_by,true
5783,bg:municipality:lukovit,served_by,true
5784,bg:municipality:lukovit,served_by,true
5785,bg:municipality:lukovit,served_by,true
5787,bg:municipality:lukovit,served_by,true
5788,bg:municipality:lukovit,served_by,true
5790,bg:municipality:lukovit,served_by,true
5791,bg:municipality:lukovit,served_by,true
5792,bg:municipality:lukovit,served_by,true
5800,bg:municipality:pleven,served_by,true
5834,bg:municipality:knezha,served_by,true
5835,bg:municipality:knezha,served_by,true
5836,bg:municipality:knezha,served_by,true
5837,bg:municipality:knezha,served_by,true
5838,bg:municipality:pleven,served_by,true
5839,bg:municipality:pleven,served_by,true
5840,bg:municipality:pleven,served_by,true
5841,bg:municipality:pleven,served_by,true
5842,bg:municipality:pleven,served_by,true
5843,bg:municipality:pleven,served_by,true
5844,bg:municipality:pleven,served_by,true
5845,bg:municipality:pleven,served_by,true
5847,bg:municipality:dolna-mitropoliya,served_by,true
5848,bg:municipality:dolna-mitropoliya,served_by,true
5849,bg:municipality:dolna-mitropoliya,served_by,true
5850,bg:municipality:pleven,served_by,true
5851,bg:municipality:pleven,served_by,true
5852,bg:municipality:dolna-mitropoliya,served_by,true
5853,bg:municipality:dolna-mitropoliya,served_by,true
5855,bg:municipality:dolna-mitropoliya,served_by,true
5857,bg:municipality:dolna-mitropoliya,served_by,true
5858,bg:municipality:dolna-mitropoliya,served_by,true
5859,bg:municipality:dolna-mitropoliya,served_by,true
5860,bg:municipality:dolna-mitropoliya,served_by,true
5861,bg:municipality:dolna-mitropoliya,served_by,true
5862,bg:municipality:dolna-mitropoliya,served_by,true
5863,bg:municipality:dolna-mitropoliya,served_by,true
5864,bg:municipality:dolna-mitropoliya,served_by,true
5865,bg:municipality:iskar,served_by,true
5866,bg:municipality:pordim,served_by,true
5867,bg:municipality:iskar,served_by,true
5868,bg:municipality:iskar,served_by,true
5869,bg:municipality:dolna-mitropoliya,served_by,true
5870,bg:municipality:dolni-dabnik,served_by,true
5871,bg:municipality:iskar,served_by,true
5872,bg:municipality:pleven,served_by,true
5873,bg:municipality:dolna-mitropoliya,served_by,true
5874,bg:municipality:pleven,served_by,true
5875,bg:municipality:pleven,served_by,true
5876,bg:municipality:pleven,served_by,true
5877,bg:municipality:dolni-dabnik,served_by,true
5878,bg:municipality:dolni-dabnik,served_by,true
5879,bg:municipality:dolni-dabnik,served_by,true
5880,bg:municipality:dolni-dabnik,served_by,true
5881,bg:municipality:dolni-dabnik,served_by,true
5882,bg:municipality:pleven,served_by,true
5883,bg:municipality:pleven,served_by,true
5884,bg:municipality:pleven,served_by,true
5885,bg:municipality:pleven,served_by,true
5886,bg:municipality:pleven,served_by,true
5887,bg:municipality:pleven,served_by,true
5888,bg:municipality:pleven,served_by,true
5889,bg:municipality:pordim,served_by,true
5890,bg:municipality:pordim,served_by,true
5891,bg:municipality:pleven,served_by,true
5892,bg:municipality:pleven,served_by,true
5893,bg:municipality:pordim,served_by,true
5894,bg:municipality:pordim,served_by,true
5895,bg:municipality:pleven,served_by,true
5896,bg:municipality:dolni-dabnik,served_by,true
5897,bg:municipality:pordim,served_by,true
5898,bg:municipality:pordim,served_by,true
5899,bg:municipality:pordim,served_by,true
5900,bg:municipality:levski,served_by,true
5910,bg:municipality:levski,served_by,true
5911,bg:municipality:levski,served_by,true
5913,bg:municipality:levski,served_by,true
5914,bg:municipality:levski,served_by,true
5915,bg:municipality:levski,served_by,true
5917,bg:municipality:levski,served_by,true
5920,bg:municipality:levski,served_by,true
5922,bg:municipality:levski,served_by,true
5923,bg:municipality:levski,served_by,true
5924,bg:municipality:levski,served_by,true
5925,bg:municipality:levski,served_by,true
5926,bg:municipality:levski,served_by,true
5930,bg:municipality:belene,served_by,true
5932,bg:municipality:belene,served_by,true
5933,bg:municipality:belene,served_by,true
5934,bg:municipality:belene,served_by,true
5935,bg:municipality:belene,served_by,true
5937,bg:municipality:belene,served_by,true
5940,bg:municipality:nikopol,served_by,true
5948,bg:municipality:nikopol,served_by,true
5949,bg:municipality:nikopol,served_by,true
5950,bg:municipality:nikopol,served_by,true
5951,bg:municipality:nikopol,served_by,true
5952,bg:municipality:nikopol,served_by,true
5953,bg:municipality:nikopol,served_by,true
5954,bg:municipality:nikopol,served_by,true
5955,bg:municipality:nikopol,served_by,true
5957,bg:municipality:nikopol,served_by,true
5958,bg:municipality:nikopol,served_by,true
5959,bg:municipality:gulyantsi,served_by,true
5960,bg:municipality:gulyantsi,served_by,true
5961,bg:municipality:gulyantsi,served_by,true
5962,bg:municipality:gulyantsi,served_by,true
5963,bg:municipality:nikopol,served_by,true
5964,bg:municipality:nikopol,served_by,true
5965,bg:municipality:nikopol,served_by,true
5967,bg:municipality:gulyantsi,served_by,true
5968,bg:municipality:gulyantsi,served_by,true
5969,bg:municipality:gulyantsi,served_by,true
5970,bg:municipality:gulyantsi,served_by,true
5971,bg:municipality:gulyantsi,served_by,true
5972,bg:municipality:gulyantsi,served_by,true
5973,bg:municipality:gulyantsi,served_by,true
5974,bg:municipality:gulyantsi,served_by,true
5980,bg:municipality:cherven-bryag,served_by,true
5985,bg:municipality:cherven-bryag,served_by,true
5986,bg:municipality:cherven-bryag,served_by,true
5987,bg:municipality:cherven-bryag,served_by,true
5988,bg:municipality:cherven-bryag,served_by,true
5989,bg:municipality:cherven-bryag,served_by,true
5990,bg:municipality:cherven-bryag,served_by,true
5991,bg:municipality:cherven-bryag,served_by,true
5992,bg:municipality:cherven-bryag,served_by,true
5993,bg:municipality:cherven-bryag,served_by,true
5994,bg:municipality:cherven-bryag,served_by,true
5995,bg:municipality:cherven-bryag,served_by,true
5997,bg:municipality:cherven-bryag,served_by,true
5998,bg:municipality:cherven-bryag,served_by,true
6000,bg:municipality:stara-zagora,served_by,true
6045,bg:municipality:stara-zagora,served_by,true
6046,bg:municipality:stara-zagora,served_by,true
6047,bg:municipality:stara-zagora,served_by,true
6048,bg:municipality:stara-zagora,served_by,true
6049,bg:municipality:stara-zagora,served_by,true
6050,bg:municipality:stara-zagora,served_by,true
6051,bg:municipality:stara-zagora,served_by,true
6052,bg:municipality:stara-zagora,served_by,true
6053,bg:municipality:stara-zagora,served_by,true
6054,bg:municipality:opan,served_by,true
6055,bg:municipality:stara-zagora,served_by,true
6056,bg:municipality:opan,served_by,true
6057,bg:municipality:stara-zagora,served_by,true
6058,bg:municipality:stara-zagora,served_by,true
6059,bg:municipality:stara-zagora,served_by,true
6060,bg:municipality:stara-zagora,served_by,true
6061,bg:municipality:stara-zagora,served_by,true
6062,bg:municipality:stara-zagora,served_by,true
6063,bg:municipality:stara-zagora,served_by,true
6064,bg:municipality:stara-zagora,served_by,true
6065,bg:municipality:stara-zagora,served_by,true
6066,bg:municipality:opan,served_by,true
6067,bg:municipality:stara-zagora,served_by,true
6068,bg:municipality:opan,served_by,true
6069,bg:municipality:stara-zagora,served_by,true
6070,bg:municipality:stara-zagora,served_by,true
6072,bg:municipality:stara-zagora,served_by,true
6073,bg:municipality:opan,served_by,true
6074,bg:municipality:opan,served_by,true
6075,bg:municipality:opan,served_by,true
6077,bg:municipality:opan,served_by,true
6078,bg:municipality:opan,served_by,true
6100,bg:municipality:kazanlak,served_by,true
6137,bg:municipality:kazanlak,served_by,true
6138,bg:municipality:kazanlak,served_by,true
6139,bg:municipality:kazanlak,served_by,true
6140,bg:municipality:kazanlak,served_by,true
6141,bg:municipality:kazanlak,served_by,true
6142,bg:municipality:kazanlak,served_by,true
6144,bg:municipality:kazanlak,served_by,true
6145,bg:municipality:kazanlak,served_by,true
6146,bg:municipality:kazanlak,served_by,true
6147,bg:municipality:kazanlak,served_by,true
6148,bg:municipality:pavel-banya,served_by,true
6149,bg:municipality:pavel-banya,served_by,true
6150,bg:municipality:kazanlak,served_by,true
6151,bg:municipality:pavel-banya,served_by,true
6152,bg:municipality:pavel-banya,served_by,true
6153,bg:municipality:pavel-banya,served_by,true
6154,bg:municipality:pavel-banya,served_by,true
6155,bg:municipality:pavel-banya,served_by,true
6156,bg:municipality:pavel-banya,served_by,true
6157,bg:municipality:pavel-banya,served_by,true
6158,bg:municipality:pavel-banya,served_by,true
6159,bg:municipality:kazanlak,served_by,true
6160,bg:municipality:pavel-banya,served_by,true
6161,bg:municipality:pavel-banya,served_by,true
6162,bg:municipality:pavel-banya,served_by,true
6163,bg:municipality:kazanlak,served_by,true
6164,bg:municipality:kazanlak,served_by,true
6165,bg:municipality:kazanlak,served_by,true
6166,bg:municipality:kazanlak,served_by,true
6167,bg:municipality:maglizh,served_by,true
6168,bg:municipality:maglizh,served_by,true
6169,bg:municipality:maglizh,served_by,true
6170,bg:municipality:maglizh,served_by,true
6171,bg:municipality:kazanlak,served_by,true
6172,bg:municipality:gurkovo,served_by,true
6173,bg:municipality:nikolaevo,served_by,true
6174,bg:municipality:nikolaevo,served_by,true
6175,bg:municipality:maglizh,served_by,true
6176,bg:municipality:maglizh,served_by,true
6177,bg:municipality:maglizh,served_by,true
6178,bg:municipality:maglizh,served_by,true
6179,bg:municipality:maglizh,served_by,true
6180,bg:municipality:maglizh,served_by,true
6181,bg:municipality:kazanlak,served_by,true
6183,bg:municipality:kazanlak,served_by,true
6184,bg:municipality:maglizh,served_by,true
6185,bg:municipality:maglizh,served_by,true
6186,bg:municipality:maglizh,served_by,true
6187,bg:municipality:maglizh,served_by,true
6188,bg:municipality:maglizh,served_by,true
6189,bg:municipality:gurkovo,served_by,true
6190,bg:municipality:nikolaevo,served_by,true
6190,bg:municipality:gurkovo,served_by,false
6191,bg:municipality:nikolaevo,served_by,true
6192,bg:municipality:gurkovo,served_by,true
6193,bg:municipality:gurkovo,served_by,true
6194,bg:municipality:gurkovo,served_by,true
6195,bg:municipality:gurkovo,served_by,true
6196,bg:municipality:gurkovo,served_by,true
6197,bg:municipality:gurkovo,served_by,true
6198,bg:municipality:gurkovo,served_by,true
6199,bg:municipality:gurkovo,served_by,true
6200,bg:municipality:chirpan,served_by,true
6215,bg:municipality:chirpan,served_by,true
6216,bg:municipality:chirpan,served_by,true
6217,bg:municipality:chirpan,served_by,true
6218,bg:municipality:bratya-daskalovi,served_by,true
6219,bg:municipality:bratya-daskalovi,served_by,true
6220,bg:municipality:chirpan,served_by,true
6221,bg:municipality:chirpan,served_by,true
6222,bg:municipality:chirpan,served_by,true
6223,bg:municipality:chirpan,served_by,true
6224,bg:municipality:bratya-daskalovi,served_by,true
6225,bg:municipality:bratya-daskalovi,served_by,true
6226,bg:municipality:bratya-daskalovi,served_by,true
6227,bg:municipality:bratya-daskalovi,served_by,true
6228,bg:municipality:chirpan,served_by,true
6229,bg:municipality:chirpan,served_by,true
6230,bg:municipality:chirpan,served_by,true
6231,bg:municipality:chirpan,served_by,true
6232,bg:municipality:bratya-daskalovi,served_by,true
6234,bg:municipality:bratya-daskalovi,served_by,true
6235,bg:municipality:bratya-daskalovi,served_by,true
6236,bg:municipality:bratya-daskalovi,served_by,true
6237,bg:municipality:bratya-daskalovi,served_by,true
6238,bg:municipality:chirpan,served_by,true
6239,bg:municipality:chirpan,served_by,true
6240,bg:municipality:chirpan,served_by,true
6241,bg:municipality:chirpan,served_by,true
6242,bg:municipality:chirpan,served_by,true
6243,bg:municipality:chirpan,served_by,true
6244,bg:municipality:bratya-daskalovi,served_by,true
6245,bg:municipality:bratya-daskalovi,served_by,true
6247,bg:municipality:bratya-daskalovi,served_by,true
6248,bg:municipality:bratya-daskalovi,served_by,true
6249,bg:municipality:chirpan,served_by,true
6250,bg:municipality:bratya-daskalovi,served_by,true
6251,bg:municipality:chirpan,served_by,true
6252,bg:municipality:bratya-daskalovi,served_by,true
6253,bg:municipality:bratya-daskalovi,served_by,true
6254,bg:municipality:bratya-daskalovi,served_by,true
6255,bg:municipality:bratya-daskalovi,served_by,true
6257,bg:municipality:bratya-daskalovi,served_by,true
6258,bg:municipality:bratya-daskalovi,served_by,true
6259,bg:municipality:chirpan,served_by,true
6260,bg:municipality:radnevo,served_by,true
6261,bg:municipality:radnevo,served_by,true
6262,bg:municipality:radnevo,served_by,true
6263,bg:municipality:radnevo,served_by,true
6264,bg:municipality:radnevo,served_by,true
6266,bg:municipality:radnevo,served_by,true
6267,bg:municipality:radnevo,served_by,true
6268,bg:municipality:radnevo,served_by,true
6268,bg:municipality:stara-zagora,served_by,false
6269,bg:municipality:radnevo,served_by,true
6270,bg:municipality:radnevo,served_by,true
6271,bg:municipality:radnevo,served_by,true
6272,bg:municipality:radnevo,served_by,true
6274,bg:municipality:radnevo,served_by,true
6276,bg:municipality:radnevo,served_by,true
6277,bg:municipality:radnevo,served_by,true
6278,bg:municipality:radnevo,served_by,true
6279,bg:municipality:radnevo,served_by,true
6280,bg:municipality:galabovo,served_by,true
6281,bg:municipality:galabovo,served_by,true
6282,bg:municipality:galabovo,served_by,true
6283,bg:municipality:galabovo,served_by,true
6284,bg:municipality:galabovo,served_by,true
6290,bg:municipality:galabovo,served_by,true
6292,bg:municipality:galabovo,served_by,true
6293,bg:municipality:galabovo,served_by,true
6294,bg:municipality:galabovo,served_by,true
6295,bg:municipality:galabovo,served_by,true
6297,bg:municipality:galabovo,served_by,true
6300,bg:municipality:haskovo,served_by,true
6310,bg:municipality:haskovo,served_by,true
6311,bg:municipality:haskovo,served_by,true
6312,bg:municipality:haskovo,served_by,true
6313,bg:municipality:haskovo,served_by,true
6330,bg:municipality:haskovo,served_by,true
6340,bg:municipality:haskovo,served_by,true
6341,bg:municipality:haskovo,served_by,true
6342,bg:municipality:haskovo,served_by,true
6343,bg:municipality:mineralni-bani,served_by,true
6344,bg:municipality:mineralni-bani,served_by,true
6345,bg:municipality:mineralni-bani,served_by,true
6346,bg:municipality:mineralni-bani,served_by,true
6349,bg:municipality:haskovo,served_by,true
6350,bg:municipality:haskovo,served_by,true
6351,bg:municipality:haskovo,served_by,true
6352,bg:municipality:mineralni-bani,served_by,true
6353,bg:municipality:haskovo,served_by,true
6354,bg:municipality:haskovo,served_by,true
6355,bg:municipality:haskovo,served_by,true
6356,bg:municipality:haskovo,served_by,true
6357,bg:municipality:haskovo,served_by,true
6358,bg:municipality:haskovo,served_by,true
6359,bg:municipality:mineralni-bani,served_by,true
6361,bg:municipality:mineralni-bani,served_by,true
6362,bg:municipality:stambolovo,served_by,true
6363,bg:municipality:stambolovo,served_by,true
6364,bg:municipality:haskovo,served_by,true
6365,bg:municipality:haskovo,served_by,true
6366,bg:municipality:haskovo,served_by,true
6367,bg:municipality:haskovo,served_by,true
6368,bg:municipality:stambolovo,served_by,true
6369,bg:municipality:haskovo,served_by,true
6370,bg:municipality:haskovo,served_by,true
6371,bg:municipality:haskovo,served_by,true
6372,bg:municipality:mineralni-bani,served_by,true
6373,bg:municipality:mineralni-bani,served_by,true
6374,bg:municipality:mineralni-bani,served_by,true
6375,bg:municipality:mineralni-bani,served_by,true
6376,bg:municipality:mineralni-bani,served_by,true
6377,bg:municipality:stambolovo,served_by,true
6378,bg:municipality:stambolovo,served_by,true
6379,bg:municipality:stambolovo,served_by,true
6380,bg:municipality:stambolovo,served_by,true
6381,bg:municipality:stambolovo,served_by,true
6382,bg:municipality:stambolovo,served_by,true
6383,bg:municipality:stambolovo,served_by,true
6384,bg:municipality:stambolovo,served_by,true
6385,bg:municipality:stambolovo,served_by,true
6386,bg:municipality:stambolovo,served_by,true
6387,bg:municipality:haskovo,served_by,true
6388,bg:municipality:haskovo,served_by,true
6389,bg:municipality:haskovo,served_by,true
6390,bg:municipality:haskovo,served_by,true
6391,bg:municipality:stambolovo,served_by,true
6392,bg:municipality:haskovo,served_by,true
6393,bg:municipality:stambolovo,served_by,true
6394,bg:municipality:stambolovo,served_by,true
6395,bg:municipality:stambolovo,served_by,true
6396,bg:municipality:stambolovo,served_by,true
6397,bg:municipality:stambolovo,served_by,true
6398,bg:municipality:stambolovo,served_by,true
6399,bg:municipality:haskovo,served_by,true
6400,bg:municipality:dimitrovgrad,served_by,true
6410,bg:municipality:dimitrovgrad,served_by,true
6411,bg:municipality:dimitrovgrad,served_by,true
6412,bg:municipality:dimitrovgrad,served_by,true
6420,bg:municipality:dimitrovgrad,served_by,true
6421,bg:municipality:dimitrovgrad,served_by,true
6422,bg:municipality:dimitrovgrad,served_by,true
6423,bg:municipality:dimitrovgrad,served_by,true
6424,bg:municipality:dimitrovgrad,served_by,true
6425,bg:municipality:dimitrovgrad,served_by,true
6427,bg:municipality:dimitrovgrad,served_by,true
6428,bg:municipality:dimitrovgrad,served_by,true
6429,bg:municipality:dimitrovgrad,served_by,true
6430,bg:municipality:dimitrovgrad,served_by,true
6431,bg:municipality:dimitrovgrad,served_by,true
6432,bg:municipality:dimitrovgrad,served_by,true
6433,bg:municipality:dimitrovgrad,served_by,true
6434,bg:municipality:dimitrovgrad,served_by,true
6435,bg:municipality:dimitrovgrad,served_by,true
6437,bg:municipality:dimitrovgrad,served_by,true
6438,bg:municipality:dimitrovgrad,served_by,true
6439,bg:municipality:dimitrovgrad,served_by,true
6440,bg:municipality:dimitrovgrad,served_by,true
6442,bg:municipality:dimitrovgrad,served_by,true
6445,bg:municipality:dimitrovgrad,served_by,true
6446,bg:municipality:dimitrovgrad,served_by,true
6450,bg:municipality:harmanli,served_by,true
6452,bg:municipality:madzharovo,served_by,true
6453,bg:municipality:madzharovo,served_by,true
6454,bg:municipality:harmanli,served_by,true
6455,bg:municipality:madzharovo,served_by,true
6456,bg:municipality:madzharovo,served_by,true
6457,bg:municipality:harmanli,served_by,true
6458,bg:municipality:harmanli,served_by,true
6459,bg:municipality:harmanli,served_by,true
6460,bg:municipality:harmanli,served_by,true
6461,bg:municipality:harmanli,served_by,true
6462,bg:municipality:harmanli,served_by,true
6463,bg:municipality:harmanli,served_by,true
6464,bg:municipality:harmanli,served_by,true
6465,bg:municipality:harmanli,served_by,true
6466,bg:municipality:harmanli,served_by,true
6467,bg:municipality:harmanli,served_by,true
6468,bg:municipality:harmanli,served_by,true
6469,bg:municipality:harmanli,served_by,true
6470,bg:municipality:harmanli,served_by,true
6471,bg:municipality:harmanli,served_by,true
6472,bg:municipality:harmanli,served_by,true
6473,bg:municipality:harmanli,served_by,true
6474,bg:municipality:harmanli,served_by,true
6475,bg:municipality:harmanli,served_by,true
6476,bg:municipality:madzharovo,served_by,true
6477,bg:municipality:harmanli,served_by,true
6478,bg:municipality:madzharovo,served_by,true
6479,bg:municipality:madzharovo,served_by,true
6480,bg:municipality:madzharovo,served_by,true
6481,bg:municipality:madzharovo,served_by,true
6482,bg:municipality:madzharovo,served_by,true
6483,bg:municipality:madzharovo,served_by,true
6484,bg:municipality:madzharovo,served_by,true
6485,bg:municipality:madzharovo,served_by,true
6486,bg:municipality:madzharovo,served_by,true
6487,bg:municipality:madzharovo,served_by,true
6488,bg:municipality:harmanli,served_by,true
6488,bg:municipality:madzharovo,served_by,false
6489,bg:municipality:simeonovgrad,served_by,true
6490,bg:municipality:simeonovgrad,served_by,true
6491,bg:municipality:simeonovgrad,served_by,true
6492,bg:municipality:simeonovgrad,served_by,true
6493,bg:municipality:simeonovgrad,served_by,true
6494,bg:municipality:simeonovgrad,served_by,true
6495,bg:municipality:simeonovgrad,served_by,true
6496,bg:municipality:simeonovgrad,served_by,true
6497,bg:municipality:simeonovgrad,served_by,true
6499,bg:municipality:simeonovgrad,served_by,true
6500,bg:municipality:svilengrad,served_by,true
6517,bg:municipality:svilengrad,served_by,true
6518,bg:municipality:svilengrad,served_by,true
6519,bg:municipality:svilengrad,served_by,true
6521,bg:municipality:svilengrad,served_by,true
6522,bg:municipality:svilengrad,served_by,true
6523,bg:municipality:svilengrad,served_by,true
6524,bg:municipality:svilengrad,served_by,true
6525,bg:municipality:svilengrad,served_by,true
6526,bg:municipality:svilengrad,served_by,true
6527,bg:municipality:svilengrad,served_by,true
6528,bg:municipality:svilengrad,served_by,true
6529,bg:municipality:svilengrad,served_by,true
6530,bg:municipality:svilengrad,served_by,true
6531,bg:municipality:svilengrad,served_by,true
6533,bg:municipality:svilengrad,served_by,true
6534,bg:municipality:svilengrad,served_by,true
6535,bg:municipality:svilengrad,served_by,true
6536,bg:municipality:svilengrad,served_by,true
6537,bg:municipality:svilengrad,served_by,true
6538,bg:municipality:svilengrad,served_by,true
6539,bg:municipality:svilengrad,served_by,true
6540,bg:municipality:svilengrad,served_by,true
6541,bg:municipality:svilengrad,served_by,true
6542,bg:municipality:svilengrad,served_by,true
6545,bg:municipality:topolovgrad,served_by,true
6546,bg:municipality:topolovgrad,served_by,true
6547,bg:municipality:topolovgrad,served_by,true
6550,bg:municipality:lyubimets,served_by,true
6551,bg:municipality:lyubimets,served_by,true
6552,bg:municipality:lyubimets,served_by,true
6555,bg:municipality:lyubimets,served_by,true
6556,bg:municipality:lyubimets,served_by,true
6557,bg:municipality:lyubimets,served_by,true
6558,bg:municipality:lyubimets,served_by,true
6559,bg:municipality:lyubimets,served_by,true
6560,bg:municipality:topolovgrad,served_by,true
6561,bg:municipality:topolovgrad,served_by,true
6562,bg:municipality:topolovgrad,served_by,true
6563,bg:municipality:topolovgrad,served_by,true
6564,bg:municipality:topolovgrad,served_by,true
6565,bg:municipality:topolovgrad,served_by,true
6566,bg:municipality:topolovgrad,served_by,true
6567,bg:municipality:topolovgrad,served_by,true
6568,bg:municipality:topolovgrad,served_by,true
6569,bg:municipality:topolovgrad,served_by,true
6570,bg:municipality:ivaylovgrad,served_by,true
6571,bg:municipality:ivaylovgrad,served_by,true
6572,bg:municipality:ivaylovgrad,served_by,true
6573,bg:municipality:ivaylovgrad,served_by,true
6574,bg:municipality:ivaylovgrad,served_by,true
6575,bg:municipality:ivaylovgrad,served_by,true
6576,bg:municipality:ivaylovgrad,served_by,true
6577,bg:municipality:ivaylovgrad,served_by,true
6578,bg:municipality:ivaylovgrad,served_by,true
6579,bg:municipality:ivaylovgrad,served_by,true
6580,bg:municipality:ivaylovgrad,served_by,true
6581,bg:municipality:ivaylovgrad,served_by,true
6582,bg:municipality:ivaylovgrad,served_by,true
6583,bg:municipality:ivaylovgrad,served_by,true
6584,bg:municipality:ivaylovgrad,served_by,true
6585,bg:municipality:ivaylovgrad,served_by,true
6586,bg:municipality:ivaylovgrad,served_by,true
6587,bg:municipality:lyubimets,served_by,true
6588,bg:municipality:ivaylovgrad,served_by,true
6589,bg:municipality:ivaylovgrad,served_by,true
6590,bg:municipality:ivaylovgrad,served_by,true
6591,bg:municipality:ivaylovgrad,served_by,true
6593,bg:municipality:ivaylovgrad,served_by,true
6594,bg:municipality:ivaylovgrad,served_by,true
6595,bg:municipality:ivaylovgrad,served_by,true
6596,bg:municipality:ivaylovgrad,served_by,true
6597,bg:municipality:ivaylovgrad,served_by,true
6598,bg:municipality:ivaylovgrad,served_by,true
6599,bg:municipality:ivaylovgrad,served_by,true
6600,bg:municipality:kardzhali,served_by,true
6609,bg:municipality:kardzhali,served_by,true
6611,bg:municipality:kardzhali,served_by,true
6621,bg:municipality:kardzhali,served_by,true
6622,bg:municipality:kardzhali,served_by,true
6623,bg:municipality:kardzhali,served_by,true
6624,bg:municipality:kardzhali,served_by,true
6625,bg:municipality:kardzhali,served_by,true
6626,bg:municipality:kardzhali,served_by,true
6627,bg:municipality:kardzhali,served_by,true
6628,bg:municipality:kardzhali,served_by,true
6629,bg:municipality:kardzhali,served_by,true
6630,bg:municipality:kardzhali,served_by,true
6632,bg:municipality:kardzhali,served_by,true
6633,bg:municipality:kardzhali,served_by,true
6634,bg:municipality:kardzhali,served_by,true
6636,bg:municipality:kardzhali,served_by,true
6637,bg:municipality:kardzhali,served_by,true
6638,bg:municipality:kardzhali,served_by,true
6639,bg:municipality:kardzhali,served_by,true
6640,bg:municipality:kardzhali,served_by,true
6641,bg:municipality:kardzhali,served_by,true
6642,bg:municipality:kardzhali,served_by,true
6643,bg:municipality:kardzhali,served_by,true
6644,bg:municipality:kardzhali,served_by,true
6645,bg:municipality:kardzhali,served_by,true
6646,bg:municipality:kardzhali,served_by,true
6647,bg:municipality:kardzhali,served_by,true
6648,bg:municipality:kardzhali,served_by,true
6649,bg:municipality:kardzhali,served_by,true
6650,bg:municipality:kardzhali,served_by,true
6651,bg:municipality:kardzhali,served_by,true
6652,bg:municipality:kardzhali,served_by,true
6653,bg:municipality:kardzhali,served_by,true
6654,bg:municipality:kardzhali,served_by,true
6655,bg:municipality:kardzhali,served_by,true
6656,bg:municipality:kardzhali,served_by,true
6657,bg:municipality:kardzhali,served_by,true
6658,bg:municipality:kardzhali,served_by,true
6659,bg:municipality:kardzhali,served_by,true
6660,bg:municipality:kardzhali,served_by,true
6661,bg:municipality:kardzhali,served_by,true
6662,bg:municipality:kardzhali,served_by,true
6663,bg:municipality:kardzhali,served_by,true
6664,bg:municipality:chernoochene,served_by,true
6665,bg:municipality:chernoochene,served_by,true
6666,bg:municipality:chernoochene,served_by,true
6667,bg:municipality:chernoochene,served_by,true
6668,bg:municipality:kardzhali,served_by,true
6669,bg:municipality:kardzhali,served_by,true
6670,bg:municipality:kardzhali,served_by,true
6671,bg:municipality:kardzhali,served_by,true
6672,bg:municipality:kardzhali,served_by,true
6673,bg:municipality:kardzhali,served_by,true
6674,bg:municipality:kardzhali,served_by,true
6675,bg:municipality:kardzhali,served_by,true
6676,bg:municipality:kardzhali,served_by,true
6677,bg:municipality:kardzhali,served_by,true
6678,bg:municipality:kardzhali,served_by,true
6679,bg:municipality:kardzhali,served_by,true
6680,bg:municipality:kardzhali,served_by,true
6681,bg:municipality:kardzhali,served_by,true
6682,bg:municipality:kardzhali,served_by,true
6683,bg:municipality:kardzhali,served_by,true
6684,bg:municipality:kardzhali,served_by,true
6685,bg:municipality:kardzhali,served_by,true
6686,bg:municipality:kardzhali,served_by,true
6687,bg:municipality:kardzhali,served_by,true
6688,bg:municipality:kardzhali,served_by,true
6689,bg:municipality:kardzhali,served_by,true
6690,bg:municipality:chernoochene,served_by,true
6691,bg:municipality:chernoochene,served_by,true
6692,bg:municipality:chernoochene,served_by,true
6693,bg:municipality:chernoochene,served_by,true
6694,bg:municipality:chernoochene,served_by,true
6695,bg:municipality:chernoochene,served_by,true
6696,bg:municipality:chernoochene,served_by,true
6697,bg:municipality:chernoochene,served_by,true
6698,bg:municipality:chernoochene,served_by,true
6701,bg:municipality:chernoochene,served_by,true
6702,bg:municipality:chernoochene,served_by,true
6703,bg:municipality:chernoochene,served_by,true
6704,bg:municipality:chernoochene,served_by,true
6705,bg:municipality:chernoochene,served_by,true
6706,bg:municipality:chernoochene,served_by,true
6707,bg:municipality:chernoochene,served_by,true
6708,bg:municipality:chernoochene,served_by,true
6709,bg:municipality:chernoochene,served_by,true
6710,bg:municipality:chernoochene,served_by,true
6711,bg:municipality:chernoochene,served_by,true
6714,bg:municipality:chernoochene,served_by,true
6715,bg:municipality:chernoochene,served_by,true
6716,bg:municipality:chernoochene,served_by,true
6717,bg:municipality:chernoochene,served_by,true
6718,bg:municipality:chernoochene,served_by,true
6720,bg:municipality:kardzhali,served_by,true
6721,bg:municipality:kardzhali,served_by,true
6722,bg:municipality:kardzhali,served_by,true
6723,bg:municipality:chernoochene,served_by,true
6724,bg:municipality:chernoochene,served_by,true
6725,bg:municipality:chernoochene,served_by,true
6726,bg:municipality:chernoochene,served_by,true
6727,bg:municipality:kardzhali,served_by,true
6728,bg:municipality:kardzhali,served_by,true
6729,bg:municipality:kardzhali,served_by,true
6730,bg:municipality:kardzhali,served_by,true
6731,bg:municipality:kardzhali,served_by,true
6732,bg:municipality:kardzhali,served_by,true
6733,bg:municipality:kardzhali,served_by,true
6734,bg:municipality:kardzhali,served_by,true
6735,bg:municipality:kardzhali,served_by,true
6737,bg:municipality:kardzhali,served_by,true
6738,bg:municipality:kardzhali,served_by,true
6739,bg:municipality:kardzhali,served_by,true
6740,bg:municipality:kardzhali,served_by,true
6741,bg:municipality:kardzhali,served_by,true
6742,bg:municipality:kardzhali,served_by,true
6743,bg:municipality:kardzhali,served_by,true
6744,bg:municipality:kardzhali,served_by,true
6745,bg:municipality:kardzhali,served_by,true
6746,bg:municipality:kardzhali,served_by,true
6747,bg:municipality:kardzhali,served_by,true
6748,bg:municipality:kardzhali,served_by,true
6749,bg:municipality:kardzhali,served_by,true
6750,bg:municipality:ardino,served_by,true
6759,bg:municipality:ardino,served_by,true
6760,bg:municipality:ardino,served_by,true
6761,bg:municipality:ardino,served_by,true
6762,bg:municipality:ardino,served_by,true
6763,bg:municipality:ardino,served_by,true
6764,bg:municipality:ardino,served_by,true
6765,bg:municipality:ardino,served_by,true
6766,bg:municipality:ardino,served_by,true
6767,bg:municipality:ardino,served_by,true
6768,bg:municipality:ardino,served_by,true
6769,bg:municipality:ardino,served_by,true
6770,bg:municipality:ardino,served_by,true
6771,bg:municipality:ardino,served_by,true
6773,bg:municipality:ardino,served_by,true
6774,bg:municipality:ardino,served_by,true
6775,bg:municipality:ardino,served_by,true
6776,bg:municipality:ardino,served_by,true
6777,bg:municipality:ardino,served_by,true
6778,bg:municipality:ardino,served_by,true
6779,bg:municipality:ardino,served_by,true
6780,bg:municipality:ardino,served_by,true
6781,bg:municipality:ardino,served_by,true
6782,bg:municipality:ardino,served_by,true
6783,bg:municipality:ardino,served_by,true
6784,bg:municipality:ardino,served_by,true
6785,bg:municipality:ardino,served_by,true
6786,bg:municipality:ardino,served_by,true
6787,bg:municipality:ardino,served_by,true
6788,bg:municipality:ardino,served_by,true
6789,bg:municipality:ardino,served_by,true
6790,bg:municipality:ardino,served_by,true
6791,bg:municipality:ardino,served_by,true
6792,bg:municipality:ardino,served_by,true
6793,bg:municipality:ardino,served_by,true
6794,bg:municipality:ardino,served_by,true
6795,bg:municipality:ardino,served_by,true
6796,bg:municipality:ardino,served_by,true
6797,bg:municipality:ardino,served_by,true
6798,bg:municipality:ardino,served_by,true
6799,bg:municipality:ardino,served_by,true
6800,bg:municipality:momchilgrad,served_by,true
6800,bg:municipality:kirkovo,served_by,false
6809,bg:municipality:momchilgrad,served_by,true
6810,bg:municipality:momchilgrad,served_by,true
6811,bg:municipality:momchilgrad,served_by,true
6812,bg:municipality:momchilgrad,served_by,true
6813,bg:municipality:momchilgrad,served_by,true
6814,bg:municipality:momchilgrad,served_by,true
6815,bg:municipality:momchilgrad,served_by,true
6816,bg:municipality:momchilgrad,served_by,true
6817,bg:municipality:momchilgrad,served_by,true
6818,bg:municipality:momchilgrad,served_by,true
6819,bg:municipality:momchilgrad,served_by,true
6820,bg:municipality:momchilgrad,served_by,true
6821,bg:municipality:momchilgrad,served_by,true
6822,bg:municipality:momchilgrad,served_by,true
6823,bg:municipality:momchilgrad,served_by,true
6824,bg:municipality:momchilgrad,served_by,true
6825,bg:municipality:momchilgrad,served_by,true
6826,bg:municipality:momchilgrad,served_by,true
6827,bg:municipality:momchilgrad,served_by,true
6828,bg:municipality:momchilgrad,served_by,true
6829,bg:municipality:momchilgrad,served_by,true
6830,bg:municipality:momchilgrad,served_by,true
6831,bg:municipality:momchilgrad,served_by,true
6833,bg:municipality:momchilgrad,served_by,true
6834,bg:municipality:momchilgrad,served_by,true
6835,bg:municipality:momchilgrad,served_by,true
6836,bg:municipality:momchilgrad,served_by,true
6837,bg:municipality:momchilgrad,served_by,true
6840,bg:municipality:dzhebel,served_by,true
6841,bg:municipality:dzhebel,served_by,true
6842,bg:municipality:dzhebel,served_by,true
6844,bg:municipality:dzhebel,served_by,true
6845,bg:municipality:dzhebel,served_by,true
6846,bg:municipality:dzhebel,served_by,true
6847,bg:municipality:dzhebel,served_by,true
6848,bg:municipality:dzhebel,served_by,true
6849,bg:municipality:dzhebel,served_by,true
6850,bg:municipality:dzhebel,served_by,true
6851,bg:municipality:dzhebel,served_by,true
6852,bg:municipality:dzhebel,served_by,true
6853,bg:municipality:dzhebel,served_by,true
6854,bg:municipality:dzhebel,served_by,true
6855,bg:municipality:dzhebel,served_by,true
6856,bg:municipality:dzhebel,served_by,true
6857,bg:municipality:dzhebel,served_by,true
6858,bg:municipality:dzhebel,served_by,true
6859,bg:municipality:dzhebel,served_by,true
6860,bg:municipality:kirkovo,served_by,true
6861,bg:municipality:kirkovo,served_by,true
6862,bg:municipality:kirkovo,served_by,true
6865,bg:municipality:kirkovo,served_by,true
6867,bg:municipality:kirkovo,served_by,true
6868,bg:municipality:kirkovo,served_by,true
6869,bg:municipality:kirkovo,served_by,true
6870,bg:municipality:kirkovo,served_by,true
6871,bg:municipality:kirkovo,served_by,true
6872,bg:municipality:kirkovo,served_by,true
6873,bg:municipality:kirkovo,served_by,true
6875,bg:municipality:kirkovo,served_by,true
6876,bg:municipality:kirkovo,served_by,true
6877,bg:municipality:kirkovo,served_by,true
6878,bg:municipality:kirkovo,served_by,true
6880,bg:municipality:kirkovo,served_by,true
6881,bg:municipality:kirkovo,served_by,true
6882,bg:municipality:kirkovo,served_by,true
6883,bg:municipality:kirkovo,served_by,true
6884,bg:municipality:kirkovo,served_by,true
6885,bg:municipality:kirkovo,served_by,true
6887,bg:municipality:kirkovo,served_by,true
6888,bg:municipality:kirkovo,served_by,true
6890,bg:municipality:kirkovo,served_by,true
6892,bg:municipality:kirkovo,served_by,true
6893,bg:municipality:kirkovo,served_by,true
6894,bg:municipality:kirkovo,served_by,true
6896,bg:municipality:kirkovo,served_by,true
6898,bg:municipality:kirkovo,served_by,true
6899,bg:municipality:kirkovo,served_by,true
6900,bg:municipality:krumovgrad,served_by,true
6907,bg:municipality:krumovgrad,served_by,true
6908,bg:municipality:krumovgrad,served_by,true
6909,bg:municipality:krumovgrad,served_by,true
6910,bg:municipality:krumovgrad,served_by,true
6912,bg:municipality:krumovgrad,served_by,true
6913,bg:municipality:krumovgrad,served_by,true
6914,bg:municipality:krumovgrad,served_by,true
6915,bg:municipality:krumovgrad,served_by,true
6916,bg:municipality:krumovgrad,served_by,true
6917,bg:municipality:krumovgrad,served_by,true
6918,bg:municipality:krumovgrad,served_by,true
6919,bg:municipality:krumovgrad,served_by,true
6920,bg:municipality:krumovgrad,served_by,true
6921,bg:municipality:krumovgrad,served_by,true
6922,bg:municipality:krumovgrad,served_by,true
6923,bg:municipality:krumovgrad,served_by,true
6924,bg:municipality:krumovgrad,served_by,true
6925,bg:municipality:krumovgrad,served_by,true
6926,bg:municipality:krumovgrad,served_by,true
6927,bg:municipality:krumovgrad,served_by,true
6928,bg:municipality:krumovgrad,served_by,true
6929,bg:municipality:krumovgrad,served_by,true
6930,bg:municipality:krumovgrad,served_by,true
6931,bg:municipality:krumovgrad,served_by,true
6932,bg:municipality:krumovgrad,served_by,true
6933,bg:municipality:krumovgrad,served_by,true
6934,bg:municipality:krumovgrad,served_by,true
6935,bg:municipality:krumovgrad,served_by,true
6936,bg:municipality:krumovgrad,served_by,true
6937,bg:municipality:krumovgrad,served_by,true
6938,bg:municipality:krumovgrad,served_by,true
6939,bg:municipality:krumovgrad,served_by,true
6940,bg:municipality:krumovgrad,served_by,true
6941,bg:municipality:krumovgrad,served_by,true
6942,bg:municipality:krumovgrad,served_by,true
6943,bg:municipality:krumovgrad,served_by,true
6944,bg:municipality:krumovgrad,served_by,true
6945,bg:municipality:krumovgrad,served_by,true
6946,bg:municipality:krumovgrad,served_by,true
6947,bg:municipality:krumovgrad,served_by,true
6948,bg:municipality:krumovgrad,served_by,true
6949,bg:municipality:krumovgrad,served_by,true
6952,bg:municipality:krumovgrad,served_by,true
6953,bg:municipality:krumovgrad,served_by,true
6954,bg:municipality:krumovgrad,served_by,true
6955,bg:municipality:krumovgrad,served_by,true
6956,bg:municipality:krumovgrad,served_by,true
6957,bg:municipality:krumovgrad,served_by,true
6958,bg:municipality:krumovgrad,served_by,true
6959,bg:municipality:krumovgrad,served_by,true
6960,bg:municipality:krumovgrad,served_by,true
6961,bg:municipality:krumovgrad,served_by,true
6962,bg:municipality:krumovgrad,served_by,true
6963,bg:municipality:krumovgrad,served_by,true
6964,bg:municipality:krumovgrad,served_by,true
6965,bg:municipality:krumovgrad,served_by,true
6966,bg:municipality:krumovgrad,served_by,true
6967,bg:municipality:krumovgrad,served_by,true
6968,bg:municipality:krumovgrad,served_by,true
6969,bg:municipality:krumovgrad,served_by,true
7000,bg:municipality:ruse,served_by,true
7037,bg:municipality:vetovo,served_by,true
7038,bg:municipality:vetovo,served_by,true
7040,bg:municipality:vetovo,served_by,true
7044,bg:municipality:ruse,served_by,true
7051,bg:municipality:ruse,served_by,true
7052,bg:municipality:ruse,served_by,true
7053,bg:municipality:ruse,served_by,true
7054,bg:municipality:ruse,served_by,true
7055,bg:municipality:ruse,served_by,true
7057,bg:municipality:ruse,served_by,true
7058,bg:municipality:ruse,served_by,true
7059,bg:municipality:ruse,served_by,true
7060,bg:municipality:slivo-pole,served_by,true
7061,bg:municipality:slivo-pole,served_by,true
7062,bg:municipality:slivo-pole,served_by,true
7063,bg:municipality:slivo-pole,served_by,true
7064,bg:municipality:slivo-pole,served_by,true
7065,bg:municipality:slivo-pole,served_by,true
7066,bg:municipality:slivo-pole,served_by,true
7067,bg:municipality:slivo-pole,served_by,true
7068,bg:municipality:slivo-pole,served_by,true
7069,bg:municipality:slivo-pole,served_by,true
7070,bg:municipality:slivo-pole,served_by,true
7071,bg:municipality:ruse,served_by,true
7072,bg:municipality:ruse,served_by,true
7073,bg:municipality:ruse,served_by,true
7074,bg:municipality:vetovo,served_by,true
7075,bg:municipality:ivanovo,served_by,true
7077,bg:municipality:vetovo,served_by,true
7078,bg:municipality:ivanovo,served_by,true
7079,bg:municipality:ivanovo,served_by,true
7080,bg:municipality:vetovo,served_by,true
7081,bg:municipality:vetovo,served_by,true
7082,bg:municipality:ivanovo,served_by,true
7083,bg:municipality:ivanovo,served_by,true
7084,bg:municipality:ivanovo,served_by,true
7085,bg:municipality:ivanovo,served_by,true
7087,bg:municipality:ivanovo,served_by,true
7088,bg:municipality:ivanovo,served_by,true
7089,bg:municipality:ivanovo,served_by,true
7090,bg:municipality:ivanovo,served_by,true
7091,bg:municipality:ivanovo,served_by,true
7092,bg:municipality:ivanovo,served_by,true
7100,bg:municipality:byala,served_by,true
7101,bg:municipality:byala,served_by,true
7119,bg:municipality:byala,served_by,true
7120,bg:municipality:byala,served_by,true
7121,bg:municipality:byala,served_by,true
7122,bg:municipality:byala,served_by,true
7123,bg:municipality:tsenovo,served_by,true
7124,bg:municipality:byala,served_by,true
7125,bg:municipality:byala,served_by,true
7127,bg:municipality:byala,served_by,true
7128,bg:municipality:byala,served_by,true
7129,bg:municipality:tsenovo,served_by,true
7130,bg:municipality:tsenovo,served_by,true
7131,bg:municipality:byala,served_by,true
7132,bg:municipality:tsenovo,served_by,true
7133,bg:municipality:tsenovo,served_by,true
7134,bg:municipality:tsenovo,served_by,true
7135,bg:municipality:byala,served_by,true
7137,bg:municipality:tsenovo,served_by,true
7138,bg:municipality:tsenovo,served_by,true
7139,bg:municipality:tsenovo,served_by,true
7150,bg:municipality:dve-mogili,served_by,true
7158,bg:municipality:dve-mogili,served_by,true
7159,bg:municipality:dve-mogili,served_by,true
7160,bg:municipality:dve-mogili,served_by,true
7161,bg:municipality:dve-mogili,served_by,true
7162,bg:municipality:dve-mogili,served_by,true
7163,bg:municipality:dve-mogili,served_by,true
7164,bg:municipality:dve-mogili,served_by,true
7165,bg:municipality:dve-mogili,served_by,true
7167,bg:municipality:dve-mogili,served_by,true
7168,bg:municipality:dve-mogili,served_by,true
7169,bg:municipality:dve-mogili,served_by,true
7170,bg:municipality:borovo,served_by,true
7171,bg:municipality:borovo,served_by,true
7172,bg:municipality:borovo,served_by,true
7173,bg:municipality:borovo,served_by,true
7174,bg:municipality:borovo,served_by,true
7175,bg:municipality:borovo,served_by,true
7177,bg:municipality:borovo,served_by,true
7200,bg:municipality:razgrad,served_by,true
7217,bg:municipality:razgrad,served_by,true
7218,bg:municipality:razgrad,served_by,true
7219,bg:municipality:razgrad,served_by,true
7238,bg:municipality:razgrad,served_by,true
7239,bg:municipality:loznitsa,served_by,true
7242,bg:municipality:razgrad,served_by,true
7243,bg:municipality:razgrad,served_by,true
7244,bg:municipality:razgrad,served_by,true
7245,bg:municipality:razgrad,served_by,true
7247,bg:municipality:loznitsa,served_by,true
7248,bg:municipality:razgrad,served_by,true
7250,bg:municipality:razgrad,served_by,true
7251,bg:municipality:razgrad,served_by,true
7252,bg:municipality:razgrad,served_by,true
7261,bg:municipality:razgrad,served_by,true
7262,bg:municipality:razgrad,served_by,true
7263,bg:municipality:razgrad,served_by,true
7264,bg:municipality:razgrad,served_by,true
7265,bg:municipality:razgrad,served_by,true
7267,bg:municipality:razgrad,served_by,true
7268,bg:municipality:razgrad,served_by,true
7270,bg:municipality:razgrad,served_by,true
7273,bg:municipality:tsar-kaloyan,served_by,true
7274,bg:municipality:tsar-kaloyan,served_by,true
7275,bg:municipality:razgrad,served_by,true
7278,bg:municipality:loznitsa,served_by,true
7279,bg:municipality:loznitsa,served_by,true
7280,bg:municipality:tsar-kaloyan,served_by,true
7281,bg:municipality:loznitsa,served_by,true
7282,bg:municipality:loznitsa,served_by,true
7283,bg:municipality:loznitsa,served_by,true
7284,bg:municipality:loznitsa,served_by,true
7285,bg:municipality:loznitsa,served_by,true
7287,bg:municipality:loznitsa,served_by,true
7288,bg:municipality:loznitsa,served_by,true
7289,bg:municipality:loznitsa,served_by,true
7290,bg:municipality:loznitsa,served_by,true
7291,bg:municipality:loznitsa,served_by,true
7292,bg:municipality:loznitsa,served_by,true
7293,bg:municipality:loznitsa,served_by,true
7300,bg:municipality:kubrat,served_by,true
7316,bg:municipality:kubrat,served_by,true
7317,bg:municipality:kubrat,served_by,true
7318,bg:municipality:kubrat,served_by,true
7319,bg:municipality:kubrat,served_by,true
7321,bg:municipality:kubrat,served_by,true
7322,bg:municipality:kubrat,served_by,true
7323,bg:municipality:kubrat,served_by,true
7324,bg:municipality:zavet,served_by,true
7325,bg:municipality:zavet,served_by,true
7326,bg:municipality:zavet,served_by,true
7327,bg:municipality:zavet,served_by,true
7330,bg:municipality:zavet,served_by,true
7331,bg:municipality:zavet,served_by,true
7332,bg:municipality:kubrat,served_by,true
7333,bg:municipality:kubrat,served_by,true
7334,bg:municipality:kubrat,served_by,true
7335,bg:municipality:kubrat,served_by,true
7337,bg:municipality:kubrat,served_by,true
7338,bg:municipality:kubrat,served_by,true
7341,bg:municipality:kubrat,served_by,true
7342,bg:municipality:zavet,served_by,true
7343,bg:municipality:kubrat,served_by,true
7344,bg:municipality:kubrat,served_by,true
7400,bg:municipality:isperih,served_by,true
7419,bg:municipality:isperih,served_by,true
7421,bg:municipality:isperih,served_by,true
7422,bg:municipality:isperih,served_by,true
7423,bg:municipality:isperih,served_by,true
7425,bg:municipality:isperih,served_by,true
7427,bg:municipality:isperih,served_by,true
7428,bg:municipality:isperih,served_by,true
7429,bg:municipality:isperih,served_by,true
7430,bg:municipality:isperih,served_by,true
7431,bg:municipality:isperih,served_by,true
7432,bg:municipality:isperih,served_by,true
7433,bg:municipality:isperih,served_by,true
7434,bg:municipality:isperih,served_by,true
7435,bg:municipality:isperih,served_by,true
7437,bg:municipality:samuil,served_by,true
7438,bg:municipality:samuil,served_by,true
7439,bg:municipality:isperih,served_by,true
7440,bg:municipality:samuil,served_by,true
7441,bg:municipality:samuil,served_by,true
7442,bg:municipality:isperih,served_by,true
7443,bg:municipality:isperih,served_by,true
7444,bg:municipality:isperih,served_by,true
7445,bg:municipality:isperih,served_by,true
7447,bg:municipality:isperih,served_by,true
7448,bg:municipality:isperih,served_by,true
7449,bg:municipality:samuil,served_by,true
7450,bg:municipality:isperih,served_by,true
7451,bg:municipality:samuil,served_by,true
7452,bg:municipality:samuil,served_by,true
7453,bg:municipality:samuil,served_by,true
7454,bg:municipality:samuil,served_by,true
7455,bg:municipality:samuil,served_by,true
7456,bg:municipality:samuil,served_by,true
7457,bg:municipality:samuil,served_by,true
7458,bg:municipality:samuil,served_by,true
7459,bg:municipality:samuil,served_by,true
7460,bg:municipality:isperih,served_by,true
7500,bg:municipality:silistra,served_by,true
7531,bg:municipality:sitovo,served_by,true
7532,bg:municipality:sitovo,served_by,true
7533,bg:municipality:sitovo,served_by,true
7534,bg:municipality:sitovo,served_by,true
7536,bg:municipality:alfatar,served_by,true
7537,bg:municipality:alfatar,served_by,true
7538,bg:municipality:silistra,served_by,true
7539,bg:municipality:silistra,served_by,true
7541,bg:municipality:silistra,served_by,true
7542,bg:municipality:silistra,served_by,true
7543,bg:municipality:silistra,served_by,true
7544,bg:municipality:silistra,served_by,true
7545,bg:municipality:silistra,served_by,true
7547,bg:municipality:kaynardzha,served_by,true
7548,bg:municipality:kaynardzha,served_by,true
7549,bg:municipality:kaynardzha,served_by,true
7550,bg:municipality:kaynardzha,served_by,true
7551,bg:municipality:kaynardzha,served_by,true
7552,bg:municipality:kaynardzha,served_by,true
7553,bg:municipality:kaynardzha,served_by,true
7554,bg:municipality:kaynardzha,served_by,true
7555,bg:municipality:alfatar,served_by,true
7557,bg:municipality:alfatar,served_by,true
7558,bg:municipality:alfatar,served_by,true
7560,bg:municipality:kaynardzha,served_by,true
7561,bg:municipality:kaynardzha,served_by,true
7562,bg:municipality:kaynardzha,served_by,true
7563,bg:municipality:kaynardzha,served_by,true
7564,bg:municipality:kaynardzha,served_by,true
7565,bg:municipality:kaynardzha,served_by,true
7567,bg:municipality:kaynardzha,served_by,true
7568,bg:municipality:silistra,served_by,true
7569,bg:municipality:silistra,served_by,true
7570,bg:municipality:alfatar,served_by,true
7571,bg:municipality:alfatar,served_by,true
7572,bg:municipality:silistra,served_by,true
7573,bg:municipality:silistra,served_by,true
7574,bg:municipality:silistra,served_by,true
7575,bg:municipality:silistra,served_by,true
7577,bg:municipality:silistra,served_by,true
7578,bg:municipality:silistra,served_by,true
7579,bg:municipality:silistra,served_by,true
7580,bg:municipality:sitovo,served_by,true
7582,bg:municipality:sitovo,served_by,true
7583,bg:municipality:sitovo,served_by,true
7584,bg:municipality:sitovo,served_by,true
7585,bg:municipality:sitovo,served_by,true
7587,bg:municipality:silistra,served_by,true
7588,bg:municipality:silistra,served_by,true
7589,bg:municipality:sitovo,served_by,true
7590,bg:municipality:sitovo,served_by,true
7600,bg:municipality:tutrakan,served_by,true
7610,bg:municipality:glavinitsa,served_by,true
7611,bg:municipality:glavinitsa,served_by,true
7612,bg:municipality:glavinitsa,served_by,true
7613,bg:municipality:glavinitsa,served_by,true
7614,bg:municipality:glavinitsa,served_by,true
7615,bg:municipality:glavinitsa,served_by,true
7617,bg:municipality:glavinitsa,served_by,true
7618,bg:municipality:glavinitsa,served_by,true
7619,bg:municipality:glavinitsa,served_by,true
7620,bg:municipality:glavinitsa,served_by,true
7621,bg:municipality:glavinitsa,served_by,true
7622,bg:municipality:tutrakan,served_by,true
7623,bg:municipality:tutrakan,served_by,true
7624,bg:municipality:glavinitsa,served_by,true
7625,bg:municipality:glavinitsa,served_by,true
7627,bg:municipality:tutrakan,served_by,true
7628,bg:municipality:tutrakan,served_by,true
7629,bg:municipality:tutrakan,served_by,true
7630,bg:municipality:glavinitsa,served_by,true
7631,bg:municipality:glavinitsa,served_by,true
7632,bg:municipality:glavinitsa,served_by,true
7633,bg:municipality:glavinitsa,served_by,true
7634,bg:municipality:glavinitsa,served_by,true
7635,bg:municipality:tutrakan,served_by,true
7637,bg:municipality:tutrakan,served_by,true
7638,bg:municipality:tutrakan,served_by,true
7639,bg:municipality:tutrakan,served_by,true
7640,bg:municipality:tutrakan,served_by,true
7641,bg:municipality:glavinitsa,served_by,true
7642,bg:municipality:glavinitsa,served_by,true
7643,bg:municipality:glavinitsa,served_by,true
7644,bg:municipality:glavinitsa,served_by,true
7645,bg:municipality:tutrakan,served_by,true
7647,bg:municipality:tutrakan,served_by,true
7648,bg:municipality:tutrakan,served_by,true
7649,bg:municipality:tutrakan,served_by,true
7650,bg:municipality:dulovo,served_by,true
7651,bg:municipality:dulovo,served_by,true
7656,bg:municipality:dulovo,served_by,true
7657,bg:municipality:dulovo,served_by,true
7658,bg:municipality:dulovo,served_by,true
7659,bg:municipality:dulovo,served_by,true
7664,bg:municipality:sitovo,served_by,true
7665,bg:municipality:dulovo,served_by,true
7667,bg:municipality:dulovo,served_by,true
7668,bg:municipality:dulovo,served_by,true
7669,bg:municipality:dulovo,served_by,true
7670,bg:municipality:dulovo,served_by,true
7671,bg:municipality:dulovo,served_by,true
7672,bg:municipality:dulovo,served_by,true
7673,bg:municipality:dulovo,served_by,true
7674,bg:municipality:dulovo,served_by,true
7675,bg:municipality:dulovo,served_by,true
7677,bg:municipality:dulovo,served_by,true
7680,bg:municipality:dulovo,served_by,true
7681,bg:municipality:dulovo,served_by,true
7682,bg:municipality:dulovo,served_by,true
7683,bg:municipality:dulovo,served_by,true
7684,bg:municipality:dulovo,served_by,true
7689,bg:municipality:glavinitsa,served_by,true
7690,bg:municipality:dulovo,served_by,true
7691,bg:municipality:dulovo,served_by,true
7692,bg:municipality:dulovo,served_by,true
7693,bg:municipality:dulovo,served_by,true
7694,bg:municipality:dulovo,served_by,true
7700,bg:municipality:targovishte,served_by,true
7706,bg:municipality:targovishte,served_by,true
7707,bg:municipality:targovishte,served_by,true
7737,bg:municipality:targovishte,served_by,true
7738,bg:municipality:targovishte,served_by,true
7739,bg:municipality:targovishte,served_by,true
7740,bg:municipality:targovishte,served_by,true
7741,bg:municipality:targovishte,served_by,true
7742,bg:municipality:targovishte,served_by,true
7743,bg:municipality:targovishte,served_by,true
7744,bg:municipality:targovishte,served_by,true
7745,bg:municipality:targovishte,served_by,true
7746,bg:municipality:targovishte,served_by,true
7747,bg:municipality:targovishte,served_by,true
7748,bg:municipality:targovishte,served_by,true
7749,bg:municipality:targovishte,served_by,true
7750,bg:municipality:targovishte,served_by,true
7751,bg:municipality:targovishte,served_by,true
7752,bg:municipality:targovishte,served_by,true
7753,bg:municipality:targovishte,served_by,true
7754,bg:municipality:targovishte,served_by,true
7755,bg:municipality:targovishte,served_by,true
7757,bg:municipality:targovishte,served_by,true
7758,bg:municipality:targovishte,served_by,true
7759,bg:municipality:targovishte,served_by,true
7760,bg:municipality:targovishte,served_by,true
7761,bg:municipality:targovishte,served_by,true
7762,bg:municipality:targovishte,served_by,true
7763,bg:municipality:targovishte,served_by,true
7764,bg:municipality:targovishte,served_by,true
7765,bg:municipality:targovishte,served_by,true
7767,bg:municipality:targovishte,served_by,true
7768,bg:municipality:targovishte,served_by,true
7769,bg:municipality:targovishte,served_by,true
7770,bg:municipality:targovishte,served_by,true
7771,bg:municipality:targovishte,served_by,true
7772,bg:municipality:targovishte,served_by,true
7773,bg:municipality:targovishte,served_by,true
7774,bg:municipality:targovishte,served_by,true
7775,bg:municipality:targovishte,served_by,true
7777,bg:municipality:targovishte,served_by,true
7778,bg:municipality:targovishte,served_by,true
7779,bg:municipality:targovishte,served_by,true
7780,bg:municipality:targovishte,served_by,true
7781,bg:municipality:targovishte,served_by,true
7782,bg:municipality:targovishte,served_by,true
7783,bg:municipality:targovishte,served_by,true
7784,bg:municipality:targovishte,served_by,true
7785,bg:municipality:targovishte,served_by,true
7786,bg:municipality:targovishte,served_by,true
7787,bg:municipality:targovishte,served_by,true
7789,bg:municipality:targovishte,served_by,true
7800,bg:municipality:popovo,served_by,true
7830,bg:municipality:popovo,served_by,true
7831,bg:municipality:popovo,served_by,true
7832,bg:municipality:popovo,served_by,true
7833,bg:municipality:popovo,served_by,true
7834,bg:municipality:popovo,served_by,true
7835,bg:municipality:popovo,served_by,true
7837,bg:municipality:popovo,served_by,true
7838,bg:municipality:popovo,served_by,true
7839,bg:municipality:popovo,served_by,true
7840,bg:municipality:opaka,served_by,true
7841,bg:municipality:popovo,served_by,true
7842,bg:municipality:popovo,served_by,true
7843,bg:municipality:opaka,served_by,true
7844,bg:municipality:opaka,served_by,true
7845,bg:municipality:opaka,served_by,true
7847,bg:municipality:opaka,served_by,true
7848,bg:municipality:opaka,served_by,true
7849,bg:municipality:popovo,served_by,true
7850,bg:municipality:popovo,served_by,true
7851,bg:municipality:popovo,served_by,true
7852,bg:municipality:popovo,served_by,true
7853,bg:municipality:popovo,served_by,true
7854,bg:municipality:popovo,served_by,true
7855,bg:municipality:popovo,served_by,true
7856,bg:municipality:popovo,served_by,true
7857,bg:municipality:popovo,served_by,true
7858,bg:municipality:popovo,served_by,true
7859,bg:municipality:popovo,served_by,true
7860,bg:municipality:popovo,served_by,true
7861,bg:municipality:popovo,served_by,true
7862,bg:municipality:popovo,served_by,true
7863,bg:municipality:popovo,served_by,true
7864,bg:municipality:popovo,served_by,true
7865,bg:municipality:targovishte,served_by,true
7867,bg:municipality:popovo,served_by,true
7868,bg:municipality:popovo,served_by,true
7869,bg:municipality:popovo,served_by,true
7877,bg:municipality:popovo,served_by,true
7878,bg:municipality:popovo,served_by,true
7879,bg:municipality:popovo,served_by,true
7881,bg:municipality:popovo,served_by,true
7900,bg:municipality:omurtag,served_by,true
7913,bg:municipality:omurtag,served_by,true
7915,bg:municipality:omurtag,served_by,true
7916,bg:municipality:omurtag,served_by,true
7917,bg:municipality:omurtag,served_by,true
7919,bg:municipality:omurtag,served_by,true
7920,bg:municipality:omurtag,served_by,true
7921,bg:municipality:omurtag,served_by,true
7922,bg:municipality:omurtag,served_by,true
7924,bg:municipality:omurtag,served_by,true
7925,bg:municipality:omurtag,served_by,true
7926,bg:municipality:omurtag,served_by,true
7927,bg:municipality:omurtag,served_by,true
7928,bg:municipality:omurtag,served_by,true
7929,bg:municipality:omurtag,served_by,true
7930,bg:municipality:omurtag,served_by,true
7931,bg:municipality:omurtag,served_by,true
7932,bg:municipality:omurtag,served_by,true
7933,bg:municipality:omurtag,served_by,true
7934,bg:municipality:omurtag,served_by,true
7935,bg:municipality:omurtag,served_by,true
7936,bg:municipality:omurtag,served_by,true
7938,bg:municipality:omurtag,served_by,true
7939,bg:municipality:omurtag,served_by,true
7940,bg:municipality:omurtag,served_by,true
7941,bg:municipality:omurtag,served_by,true
7942,bg:municipality:omurtag,served_by,true
7943,bg:municipality:omurtag,served_by,true
7944,bg:municipality:omurtag,served_by,true
7945,bg:municipality:omurtag,served_by,true
7946,bg:municipality:omurtag,served_by,true
7947,bg:municipality:omurtag,served_by,true
7948,bg:municipality:omurtag,served_by,true
7950,bg:municipality:antonovo,served_by,true
7951,bg:municipality:antonovo,served_by,true
7952,bg:municipality:antonovo,served_by,true
7953,bg:municipality:antonovo,served_by,true
7954,bg:municipality:omurtag,served_by,true
7955,bg:municipality:omurtag,served_by,true
7956,bg:municipality:omurtag,served_by,true
7957,bg:municipality:omurtag,served_by,true
7958,bg:municipality:omurtag,served_by,true
7959,bg:municipality:omurtag,served_by,true
7960,bg:municipality:antonovo,served_by,true
7961,bg:municipality:antonovo,served_by,true
7962,bg:municipality:antonovo,served_by,true
7963,bg:municipality:antonovo,served_by,true
7964,bg:municipality:antonovo,served_by,true
7965,bg:municipality:antonovo,served_by,true
7966,bg:municipality:antonovo,served_by,true
7967,bg:municipality:antonovo,served_by,true
7968,bg:municipality:antonovo,served_by,true
7969,bg:municipality:antonovo,served_by,true
7970,bg:municipality:antonovo,served_by,true
7971,bg:municipality:antonovo,served_by,true
7972,bg:municipality:antonovo,served_by,true
7973,bg:municipality:antonovo,served_by,true
7973,bg:municipality:omurtag,served_by,false
7974,bg:municipality:antonovo,served_by,true
7975,bg:municipality:antonovo,served_by,true
7976,bg:municipality:antonovo,served_by,true
7977,bg:municipality:antonovo,served_by,true
7978,bg:municipality:antonovo,served_by,true
7980,bg:municipality:antonovo,served_by,true
7983,bg:municipality:antonovo,served_by,true
7984,bg:municipality:antonovo,served_by,true
7985,bg:municipality:antonovo,served_by,true
7986,bg:municipality:antonovo,served_by,true
7987,bg:municipality:antonovo,served_by,true
7988,bg:municipality:antonovo,served_by,true
7989,bg:municipality:antonovo,served_by,true
7990,bg:municipality:antonovo,served_by,true
7991,bg:municipality:antonovo,served_by,true
7992,bg:municipality:antonovo,served_by,true
7993,bg:municipality:antonovo,served_by,true
7994,bg:municipality:antonovo,served_by,true
7995,bg:municipality:antonovo,served_by,true
7996,bg:municipality:antonovo,served_by,true
7997,bg:municipality:antonovo,served_by,true
7998,bg:municipality:antonovo,served_by,true
7999,bg:municipality:antonovo,served_by,true
8000,bg:municipality:burgas,served_by,true
8103,bg:municipality:kameno,served_by,true
8105,bg:municipality:kameno,served_by,true
8106,bg:municipality:kameno,served_by,true
8107,bg:municipality:kameno,served_by,true
8108,bg:municipality:kameno,served_by,true
8109,bg:municipality:kameno,served_by,true
8110,bg:municipality:burgas,served_by,true
8111,bg:municipality:burgas,served_by,true
8112,bg:municipality:burgas,served_by,true
8113,bg:municipality:burgas,served_by,true
8114,bg:municipality:burgas,served_by,true
8115,bg:municipality:burgas,served_by,true
8116,bg:municipality:burgas,served_by,true
8117,bg:municipality:burgas,served_by,true
8118,bg:municipality:kameno,served_by,true
8119,bg:municipality:burgas,served_by,true
8120,bg:municipality:kameno,served_by,true
8121,bg:municipality:kameno,served_by,true
8122,bg:municipality:kameno,served_by,true
8123,bg:municipality:kameno,served_by,true
8124,bg:municipality:burgas,served_by,true
8125,bg:municipality:burgas,served_by,true
8127,bg:municipality:burgas,served_by,true
8128,bg:municipality:kameno,served_by,true
8129,bg:municipality:kameno,served_by,true
8130,bg:municipality:sozopol,served_by,true
8140,bg:municipality:sozopol,served_by,true
8142,bg:municipality:sozopol,served_by,true
8143,bg:municipality:sozopol,served_by,true
8145,bg:municipality:primorsko,served_by,true
8146,bg:municipality:sozopol,served_by,true
8147,bg:municipality:primorsko,served_by,true
8148,bg:municipality:sozopol,served_by,true
8149,bg:municipality:sozopol,served_by,true
8150,bg:municipality:sozopol,served_by,true
8151,bg:municipality:sozopol,served_by,true
8152,bg:municipality:primorsko,served_by,true
8153,bg:municipality:sozopol,served_by,true
8154,bg:municipality:burgas,served_by,true
8155,bg:municipality:burgas,served_by,true
8157,bg:municipality:sozopol,served_by,true
8158,bg:municipality:sozopol,served_by,true
8159,bg:municipality:burgas,served_by,true
8160,bg:municipality:sozopol,served_by,true
8161,bg:municipality:sozopol,served_by,true
8180,bg:municipality:primorsko,served_by,true
8182,bg:municipality:primorsko,served_by,true
8183,bg:municipality:primorsko,served_by,true
8200,bg:municipality:pomorie,served_by,true
8210,bg:municipality:pomorie,served_by,true
8211,bg:municipality:pomorie,served_by,true
8212,bg:municipality:pomorie,served_by,true
8213,bg:municipality:pomorie,served_by,true
8214,bg:municipality:pomorie,served_by,true
8215,bg:municipality:pomorie,served_by,true
8216,bg:municipality:pomorie,served_by,true
8217,bg:municipality:pomorie,served_by,true
8218,bg:municipality:pomorie,served_by,true
8219,bg:municipality:pomorie,served_by,true
8220,bg:municipality:pomorie,served_by,true
8221,bg:municipality:pomorie,served_by,true
8222,bg:municipality:pomorie,served_by,true
8223,bg:municipality:pomorie,served_by,true
8224,bg:municipality:pomorie,served_by,true
8225,bg:municipality:pomorie,served_by,true
8230,bg:municipality:nesebar,served_by,true
8237,bg:municipality:nesebar,served_by,true
8238,bg:municipality:nesebar,served_by,true
8239,bg:municipality:nesebar,served_by,true
8240,bg:municipality:nesebar,served_by,true
8248,bg:municipality:nesebar,served_by,true
8249,bg:municipality:nesebar,served_by,true
8250,bg:municipality:nesebar,served_by,true
8251,bg:municipality:nesebar,served_by,true
8252,bg:municipality:nesebar,served_by,true
8253,bg:municipality:nesebar,served_by,true
8254,bg:municipality:nesebar,served_by,true
8255,bg:municipality:nesebar,served_by,true
8256,bg:municipality:nesebar,served_by,true
8257,bg:municipality:nesebar,served_by,true
8258,bg:municipality:nesebar,served_by,true
8260,bg:municipality:tsarevo,served_by,true
8271,bg:municipality:tsarevo,served_by,true
8272,bg:municipality:tsarevo,served_by,true
8273,bg:municipality:tsarevo,served_by,true
8274,bg:municipality:tsarevo,served_by,true
8275,bg:municipality:tsarevo,served_by,true
8277,bg:municipality:tsarevo,served_by,true
8278,bg:municipality:tsarevo,served_by,true
8279,bg:municipality:tsarevo,served_by,true
8280,bg:municipality:tsarevo,served_by,true
8281,bg:municipality:tsarevo,served_by,true
8282,bg:municipality:tsarevo,served_by,true
8283,bg:municipality:tsarevo,served_by,true
8300,bg:municipality:sredets,served_by,true
8313,bg:municipality:sredets,served_by,true
8314,bg:municipality:sredets,served_by,true
8316,bg:municipality:sredets,served_by,true
8317,bg:municipality:sredets,served_by,true
8318,bg:municipality:sredets,served_by,true
8319,bg:municipality:sredets,served_by,true
8320,bg:municipality:sredets,served_by,true
8321,bg:municipality:sredets,served_by,true
8322,bg:municipality:sredets,served_by,true
8323,bg:municipality:sredets,served_by,true
8324,bg:municipality:sredets,served_by,true
8325,bg:municipality:sredets,served_by,true
8327,bg:municipality:sredets,served_by,true
8328,bg:municipality:sredets,served_by,true
8329,bg:municipality:sredets,served_by,true
8330,bg:municipality:sredets,served_by,true
8331,bg:municipality:sredets,served_by,true
8332,bg:municipality:sredets,served_by,true
8333,bg:municipality:sredets,served_by,true
8334,bg:municipality:sredets,served_by,true
8335,bg:municipality:sredets,served_by,true
8336,bg:municipality:sredets,served_by,true
8337,bg:municipality:sredets,served_by,true
8338,bg:municipality:sredets,served_by,true
8340,bg:municipality:sredets,served_by,true
8341,bg:municipality:sredets,served_by,true
8342,bg:municipality:sredets,served_by,true
8343,bg:municipality:sredets,served_by,true
8344,bg:municipality:sredets,served_by,true
8345,bg:municipality:sredets,served_by,true
8347,bg:municipality:sredets,served_by,true
8348,bg:municipality:sredets,served_by,true
8350,bg:municipality:malko-tarnovo,served_by,true
8357,bg:municipality:malko-tarnovo,served_by,true
8358,bg:municipality:malko-tarnovo,served_by,true
8359,bg:municipality:malko-tarnovo,served_by,true
8360,bg:municipality:malko-tarnovo,served_by,true
8361,bg:municipality:malko-tarnovo,served_by,true
8363,bg:municipality:malko-tarnovo,served_by,true
8364,bg:municipality:malko-tarnovo,served_by,true
8365,bg:municipality:malko-tarnovo,served_by,true
8367,bg:municipality:malko-tarnovo,served_by,true
8368,bg:municipality:malko-tarnovo,served_by,true
8369,bg:municipality:malko-tarnovo,served_by,true
8370,bg:municipality:malko-tarnovo,served_by,true
8400,bg:municipality:karnobat,served_by,true
8427,bg:municipality:karnobat,served_by,true
8428,bg:municipality:karnobat,served_by,true
8429,bg:municipality:karnobat,served_by,true
8430,bg:municipality:sungurlare,served_by,true
8431,bg:municipality:karnobat,served_by,true
8432,bg:municipality:sungurlare,served_by,true
8434,bg:municipality:sungurlare,served_by,true
8435,bg:municipality:karnobat,served_by,true
8437,bg:municipality:karnobat,served_by,true
8438,bg:municipality:karnobat,served_by,true
8439,bg:municipality:karnobat,served_by,true
8440,bg:municipality:sungurlare,served_by,true
8441,bg:municipality:sungurlare,served_by,true
8442,bg:municipality:sungurlare,served_by,true
8443,bg:municipality:sungurlare,served_by,true
8444,bg:municipality:karnobat,served_by,true
8445,bg:municipality:sungurlare,served_by,true
8446,bg:municipality:sungurlare,served_by,true
8447,bg:municipality:sungurlare,served_by,true
8448,bg:municipality:sungurlare,served_by,true
8449,bg:municipality:sungurlare,served_by,true
8450,bg:municipality:sungurlare,served_by,true
8453,bg:municipality:sungurlare,served_by,true
8455,bg:municipality:sungurlare,served_by,true
8456,bg:municipality:sungurlare,served_by,true
8457,bg:municipality:sungurlare,served_by,true
8458,bg:municipality:sungurlare,served_by,true
8459,bg:municipality:sungurlare,served_by,true
8460,bg:municipality:sungurlare,served_by,true
8461,bg:municipality:sungurlare,served_by,true
8462,bg:municipality:sungurlare,served_by,true
8463,bg:municipality:sungurlare,served_by,true
8464,bg:municipality:sungurlare,served_by,true
8465,bg:municipality:sungurlare,served_by,true
8466,bg:municipality:sungurlare,served_by,true
8467,bg:municipality:karnobat,served_by,true
8468,bg:municipality:sungurlare,served_by,true
8469,bg:municipality:sungurlare,served_by,true
8470,bg:municipality:sungurlare,served_by,true
8471,bg:municipality:sungurlare,served_by,true
8472,bg:municipality:karnobat,served_by,true
8473,bg:municipality:karnobat,served_by,true
8474,bg:municipality:karnobat,served_by,true
8475,bg:municipality:karnobat,served_by,true
8477,bg:municipality:karnobat,served_by,true
8478,bg:municipality:karnobat,served_by,true
8479,bg:municipality:karnobat,served_by,true
8480,bg:municipality:karnobat,served_by,true
8481,bg:municipality:karnobat,served_by,true
8482,bg:municipality:karnobat,served_by,true
8483,bg:municipality:karnobat,served_by,true
8484,bg:municipality:karnobat,served_by,true
8485,bg:municipality:karnobat,served_by,true
8487,bg:municipality:karnobat,served_by,true
8488,bg:municipality:karnobat,served_by,true
8489,bg:municipality:karnobat,served_by,true
8490,bg:municipality:karnobat,served_by,true
8491,bg:municipality:karnobat,served_by,true
8492,bg:municipality:karnobat,served_by,true
8493,bg:municipality:karnobat,served_by,true
8500,bg:municipality:aytos,served_by,true
8517,bg:municipality:aytos,served_by,true
8518,bg:municipality:aytos,served_by,true
8519,bg:municipality:aytos,served_by,true
8522,bg:municipality:aytos,served_by,true
8523,bg:municipality:aytos,served_by,true
8524,bg:municipality:aytos,served_by,true
8525,bg:municipality:aytos,served_by,true
8527,bg:municipality:aytos,served_by,true
8528,bg:municipality:aytos,served_by,true
8529,bg:municipality:aytos,served_by,true
8530,bg:municipality:ruen,served_by,true
8531,bg:municipality:ruen,served_by,true
8532,bg:municipality:aytos,served_by,true
8534,bg:municipality:ruen,served_by,true
8535,bg:municipality:ruen,served_by,true
8536,bg:municipality:ruen,served_by,true
8537,bg:municipality:ruen,served_by,true
8538,bg:municipality:ruen,served_by,true
8539,bg:municipality:ruen,served_by,true
8540,bg:municipality:ruen,served_by,true
8541,bg:municipality:ruen,served_by,true
8542,bg:municipality:ruen,served_by,true
8543,bg:municipality:aytos,served_by,true
8544,bg:municipality:aytos,served_by,true
8545,bg:municipality:aytos,served_by,true
8547,bg:municipality:aytos,served_by,true
8548,bg:municipality:ruen,served_by,true
8549,bg:municipality:aytos,served_by,true
8550,bg:municipality:ruen,served_by,true
8551,bg:municipality:ruen,served_by,true
8552,bg:municipality:ruen,served_by,true
8553,bg:municipality:ruen,served_by,true
8554,bg:municipality:ruen,served_by,true
8555,bg:municipality:ruen,served_by,true
8557,bg:municipality:ruen,served_by,true
8558,bg:municipality:ruen,served_by,true
8559,bg:municipality:ruen,served_by,true
8560,bg:municipality:ruen,served_by,true
8561,bg:municipality:ruen,served_by,true
8562,bg:municipality:ruen,served_by,true
8563,bg:municipality:ruen,served_by,true
8564,bg:municipality:ruen,served_by,true
8565,bg:municipality:ruen,served_by,true
8567,bg:municipality:ruen,served_by,true
8568,bg:municipality:ruen,served_by,true
8569,bg:municipality:ruen,served_by,true
8570,bg:municipality:ruen,served_by,true
8571,bg:municipality:ruen,served_by,true
8572,bg:municipality:ruen,served_by,true
8573,bg:municipality:ruen,served_by,true
8574,bg:municipality:ruen,served_by,true
8575,bg:municipality:ruen,served_by,true
8577,bg:municipality:ruen,served_by,true
8578,bg:municipality:ruen,served_by,true
8579,bg:municipality:ruen,served_by,true
8580,bg:municipality:ruen,served_by,true
8581,bg:municipality:ruen,served_by,true
8582,bg:municipality:ruen,served_by,true
8600,bg:municipality:yambol,served_by,true
8604,bg:municipality:yambol,served_by,true
8623,bg:municipality:tundzha,served_by,true
8624,bg:municipality:tundzha,served_by,true
8625,bg:municipality:tundzha,served_by,true
8627,bg:municipality:tundzha,served_by,true
8628,bg:municipality:tundzha,served_by,true
8629,bg:municipality:tundzha,served_by,true
8630,bg:municipality:tundzha,served_by,true
8631,bg:municipality:tundzha,served_by,true
8632,bg:municipality:tundzha,served_by,true
8633,bg:municipality:tundzha,served_by,true
8634,bg:municipality:tundzha,served_by,true
8635,bg:municipality:tundzha,served_by,true
8637,bg:municipality:tundzha,served_by,true
8638,bg:municipality:tundzha,served_by,true
8639,bg:municipality:tundzha,served_by,true
8640,bg:municipality:tundzha,served_by,true
8641,bg:municipality:tundzha,served_by,true
8642,bg:municipality:tundzha,served_by,true
8643,bg:municipality:tundzha,served_by,true
8644,bg:municipality:tundzha,served_by,true
8645,bg:municipality:tundzha,served_by,true
8647,bg:municipality:tundzha,served_by,true
8649,bg:municipality:tundzha,served_by,true
8650,bg:municipality:tundzha,served_by,true
8651,bg:municipality:tundzha,served_by,true
8652,bg:municipality:tundzha,served_by,true
8653,bg:municipality:straldzha,served_by,true
8654,bg:municipality:straldzha,served_by,true
8655,bg:municipality:straldzha,served_by,true
8656,bg:municipality:straldzha,served_by,true
8657,bg:municipality:tundzha,served_by,true
8658,bg:municipality:straldzha,served_by,true
8659,bg:municipality:straldzha,served_by,true
8660,bg:municipality:tundzha,served_by,true
8661,bg:municipality:straldzha,served_by,true
8663,bg:municipality:tundzha,served_by,true
8664,bg:municipality:tundzha,served_by,true
8665,bg:municipality:tundzha,served_by,true
8667,bg:municipality:tundzha,served_by,true
8668,bg:municipality:tundzha,served_by,true
8669,bg:municipality:tundzha,served_by,true
8670,bg:municipality:tundzha,served_by,true
8671,bg:municipality:tundzha,served_by,true
8672,bg:municipality:tundzha,served_by,true
8673,bg:municipality:tundzha,served_by,true
8674,bg:municipality:tundzha,served_by,true
8675,bg:municipality:tundzha,served_by,true
8677,bg:municipality:tundzha,served_by,true
8678,bg:municipality:tundzha,served_by,true
8679,bg:municipality:tundzha,served_by,true
8680,bg:municipality:straldzha,served_by,true
8683,bg:municipality:straldzha,served_by,true
8684,bg:municipality:straldzha,served_by,true
8685,bg:municipality:straldzha,served_by,true
8687,bg:municipality:straldzha,served_by,true
8688,bg:municipality:straldzha,served_by,true
8689,bg:municipality:straldzha,served_by,true
8690,bg:municipality:straldzha,served_by,true
8691,bg:municipality:straldzha,served_by,true
8692,bg:municipality:straldzha,served_by,true
8693,bg:municipality:straldzha,served_by,true
8694,bg:municipality:straldzha,served_by,true
8695,bg:municipality:straldzha,served_by,true
8697,bg:municipality:straldzha,served_by,true
8698,bg:municipality:straldzha,served_by,true
8699,bg:municipality:tundzha,served_by,true
8700,bg:municipality:elhovo,served_by,true
8717,bg:municipality:elhovo,served_by,true
8718,bg:municipality:elhovo,served_by,true
8719,bg:municipality:elhovo,served_by,true
8720,bg:municipality:bolyarovo,served_by,true
8721,bg:municipality:bolyarovo,served_by,true
8722,bg:municipality:bolyarovo,served_by,true
8723,bg:municipality:bolyarovo,served_by,true
8724,bg:municipality:elhovo,served_by,true
8725,bg:municipality:bolyarovo,served_by,true
8726,bg:municipality:bolyarovo,served_by,true
8727,bg:municipality:bolyarovo,served_by,true
8728,bg:municipality:bolyarovo,served_by,true
8729,bg:municipality:bolyarovo,served_by,true
8730,bg:municipality:elhovo,served_by,true
8731,bg:municipality:elhovo,served_by,true
8732,bg:municipality:elhovo,served_by,true
8733,bg:municipality:elhovo,served_by,true
8735,bg:municipality:bolyarovo,served_by,true
8736,bg:municipality:bolyarovo,served_by,true
8737,bg:municipality:elhovo,served_by,true
8738,bg:municipality:elhovo,served_by,true
8739,bg:municipality:elhovo,served_by,true
8740,bg:municipality:elhovo,served_by,true
8741,bg:municipality:elhovo,served_by,true
8742,bg:municipality:elhovo,served_by,true
8743,bg:municipality:bolyarovo,served_by,true
8744,bg:municipality:bolyarovo,served_by,true
8745,bg:municipality:bolyarovo,served_by,true
8746,bg:municipality:bolyarovo,served_by,true
8747,bg:municipality:elhovo,served_by,true
8748,bg:municipality:elhovo,served_by,true
8749,bg:municipality:elhovo,served_by,true
8750,bg:municipality:bolyarovo,served_by,true
8751,bg:municipality:bolyarovo,served_by,true
8752,bg:municipality:bolyarovo,served_by,true
8753,bg:municipality:bolyarovo,served_by,true
8754,bg:municipality:elhovo,served_by,true
8755,bg:municipality:elhovo,served_by,true
8756,bg:municipality:elhovo,served_by,true
8757,bg:municipality:elhovo,served_by,true
8758,bg:municipality:bolyarovo,served_by,true
8800,bg:municipality:sliven,served_by,true
8839,bg:municipality:sliven,served_by,true
8840,bg:municipality:sliven,served_by,true
8841,bg:municipality:sliven,served_by,true
8843,bg:municipality:sliven,served_by,true
8844,bg:municipality:sliven,served_by,true
8845,bg:municipality:sliven,served_by,true
8847,bg:municipality:sliven,served_by,true
8849,bg:municipality:sliven,served_by,true
8850,bg:municipality:sliven,served_by,true
8851,bg:municipality:sliven,served_by,true
8852,bg:municipality:sliven,served_by,true
8853,bg:municipality:sliven,served_by,true
8854,bg:municipality:sliven,served_by,true
8855,bg:municipality:sliven,served_by,true
8856,bg:municipality:sliven,served_by,true
8857,bg:municipality:sliven,served_by,true
8858,bg:municipality:sliven,served_by,true
8859,bg:municipality:sliven,served_by,true
8860,bg:municipality:sliven,served_by,true
8862,bg:municipality:sliven,served_by,true
8863,bg:municipality:sliven,served_by,true
8865,bg:municipality:sliven,served_by,true
8866,bg:municipality:sliven,served_by,true
8867,bg:municipality:sliven,served_by,true
8868,bg:municipality:sliven,served_by,true
8869,bg:municipality:sliven,served_by,true
8870,bg:municipality:sliven,served_by,true
8871,bg:municipality:sliven,served_by,true
8872,bg:municipality:sliven,served_by,true
8873,bg:municipality:sliven,served_by,true
8874,bg:municipality:sliven,served_by,true
8875,bg:municipality:sliven,served_by,true
8876,bg:municipality:sliven,served_by,true
8877,bg:municipality:sliven,served_by,true
8878,bg:municipality:sliven,served_by,true
8879,bg:municipality:sliven,served_by,true
8880,bg:municipality:sliven,served_by,true
8881,bg:municipality:sliven,served_by,true
8882,bg:municipality:sliven,served_by,true
8883,bg:municipality:sliven,served_by,true
8884,bg:municipality:sliven,served_by,true
8885,bg:municipality:sliven,served_by,true
8886,bg:municipality:sliven,served_by,true
8887,bg:municipality:sliven,served_by,true
8888,bg:municipality:sliven,served_by,true
8889,bg:municipality:sliven,served_by,true
8890,bg:municipality:tvarditsa,served_by,true
8892,bg:municipality:tvarditsa,served_by,true
8893,bg:municipality:tvarditsa,served_by,true
8894,bg:municipality:tvarditsa,served_by,true
8895,bg:municipality:tvarditsa,served_by,true
8896,bg:municipality:tvarditsa,served_by,true
8898,bg:municipality:tvarditsa,served_by,true
8899,bg:municipality:tvarditsa,served_by,true
8900,bg:municipality:nova-zagora,served_by,true
8914,bg:municipality:nova-zagora,served_by,true
8915,bg:municipality:nova-zagora,served_by,true
8916,bg:municipality:nova-zagora,served_by,true
8917,bg:municipality:nova-zagora,served_by,true
8918,bg:municipality:nova-zagora,served_by,true
8919,bg:municipality:nova-zagora,served_by,true
8920,bg:municipality:nova-zagora,served_by,true
8921,bg:municipality:nova-zagora,served_by,true
8923,bg:municipality:nova-zagora,served_by,true
8928,bg:municipality:nova-zagora,served_by,true
8929,bg:municipality:nova-zagora,served_by,true
8930,bg:municipality:nova-zagora,served_by,true
8933,bg:municipality:nova-zagora,served_by,true
8934,bg:municipality:nova-zagora,served_by,true
8935,bg:municipality:nova-zagora,served_by,true
8936,bg:municipality:nova-zagora,served_by,true
8937,bg:municipality:nova-zagora,served_by,true
8938,bg:municipality:nova-zagora,served_by,true
8939,bg:municipality:nova-zagora,served_by,true
8940,bg:municipality:nova-zagora,served_by,true
8941,bg:municipality:nova-zagora,served_by,true
8942,bg:municipality:nova-zagora,served_by,true
8943,bg:municipality:nova-zagora,served_by,true
8944,bg:municipality:nova-zagora,served_by,true
8945,bg:municipality:nova-zagora,served_by,true
8947,bg:municipality:nova-zagora,served_by,true
8948,bg:municipality:nova-zagora,served_by,true
8949,bg:municipality:nova-zagora,served_by,true
8953,bg:municipality:nova-zagora,served_by,true
8958,bg:municipality:nova-zagora,served_by,true
8959,bg:municipality:nova-zagora,served_by,true
8960,bg:municipality:nova-zagora,served_by,true
8961,bg:municipality:nova-zagora,served_by,true
8970,bg:municipality:kotel,served_by,true
8980,bg:municipality:kotel,served_by,true
8981,bg:municipality:kotel,served_by,true
8982,bg:municipality:kotel,served_by,true
8983,bg:municipality:kotel,served_by,true
8984,bg:municipality:kotel,served_by,true
8985,bg:municipality:kotel,served_by,true
8986,bg:municipality:kotel,served_by,true
8987,bg:municipality:kotel,served_by,true
8988,bg:municipality:kotel,served_by,true
8989,bg:municipality:kotel,served_by,true
8990,bg:municipality:kotel,served_by,true
8991,bg:municipality:kotel,served_by,true
8992,bg:municipality:kotel,served_by,true
8993,bg:municipality:kotel,served_by,true
8994,bg:municipality:kotel,served_by,true
8995,bg:municipality:kotel,served_by,true
8996,bg:municipality:kotel,served_by,true
8998,bg:municipality:kotel,served_by,true
8999,bg:municipality:kotel,served_by,true
9000,bg:municipality:varna,served_by,true
9006,bg:municipality:varna,served_by,true
9007,bg:municipality:varna,served_by,true
9100,bg:municipality:dolni-chiflik,served_by,true
9101,bg:municipality:varna:byala,served_by,true
9102,bg:municipality:varna,served_by,true
9103,bg:municipality:varna,served_by,true
9104,bg:municipality:varna:byala,served_by,true
9105,bg:municipality:dolni-chiflik,served_by,true
9106,bg:municipality:dolni-chiflik,served_by,true
9107,bg:municipality:varna:byala,served_by,true
9108,bg:municipality:varna:byala,served_by,true
9109,bg:municipality:dolni-chiflik,served_by,true
9110,bg:municipality:dolni-chiflik,served_by,true
9111,bg:municipality:dolni-chiflik,served_by,true
9112,bg:municipality:dolni-chiflik,served_by,true
9113,bg:municipality:dolni-chiflik,served_by,true
9114,bg:municipality:dolni-chiflik,served_by,true
9115,bg:municipality:dolni-chiflik,served_by,true
9116,bg:municipality:dolni-chiflik,served_by,true
9117,bg:municipality:dolni-chiflik,served_by,true
9118,bg:municipality:dolni-chiflik,served_by,true
9119,bg:municipality:dolni-chiflik,served_by,true
9120,bg:municipality:dolni-chiflik,served_by,true
9121,bg:municipality:avren,served_by,true
9122,bg:municipality:dolni-chiflik,served_by,true
9123,bg:municipality:dolni-chiflik,served_by,true
9124,bg:municipality:avren,served_by,true
9125,bg:municipality:avren,served_by,true
9126,bg:municipality:avren,served_by,true
9127,bg:municipality:avren,served_by,true
9128,bg:municipality:avren,served_by,true
9129,bg:municipality:avren,served_by,true
9130,bg:municipality:avren,served_by,true
9131,bg:municipality:avren,served_by,true
9132,bg:municipality:avren,served_by,true
9133,bg:municipality:avren,served_by,true
9134,bg:municipality:avren,served_by,true
9135,bg:municipality:avren,served_by,true
9136,bg:municipality:devnya,served_by,true
9137,bg:municipality:avren,served_by,true
9138,bg:municipality:avren,served_by,true
9139,bg:municipality:avren,served_by,true
9140,bg:municipality:varna,served_by,true
9141,bg:municipality:aksakovo,served_by,true
9142,bg:municipality:valchi-dol,served_by,true
9143,bg:municipality:aksakovo,served_by,true
9144,bg:municipality:aksakovo,served_by,true
9144,bg:municipality:suvorovo,served_by,false
9145,bg:municipality:aksakovo,served_by,true
9146,bg:municipality:aksakovo,served_by,true
9147,bg:municipality:valchi-dol,served_by,true
9148,bg:municipality:aksakovo,served_by,true
9149,bg:municipality:aksakovo,served_by,true
9150,bg:municipality:aksakovo,served_by,true
9151,bg:municipality:aksakovo,served_by,true
9152,bg:municipality:aksakovo,served_by,true
9153,bg:municipality:aksakovo,served_by,true
9154,bg:municipality:aksakovo,served_by,true
9155,bg:municipality:aksakovo,served_by,true
9156,bg:municipality:aksakovo,served_by,true
9157,bg:municipality:aksakovo,served_by,true
9158,bg:municipality:aksakovo,served_by,true
9159,bg:municipality:aksakovo,served_by,true
9160,bg:municipality:devnya,served_by,true
9168,bg:municipality:beloslav,served_by,true
9169,bg:municipality:devnya,served_by,true
9170,bg:municipality:suvorovo,served_by,true
9171,bg:municipality:suvorovo,served_by,true
9172,bg:municipality:suvorovo,served_by,true
9173,bg:municipality:suvorovo,served_by,true
9174,bg:municipality:suvorovo,served_by,true
9175,bg:municipality:suvorovo,served_by,true
9176,bg:municipality:suvorovo,served_by,true
9177,bg:municipality:suvorovo,served_by,true
9178,bg:municipality:beloslav,served_by,true
9179,bg:municipality:beloslav,served_by,true
9180,bg:municipality:varna,served_by,true
9181,bg:municipality:beloslav,served_by,true
9200,bg:municipality:provadiya,served_by,true
9216,bg:municipality:provadiya,served_by,true
9217,bg:municipality:provadiya,served_by,true
9218,bg:municipality:provadiya,served_by,true
9219,bg:municipality:provadiya,served_by,true
9220,bg:municipality:vetrino,served_by,true
9221,bg:municipality:vetrino,served_by,true
9222,bg:municipality:vetrino,served_by,true
9223,bg:municipality:vetrino,served_by,true
9224,bg:municipality:provadiya,served_by,true
9225,bg:municipality:provadiya,served_by,true
9226,bg:municipality:provadiya,served_by,true
9227,bg:municipality:vetrino,served_by,true
9228,bg:municipality:vetrino,served_by,true
9229,bg:municipality:vetrino,served_by,true
9230,bg:municipality:vetrino,served_by,true
9231,bg:municipality:vetrino,served_by,true
9232,bg:municipality:provadiya,served_by,true
9233,bg:municipality:provadiya,served_by,true
9234,bg:municipality:provadiya,served_by,true
9235,bg:municipality:provadiya,served_by,true
9237,bg:municipality:dalgopol,served_by,true
9238,bg:municipality:dalgopol,served_by,true
9239,bg:municipality:dalgopol,served_by,true
9240,bg:municipality:provadiya,served_by,true
9241,bg:municipality:provadiya,served_by,true
9242,bg:municipality:provadiya,served_by,true
9243,bg:municipality:provadiya,served_by,true
9244,bg:municipality:provadiya,served_by,true
9245,bg:municipality:dalgopol,served_by,true
9246,bg:municipality:dalgopol,served_by,true
9247,bg:municipality:provadiya,served_by,true
9250,bg:municipality:dalgopol,served_by,true
9251,bg:municipality:dalgopol,served_by,true
9252,bg:municipality:dalgopol,served_by,true
9253,bg:municipality:dalgopol,served_by,true
9254,bg:municipality:dalgopol,served_by,true
9255,bg:municipality:dalgopol,served_by,true
9257,bg:municipality:dalgopol,served_by,true
9258,bg:municipality:dalgopol,served_by,true
9259,bg:municipality:provadiya,served_by,true
9260,bg:municipality:dalgopol,served_by,true
9261,bg:municipality:dalgopol,served_by,true
9263,bg:municipality:dalgopol,served_by,true
9269,bg:municipality:provadiya,served_by,true
9273,bg:municipality:provadiya,served_by,true
9274,bg:municipality:provadiya,served_by,true
9275,bg:municipality:provadiya,served_by,true
9277,bg:municipality:provadiya,served_by,true
9278,bg:municipality:provadiya,served_by,true
9280,bg:municipality:valchi-dol,served_by,true
9281,bg:municipality:vetrino,served_by,true
9282,bg:municipality:valchi-dol,served_by,true
9283,bg:municipality:valchi-dol,served_by,true
9284,bg:municipality:valchi-dol,served_by,true
9285,bg:municipality:valchi-dol,served_by,true
9287,bg:municipality:valchi-dol,served_by,true
9288,bg:municipality:valchi-dol,served_by,true
9289,bg:municipality:valchi-dol,served_by,true
9290,bg:municipality:valchi-dol,served_by,true
9291,bg:municipality:valchi-dol,served_by,true
9292,bg:municipality:valchi-dol,served_by,true
9293,bg:municipality:valchi-dol,served_by,true
9294,bg:municipality:valchi-dol,served_by,true
9295,bg:municipality:valchi-dol,served_by,true
9297,bg:municipality:valchi-dol,served_by,true
9298,bg:municipality:valchi-dol,served_by,true
9299,bg:municipality:valchi-dol,served_by,true
9300,bg:municipality:dobrich,served_by,true
9345,bg:municipality:dobrichka,served_by,true
9347,bg:municipality:dobrichka,served_by,true
9348,bg:municipality:dobrichka,served_by,true
9349,bg:municipality:dobrichka,served_by,true
9350,bg:municipality:dobrichka,served_by,true
9351,bg:municipality:dobrichka,served_by,true
9352,bg:municipality:dobrichka,served_by,true
9353,bg:municipality:dobrichka,served_by,true
9354,bg:municipality:dobrichka,served_by,true
9355,bg:municipality:dobrichka,served_by,true
9356,bg:municipality:dobrichka,served_by,true
9357,bg:municipality:dobrichka,served_by,true
9358,bg:municipality:dobrichka,served_by,true
9359,bg:municipality:dobrichka,served_by,true
9360,bg:municipality:dobrichka,served_by,true
9361,bg:municipality:dobrichka,served_by,true
9362,bg:municipality:dobrichka,served_by,true
9363,bg:municipality:dobrichka,served_by,true
9364,bg:municipality:dobrichka,served_by,true
9365,bg:municipality:dobrichka,served_by,true
9366,bg:municipality:dobrichka,served_by,true
9367,bg:municipality:dobrichka,served_by,true
9368,bg:municipality:dobrichka,served_by,true
9369,bg:municipality:dobrichka,served_by,true
9370,bg:municipality:dobrichka,served_by,true
9371,bg:municipality:dobrichka,served_by,true
9372,bg:municipality:dobrichka,served_by,true
9373,bg:municipality:dobrichka,served_by,true
9374,bg:municipality:dobrichka,served_by,true
9375,bg:municipality:dobrichka,served_by,true
9376,bg:municipality:dobrichka,served_by,true
9377,bg:municipality:dobrichka,served_by,true
9378,bg:municipality:dobrichka,served_by,true
9379,bg:municipality:dobrichka,served_by,true
9380,bg:municipality:dobrichka,served_by,true
9381,bg:municipality:dobrichka,served_by,true
9382,bg:municipality:dobrichka,served_by,true
9383,bg:municipality:dobrichka,served_by,true
9384,bg:municipality:dobrichka,served_by,true
9385,bg:municipality:dobrichka,served_by,true
9386,bg:municipality:dobrichka,served_by,true
9387,bg:municipality:dobrichka,served_by,true
9388,bg:municipality:dobrichka,served_by,true
9389,bg:municipality:dobrichka,served_by,true
9390,bg:municipality:dobrichka,served_by,true
9391,bg:municipality:dobrichka,served_by,true
9392,bg:municipality:dobrichka,served_by,true
9393,bg:municipality:dobrichka,served_by,true
9394,bg:municipality:dobrichka,served_by,true
9395,bg:municipality:dobrichka,served_by,true
9397,bg:municipality:dobrichka,served_by,true
9398,bg:municipality:dobrichka,served_by,true
9399,bg:municipality:dobrichka,served_by,true
9401,bg:municipality:krushari,served_by,true
9402,bg:municipality:krushari,served_by,true
9403,bg:municipality:krushari,served_by,true
9404,bg:municipality:krushari,served_by,true
9405,bg:municipality:krushari,served_by,true
9407,bg:municipality:krushari,served_by,true
9408,bg:municipality:krushari,served_by,true
9409,bg:municipality:krushari,served_by,true
9410,bg:municipality:krushari,served_by,true
9411,bg:municipality:krushari,served_by,true
9412,bg:municipality:krushari,served_by,true
9413,bg:municipality:krushari,served_by,true
9414,bg:municipality:krushari,served_by,true
9415,bg:municipality:krushari,served_by,true
9417,bg:municipality:dobrichka,served_by,true
9418,bg:municipality:dobrichka,served_by,true
9419,bg:municipality:krushari,served_by,true
9420,bg:municipality:krushari,served_by,true
9421,bg:municipality:krushari,served_by,true
9422,bg:municipality:krushari,served_by,true
9423,bg:municipality:krushari,served_by,true
9424,bg:municipality:dobrichka,served_by,true
9425,bg:municipality:dobrichka,served_by,true
9427,bg:municipality:dobrichka,served_by,true
9428,bg:municipality:dobrichka,served_by,true
9429,bg:municipality:dobrichka,served_by,true
9430,bg:municipality:dobrichka,served_by,true
9431,bg:municipality:dobrichka,served_by,true
9432,bg:municipality:dobrichka,served_by,true
9433,bg:municipality:dobrichka,served_by,true
9434,bg:municipality:dobrichka,served_by,true
9435,bg:municipality:dobrichka,served_by,true
9450,bg:municipality:tervel,served_by,true
9469,bg:municipality:tervel,served_by,true
9471,bg:municipality:tervel,served_by,true
9472,bg:municipality:tervel,served_by,true
9473,bg:municipality:tervel,served_by,true
9474,bg:municipality:tervel,served_by,true
9475,bg:municipality:tervel,served_by,true
9477,bg:municipality:tervel,served_by,true
9478,bg:municipality:tervel,served_by,true
9479,bg:municipality:tervel,served_by,true
9480,bg:municipality:tervel,served_by,true
9481,bg:municipality:tervel,served_by,true
9482,bg:municipality:tervel,served_by,true
9483,bg:municipality:tervel,served_by,true
9484,bg:municipality:tervel,served_by,true
9485,bg:municipality:tervel,served_by,true
9486,bg:municipality:tervel,served_by,true
9487,bg:municipality:tervel,served_by,true
9488,bg:municipality:tervel,served_by,true
9490,bg:municipality:tervel,served_by,true
9491,bg:municipality:tervel,served_by,true
9492,bg:municipality:tervel,served_by,true
9493,bg:municipality:tervel,served_by,true
9497,bg:municipality:tervel,served_by,true
9498,bg:municipality:tervel,served_by,true
9499,bg:municipality:tervel,served_by,true
9500,bg:municipality:general-toshevo,served_by,true
9521,bg:municipality:general-toshevo,served_by,true
9522,bg:municipality:general-toshevo,served_by,true
9523,bg:municipality:general-toshevo,served_by,true
9524,bg:municipality:general-toshevo,served_by,true
9525,bg:municipality:general-toshevo,served_by,true
9527,bg:municipality:general-toshevo,served_by,true
9528,bg:municipality:general-toshevo,served_by,true
9529,bg:municipality:general-toshevo,served_by,true
9530,bg:municipality:general-toshevo,served_by,true
9531,bg:municipality:general-toshevo,served_by,true
9532,bg:municipality:general-toshevo,served_by,true
9533,bg:municipality:general-toshevo,served_by,true
9534,bg:municipality:general-toshevo,served_by,true
9535,bg:municipality:general-toshevo,served_by,true
9537,bg:municipality:general-toshevo,served_by,true
9538,bg:municipality:general-toshevo,served_by,true
9540,bg:municipality:general-toshevo,served_by,true
9541,bg:municipality:general-toshevo,served_by,true
9543,bg:municipality:general-toshevo,served_by,true
9544,bg:municipality:general-toshevo,served_by,true
9546,bg:municipality:general-toshevo,served_by,true
9547,bg:municipality:general-toshevo,served_by,true
9548,bg:municipality:general-toshevo,served_by,true
9549,bg:municipality:general-toshevo,served_by,true
9550,bg:municipality:general-toshevo,served_by,true
9551,bg:municipality:general-toshevo,served_by,true
9552,bg:municipality:general-toshevo,served_by,true
9553,bg:municipality:general-toshevo,served_by,true
9554,bg:municipality:general-toshevo,served_by,true
9555,bg:municipality:general-toshevo,served_by,true
9557,bg:municipality:general-toshevo,served_by,true
9558,bg:municipality:general-toshevo,served_by,true
9559,bg:municipality:general-toshevo,served_by,true
9560,bg:municipality:general-toshevo,served_by,true
9561,bg:municipality:general-toshevo,served_by,true
9562,bg:municipality:general-toshevo,served_by,true
9563,bg:municipality:general-toshevo,served_by,true
9564,bg:municipality:general-toshevo,served_by,true
9565,bg:municipality:general-toshevo,served_by,true
9567,bg:municipality:general-toshevo,served_by,true
9600,bg:municipality:balchik,served_by,true
9614,bg:municipality:balchik,served_by,true
9615,bg:municipality:balchik,served_by,true
9616,bg:municipality:balchik,served_by,true
9617,bg:municipality:balchik,served_by,true
9618,bg:municipality:balchik,served_by,true
9619,bg:municipality:balchik,served_by,true
9620,bg:municipality:balchik,served_by,true
9630,bg:municipality:balchik,served_by,true
9631,bg:municipality:balchik,served_by,true
9632,bg:municipality:balchik,served_by,true
9633,bg:municipality:balchik,served_by,true
9634,bg:municipality:balchik,served_by,true
9635,bg:municipality:balchik,served_by,true
9637,bg:municipality:balchik,served_by,true
9638,bg:municipality:balchik,served_by,true
9639,bg:municipality:balchik,served_by,true
9640,bg:municipality:balchik,served_by,true
9641,bg:municipality:balchik,served_by,true
9643,bg:municipality:balchik,served_by,true
9644,bg:municipality:balchik,served_by,true
9645,bg:municipality:balchik,served_by,true
9647,bg:municipality:balchik,served_by,true
9649,bg:municipality:balchik,served_by,true
9650,bg:municipality:kavarna,served_by,true
9654,bg:municipality:kavarna,served_by,true
9655,bg:municipality:kavarna,served_by,true
9656,bg:municipality:kavarna,served_by,true
9657,bg:municipality:kavarna,served_by,true
9658,bg:municipality:kavarna,served_by,true
9659,bg:municipality:kavarna,served_by,true
9660,bg:municipality:kavarna,served_by,true
9661,bg:municipality:kavarna,served_by,true
9662,bg:municipality:kavarna,served_by,true
9663,bg:municipality:kavarna,served_by,true
9664,bg:municipality:kavarna,served_by,true
9665,bg:municipality:kavarna,served_by,true
9666,bg:municipality:kavarna,served_by,true
9667,bg:municipality:kavarna,served_by,true
9668,bg:municipality:kavarna,served_by,true
9669,bg:municipality:shabla,served_by,true
9670,bg:municipality:shabla,served_by,true
9671,bg:municipality:shabla,served_by,true
9672,bg:municipality:shabla,served_by,true
9673,bg:municipality:shabla,served_by,true
9674,bg:municipality:shabla,served_by,true
9675,bg:municipality:shabla,served_by,true
9677,bg:municipality:shabla,served_by,true
9678,bg:municipality:shabla,served_by,true
9679,bg:municipality:shabla,served_by,true
9680,bg:municipality:shabla,served_by,true
9684,bg:municipality:shabla,served_by,true
9685,bg:municipality:shabla,served_by,true
9687,bg:municipality:shabla,served_by,true
9688,bg:municipality:shabla,served_by,true
9689,bg:municipality:shabla,served_by,true
9690,bg:municipality:kavarna,served_by,true
9691,bg:municipality:kavarna,served_by,true
9692,bg:municipality:kavarna,served_by,true
9693,bg:municipality:kavarna,served_by,true
9694,bg:municipality:kavarna,served_by,true
9695,bg:municipality:kavarna,served_by,true
9700,bg:municipality:shumen,served_by,true
9745,bg:municipality:shumen,served_by,true
9746,bg:municipality:shumen,served_by,true
9747,bg:municipality:shumen,served_by,true
9748,bg:municipality:shumen,served_by,true
9751,bg:municipality:venets,served_by,true
9752,bg:municipality:venets,served_by,true
9753,bg:municipality:venets,served_by,true
9754,bg:municipality:venets,served_by,true
9756,bg:municipality:venets,served_by,true
9764,bg:municipality:hitrino,served_by,true
9765,bg:municipality:hitrino,served_by,true
9767,bg:municipality:hitrino,served_by,true
9768,bg:municipality:hitrino,served_by,true
9769,bg:municipality:hitrino,served_by,true
9770,bg:municipality:venets,served_by,true
9771,bg:municipality:venets,served_by,true
9772,bg:municipality:venets,served_by,true
9773,bg:municipality:hitrino,served_by,true
9774,bg:municipality:venets,served_by,true
9777,bg:municipality:venets,served_by,true
9778,bg:municipality:venets,served_by,true
9779,bg:municipality:venets,served_by,true
9780,bg:municipality:hitrino,served_by,true
9781,bg:municipality:hitrino,served_by,true
9782,bg:municipality:hitrino,served_by,true
9783,bg:municipality:hitrino,served_by,true
9784,bg:municipality:hitrino,served_by,true
9785,bg:municipality:hitrino,served_by,true
9787,bg:municipality:hitrino,served_by,true
9788,bg:municipality:venets,served_by,true
9789,bg:municipality:hitrino,served_by,true
9790,bg:municipality:hitrino,served_by,true
9791,bg:municipality:hitrino,served_by,true
9792,bg:municipality:hitrino,served_by,true
9793,bg:municipality:shumen,served_by,true
9794,bg:municipality:hitrino,served_by,true
9795,bg:municipality:hitrino,served_by,true
9797,bg:municipality:hitrino,served_by,true
9798,bg:municipality:shumen,served_by,true
9799,bg:municipality:shumen,served_by,true
9801,bg:municipality:shumen,served_by,true
9802,bg:municipality:shumen,served_by,true
9803,bg:municipality:shumen,served_by,true
9804,bg:municipality:shumen,served_by,true
9805,bg:municipality:shumen,served_by,true
9806,bg:municipality:shumen,served_by,true
9807,bg:municipality:shumen,served_by,true
9808,bg:municipality:shumen,served_by,true
9809,bg:municipality:shumen,served_by,true
9810,bg:municipality:shumen,served_by,true
9811,bg:municipality:shumen,served_by,true
9812,bg:municipality:shumen,served_by,true
9813,bg:municipality:shumen,served_by,true
9814,bg:municipality:shumen,served_by,true
9815,bg:municipality:shumen,served_by,true
9816,bg:municipality:shumen,served_by,true
9817,bg:municipality:shumen,served_by,true
9818,bg:municipality:shumen,served_by,true
9820,bg:municipality:smyadovo,served_by,true
9821,bg:municipality:smyadovo,served_by,true
9823,bg:municipality:smyadovo,served_by,true
9824,bg:municipality:smyadovo,served_by,true
9825,bg:municipality:smyadovo,served_by,true
9826,bg:municipality:smyadovo,served_by,true
9827,bg:municipality:smyadovo,served_by,true
9828,bg:municipality:smyadovo,served_by,true
9829,bg:municipality:smyadovo,served_by,true
9830,bg:municipality:smyadovo,served_by,true
9850,bg:municipality:veliki-preslav,served_by,true
9859,bg:municipality:veliki-preslav,served_by,true
9860,bg:municipality:veliki-preslav,served_by,true
9861,bg:municipality:veliki-preslav,served_by,true
9862,bg:municipality:veliki-preslav,served_by,true
9863,bg:municipality:veliki-preslav,served_by,true
9864,bg:municipality:veliki-preslav,served_by,true
9865,bg:municipality:varbitsa,served_by,true
9867,bg:municipality:varbitsa,served_by,true
9868,bg:municipality:varbitsa,served_by,true
9869,bg:municipality:varbitsa,served_by,true
9870,bg:municipality:varbitsa,served_by,true
9871,bg:municipality:varbitsa,served_by,true
9872,bg:municipality:varbitsa,served_by,true
9873,bg:municipality:varbitsa,served_by,true
9874,bg:municipality:varbitsa,served_by,true
9875,bg:municipality:varbitsa,served_by,true
9877,bg:municipality:veliki-preslav,served_by,true
9878,bg:municipality:veliki-preslav,served_by,true
9879,bg:municipality:veliki-preslav,served_by,true
9880,bg:municipality:veliki-preslav,served_by,true
9881,bg:municipality:veliki-preslav,served_by,true
9882,bg:municipality:varbitsa,served_by,true
9883,bg:municipality:varbitsa,served_by,true
9884,bg:municipality:varbitsa,served_by,true
9885,bg:municipality:varbitsa,served_by,true
9887,bg:municipality:varbitsa,served_by,true
9888,bg:municipality:varbitsa,served_by,true
9900,bg:municipality:novi-pazar,served_by,true
9917,bg:municipality:novi-pazar,served_by,true
9918,bg:municipality:novi-pazar,served_by,true
9919,bg:municipality:novi-pazar,served_by,true
9920,bg:municipality:kaspichan,served_by,true
9921,bg:municipality:novi-pazar,served_by,true
9922,bg:municipality:novi-pazar,served_by,true
9923,bg:municipality:novi-pazar,served_by,true
9924,bg:municipality:novi-pazar,served_by,true
9925,bg:municipality:novi-pazar,served_by,true
9927,bg:municipality:novi-pazar,served_by,true
9928,bg:municipality:novi-pazar,served_by,true
9929,bg:municipality:novi-pazar,served_by,true
9930,bg:municipality:kaspichan,served_by,true
9931,bg:municipality:kaspichan,served_by,true
9932,bg:municipality:kaspichan,served_by,true
9934,bg:municipality:novi-pazar,served_by,true
9935,bg:municipality:nikola-kozlevo,served_by,true
9937,bg:municipality:nikola-kozlevo,served_by,true
9938,bg:municipality:nikola-kozlevo,served_by,true
9939,bg:municipality:nikola-kozlevo,served_by,true
9940,bg:municipality:nikola-kozlevo,served_by,true
9941,bg:municipality:nikola-kozlevo,served_by,true
9942,bg:municipality:nikola-kozlevo,served_by,true
9943,bg:municipality:kaspichan,served_by,true
9944,bg:municipality:kaspichan,served_by,true
9945,bg:municipality:novi-pazar,served_by,true
9947,bg:municipality:kaolinovo,served_by,true
9948,bg:municipality:kaolinovo,served_by,true
9949,bg:municipality:kaolinovo,served_by,true
9950,bg:municipality:kaolinovo,served_by,true
9951,bg:municipality:kaolinovo,served_by,true
9952,bg:municipality:hitrino,served_by,true
9953,bg:municipality:kaolinovo,served_by,true
9954,bg:municipality:nikola-kozlevo,served_by,true
9955,bg:municipality:nikola-kozlevo,served_by,true
9957,bg:municipality:nikola-kozlevo,served_by,true
9958,bg:municipality:novi-pazar,served_by,true
9959,bg:municipality:novi-pazar,served_by,true
9960,bg:municipality:kaolinovo,served_by,true
9961,bg:municipality:kaolinovo,served_by,true
9962,bg:municipality:kaolinovo,served_by,true
9963,bg:municipality:nikola-kozlevo,served_by,true
9964,bg:municipality:kaolinovo,served_by,true
9965,bg:municipality:kaolinovo,served_by,true
9966,bg:municipality:kaolinovo,served_by,true
9967,bg:municipality:kaolinovo,served_by,true
9968,bg:municipality:kaolinovo,served_by,true
9969,bg:municipality:kaolinovo,served_by,true
9970,bg:municipality:kaolinovo,served_by,true
9971,bg:municipality:shumen,served_by,true
9972,bg:municipality:kaspichan,served_by,true
9973,bg:municipality:kaspichan,served_by,true
9974,bg:municipality:kaspichan,served_by,true
