postcode,area_source_id,relationship_type,is_primary
010000,cn:prefecture_city:hohhot,served_by,true
010100,cn:prefecture_city:hohhot,served_by,true
010200,cn:prefecture_city:hohhot,served_by,true
010300,cn:prefecture_city:ordos,served_by,true
011100,cn:league:xilingol,served_by,true
011200,cn:league:xilingol,served_by,true
011300,cn:league:xilingol,served_by,true
011500,cn:prefecture_city:hohhot,served_by,true
011600,cn:prefecture_city:hohhot,served_by,true
011700,cn:prefecture_city:hohhot,served_by,true
011800,cn:prefecture_city:ulanqab,served_by,true
012000,cn:prefecture_city:ulanqab,served_by,true
012100,cn:prefecture_city:ulanqab,served_by,true
012200,cn:prefecture_city:ulanqab,served_by,true
012300,cn:prefecture_city:ulanqab,served_by,true
012400,cn:prefecture_city:ulanqab,served_by,true
013200,cn:league:xilingol,served_by,true
013300,cn:prefecture_city:ulanqab,served_by,true
013400,cn:prefecture_city:ulanqab,served_by,true
013500,cn:prefecture_city:ulanqab,served_by,true
013600,cn:prefecture_city:ulanqab,served_by,true
013700,cn:prefecture_city:ulanqab,served_by,true
014000,cn:prefecture_city:baotou,served_by,true
014100,cn:prefecture_city:baotou,served_by,true
014200,cn:prefecture_city:baotou,served_by,true
014300,cn:prefecture_city:ordos,served_by,true
014400,cn:prefecture_city:bayannur,served_by,true
014500,cn:prefecture_city:baotou,served_by,true
015000,cn:prefecture_city:bayannur,served_by,true
015100,cn:prefecture_city:bayannur,served_by,true
015200,cn:prefecture_city:bayannur,served_by,true
015300,cn:prefecture_city:bayannur,served_by,true
015400,cn:prefecture_city:ordos,served_by,true
015500,cn:prefecture_city:bayannur,served_by,true
016000,cn:prefecture_city:wuhai,served_by,true
016100,cn:prefecture_city:ordos,served_by,true
016200,cn:prefecture_city:ordos,served_by,true
017000,cn:prefecture_city:ordos,served_by,true
017200,cn:prefecture_city:ordos,served_by,true
017300,cn:prefecture_city:ordos,served_by,true
017400,cn:prefecture_city:ordos,served_by,true
021000,cn:prefecture_city:hulunbuir,served_by,true
021100,cn:prefecture_city:hulunbuir,served_by,true
021200,cn:prefecture_city:hulunbuir,served_by,true
021300,cn:prefecture_city:hulunbuir,served_by,true
021400,cn:prefecture_city:hulunbuir,served_by,true
021500,cn:prefecture_city:hulunbuir,served_by,true
022100,cn:prefecture_city:hulunbuir,served_by,true
022200,cn:prefecture_city:hulunbuir,served_by,true
022300,cn:prefecture_city:hulunbuir,served_by,true
022400,cn:prefecture_city:hulunbuir,served_by,true
024000,cn:prefecture_city:chifeng,served_by,true
024200,cn:prefecture_city:chifeng,served_by,true
024300,cn:prefecture_city:chifeng,served_by,true
024400,cn:prefecture_city:chifeng,served_by,true
024500,cn:prefecture_city:chifeng,served_by,true
025100,cn:prefecture_city:chifeng,served_by,true
025200,cn:prefecture_city:chifeng,served_by,true
025300,cn:prefecture_city:chifeng,served_by,true
025400,cn:prefecture_city:chifeng,served_by,true
025500,cn:prefecture_city:chifeng,served_by,true
026000,cn:league:xilingol,served_by,true
026100,cn:league:xilingol,served_by,true
026200,cn:league:xilingol,served_by,true
026300,cn:league:xilingol,served_by,true
027000,cn:league:xilingol,served_by,true
027100,cn:league:xilingol,served_by,true
027200,cn:league:xilingol,served_by,true
027300,cn:league:xilingol,served_by,true
028000,cn:prefecture_city:tongliao,served_by,true
028100,cn:prefecture_city:tongliao,served_by,true
028200,cn:prefecture_city:tongliao,served_by,true
028300,cn:prefecture_city:tongliao,served_by,true
028400,cn:prefecture_city:tongliao,served_by,true
029100,cn:prefecture_city:tongliao,served_by,true
029200,cn:prefecture_city:tongliao,served_by,true
029300,cn:prefecture_city:tongliao,served_by,true
030000,cn:prefecture_city:taiyuan,served_by,true
030100,cn:prefecture_city:taiyuan,served_by,true
030200,cn:prefecture_city:taiyuan,served_by,true
030300,cn:prefecture_city:taiyuan,served_by,true
030400,cn:prefecture_city:taiyuan,served_by,true
030500,cn:prefecture_city:luliang,served_by,true
030600,cn:prefecture_city:jinzhong,served_by,true
030800,cn:prefecture_city:jinzhong,served_by,true
030900,cn:prefecture_city:jinzhong,served_by,true
031100,cn:prefecture_city:jinzhong,served_by,true
031200,cn:prefecture_city:jinzhong,served_by,true
031300,cn:prefecture_city:jinzhong,served_by,true
031400,cn:prefecture_city:linfen,served_by,true
031500,cn:prefecture_city:linfen,served_by,true
031600,cn:prefecture_city:linfen,served_by,true
031700,cn:prefecture_city:jinzhong,served_by,true
031800,cn:prefecture_city:jinzhong,served_by,true
032100,cn:prefecture_city:luliang,served_by,true
032200,cn:prefecture_city:luliang,served_by,true
032300,cn:prefecture_city:luliang,served_by,true
032400,cn:prefecture_city:luliang,served_by,true
032500,cn:prefecture_city:luliang,served_by,true
032600,cn:prefecture_city:jinzhong,served_by,true
033000,cn:prefecture_city:luliang,served_by,true
033100,cn:prefecture_city:luliang,served_by,true
033200,cn:prefecture_city:luliang,served_by,true
033300,cn:prefecture_city:luliang,served_by,true
033400,cn:prefecture_city:luliang,served_by,true
034000,cn:prefecture_city:xinzhou,served_by,true
034100,cn:prefecture_city:xinzhou,served_by,true
034200,cn:prefecture_city:xinzhou,served_by,true
034300,cn:prefecture_city:xinzhou,served_by,true
034400,cn:prefecture_city:datong,served_by,true
035100,cn:prefecture_city:xinzhou,served_by,true
035200,cn:prefecture_city:luliang,served_by,true
035300,cn:prefecture_city:luliang,served_by,true
035400,cn:prefecture_city:xinzhou,served_by,true
035500,cn:prefecture_city:xinzhou,served_by,true
036000,cn:prefecture_city:shuozhou,served_by,true
036100,cn:prefecture_city:xinzhou,served_by,true
036200,cn:prefecture_city:xinzhou,served_by,true
036300,cn:prefecture_city:xinzhou,served_by,true
036400,cn:prefecture_city:xinzhou,served_by,true
036500,cn:prefecture_city:xinzhou,served_by,true
036600,cn:prefecture_city:xinzhou,served_by,true
036700,cn:prefecture_city:xinzhou,served_by,true
036800,cn:prefecture_city:shuozhou,served_by,true
037000,cn:prefecture_city:datong,served_by,true
037100,cn:prefecture_city:datong,served_by,true
037200,cn:prefecture_city:shuozhou,served_by,true
037300,cn:prefecture_city:datong,served_by,true
037400,cn:prefecture_city:datong,served_by,true
037500,cn:prefecture_city:datong,served_by,true
037600,cn:prefecture_city:shuozhou,served_by,true
038100,cn:prefecture_city:datong,served_by,true
038200,cn:prefecture_city:datong,served_by,true
038300,cn:prefecture_city:jinzhong,served_by,true
038400,cn:prefecture_city:shuozhou,served_by,true
040000,cn:prefecture_city:linfen,served_by,true
041200,cn:prefecture_city:linfen,served_by,true
041300,cn:prefecture_city:linfen,served_by,true
041400,cn:prefecture_city:linfen,served_by,true
041500,cn:prefecture_city:linfen,served_by,true
042100,cn:prefecture_city:linfen,served_by,true
042200,cn:prefecture_city:linfen,served_by,true
042300,cn:prefecture_city:linfen,served_by,true
042400,cn:prefecture_city:linfen,served_by,true
042500,cn:prefecture_city:linfen,served_by,true
042600,cn:prefecture_city:linfen,served_by,true
043000,cn:prefecture_city:linfen,served_by,true
043100,cn:prefecture_city:yuncheng,served_by,true
043200,cn:prefecture_city:yuncheng,served_by,true
043300,cn:prefecture_city:yuncheng,served_by,true
043400,cn:prefecture_city:linfen,served_by,true
043500,cn:prefecture_city:linfen,served_by,true
043600,cn:prefecture_city:yuncheng,served_by,true
043700,cn:prefecture_city:yuncheng,served_by,true
043800,cn:prefecture_city:yuncheng,served_by,true
044000,cn:prefecture_city:yuncheng,served_by,true
044100,cn:prefecture_city:yuncheng,served_by,true
044200,cn:prefecture_city:yuncheng,served_by,true
044300,cn:prefecture_city:shuozhou,served_by,true
044400,cn:prefecture_city:yuncheng,served_by,true
044500,cn:prefecture_city:yuncheng,served_by,true
044600,cn:prefecture_city:yuncheng,served_by,true
045000,cn:prefecture_city:yangquan,served_by,true
045100,cn:prefecture_city:yangquan,served_by,true
045200,cn:prefecture_city:yangquan,served_by,true
045300,cn:prefecture_city:jinzhong,served_by,true
046000,cn:prefecture_city:changzhi,served_by,true
046100,cn:prefecture_city:changzhi,served_by,true
046200,cn:prefecture_city:changzhi,served_by,true
046300,cn:prefecture_city:changzhi,served_by,true
046400,cn:prefecture_city:changzhi,served_by,true
046500,cn:prefecture_city:changzhi,served_by,true
046600,cn:prefecture_city:changzhi,served_by,true
047500,cn:prefecture_city:changzhi,served_by,true
048000,cn:prefecture_city:jincheng,served_by,true
048100,cn:prefecture_city:jincheng,served_by,true
048200,cn:prefecture_city:jincheng,served_by,true
048400,cn:prefecture_city:jincheng,served_by,true
050000,cn:prefecture_city:shijiazhuang,served_by,true
050100,cn:prefecture_city:shijiazhuang,served_by,true
050200,cn:prefecture_city:shijiazhuang,served_by,true
050300,cn:prefecture_city:shijiazhuang,served_by,true
050400,cn:prefecture_city:shijiazhuang,served_by,true
050500,cn:prefecture_city:shijiazhuang,served_by,true
050600,cn:prefecture_city:shijiazhuang,served_by,true
050700,cn:prefecture_city:shijiazhuang,served_by,true
050800,cn:prefecture_city:shijiazhuang,served_by,true
051100,cn:prefecture_city:shijiazhuang,served_by,true
051200,cn:prefecture_city:shijiazhuang,served_by,true
051300,cn:prefecture_city:shijiazhuang,served_by,true
051400,cn:prefecture_city:shijiazhuang,served_by,true
051500,cn:prefecture_city:shijiazhuang,served_by,true
051600,cn:prefecture_city:xingtai,served_by,true
051700,cn:prefecture_city:xingtai,served_by,true
051800,cn:prefecture_city:xingtai,served_by,true
052100,cn:prefecture_city:shijiazhuang,served_by,true
052200,cn:prefecture_city:shijiazhuang,served_by,true
052300,cn:prefecture_city:shijiazhuang,served_by,true
052400,cn:prefecture_city:shijiazhuang,served_by,true
052500,cn:prefecture_city:shijiazhuang,served_by,true
052600,cn:prefecture_city:hengshui,served_by,true
052700,cn:prefecture_city:hengshui,served_by,true
052800,cn:prefecture_city:hengshui,served_by,true
053000,cn:prefecture_city:hengshui,served_by,true
053100,cn:prefecture_city:hengshui,served_by,true
053200,cn:prefecture_city:hengshui,served_by,true
053300,cn:prefecture_city:hengshui,served_by,true
053400,cn:prefecture_city:hengshui,served_by,true
053500,cn:prefecture_city:hengshui,served_by,true
054000,cn:prefecture_city:xingtai,served_by,true
054100,cn:prefecture_city:xingtai,served_by,true
054200,cn:prefecture_city:xingtai,served_by,true
054300,cn:prefecture_city:xingtai,served_by,true
054400,cn:prefecture_city:xingtai,served_by,true
054500,cn:prefecture_city:xingtai,served_by,true
054600,cn:prefecture_city:xingtai,served_by,true
054700,cn:prefecture_city:xingtai,served_by,true
054800,cn:prefecture_city:xingtai,served_by,true
055100,cn:prefecture_city:xingtai,served_by,true
055200,cn:prefecture_city:xingtai,served_by,true
055300,cn:prefecture_city:xingtai,served_by,true
055400,cn:prefecture_city:xingtai,served_by,true
056000,cn:prefecture_city:handan,served_by,true
056200,cn:prefecture_city:handan,served_by,true
056300,cn:prefecture_city:handan,served_by,true
056400,cn:prefecture_city:handan,served_by,true
056500,cn:prefecture_city:handan,served_by,true
056600,cn:prefecture_city:handan,served_by,true
056700,cn:prefecture_city:handan,served_by,true
056800,cn:prefecture_city:xingtai,served_by,true
056900,cn:prefecture_city:handan,served_by,true
057100,cn:prefecture_city:handan,served_by,true
057200,cn:prefecture_city:handan,served_by,true
057300,cn:prefecture_city:handan,served_by,true
057400,cn:prefecture_city:handan,served_by,true
057500,cn:prefecture_city:handan,served_by,true
057600,cn:prefecture_city:handan,served_by,true
057700,cn:prefecture_city:handan,served_by,true
057800,cn:prefecture_city:xingtai,served_by,true
061000,cn:prefecture_city:cangzhou,served_by,true
061100,cn:prefecture_city:cangzhou,served_by,true
061200,cn:prefecture_city:cangzhou,served_by,true
061300,cn:prefecture_city:cangzhou,served_by,true
061400,cn:prefecture_city:cangzhou,served_by,true
061500,cn:prefecture_city:cangzhou,served_by,true
061600,cn:prefecture_city:cangzhou,served_by,true
061700,cn:prefecture_city:hengshui,served_by,true
061800,cn:prefecture_city:cangzhou,served_by,true
062100,cn:prefecture_city:cangzhou,served_by,true
062200,cn:prefecture_city:cangzhou,served_by,true
062300,cn:prefecture_city:cangzhou,served_by,true
062400,cn:prefecture_city:cangzhou,served_by,true
062500,cn:prefecture_city:cangzhou,served_by,true
063000,cn:prefecture_city:tangshan,served_by,true
063100,cn:prefecture_city:tangshan,served_by,true
063200,cn:prefecture_city:tangshan,served_by,true
063300,cn:prefecture_city:tangshan,served_by,true
063500,cn:prefecture_city:tangshan,served_by,true
063600,cn:prefecture_city:tangshan,served_by,true
063700,cn:prefecture_city:tangshan,served_by,true
064000,cn:prefecture_city:tangshan,served_by,true
064100,cn:prefecture_city:tangshan,served_by,true
064200,cn:prefecture_city:tangshan,served_by,true
064400,cn:prefecture_city:tangshan,served_by,true
065000,cn:prefecture_city:langfang,served_by,true
066000,cn:prefecture_city:qinhuangdao,served_by,true
066100,cn:prefecture_city:qinhuangdao,served_by,true
066200,cn:prefecture_city:qinhuangdao,served_by,true
066300,cn:prefecture_city:qinhuangdao,served_by,true
066400,cn:prefecture_city:qinhuangdao,served_by,true
066500,cn:prefecture_city:qinhuangdao,served_by,true
066600,cn:prefecture_city:qinhuangdao,served_by,true
067000,cn:prefecture_city:chengde,served_by,true
067100,cn:prefecture_city:chengde,served_by,true
067200,cn:prefecture_city:chengde,served_by,true
067300,cn:prefecture_city:chengde,served_by,true
067400,cn:prefecture_city:chengde,served_by,true
067500,cn:prefecture_city:chengde,served_by,true
067600,cn:prefecture_city:chengde,served_by,true
068100,cn:prefecture_city:chengde,served_by,true
068200,cn:prefecture_city:chengde,served_by,true
068300,cn:prefecture_city:chengde,served_by,true
068400,cn:prefecture_city:chengde,served_by,true
071000,cn:prefecture_city:baoding,served_by,true
071100,cn:prefecture_city:baoding,served_by,true
071200,cn:prefecture_city:baoding,served_by,true
071300,cn:prefecture_city:baoding,served_by,true
071400,cn:prefecture_city:baoding,served_by,true
071500,cn:prefecture_city:baoding,served_by,true
071600,cn:prefecture_city:baoding,served_by,true
071700,cn:prefecture_city:baoding,served_by,true
071800,cn:prefecture_city:baoding,served_by,true
072100,cn:prefecture_city:baoding,served_by,true
072200,cn:prefecture_city:baoding,served_by,true
072300,cn:prefecture_city:baoding,served_by,true
072400,cn:prefecture_city:baoding,served_by,true
072500,cn:prefecture_city:baoding,served_by,true
072600,cn:prefecture_city:baoding,served_by,true
072700,cn:prefecture_city:baoding,served_by,true
073000,cn:prefecture_city:baoding,served_by,true
073100,cn:prefecture_city:baoding,served_by,true
073200,cn:prefecture_city:baoding,served_by,true
074000,cn:prefecture_city:baoding,served_by,true
074100,cn:prefecture_city:baoding,served_by,true
074200,cn:prefecture_city:baoding,served_by,true
075000,cn:prefecture_city:zhangjiakou,served_by,true
075100,cn:prefecture_city:zhangjiakou,served_by,true
075200,cn:prefecture_city:zhangjiakou,served_by,true
075300,cn:prefecture_city:zhangjiakou,served_by,true
075400,cn:prefecture_city:zhangjiakou,served_by,true
075500,cn:prefecture_city:zhangjiakou,served_by,true
075600,cn:prefecture_city:zhangjiakou,served_by,true
075700,cn:prefecture_city:zhangjiakou,served_by,true
075800,cn:prefecture_city:zhangjiakou,served_by,true
076100,cn:prefecture_city:zhangjiakou,served_by,true
076200,cn:prefecture_city:zhangjiakou,served_by,true
076300,cn:prefecture_city:zhangjiakou,served_by,true
076400,cn:prefecture_city:zhangjiakou,served_by,true
076500,cn:prefecture_city:zhangjiakou,served_by,true
076600,cn:prefecture_city:zhangjiakou,served_by,true
076700,cn:prefecture_city:zhangjiakou,served_by,true
100000,cn:municipality:beijing,served_by,true
101100,cn:municipality:beijing,served_by,true
101200,cn:municipality:beijing,served_by,true
101300,cn:municipality:beijing,served_by,true
101400,cn:municipality:beijing,served_by,true
101500,cn:municipality:beijing,served_by,true
102100,cn:municipality:beijing,served_by,true
102200,cn:municipality:beijing,served_by,true
102300,cn:municipality:beijing,served_by,true
102400,cn:municipality:beijing,served_by,true
102600,cn:municipality:beijing,served_by,true
110000,cn:prefecture_city:shenyang,served_by,true
110200,cn:prefecture_city:shenyang,served_by,true
110300,cn:prefecture_city:shenyang,served_by,true
110400,cn:prefecture_city:shenyang,served_by,true
110500,cn:prefecture_city:shenyang,served_by,true
111000,cn:prefecture_city:liaoyang,served_by,true
111200,cn:prefecture_city:liaoyang,served_by,true
111300,cn:prefecture_city:liaoyang,served_by,true
112000,cn:prefecture_city:tieling,served_by,true
112300,cn:prefecture_city:tieling,served_by,true
112400,cn:prefecture_city:tieling,served_by,true
112500,cn:prefecture_city:tieling,served_by,true
112600,cn:prefecture_city:tieling,served_by,true
112700,cn:prefecture_city:tieling,served_by,true
113000,cn:prefecture_city:fushun,served_by,true
113100,cn:prefecture_city:fushun,served_by,true
113200,cn:prefecture_city:fushun,served_by,true
113300,cn:prefecture_city:fushun,served_by,true
114000,cn:prefecture_city:anshan,served_by,true
114100,cn:prefecture_city:anshan,served_by,true
114200,cn:prefecture_city:anshan,served_by,true
114300,cn:prefecture_city:anshan,served_by,true
115000,cn:prefecture_city:yingkou,served_by,true
115100,cn:prefecture_city:yingkou,served_by,true
115200,cn:prefecture_city:yingkou,served_by,true
116000,cn:prefecture_city:dalian,served_by,true
116100,cn:prefecture_city:dalian,served_by,true
116200,cn:prefecture_city:dalian,served_by,true
116300,cn:prefecture_city:dalian,served_by,true
116400,cn:prefecture_city:dalian,served_by,true
116500,cn:prefecture_city:dalian,served_by,true
117000,cn:prefecture_city:benxi,served_by,true
117100,cn:prefecture_city:benxi,served_by,true
117200,cn:prefecture_city:benxi,served_by,true
118000,cn:prefecture_city:dandong,served_by,true
118100,cn:prefecture_city:dandong,served_by,true
118200,cn:prefecture_city:dandong,served_by,true
118300,cn:prefecture_city:dandong,served_by,true
121000,cn:prefecture_city:dalian,served_by,true
121100,cn:prefecture_city:jinzhou,served_by,true
121200,cn:prefecture_city:jinzhou,served_by,true
121300,cn:prefecture_city:jinzhou,served_by,true
121400,cn:prefecture_city:jinzhou,served_by,true
122000,cn:prefecture_city:chaoyang,served_by,true
122100,cn:prefecture_city:chaoyang,served_by,true
122300,cn:prefecture_city:chaoyang,served_by,true
122400,cn:prefecture_city:chaoyang,served_by,true
122500,cn:prefecture_city:chaoyang,served_by,true
122600,cn:prefecture_city:chaoyang,served_by,true
123000,cn:prefecture_city:fuxin,served_by,true
123100,cn:prefecture_city:fuxin,served_by,true
123200,cn:prefecture_city:fuxin,served_by,true
124000,cn:prefecture_city:panjin,served_by,true
124100,cn:prefecture_city:panjin,served_by,true
124200,cn:prefecture_city:panjin,served_by,true
125000,cn:prefecture_city:huludao,served_by,true
125100,cn:prefecture_city:huludao,served_by,true
125200,cn:prefecture_city:huludao,served_by,true
125300,cn:prefecture_city:huludao,served_by,true
130000,cn:prefecture_city:changchun,served_by,true
130200,cn:prefecture_city:changchun,served_by,true
130300,cn:prefecture_city:changchun,served_by,true
130400,cn:prefecture_city:changchun,served_by,true
130500,cn:prefecture_city:changchun,served_by,true
130600,cn:prefecture_city:changchun,served_by,true
130700,cn:prefecture_city:siping,served_by,true
131100,cn:prefecture_city:songyuan,served_by,true
131200,cn:prefecture_city:songyuan,served_by,true
131300,cn:prefecture_city:baicheng,served_by,true
131400,cn:prefecture_city:songyuan,served_by,true
131500,cn:prefecture_city:songyuan,served_by,true
132000,cn:prefecture_city:jilin,served_by,true
132200,cn:prefecture_city:jilin,served_by,true
132300,cn:prefecture_city:jilin,served_by,true
132400,cn:prefecture_city:jilin,served_by,true
132500,cn:prefecture_city:jilin,served_by,true
132600,cn:prefecture_city:jilin,served_by,true
133000,cn:autonomous_prefecture:yanbian,served_by,true
133100,cn:autonomous_prefecture:yanbian,served_by,true
133200,cn:autonomous_prefecture:yanbian,served_by,true
133300,cn:autonomous_prefecture:yanbian,served_by,true
133400,cn:autonomous_prefecture:yanbian,served_by,true
133500,cn:autonomous_prefecture:yanbian,served_by,true
133600,cn:autonomous_prefecture:yanbian,served_by,true
133700,cn:autonomous_prefecture:yanbian,served_by,true
134000,cn:prefecture_city:tonghua,served_by,true
134100,cn:prefecture_city:tonghua,served_by,true
134200,cn:prefecture_city:tonghua,served_by,true
134300,cn:prefecture_city:baishan,served_by,true
134400,cn:prefecture_city:baishan,served_by,true
134500,cn:prefecture_city:baishan,served_by,true
134600,cn:prefecture_city:baishan,served_by,true
135000,cn:prefecture_city:tonghua,served_by,true
135100,cn:prefecture_city:tonghua,served_by,true
135200,cn:prefecture_city:baishan,served_by,true
136000,cn:prefecture_city:siping,served_by,true
136100,cn:prefecture_city:siping,served_by,true
136200,cn:prefecture_city:liaoyuan,served_by,true
136300,cn:prefecture_city:liaoyuan,served_by,true
136400,cn:prefecture_city:siping,served_by,true
136500,cn:prefecture_city:siping,served_by,true
136600,cn:prefecture_city:liaoyuan,served_by,true
137000,cn:prefecture_city:baicheng,served_by,true
137100,cn:prefecture_city:baicheng,served_by,true
137200,cn:prefecture_city:baicheng,served_by,true
137300,cn:prefecture_city:baicheng,served_by,true
137400,cn:league:hinggan,served_by,true
137500,cn:league:hinggan,served_by,true
137600,cn:league:hinggan,served_by,true
137800,cn:league:hinggan,served_by,true
138000,cn:prefecture_city:songyuan,served_by,true
150000,cn:prefecture_city:harbin,served_by,true
150100,cn:prefecture_city:harbin,served_by,true
150200,cn:prefecture_city:harbin,served_by,true
150300,cn:prefecture_city:harbin,served_by,true
150400,cn:prefecture_city:harbin,served_by,true
150500,cn:prefecture_city:harbin,served_by,true
150600,cn:prefecture_city:harbin,served_by,true
150700,cn:prefecture_city:harbin,served_by,true
150800,cn:prefecture_city:harbin,served_by,true
150900,cn:prefecture_city:harbin,served_by,true
151100,cn:prefecture_city:suihua,served_by,true
151200,cn:prefecture_city:daqing,served_by,true
151300,cn:prefecture_city:daqing,served_by,true
151400,cn:prefecture_city:suihua,served_by,true
151500,cn:prefecture_city:suihua,served_by,true
151600,cn:prefecture_city:suihua,served_by,true
151800,cn:prefecture_city:harbin,served_by,true
151900,cn:prefecture_city:harbin,served_by,true
152000,cn:prefecture_city:suihua,served_by,true
152100,cn:prefecture_city:suihua,served_by,true
152200,cn:prefecture_city:suihua,served_by,true
152300,cn:prefecture_city:suihua,served_by,true
152400,cn:prefecture_city:suihua,served_by,true
152500,cn:prefecture_city:yichun-heilongjiang,served_by,true
153000,cn:prefecture_city:yichun-heilongjiang,served_by,true
153100,cn:prefecture_city:yichun-heilongjiang,served_by,true
153200,cn:prefecture_city:yichun-heilongjiang,served_by,true
154000,cn:prefecture_city:jiamusi,served_by,true
154100,cn:prefecture_city:hegang,served_by,true
154200,cn:prefecture_city:hegang,served_by,true
154300,cn:prefecture_city:jiamusi,served_by,true
154400,cn:prefecture_city:jiamusi,served_by,true
154500,cn:prefecture_city:qitaihe,served_by,true
154600,cn:prefecture_city:qitaihe,served_by,true
154700,cn:prefecture_city:jiamusi,served_by,true
154800,cn:prefecture_city:harbin,served_by,true
155000,cn:prefecture_city:shuangyashan,served_by,true
155100,cn:prefecture_city:shuangyashan,served_by,true
155600,cn:prefecture_city:shuangyashan,served_by,true
155700,cn:prefecture_city:shuangyashan,served_by,true
155800,cn:prefecture_city:shuangyashan,served_by,true
155900,cn:prefecture_city:shuangyashan,served_by,true
156100,cn:prefecture_city:jiamusi,served_by,true
156200,cn:prefecture_city:hegang,served_by,true
156300,cn:prefecture_city:jiamusi,served_by,true
156400,cn:prefecture_city:jiamusi,served_by,true
156500,cn:prefecture_city:jiamusi,served_by,true
157000,cn:prefecture_city:mudanjiang,served_by,true
157100,cn:prefecture_city:mudanjiang,served_by,true
157200,cn:prefecture_city:mudanjiang,served_by,true
157300,cn:prefecture_city:mudanjiang,served_by,true
157400,cn:prefecture_city:mudanjiang,served_by,true
157500,cn:prefecture_city:mudanjiang,served_by,true
157600,cn:prefecture_city:mudanjiang,served_by,true
161000,cn:prefecture_city:qiqihar,served_by,true
161100,cn:prefecture_city:qiqihar,served_by,true
161200,cn:prefecture_city:qiqihar,served_by,true
161300,cn:prefecture_city:qiqihar,served_by,true
161400,cn:prefecture_city:heihe,served_by,true
161500,cn:prefecture_city:qiqihar,served_by,true
161600,cn:prefecture_city:qiqihar,served_by,true
161700,cn:prefecture_city:qiqihar,served_by,true
161800,cn:prefecture_city:qiqihar,served_by,true
162100,cn:prefecture_city:qiqihar,served_by,true
162200,cn:prefecture_city:daqing,served_by,true
162300,cn:prefecture_city:daqing,served_by,true
162400,cn:prefecture_city:qiqihar,served_by,true
162600,cn:prefecture_city:hulunbuir,served_by,true
162700,cn:prefecture_city:hulunbuir,served_by,true
162800,cn:prefecture_city:hulunbuir,served_by,true
163000,cn:prefecture_city:daqing,served_by,true
164000,cn:prefecture_city:heihe,served_by,true
164100,cn:prefecture_city:heihe,served_by,true
164200,cn:prefecture_city:heihe,served_by,true
164300,cn:prefecture_city:heihe,served_by,true
164400,cn:prefecture_city:heihe,served_by,true
165000,cn:prefecture:daxing-anling,served_by,true
165100,cn:prefecture:daxing-anling,served_by,true
165200,cn:prefecture:daxing-anling,served_by,true
165300,cn:prefecture:daxing-anling,served_by,true
200000,cn:municipality:shanghai,served_by,true
201100,cn:municipality:shanghai,served_by,true
201300,cn:municipality:shanghai,served_by,true
201400,cn:municipality:shanghai,served_by,true
201500,cn:municipality:shanghai,served_by,true
201600,cn:municipality:shanghai,served_by,true
201700,cn:municipality:shanghai,served_by,true
201800,cn:municipality:shanghai,served_by,true
202100,cn:municipality:shanghai,served_by,true
202400,cn:prefecture_city:zhoushan,served_by,true
210000,cn:prefecture_city:nanjing,served_by,true
211100,cn:prefecture_city:nanjing,served_by,true
211200,cn:prefecture_city:nanjing,served_by,true
211300,cn:prefecture_city:nanjing,served_by,true
211400,cn:prefecture_city:yangzhou,served_by,true
211500,cn:prefecture_city:nanjing,served_by,true
211600,cn:prefecture_city:huai-an,served_by,true
211700,cn:prefecture_city:huai-an,served_by,true
211800,cn:prefecture_city:nanjing,served_by,true
212000,cn:prefecture_city:zhenjiang,served_by,true
212100,cn:prefecture_city:zhenjiang,served_by,true
212200,cn:prefecture_city:zhenjiang,served_by,true
212300,cn:prefecture_city:zhenjiang,served_by,true
212400,cn:prefecture_city:zhenjiang,served_by,true
213000,cn:prefecture_city:changzhou,served_by,true
213100,cn:prefecture_city:changzhou,served_by,true
213200,cn:prefecture_city:changzhou,served_by,true
213300,cn:prefecture_city:changzhou,served_by,true
214000,cn:prefecture_city:wuxi,served_by,true
214100,cn:prefecture_city:wuxi,served_by,true
214200,cn:prefecture_city:wuxi,served_by,true
214400,cn:prefecture_city:wuxi,served_by,true
214500,cn:prefecture_city:taizhou-jiangsu,served_by,true
215000,cn:prefecture_city:suzhou-jiangsu,served_by,true
215100,cn:prefecture_city:suzhou-jiangsu,served_by,true
215200,cn:prefecture_city:suzhou-jiangsu,served_by,true
215300,cn:prefecture_city:suzhou-jiangsu,served_by,true
215400,cn:prefecture_city:suzhou-jiangsu,served_by,true
215500,cn:prefecture_city:suzhou-jiangsu,served_by,true
215600,cn:prefecture_city:suzhou-jiangsu,served_by,true
221000,cn:prefecture_city:xuzhou,served_by,true
221100,cn:prefecture_city:xuzhou,served_by,true
221200,cn:prefecture_city:xuzhou,served_by,true
221300,cn:prefecture_city:xuzhou,served_by,true
221400,cn:prefecture_city:xuzhou,served_by,true
221600,cn:prefecture_city:xuzhou,served_by,true
221700,cn:prefecture_city:xuzhou,served_by,true
222000,cn:prefecture_city:lianyungang,served_by,true
222100,cn:prefecture_city:lianyungang,served_by,true
222200,cn:prefecture_city:lianyungang,served_by,true
222300,cn:prefecture_city:lianyungang,served_by,true
223000,cn:prefecture_city:huai-an,served_by,true
223100,cn:prefecture_city:huai-an,served_by,true
223200,cn:prefecture_city:huai-an,served_by,true
223300,cn:prefecture_city:huai-an,served_by,true
223400,cn:prefecture_city:huai-an,served_by,true
223500,cn:prefecture_city:lianyungang,served_by,true
223600,cn:prefecture_city:suqian,served_by,true
223700,cn:prefecture_city:suqian,served_by,true
223800,cn:prefecture_city:suqian,served_by,true
223900,cn:prefecture_city:suqian,served_by,true
224000,cn:prefecture_city:yancheng,served_by,true
224100,cn:prefecture_city:yancheng,served_by,true
224200,cn:prefecture_city:yancheng,served_by,true
224300,cn:prefecture_city:yancheng,served_by,true
224400,cn:prefecture_city:yancheng,served_by,true
224500,cn:prefecture_city:yancheng,served_by,true
224600,cn:prefecture_city:yancheng,served_by,true
224700,cn:prefecture_city:yancheng,served_by,true
225000,cn:prefecture_city:yangzhou,served_by,true
225100,cn:prefecture_city:yangzhou,served_by,true
225200,cn:prefecture_city:yangzhou,served_by,true
225300,cn:prefecture_city:taizhou-jiangsu,served_by,true
225400,cn:prefecture_city:taizhou-jiangsu,served_by,true
225500,cn:prefecture_city:taizhou-jiangsu,served_by,true
225600,cn:prefecture_city:yangzhou,served_by,true
225700,cn:prefecture_city:taizhou-jiangsu,served_by,true
225800,cn:prefecture_city:yangzhou,served_by,true
226000,cn:prefecture_city:nantong,served_by,true
226100,cn:prefecture_city:nantong,served_by,true
226200,cn:prefecture_city:nantong,served_by,true
226300,cn:prefecture_city:nantong,served_by,true
226400,cn:prefecture_city:nantong,served_by,true
226500,cn:prefecture_city:nantong,served_by,true
226600,cn:prefecture_city:nantong,served_by,true
230000,cn:prefecture_city:hefei,served_by,true
231100,cn:prefecture_city:hefei,served_by,true
231200,cn:prefecture_city:hefei,served_by,true
231300,cn:prefecture_city:lu-an,served_by,true
231400,cn:prefecture_city:anqing,served_by,true
231500,cn:prefecture_city:hefei,served_by,true
231600,cn:prefecture_city:hefei,served_by,true
232000,cn:prefecture_city:huainan,served_by,true
232100,cn:prefecture_city:huainan,served_by,true
232200,cn:prefecture_city:huainan,served_by,true
233000,cn:prefecture_city:bengbu,served_by,true
233100,cn:prefecture_city:chuzhou,served_by,true
233200,cn:prefecture_city:chuzhou,served_by,true
233300,cn:prefecture_city:bengbu,served_by,true
233400,cn:prefecture_city:bengbu,served_by,true
233500,cn:prefecture_city:bozhou,served_by,true
233600,cn:prefecture_city:bozhou,served_by,true
233700,cn:prefecture_city:bengbu,served_by,true
234000,cn:prefecture_city:suzhou-anhui,served_by,true
234200,cn:prefecture_city:suzhou-anhui,served_by,true
234300,cn:prefecture_city:suzhou-anhui,served_by,true
235000,cn:prefecture_city:huaibei,served_by,true
235100,cn:prefecture_city:huaibei,served_by,true
235200,cn:prefecture_city:suzhou-anhui,served_by,true
235300,cn:prefecture_city:suzhou-anhui,served_by,true
236000,cn:prefecture_city:fuyang,served_by,true
236200,cn:prefecture_city:suzhou-anhui,served_by,true
236300,cn:prefecture_city:fuyang,served_by,true
236400,cn:prefecture_city:fuyang,served_by,true
236500,cn:prefecture_city:fuyang,served_by,true
236600,cn:prefecture_city:fuyang,served_by,true
236700,cn:prefecture_city:bozhou,served_by,true
236800,cn:prefecture_city:bozhou,served_by,true
237000,cn:prefecture_city:lu-an,served_by,true
237200,cn:prefecture_city:lu-an,served_by,true
237300,cn:prefecture_city:lu-an,served_by,true
237400,cn:prefecture_city:lu-an,served_by,true
238000,cn:prefecture_city:hefei,served_by,true
238100,cn:prefecture_city:ma-anshan,served_by,true
238200,cn:prefecture_city:ma-anshan,served_by,true
239000,cn:prefecture_city:chuzhou,served_by,true
239200,cn:prefecture_city:chuzhou,served_by,true
239300,cn:prefecture_city:chuzhou,served_by,true
239400,cn:prefecture_city:chuzhou,served_by,true
239500,cn:prefecture_city:chuzhou,served_by,true
241000,cn:prefecture_city:wuhu,served_by,true
241100,cn:prefecture_city:wuhu,served_by,true
241200,cn:prefecture_city:wuhu,served_by,true
242000,cn:prefecture_city:xuancheng,served_by,true
242100,cn:prefecture_city:xuancheng,served_by,true
242200,cn:prefecture_city:xuancheng,served_by,true
242300,cn:prefecture_city:xuancheng,served_by,true
242400,cn:prefecture_city:wuhu,served_by,true
242500,cn:prefecture_city:xuancheng,served_by,true
242600,cn:prefecture_city:xuancheng,served_by,true
242700,cn:prefecture_city:huangshan,served_by,true
242800,cn:prefecture_city:chizhou,served_by,true
243000,cn:prefecture_city:ma-anshan,served_by,true
243100,cn:prefecture_city:ma-anshan,served_by,true
244000,cn:prefecture_city:tongling,served_by,true
244100,cn:prefecture_city:anqing,served_by,true
245000,cn:prefecture_city:huangshan,served_by,true
245100,cn:prefecture_city:chizhou,served_by,true
245200,cn:prefecture_city:huangshan,served_by,true
245300,cn:prefecture_city:xuancheng,served_by,true
245400,cn:prefecture_city:huangshan,served_by,true
245500,cn:prefecture_city:huangshan,served_by,true
245600,cn:prefecture_city:huangshan,served_by,true
246000,cn:prefecture_city:anqing,served_by,true
246100,cn:prefecture_city:anqing,served_by,true
246200,cn:prefecture_city:anqing,served_by,true
246300,cn:prefecture_city:anqing,served_by,true
246400,cn:prefecture_city:anqing,served_by,true
246500,cn:prefecture_city:anqing,served_by,true
246600,cn:prefecture_city:anqing,served_by,true
246700,cn:prefecture_city:anqing,served_by,true
247100,cn:prefecture_city:chizhou,served_by,true
247200,cn:prefecture_city:chizhou,served_by,true
250000,cn:prefecture_city:jinan,served_by,true
250100,cn:prefecture_city:jinan,served_by,true
250200,cn:prefecture_city:jinan,served_by,true
250300,cn:prefecture_city:jinan,served_by,true
250400,cn:prefecture_city:jinan,served_by,true
251100,cn:prefecture_city:dezhou,served_by,true
251200,cn:prefecture_city:dezhou,served_by,true
251400,cn:prefecture_city:jinan,served_by,true
251500,cn:prefecture_city:dezhou,served_by,true
251600,cn:prefecture_city:jinan,served_by,true
251700,cn:prefecture_city:binzhou,served_by,true
251800,cn:prefecture_city:binzhou,served_by,true
251900,cn:prefecture_city:binzhou,served_by,true
252000,cn:prefecture_city:liaocheng,served_by,true
252100,cn:prefecture_city:liaocheng,served_by,true
252200,cn:prefecture_city:liaocheng,served_by,true
252300,cn:prefecture_city:liaocheng,served_by,true
252400,cn:prefecture_city:liaocheng,served_by,true
252500,cn:prefecture_city:liaocheng,served_by,true
252600,cn:prefecture_city:liaocheng,served_by,true
252700,cn:prefecture_city:liaocheng,served_by,true
253000,cn:prefecture_city:dezhou,served_by,true
253100,cn:prefecture_city:dezhou,served_by,true
253200,cn:prefecture_city:dezhou,served_by,true
253300,cn:prefecture_city:dezhou,served_by,true
253400,cn:prefecture_city:dezhou,served_by,true
253500,cn:prefecture_city:dezhou,served_by,true
253600,cn:prefecture_city:dezhou,served_by,true
253700,cn:prefecture_city:dezhou,served_by,true
253800,cn:prefecture_city:hengshui,served_by,true
255000,cn:prefecture_city:zibo,served_by,true
255100,cn:prefecture_city:zibo,served_by,true
255200,cn:prefecture_city:zibo,served_by,true
255300,cn:prefecture_city:zibo,served_by,true
255400,cn:prefecture_city:zibo,served_by,true
256100,cn:prefecture_city:zibo,served_by,true
256200,cn:prefecture_city:binzhou,served_by,true
256300,cn:prefecture_city:zibo,served_by,true
256400,cn:prefecture_city:zibo,served_by,true
256500,cn:prefecture_city:binzhou,served_by,true
256600,cn:prefecture_city:binzhou,served_by,true
256800,cn:prefecture_city:binzhou,served_by,true
257000,cn:prefecture_city:dongying,served_by,true
257100,cn:prefecture_city:dongying,served_by,true
257200,cn:prefecture_city:dongying,served_by,true
257300,cn:prefecture_city:dongying,served_by,true
257400,cn:prefecture_city:dongying,served_by,true
257500,cn:prefecture_city:dongying,served_by,true
261000,cn:prefecture_city:weifang,served_by,true
261100,cn:prefecture_city:weifang,served_by,true
261200,cn:prefecture_city:weifang,served_by,true
261300,cn:prefecture_city:weifang,served_by,true
261400,cn:prefecture_city:yantai,served_by,true
261500,cn:prefecture_city:weifang,served_by,true
262100,cn:prefecture_city:weifang,served_by,true
262200,cn:prefecture_city:weifang,served_by,true
262300,cn:prefecture_city:rizhao,served_by,true
262400,cn:prefecture_city:weifang,served_by,true
262500,cn:prefecture_city:weifang,served_by,true
262600,cn:prefecture_city:weifang,served_by,true
262700,cn:prefecture_city:weifang,served_by,true
264000,cn:prefecture_city:yantai,served_by,true
264100,cn:prefecture_city:yantai,served_by,true
264200,cn:prefecture_city:weihai,served_by,true
264300,cn:prefecture_city:weihai,served_by,true
264400,cn:prefecture_city:weihai,served_by,true
264500,cn:prefecture_city:weihai,served_by,true
265100,cn:prefecture_city:yantai,served_by,true
265200,cn:prefecture_city:yantai,served_by,true
265300,cn:prefecture_city:yantai,served_by,true
265400,cn:prefecture_city:yantai,served_by,true
265500,cn:prefecture_city:yantai,served_by,true
265600,cn:prefecture_city:yantai,served_by,true
265700,cn:prefecture_city:yantai,served_by,true
265800,cn:prefecture_city:yantai,served_by,true
266000,cn:prefecture_city:qingdao,served_by,true
266100,cn:prefecture_city:qingdao,served_by,true
266200,cn:prefecture_city:qingdao,served_by,true
266300,cn:prefecture_city:qingdao,served_by,true
266400,cn:prefecture_city:qingdao,served_by,true
266500,cn:prefecture_city:qingdao,served_by,true
266600,cn:prefecture_city:qingdao,served_by,true
266700,cn:prefecture_city:qingdao,served_by,true
271000,cn:prefecture_city:tai-an,served_by,true
271100,cn:prefecture_city:jinan,served_by,true
271200,cn:prefecture_city:tai-an,served_by,true
271400,cn:prefecture_city:tai-an,served_by,true
271500,cn:prefecture_city:tai-an,served_by,true
271600,cn:prefecture_city:tai-an,served_by,true
272000,cn:prefecture_city:jining,served_by,true
272100,cn:prefecture_city:jining,served_by,true
272200,cn:prefecture_city:jining,served_by,true
272300,cn:prefecture_city:jining,served_by,true
272400,cn:prefecture_city:jining,served_by,true
272500,cn:prefecture_city:jining,served_by,true
272600,cn:prefecture_city:jining,served_by,true
273100,cn:prefecture_city:jining,served_by,true
273200,cn:prefecture_city:jining,served_by,true
273300,cn:prefecture_city:linyi,served_by,true
273400,cn:prefecture_city:linyi,served_by,true
273500,cn:prefecture_city:jining,served_by,true
274000,cn:prefecture_city:heze,served_by,true
274100,cn:prefecture_city:heze,served_by,true
274200,cn:prefecture_city:heze,served_by,true
274300,cn:prefecture_city:heze,served_by,true
274400,cn:prefecture_city:heze,served_by,true
274500,cn:prefecture_city:heze,served_by,true
274600,cn:prefecture_city:heze,served_by,true
274700,cn:prefecture_city:heze,served_by,true
274900,cn:prefecture_city:heze,served_by,true
276000,cn:prefecture_city:dezhou,served_by,true
276100,cn:prefecture_city:linyi,served_by,true
276200,cn:prefecture_city:linyi,served_by,true
276300,cn:prefecture_city:linyi,served_by,true
276400,cn:prefecture_city:linyi,served_by,true
276500,cn:prefecture_city:rizhao,served_by,true
276600,cn:prefecture_city:linyi,served_by,true
276700,cn:prefecture_city:linyi,served_by,true
276800,cn:prefecture_city:rizhao,served_by,true
277000,cn:prefecture_city:zaozhuang,served_by,true
277200,cn:prefecture_city:zaozhuang,served_by,true
277300,cn:prefecture_city:zaozhuang,served_by,true
277400,cn:prefecture_city:zaozhuang,served_by,true
277500,cn:prefecture_city:zaozhuang,served_by,true
277600,cn:prefecture_city:jining,served_by,true
277700,cn:prefecture_city:linyi,served_by,true
300000,cn:municipality:tianjin,served_by,true
301500,cn:municipality:tianjin,served_by,true
301600,cn:municipality:tianjin,served_by,true
301700,cn:municipality:tianjin,served_by,true
301800,cn:municipality:tianjin,served_by,true
301900,cn:municipality:tianjin,served_by,true
310000,cn:prefecture_city:hangzhou,served_by,true
311100,cn:prefecture_city:hangzhou,served_by,true
311200,cn:prefecture_city:hangzhou,served_by,true
311300,cn:prefecture_city:hangzhou,served_by,true
311400,cn:prefecture_city:hangzhou,served_by,true
311500,cn:prefecture_city:hangzhou,served_by,true
311600,cn:prefecture_city:hangzhou,served_by,true
311700,cn:prefecture_city:hangzhou,served_by,true
311800,cn:prefecture_city:shaoxing,served_by,true
312000,cn:prefecture_city:shaoxing,served_by,true
312300,cn:prefecture_city:shaoxing,served_by,true
312400,cn:prefecture_city:shaoxing,served_by,true
312500,cn:prefecture_city:shaoxing,served_by,true
313000,cn:prefecture_city:huzhou,served_by,true
313100,cn:prefecture_city:huzhou,served_by,true
313200,cn:prefecture_city:huzhou,served_by,true
313300,cn:prefecture_city:huzhou,served_by,true
314000,cn:prefecture_city:jiaxing,served_by,true
314100,cn:prefecture_city:jiaxing,served_by,true
314200,cn:prefecture_city:jiaxing,served_by,true
314300,cn:prefecture_city:jiaxing,served_by,true
314400,cn:prefecture_city:jiaxing,served_by,true
314500,cn:prefecture_city:jiaxing,served_by,true
315000,cn:prefecture_city:ningbo,served_by,true
315100,cn:prefecture_city:ningbo,served_by,true
315200,cn:prefecture_city:ningbo,served_by,true
315300,cn:prefecture_city:ningbo,served_by,true
315400,cn:prefecture_city:ningbo,served_by,true
315500,cn:prefecture_city:ningbo,served_by,true
315600,cn:prefecture_city:ningbo,served_by,true
315700,cn:prefecture_city:ningbo,served_by,true
315800,cn:prefecture_city:ningbo,served_by,true
316000,cn:prefecture_city:zhoushan,served_by,true
316100,cn:prefecture_city:zhoushan,served_by,true
316200,cn:prefecture_city:zhoushan,served_by,true
317000,cn:prefecture_city:taizhou-zhejiang,served_by,true
317100,cn:prefecture_city:taizhou-zhejiang,served_by,true
317200,cn:prefecture_city:taizhou-zhejiang,served_by,true
317300,cn:prefecture_city:lishui,served_by,true
317500,cn:prefecture_city:taizhou-zhejiang,served_by,true
317600,cn:prefecture_city:taizhou-zhejiang,served_by,true
318000,cn:prefecture_city:taizhou-zhejiang,served_by,true
321000,cn:prefecture_city:jinhua,served_by,true
321100,cn:prefecture_city:jinhua,served_by,true
321200,cn:prefecture_city:jinhua,served_by,true
321300,cn:prefecture_city:jinhua,served_by,true
321400,cn:prefecture_city:lishui,served_by,true
322000,cn:prefecture_city:jinhua,served_by,true
322100,cn:prefecture_city:jinhua,served_by,true
322200,cn:prefecture_city:jinhua,served_by,true
322300,cn:prefecture_city:jinhua,served_by,true
323000,cn:prefecture_city:lishui,served_by,true
323300,cn:prefecture_city:lishui,served_by,true
323400,cn:prefecture_city:lishui,served_by,true
323500,cn:prefecture_city:lishui,served_by,true
323600,cn:prefecture_city:lishui,served_by,true
323700,cn:prefecture_city:lishui,served_by,true
323800,cn:prefecture_city:lishui,served_by,true
323900,cn:prefecture_city:lishui,served_by,true
324000,cn:prefecture_city:quzhou,served_by,true
324100,cn:prefecture_city:quzhou,served_by,true
324200,cn:prefecture_city:quzhou,served_by,true
324300,cn:prefecture_city:quzhou,served_by,true
324400,cn:prefecture_city:quzhou,served_by,true
325000,cn:prefecture_city:wenzhou,served_by,true
325100,cn:prefecture_city:wenzhou,served_by,true
325200,cn:prefecture_city:wenzhou,served_by,true
325300,cn:prefecture_city:wenzhou,served_by,true
325400,cn:prefecture_city:wenzhou,served_by,true
325500,cn:prefecture_city:wenzhou,served_by,true
325600,cn:prefecture_city:wenzhou,served_by,true
325700,cn:prefecture_city:wenzhou,served_by,true
325800,cn:prefecture_city:wenzhou,served_by,true
330000,cn:prefecture_city:nanchang,served_by,true
330100,cn:prefecture_city:nanchang,served_by,true
330200,cn:prefecture_city:nanchang,served_by,true
330300,cn:prefecture_city:jiujiang,served_by,true
330400,cn:prefecture_city:jiujiang,served_by,true
330500,cn:prefecture_city:nanchang,served_by,true
330600,cn:prefecture_city:yichun-jiangxi,served_by,true
330700,cn:prefecture_city:yichun-jiangxi,served_by,true
330800,cn:prefecture_city:yichun-jiangxi,served_by,true
331100,cn:prefecture_city:yichun-jiangxi,served_by,true
331200,cn:prefecture_city:yichun-jiangxi,served_by,true
331300,cn:prefecture_city:ji-an,served_by,true
331400,cn:prefecture_city:ji-an,served_by,true
331500,cn:prefecture_city:ji-an,served_by,true
331600,cn:prefecture_city:ji-an,served_by,true
331700,cn:prefecture_city:nanchang,served_by,true
331800,cn:prefecture_city:fuzhou-jiangxi,served_by,true
332000,cn:prefecture_city:jiujiang,served_by,true
332100,cn:prefecture_city:jiujiang,served_by,true
332200,cn:prefecture_city:jiujiang,served_by,true
332300,cn:prefecture_city:jiujiang,served_by,true
332400,cn:prefecture_city:jiujiang,served_by,true
332500,cn:prefecture_city:jiujiang,served_by,true
332600,cn:prefecture_city:jiujiang,served_by,true
332700,cn:prefecture_city:jiujiang,served_by,true
332800,cn:prefecture_city:jiujiang,served_by,true
332900,cn:prefecture_city:jiujiang,served_by,true
333000,cn:prefecture_city:jingdezhen,served_by,true
333100,cn:prefecture_city:shangrao,served_by,true
333200,cn:prefecture_city:shangrao,served_by,true
333300,cn:prefecture_city:jingdezhen,served_by,true
334000,cn:prefecture_city:shangrao,served_by,true
334100,cn:prefecture_city:shangrao,served_by,true
334200,cn:prefecture_city:shangrao,served_by,true
334300,cn:prefecture_city:shangrao,served_by,true
334400,cn:prefecture_city:shangrao,served_by,true
334500,cn:prefecture_city:shangrao,served_by,true
334600,cn:prefecture_city:shangrao,served_by,true
334700,cn:prefecture_city:shangrao,served_by,true
335000,cn:prefecture_city:yingtan,served_by,true
335100,cn:prefecture_city:shangrao,served_by,true
335200,cn:prefecture_city:yingtan,served_by,true
335300,cn:prefecture_city:fuzhou-jiangxi,served_by,true
335400,cn:prefecture_city:yingtan,served_by,true
335500,cn:prefecture_city:shangrao,served_by,true
336000,cn:prefecture_city:yichun-jiangxi,served_by,true
336100,cn:prefecture_city:yichun-jiangxi,served_by,true
336200,cn:prefecture_city:yichun-jiangxi,served_by,true
336300,cn:prefecture_city:yichun-jiangxi,served_by,true
336400,cn:prefecture_city:yichun-jiangxi,served_by,true
336500,cn:prefecture_city:xinyu,served_by,true
336600,cn:prefecture_city:xinyu,served_by,true
337000,cn:prefecture_city:pingxiang,served_by,true
337100,cn:prefecture_city:pingxiang,served_by,true
337200,cn:prefecture_city:pingxiang,served_by,true
341000,cn:prefecture_city:ganzhou,served_by,true
341100,cn:prefecture_city:ganzhou,served_by,true
341200,cn:prefecture_city:ganzhou,served_by,true
341300,cn:prefecture_city:ganzhou,served_by,true
341400,cn:prefecture_city:ganzhou,served_by,true
341500,cn:prefecture_city:ganzhou,served_by,true
341600,cn:prefecture_city:ganzhou,served_by,true
341700,cn:prefecture_city:ganzhou,served_by,true
341800,cn:prefecture_city:ganzhou,served_by,true
341900,cn:prefecture_city:ganzhou,served_by,true
342100,cn:prefecture_city:ganzhou,served_by,true
342200,cn:prefecture_city:ganzhou,served_by,true
342300,cn:prefecture_city:ganzhou,served_by,true
342400,cn:prefecture_city:ganzhou,served_by,true
342500,cn:prefecture_city:ganzhou,served_by,true
342600,cn:prefecture_city:ji-an,served_by,true
342700,cn:prefecture_city:ganzhou,served_by,true
342800,cn:prefecture_city:ganzhou,served_by,true
343000,cn:prefecture_city:ji-an,served_by,true
343100,cn:prefecture_city:ji-an,served_by,true
343200,cn:prefecture_city:ji-an,served_by,true
343400,cn:prefecture_city:ji-an,served_by,true
343600,cn:prefecture_city:ji-an,served_by,true
343700,cn:prefecture_city:ji-an,served_by,true
343800,cn:prefecture_city:ji-an,served_by,true
343900,cn:prefecture_city:ji-an,served_by,true
344000,cn:prefecture_city:fuzhou-jiangxi,served_by,true
344100,cn:prefecture_city:fuzhou-jiangxi,served_by,true
344200,cn:prefecture_city:fuzhou-jiangxi,served_by,true
344300,cn:prefecture_city:fuzhou-jiangxi,served_by,true
344400,cn:prefecture_city:fuzhou-jiangxi,served_by,true
344500,cn:prefecture_city:fuzhou-jiangxi,served_by,true
344600,cn:prefecture_city:fuzhou-jiangxi,served_by,true
344700,cn:prefecture_city:fuzhou-jiangxi,served_by,true
344800,cn:prefecture_city:fuzhou-jiangxi,served_by,true
344900,cn:prefecture_city:fuzhou-jiangxi,served_by,true
350000,cn:prefecture_city:fuzhou-fujian,served_by,true
350100,cn:prefecture_city:fuzhou-fujian,served_by,true
350200,cn:prefecture_city:fuzhou-fujian,served_by,true
350300,cn:prefecture_city:fuzhou-fujian,served_by,true
350400,cn:prefecture_city:fuzhou-fujian,served_by,true
350500,cn:prefecture_city:fuzhou-fujian,served_by,true
350600,cn:prefecture_city:fuzhou-fujian,served_by,true
350700,cn:prefecture_city:fuzhou-fujian,served_by,true
350800,cn:prefecture_city:fuzhou-fujian,served_by,true
351100,cn:prefecture_city:putian,served_by,true
351200,cn:prefecture_city:putian,served_by,true
352100,cn:prefecture_city:ningde,served_by,true
352200,cn:prefecture_city:ningde,served_by,true
352300,cn:prefecture_city:ningde,served_by,true
353000,cn:prefecture_city:nanping,served_by,true
353100,cn:prefecture_city:nanping,served_by,true
353200,cn:prefecture_city:nanping,served_by,true
353300,cn:prefecture_city:sanming,served_by,true
353400,cn:prefecture_city:nanping,served_by,true
353500,cn:prefecture_city:nanping,served_by,true
353600,cn:prefecture_city:nanping,served_by,true
354000,cn:prefecture_city:nanping,served_by,true
354100,cn:prefecture_city:nanping,served_by,true
354200,cn:prefecture_city:nanping,served_by,true
354300,cn:prefecture_city:nanping,served_by,true
354400,cn:prefecture_city:sanming,served_by,true
354500,cn:prefecture_city:sanming,served_by,true
355000,cn:prefecture_city:ningde,served_by,true
355100,cn:prefecture_city:ningde,served_by,true
355200,cn:prefecture_city:ningde,served_by,true
355300,cn:prefecture_city:ningde,served_by,true
355400,cn:prefecture_city:ningde,served_by,true
355500,cn:prefecture_city:ningde,served_by,true
361000,cn:prefecture_city:xiamen,served_by,true
361100,cn:prefecture_city:xiamen,served_by,true
362000,cn:prefecture_city:quanzhou,served_by,true
362100,cn:prefecture_city:quanzhou,served_by,true
362200,cn:prefecture_city:quanzhou,served_by,true
362300,cn:prefecture_city:quanzhou,served_by,true
362400,cn:prefecture_city:quanzhou,served_by,true
362500,cn:prefecture_city:quanzhou,served_by,true
362600,cn:prefecture_city:quanzhou,served_by,true
363000,cn:prefecture_city:zhangzhou,served_by,true
363100,cn:prefecture_city:zhangzhou,served_by,true
363200,cn:prefecture_city:zhangzhou,served_by,true
363300,cn:prefecture_city:zhangzhou,served_by,true
363400,cn:prefecture_city:zhangzhou,served_by,true
363500,cn:prefecture_city:zhangzhou,served_by,true
363600,cn:prefecture_city:zhangzhou,served_by,true
363700,cn:prefecture_city:zhangzhou,served_by,true
363800,cn:prefecture_city:zhangzhou,served_by,true
363900,cn:prefecture_city:zhangzhou,served_by,true
364000,cn:prefecture_city:longyan,served_by,true
364100,cn:prefecture_city:longyan,served_by,true
364200,cn:prefecture_city:longyan,served_by,true
364300,cn:prefecture_city:longyan,served_by,true
364400,cn:prefecture_city:longyan,served_by,true
365000,cn:prefecture_city:sanming,served_by,true
365100,cn:prefecture_city:sanming,served_by,true
365200,cn:prefecture_city:sanming,served_by,true
365300,cn:prefecture_city:sanming,served_by,true
365400,cn:prefecture_city:sanming,served_by,true
365500,cn:prefecture_city:sanming,served_by,true
366000,cn:prefecture_city:sanming,served_by,true
366100,cn:prefecture_city:sanming,served_by,true
366200,cn:prefecture_city:longyan,served_by,true
366300,cn:prefecture_city:longyan,served_by,true
400000,cn:municipality:chongqing,served_by,true
401100,cn:municipality:chongqing,served_by,true
401200,cn:municipality:chongqing,served_by,true
401300,cn:municipality:chongqing,served_by,true
401400,cn:municipality:chongqing,served_by,true
401500,cn:municipality:chongqing,served_by,true
402100,cn:municipality:chongqing,served_by,true
402200,cn:municipality:chongqing,served_by,true
402300,cn:municipality:chongqing,served_by,true
402400,cn:municipality:chongqing,served_by,true
402500,cn:municipality:chongqing,served_by,true
402600,cn:municipality:chongqing,served_by,true
402700,cn:municipality:chongqing,served_by,true
404000,cn:municipality:chongqing,served_by,true
404300,cn:municipality:chongqing,served_by,true
404500,cn:municipality:chongqing,served_by,true
404600,cn:municipality:chongqing,served_by,true
404700,cn:municipality:chongqing,served_by,true
405200,cn:municipality:chongqing,served_by,true
405400,cn:municipality:chongqing,served_by,true
405800,cn:municipality:chongqing,served_by,true
405900,cn:municipality:chongqing,served_by,true
408000,cn:municipality:chongqing,served_by,true
408300,cn:municipality:chongqing,served_by,true
408400,cn:municipality:chongqing,served_by,true
408500,cn:municipality:chongqing,served_by,true
409100,cn:municipality:chongqing,served_by,true
409600,cn:municipality:chongqing,served_by,true
409700,cn:municipality:chongqing,served_by,true
409800,cn:municipality:chongqing,served_by,true
409900,cn:municipality:chongqing,served_by,true
410000,cn:prefecture_city:changsha,served_by,true
410100,cn:prefecture_city:changsha,served_by,true
410200,cn:prefecture_city:changsha,served_by,true
410300,cn:prefecture_city:changsha,served_by,true
410400,cn:prefecture_city:yueyang,served_by,true
410500,cn:prefecture_city:yueyang,served_by,true
410600,cn:prefecture_city:changsha,served_by,true
411100,cn:prefecture_city:xiangtan,served_by,true
411200,cn:prefecture_city:xiangtan,served_by,true
411300,cn:prefecture_city:xiangtan,served_by,true
411400,cn:prefecture_city:xiangtan,served_by,true
412000,cn:prefecture_city:zhuzhou,served_by,true
412100,cn:prefecture_city:zhuzhou,served_by,true
412200,cn:prefecture_city:zhuzhou,served_by,true
412300,cn:prefecture_city:zhuzhou,served_by,true
412400,cn:prefecture_city:zhuzhou,served_by,true
412500,cn:prefecture_city:zhuzhou,served_by,true
413000,cn:prefecture_city:yiyang,served_by,true
413100,cn:prefecture_city:yiyang,served_by,true
413200,cn:prefecture_city:yiyang,served_by,true
413300,cn:prefecture_city:yiyang,served_by,true
413400,cn:prefecture_city:yiyang,served_by,true
414000,cn:prefecture_city:yueyang,served_by,true
414100,cn:prefecture_city:yueyang,served_by,true
414200,cn:prefecture_city:yueyang,served_by,true
414300,cn:prefecture_city:yueyang,served_by,true
414400,cn:prefecture_city:yueyang,served_by,true
415000,cn:prefecture_city:changde,served_by,true
415100,cn:prefecture_city:changde,served_by,true
415200,cn:prefecture_city:changde,served_by,true
415300,cn:prefecture_city:changde,served_by,true
415400,cn:prefecture_city:changde,served_by,true
415500,cn:prefecture_city:changde,served_by,true
415600,cn:prefecture_city:changde,served_by,true
415700,cn:prefecture_city:changde,served_by,true
415900,cn:prefecture_city:changde,served_by,true
416000,cn:autonomous_prefecture:xiangxi,served_by,true
416100,cn:autonomous_prefecture:xiangxi,served_by,true
416200,cn:autonomous_prefecture:xiangxi,served_by,true
416300,cn:autonomous_prefecture:xiangxi,served_by,true
416400,cn:autonomous_prefecture:xiangxi,served_by,true
416500,cn:autonomous_prefecture:xiangxi,served_by,true
416700,cn:autonomous_prefecture:xiangxi,served_by,true
416800,cn:autonomous_prefecture:xiangxi,served_by,true
417000,cn:prefecture_city:loudi,served_by,true
417100,cn:prefecture_city:loudi,served_by,true
417200,cn:prefecture_city:loudi,served_by,true
417500,cn:prefecture_city:loudi,served_by,true
417600,cn:prefecture_city:loudi,served_by,true
417700,cn:prefecture_city:loudi,served_by,true
418000,cn:prefecture_city:huaihua,served_by,true
418200,cn:prefecture_city:huaihua,served_by,true
418300,cn:prefecture_city:huaihua,served_by,true
418400,cn:prefecture_city:huaihua,served_by,true
418500,cn:prefecture_city:huaihua,served_by,true
419100,cn:prefecture_city:huaihua,served_by,true
419200,cn:prefecture_city:huaihua,served_by,true
419300,cn:prefecture_city:huaihua,served_by,true
419400,cn:prefecture_city:huaihua,served_by,true
419500,cn:prefecture_city:huaihua,served_by,true
419600,cn:prefecture_city:huaihua,served_by,true
421000,cn:prefecture_city:hengyang,served_by,true
421100,cn:prefecture_city:hengyang,served_by,true
421200,cn:prefecture_city:hengyang,served_by,true
421300,cn:prefecture_city:hengyang,served_by,true
421400,cn:prefecture_city:hengyang,served_by,true
421500,cn:prefecture_city:hengyang,served_by,true
421600,cn:prefecture_city:hengyang,served_by,true
421800,cn:prefecture_city:hengyang,served_by,true
421900,cn:prefecture_city:hengyang,served_by,true
422000,cn:prefecture_city:shaoyang,served_by,true
422100,cn:prefecture_city:shaoyang,served_by,true
422200,cn:prefecture_city:shaoyang,served_by,true
422300,cn:prefecture_city:shaoyang,served_by,true
422400,cn:prefecture_city:shaoyang,served_by,true
422500,cn:prefecture_city:shaoyang,served_by,true
422600,cn:prefecture_city:shaoyang,served_by,true
422700,cn:prefecture_city:shaoyang,served_by,true
422800,cn:prefecture_city:shaoyang,served_by,true
423000,cn:prefecture_city:chenzhou,served_by,true
423300,cn:prefecture_city:chenzhou,served_by,true
423400,cn:prefecture_city:chenzhou,served_by,true
423500,cn:prefecture_city:chenzhou,served_by,true
423600,cn:prefecture_city:chenzhou,served_by,true
424100,cn:prefecture_city:chenzhou,served_by,true
424200,cn:prefecture_city:chenzhou,served_by,true
424300,cn:prefecture_city:chenzhou,served_by,true
424400,cn:prefecture_city:chenzhou,served_by,true
425000,cn:prefecture_city:yongzhou,served_by,true
425100,cn:prefecture_city:yongzhou,served_by,true
425200,cn:prefecture_city:yongzhou,served_by,true
425400,cn:prefecture_city:yongzhou,served_by,true
425500,cn:prefecture_city:yongzhou,served_by,true
425600,cn:prefecture_city:yongzhou,served_by,true
425700,cn:prefecture_city:yongzhou,served_by,true
425800,cn:prefecture_city:yongzhou,served_by,true
425900,cn:prefecture_city:yongzhou,served_by,true
427000,cn:prefecture_city:zhangjiajie,served_by,true
427100,cn:prefecture_city:zhangjiajie,served_by,true
427200,cn:prefecture_city:zhangjiajie,served_by,true
430000,cn:prefecture_city:wuhan,served_by,true
430100,cn:prefecture_city:wuhan,served_by,true
430200,cn:prefecture_city:wuhan,served_by,true
431300,cn:prefecture_city:wuhan,served_by,true
431700,cn:province:hubei,served_by,true
431800,cn:prefecture_city:jingmen,served_by,true
431900,cn:prefecture_city:jingmen,served_by,true
432000,cn:prefecture_city:xiaogan,served_by,true
432100,cn:prefecture_city:xiaogan,served_by,true
432200,cn:prefecture_city:wuhan,served_by,true
432300,cn:prefecture_city:xiaogan,served_by,true
432400,cn:prefecture_city:xiaogan,served_by,true
432500,cn:prefecture_city:xiaogan,served_by,true
432600,cn:prefecture_city:xiaogan,served_by,true
432700,cn:prefecture_city:suizhou,served_by,true
432800,cn:prefecture_city:xiaogan,served_by,true
433000,cn:province:hubei,served_by,true
433100,cn:province:hubei,served_by,true
433200,cn:prefecture_city:jingzhou,served_by,true
433300,cn:prefecture_city:jingzhou,served_by,true
434000,cn:prefecture_city:jingzhou,served_by,true
434100,cn:prefecture_city:jingzhou,served_by,true
434200,cn:prefecture_city:jingzhou,served_by,true
434300,cn:prefecture_city:jingzhou,served_by,true
434400,cn:prefecture_city:jingzhou,served_by,true
435000,cn:prefecture_city:huangshi,served_by,true
435100,cn:prefecture_city:huangshi,served_by,true
435200,cn:prefecture_city:huangshi,served_by,true
435300,cn:prefecture_city:huanggang,served_by,true
435400,cn:prefecture_city:huanggang,served_by,true
435500,cn:prefecture_city:huanggang,served_by,true
436000,cn:prefecture_city:ezhou,served_by,true
437000,cn:prefecture_city:xianning,served_by,true
437200,cn:prefecture_city:xianning,served_by,true
437300,cn:prefecture_city:xianning,served_by,true
437400,cn:prefecture_city:xianning,served_by,true
437500,cn:prefecture_city:xianning,served_by,true
437600,cn:prefecture_city:xianning,served_by,true
438000,cn:prefecture_city:huanggang,served_by,true
438200,cn:prefecture_city:huanggang,served_by,true
438300,cn:prefecture_city:huanggang,served_by,true
438400,cn:prefecture_city:huanggang,served_by,true
438600,cn:prefecture_city:huanggang,served_by,true
438700,cn:prefecture_city:huanggang,served_by,true
441000,cn:prefecture_city:xiangyang,served_by,true
441100,cn:prefecture_city:xiangyang,served_by,true
441200,cn:prefecture_city:xiangyang,served_by,true
441300,cn:prefecture_city:suizhou,served_by,true
441400,cn:prefecture_city:xiangyang,served_by,true
441500,cn:prefecture_city:xiangyang,served_by,true
441600,cn:prefecture_city:xiangyang,served_by,true
441700,cn:prefecture_city:xiangyang,served_by,true
441800,cn:prefecture_city:xiangyang,served_by,true
442000,cn:prefecture_city:shiyan,served_by,true
442100,cn:prefecture_city:shiyan,served_by,true
442200,cn:prefecture_city:shiyan,served_by,true
442300,cn:prefecture_city:shiyan,served_by,true
442400,cn:province:hubei,served_by,true
442500,cn:prefecture_city:shiyan,served_by,true
442600,cn:prefecture_city:shiyan,served_by,true
442700,cn:prefecture_city:shiyan,served_by,true
443000,cn:prefecture_city:yichang,served_by,true
443100,cn:prefecture_city:yichang,served_by,true
443200,cn:prefecture_city:yichang,served_by,true
443400,cn:prefecture_city:yichang,served_by,true
443500,cn:prefecture_city:yichang,served_by,true
443600,cn:prefecture_city:yichang,served_by,true
443700,cn:prefecture_city:yichang,served_by,true
444100,cn:prefecture_city:yichang,served_by,true
444200,cn:prefecture_city:yichang,served_by,true
444300,cn:autonomous_prefecture:enshi,served_by,true
445000,cn:autonomous_prefecture:enshi,served_by,true
445300,cn:autonomous_prefecture:enshi,served_by,true
445400,cn:autonomous_prefecture:enshi,served_by,true
445500,cn:autonomous_prefecture:enshi,served_by,true
445600,cn:autonomous_prefecture:enshi,served_by,true
445700,cn:autonomous_prefecture:enshi,served_by,true
445800,cn:autonomous_prefecture:enshi,served_by,true
448000,cn:prefecture_city:jingmen,served_by,true
448200,cn:prefecture_city:jingmen,served_by,true
450000,cn:prefecture_city:zhengzhou,served_by,true
450100,cn:prefecture_city:zhengzhou,served_by,true
451100,cn:prefecture_city:zhengzhou,served_by,true
451200,cn:prefecture_city:zhengzhou,served_by,true
451300,cn:prefecture_city:zhengzhou,served_by,true
452100,cn:prefecture_city:kaifeng,served_by,true
452200,cn:prefecture_city:kaifeng,served_by,true
452300,cn:prefecture_city:zhengzhou,served_by,true
452400,cn:prefecture_city:zhengzhou,served_by,true
452600,cn:prefecture_city:zhoukou,served_by,true
453000,cn:prefecture_city:xinxiang,served_by,true
453100,cn:prefecture_city:xinxiang,served_by,true
453200,cn:prefecture_city:xinxiang,served_by,true
453300,cn:prefecture_city:xinxiang,served_by,true
453400,cn:prefecture_city:xinxiang,served_by,true
453600,cn:prefecture_city:xinxiang,served_by,true
453700,cn:prefecture_city:xinxiang,served_by,true
453800,cn:prefecture_city:xinxiang,served_by,true
454100,cn:prefecture_city:jiaozuo,served_by,true
454300,cn:prefecture_city:jiaozuo,served_by,true
454400,cn:prefecture_city:jiaozuo,served_by,true
454500,cn:prefecture_city:jiaozuo,served_by,true
454600,cn:province:henan,served_by,true
454700,cn:prefecture_city:jiaozuo,served_by,true
454800,cn:prefecture_city:jiaozuo,served_by,true
454900,cn:prefecture_city:jiaozuo,served_by,true
455000,cn:prefecture_city:anyang,served_by,true
455100,cn:prefecture_city:anyang,served_by,true
456100,cn:prefecture_city:anyang,served_by,true
456200,cn:prefecture_city:hebi,served_by,true
456300,cn:prefecture_city:anyang,served_by,true
456400,cn:prefecture_city:anyang,served_by,true
456500,cn:prefecture_city:anyang,served_by,true
456600,cn:prefecture_city:hebi,served_by,true
456700,cn:prefecture_city:hebi,served_by,true
457000,cn:prefecture_city:puyang,served_by,true
457100,cn:prefecture_city:puyang,served_by,true
457300,cn:prefecture_city:puyang,served_by,true
457400,cn:prefecture_city:puyang,served_by,true
457500,cn:prefecture_city:puyang,served_by,true
457600,cn:prefecture_city:puyang,served_by,true
461000,cn:prefecture_city:xuchang,served_by,true
461100,cn:prefecture_city:xuchang,served_by,true
461200,cn:prefecture_city:xuchang,served_by,true
461300,cn:prefecture_city:zhoukou,served_by,true
461500,cn:prefecture_city:xuchang,served_by,true
461600,cn:prefecture_city:xuchang,served_by,true
462000,cn:prefecture_city:luohe,served_by,true
462100,cn:prefecture_city:zhumadian,served_by,true
462300,cn:prefecture_city:luohe,served_by,true
462400,cn:prefecture_city:luohe,served_by,true
462500,cn:prefecture_city:pingdingshan,served_by,true
462600,cn:prefecture_city:luohe,served_by,true
463000,cn:prefecture_city:zhumadian,served_by,true
463100,cn:prefecture_city:zhumadian,served_by,true
463200,cn:prefecture_city:zhumadian,served_by,true
463300,cn:prefecture_city:zhumadian,served_by,true
463400,cn:prefecture_city:zhumadian,served_by,true
463500,cn:prefecture_city:zhumadian,served_by,true
463600,cn:prefecture_city:zhumadian,served_by,true
463700,cn:prefecture_city:zhumadian,served_by,true
464000,cn:prefecture_city:xinyang,served_by,true
464200,cn:prefecture_city:xinyang,served_by,true
464300,cn:prefecture_city:xinyang,served_by,true
464400,cn:prefecture_city:xinyang,served_by,true
465100,cn:prefecture_city:xinyang,served_by,true
465200,cn:prefecture_city:xinyang,served_by,true
465300,cn:prefecture_city:xinyang,served_by,true
465400,cn:prefecture_city:xinyang,served_by,true
465500,cn:prefecture_city:xinyang,served_by,true
466000,cn:prefecture_city:zhoukou,served_by,true
466100,cn:prefecture_city:zhoukou,served_by,true
466200,cn:prefecture_city:zhoukou,served_by,true
466300,cn:prefecture_city:zhoukou,served_by,true
466600,cn:prefecture_city:zhoukou,served_by,true
466700,cn:prefecture_city:zhoukou,served_by,true
467000,cn:prefecture_city:pingdingshan,served_by,true
467100,cn:prefecture_city:pingdingshan,served_by,true
467200,cn:prefecture_city:pingdingshan,served_by,true
467300,cn:prefecture_city:pingdingshan,served_by,true
467400,cn:prefecture_city:pingdingshan,served_by,true
467500,cn:prefecture_city:pingdingshan,served_by,true
471000,cn:prefecture_city:luoyang,served_by,true
471100,cn:prefecture_city:luoyang,served_by,true
471200,cn:prefecture_city:luoyang,served_by,true
471300,cn:prefecture_city:luoyang,served_by,true
471400,cn:prefecture_city:luoyang,served_by,true
471500,cn:prefecture_city:luoyang,served_by,true
471600,cn:prefecture_city:luoyang,served_by,true
471700,cn:prefecture_city:luoyang,served_by,true
471800,cn:prefecture_city:luoyang,served_by,true
471900,cn:prefecture_city:luoyang,served_by,true
472000,cn:prefecture_city:sanmenxia,served_by,true
472100,cn:prefecture_city:sanmenxia,served_by,true
472200,cn:prefecture_city:sanmenxia,served_by,true
472300,cn:prefecture_city:sanmenxia,served_by,true
472400,cn:prefecture_city:sanmenxia,served_by,true
472500,cn:prefecture_city:sanmenxia,served_by,true
473100,cn:prefecture_city:nanyang,served_by,true
473200,cn:prefecture_city:nanyang,served_by,true
473300,cn:prefecture_city:nanyang,served_by,true
473400,cn:prefecture_city:nanyang,served_by,true
473500,cn:prefecture_city:nanyang,served_by,true
474100,cn:prefecture_city:nanyang,served_by,true
474200,cn:prefecture_city:nanyang,served_by,true
474300,cn:prefecture_city:nanyang,served_by,true
474400,cn:prefecture_city:nanyang,served_by,true
474500,cn:prefecture_city:nanyang,served_by,true
474600,cn:prefecture_city:nanyang,served_by,true
474700,cn:prefecture_city:nanyang,served_by,true
475000,cn:prefecture_city:kaifeng,served_by,true
475100,cn:prefecture_city:kaifeng,served_by,true
475200,cn:prefecture_city:kaifeng,served_by,true
475300,cn:prefecture_city:kaifeng,served_by,true
475400,cn:prefecture_city:zhoukou,served_by,true
476100,cn:prefecture_city:shangqiu,served_by,true
476200,cn:prefecture_city:shangqiu,served_by,true
476300,cn:prefecture_city:shangqiu,served_by,true
476400,cn:prefecture_city:shangqiu,served_by,true
476600,cn:prefecture_city:shangqiu,served_by,true
476700,cn:prefecture_city:shangqiu,served_by,true
476800,cn:prefecture_city:shangqiu,served_by,true
476900,cn:prefecture_city:shangqiu,served_by,true
477100,cn:prefecture_city:zhoukou,served_by,true
477200,cn:prefecture_city:zhoukou,served_by,true
510000,cn:prefecture_city:guangzhou,served_by,true
510800,cn:prefecture_city:guangzhou,served_by,true
510900,cn:prefecture_city:guangzhou,served_by,true
511100,cn:prefecture_city:shaoguan,served_by,true
511300,cn:prefecture_city:guangzhou,served_by,true
511400,cn:prefecture_city:guangzhou,served_by,true
511500,cn:prefecture_city:qingyuan,served_by,true
511600,cn:prefecture_city:qingyuan,served_by,true
512000,cn:prefecture_city:shaoguan,served_by,true
512100,cn:prefecture_city:shaoguan,served_by,true
512200,cn:prefecture_city:shaoguan,served_by,true
512300,cn:prefecture_city:shaoguan,served_by,true
512400,cn:prefecture_city:shaoguan,served_by,true
512500,cn:prefecture_city:shaoguan,served_by,true
512600,cn:prefecture_city:shaoguan,served_by,true
512700,cn:prefecture_city:qingyuan,served_by,true
513000,cn:prefecture_city:qingyuan,served_by,true
513100,cn:prefecture_city:qingyuan,served_by,true
513200,cn:prefecture_city:qingyuan,served_by,true
513300,cn:prefecture_city:qingyuan,served_by,true
513400,cn:prefecture_city:qingyuan,served_by,true
514000,cn:prefecture_city:meizhou,served_by,true
514100,cn:prefecture_city:meizhou,served_by,true
514200,cn:prefecture_city:meizhou,served_by,true
514300,cn:prefecture_city:meizhou,served_by,true
514400,cn:prefecture_city:meizhou,served_by,true
514500,cn:prefecture_city:meizhou,served_by,true
514600,cn:prefecture_city:meizhou,served_by,true
515000,cn:prefecture_city:shantou,served_by,true
515100,cn:prefecture_city:shantou,served_by,true
515200,cn:prefecture_city:jieyang,served_by,true
515300,cn:prefecture_city:jieyang,served_by,true
515400,cn:prefecture_city:jieyang,served_by,true
515500,cn:prefecture_city:jieyang,served_by,true
515600,cn:prefecture_city:chaozhou,served_by,true
515700,cn:prefecture_city:chaozhou,served_by,true
515800,cn:prefecture_city:shantou,served_by,true
515900,cn:prefecture_city:shantou,served_by,true
516000,cn:prefecture_city:huizhou,served_by,true
516100,cn:prefecture_city:huizhou,served_by,true
516200,cn:prefecture_city:huizhou,served_by,true
516300,cn:prefecture_city:huizhou,served_by,true
516400,cn:prefecture_city:shanwei,served_by,true
516500,cn:prefecture_city:shanwei,served_by,true
516600,cn:prefecture_city:shanwei,served_by,true
516700,cn:prefecture_city:shanwei,served_by,true
516800,cn:prefecture_city:huizhou,served_by,true
517000,cn:prefecture_city:heyuan,served_by,true
517100,cn:prefecture_city:heyuan,served_by,true
517200,cn:prefecture_city:heyuan,served_by,true
517300,cn:prefecture_city:heyuan,served_by,true
517400,cn:prefecture_city:heyuan,served_by,true
517500,cn:prefecture_city:heyuan,served_by,true
518000,cn:prefecture_city:shenzhen,served_by,true
518100,cn:prefecture_city:shenzhen,served_by,true
519000,cn:prefecture_city:zhuhai,served_by,true
519100,cn:prefecture_city:zhuhai,served_by,true
521000,cn:prefecture_city:chaozhou,served_by,true
522000,cn:prefecture_city:jieyang,served_by,true
523000,cn:prefecture_city:dongguan,served_by,true
524000,cn:prefecture_city:zhanjiang,served_by,true
524100,cn:prefecture_city:zhanjiang,served_by,true
524200,cn:prefecture_city:zhanjiang,served_by,true
524300,cn:prefecture_city:zhanjiang,served_by,true
524400,cn:prefecture_city:zhanjiang,served_by,true
524500,cn:prefecture_city:zhanjiang,served_by,true
525000,cn:prefecture_city:maoming,served_by,true
525100,cn:prefecture_city:maoming,served_by,true
525200,cn:prefecture_city:maoming,served_by,true
525300,cn:prefecture_city:maoming,served_by,true
525400,cn:prefecture_city:maoming,served_by,true
526000,cn:prefecture_city:zhaoqing,served_by,true
526100,cn:prefecture_city:zhaoqing,served_by,true
526200,cn:prefecture_city:zhaoqing,served_by,true
526300,cn:prefecture_city:zhaoqing,served_by,true
526400,cn:prefecture_city:zhaoqing,served_by,true
526500,cn:prefecture_city:zhaoqing,served_by,true
526600,cn:prefecture_city:zhaoqing,served_by,true
527000,cn:prefecture_city:yunfu,served_by,true
527100,cn:prefecture_city:yunfu,served_by,true
527200,cn:prefecture_city:yunfu,served_by,true
527300,cn:prefecture_city:yunfu,served_by,true
527400,cn:prefecture_city:yunfu,served_by,true
527500,cn:prefecture_city:yunfu,served_by,true
528000,cn:prefecture_city:foshan,served_by,true
528100,cn:prefecture_city:foshan,served_by,true
528200,cn:prefecture_city:foshan,served_by,true
528300,cn:prefecture_city:foshan,served_by,true
528400,cn:prefecture_city:zhongshan,served_by,true
528500,cn:prefecture_city:foshan,served_by,true
529000,cn:prefecture_city:jiangmen,served_by,true
529100,cn:prefecture_city:jiangmen,served_by,true
529200,cn:prefecture_city:jiangmen,served_by,true
529300,cn:prefecture_city:jiangmen,served_by,true
529400,cn:prefecture_city:jiangmen,served_by,true
529500,cn:prefecture_city:jiangmen,served_by,true
529600,cn:prefecture_city:yangjiang,served_by,true
529700,cn:prefecture_city:yangjiang,served_by,true
529800,cn:prefecture_city:yangjiang,served_by,true
530000,cn:prefecture_city:nanning,served_by,true
530100,cn:prefecture_city:nanning,served_by,true
530200,cn:prefecture_city:nanning,served_by,true
530300,cn:prefecture_city:nanning,served_by,true
530400,cn:prefecture_city:nanning,served_by,true
530500,cn:prefecture_city:nanning,served_by,true
530600,cn:prefecture_city:nanning,served_by,true
530700,cn:prefecture_city:hechi,served_by,true
530800,cn:prefecture_city:hechi,served_by,true
531400,cn:prefecture_city:baise,served_by,true
531500,cn:prefecture_city:baise,served_by,true
532100,cn:prefecture_city:chongzuo,served_by,true
532200,cn:prefecture_city:chongzuo,served_by,true
532300,cn:prefecture_city:chongzuo,served_by,true
532400,cn:prefecture_city:chongzuo,served_by,true
532500,cn:prefecture_city:chongzuo,served_by,true
532600,cn:prefecture_city:chongzuo,served_by,true
532700,cn:prefecture_city:nanning,served_by,true
532800,cn:prefecture_city:chongzuo,served_by,true
533000,cn:prefecture_city:baise,served_by,true
533100,cn:prefecture_city:baise,served_by,true
533200,cn:prefecture_city:baise,served_by,true
533300,cn:prefecture_city:baise,served_by,true
533400,cn:prefecture_city:baise,served_by,true
533500,cn:prefecture_city:baise,served_by,true
533600,cn:prefecture_city:baise,served_by,true
533700,cn:prefecture_city:baise,served_by,true
533800,cn:prefecture_city:baise,served_by,true
533900,cn:prefecture_city:baise,served_by,true
535000,cn:prefecture_city:qinzhou,served_by,true
535300,cn:prefecture_city:qinzhou,served_by,true
535400,cn:prefecture_city:qinzhou,served_by,true
535500,cn:prefecture_city:fangchenggang,served_by,true
536000,cn:prefecture_city:beihai,served_by,true
536100,cn:prefecture_city:beihai,served_by,true
537000,cn:prefecture_city:yulin-guangxi,served_by,true
537100,cn:prefecture_city:guigang,served_by,true
537200,cn:prefecture_city:guigang,served_by,true
537300,cn:prefecture_city:guigang,served_by,true
537400,cn:prefecture_city:yulin-guangxi,served_by,true
537500,cn:prefecture_city:yulin-guangxi,served_by,true
537600,cn:prefecture_city:yulin-guangxi,served_by,true
537700,cn:prefecture_city:yulin-guangxi,served_by,true
537800,cn:prefecture_city:yulin-guangxi,served_by,true
538000,cn:prefecture_city:fangchenggang,served_by,true
538100,cn:prefecture_city:fangchenggang,served_by,true
541000,cn:prefecture_city:guilin,served_by,true
541100,cn:prefecture_city:guilin,served_by,true
541200,cn:prefecture_city:guilin,served_by,true
541300,cn:prefecture_city:wuzhou,served_by,true
541400,cn:prefecture_city:guilin,served_by,true
541500,cn:prefecture_city:guilin,served_by,true
541600,cn:prefecture_city:guilin,served_by,true
541700,cn:prefecture_city:wuzhou,served_by,true
541800,cn:prefecture_city:guilin,served_by,true
541900,cn:prefecture_city:guilin,served_by,true
542400,cn:prefecture_city:guilin,served_by,true
542500,cn:prefecture_city:guilin,served_by,true
542600,cn:prefecture_city:hezhou,served_by,true
542700,cn:prefecture_city:hezhou,served_by,true
542800,cn:prefecture_city:hezhou,served_by,true
543000,cn:prefecture_city:wuzhou,served_by,true
543100,cn:prefecture_city:wuzhou,served_by,true
543200,cn:prefecture_city:wuzhou,served_by,true
543300,cn:prefecture_city:wuzhou,served_by,true
545000,cn:prefecture_city:liuzhou,served_by,true
545100,cn:prefecture_city:liuzhou,served_by,true
545200,cn:prefecture_city:liuzhou,served_by,true
545300,cn:prefecture_city:liuzhou,served_by,true
545400,cn:prefecture_city:liuzhou,served_by,true
545500,cn:prefecture_city:liuzhou,served_by,true
545600,cn:prefecture_city:liuzhou,served_by,true
545700,cn:prefecture_city:laibin,served_by,true
545800,cn:prefecture_city:laibin,served_by,true
545900,cn:prefecture_city:laibin,served_by,true
546100,cn:prefecture_city:laibin,served_by,true
546200,cn:prefecture_city:laibin,served_by,true
546300,cn:prefecture_city:hechi,served_by,true
546400,cn:prefecture_city:hechi,served_by,true
546500,cn:prefecture_city:laibin,served_by,true
546600,cn:prefecture_city:guilin,served_by,true
546700,cn:prefecture_city:wuzhou,served_by,true
546800,cn:prefecture_city:hezhou,served_by,true
547000,cn:prefecture_city:hechi,served_by,true
547100,cn:prefecture_city:hechi,served_by,true
547200,cn:prefecture_city:hechi,served_by,true
547300,cn:prefecture_city:hechi,served_by,true
547400,cn:prefecture_city:hechi,served_by,true
547500,cn:prefecture_city:hechi,served_by,true
550000,cn:prefecture_city:guiyang,served_by,true
550100,cn:autonomous_prefecture:qiannan,served_by,true
550200,cn:prefecture_city:guiyang,served_by,true
550300,cn:prefecture_city:guiyang,served_by,true
550400,cn:autonomous_prefecture:qiannan,served_by,true
550500,cn:autonomous_prefecture:qiannan,served_by,true
550600,cn:autonomous_prefecture:qiannan,served_by,true
550700,cn:autonomous_prefecture:qiannan,served_by,true
550800,cn:prefecture_city:anshun,served_by,true
551100,cn:prefecture_city:guiyang,served_by,true
551200,cn:autonomous_prefecture:qiannan,served_by,true
551300,cn:autonomous_prefecture:qiannan,served_by,true
551400,cn:prefecture_city:guiyang,served_by,true
551500,cn:prefecture_city:bijie,served_by,true
551600,cn:prefecture_city:bijie,served_by,true
551700,cn:prefecture_city:bijie,served_by,true
552100,cn:prefecture_city:bijie,served_by,true
552200,cn:autonomous_prefecture:qianxinan,served_by,true
552300,cn:autonomous_prefecture:qianxinan,served_by,true
552400,cn:autonomous_prefecture:qianxinan,served_by,true
553000,cn:prefecture_city:liupanshui,served_by,true
553100,cn:prefecture_city:bijie,served_by,true
553200,cn:prefecture_city:bijie,served_by,true
553300,cn:prefecture_city:bijie,served_by,true
553400,cn:prefecture_city:liupanshui,served_by,true
553500,cn:prefecture_city:liupanshui,served_by,true
554000,cn:prefecture_city:tongren,served_by,true
554100,cn:prefecture_city:tongren,served_by,true
554200,cn:prefecture_city:tongren,served_by,true
554300,cn:prefecture_city:tongren,served_by,true
554400,cn:prefecture_city:tongren,served_by,true
555100,cn:prefecture_city:tongren,served_by,true
555200,cn:prefecture_city:tongren,served_by,true
556000,cn:autonomous_prefecture:qiandongnan,served_by,true
556100,cn:autonomous_prefecture:qiandongnan,served_by,true
556200,cn:autonomous_prefecture:qiandongnan,served_by,true
556300,cn:autonomous_prefecture:qiandongnan,served_by,true
556400,cn:autonomous_prefecture:qiandongnan,served_by,true
556500,cn:autonomous_prefecture:qiandongnan,served_by,true
556600,cn:autonomous_prefecture:qiandongnan,served_by,true
556700,cn:autonomous_prefecture:qiandongnan,served_by,true
557100,cn:autonomous_prefecture:qiandongnan,served_by,true
557200,cn:autonomous_prefecture:qiandongnan,served_by,true
557300,cn:autonomous_prefecture:qiandongnan,served_by,true
557400,cn:autonomous_prefecture:qiandongnan,served_by,true
557500,cn:autonomous_prefecture:qiandongnan,served_by,true
557600,cn:autonomous_prefecture:qiandongnan,served_by,true
557700,cn:autonomous_prefecture:qiandongnan,served_by,true
558000,cn:autonomous_prefecture:qiannan,served_by,true
558100,cn:autonomous_prefecture:qiannan,served_by,true
558200,cn:autonomous_prefecture:qiannan,served_by,true
558300,cn:autonomous_prefecture:qiannan,served_by,true
558400,cn:autonomous_prefecture:qiannan,served_by,true
561000,cn:prefecture_city:anshun,served_by,true
561100,cn:prefecture_city:anshun,served_by,true
561200,cn:prefecture_city:anshun,served_by,true
561300,cn:prefecture_city:anshun,served_by,true
561400,cn:autonomous_prefecture:qianxinan,served_by,true
561500,cn:autonomous_prefecture:qianxinan,served_by,true
562100,cn:prefecture_city:anshun,served_by,true
562200,cn:autonomous_prefecture:qianxinan,served_by,true
562300,cn:autonomous_prefecture:qianxinan,served_by,true
562400,cn:autonomous_prefecture:qianxinan,served_by,true
563000,cn:prefecture_city:zunyi,served_by,true
563100,cn:prefecture_city:zunyi,served_by,true
563200,cn:prefecture_city:zunyi,served_by,true
563300,cn:prefecture_city:zunyi,served_by,true
563400,cn:prefecture_city:zunyi,served_by,true
563500,cn:prefecture_city:zunyi,served_by,true
564100,cn:prefecture_city:zunyi,served_by,true
564200,cn:prefecture_city:zunyi,served_by,true
564300,cn:prefecture_city:zunyi,served_by,true
564400,cn:prefecture_city:zunyi,served_by,true
564500,cn:prefecture_city:zunyi,served_by,true
564600,cn:prefecture_city:zunyi,served_by,true
564700,cn:prefecture_city:zunyi,served_by,true
565100,cn:prefecture_city:tongren,served_by,true
565200,cn:prefecture_city:tongren,served_by,true
565300,cn:prefecture_city:tongren,served_by,true
570000,cn:prefecture_city:haikou,served_by,true
571100,cn:prefecture_city:haikou,served_by,true
571200,cn:province:hainan,served_by,true
571300,cn:province:hainan,served_by,true
571400,cn:province:hainan,served_by,true
571500,cn:province:hainan,served_by,true
571600,cn:province:hainan,served_by,true
571700,cn:prefecture_city:danzhou,served_by,true
571800,cn:province:hainan,served_by,true
571900,cn:province:hainan,served_by,true
572000,cn:prefecture_city:sanya,served_by,true
572200,cn:province:hainan,served_by,true
572300,cn:province:hainan,served_by,true
572400,cn:province:hainan,served_by,true
572500,cn:province:hainan,served_by,true
572600,cn:province:hainan,served_by,true
572700,cn:province:hainan,served_by,true
572800,cn:province:hainan,served_by,true
572900,cn:province:hainan,served_by,true
573100,cn:prefecture_city:sansha,served_by,true
578000,cn:prefecture_city:danzhou,served_by,true
610000,cn:prefecture_city:chengdu,served_by,true
610100,cn:prefecture_city:chengdu,served_by,true
610200,cn:prefecture_city:chengdu,served_by,true
610300,cn:prefecture_city:chengdu,served_by,true
610400,cn:prefecture_city:chengdu,served_by,true
611100,cn:prefecture_city:chengdu,served_by,true
611200,cn:prefecture_city:chengdu,served_by,true
611300,cn:prefecture_city:chengdu,served_by,true
611400,cn:prefecture_city:chengdu,served_by,true
611500,cn:prefecture_city:chengdu,served_by,true
611600,cn:prefecture_city:chengdu,served_by,true
611700,cn:prefecture_city:chengdu,served_by,true
611800,cn:prefecture_city:chengdu,served_by,true
611900,cn:prefecture_city:chengdu,served_by,true
613100,cn:prefecture_city:leshan,served_by,true
614000,cn:prefecture_city:leshan,served_by,true
614100,cn:prefecture_city:leshan,served_by,true
614200,cn:prefecture_city:leshan,served_by,true
614300,cn:prefecture_city:leshan,served_by,true
614400,cn:prefecture_city:leshan,served_by,true
614500,cn:prefecture_city:leshan,served_by,true
614600,cn:prefecture_city:leshan,served_by,true
614700,cn:prefecture_city:leshan,served_by,true
614800,cn:prefecture_city:leshan,served_by,true
614900,cn:prefecture_city:leshan,served_by,true
615000,cn:autonomous_prefecture:liangshan,served_by,true
615100,cn:autonomous_prefecture:liangshan,served_by,true
615200,cn:autonomous_prefecture:liangshan,served_by,true
615300,cn:autonomous_prefecture:liangshan,served_by,true
615400,cn:autonomous_prefecture:liangshan,served_by,true
615500,cn:autonomous_prefecture:liangshan,served_by,true
615600,cn:autonomous_prefecture:liangshan,served_by,true
615700,cn:autonomous_prefecture:liangshan,served_by,true
615800,cn:autonomous_prefecture:liangshan,served_by,true
616100,cn:autonomous_prefecture:liangshan,served_by,true
616200,cn:autonomous_prefecture:liangshan,served_by,true
616300,cn:autonomous_prefecture:liangshan,served_by,true
616400,cn:autonomous_prefecture:liangshan,served_by,true
616500,cn:autonomous_prefecture:liangshan,served_by,true
616600,cn:autonomous_prefecture:liangshan,served_by,true
616700,cn:autonomous_prefecture:liangshan,served_by,true
616800,cn:autonomous_prefecture:liangshan,served_by,true
617000,cn:prefecture_city:panzhihua,served_by,true
617100,cn:prefecture_city:panzhihua,served_by,true
617200,cn:prefecture_city:panzhihua,served_by,true
618000,cn:prefecture_city:deyang,served_by,true
618100,cn:prefecture_city:deyang,served_by,true
618200,cn:prefecture_city:deyang,served_by,true
618300,cn:prefecture_city:deyang,served_by,true
618400,cn:prefecture_city:deyang,served_by,true
618500,cn:prefecture_city:deyang,served_by,true
620000,cn:prefecture_city:meishan,served_by,true
620200,cn:prefecture_city:meishan,served_by,true
620300,cn:prefecture_city:meishan,served_by,true
620400,cn:prefecture_city:meishan,served_by,true
620500,cn:prefecture_city:meishan,served_by,true
620800,cn:prefecture_city:meishan,served_by,true
621000,cn:prefecture_city:mianyang,served_by,true
621100,cn:prefecture_city:mianyang,served_by,true
621600,cn:prefecture_city:mianyang,served_by,true
621700,cn:prefecture_city:mianyang,served_by,true
622100,cn:prefecture_city:mianyang,served_by,true
622500,cn:prefecture_city:mianyang,served_by,true
622600,cn:prefecture_city:mianyang,served_by,true
622700,cn:prefecture_city:mianyang,served_by,true
623000,cn:autonomous_prefecture:ngawa,served_by,true
623100,cn:autonomous_prefecture:ngawa,served_by,true
623200,cn:autonomous_prefecture:ngawa,served_by,true
623300,cn:autonomous_prefecture:ngawa,served_by,true
623400,cn:autonomous_prefecture:ngawa,served_by,true
623500,cn:autonomous_prefecture:ngawa,served_by,true
624000,cn:autonomous_prefecture:ngawa,served_by,true
624100,cn:autonomous_prefecture:ngawa,served_by,true
624200,cn:autonomous_prefecture:ngawa,served_by,true
624300,cn:autonomous_prefecture:ngawa,served_by,true
624400,cn:autonomous_prefecture:ngawa,served_by,true
624500,cn:autonomous_prefecture:ngawa,served_by,true
624600,cn:autonomous_prefecture:ngawa,served_by,true
624700,cn:autonomous_prefecture:golog,served_by,true
625000,cn:prefecture_city:ya-an,served_by,true
625100,cn:prefecture_city:ya-an,served_by,true
625200,cn:prefecture_city:ya-an,served_by,true
625300,cn:prefecture_city:ya-an,served_by,true
625400,cn:prefecture_city:ya-an,served_by,true
625500,cn:prefecture_city:ya-an,served_by,true
625600,cn:prefecture_city:ya-an,served_by,true
625700,cn:prefecture_city:ya-an,served_by,true
626000,cn:autonomous_prefecture:garze,served_by,true
626100,cn:autonomous_prefecture:garze,served_by,true
626200,cn:autonomous_prefecture:garze,served_by,true
626300,cn:autonomous_prefecture:garze,served_by,true
626400,cn:autonomous_prefecture:garze,served_by,true
626500,cn:autonomous_prefecture:garze,served_by,true
626600,cn:autonomous_prefecture:garze,served_by,true
626700,cn:autonomous_prefecture:garze,served_by,true
626800,cn:autonomous_prefecture:garze,served_by,true
627100,cn:autonomous_prefecture:garze,served_by,true
627200,cn:autonomous_prefecture:garze,served_by,true
627300,cn:autonomous_prefecture:garze,served_by,true
627400,cn:autonomous_prefecture:garze,served_by,true
627500,cn:autonomous_prefecture:garze,served_by,true
627600,cn:autonomous_prefecture:garze,served_by,true
627700,cn:autonomous_prefecture:garze,served_by,true
627800,cn:autonomous_prefecture:garze,served_by,true
627900,cn:autonomous_prefecture:garze,served_by,true
628000,cn:prefecture_city:guangyuan,served_by,true
628100,cn:prefecture_city:guangyuan,served_by,true
628200,cn:prefecture_city:guangyuan,served_by,true
628300,cn:prefecture_city:guangyuan,served_by,true
628400,cn:prefecture_city:guangyuan,served_by,true
629000,cn:prefecture_city:suining,served_by,true
629100,cn:prefecture_city:suining,served_by,true
629200,cn:prefecture_city:suining,served_by,true
629300,cn:prefecture_city:suining,served_by,true
635000,cn:prefecture_city:dazhou,served_by,true
635100,cn:prefecture_city:dazhou,served_by,true
635200,cn:prefecture_city:dazhou,served_by,true
635600,cn:prefecture_city:bazhong,served_by,true
636100,cn:prefecture_city:dazhou,served_by,true
636200,cn:prefecture_city:dazhou,served_by,true
636300,cn:prefecture_city:dazhou,served_by,true
636400,cn:prefecture_city:bazhong,served_by,true
636600,cn:prefecture_city:bazhong,served_by,true
637000,cn:prefecture_city:nanchong,served_by,true
637100,cn:prefecture_city:nanchong,served_by,true
637200,cn:prefecture_city:nanchong,served_by,true
637300,cn:prefecture_city:nanchong,served_by,true
637400,cn:prefecture_city:nanchong,served_by,true
637500,cn:prefecture_city:nanchong,served_by,true
637600,cn:prefecture_city:nanchong,served_by,true
637700,cn:prefecture_city:nanchong,served_by,true
637800,cn:prefecture_city:nanchong,served_by,true
638000,cn:prefecture_city:guang-an,served_by,true
638300,cn:prefecture_city:guang-an,served_by,true
638400,cn:prefecture_city:guang-an,served_by,true
638500,cn:prefecture_city:guang-an,served_by,true
638600,cn:prefecture_city:guang-an,served_by,true
641000,cn:prefecture_city:neijiang,served_by,true
641100,cn:prefecture_city:neijiang,served_by,true
641200,cn:prefecture_city:neijiang,served_by,true
641300,cn:prefecture_city:ziyang,served_by,true
641400,cn:prefecture_city:chengdu,served_by,true
641500,cn:prefecture_city:ziyang,served_by,true
642100,cn:prefecture_city:neijiang,served_by,true
642300,cn:prefecture_city:ziyang,served_by,true
642400,cn:prefecture_city:neijiang,served_by,true
643000,cn:prefecture_city:zigong,served_by,true
643100,cn:prefecture_city:zigong,served_by,true
643200,cn:prefecture_city:zigong,served_by,true
644000,cn:prefecture_city:yibin,served_by,true
644100,cn:prefecture_city:yibin,served_by,true
644200,cn:prefecture_city:yibin,served_by,true
644300,cn:prefecture_city:yibin,served_by,true
644400,cn:prefecture_city:yibin,served_by,true
644500,cn:prefecture_city:yibin,served_by,true
644600,cn:prefecture_city:yibin,served_by,true
645100,cn:prefecture_city:yibin,served_by,true
645200,cn:prefecture_city:yibin,served_by,true
645300,cn:prefecture_city:yibin,served_by,true
646000,cn:prefecture_city:luzhou,served_by,true
646100,cn:prefecture_city:luzhou,served_by,true
646200,cn:prefecture_city:luzhou,served_by,true
646300,cn:prefecture_city:luzhou,served_by,true
646400,cn:prefecture_city:luzhou,served_by,true
646500,cn:prefecture_city:luzhou,served_by,true
650000,cn:prefecture_city:kunming,served_by,true
650100,cn:prefecture_city:kunming,served_by,true
650200,cn:prefecture_city:kunming,served_by,true
650300,cn:prefecture_city:kunming,served_by,true
650400,cn:prefecture_city:kunming,served_by,true
650500,cn:prefecture_city:kunming,served_by,true
650600,cn:prefecture_city:kunming,served_by,true
651100,cn:prefecture_city:yuxi,served_by,true
651200,cn:autonomous_prefecture:chuxiong,served_by,true
651300,cn:autonomous_prefecture:chuxiong,served_by,true
651400,cn:autonomous_prefecture:chuxiong,served_by,true
651500,cn:prefecture_city:kunming,served_by,true
651600,cn:autonomous_prefecture:chuxiong,served_by,true
651700,cn:prefecture_city:kunming,served_by,true
652100,cn:prefecture_city:kunming,served_by,true
652200,cn:prefecture_city:kunming,served_by,true
652300,cn:autonomous_prefecture:honghe,served_by,true
652400,cn:autonomous_prefecture:honghe,served_by,true
652500,cn:prefecture_city:yuxi,served_by,true
652600,cn:prefecture_city:yuxi,served_by,true
652700,cn:prefecture_city:yuxi,served_by,true
652800,cn:prefecture_city:yuxi,served_by,true
653100,cn:prefecture_city:yuxi,served_by,true
653200,cn:prefecture_city:yuxi,served_by,true
653300,cn:prefecture_city:yuxi,served_by,true
653400,cn:prefecture_city:yuxi,served_by,true
654100,cn:prefecture_city:kunming,served_by,true
654200,cn:prefecture_city:qujing,served_by,true
654300,cn:autonomous_prefecture:honghe,served_by,true
654400,cn:autonomous_prefecture:honghe,served_by,true
654600,cn:prefecture_city:zhaotong,served_by,true
654800,cn:prefecture_city:pu-er,served_by,true
655000,cn:prefecture_city:qujing,served_by,true
655100,cn:prefecture_city:qujing,served_by,true
655200,cn:prefecture_city:kunming,served_by,true
655400,cn:prefecture_city:qujing,served_by,true
655500,cn:prefecture_city:qujing,served_by,true
655600,cn:prefecture_city:qujing,served_by,true
655700,cn:prefecture_city:qujing,served_by,true
655800,cn:prefecture_city:qujing,served_by,true
657000,cn:prefecture_city:zhaotong,served_by,true
657100,cn:prefecture_city:zhaotong,served_by,true
657300,cn:prefecture_city:zhaotong,served_by,true
657400,cn:prefecture_city:zhaotong,served_by,true
657500,cn:prefecture_city:zhaotong,served_by,true
657600,cn:prefecture_city:kunming,served_by,true
657700,cn:prefecture_city:zhaotong,served_by,true
657800,cn:prefecture_city:zhaotong,served_by,true
657900,cn:prefecture_city:zhaotong,served_by,true
661100,cn:autonomous_prefecture:honghe,served_by,true
661200,cn:autonomous_prefecture:honghe,served_by,true
661300,cn:autonomous_prefecture:honghe,served_by,true
661400,cn:autonomous_prefecture:honghe,served_by,true
661500,cn:autonomous_prefecture:honghe,served_by,true
661600,cn:autonomous_prefecture:honghe,served_by,true
662200,cn:autonomous_prefecture:honghe,served_by,true
662400,cn:autonomous_prefecture:honghe,served_by,true
662500,cn:autonomous_prefecture:honghe,served_by,true
663000,cn:autonomous_prefecture:wenshan,served_by,true
663100,cn:autonomous_prefecture:wenshan,served_by,true
663200,cn:autonomous_prefecture:wenshan,served_by,true
663300,cn:autonomous_prefecture:wenshan,served_by,true
663400,cn:autonomous_prefecture:wenshan,served_by,true
663500,cn:autonomous_prefecture:wenshan,served_by,true
663600,cn:autonomous_prefecture:wenshan,served_by,true
671000,cn:autonomous_prefecture:dali,served_by,true
671100,cn:prefecture_city:yuxi,served_by,true
671200,cn:autonomous_prefecture:dali,served_by,true
671300,cn:autonomous_prefecture:dali,served_by,true
671400,cn:autonomous_prefecture:nujiang,served_by,true
671500,cn:autonomous_prefecture:dali,served_by,true
672100,cn:autonomous_prefecture:dali,served_by,true
672400,cn:autonomous_prefecture:dali,served_by,true
672500,cn:autonomous_prefecture:dali,served_by,true
672600,cn:autonomous_prefecture:dali,served_by,true
672700,cn:autonomous_prefecture:dali,served_by,true
673200,cn:autonomous_prefecture:nujiang,served_by,true
673400,cn:prefecture_city:baoshan,served_by,true
673500,cn:autonomous_prefecture:nujiang,served_by,true
674100,cn:prefecture_city:lijiang,served_by,true
674200,cn:prefecture_city:lijiang,served_by,true
674300,cn:prefecture_city:lijiang,served_by,true
674400,cn:autonomous_prefecture:deqen,served_by,true
674500,cn:autonomous_prefecture:deqen,served_by,true
674600,cn:autonomous_prefecture:deqen,served_by,true
674800,cn:prefecture_city:lijiang,served_by,true
675000,cn:autonomous_prefecture:chuxiong,served_by,true
675100,cn:autonomous_prefecture:chuxiong,served_by,true
675200,cn:autonomous_prefecture:chuxiong,served_by,true
675300,cn:autonomous_prefecture:chuxiong,served_by,true
675400,cn:autonomous_prefecture:chuxiong,served_by,true
675500,cn:autonomous_prefecture:chuxiong,served_by,true
675600,cn:autonomous_prefecture:dali,served_by,true
675700,cn:autonomous_prefecture:dali,served_by,true
675800,cn:prefecture_city:lincang,served_by,true
675900,cn:prefecture_city:lincang,served_by,true
676200,cn:prefecture_city:pu-er,served_by,true
677000,cn:prefecture_city:lincang,served_by,true
677300,cn:prefecture_city:lincang,served_by,true
677400,cn:prefecture_city:lincang,served_by,true
677500,cn:prefecture_city:lincang,served_by,true
677600,cn:prefecture_city:lincang,served_by,true
677700,cn:prefecture_city:lincang,served_by,true
678000,cn:prefecture_city:baoshan,served_by,true
678100,cn:prefecture_city:baoshan,served_by,true
678200,cn:prefecture_city:baoshan,served_by,true
678300,cn:prefecture_city:baoshan,served_by,true
678400,cn:autonomous_prefecture:dehong,served_by,true
678500,cn:autonomous_prefecture:dehong,served_by,true
678600,cn:autonomous_prefecture:dehong,served_by,true
679100,cn:prefecture_city:baoshan,served_by,true
679200,cn:autonomous_prefecture:dehong,served_by,true
679300,cn:autonomous_prefecture:dehong,served_by,true
710000,cn:prefecture_city:xi-an,served_by,true
710100,cn:prefecture_city:xi-an,served_by,true
710200,cn:prefecture_city:xi-an,served_by,true
710300,cn:prefecture_city:xi-an,served_by,true
710400,cn:prefecture_city:xi-an,served_by,true
710500,cn:prefecture_city:xi-an,served_by,true
710600,cn:prefecture_city:xi-an,served_by,true
711200,cn:prefecture_city:xianyang,served_by,true
711300,cn:prefecture_city:xianyang,served_by,true
711400,cn:prefecture_city:shangluo,served_by,true
711500,cn:prefecture_city:shangluo,served_by,true
711600,cn:prefecture_city:ankang,served_by,true
711700,cn:prefecture_city:weinan,served_by,true
712000,cn:prefecture_city:xianyang,served_by,true
712100,cn:prefecture_city:xianyang,served_by,true
712200,cn:prefecture_city:xianyang,served_by,true
713100,cn:prefecture_city:weinan,served_by,true
713200,cn:prefecture_city:xianyang,served_by,true
713300,cn:prefecture_city:xianyang,served_by,true
713400,cn:prefecture_city:xianyang,served_by,true
713500,cn:prefecture_city:xianyang,served_by,true
713600,cn:prefecture_city:xianyang,served_by,true
713700,cn:prefecture_city:xianyang,served_by,true
713800,cn:prefecture_city:xianyang,served_by,true
714000,cn:prefecture_city:weinan,served_by,true
714100,cn:prefecture_city:weinan,served_by,true
714200,cn:prefecture_city:weinan,served_by,true
714300,cn:prefecture_city:weinan,served_by,true
715100,cn:prefecture_city:weinan,served_by,true
715200,cn:prefecture_city:weinan,served_by,true
715300,cn:prefecture_city:weinan,served_by,true
715400,cn:prefecture_city:weinan,served_by,true
715500,cn:prefecture_city:weinan,served_by,true
715600,cn:prefecture_city:weinan,served_by,true
715700,cn:prefecture_city:yan-an,served_by,true
716000,cn:prefecture_city:yan-an,served_by,true
716100,cn:prefecture_city:yan-an,served_by,true
716600,cn:prefecture_city:yan-an,served_by,true
717100,cn:prefecture_city:yan-an,served_by,true
717200,cn:prefecture_city:yan-an,served_by,true
717300,cn:prefecture_city:yan-an,served_by,true
717400,cn:prefecture_city:yan-an,served_by,true
717500,cn:prefecture_city:yan-an,served_by,true
717600,cn:prefecture_city:yan-an,served_by,true
718000,cn:prefecture_city:yulin-shaanxi,served_by,true
718100,cn:prefecture_city:yulin-shaanxi,served_by,true
718200,cn:prefecture_city:yulin-shaanxi,served_by,true
718300,cn:prefecture_city:yulin-shaanxi,served_by,true
718400,cn:prefecture_city:yulin-shaanxi,served_by,true
718500,cn:prefecture_city:yulin-shaanxi,served_by,true
718600,cn:prefecture_city:yulin-shaanxi,served_by,true
719000,cn:prefecture_city:yulin-shaanxi,served_by,true
719100,cn:prefecture_city:yulin-shaanxi,served_by,true
719200,cn:prefecture_city:yulin-shaanxi,served_by,true
719300,cn:prefecture_city:yulin-shaanxi,served_by,true
719400,cn:prefecture_city:yulin-shaanxi,served_by,true
721000,cn:prefecture_city:baoji,served_by,true
721100,cn:prefecture_city:baoji,served_by,true
721200,cn:prefecture_city:baoji,served_by,true
721300,cn:prefecture_city:baoji,served_by,true
721400,cn:prefecture_city:baoji,served_by,true
721500,cn:prefecture_city:baoji,served_by,true
721600,cn:prefecture_city:baoji,served_by,true
721700,cn:prefecture_city:baoji,served_by,true
722200,cn:prefecture_city:baoji,served_by,true
722300,cn:prefecture_city:baoji,served_by,true
722400,cn:prefecture_city:baoji,served_by,true
723000,cn:prefecture_city:hanzhong,served_by,true
723100,cn:prefecture_city:hanzhong,served_by,true
723200,cn:prefecture_city:hanzhong,served_by,true
723300,cn:prefecture_city:hanzhong,served_by,true
723400,cn:prefecture_city:hanzhong,served_by,true
723500,cn:prefecture_city:hanzhong,served_by,true
723600,cn:prefecture_city:hanzhong,served_by,true
724100,cn:prefecture_city:hanzhong,served_by,true
724200,cn:prefecture_city:hanzhong,served_by,true
724300,cn:prefecture_city:hanzhong,served_by,true
724400,cn:prefecture_city:hanzhong,served_by,true
725000,cn:prefecture_city:ankang,served_by,true
725100,cn:prefecture_city:ankang,served_by,true
725200,cn:prefecture_city:ankang,served_by,true
725300,cn:prefecture_city:ankang,served_by,true
725400,cn:prefecture_city:ankang,served_by,true
725500,cn:prefecture_city:ankang,served_by,true
725600,cn:prefecture_city:ankang,served_by,true
725700,cn:prefecture_city:ankang,served_by,true
725800,cn:prefecture_city:ankang,served_by,true
726000,cn:prefecture_city:shangluo,served_by,true
726100,cn:prefecture_city:shangluo,served_by,true
726200,cn:prefecture_city:shangluo,served_by,true
726300,cn:prefecture_city:shangluo,served_by,true
726400,cn:prefecture_city:shangluo,served_by,true
727000,cn:prefecture_city:tongchuan,served_by,true
727100,cn:prefecture_city:tongchuan,served_by,true
727200,cn:prefecture_city:tongchuan,served_by,true
727300,cn:prefecture_city:yan-an,served_by,true
727400,cn:prefecture_city:yan-an,served_by,true
727500,cn:prefecture_city:yan-an,served_by,true
730000,cn:prefecture_city:lanzhou,served_by,true
730100,cn:prefecture_city:lanzhou,served_by,true
730200,cn:prefecture_city:lanzhou,served_by,true
730300,cn:prefecture_city:lanzhou,served_by,true
730400,cn:prefecture_city:baiyin,served_by,true
730500,cn:prefecture_city:dingxi,served_by,true
730600,cn:prefecture_city:baiyin,served_by,true
730900,cn:prefecture_city:baiyin,served_by,true
731100,cn:autonomous_prefecture:linxia,served_by,true
731200,cn:autonomous_prefecture:linxia,served_by,true
731300,cn:autonomous_prefecture:linxia,served_by,true
731400,cn:autonomous_prefecture:linxia,served_by,true
731500,cn:autonomous_prefecture:linxia,served_by,true
731600,cn:autonomous_prefecture:linxia,served_by,true
731700,cn:autonomous_prefecture:linxia,served_by,true
731800,cn:autonomous_prefecture:linxia,served_by,true
733000,cn:prefecture_city:wuwei,served_by,true
733100,cn:prefecture_city:wuwei,served_by,true
733200,cn:prefecture_city:wuwei,served_by,true
733300,cn:prefecture_city:wuwei,served_by,true
734000,cn:prefecture_city:zhangye,served_by,true
734100,cn:prefecture_city:zhangye,served_by,true
734200,cn:prefecture_city:zhangye,served_by,true
734300,cn:prefecture_city:zhangye,served_by,true
734400,cn:prefecture_city:zhangye,served_by,true
734500,cn:prefecture_city:zhangye,served_by,true
735000,cn:prefecture_city:jiuquan,served_by,true
735100,cn:prefecture_city:jiayuguan,served_by,true
735200,cn:prefecture_city:jiuquan,served_by,true
735300,cn:prefecture_city:jiuquan,served_by,true
735400,cn:league:alxa,served_by,true
736100,cn:prefecture_city:jiuquan,served_by,true
736200,cn:prefecture_city:jiuquan,served_by,true
736300,cn:prefecture_city:jiuquan,served_by,true
736400,cn:prefecture_city:jiuquan,served_by,true
737100,cn:prefecture_city:jinchang,served_by,true
737200,cn:prefecture_city:jinchang,served_by,true
737300,cn:league:alxa,served_by,true
741000,cn:prefecture_city:tianshui,served_by,true
741100,cn:prefecture_city:tianshui,served_by,true
741200,cn:prefecture_city:tianshui,served_by,true
741300,cn:prefecture_city:tianshui,served_by,true
741400,cn:prefecture_city:tianshui,served_by,true
741500,cn:prefecture_city:tianshui,served_by,true
741600,cn:prefecture_city:pingliang,served_by,true
742100,cn:prefecture_city:longnan,served_by,true
742200,cn:prefecture_city:longnan,served_by,true
742300,cn:prefecture_city:longnan,served_by,true
742400,cn:prefecture_city:longnan,served_by,true
742500,cn:prefecture_city:longnan,served_by,true
743000,cn:prefecture_city:dingxi,served_by,true
743200,cn:prefecture_city:baiyin,served_by,true
743300,cn:prefecture_city:dingxi,served_by,true
743400,cn:prefecture_city:pingliang,served_by,true
744000,cn:prefecture_city:pingliang,served_by,true
744100,cn:prefecture_city:pingliang,served_by,true
744200,cn:prefecture_city:pingliang,served_by,true
744300,cn:prefecture_city:pingliang,served_by,true
744400,cn:prefecture_city:pingliang,served_by,true
744500,cn:prefecture_city:qingyang,served_by,true
745000,cn:prefecture_city:qingyang,served_by,true
745100,cn:prefecture_city:qingyang,served_by,true
745200,cn:prefecture_city:qingyang,served_by,true
745300,cn:prefecture_city:qingyang,served_by,true
745400,cn:prefecture_city:qingyang,served_by,true
745600,cn:prefecture_city:qingyang,served_by,true
745700,cn:prefecture_city:qingyang,served_by,true
746000,cn:prefecture_city:longnan,served_by,true
746300,cn:autonomous_prefecture:gannan,served_by,true
746400,cn:prefecture_city:longnan,served_by,true
746500,cn:prefecture_city:longnan,served_by,true
747000,cn:autonomous_prefecture:gannan,served_by,true
747100,cn:autonomous_prefecture:gannan,served_by,true
747200,cn:autonomous_prefecture:gannan,served_by,true
747300,cn:autonomous_prefecture:gannan,served_by,true
747400,cn:autonomous_prefecture:gannan,served_by,true
747500,cn:autonomous_prefecture:gannan,served_by,true
747600,cn:autonomous_prefecture:gannan,served_by,true
748100,cn:prefecture_city:dingxi,served_by,true
748200,cn:prefecture_city:dingxi,served_by,true
748300,cn:prefecture_city:dingxi,served_by,true
748400,cn:prefecture_city:dingxi,served_by,true
748500,cn:prefecture_city:longnan,served_by,true
750000,cn:prefecture_city:yinchuan,served_by,true
750100,cn:prefecture_city:yinchuan,served_by,true
750200,cn:prefecture_city:yinchuan,served_by,true
750300,cn:league:alxa,served_by,true
751100,cn:prefecture_city:wuzhong,served_by,true
751300,cn:prefecture_city:wuzhong,served_by,true
751400,cn:prefecture_city:yinchuan,served_by,true
751500,cn:prefecture_city:wuzhong,served_by,true
751600,cn:prefecture_city:wuzhong,served_by,true
753000,cn:prefecture_city:shizuishan,served_by,true
753400,cn:prefecture_city:shizuishan,served_by,true
753600,cn:prefecture_city:shizuishan,served_by,true
755000,cn:prefecture_city:zhongwei,served_by,true
755100,cn:prefecture_city:zhongwei,served_by,true
755200,cn:prefecture_city:zhongwei,served_by,true
756000,cn:prefecture_city:guyuan,served_by,true
756200,cn:prefecture_city:guyuan,served_by,true
756300,cn:prefecture_city:guyuan,served_by,true
756400,cn:prefecture_city:guyuan,served_by,true
756500,cn:prefecture_city:guyuan,served_by,true
810000,cn:prefecture_city:xining,served_by,true
810100,cn:prefecture_city:xining,served_by,true
810300,cn:autonomous_prefecture:haibei,served_by,true
810400,cn:autonomous_prefecture:haibei,served_by,true
810500,cn:prefecture_city:haidong,served_by,true
810600,cn:prefecture_city:xining,served_by,true
810700,cn:prefecture_city:xining,served_by,true
810800,cn:prefecture_city:haidong,served_by,true
810900,cn:prefecture_city:haidong,served_by,true
811100,cn:prefecture_city:haidong,served_by,true
811200,cn:autonomous_prefecture:huangnan,served_by,true
811300,cn:autonomous_prefecture:huangnan,served_by,true
811400,cn:autonomous_prefecture:huangnan,served_by,true
811500,cn:autonomous_prefecture:huangnan,served_by,true
811600,cn:prefecture_city:xining,served_by,true
811800,cn:autonomous_prefecture:hainan,served_by,true
812100,cn:prefecture_city:xining,served_by,true
812200,cn:autonomous_prefecture:haibei,served_by,true
813000,cn:autonomous_prefecture:hainan,served_by,true
813200,cn:autonomous_prefecture:hainan,served_by,true
813300,cn:autonomous_prefecture:hainan,served_by,true
813500,cn:autonomous_prefecture:golog,served_by,true
814000,cn:autonomous_prefecture:golog,served_by,true
814100,cn:autonomous_prefecture:golog,served_by,true
814200,cn:autonomous_prefecture:golog,served_by,true
814300,cn:autonomous_prefecture:golog,served_by,true
815000,cn:autonomous_prefecture:yushu,served_by,true
815100,cn:autonomous_prefecture:yushu,served_by,true
815200,cn:autonomous_prefecture:yushu,served_by,true
815300,cn:autonomous_prefecture:yushu,served_by,true
815400,cn:autonomous_prefecture:yushu,served_by,true
815500,cn:autonomous_prefecture:yushu,served_by,true
816000,cn:autonomous_prefecture:haixi,served_by,true
816100,cn:autonomous_prefecture:haixi,served_by,true
817000,cn:autonomous_prefecture:haixi,served_by,true
817100,cn:autonomous_prefecture:haixi,served_by,true
817200,cn:autonomous_prefecture:haixi,served_by,true
817300,cn:autonomous_prefecture:haixi,served_by,true
817400,cn:autonomous_prefecture:haixi,served_by,true
817500,cn:autonomous_prefecture:haixi,served_by,true
830000,cn:prefecture_city:urumqi,served_by,true
831100,cn:autonomous_prefecture:changji,served_by,true
831200,cn:autonomous_prefecture:changji,served_by,true
831300,cn:autonomous_region:xinjiang,served_by,true
831500,cn:autonomous_prefecture:changji,served_by,true
831700,cn:autonomous_prefecture:changji,served_by,true
831800,cn:autonomous_prefecture:changji,served_by,true
831900,cn:autonomous_prefecture:changji,served_by,true
832000,cn:autonomous_region:xinjiang,served_by,true
832100,cn:prefecture:tarbagatay,served_by,true
832200,cn:autonomous_prefecture:changji,served_by,true
833000,cn:prefecture:tarbagatay,served_by,true
833200,cn:autonomous_prefecture:ili,served_by,true
833300,cn:autonomous_prefecture:bortala,served_by,true
833400,cn:autonomous_prefecture:bortala,served_by,true
833500,cn:autonomous_prefecture:bortala,served_by,true
834000,cn:prefecture_city:karamay,served_by,true
834400,cn:prefecture:tarbagatay,served_by,true
834500,cn:prefecture:tarbagatay,served_by,true
834600,cn:prefecture:tarbagatay,served_by,true
834700,cn:prefecture:tarbagatay,served_by,true
834800,cn:prefecture:tarbagatay,served_by,true
835000,cn:autonomous_prefecture:ili,served_by,true
835100,cn:autonomous_prefecture:ili,served_by,true
835200,cn:autonomous_prefecture:ili,served_by,true
835300,cn:autonomous_prefecture:ili,served_by,true
835400,cn:autonomous_prefecture:ili,served_by,true
835500,cn:autonomous_prefecture:ili,served_by,true
835600,cn:autonomous_prefecture:ili,served_by,true
835700,cn:autonomous_prefecture:ili,served_by,true
835800,cn:autonomous_prefecture:ili,served_by,true
836100,cn:prefecture:altay,served_by,true
836200,cn:prefecture:altay,served_by,true
836400,cn:prefecture:altay,served_by,true
836500,cn:prefecture:altay,served_by,true
836600,cn:prefecture:altay,served_by,true
836700,cn:prefecture:altay,served_by,true
836800,cn:prefecture:altay,served_by,true
839000,cn:prefecture_city:hami,served_by,true
839200,cn:prefecture_city:hami,served_by,true
839300,cn:prefecture_city:hami,served_by,true
841000,cn:autonomous_prefecture:bayingolin,served_by,true
841100,cn:autonomous_prefecture:bayingolin,served_by,true
841200,cn:autonomous_prefecture:bayingolin,served_by,true
841300,cn:autonomous_prefecture:bayingolin,served_by,true
841400,cn:autonomous_prefecture:bayingolin,served_by,true
841500,cn:autonomous_prefecture:bayingolin,served_by,true
841600,cn:autonomous_prefecture:bayingolin,served_by,true
841800,cn:autonomous_prefecture:bayingolin,served_by,true
841900,cn:autonomous_prefecture:bayingolin,served_by,true
842000,cn:prefecture:aksu,served_by,true
842100,cn:prefecture:aksu,served_by,true
842200,cn:prefecture:aksu,served_by,true
842300,cn:prefecture:aksu,served_by,true
843000,cn:prefecture:aksu,served_by,true
843100,cn:prefecture:aksu,served_by,true
843200,cn:prefecture:aksu,served_by,true
843400,cn:prefecture:aksu,served_by,true
843500,cn:autonomous_prefecture:kizilsu,served_by,true
843600,cn:prefecture:aksu,served_by,true
843800,cn:prefecture:kashgar,served_by,true
844000,cn:prefecture:kashgar,served_by,true
844100,cn:prefecture:kashgar,served_by,true
844200,cn:prefecture:kashgar,served_by,true
844300,cn:prefecture:kashgar,served_by,true
844400,cn:prefecture:kashgar,served_by,true
844500,cn:prefecture:kashgar,served_by,true
844600,cn:prefecture:kashgar,served_by,true
844700,cn:prefecture:kashgar,served_by,true
844800,cn:prefecture:kashgar,served_by,true
844900,cn:prefecture:kashgar,served_by,true
845100,cn:prefecture:hotan,served_by,true
845200,cn:prefecture:kashgar,served_by,true
845300,cn:autonomous_prefecture:kizilsu,served_by,true
845400,cn:autonomous_prefecture:kizilsu,served_by,true
845500,cn:autonomous_prefecture:kizilsu,served_by,true
848000,cn:prefecture:hotan,served_by,true
848100,cn:prefecture:hotan,served_by,true
848200,cn:prefecture:hotan,served_by,true
848300,cn:prefecture:hotan,served_by,true
848400,cn:prefecture:hotan,served_by,true
848500,cn:prefecture:hotan,served_by,true
850000,cn:prefecture_city:lhasa,served_by,true
850100,cn:prefecture_city:lhasa,served_by,true
850200,cn:prefecture_city:lhasa,served_by,true
850600,cn:prefecture_city:lhasa,served_by,true
850700,cn:prefecture_city:lhoka,served_by,true
850800,cn:prefecture_city:lhoka,served_by,true
851100,cn:prefecture_city:lhoka,served_by,true
851200,cn:prefecture_city:lhoka,served_by,true
851400,cn:prefecture_city:lhasa,served_by,true
851500,cn:prefecture_city:lhasa,served_by,true
851600,cn:prefecture_city:lhasa,served_by,true
852000,cn:prefecture_city:nagqu,served_by,true
852100,cn:prefecture_city:nagqu,served_by,true
852200,cn:prefecture_city:nagqu,served_by,true
852300,cn:prefecture_city:nagqu,served_by,true
852400,cn:prefecture_city:nagqu,served_by,true
852500,cn:prefecture_city:nagqu,served_by,true
853100,cn:prefecture_city:nagqu,served_by,true
853200,cn:prefecture_city:nagqu,served_by,true
853400,cn:prefecture_city:nagqu,served_by,true
853500,cn:prefecture_city:nagqu,served_by,true
854000,cn:prefecture_city:qamdo,served_by,true
854100,cn:prefecture_city:qamdo,served_by,true
854200,cn:prefecture_city:qamdo,served_by,true
854300,cn:prefecture_city:qamdo,served_by,true
854400,cn:prefecture_city:qamdo,served_by,true
854500,cn:prefecture_city:qamdo,served_by,true
854600,cn:prefecture_city:qamdo,served_by,true
854700,cn:prefecture_city:xigaze,served_by,true
854800,cn:prefecture_city:xigaze,served_by,true
854900,cn:prefecture_city:xigaze,served_by,true
855400,cn:prefecture_city:qamdo,served_by,true
855500,cn:prefecture_city:qamdo,served_by,true
855600,cn:prefecture_city:qamdo,served_by,true
855700,cn:prefecture_city:qamdo,served_by,true
856100,cn:prefecture_city:lhoka,served_by,true
856200,cn:prefecture_city:lhoka,served_by,true
856300,cn:prefecture_city:lhoka,served_by,true
856400,cn:prefecture_city:lhoka,served_by,true
856600,cn:prefecture_city:lhoka,served_by,true
856700,cn:prefecture_city:lhoka,served_by,true
856800,cn:prefecture_city:lhoka,served_by,true
856900,cn:prefecture_city:lhoka,served_by,true
857000,cn:prefecture_city:xigaze,served_by,true
857100,cn:prefecture_city:xigaze,served_by,true
857200,cn:prefecture_city:xigaze,served_by,true
857300,cn:prefecture_city:xigaze,served_by,true
857400,cn:prefecture_city:xigaze,served_by,true
857500,cn:prefecture_city:xigaze,served_by,true
857600,cn:prefecture_city:xigaze,served_by,true
857700,cn:prefecture_city:xigaze,served_by,true
857800,cn:prefecture_city:xigaze,served_by,true
857900,cn:prefecture_city:xigaze,served_by,true
858100,cn:prefecture_city:xigaze,served_by,true
858200,cn:prefecture_city:xigaze,served_by,true
858300,cn:prefecture_city:xigaze,served_by,true
858500,cn:prefecture_city:xigaze,served_by,true
858600,cn:prefecture_city:xigaze,served_by,true
858700,cn:prefecture_city:xigaze,served_by,true
858800,cn:prefecture_city:xigaze,served_by,true
858900,cn:prefecture_city:xigaze,served_by,true
859000,cn:prefecture:ngari,served_by,true
859100,cn:prefecture:ngari,served_by,true
859200,cn:prefecture:ngari,served_by,true
859300,cn:prefecture:ngari,served_by,true
859500,cn:prefecture:ngari,served_by,true
859600,cn:prefecture:ngari,served_by,true
859700,cn:prefecture:ngari,served_by,true
860100,cn:prefecture_city:nyingchi,served_by,true
860200,cn:prefecture_city:nyingchi,served_by,true
860300,cn:prefecture_city:nyingchi,served_by,true
860400,cn:prefecture_city:nyingchi,served_by,true
860500,cn:prefecture_city:nyingchi,served_by,true
860600,cn:prefecture_city:nyingchi,served_by,true
860700,cn:prefecture_city:nyingchi,served_by,true
