postcode,area_source_id,relationship_type,is_primary
10001,ee:urban_municipality:tallinn,served_by,true
10111,ee:urban_municipality:tallinn,served_by,true
10112,ee:urban_municipality:tallinn,served_by,true
10112,ee:rural_municipality:rae,served_by,false
10113,ee:urban_municipality:tallinn,served_by,true
10114,ee:urban_municipality:tallinn,served_by,true
10115,ee:urban_municipality:tallinn,served_by,true
10116,ee:urban_municipality:tallinn,served_by,true
10117,ee:urban_municipality:tallinn,served_by,true
10118,ee:urban_municipality:tallinn,served_by,true
10119,ee:urban_municipality:tallinn,served_by,true
10120,ee:urban_municipality:tallinn,served_by,true
10121,ee:urban_municipality:tallinn,served_by,true
10122,ee:urban_municipality:tallinn,served_by,true
10123,ee:urban_municipality:tallinn,served_by,true
10124,ee:urban_municipality:tallinn,served_by,true
10125,ee:urban_municipality:tallinn,served_by,true
10126,ee:urban_municipality:tallinn,served_by,true
10127,ee:urban_municipality:tallinn,served_by,true
10128,ee:urban_municipality:tallinn,served_by,true
10129,ee:urban_municipality:tallinn,served_by,true
10130,ee:urban_municipality:tallinn,served_by,true
10131,ee:urban_municipality:tallinn,served_by,true
10132,ee:urban_municipality:tallinn,served_by,true
10133,ee:urban_municipality:tallinn,served_by,true
10134,ee:urban_municipality:tallinn,served_by,true
10135,ee:urban_municipality:tallinn,served_by,true
10136,ee:urban_municipality:tallinn,served_by,true
10137,ee:urban_municipality:tallinn,served_by,true
10138,ee:urban_municipality:tallinn,served_by,true
10139,ee:urban_municipality:tallinn,served_by,true
10140,ee:urban_municipality:tallinn,served_by,true
10141,ee:urban_municipality:tallinn,served_by,true
10142,ee:urban_municipality:tallinn,served_by,true
10143,ee:urban_municipality:tallinn,served_by,true
10144,ee:urban_municipality:tallinn,served_by,true
10145,ee:urban_municipality:tallinn,served_by,true
10146,ee:urban_municipality:tallinn,served_by,true
10147,ee:urban_municipality:tallinn,served_by,true
10148,ee:urban_municipality:tallinn,served_by,true
10149,ee:urban_municipality:tallinn,served_by,true
10150,ee:urban_municipality:tallinn,served_by,true
10151,ee:urban_municipality:tallinn,served_by,true
10152,ee:urban_municipality:tallinn,served_by,true
10153,ee:urban_municipality:tallinn,served_by,true
10154,ee:urban_municipality:tallinn,served_by,true
10155,ee:urban_municipality:tallinn,served_by,true
10156,ee:urban_municipality:tallinn,served_by,true
10158,ee:urban_municipality:tallinn,served_by,true
10159,ee:urban_municipality:tallinn,served_by,true
10311,ee:urban_municipality:tallinn,served_by,true
10312,ee:urban_municipality:tallinn,served_by,true
10313,ee:urban_municipality:tallinn,served_by,true
10314,ee:urban_municipality:tallinn,served_by,true
10315,ee:urban_municipality:tallinn,served_by,true
10316,ee:urban_municipality:tallinn,served_by,true
10317,ee:urban_municipality:tallinn,served_by,true
10318,ee:urban_municipality:tallinn,served_by,true
10319,ee:urban_municipality:tallinn,served_by,true
10320,ee:urban_municipality:tallinn,served_by,true
10321,ee:urban_municipality:tallinn,served_by,true
10323,ee:urban_municipality:tallinn,served_by,true
10411,ee:urban_municipality:tallinn,served_by,true
10412,ee:urban_municipality:tallinn,served_by,true
10413,ee:urban_municipality:tallinn,served_by,true
10414,ee:urban_municipality:tallinn,served_by,true
10415,ee:urban_municipality:tallinn,served_by,true
10416,ee:urban_municipality:tallinn,served_by,true
10611,ee:urban_municipality:tallinn,served_by,true
10612,ee:urban_municipality:tallinn,served_by,true
10613,ee:urban_municipality:tallinn,served_by,true
10614,ee:urban_municipality:tallinn,served_by,true
10615,ee:urban_municipality:tallinn,served_by,true
10616,ee:urban_municipality:tallinn,served_by,true
10617,ee:urban_municipality:tallinn,served_by,true
10618,ee:urban_municipality:tallinn,served_by,true
10619,ee:urban_municipality:tallinn,served_by,true
10620,ee:urban_municipality:tallinn,served_by,true
10621,ee:urban_municipality:tallinn,served_by,true
10911,ee:urban_municipality:tallinn,served_by,true
10912,ee:urban_municipality:tallinn,served_by,true
10913,ee:urban_municipality:tallinn,served_by,true
10914,ee:urban_municipality:tallinn,served_by,true
10915,ee:urban_municipality:tallinn,served_by,true
10916,ee:urban_municipality:tallinn,served_by,true
10917,ee:urban_municipality:tallinn,served_by,true
10918,ee:urban_municipality:tallinn,served_by,true
10919,ee:urban_municipality:tallinn,served_by,true
10920,ee:urban_municipality:tallinn,served_by,true
10921,ee:urban_municipality:tallinn,served_by,true
10922,ee:urban_municipality:tallinn,served_by,true
11101,ee:urban_municipality:tallinn,served_by,true
11211,ee:urban_municipality:tallinn,served_by,true
11212,ee:urban_municipality:tallinn,served_by,true
11213,ee:urban_municipality:tallinn,served_by,true
11214,ee:urban_municipality:tallinn,served_by,true
11215,ee:urban_municipality:tallinn,served_by,true
11216,ee:urban_municipality:tallinn,served_by,true
11217,ee:urban_municipality:tallinn,served_by,true
11218,ee:urban_municipality:tallinn,served_by,true
11218,ee:rural_municipality:rae,served_by,false
11311,ee:urban_municipality:tallinn,served_by,true
11312,ee:urban_municipality:tallinn,served_by,true
11313,ee:urban_municipality:tallinn,served_by,true
11314,ee:urban_municipality:tallinn,served_by,true
11315,ee:urban_municipality:tallinn,served_by,true
11316,ee:urban_municipality:tallinn,served_by,true
11317,ee:urban_municipality:tallinn,served_by,true
11318,ee:urban_municipality:tallinn,served_by,true
11411,ee:urban_municipality:tallinn,served_by,true
11412,ee:urban_municipality:tallinn,served_by,true
11413,ee:urban_municipality:tallinn,served_by,true
11414,ee:urban_municipality:tallinn,served_by,true
11415,ee:urban_municipality:tallinn,served_by,true
11416,ee:urban_municipality:tallinn,served_by,true
11417,ee:urban_municipality:tallinn,served_by,true
11611,ee:urban_municipality:tallinn,served_by,true
11612,ee:urban_municipality:tallinn,served_by,true
11613,ee:urban_municipality:tallinn,served_by,true
11614,ee:urban_municipality:tallinn,served_by,true
11615,ee:urban_municipality:tallinn,served_by,true
11616,ee:urban_municipality:tallinn,served_by,true
11617,ee:urban_municipality:tallinn,served_by,true
11618,ee:urban_municipality:tallinn,served_by,true
11619,ee:urban_municipality:tallinn,served_by,true
11620,ee:urban_municipality:tallinn,served_by,true
11621,ee:urban_municipality:tallinn,served_by,true
11622,ee:urban_municipality:tallinn,served_by,true
11623,ee:urban_municipality:tallinn,served_by,true
11624,ee:urban_municipality:tallinn,served_by,true
11625,ee:urban_municipality:tallinn,served_by,true
11711,ee:urban_municipality:tallinn,served_by,true
11712,ee:urban_municipality:tallinn,served_by,true
11713,ee:urban_municipality:tallinn,served_by,true
11911,ee:urban_municipality:tallinn,served_by,true
11912,ee:urban_municipality:tallinn,served_by,true
11913,ee:urban_municipality:tallinn,served_by,true
11914,ee:urban_municipality:tallinn,served_by,true
12011,ee:urban_municipality:tallinn,served_by,true
12012,ee:urban_municipality:tallinn,served_by,true
12013,ee:urban_municipality:tallinn,served_by,true
12014,ee:urban_municipality:tallinn,served_by,true
12015,ee:urban_municipality:tallinn,served_by,true
12111,ee:urban_municipality:tallinn,served_by,true
12112,ee:urban_municipality:tallinn,served_by,true
12113,ee:urban_municipality:tallinn,served_by,true
12611,ee:urban_municipality:tallinn,served_by,true
12612,ee:urban_municipality:tallinn,served_by,true
12613,ee:urban_municipality:tallinn,served_by,true
12614,ee:urban_municipality:tallinn,served_by,true
12615,ee:urban_municipality:tallinn,served_by,true
12616,ee:urban_municipality:tallinn,served_by,true
12617,ee:urban_municipality:tallinn,served_by,true
12618,ee:urban_municipality:tallinn,served_by,true
12619,ee:urban_municipality:tallinn,served_by,true
12620,ee:urban_municipality:tallinn,served_by,true
12911,ee:urban_municipality:tallinn,served_by,true
12912,ee:urban_municipality:tallinn,served_by,true
12913,ee:urban_municipality:tallinn,served_by,true
12914,ee:urban_municipality:tallinn,served_by,true
12915,ee:urban_municipality:tallinn,served_by,true
12916,ee:urban_municipality:tallinn,served_by,true
12917,ee:urban_municipality:tallinn,served_by,true
12918,ee:urban_municipality:tallinn,served_by,true
12919,ee:urban_municipality:tallinn,served_by,true
13411,ee:urban_municipality:tallinn,served_by,true
13412,ee:urban_municipality:tallinn,served_by,true
13413,ee:urban_municipality:tallinn,served_by,true
13414,ee:urban_municipality:tallinn,served_by,true
13415,ee:urban_municipality:tallinn,served_by,true
13416,ee:urban_municipality:tallinn,served_by,true
13417,ee:urban_municipality:tallinn,served_by,true
13418,ee:urban_municipality:tallinn,served_by,true
13419,ee:urban_municipality:tallinn,served_by,true
13420,ee:urban_municipality:tallinn,served_by,true
13421,ee:urban_municipality:tallinn,served_by,true
13422,ee:urban_municipality:tallinn,served_by,true
13423,ee:urban_municipality:tallinn,served_by,true
13424,ee:urban_municipality:tallinn,served_by,true
13425,ee:urban_municipality:tallinn,served_by,true
13426,ee:urban_municipality:tallinn,served_by,true
13511,ee:urban_municipality:tallinn,served_by,true
13512,ee:urban_municipality:tallinn,served_by,true
13513,ee:urban_municipality:tallinn,served_by,true
13514,ee:urban_municipality:tallinn,served_by,true
13515,ee:urban_municipality:tallinn,served_by,true
13516,ee:urban_municipality:tallinn,served_by,true
13517,ee:urban_municipality:tallinn,served_by,true
13518,ee:urban_municipality:tallinn,served_by,true
13519,ee:urban_municipality:tallinn,served_by,true
13520,ee:urban_municipality:tallinn,served_by,true
13521,ee:urban_municipality:tallinn,served_by,true
13522,ee:urban_municipality:tallinn,served_by,true
13523,ee:urban_municipality:tallinn,served_by,true
13524,ee:urban_municipality:tallinn,served_by,true
13611,ee:urban_municipality:tallinn,served_by,true
13612,ee:urban_municipality:tallinn,served_by,true
13613,ee:urban_municipality:tallinn,served_by,true
13614,ee:urban_municipality:tallinn,served_by,true
13615,ee:urban_municipality:tallinn,served_by,true
13616,ee:urban_municipality:tallinn,served_by,true
13617,ee:urban_municipality:tallinn,served_by,true
13618,ee:urban_municipality:tallinn,served_by,true
13619,ee:urban_municipality:tallinn,served_by,true
13620,ee:urban_municipality:tallinn,served_by,true
13621,ee:urban_municipality:tallinn,served_by,true
13622,ee:urban_municipality:tallinn,served_by,true
13623,ee:urban_municipality:tallinn,served_by,true
13624,ee:urban_municipality:tallinn,served_by,true
13625,ee:urban_municipality:tallinn,served_by,true
13626,ee:urban_municipality:tallinn,served_by,true
13627,ee:urban_municipality:tallinn,served_by,true
13628,ee:urban_municipality:tallinn,served_by,true
13629,ee:urban_municipality:tallinn,served_by,true
13811,ee:urban_municipality:tallinn,served_by,true
13812,ee:urban_municipality:tallinn,served_by,true
13816,ee:urban_municipality:tallinn,served_by,true
13817,ee:urban_municipality:tallinn,served_by,true
13911,ee:urban_municipality:tallinn,served_by,true
13912,ee:urban_municipality:tallinn,served_by,true
13913,ee:urban_municipality:tallinn,served_by,true
13914,ee:urban_municipality:tallinn,served_by,true
13915,ee:urban_municipality:tallinn,served_by,true
13916,ee:urban_municipality:tallinn,served_by,true
13917,ee:urban_municipality:tallinn,served_by,true
13918,ee:urban_municipality:tallinn,served_by,true
13919,ee:urban_municipality:tallinn,served_by,true
15007,ee:urban_municipality:tallinn,served_by,true
15009,ee:urban_municipality:tallinn,served_by,true
15015,ee:urban_municipality:tallinn,served_by,true
15026,ee:urban_municipality:tallinn,served_by,true
15029,ee:urban_municipality:tallinn,served_by,true
15030,ee:urban_municipality:tallinn,served_by,true
15041,ee:urban_municipality:tallinn,served_by,true
15047,ee:urban_municipality:tallinn,served_by,true
15048,ee:urban_municipality:tallinn,served_by,true
15049,ee:urban_municipality:tallinn,served_by,true
15055,ee:urban_municipality:tallinn,served_by,true
15059,ee:urban_municipality:tallinn,served_by,true
15065,ee:urban_municipality:tallinn,served_by,true
15070,ee:urban_municipality:tallinn,served_by,true
15071,ee:urban_municipality:tallinn,served_by,true
15094,ee:urban_municipality:tallinn,served_by,true
15095,ee:urban_municipality:tallinn,served_by,true
15098,ee:urban_municipality:tallinn,served_by,true
15099,ee:urban_municipality:tallinn,served_by,true
15161,ee:urban_municipality:tallinn,served_by,true
15165,ee:urban_municipality:tallinn,served_by,true
15170,ee:urban_municipality:tallinn,served_by,true
15185,ee:urban_municipality:tallinn,served_by,true
15188,ee:urban_municipality:tallinn,served_by,true
15190,ee:urban_municipality:tallinn,served_by,true
15193,ee:urban_municipality:tallinn,served_by,true
15199,ee:urban_municipality:tallinn,served_by,true
19086,ee:urban_municipality:tallinn,served_by,true
20001,ee:urban_municipality:narva,served_by,true
20103,ee:urban_municipality:narva,served_by,true
20104,ee:urban_municipality:narva,served_by,true
20105,ee:urban_municipality:narva,served_by,true
20201,ee:urban_municipality:narva,served_by,true
20203,ee:urban_municipality:narva,served_by,true
20204,ee:urban_municipality:narva,served_by,true
20205,ee:urban_municipality:narva,served_by,true
20206,ee:urban_municipality:narva,served_by,true
20207,ee:urban_municipality:narva,served_by,true
20301,ee:urban_municipality:narva,served_by,true
20303,ee:urban_municipality:narva,served_by,true
20304,ee:urban_municipality:narva,served_by,true
20305,ee:urban_municipality:narva,served_by,true
20306,ee:urban_municipality:narva,served_by,true
20307,ee:urban_municipality:narva,served_by,true
20308,ee:urban_municipality:narva,served_by,true
20309,ee:urban_municipality:narva,served_by,true
20501,ee:urban_municipality:narva,served_by,true
20601,ee:urban_municipality:narva,served_by,true
20603,ee:urban_municipality:narva,served_by,true
20604,ee:urban_municipality:narva,served_by,true
20605,ee:urban_municipality:narva,served_by,true
20606,ee:urban_municipality:narva,served_by,true
20607,ee:urban_municipality:narva,served_by,true
20608,ee:urban_municipality:narva,served_by,true
20609,ee:urban_municipality:narva,served_by,true
21001,ee:urban_municipality:narva,served_by,true
21003,ee:urban_municipality:narva,served_by,true
21004,ee:urban_municipality:narva,served_by,true
21005,ee:urban_municipality:narva,served_by,true
21006,ee:urban_municipality:narva,served_by,true
21007,ee:urban_municipality:narva,served_by,true
21008,ee:urban_municipality:narva,served_by,true
21020,ee:urban_municipality:narva,served_by,true
29021,ee:urban_municipality:narva-joesuu,served_by,true
29022,ee:urban_municipality:narva-joesuu,served_by,true
29023,ee:urban_municipality:narva-joesuu,served_by,true
29024,ee:urban_municipality:narva-joesuu,served_by,true
29025,ee:urban_municipality:narva-joesuu,served_by,true
29026,ee:urban_municipality:narva-joesuu,served_by,true
30103,ee:rural_municipality:johvi,served_by,true
30197,ee:urban_municipality:kohtla-jarve,served_by,true
30198,ee:urban_municipality:kohtla-jarve,served_by,true
30221,ee:urban_municipality:kohtla-jarve,served_by,true
30222,ee:urban_municipality:kohtla-jarve,served_by,true
30321,ee:urban_municipality:kohtla-jarve,served_by,true
30322,ee:urban_municipality:kohtla-jarve,served_by,true
30323,ee:urban_municipality:kohtla-jarve,served_by,true
30324,ee:urban_municipality:kohtla-jarve,served_by,true
30325,ee:urban_municipality:kohtla-jarve,served_by,true
30326,ee:urban_municipality:kohtla-jarve,served_by,true
30327,ee:urban_municipality:kohtla-jarve,served_by,true
30328,ee:urban_municipality:kohtla-jarve,served_by,true
30331,ee:rural_municipality:johvi,served_by,true
30332,ee:rural_municipality:johvi,served_by,true
30333,ee:rural_municipality:johvi,served_by,true
30395,ee:urban_municipality:kohtla-jarve,served_by,true
30503,ee:urban_municipality:kohtla-jarve,served_by,true
30503,ee:rural_municipality:johvi,served_by,false
30504,ee:rural_municipality:johvi,served_by,true
30505,ee:rural_municipality:johvi,served_by,true
30506,ee:rural_municipality:johvi,served_by,true
30507,ee:rural_municipality:johvi,served_by,true
30601,ee:urban_municipality:kohtla-jarve,served_by,true
30621,ee:urban_municipality:kohtla-jarve,served_by,true
30623,ee:rural_municipality:johvi,served_by,true
30624,ee:rural_municipality:johvi,served_by,true
30625,ee:rural_municipality:johvi,served_by,true
30626,ee:rural_municipality:johvi,served_by,true
30721,ee:urban_municipality:kohtla-jarve,served_by,true
30722,ee:urban_municipality:kohtla-jarve,served_by,true
31021,ee:urban_municipality:kohtla-jarve,served_by,true
31022,ee:urban_municipality:kohtla-jarve,served_by,true
31023,ee:urban_municipality:kohtla-jarve,served_by,true
31024,ee:urban_municipality:kohtla-jarve,served_by,true
31025,ee:urban_municipality:kohtla-jarve,served_by,true
31026,ee:urban_municipality:kohtla-jarve,served_by,true
31027,ee:urban_municipality:kohtla-jarve,served_by,true
31221,ee:urban_municipality:kohtla-jarve,served_by,true
40101,ee:urban_municipality:narva-joesuu,served_by,true
40102,ee:urban_municipality:narva-joesuu,served_by,true
40103,ee:urban_municipality:narva-joesuu,served_by,true
40104,ee:rural_municipality:johvi,served_by,true
40105,ee:rural_municipality:johvi,served_by,true
40106,ee:urban_municipality:narva-joesuu,served_by,true
40107,ee:urban_municipality:narva-joesuu,served_by,true
40108,ee:urban_municipality:narva-joesuu,served_by,true
40109,ee:urban_municipality:narva-joesuu,served_by,true
40110,ee:urban_municipality:narva-joesuu,served_by,true
40111,ee:urban_municipality:narva-joesuu,served_by,true
40112,ee:urban_municipality:narva-joesuu,served_by,true
40113,ee:urban_municipality:narva-joesuu,served_by,true
40114,ee:urban_municipality:narva-joesuu,served_by,true
40115,ee:urban_municipality:narva-joesuu,served_by,true
40116,ee:urban_municipality:narva-joesuu,served_by,true
40117,ee:urban_municipality:narva-joesuu,served_by,true
40118,ee:urban_municipality:narva-joesuu,served_by,true
40119,ee:urban_municipality:narva-joesuu,served_by,true
40120,ee:urban_municipality:narva-joesuu,served_by,true
40121,ee:urban_municipality:narva-joesuu,served_by,true
40201,ee:urban_municipality:sillamae,served_by,true
40202,ee:urban_municipality:sillamae,served_by,true
40231,ee:urban_municipality:sillamae,served_by,true
40232,ee:urban_municipality:sillamae,served_by,true
40233,ee:urban_municipality:sillamae,served_by,true
40241,ee:urban_municipality:narva-joesuu,served_by,true
41001,ee:rural_municipality:alutaguse,served_by,true
41002,ee:rural_municipality:alutaguse,served_by,true
41003,ee:rural_municipality:alutaguse,served_by,true
41004,ee:rural_municipality:alutaguse,served_by,true
41005,ee:rural_municipality:alutaguse,served_by,true
41006,ee:rural_municipality:alutaguse,served_by,true
41007,ee:rural_municipality:alutaguse,served_by,true
41008,ee:rural_municipality:alutaguse,served_by,true
41009,ee:rural_municipality:alutaguse,served_by,true
41010,ee:rural_municipality:alutaguse,served_by,true
41011,ee:rural_municipality:alutaguse,served_by,true
41012,ee:rural_municipality:alutaguse,served_by,true
41013,ee:rural_municipality:alutaguse,served_by,true
41101,ee:rural_municipality:alutaguse,served_by,true
41102,ee:rural_municipality:alutaguse,served_by,true
41103,ee:rural_municipality:alutaguse,served_by,true
41104,ee:rural_municipality:alutaguse,served_by,true
41105,ee:rural_municipality:alutaguse,served_by,true
41106,ee:rural_municipality:alutaguse,served_by,true
41107,ee:rural_municipality:alutaguse,served_by,true
41109,ee:rural_municipality:alutaguse,served_by,true
41110,ee:rural_municipality:alutaguse,served_by,true
41111,ee:rural_municipality:alutaguse,served_by,true
41112,ee:rural_municipality:alutaguse,served_by,true
41113,ee:rural_municipality:alutaguse,served_by,true
41114,ee:rural_municipality:alutaguse,served_by,true
41115,ee:rural_municipality:alutaguse,served_by,true
41201,ee:rural_municipality:alutaguse,served_by,true
41202,ee:rural_municipality:alutaguse,served_by,true
41203,ee:rural_municipality:alutaguse,served_by,true
41204,ee:rural_municipality:alutaguse,served_by,true
41205,ee:rural_municipality:alutaguse,served_by,true
41206,ee:rural_municipality:alutaguse,served_by,true
41207,ee:rural_municipality:alutaguse,served_by,true
41208,ee:rural_municipality:alutaguse,served_by,true
41209,ee:rural_municipality:alutaguse,served_by,true
41210,ee:rural_municipality:alutaguse,served_by,true
41211,ee:rural_municipality:alutaguse,served_by,true
41212,ee:rural_municipality:alutaguse,served_by,true
41213,ee:rural_municipality:alutaguse,served_by,true
41214,ee:rural_municipality:alutaguse,served_by,true
41215,ee:rural_municipality:alutaguse,served_by,true
41301,ee:rural_municipality:alutaguse,served_by,true
41302,ee:rural_municipality:alutaguse,served_by,true
41303,ee:rural_municipality:alutaguse,served_by,true
41304,ee:rural_municipality:luganuse,served_by,true
41305,ee:rural_municipality:luganuse,served_by,true
41306,ee:rural_municipality:alutaguse,served_by,true
41307,ee:rural_municipality:alutaguse,served_by,true
41308,ee:rural_municipality:alutaguse,served_by,true
41309,ee:rural_municipality:alutaguse,served_by,true
41310,ee:rural_municipality:alutaguse,served_by,true
41311,ee:rural_municipality:alutaguse,served_by,true
41312,ee:rural_municipality:alutaguse,served_by,true
41314,ee:rural_municipality:alutaguse,served_by,true
41315,ee:rural_municipality:alutaguse,served_by,true
41317,ee:rural_municipality:alutaguse,served_by,true
41318,ee:rural_municipality:alutaguse,served_by,true
41319,ee:rural_municipality:alutaguse,served_by,true
41320,ee:rural_municipality:alutaguse,served_by,true
41321,ee:rural_municipality:alutaguse,served_by,true
41322,ee:rural_municipality:alutaguse,served_by,true
41323,ee:rural_municipality:alutaguse,served_by,true
41324,ee:rural_municipality:alutaguse,served_by,true
41531,ee:rural_municipality:johvi,served_by,true
41532,ee:rural_municipality:johvi,served_by,true
41533,ee:rural_municipality:johvi,served_by,true
41534,ee:urban_municipality:kohtla-jarve,served_by,true
41534,ee:rural_municipality:johvi,served_by,false
41535,ee:rural_municipality:johvi,served_by,true
41536,ee:rural_municipality:johvi,served_by,true
41537,ee:urban_municipality:kohtla-jarve,served_by,true
41537,ee:rural_municipality:johvi,served_by,false
41538,ee:urban_municipality:kohtla-jarve,served_by,true
41538,ee:rural_municipality:johvi,served_by,false
41541,ee:rural_municipality:johvi,served_by,true
41542,ee:urban_municipality:kohtla-jarve,served_by,true
41542,ee:rural_municipality:johvi,served_by,false
41543,ee:rural_municipality:johvi,served_by,true
41544,ee:rural_municipality:johvi,served_by,true
41545,ee:rural_municipality:johvi,served_by,true
41546,ee:rural_municipality:johvi,served_by,true
41547,ee:rural_municipality:johvi,served_by,true
41548,ee:rural_municipality:johvi,served_by,true
41549,ee:rural_municipality:johvi,served_by,true
41550,ee:rural_municipality:johvi,served_by,true
41551,ee:urban_municipality:kohtla-jarve,served_by,true
41551,ee:rural_municipality:johvi,served_by,false
41552,ee:rural_municipality:johvi,served_by,true
41553,ee:rural_municipality:johvi,served_by,true
41554,ee:rural_municipality:johvi,served_by,true
41555,ee:rural_municipality:johvi,served_by,true
41556,ee:rural_municipality:johvi,served_by,true
41557,ee:rural_municipality:johvi,served_by,true
41558,ee:rural_municipality:johvi,served_by,true
41568,ee:rural_municipality:johvi,served_by,true
41571,ee:rural_municipality:johvi,served_by,true
41591,ee:rural_municipality:johvi,served_by,true
41593,ee:rural_municipality:johvi,served_by,true
41595,ee:rural_municipality:johvi,served_by,true
41597,ee:rural_municipality:johvi,served_by,true
41599,ee:rural_municipality:johvi,served_by,true
41701,ee:rural_municipality:johvi,served_by,true
41702,ee:rural_municipality:johvi,served_by,true
41712,ee:rural_municipality:johvi,served_by,true
41713,ee:rural_municipality:johvi,served_by,true
41714,ee:rural_municipality:johvi,served_by,true
41715,ee:rural_municipality:johvi,served_by,true
41716,ee:rural_municipality:johvi,served_by,true
41717,ee:rural_municipality:johvi,served_by,true
41718,ee:rural_municipality:johvi,served_by,true
41726,ee:rural_municipality:johvi,served_by,true
42001,ee:rural_municipality:mustvee,served_by,true
42002,ee:rural_municipality:mustvee,served_by,true
42003,ee:rural_municipality:mustvee,served_by,true
42004,ee:rural_municipality:mustvee,served_by,true
42005,ee:rural_municipality:mustvee,served_by,true
42006,ee:rural_municipality:mustvee,served_by,true
42007,ee:rural_municipality:mustvee,served_by,true
42101,ee:rural_municipality:mustvee,served_by,true
42102,ee:rural_municipality:mustvee,served_by,true
42103,ee:rural_municipality:mustvee,served_by,true
42104,ee:rural_municipality:mustvee,served_by,true
42106,ee:rural_municipality:mustvee,served_by,true
42107,ee:rural_municipality:mustvee,served_by,true
42108,ee:rural_municipality:mustvee,served_by,true
42109,ee:rural_municipality:mustvee,served_by,true
42110,ee:rural_municipality:mustvee,served_by,true
42111,ee:rural_municipality:mustvee,served_by,true
42112,ee:rural_municipality:mustvee,served_by,true
42113,ee:rural_municipality:mustvee,served_by,true
42114,ee:rural_municipality:mustvee,served_by,true
42115,ee:rural_municipality:mustvee,served_by,true
42116,ee:rural_municipality:mustvee,served_by,true
42117,ee:rural_municipality:mustvee,served_by,true
42118,ee:rural_municipality:mustvee,served_by,true
42119,ee:rural_municipality:mustvee,served_by,true
42120,ee:rural_municipality:mustvee,served_by,true
42121,ee:rural_municipality:alutaguse,served_by,true
42122,ee:rural_municipality:mustvee,served_by,true
42130,ee:rural_municipality:alutaguse,served_by,true
42202,ee:rural_municipality:alutaguse,served_by,true
42203,ee:rural_municipality:alutaguse,served_by,true
42204,ee:rural_municipality:alutaguse,served_by,true
42205,ee:rural_municipality:alutaguse,served_by,true
42206,ee:rural_municipality:alutaguse,served_by,true
42207,ee:rural_municipality:alutaguse,served_by,true
42208,ee:rural_municipality:alutaguse,served_by,true
42209,ee:rural_municipality:alutaguse,served_by,true
42211,ee:rural_municipality:alutaguse,served_by,true
42213,ee:rural_municipality:alutaguse,served_by,true
42301,ee:rural_municipality:luganuse,served_by,true
42302,ee:rural_municipality:luganuse,served_by,true
42303,ee:rural_municipality:luganuse,served_by,true
42304,ee:rural_municipality:luganuse,served_by,true
42305,ee:rural_municipality:luganuse,served_by,true
42306,ee:rural_municipality:luganuse,served_by,true
42307,ee:rural_municipality:luganuse,served_by,true
42308,ee:rural_municipality:luganuse,served_by,true
42309,ee:rural_municipality:luganuse,served_by,true
42310,ee:rural_municipality:luganuse,served_by,true
42311,ee:rural_municipality:luganuse,served_by,true
42312,ee:rural_municipality:luganuse,served_by,true
42313,ee:rural_municipality:luganuse,served_by,true
42314,ee:rural_municipality:luganuse,served_by,true
42315,ee:rural_municipality:luganuse,served_by,true
42316,ee:rural_municipality:luganuse,served_by,true
42317,ee:rural_municipality:luganuse,served_by,true
42318,ee:rural_municipality:luganuse,served_by,true
42319,ee:rural_municipality:luganuse,served_by,true
42320,ee:rural_municipality:luganuse,served_by,true
42321,ee:rural_municipality:luganuse,served_by,true
42322,ee:rural_municipality:luganuse,served_by,true
42323,ee:rural_municipality:luganuse,served_by,true
42324,ee:rural_municipality:luganuse,served_by,true
43001,ee:rural_municipality:luganuse,served_by,true
43003,ee:rural_municipality:luganuse,served_by,true
43004,ee:rural_municipality:luganuse,served_by,true
43005,ee:rural_municipality:luganuse,served_by,true
43006,ee:rural_municipality:luganuse,served_by,true
43037,ee:rural_municipality:luganuse,served_by,true
43121,ee:rural_municipality:luganuse,served_by,true
43122,ee:rural_municipality:luganuse,served_by,true
43124,ee:rural_municipality:luganuse,served_by,true
43125,ee:rural_municipality:luganuse,served_by,true
43131,ee:rural_municipality:luganuse,served_by,true
43132,ee:rural_municipality:luganuse,served_by,true
43133,ee:rural_municipality:luganuse,served_by,true
43134,ee:rural_municipality:luganuse,served_by,true
43135,ee:rural_municipality:luganuse,served_by,true
43136,ee:rural_municipality:luganuse,served_by,true
43137,ee:rural_municipality:luganuse,served_by,true
43138,ee:rural_municipality:luganuse,served_by,true
43221,ee:rural_municipality:luganuse,served_by,true
43222,ee:rural_municipality:luganuse,served_by,true
43225,ee:rural_municipality:luganuse,served_by,true
43301,ee:rural_municipality:luganuse,served_by,true
43302,ee:rural_municipality:luganuse,served_by,true
43303,ee:rural_municipality:viru-nigula,served_by,true
43304,ee:rural_municipality:luganuse,served_by,true
43305,ee:rural_municipality:luganuse,served_by,true
43306,ee:rural_municipality:luganuse,served_by,true
43307,ee:rural_municipality:luganuse,served_by,true
43308,ee:rural_municipality:luganuse,served_by,true
43309,ee:rural_municipality:luganuse,served_by,true
43310,ee:rural_municipality:luganuse,served_by,true
43311,ee:rural_municipality:luganuse,served_by,true
43321,ee:rural_municipality:luganuse,served_by,true
43331,ee:rural_municipality:luganuse,served_by,true
43401,ee:rural_municipality:viru-nigula,served_by,true
43402,ee:rural_municipality:viru-nigula,served_by,true
43403,ee:rural_municipality:viru-nigula,served_by,true
43404,ee:rural_municipality:viru-nigula,served_by,true
43405,ee:rural_municipality:viru-nigula,served_by,true
43406,ee:rural_municipality:viru-nigula,served_by,true
43407,ee:rural_municipality:viru-nigula,served_by,true
43408,ee:rural_municipality:viru-nigula,served_by,true
44001,ee:rural_municipality:viru-nigula,served_by,true
44002,ee:rural_municipality:viru-nigula,served_by,true
44003,ee:rural_municipality:viru-nigula,served_by,true
44004,ee:rural_municipality:viru-nigula,served_by,true
44005,ee:rural_municipality:viru-nigula,served_by,true
44006,ee:rural_municipality:viru-nigula,served_by,true
44007,ee:rural_municipality:viru-nigula,served_by,true
44008,ee:rural_municipality:viru-nigula,served_by,true
44009,ee:rural_municipality:viru-nigula,served_by,true
44010,ee:rural_municipality:viru-nigula,served_by,true
44011,ee:rural_municipality:viru-nigula,served_by,true
44012,ee:rural_municipality:viru-nigula,served_by,true
44013,ee:rural_municipality:viru-nigula,served_by,true
44014,ee:rural_municipality:viru-nigula,served_by,true
44015,ee:rural_municipality:viru-nigula,served_by,true
44016,ee:rural_municipality:viru-nigula,served_by,true
44017,ee:rural_municipality:viru-nigula,served_by,true
44018,ee:rural_municipality:viru-nigula,served_by,true
44019,ee:rural_municipality:viru-nigula,served_by,true
44020,ee:rural_municipality:viru-nigula,served_by,true
44021,ee:rural_municipality:viru-nigula,served_by,true
44022,ee:rural_municipality:viru-nigula,served_by,true
44023,ee:rural_municipality:viru-nigula,served_by,true
44024,ee:rural_municipality:viru-nigula,served_by,true
44025,ee:rural_municipality:viru-nigula,served_by,true
44026,ee:rural_municipality:viru-nigula,served_by,true
44027,ee:rural_municipality:viru-nigula,served_by,true
44028,ee:rural_municipality:viru-nigula,served_by,true
44029,ee:rural_municipality:viru-nigula,served_by,true
44030,ee:rural_municipality:viru-nigula,served_by,true
44031,ee:rural_municipality:viru-nigula,served_by,true
44032,ee:rural_municipality:viru-nigula,served_by,true
44033,ee:rural_municipality:viru-nigula,served_by,true
44034,ee:rural_municipality:viru-nigula,served_by,true
44035,ee:rural_municipality:viru-nigula,served_by,true
44037,ee:rural_municipality:viru-nigula,served_by,true
44105,ee:rural_municipality:viru-nigula,served_by,true
44106,ee:rural_municipality:viru-nigula,served_by,true
44107,ee:rural_municipality:viru-nigula,served_by,true
44108,ee:rural_municipality:viru-nigula,served_by,true
44109,ee:rural_municipality:viru-nigula,served_by,true
44201,ee:rural_municipality:rakvere,served_by,true
44202,ee:rural_municipality:rakvere,served_by,true
44203,ee:rural_municipality:rakvere,served_by,true
44204,ee:rural_municipality:rakvere,served_by,true
44205,ee:rural_municipality:rakvere,served_by,true
44206,ee:rural_municipality:rakvere,served_by,true
44207,ee:rural_municipality:rakvere,served_by,true
44208,ee:rural_municipality:rakvere,served_by,true
44209,ee:rural_municipality:rakvere,served_by,true
44210,ee:rural_municipality:rakvere,served_by,true
44211,ee:rural_municipality:rakvere,served_by,true
44212,ee:rural_municipality:rakvere,served_by,true
44213,ee:rural_municipality:rakvere,served_by,true
44214,ee:rural_municipality:rakvere,served_by,true
44215,ee:rural_municipality:rakvere,served_by,true
44216,ee:rural_municipality:rakvere,served_by,true
44217,ee:rural_municipality:rakvere,served_by,true
44218,ee:rural_municipality:rakvere,served_by,true
44219,ee:rural_municipality:rakvere,served_by,true
44220,ee:rural_municipality:rakvere,served_by,true
44221,ee:rural_municipality:rakvere,served_by,true
44222,ee:rural_municipality:rakvere,served_by,true
44223,ee:rural_municipality:rakvere,served_by,true
44224,ee:rural_municipality:rakvere,served_by,true
44225,ee:rural_municipality:rakvere,served_by,true
44226,ee:rural_municipality:rakvere,served_by,true
44227,ee:rural_municipality:rakvere,served_by,true
44228,ee:rural_municipality:rakvere,served_by,true
44229,ee:rural_municipality:rakvere,served_by,true
44230,ee:rural_municipality:rakvere,served_by,true
44301,ee:urban_municipality:rakvere,served_by,true
44302,ee:urban_municipality:rakvere,served_by,true
44305,ee:rural_municipality:rakvere,served_by,true
44306,ee:urban_municipality:rakvere,served_by,true
44307,ee:urban_municipality:rakvere,served_by,true
44308,ee:urban_municipality:rakvere,served_by,true
44309,ee:urban_municipality:rakvere,served_by,true
44310,ee:urban_municipality:rakvere,served_by,true
44311,ee:urban_municipality:rakvere,served_by,true
44312,ee:urban_municipality:rakvere,served_by,true
44313,ee:urban_municipality:rakvere,served_by,true
44314,ee:urban_municipality:rakvere,served_by,true
44315,ee:urban_municipality:rakvere,served_by,true
44316,ee:urban_municipality:rakvere,served_by,true
44317,ee:urban_municipality:rakvere,served_by,true
44320,ee:rural_municipality:vinni,served_by,true
44401,ee:rural_municipality:rakvere,served_by,true
44402,ee:rural_municipality:rakvere,served_by,true
44403,ee:rural_municipality:rakvere,served_by,true
44404,ee:rural_municipality:rakvere,served_by,true
44405,ee:rural_municipality:rakvere,served_by,true
44406,ee:rural_municipality:rakvere,served_by,true
44407,ee:rural_municipality:rakvere,served_by,true
44408,ee:rural_municipality:rakvere,served_by,true
44409,ee:rural_municipality:rakvere,served_by,true
44410,ee:rural_municipality:rakvere,served_by,true
44411,ee:rural_municipality:rakvere,served_by,true
44412,ee:rural_municipality:rakvere,served_by,true
44413,ee:rural_municipality:rakvere,served_by,true
44414,ee:rural_municipality:rakvere,served_by,true
44415,ee:rural_municipality:rakvere,served_by,true
44416,ee:rural_municipality:rakvere,served_by,true
44417,ee:rural_municipality:rakvere,served_by,true
44418,ee:rural_municipality:rakvere,served_by,true
44419,ee:rural_municipality:rakvere,served_by,true
44420,ee:rural_municipality:rakvere,served_by,true
45001,ee:rural_municipality:tapa,served_by,true
45002,ee:rural_municipality:tapa,served_by,true
45003,ee:rural_municipality:tapa,served_by,true
45004,ee:rural_municipality:tapa,served_by,true
45005,ee:rural_municipality:tapa,served_by,true
45006,ee:rural_municipality:tapa,served_by,true
45007,ee:rural_municipality:tapa,served_by,true
45008,ee:rural_municipality:tapa,served_by,true
45009,ee:rural_municipality:tapa,served_by,true
45010,ee:rural_municipality:tapa,served_by,true
45011,ee:rural_municipality:tapa,served_by,true
45101,ee:rural_municipality:kadrina,served_by,true
45106,ee:rural_municipality:tapa,served_by,true
45107,ee:rural_municipality:tapa,served_by,true
45108,ee:rural_municipality:tapa,served_by,true
45109,ee:rural_municipality:tapa,served_by,true
45201,ee:rural_municipality:kadrina,served_by,true
45202,ee:rural_municipality:haljala,served_by,true
45202,ee:rural_municipality:kadrina,served_by,false
45203,ee:rural_municipality:kadrina,served_by,true
45204,ee:rural_municipality:kadrina,served_by,true
45205,ee:rural_municipality:kadrina,served_by,true
45206,ee:rural_municipality:kadrina,served_by,true
45207,ee:rural_municipality:kadrina,served_by,true
45208,ee:rural_municipality:kadrina,served_by,true
45209,ee:rural_municipality:kadrina,served_by,true
45210,ee:rural_municipality:kadrina,served_by,true
45211,ee:rural_municipality:kadrina,served_by,true
45212,ee:rural_municipality:kadrina,served_by,true
45213,ee:rural_municipality:kadrina,served_by,true
45214,ee:rural_municipality:kadrina,served_by,true
45215,ee:rural_municipality:kadrina,served_by,true
45216,ee:rural_municipality:kadrina,served_by,true
45217,ee:rural_municipality:kadrina,served_by,true
45218,ee:rural_municipality:kadrina,served_by,true
45219,ee:rural_municipality:kadrina,served_by,true
45220,ee:rural_municipality:kadrina,served_by,true
45221,ee:rural_municipality:kadrina,served_by,true
45222,ee:rural_municipality:kadrina,served_by,true
45223,ee:rural_municipality:kadrina,served_by,true
45224,ee:rural_municipality:kadrina,served_by,true
45225,ee:rural_municipality:kadrina,served_by,true
45226,ee:rural_municipality:kadrina,served_by,true
45227,ee:rural_municipality:kadrina,served_by,true
45228,ee:rural_municipality:kadrina,served_by,true
45229,ee:rural_municipality:kadrina,served_by,true
45230,ee:rural_municipality:kadrina,served_by,true
45231,ee:rural_municipality:kadrina,served_by,true
45232,ee:rural_municipality:kadrina,served_by,true
45233,ee:rural_municipality:kadrina,served_by,true
45234,ee:rural_municipality:kadrina,served_by,true
45235,ee:rural_municipality:kadrina,served_by,true
45236,ee:rural_municipality:kadrina,served_by,true
45237,ee:rural_municipality:kadrina,served_by,true
45238,ee:rural_municipality:kadrina,served_by,true
45239,ee:rural_municipality:kadrina,served_by,true
45241,ee:rural_municipality:kadrina,served_by,true
45243,ee:rural_municipality:kadrina,served_by,true
45244,ee:rural_municipality:kadrina,served_by,true
45301,ee:rural_municipality:haljala,served_by,true
45302,ee:rural_municipality:haljala,served_by,true
45303,ee:rural_municipality:haljala,served_by,true
45304,ee:rural_municipality:haljala,served_by,true
45305,ee:rural_municipality:haljala,served_by,true
45306,ee:rural_municipality:haljala,served_by,true
45307,ee:rural_municipality:haljala,served_by,true
45308,ee:rural_municipality:haljala,served_by,true
45309,ee:rural_municipality:haljala,served_by,true
45310,ee:rural_municipality:haljala,served_by,true
45311,ee:rural_municipality:haljala,served_by,true
45312,ee:rural_municipality:haljala,served_by,true
45313,ee:rural_municipality:haljala,served_by,true
45314,ee:rural_municipality:haljala,served_by,true
45315,ee:rural_municipality:haljala,served_by,true
45316,ee:rural_municipality:haljala,served_by,true
45317,ee:rural_municipality:haljala,served_by,true
45318,ee:rural_municipality:haljala,served_by,true
45319,ee:rural_municipality:haljala,served_by,true
45320,ee:rural_municipality:haljala,served_by,true
45321,ee:rural_municipality:haljala,served_by,true
45401,ee:rural_municipality:haljala,served_by,true
45402,ee:rural_municipality:haljala,served_by,true
45403,ee:rural_municipality:haljala,served_by,true
45404,ee:rural_municipality:haljala,served_by,true
45405,ee:rural_municipality:haljala,served_by,true
45406,ee:rural_municipality:haljala,served_by,true
45407,ee:rural_municipality:haljala,served_by,true
45408,ee:rural_municipality:haljala,served_by,true
45409,ee:rural_municipality:haljala,served_by,true
45410,ee:rural_municipality:haljala,served_by,true
45411,ee:rural_municipality:haljala,served_by,true
45412,ee:rural_municipality:haljala,served_by,true
45413,ee:rural_municipality:haljala,served_by,true
45414,ee:rural_municipality:haljala,served_by,true
45415,ee:rural_municipality:haljala,served_by,true
45416,ee:rural_municipality:haljala,served_by,true
45417,ee:rural_municipality:haljala,served_by,true
45418,ee:rural_municipality:haljala,served_by,true
45419,ee:rural_municipality:haljala,served_by,true
45420,ee:rural_municipality:haljala,served_by,true
45421,ee:rural_municipality:haljala,served_by,true
45422,ee:rural_municipality:haljala,served_by,true
45423,ee:rural_municipality:haljala,served_by,true
45424,ee:rural_municipality:haljala,served_by,true
45425,ee:rural_municipality:haljala,served_by,true
45426,ee:rural_municipality:haljala,served_by,true
45427,ee:rural_municipality:haljala,served_by,true
45428,ee:rural_municipality:haljala,served_by,true
45429,ee:rural_municipality:haljala,served_by,true
45430,ee:rural_municipality:haljala,served_by,true
45431,ee:rural_municipality:haljala,served_by,true
45432,ee:rural_municipality:haljala,served_by,true
45433,ee:rural_municipality:haljala,served_by,true
45434,ee:rural_municipality:haljala,served_by,true
45435,ee:rural_municipality:haljala,served_by,true
45436,ee:rural_municipality:haljala,served_by,true
45437,ee:rural_municipality:haljala,served_by,true
45438,ee:rural_municipality:haljala,served_by,true
45439,ee:rural_municipality:haljala,served_by,true
45440,ee:rural_municipality:haljala,served_by,true
45441,ee:rural_municipality:haljala,served_by,true
45442,ee:rural_municipality:haljala,served_by,true
45443,ee:rural_municipality:haljala,served_by,true
45444,ee:rural_municipality:haljala,served_by,true
45445,ee:rural_municipality:haljala,served_by,true
45446,ee:rural_municipality:haljala,served_by,true
45447,ee:rural_municipality:haljala,served_by,true
45448,ee:rural_municipality:haljala,served_by,true
45449,ee:rural_municipality:haljala,served_by,true
45450,ee:rural_municipality:haljala,served_by,true
45451,ee:rural_municipality:haljala,served_by,true
45501,ee:rural_municipality:haljala,served_by,true
45601,ee:rural_municipality:haljala,served_by,true
46001,ee:rural_municipality:tapa,served_by,true
46002,ee:rural_municipality:tapa,served_by,true
46003,ee:rural_municipality:tapa,served_by,true
46004,ee:rural_municipality:tapa,served_by,true
46005,ee:rural_municipality:tapa,served_by,true
46006,ee:rural_municipality:tapa,served_by,true
46007,ee:rural_municipality:tapa,served_by,true
46008,ee:rural_municipality:tapa,served_by,true
46009,ee:rural_municipality:tapa,served_by,true
46010,ee:rural_municipality:tapa,served_by,true
46011,ee:rural_municipality:tapa,served_by,true
46012,ee:rural_municipality:tapa,served_by,true
46013,ee:rural_municipality:tapa,served_by,true
46014,ee:rural_municipality:tapa,served_by,true
46015,ee:rural_municipality:tapa,served_by,true
46016,ee:rural_municipality:tapa,served_by,true
46017,ee:rural_municipality:tapa,served_by,true
46018,ee:rural_municipality:tapa,served_by,true
46019,ee:rural_municipality:tapa,served_by,true
46020,ee:rural_municipality:tapa,served_by,true
46021,ee:rural_municipality:tapa,served_by,true
46022,ee:rural_municipality:tapa,served_by,true
46023,ee:rural_municipality:tapa,served_by,true
46024,ee:rural_municipality:tapa,served_by,true
46025,ee:rural_municipality:tapa,served_by,true
46026,ee:rural_municipality:tapa,served_by,true
46027,ee:rural_municipality:tapa,served_by,true
46028,ee:rural_municipality:tapa,served_by,true
46029,ee:rural_municipality:tapa,served_by,true
46030,ee:rural_municipality:tapa,served_by,true
46101,ee:rural_municipality:tapa,served_by,true
46105,ee:rural_municipality:tapa,served_by,true
46106,ee:rural_municipality:tapa,served_by,true
46107,ee:rural_municipality:tapa,served_by,true
46108,ee:rural_municipality:tapa,served_by,true
46201,ee:rural_municipality:vaike-maarja,served_by,true
46202,ee:rural_municipality:vaike-maarja,served_by,true
46203,ee:rural_municipality:vaike-maarja,served_by,true
46204,ee:rural_municipality:vaike-maarja,served_by,true
46205,ee:rural_municipality:vaike-maarja,served_by,true
46206,ee:rural_municipality:vaike-maarja,served_by,true
46207,ee:rural_municipality:vaike-maarja,served_by,true
46208,ee:rural_municipality:vaike-maarja,served_by,true
46209,ee:rural_municipality:vaike-maarja,served_by,true
46210,ee:rural_municipality:vaike-maarja,served_by,true
46211,ee:rural_municipality:vaike-maarja,served_by,true
46212,ee:rural_municipality:vaike-maarja,served_by,true
46213,ee:rural_municipality:vaike-maarja,served_by,true
46214,ee:rural_municipality:vaike-maarja,served_by,true
46215,ee:rural_municipality:vaike-maarja,served_by,true
46216,ee:rural_municipality:vaike-maarja,served_by,true
46217,ee:rural_municipality:vaike-maarja,served_by,true
46218,ee:rural_municipality:vaike-maarja,served_by,true
46219,ee:rural_municipality:vaike-maarja,served_by,true
46220,ee:rural_municipality:vaike-maarja,served_by,true
46221,ee:rural_municipality:vaike-maarja,served_by,true
46222,ee:rural_municipality:vaike-maarja,served_by,true
46223,ee:rural_municipality:vaike-maarja,served_by,true
46224,ee:rural_municipality:vaike-maarja,served_by,true
46225,ee:rural_municipality:vaike-maarja,served_by,true
46226,ee:rural_municipality:vaike-maarja,served_by,true
46227,ee:rural_municipality:vaike-maarja,served_by,true
46228,ee:rural_municipality:vaike-maarja,served_by,true
46229,ee:rural_municipality:vaike-maarja,served_by,true
46230,ee:rural_municipality:vaike-maarja,served_by,true
46231,ee:rural_municipality:vaike-maarja,served_by,true
46232,ee:rural_municipality:vaike-maarja,served_by,true
46233,ee:rural_municipality:vaike-maarja,served_by,true
46234,ee:rural_municipality:vaike-maarja,served_by,true
46235,ee:rural_municipality:vaike-maarja,served_by,true
46241,ee:rural_municipality:vaike-maarja,served_by,true
46301,ee:rural_municipality:vaike-maarja,served_by,true
46302,ee:rural_municipality:vaike-maarja,served_by,true
46303,ee:rural_municipality:vaike-maarja,served_by,true
46304,ee:rural_municipality:vaike-maarja,served_by,true
46305,ee:rural_municipality:vaike-maarja,served_by,true
46306,ee:rural_municipality:vaike-maarja,served_by,true
46307,ee:rural_municipality:vaike-maarja,served_by,true
46308,ee:rural_municipality:vaike-maarja,served_by,true
46309,ee:rural_municipality:vaike-maarja,served_by,true
46310,ee:rural_municipality:vaike-maarja,served_by,true
46311,ee:rural_municipality:vaike-maarja,served_by,true
46312,ee:rural_municipality:vaike-maarja,served_by,true
46313,ee:rural_municipality:vaike-maarja,served_by,true
46314,ee:rural_municipality:vaike-maarja,served_by,true
46315,ee:rural_municipality:vaike-maarja,served_by,true
46316,ee:rural_municipality:vaike-maarja,served_by,true
46317,ee:rural_municipality:vaike-maarja,served_by,true
46318,ee:rural_municipality:vaike-maarja,served_by,true
46319,ee:rural_municipality:vaike-maarja,served_by,true
46320,ee:rural_municipality:vaike-maarja,served_by,true
46321,ee:rural_municipality:vaike-maarja,served_by,true
46322,ee:rural_municipality:vaike-maarja,served_by,true
46323,ee:rural_municipality:vaike-maarja,served_by,true
46324,ee:rural_municipality:vaike-maarja,served_by,true
46325,ee:rural_municipality:vaike-maarja,served_by,true
46326,ee:rural_municipality:vaike-maarja,served_by,true
46328,ee:rural_municipality:vaike-maarja,served_by,true
46329,ee:rural_municipality:vaike-maarja,served_by,true
46330,ee:rural_municipality:vaike-maarja,served_by,true
46331,ee:rural_municipality:vaike-maarja,served_by,true
46332,ee:rural_municipality:vaike-maarja,served_by,true
46401,ee:rural_municipality:vaike-maarja,served_by,true
46501,ee:rural_municipality:vinni,served_by,true
46502,ee:rural_municipality:vinni,served_by,true
46503,ee:rural_municipality:vinni,served_by,true
46504,ee:rural_municipality:vinni,served_by,true
46505,ee:rural_municipality:vinni,served_by,true
46506,ee:rural_municipality:vinni,served_by,true
46507,ee:rural_municipality:vinni,served_by,true
46508,ee:rural_municipality:vinni,served_by,true
46509,ee:rural_municipality:vinni,served_by,true
46510,ee:rural_municipality:vinni,served_by,true
46511,ee:rural_municipality:vinni,served_by,true
46512,ee:rural_municipality:vinni,served_by,true
46513,ee:rural_municipality:vinni,served_by,true
46514,ee:rural_municipality:vinni,served_by,true
46515,ee:rural_municipality:vinni,served_by,true
46516,ee:rural_municipality:vinni,served_by,true
46517,ee:rural_municipality:vinni,served_by,true
46518,ee:rural_municipality:vinni,served_by,true
46519,ee:rural_municipality:vinni,served_by,true
46601,ee:rural_municipality:vinni,served_by,true
46602,ee:rural_municipality:vinni,served_by,true
46603,ee:rural_municipality:vinni,served_by,true
46604,ee:rural_municipality:vinni,served_by,true
46605,ee:rural_municipality:vinni,served_by,true
46606,ee:rural_municipality:vinni,served_by,true
46607,ee:rural_municipality:vinni,served_by,true
46608,ee:rural_municipality:vinni,served_by,true
46609,ee:rural_municipality:vinni,served_by,true
46610,ee:rural_municipality:vinni,served_by,true
46611,ee:rural_municipality:vinni,served_by,true
46612,ee:rural_municipality:vinni,served_by,true
46613,ee:rural_municipality:vinni,served_by,true
46614,ee:rural_municipality:vinni,served_by,true
46615,ee:rural_municipality:vinni,served_by,true
46616,ee:rural_municipality:vinni,served_by,true
46617,ee:rural_municipality:vinni,served_by,true
46618,ee:rural_municipality:vinni,served_by,true
46619,ee:rural_municipality:vinni,served_by,true
46620,ee:rural_municipality:vinni,served_by,true
46621,ee:rural_municipality:vinni,served_by,true
46622,ee:rural_municipality:vinni,served_by,true
46623,ee:rural_municipality:vinni,served_by,true
46624,ee:rural_municipality:vinni,served_by,true
46625,ee:rural_municipality:vinni,served_by,true
46626,ee:rural_municipality:vinni,served_by,true
46627,ee:rural_municipality:vinni,served_by,true
46628,ee:rural_municipality:vinni,served_by,true
46629,ee:rural_municipality:vinni,served_by,true
46630,ee:rural_municipality:vinni,served_by,true
46631,ee:rural_municipality:vinni,served_by,true
46632,ee:rural_municipality:vinni,served_by,true
46633,ee:rural_municipality:vinni,served_by,true
46634,ee:rural_municipality:vinni,served_by,true
46635,ee:rural_municipality:vinni,served_by,true
46636,ee:rural_municipality:vinni,served_by,true
46637,ee:rural_municipality:vinni,served_by,true
46638,ee:rural_municipality:vinni,served_by,true
46639,ee:rural_municipality:vinni,served_by,true
46640,ee:rural_municipality:vinni,served_by,true
46641,ee:rural_municipality:vinni,served_by,true
46642,ee:rural_municipality:vinni,served_by,true
46701,ee:rural_municipality:vinni,served_by,true
46702,ee:rural_municipality:vinni,served_by,true
46703,ee:rural_municipality:vinni,served_by,true
46704,ee:rural_municipality:vinni,served_by,true
46705,ee:rural_municipality:vinni,served_by,true
46706,ee:rural_municipality:vinni,served_by,true
46707,ee:rural_municipality:vinni,served_by,true
46708,ee:rural_municipality:vinni,served_by,true
46709,ee:rural_municipality:vinni,served_by,true
46710,ee:rural_municipality:vinni,served_by,true
46711,ee:rural_municipality:vinni,served_by,true
46712,ee:rural_municipality:vinni,served_by,true
46713,ee:rural_municipality:vinni,served_by,true
46714,ee:rural_municipality:vinni,served_by,true
46715,ee:rural_municipality:vinni,served_by,true
48001,ee:rural_municipality:poltsamaa,served_by,true
48003,ee:rural_municipality:poltsamaa,served_by,true
48004,ee:rural_municipality:poltsamaa,served_by,true
48005,ee:rural_municipality:poltsamaa,served_by,true
48006,ee:rural_municipality:poltsamaa,served_by,true
48007,ee:rural_municipality:poltsamaa,served_by,true
48008,ee:rural_municipality:poltsamaa,served_by,true
48010,ee:rural_municipality:poltsamaa,served_by,true
48011,ee:rural_municipality:poltsamaa,served_by,true
48012,ee:rural_municipality:poltsamaa,served_by,true
48013,ee:rural_municipality:poltsamaa,served_by,true
48014,ee:rural_municipality:poltsamaa,served_by,true
48015,ee:rural_municipality:poltsamaa,served_by,true
48016,ee:rural_municipality:poltsamaa,served_by,true
48017,ee:rural_municipality:poltsamaa,served_by,true
48018,ee:rural_municipality:poltsamaa,served_by,true
48019,ee:rural_municipality:poltsamaa,served_by,true
48020,ee:rural_municipality:poltsamaa,served_by,true
48021,ee:rural_municipality:poltsamaa,served_by,true
48022,ee:rural_municipality:poltsamaa,served_by,true
48023,ee:rural_municipality:poltsamaa,served_by,true
48024,ee:rural_municipality:poltsamaa,served_by,true
48025,ee:rural_municipality:poltsamaa,served_by,true
48026,ee:rural_municipality:poltsamaa,served_by,true
48027,ee:rural_municipality:poltsamaa,served_by,true
48028,ee:rural_municipality:poltsamaa,served_by,true
48029,ee:rural_municipality:poltsamaa,served_by,true
48030,ee:rural_municipality:poltsamaa,served_by,true
48031,ee:rural_municipality:poltsamaa,served_by,true
48032,ee:rural_municipality:poltsamaa,served_by,true
48103,ee:rural_municipality:poltsamaa,served_by,true
48104,ee:rural_municipality:poltsamaa,served_by,true
48105,ee:rural_municipality:poltsamaa,served_by,true
48106,ee:rural_municipality:poltsamaa,served_by,true
48202,ee:rural_municipality:poltsamaa,served_by,true
48203,ee:rural_municipality:poltsamaa,served_by,true
48204,ee:rural_municipality:jogeva,served_by,true
48205,ee:rural_municipality:poltsamaa,served_by,true
48206,ee:rural_municipality:poltsamaa,served_by,true
48207,ee:rural_municipality:poltsamaa,served_by,true
48208,ee:rural_municipality:poltsamaa,served_by,true
48209,ee:rural_municipality:poltsamaa,served_by,true
48210,ee:rural_municipality:poltsamaa,served_by,true
48211,ee:rural_municipality:poltsamaa,served_by,true
48212,ee:rural_municipality:poltsamaa,served_by,true
48213,ee:rural_municipality:poltsamaa,served_by,true
48214,ee:rural_municipality:poltsamaa,served_by,true
48215,ee:rural_municipality:poltsamaa,served_by,true
48216,ee:rural_municipality:poltsamaa,served_by,true
48217,ee:rural_municipality:poltsamaa,served_by,true
48218,ee:rural_municipality:poltsamaa,served_by,true
48219,ee:rural_municipality:poltsamaa,served_by,true
48220,ee:rural_municipality:poltsamaa,served_by,true
48221,ee:rural_municipality:poltsamaa,served_by,true
48222,ee:rural_municipality:poltsamaa,served_by,true
48223,ee:rural_municipality:poltsamaa,served_by,true
48224,ee:rural_municipality:poltsamaa,served_by,true
48303,ee:rural_municipality:jogeva,served_by,true
48304,ee:rural_municipality:jogeva,served_by,true
48305,ee:rural_municipality:jogeva,served_by,true
48306,ee:rural_municipality:jogeva,served_by,true
48307,ee:rural_municipality:jogeva,served_by,true
48308,ee:rural_municipality:jogeva,served_by,true
48309,ee:rural_municipality:jogeva,served_by,true
48405,ee:rural_municipality:jogeva,served_by,true
48406,ee:rural_municipality:jogeva,served_by,true
48407,ee:rural_municipality:jogeva,served_by,true
48409,ee:rural_municipality:jogeva,served_by,true
48410,ee:rural_municipality:jogeva,served_by,true
48411,ee:rural_municipality:jogeva,served_by,true
48412,ee:rural_municipality:jogeva,served_by,true
48413,ee:rural_municipality:jogeva,served_by,true
48414,ee:rural_municipality:jogeva,served_by,true
48415,ee:rural_municipality:jogeva,served_by,true
48416,ee:rural_municipality:jogeva,served_by,true
48417,ee:rural_municipality:jogeva,served_by,true
48418,ee:rural_municipality:jogeva,served_by,true
48419,ee:rural_municipality:jogeva,served_by,true
48420,ee:rural_municipality:jogeva,served_by,true
48421,ee:rural_municipality:jogeva,served_by,true
48422,ee:rural_municipality:jogeva,served_by,true
48423,ee:rural_municipality:jogeva,served_by,true
48424,ee:rural_municipality:jogeva,served_by,true
48425,ee:rural_municipality:jogeva,served_by,true
48426,ee:rural_municipality:jogeva,served_by,true
48427,ee:rural_municipality:jogeva,served_by,true
48428,ee:rural_municipality:jogeva,served_by,true
48429,ee:rural_municipality:jogeva,served_by,true
48430,ee:rural_municipality:jogeva,served_by,true
48431,ee:rural_municipality:jogeva,served_by,true
48432,ee:rural_municipality:jogeva,served_by,true
48433,ee:rural_municipality:jogeva,served_by,true
48434,ee:rural_municipality:jogeva,served_by,true
48435,ee:rural_municipality:jogeva,served_by,true
48436,ee:rural_municipality:jogeva,served_by,true
48437,ee:rural_municipality:jogeva,served_by,true
48438,ee:rural_municipality:jogeva,served_by,true
48439,ee:rural_municipality:jogeva,served_by,true
48440,ee:rural_municipality:jogeva,served_by,true
48441,ee:rural_municipality:jogeva,served_by,true
48443,ee:rural_municipality:jogeva,served_by,true
48444,ee:rural_municipality:jogeva,served_by,true
48445,ee:rural_municipality:jogeva,served_by,true
48446,ee:rural_municipality:jogeva,served_by,true
48501,ee:rural_municipality:jogeva,served_by,true
48502,ee:rural_municipality:jogeva,served_by,true
48503,ee:rural_municipality:jogeva,served_by,true
48505,ee:rural_municipality:jogeva,served_by,true
48506,ee:rural_municipality:jogeva,served_by,true
48507,ee:rural_municipality:jogeva,served_by,true
48508,ee:rural_municipality:jogeva,served_by,true
48509,ee:rural_municipality:jogeva,served_by,true
48510,ee:rural_municipality:jogeva,served_by,true
48511,ee:rural_municipality:jogeva,served_by,true
48512,ee:rural_municipality:jogeva,served_by,true
48513,ee:rural_municipality:jogeva,served_by,true
48514,ee:rural_municipality:jogeva,served_by,true
48515,ee:rural_municipality:jogeva,served_by,true
48516,ee:rural_municipality:jogeva,served_by,true
48517,ee:rural_municipality:jogeva,served_by,true
48518,ee:rural_municipality:jogeva,served_by,true
48519,ee:rural_municipality:jogeva,served_by,true
48520,ee:rural_municipality:jogeva,served_by,true
48521,ee:rural_municipality:jogeva,served_by,true
48522,ee:rural_municipality:jogeva,served_by,true
48523,ee:rural_municipality:jogeva,served_by,true
48524,ee:rural_municipality:jogeva,served_by,true
48525,ee:rural_municipality:mustvee,served_by,true
48526,ee:rural_municipality:jogeva,served_by,true
49002,ee:rural_municipality:poltsamaa,served_by,true
49003,ee:rural_municipality:jogeva,served_by,true
49004,ee:rural_municipality:jogeva,served_by,true
49005,ee:rural_municipality:poltsamaa,served_by,true
49006,ee:rural_municipality:poltsamaa,served_by,true
49007,ee:rural_municipality:poltsamaa,served_by,true
49008,ee:rural_municipality:poltsamaa,served_by,true
49009,ee:rural_municipality:poltsamaa,served_by,true
49010,ee:rural_municipality:jogeva,served_by,true
49011,ee:rural_municipality:jogeva,served_by,true
49012,ee:rural_municipality:poltsamaa,served_by,true
49013,ee:rural_municipality:poltsamaa,served_by,true
49014,ee:rural_municipality:poltsamaa,served_by,true
49103,ee:rural_municipality:tartu,served_by,true
49104,ee:rural_municipality:tartu,served_by,true
49105,ee:rural_municipality:tartu,served_by,true
49106,ee:rural_municipality:tartu,served_by,true
49107,ee:rural_municipality:tartu,served_by,true
49108,ee:rural_municipality:tartu,served_by,true
49109,ee:rural_municipality:tartu,served_by,true
49110,ee:rural_municipality:tartu,served_by,true
49111,ee:rural_municipality:tartu,served_by,true
49112,ee:rural_municipality:tartu,served_by,true
49113,ee:rural_municipality:tartu,served_by,true
49114,ee:rural_municipality:tartu,served_by,true
49115,ee:rural_municipality:tartu,served_by,true
49116,ee:rural_municipality:tartu,served_by,true
49117,ee:rural_municipality:tartu,served_by,true
49118,ee:rural_municipality:tartu,served_by,true
49119,ee:rural_municipality:tartu,served_by,true
49120,ee:rural_municipality:tartu,served_by,true
49121,ee:rural_municipality:tartu,served_by,true
49122,ee:rural_municipality:tartu,served_by,true
49123,ee:rural_municipality:tartu,served_by,true
49124,ee:rural_municipality:tartu,served_by,true
49125,ee:rural_municipality:tartu,served_by,true
49126,ee:rural_municipality:tartu,served_by,true
49127,ee:rural_municipality:tartu,served_by,true
49201,ee:rural_municipality:jogeva,served_by,true
49203,ee:rural_municipality:jogeva,served_by,true
49204,ee:rural_municipality:jogeva,served_by,true
49205,ee:rural_municipality:jogeva,served_by,true
49206,ee:rural_municipality:jogeva,served_by,true
49207,ee:rural_municipality:jogeva,served_by,true
49208,ee:rural_municipality:jogeva,served_by,true
49209,ee:rural_municipality:jogeva,served_by,true
49210,ee:rural_municipality:jogeva,served_by,true
49211,ee:rural_municipality:jogeva,served_by,true
49212,ee:rural_municipality:jogeva,served_by,true
49213,ee:rural_municipality:jogeva,served_by,true
49216,ee:rural_municipality:jogeva,served_by,true
49217,ee:rural_municipality:jogeva,served_by,true
49218,ee:rural_municipality:jogeva,served_by,true
49219,ee:rural_municipality:jogeva,served_by,true
49220,ee:rural_municipality:jogeva,served_by,true
49221,ee:rural_municipality:jogeva,served_by,true
49222,ee:rural_municipality:jogeva,served_by,true
49223,ee:rural_municipality:jogeva,served_by,true
49224,ee:rural_municipality:jogeva,served_by,true
49225,ee:rural_municipality:jogeva,served_by,true
49226,ee:rural_municipality:jogeva,served_by,true
49227,ee:rural_municipality:jogeva,served_by,true
49228,ee:rural_municipality:jogeva,served_by,true
49303,ee:rural_municipality:mustvee,served_by,true
49304,ee:rural_municipality:mustvee,served_by,true
49305,ee:rural_municipality:mustvee,served_by,true
49306,ee:rural_municipality:mustvee,served_by,true
49307,ee:rural_municipality:mustvee,served_by,true
49308,ee:rural_municipality:mustvee,served_by,true
49309,ee:rural_municipality:mustvee,served_by,true
49310,ee:rural_municipality:mustvee,served_by,true
49311,ee:rural_municipality:mustvee,served_by,true
49312,ee:rural_municipality:mustvee,served_by,true
49313,ee:rural_municipality:mustvee,served_by,true
49314,ee:rural_municipality:mustvee,served_by,true
49315,ee:rural_municipality:mustvee,served_by,true
49316,ee:rural_municipality:mustvee,served_by,true
49317,ee:rural_municipality:mustvee,served_by,true
49318,ee:rural_municipality:mustvee,served_by,true
49319,ee:rural_municipality:mustvee,served_by,true
49320,ee:rural_municipality:mustvee,served_by,true
49321,ee:rural_municipality:mustvee,served_by,true
49322,ee:rural_municipality:mustvee,served_by,true
49323,ee:rural_municipality:mustvee,served_by,true
49324,ee:rural_municipality:mustvee,served_by,true
49403,ee:rural_municipality:peipsiaare,served_by,true
49404,ee:rural_municipality:peipsiaare,served_by,true
49405,ee:rural_municipality:peipsiaare,served_by,true
49406,ee:rural_municipality:peipsiaare,served_by,true
49407,ee:rural_municipality:peipsiaare,served_by,true
49408,ee:rural_municipality:peipsiaare,served_by,true
49409,ee:rural_municipality:peipsiaare,served_by,true
49410,ee:rural_municipality:peipsiaare,served_by,true
49411,ee:rural_municipality:peipsiaare,served_by,true
49412,ee:rural_municipality:peipsiaare,served_by,true
49413,ee:rural_municipality:peipsiaare,served_by,true
49414,ee:rural_municipality:peipsiaare,served_by,true
49415,ee:rural_municipality:peipsiaare,served_by,true
49416,ee:rural_municipality:peipsiaare,served_by,true
49417,ee:rural_municipality:peipsiaare,served_by,true
49418,ee:rural_municipality:peipsiaare,served_by,true
49419,ee:rural_municipality:peipsiaare,served_by,true
49420,ee:rural_municipality:peipsiaare,served_by,true
49421,ee:rural_municipality:peipsiaare,served_by,true
49422,ee:rural_municipality:peipsiaare,served_by,true
49423,ee:rural_municipality:peipsiaare,served_by,true
49425,ee:rural_municipality:peipsiaare,served_by,true
49426,ee:rural_municipality:peipsiaare,served_by,true
49502,ee:rural_municipality:mustvee,served_by,true
49503,ee:rural_municipality:mustvee,served_by,true
49504,ee:rural_municipality:mustvee,served_by,true
49505,ee:rural_municipality:mustvee,served_by,true
49506,ee:rural_municipality:mustvee,served_by,true
49507,ee:rural_municipality:mustvee,served_by,true
49508,ee:rural_municipality:mustvee,served_by,true
49509,ee:rural_municipality:mustvee,served_by,true
49603,ee:rural_municipality:mustvee,served_by,true
49604,ee:rural_municipality:mustvee,served_by,true
50090,ee:urban_municipality:tartu,served_by,true
50091,ee:urban_municipality:tartu,served_by,true
50093,ee:urban_municipality:tartu,served_by,true
50103,ee:urban_municipality:tartu,served_by,true
50104,ee:urban_municipality:tartu,served_by,true
50105,ee:urban_municipality:tartu,served_by,true
50106,ee:urban_municipality:tartu,served_by,true
50107,ee:urban_municipality:tartu,served_by,true
50108,ee:urban_municipality:tartu,served_by,true
50109,ee:urban_municipality:tartu,served_by,true
50110,ee:urban_municipality:tartu,served_by,true
50111,ee:urban_municipality:tartu,served_by,true
50112,ee:urban_municipality:tartu,served_by,true
50113,ee:urban_municipality:tartu,served_by,true
50114,ee:urban_municipality:tartu,served_by,true
50115,ee:urban_municipality:tartu,served_by,true
50303,ee:urban_municipality:tartu,served_by,true
50304,ee:urban_municipality:tartu,served_by,true
50403,ee:urban_municipality:tartu,served_by,true
50404,ee:urban_municipality:tartu,served_by,true
50405,ee:urban_municipality:tartu,served_by,true
50406,ee:urban_municipality:tartu,served_by,true
50407,ee:urban_municipality:tartu,served_by,true
50408,ee:urban_municipality:tartu,served_by,true
50409,ee:urban_municipality:tartu,served_by,true
50410,ee:urban_municipality:tartu,served_by,true
50411,ee:urban_municipality:tartu,served_by,true
50412,ee:urban_municipality:tartu,served_by,true
50413,ee:urban_municipality:tartu,served_by,true
50414,ee:urban_municipality:tartu,served_by,true
50415,ee:urban_municipality:tartu,served_by,true
50416,ee:urban_municipality:tartu,served_by,true
50417,ee:urban_municipality:tartu,served_by,true
50501,ee:urban_municipality:tartu,served_by,true
50601,ee:urban_municipality:tartu,served_by,true
50603,ee:urban_municipality:tartu,served_by,true
50604,ee:urban_municipality:tartu,served_by,true
50605,ee:urban_municipality:tartu,served_by,true
50606,ee:urban_municipality:tartu,served_by,true
50607,ee:urban_municipality:tartu,served_by,true
50703,ee:urban_municipality:tartu,served_by,true
50704,ee:urban_municipality:tartu,served_by,true
50705,ee:urban_municipality:tartu,served_by,true
50706,ee:urban_municipality:tartu,served_by,true
50707,ee:urban_municipality:tartu,served_by,true
50708,ee:urban_municipality:tartu,served_by,true
51001,ee:urban_municipality:tartu,served_by,true
51003,ee:urban_municipality:tartu,served_by,true
51004,ee:urban_municipality:tartu,served_by,true
51005,ee:urban_municipality:tartu,served_by,true
51006,ee:urban_municipality:tartu,served_by,true
51007,ee:urban_municipality:tartu,served_by,true
51008,ee:urban_municipality:tartu,served_by,true
51009,ee:urban_municipality:tartu,served_by,true
51010,ee:urban_municipality:tartu,served_by,true
51011,ee:urban_municipality:tartu,served_by,true
51017,ee:urban_municipality:tartu,served_by,true
60103,ee:rural_municipality:peipsiaare,served_by,true
60104,ee:rural_municipality:peipsiaare,served_by,true
60201,ee:rural_municipality:peipsiaare,served_by,true
60202,ee:rural_municipality:peipsiaare,served_by,true
60203,ee:rural_municipality:peipsiaare,served_by,true
60204,ee:rural_municipality:peipsiaare,served_by,true
60205,ee:rural_municipality:peipsiaare,served_by,true
60206,ee:rural_municipality:peipsiaare,served_by,true
60207,ee:rural_municipality:peipsiaare,served_by,true
60208,ee:rural_municipality:peipsiaare,served_by,true
60209,ee:rural_municipality:peipsiaare,served_by,true
60210,ee:rural_municipality:peipsiaare,served_by,true
60211,ee:rural_municipality:peipsiaare,served_by,true
60212,ee:rural_municipality:peipsiaare,served_by,true
60213,ee:rural_municipality:peipsiaare,served_by,true
60214,ee:rural_municipality:peipsiaare,served_by,true
60215,ee:rural_municipality:peipsiaare,served_by,true
60216,ee:rural_municipality:peipsiaare,served_by,true
60217,ee:rural_municipality:peipsiaare,served_by,true
60218,ee:rural_municipality:peipsiaare,served_by,true
60219,ee:rural_municipality:peipsiaare,served_by,true
60220,ee:rural_municipality:peipsiaare,served_by,true
60221,ee:rural_municipality:peipsiaare,served_by,true
60222,ee:rural_municipality:peipsiaare,served_by,true
60223,ee:rural_municipality:peipsiaare,served_by,true
60224,ee:rural_municipality:peipsiaare,served_by,true
60225,ee:rural_municipality:peipsiaare,served_by,true
60226,ee:rural_municipality:peipsiaare,served_by,true
60227,ee:rural_municipality:peipsiaare,served_by,true
60228,ee:rural_municipality:peipsiaare,served_by,true
60229,ee:rural_municipality:peipsiaare,served_by,true
60230,ee:rural_municipality:peipsiaare,served_by,true
60231,ee:rural_municipality:peipsiaare,served_by,true
60232,ee:rural_municipality:peipsiaare,served_by,true
60302,ee:rural_municipality:peipsiaare,served_by,true
60303,ee:rural_municipality:peipsiaare,served_by,true
60304,ee:rural_municipality:peipsiaare,served_by,true
60305,ee:rural_municipality:peipsiaare,served_by,true
60306,ee:rural_municipality:peipsiaare,served_by,true
60403,ee:rural_municipality:peipsiaare,served_by,true
60404,ee:rural_municipality:peipsiaare,served_by,true
60405,ee:rural_municipality:peipsiaare,served_by,true
60406,ee:rural_municipality:peipsiaare,served_by,true
60407,ee:rural_municipality:peipsiaare,served_by,true
60408,ee:rural_municipality:peipsiaare,served_by,true
60409,ee:rural_municipality:peipsiaare,served_by,true
60410,ee:rural_municipality:peipsiaare,served_by,true
60411,ee:rural_municipality:peipsiaare,served_by,true
60412,ee:rural_municipality:peipsiaare,served_by,true
60413,ee:rural_municipality:peipsiaare,served_by,true
60414,ee:rural_municipality:peipsiaare,served_by,true
60415,ee:rural_municipality:peipsiaare,served_by,true
60416,ee:rural_municipality:peipsiaare,served_by,true
60417,ee:rural_municipality:peipsiaare,served_by,true
60418,ee:rural_municipality:peipsiaare,served_by,true
60419,ee:rural_municipality:peipsiaare,served_by,true
60420,ee:rural_municipality:peipsiaare,served_by,true
60421,ee:rural_municipality:peipsiaare,served_by,true
60422,ee:rural_municipality:peipsiaare,served_by,true
60423,ee:rural_municipality:peipsiaare,served_by,true
60424,ee:rural_municipality:peipsiaare,served_by,true
60425,ee:rural_municipality:peipsiaare,served_by,true
60426,ee:rural_municipality:peipsiaare,served_by,true
60427,ee:rural_municipality:peipsiaare,served_by,true
60428,ee:rural_municipality:peipsiaare,served_by,true
60431,ee:rural_municipality:peipsiaare,served_by,true
60432,ee:rural_municipality:peipsiaare,served_by,true
60502,ee:rural_municipality:tartu,served_by,true
60503,ee:rural_municipality:tartu,served_by,true
60504,ee:rural_municipality:tartu,served_by,true
60505,ee:rural_municipality:tartu,served_by,true
60506,ee:rural_municipality:tartu,served_by,true
60507,ee:rural_municipality:tartu,served_by,true
60508,ee:rural_municipality:tartu,served_by,true
60509,ee:rural_municipality:tartu,served_by,true
60510,ee:rural_municipality:tartu,served_by,true
60511,ee:rural_municipality:tartu,served_by,true
60512,ee:rural_municipality:tartu,served_by,true
60513,ee:rural_municipality:tartu,served_by,true
60514,ee:rural_municipality:tartu,served_by,true
60515,ee:rural_municipality:tartu,served_by,true
60516,ee:rural_municipality:tartu,served_by,true
60517,ee:rural_municipality:tartu,served_by,true
60518,ee:rural_municipality:tartu,served_by,true
60519,ee:rural_municipality:tartu,served_by,true
60520,ee:rural_municipality:tartu,served_by,true
60521,ee:rural_municipality:tartu,served_by,true
60522,ee:rural_municipality:tartu,served_by,true
60523,ee:rural_municipality:tartu,served_by,true
60524,ee:rural_municipality:tartu,served_by,true
60525,ee:rural_municipality:tartu,served_by,true
60526,ee:rural_municipality:tartu,served_by,true
60527,ee:rural_municipality:tartu,served_by,true
60528,ee:rural_municipality:tartu,served_by,true
60529,ee:rural_municipality:tartu,served_by,true
60530,ee:rural_municipality:tartu,served_by,true
60531,ee:rural_municipality:tartu,served_by,true
60532,ee:urban_municipality:tartu,served_by,true
60532,ee:rural_municipality:tartu,served_by,false
60533,ee:rural_municipality:tartu,served_by,true
60534,ee:rural_municipality:tartu,served_by,true
60535,ee:rural_municipality:tartu,served_by,true
60536,ee:rural_municipality:tartu,served_by,true
60537,ee:rural_municipality:tartu,served_by,true
60538,ee:rural_municipality:tartu,served_by,true
60539,ee:rural_municipality:tartu,served_by,true
60540,ee:rural_municipality:tartu,served_by,true
60541,ee:rural_municipality:tartu,served_by,true
60542,ee:rural_municipality:tartu,served_by,true
60543,ee:rural_municipality:tartu,served_by,true
60546,ee:rural_municipality:peipsiaare,served_by,true
60547,ee:rural_municipality:elva,served_by,true
60548,ee:rural_municipality:tartu,served_by,true
60549,ee:rural_municipality:tartu,served_by,true
60602,ee:rural_municipality:tartu,served_by,true
60603,ee:rural_municipality:tartu,served_by,true
60604,ee:rural_municipality:tartu,served_by,true
60605,ee:rural_municipality:tartu,served_by,true
60606,ee:rural_municipality:tartu,served_by,true
60608,ee:rural_municipality:tartu,served_by,true
61001,ee:rural_municipality:elva,served_by,true
61002,ee:rural_municipality:elva,served_by,true
61003,ee:rural_municipality:elva,served_by,true
61004,ee:rural_municipality:elva,served_by,true
61005,ee:rural_municipality:elva,served_by,true
61006,ee:rural_municipality:elva,served_by,true
61007,ee:rural_municipality:elva,served_by,true
61008,ee:rural_municipality:elva,served_by,true
61009,ee:rural_municipality:elva,served_by,true
61010,ee:rural_municipality:elva,served_by,true
61011,ee:rural_municipality:elva,served_by,true
61012,ee:rural_municipality:elva,served_by,true
61013,ee:rural_municipality:elva,served_by,true
61014,ee:rural_municipality:elva,served_by,true
61015,ee:rural_municipality:elva,served_by,true
61016,ee:rural_municipality:elva,served_by,true
61017,ee:rural_municipality:elva,served_by,true
61102,ee:rural_municipality:elva,served_by,true
61103,ee:rural_municipality:elva,served_by,true
61104,ee:rural_municipality:elva,served_by,true
61105,ee:rural_municipality:elva,served_by,true
61106,ee:rural_municipality:elva,served_by,true
61107,ee:rural_municipality:elva,served_by,true
61108,ee:rural_municipality:elva,served_by,true
61109,ee:rural_municipality:elva,served_by,true
61110,ee:rural_municipality:elva,served_by,true
61111,ee:rural_municipality:elva,served_by,true
61112,ee:rural_municipality:elva,served_by,true
61113,ee:rural_municipality:elva,served_by,true
61114,ee:rural_municipality:elva,served_by,true
61115,ee:rural_municipality:elva,served_by,true
61116,ee:rural_municipality:elva,served_by,true
61117,ee:rural_municipality:elva,served_by,true
61118,ee:rural_municipality:elva,served_by,true
61119,ee:rural_municipality:elva,served_by,true
61120,ee:rural_municipality:elva,served_by,true
61202,ee:rural_municipality:elva,served_by,true
61203,ee:rural_municipality:elva,served_by,true
61204,ee:rural_municipality:elva,served_by,true
61205,ee:rural_municipality:elva,served_by,true
61206,ee:rural_municipality:elva,served_by,true
61207,ee:rural_municipality:elva,served_by,true
61208,ee:rural_municipality:elva,served_by,true
61209,ee:rural_municipality:elva,served_by,true
61210,ee:rural_municipality:elva,served_by,true
61211,ee:rural_municipality:elva,served_by,true
61212,ee:rural_municipality:elva,served_by,true
61213,ee:rural_municipality:elva,served_by,true
61214,ee:rural_municipality:elva,served_by,true
61215,ee:rural_municipality:elva,served_by,true
61216,ee:rural_municipality:elva,served_by,true
61217,ee:rural_municipality:elva,served_by,true
61301,ee:rural_municipality:elva,served_by,true
61302,ee:rural_municipality:elva,served_by,true
61303,ee:rural_municipality:elva,served_by,true
61304,ee:rural_municipality:elva,served_by,true
61305,ee:rural_municipality:elva,served_by,true
61306,ee:rural_municipality:elva,served_by,true
61307,ee:rural_municipality:elva,served_by,true
61308,ee:rural_municipality:elva,served_by,true
61309,ee:rural_municipality:elva,served_by,true
61311,ee:rural_municipality:elva,served_by,true
61312,ee:rural_municipality:elva,served_by,true
61313,ee:rural_municipality:elva,served_by,true
61314,ee:rural_municipality:elva,served_by,true
61315,ee:rural_municipality:elva,served_by,true
61316,ee:rural_municipality:elva,served_by,true
61317,ee:rural_municipality:elva,served_by,true
61318,ee:rural_municipality:elva,served_by,true
61319,ee:rural_municipality:elva,served_by,true
61401,ee:urban_municipality:tartu,served_by,true
61402,ee:urban_municipality:tartu,served_by,true
61403,ee:urban_municipality:tartu,served_by,true
61404,ee:urban_municipality:tartu,served_by,true
61405,ee:urban_municipality:tartu,served_by,true
61406,ee:urban_municipality:tartu,served_by,true
61407,ee:urban_municipality:tartu,served_by,true
61408,ee:urban_municipality:tartu,served_by,true
61409,ee:urban_municipality:tartu,served_by,true
61410,ee:urban_municipality:tartu,served_by,true
61411,ee:urban_municipality:tartu,served_by,true
61412,ee:urban_municipality:tartu,served_by,true
61501,ee:rural_municipality:elva,served_by,true
61503,ee:rural_municipality:elva,served_by,true
61504,ee:rural_municipality:elva,served_by,true
61505,ee:rural_municipality:elva,served_by,true
61506,ee:rural_municipality:elva,served_by,true
61507,ee:rural_municipality:elva,served_by,true
61508,ee:rural_municipality:elva,served_by,true
61509,ee:rural_municipality:elva,served_by,true
61601,ee:rural_municipality:noo,served_by,true
61602,ee:rural_municipality:noo,served_by,true
61603,ee:rural_municipality:noo,served_by,true
61604,ee:rural_municipality:noo,served_by,true
61605,ee:rural_municipality:noo,served_by,true
61606,ee:rural_municipality:noo,served_by,true
61607,ee:rural_municipality:noo,served_by,true
61608,ee:rural_municipality:noo,served_by,true
61609,ee:rural_municipality:noo,served_by,true
61610,ee:rural_municipality:noo,served_by,true
61611,ee:rural_municipality:noo,served_by,true
61612,ee:rural_municipality:noo,served_by,true
61613,ee:rural_municipality:noo,served_by,true
61614,ee:rural_municipality:noo,served_by,true
61615,ee:rural_municipality:noo,served_by,true
61616,ee:rural_municipality:noo,served_by,true
61617,ee:rural_municipality:noo,served_by,true
61618,ee:rural_municipality:noo,served_by,true
61619,ee:rural_municipality:noo,served_by,true
61620,ee:rural_municipality:noo,served_by,true
61621,ee:rural_municipality:noo,served_by,true
61622,ee:rural_municipality:noo,served_by,true
61702,ee:rural_municipality:kambja,served_by,true
61703,ee:rural_municipality:kambja,served_by,true
61704,ee:rural_municipality:kambja,served_by,true
61705,ee:rural_municipality:kambja,served_by,true
61706,ee:rural_municipality:kambja,served_by,true
61707,ee:rural_municipality:kambja,served_by,true
61708,ee:rural_municipality:kambja,served_by,true
61709,ee:rural_municipality:kambja,served_by,true
61710,ee:rural_municipality:kambja,served_by,true
61711,ee:rural_municipality:kambja,served_by,true
61712,ee:rural_municipality:kambja,served_by,true
61713,ee:rural_municipality:kambja,served_by,true
61714,ee:rural_municipality:kambja,served_by,true
61715,ee:rural_municipality:kambja,served_by,true
62004,ee:rural_municipality:kambja,served_by,true
62005,ee:rural_municipality:kambja,served_by,true
62006,ee:rural_municipality:kambja,served_by,true
62007,ee:rural_municipality:kambja,served_by,true
62008,ee:rural_municipality:kambja,served_by,true
62009,ee:rural_municipality:kambja,served_by,true
62010,ee:rural_municipality:kambja,served_by,true
62011,ee:rural_municipality:kambja,served_by,true
62012,ee:rural_municipality:kambja,served_by,true
62013,ee:rural_municipality:kambja,served_by,true
62014,ee:rural_municipality:kambja,served_by,true
62015,ee:rural_municipality:kambja,served_by,true
62016,ee:rural_municipality:kambja,served_by,true
62017,ee:rural_municipality:kambja,served_by,true
62018,ee:rural_municipality:kambja,served_by,true
62019,ee:rural_municipality:kambja,served_by,true
62020,ee:rural_municipality:kambja,served_by,true
62021,ee:rural_municipality:kambja,served_by,true
62022,ee:rural_municipality:kambja,served_by,true
62023,ee:rural_municipality:kambja,served_by,true
62024,ee:rural_municipality:kambja,served_by,true
62025,ee:rural_municipality:kambja,served_by,true
62026,ee:rural_municipality:kambja,served_by,true
62027,ee:rural_municipality:kambja,served_by,true
62028,ee:rural_municipality:kambja,served_by,true
62029,ee:rural_municipality:kambja,served_by,true
62030,ee:rural_municipality:kambja,served_by,true
62031,ee:rural_municipality:kambja,served_by,true
62032,ee:rural_municipality:kambja,served_by,true
62033,ee:rural_municipality:kambja,served_by,true
62034,ee:rural_municipality:kambja,served_by,true
62103,ee:rural_municipality:kastre,served_by,true
62104,ee:rural_municipality:kastre,served_by,true
62105,ee:rural_municipality:kastre,served_by,true
62106,ee:rural_municipality:kastre,served_by,true
62107,ee:rural_municipality:kastre,served_by,true
62108,ee:rural_municipality:kastre,served_by,true
62109,ee:rural_municipality:kastre,served_by,true
62110,ee:rural_municipality:kastre,served_by,true
62111,ee:rural_municipality:kastre,served_by,true
62112,ee:rural_municipality:kastre,served_by,true
62113,ee:rural_municipality:kastre,served_by,true
62114,ee:rural_municipality:kastre,served_by,true
62115,ee:rural_municipality:kastre,served_by,true
62116,ee:rural_municipality:kastre,served_by,true
62117,ee:rural_municipality:kastre,served_by,true
62118,ee:rural_municipality:kastre,served_by,true
62119,ee:rural_municipality:kastre,served_by,true
62120,ee:rural_municipality:kastre,served_by,true
62121,ee:rural_municipality:kastre,served_by,true
62122,ee:rural_municipality:kastre,served_by,true
62202,ee:rural_municipality:luunja,served_by,true
62203,ee:rural_municipality:luunja,served_by,true
62204,ee:rural_municipality:luunja,served_by,true
62205,ee:rural_municipality:luunja,served_by,true
62206,ee:rural_municipality:luunja,served_by,true
62207,ee:rural_municipality:luunja,served_by,true
62208,ee:rural_municipality:luunja,served_by,true
62209,ee:rural_municipality:luunja,served_by,true
62210,ee:rural_municipality:luunja,served_by,true
62211,ee:rural_municipality:luunja,served_by,true
62212,ee:rural_municipality:luunja,served_by,true
62213,ee:rural_municipality:luunja,served_by,true
62214,ee:rural_municipality:luunja,served_by,true
62215,ee:rural_municipality:luunja,served_by,true
62216,ee:rural_municipality:luunja,served_by,true
62217,ee:rural_municipality:luunja,served_by,true
62218,ee:rural_municipality:luunja,served_by,true
62219,ee:rural_municipality:luunja,served_by,true
62220,ee:rural_municipality:luunja,served_by,true
62221,ee:rural_municipality:luunja,served_by,true
62222,ee:rural_municipality:luunja,served_by,true
62303,ee:rural_municipality:kastre,served_by,true
62304,ee:rural_municipality:kastre,served_by,true
62305,ee:rural_municipality:kastre,served_by,true
62306,ee:rural_municipality:kastre,served_by,true
62307,ee:rural_municipality:kastre,served_by,true
62308,ee:rural_municipality:kastre,served_by,true
62309,ee:rural_municipality:kastre,served_by,true
62310,ee:rural_municipality:kastre,served_by,true
62311,ee:rural_municipality:kastre,served_by,true
62312,ee:rural_municipality:kastre,served_by,true
62313,ee:rural_municipality:kastre,served_by,true
62314,ee:rural_municipality:kastre,served_by,true
62315,ee:rural_municipality:kastre,served_by,true
62316,ee:rural_municipality:kastre,served_by,true
62317,ee:rural_municipality:kastre,served_by,true
62318,ee:rural_municipality:kastre,served_by,true
62401,ee:rural_municipality:kastre,served_by,true
62402,ee:rural_municipality:kastre,served_by,true
62404,ee:rural_municipality:kastre,served_by,true
62405,ee:rural_municipality:kastre,served_by,true
62406,ee:rural_municipality:kastre,served_by,true
62407,ee:rural_municipality:kastre,served_by,true
62408,ee:rural_municipality:kastre,served_by,true
62409,ee:rural_municipality:kastre,served_by,true
62410,ee:rural_municipality:kastre,served_by,true
62411,ee:rural_municipality:kastre,served_by,true
62412,ee:rural_municipality:kastre,served_by,true
62413,ee:rural_municipality:kastre,served_by,true
62414,ee:rural_municipality:kastre,served_by,true
62502,ee:rural_municipality:rapina,served_by,true
62503,ee:rural_municipality:rapina,served_by,true
62504,ee:rural_municipality:rapina,served_by,true
62505,ee:rural_municipality:rapina,served_by,true
62506,ee:rural_municipality:kastre,served_by,true
62507,ee:rural_municipality:rapina,served_by,true
62508,ee:rural_municipality:rapina,served_by,true
62509,ee:rural_municipality:kastre,served_by,true
62510,ee:rural_municipality:rapina,served_by,true
62511,ee:rural_municipality:rapina,served_by,true
62512,ee:rural_municipality:rapina,served_by,true
62601,ee:rural_municipality:tartu,served_by,true
62602,ee:rural_municipality:tartu,served_by,true
62603,ee:rural_municipality:tartu,served_by,true
63002,ee:rural_municipality:polva,served_by,true
63003,ee:rural_municipality:polva,served_by,true
63004,ee:rural_municipality:polva,served_by,true
63005,ee:rural_municipality:polva,served_by,true
63006,ee:rural_municipality:polva,served_by,true
63007,ee:rural_municipality:polva,served_by,true
63008,ee:rural_municipality:polva,served_by,true
63009,ee:rural_municipality:polva,served_by,true
63010,ee:rural_municipality:polva,served_by,true
63011,ee:rural_municipality:polva,served_by,true
63012,ee:rural_municipality:polva,served_by,true
63101,ee:rural_municipality:kanepi,served_by,true
63102,ee:rural_municipality:kanepi,served_by,true
63103,ee:rural_municipality:kanepi,served_by,true
63105,ee:rural_municipality:kanepi,served_by,true
63106,ee:rural_municipality:kanepi,served_by,true
63107,ee:rural_municipality:kanepi,served_by,true
63108,ee:rural_municipality:kanepi,served_by,true
63109,ee:rural_municipality:kanepi,served_by,true
63110,ee:rural_municipality:kanepi,served_by,true
63111,ee:rural_municipality:kanepi,served_by,true
63112,ee:rural_municipality:kanepi,served_by,true
63113,ee:rural_municipality:kanepi,served_by,true
63114,ee:rural_municipality:kanepi,served_by,true
63115,ee:rural_municipality:kanepi,served_by,true
63116,ee:rural_municipality:kanepi,served_by,true
63117,ee:rural_municipality:kanepi,served_by,true
63118,ee:rural_municipality:kanepi,served_by,true
63119,ee:rural_municipality:kanepi,served_by,true
63120,ee:rural_municipality:kanepi,served_by,true
63121,ee:rural_municipality:kanepi,served_by,true
63122,ee:rural_municipality:kanepi,served_by,true
63123,ee:rural_municipality:kanepi,served_by,true
63124,ee:rural_municipality:kanepi,served_by,true
63202,ee:rural_municipality:polva,served_by,true
63203,ee:rural_municipality:polva,served_by,true
63204,ee:rural_municipality:polva,served_by,true
63205,ee:rural_municipality:polva,served_by,true
63206,ee:rural_municipality:polva,served_by,true
63207,ee:rural_municipality:polva,served_by,true
63208,ee:rural_municipality:polva,served_by,true
63209,ee:rural_municipality:polva,served_by,true
63210,ee:rural_municipality:polva,served_by,true
63211,ee:rural_municipality:polva,served_by,true
63212,ee:rural_municipality:polva,served_by,true
63213,ee:rural_municipality:polva,served_by,true
63214,ee:rural_municipality:polva,served_by,true
63215,ee:rural_municipality:polva,served_by,true
63216,ee:rural_municipality:polva,served_by,true
63217,ee:rural_municipality:polva,served_by,true
63218,ee:rural_municipality:polva,served_by,true
63219,ee:rural_municipality:polva,served_by,true
63220,ee:rural_municipality:polva,served_by,true
63221,ee:rural_municipality:polva,served_by,true
63222,ee:rural_municipality:polva,served_by,true
63223,ee:rural_municipality:polva,served_by,true
63224,ee:rural_municipality:polva,served_by,true
63225,ee:rural_municipality:polva,served_by,true
63226,ee:rural_municipality:polva,served_by,true
63227,ee:rural_municipality:polva,served_by,true
63228,ee:rural_municipality:polva,served_by,true
63229,ee:rural_municipality:polva,served_by,true
63230,ee:rural_municipality:polva,served_by,true
63303,ee:rural_municipality:polva,served_by,true
63304,ee:rural_municipality:polva,served_by,true
63305,ee:rural_municipality:polva,served_by,true
63306,ee:rural_municipality:polva,served_by,true
63307,ee:rural_municipality:polva,served_by,true
63308,ee:rural_municipality:polva,served_by,true
63309,ee:rural_municipality:polva,served_by,true
63404,ee:rural_municipality:kanepi,served_by,true
63405,ee:rural_municipality:kanepi,served_by,true
63406,ee:rural_municipality:kanepi,served_by,true
63407,ee:rural_municipality:kanepi,served_by,true
63408,ee:rural_municipality:kanepi,served_by,true
63409,ee:rural_municipality:kanepi,served_by,true
63410,ee:rural_municipality:kanepi,served_by,true
63411,ee:rural_municipality:kanepi,served_by,true
63412,ee:rural_municipality:kanepi,served_by,true
63413,ee:rural_municipality:kanepi,served_by,true
63414,ee:rural_municipality:kanepi,served_by,true
63415,ee:rural_municipality:kanepi,served_by,true
63416,ee:rural_municipality:kanepi,served_by,true
63417,ee:rural_municipality:kanepi,served_by,true
63418,ee:rural_municipality:kanepi,served_by,true
63419,ee:rural_municipality:kanepi,served_by,true
63502,ee:rural_municipality:kanepi,served_by,true
63503,ee:rural_municipality:kanepi,served_by,true
63504,ee:rural_municipality:kanepi,served_by,true
63505,ee:rural_municipality:kanepi,served_by,true
63506,ee:rural_municipality:kanepi,served_by,true
63507,ee:rural_municipality:kanepi,served_by,true
63508,ee:rural_municipality:kanepi,served_by,true
63509,ee:rural_municipality:kanepi,served_by,true
63510,ee:rural_municipality:kanepi,served_by,true
63511,ee:rural_municipality:kanepi,served_by,true
63512,ee:rural_municipality:kanepi,served_by,true
63513,ee:rural_municipality:kanepi,served_by,true
63514,ee:rural_municipality:kanepi,served_by,true
63601,ee:rural_municipality:polva,served_by,true
63602,ee:rural_municipality:polva,served_by,true
63603,ee:rural_municipality:polva,served_by,true
63604,ee:rural_municipality:polva,served_by,true
63605,ee:rural_municipality:polva,served_by,true
63606,ee:rural_municipality:polva,served_by,true
63607,ee:rural_municipality:polva,served_by,true
63608,ee:rural_municipality:polva,served_by,true
63609,ee:rural_municipality:polva,served_by,true
63610,ee:rural_municipality:polva,served_by,true
63611,ee:rural_municipality:polva,served_by,true
63702,ee:rural_municipality:polva,served_by,true
63703,ee:rural_municipality:polva,served_by,true
63704,ee:rural_municipality:polva,served_by,true
63705,ee:rural_municipality:polva,served_by,true
63706,ee:rural_municipality:polva,served_by,true
63707,ee:rural_municipality:polva,served_by,true
63708,ee:rural_municipality:polva,served_by,true
63709,ee:rural_municipality:polva,served_by,true
63710,ee:rural_municipality:polva,served_by,true
64001,ee:rural_municipality:setomaa,served_by,true
64004,ee:rural_municipality:setomaa,served_by,true
64005,ee:rural_municipality:setomaa,served_by,true
64006,ee:rural_municipality:setomaa,served_by,true
64007,ee:rural_municipality:setomaa,served_by,true
64008,ee:rural_municipality:setomaa,served_by,true
64009,ee:rural_municipality:setomaa,served_by,true
64010,ee:rural_municipality:setomaa,served_by,true
64011,ee:rural_municipality:setomaa,served_by,true
64012,ee:rural_municipality:setomaa,served_by,true
64013,ee:rural_municipality:setomaa,served_by,true
64014,ee:rural_municipality:setomaa,served_by,true
64015,ee:rural_municipality:setomaa,served_by,true
64016,ee:rural_municipality:setomaa,served_by,true
64017,ee:rural_municipality:setomaa,served_by,true
64018,ee:rural_municipality:setomaa,served_by,true
64019,ee:rural_municipality:setomaa,served_by,true
64020,ee:rural_municipality:setomaa,served_by,true
64021,ee:rural_municipality:setomaa,served_by,true
64022,ee:rural_municipality:setomaa,served_by,true
64023,ee:rural_municipality:setomaa,served_by,true
64024,ee:rural_municipality:setomaa,served_by,true
64025,ee:rural_municipality:setomaa,served_by,true
64026,ee:rural_municipality:setomaa,served_by,true
64027,ee:rural_municipality:setomaa,served_by,true
64028,ee:rural_municipality:setomaa,served_by,true
64029,ee:rural_municipality:setomaa,served_by,true
64030,ee:rural_municipality:setomaa,served_by,true
64031,ee:rural_municipality:setomaa,served_by,true
64032,ee:rural_municipality:setomaa,served_by,true
64033,ee:rural_municipality:setomaa,served_by,true
64034,ee:rural_municipality:setomaa,served_by,true
64035,ee:rural_municipality:setomaa,served_by,true
64036,ee:rural_municipality:setomaa,served_by,true
64037,ee:rural_municipality:setomaa,served_by,true
64101,ee:rural_municipality:voru,served_by,true
64102,ee:rural_municipality:voru,served_by,true
64103,ee:rural_municipality:voru,served_by,true
64104,ee:rural_municipality:voru,served_by,true
64105,ee:rural_municipality:voru,served_by,true
64106,ee:rural_municipality:voru,served_by,true
64107,ee:rural_municipality:voru,served_by,true
64108,ee:rural_municipality:voru,served_by,true
64109,ee:rural_municipality:voru,served_by,true
64110,ee:rural_municipality:voru,served_by,true
64111,ee:rural_municipality:voru,served_by,true
64112,ee:rural_municipality:voru,served_by,true
64113,ee:rural_municipality:voru,served_by,true
64114,ee:rural_municipality:voru,served_by,true
64115,ee:rural_municipality:voru,served_by,true
64116,ee:rural_municipality:voru,served_by,true
64117,ee:rural_municipality:voru,served_by,true
64118,ee:rural_municipality:voru,served_by,true
64119,ee:rural_municipality:voru,served_by,true
64121,ee:rural_municipality:voru,served_by,true
64122,ee:rural_municipality:voru,served_by,true
64123,ee:rural_municipality:voru,served_by,true
64124,ee:rural_municipality:voru,served_by,true
64125,ee:rural_municipality:voru,served_by,true
64126,ee:rural_municipality:voru,served_by,true
64127,ee:rural_municipality:voru,served_by,true
64128,ee:rural_municipality:voru,served_by,true
64129,ee:rural_municipality:voru,served_by,true
64130,ee:rural_municipality:voru,served_by,true
64131,ee:rural_municipality:voru,served_by,true
64203,ee:rural_municipality:rapina,served_by,true
64204,ee:rural_municipality:rapina,served_by,true
64205,ee:rural_municipality:rapina,served_by,true
64206,ee:rural_municipality:rapina,served_by,true
64207,ee:rural_municipality:rapina,served_by,true
64208,ee:rural_municipality:rapina,served_by,true
64209,ee:rural_municipality:rapina,served_by,true
64210,ee:rural_municipality:rapina,served_by,true
64211,ee:rural_municipality:rapina,served_by,true
64212,ee:rural_municipality:rapina,served_by,true
64213,ee:rural_municipality:rapina,served_by,true
64214,ee:rural_municipality:rapina,served_by,true
64215,ee:rural_municipality:rapina,served_by,true
64216,ee:rural_municipality:rapina,served_by,true
64217,ee:rural_municipality:rapina,served_by,true
64218,ee:rural_municipality:rapina,served_by,true
64219,ee:rural_municipality:rapina,served_by,true
64220,ee:rural_municipality:rapina,served_by,true
64221,ee:rural_municipality:rapina,served_by,true
64222,ee:rural_municipality:rapina,served_by,true
64223,ee:rural_municipality:rapina,served_by,true
64224,ee:rural_municipality:rapina,served_by,true
64225,ee:rural_municipality:rapina,served_by,true
64226,ee:rural_municipality:rapina,served_by,true
64227,ee:rural_municipality:rapina,served_by,true
64228,ee:rural_municipality:rapina,served_by,true
64229,ee:rural_municipality:rapina,served_by,true
64231,ee:rural_municipality:rapina,served_by,true
64232,ee:rural_municipality:rapina,served_by,true
64233,ee:rural_municipality:rapina,served_by,true
64301,ee:rural_municipality:setomaa,served_by,true
64302,ee:rural_municipality:setomaa,served_by,true
64303,ee:rural_municipality:setomaa,served_by,true
64304,ee:rural_municipality:setomaa,served_by,true
64305,ee:rural_municipality:setomaa,served_by,true
64306,ee:rural_municipality:setomaa,served_by,true
64307,ee:rural_municipality:setomaa,served_by,true
64308,ee:rural_municipality:setomaa,served_by,true
64309,ee:rural_municipality:setomaa,served_by,true
64311,ee:rural_municipality:setomaa,served_by,true
64312,ee:rural_municipality:setomaa,served_by,true
64313,ee:rural_municipality:setomaa,served_by,true
64314,ee:rural_municipality:setomaa,served_by,true
64315,ee:rural_municipality:setomaa,served_by,true
64316,ee:rural_municipality:setomaa,served_by,true
64317,ee:rural_municipality:setomaa,served_by,true
64318,ee:rural_municipality:setomaa,served_by,true
64319,ee:rural_municipality:setomaa,served_by,true
64320,ee:rural_municipality:setomaa,served_by,true
64401,ee:rural_municipality:rapina,served_by,true
64402,ee:rural_municipality:rapina,served_by,true
64403,ee:rural_municipality:rapina,served_by,true
64405,ee:rural_municipality:rapina,served_by,true
64406,ee:rural_municipality:rapina,served_by,true
64407,ee:rural_municipality:rapina,served_by,true
64408,ee:rural_municipality:rapina,served_by,true
64409,ee:rural_municipality:rapina,served_by,true
64410,ee:rural_municipality:rapina,served_by,true
64411,ee:rural_municipality:rapina,served_by,true
64412,ee:rural_municipality:rapina,served_by,true
64413,ee:rural_municipality:rapina,served_by,true
64414,ee:rural_municipality:rapina,served_by,true
64415,ee:rural_municipality:rapina,served_by,true
64416,ee:rural_municipality:rapina,served_by,true
64417,ee:rural_municipality:rapina,served_by,true
64418,ee:rural_municipality:rapina,served_by,true
64419,ee:rural_municipality:rapina,served_by,true
64420,ee:rural_municipality:rapina,served_by,true
64421,ee:rural_municipality:rapina,served_by,true
64422,ee:rural_municipality:rapina,served_by,true
64423,ee:rural_municipality:rapina,served_by,true
64424,ee:rural_municipality:rapina,served_by,true
64425,ee:rural_municipality:rapina,served_by,true
64426,ee:rural_municipality:rapina,served_by,true
64427,ee:rural_municipality:rapina,served_by,true
64428,ee:rural_municipality:rapina,served_by,true
64503,ee:rural_municipality:rapina,served_by,true
64504,ee:rural_municipality:rapina,served_by,true
64505,ee:rural_municipality:rapina,served_by,true
64506,ee:rural_municipality:rapina,served_by,true
64604,ee:rural_municipality:polva,served_by,true
64605,ee:rural_municipality:polva,served_by,true
64606,ee:rural_municipality:polva,served_by,true
64607,ee:rural_municipality:polva,served_by,true
64608,ee:rural_municipality:polva,served_by,true
64609,ee:rural_municipality:polva,served_by,true
64610,ee:rural_municipality:polva,served_by,true
64611,ee:rural_municipality:polva,served_by,true
64612,ee:rural_municipality:polva,served_by,true
64613,ee:rural_municipality:polva,served_by,true
64614,ee:rural_municipality:polva,served_by,true
64615,ee:rural_municipality:polva,served_by,true
64616,ee:rural_municipality:polva,served_by,true
64617,ee:rural_municipality:polva,served_by,true
64618,ee:rural_municipality:polva,served_by,true
65001,ee:rural_municipality:rouge,served_by,true
65002,ee:rural_municipality:rouge,served_by,true
65003,ee:rural_municipality:setomaa,served_by,true
65004,ee:rural_municipality:rouge,served_by,true
65005,ee:rural_municipality:rouge,served_by,true
65006,ee:rural_municipality:rouge,served_by,true
65007,ee:rural_municipality:rouge,served_by,true
65008,ee:rural_municipality:rouge,served_by,true
65009,ee:rural_municipality:setomaa,served_by,true
65010,ee:rural_municipality:rouge,served_by,true
65012,ee:rural_municipality:setomaa,served_by,true
65013,ee:rural_municipality:setomaa,served_by,true
65014,ee:rural_municipality:rouge,served_by,true
65015,ee:rural_municipality:rouge,served_by,true
65016,ee:rural_municipality:rouge,served_by,true
65017,ee:rural_municipality:setomaa,served_by,true
65018,ee:rural_municipality:setomaa,served_by,true
65019,ee:rural_municipality:rouge,served_by,true
65020,ee:rural_municipality:setomaa,served_by,true
65021,ee:rural_municipality:rouge,served_by,true
65022,ee:rural_municipality:setomaa,served_by,true
65023,ee:rural_municipality:rouge,served_by,true
65024,ee:rural_municipality:setomaa,served_by,true
65025,ee:rural_municipality:rouge,served_by,true
65026,ee:rural_municipality:rouge,served_by,true
65027,ee:rural_municipality:setomaa,served_by,true
65028,ee:rural_municipality:rouge,served_by,true
65029,ee:rural_municipality:rouge,served_by,true
65030,ee:rural_municipality:setomaa,served_by,true
65031,ee:rural_municipality:rouge,served_by,true
65032,ee:rural_municipality:rouge,served_by,true
65033,ee:rural_municipality:rouge,served_by,true
65034,ee:rural_municipality:rouge,served_by,true
65035,ee:rural_municipality:rouge,served_by,true
65036,ee:rural_municipality:setomaa,served_by,true
65037,ee:rural_municipality:setomaa,served_by,true
65038,ee:rural_municipality:setomaa,served_by,true
65039,ee:rural_municipality:setomaa,served_by,true
65040,ee:rural_municipality:rouge,served_by,true
65041,ee:rural_municipality:rouge,served_by,true
65042,ee:rural_municipality:rouge,served_by,true
65043,ee:rural_municipality:rouge,served_by,true
65044,ee:rural_municipality:rouge,served_by,true
65045,ee:rural_municipality:setomaa,served_by,true
65101,ee:rural_municipality:rouge,served_by,true
65102,ee:rural_municipality:rouge,served_by,true
65103,ee:rural_municipality:rouge,served_by,true
65104,ee:rural_municipality:rouge,served_by,true
65105,ee:rural_municipality:rouge,served_by,true
65106,ee:rural_municipality:rouge,served_by,true
65107,ee:rural_municipality:rouge,served_by,true
65108,ee:rural_municipality:rouge,served_by,true
65109,ee:rural_municipality:rouge,served_by,true
65110,ee:rural_municipality:rouge,served_by,true
65111,ee:rural_municipality:rouge,served_by,true
65113,ee:rural_municipality:rouge,served_by,true
65114,ee:rural_municipality:rouge,served_by,true
65115,ee:rural_municipality:rouge,served_by,true
65116,ee:rural_municipality:rouge,served_by,true
65117,ee:rural_municipality:rouge,served_by,true
65118,ee:rural_municipality:rouge,served_by,true
65119,ee:rural_municipality:rouge,served_by,true
65120,ee:rural_municipality:rouge,served_by,true
65121,ee:rural_municipality:rouge,served_by,true
65122,ee:rural_municipality:rouge,served_by,true
65123,ee:rural_municipality:rouge,served_by,true
65124,ee:rural_municipality:rouge,served_by,true
65125,ee:rural_municipality:rouge,served_by,true
65126,ee:rural_municipality:rouge,served_by,true
65128,ee:rural_municipality:rouge,served_by,true
65129,ee:rural_municipality:rouge,served_by,true
65130,ee:rural_municipality:rouge,served_by,true
65131,ee:rural_municipality:rouge,served_by,true
65132,ee:rural_municipality:rouge,served_by,true
65133,ee:rural_municipality:rouge,served_by,true
65134,ee:rural_municipality:rouge,served_by,true
65135,ee:rural_municipality:rouge,served_by,true
65136,ee:rural_municipality:rouge,served_by,true
65137,ee:rural_municipality:rouge,served_by,true
65138,ee:rural_municipality:rouge,served_by,true
65139,ee:rural_municipality:rouge,served_by,true
65140,ee:rural_municipality:rouge,served_by,true
65141,ee:rural_municipality:rouge,served_by,true
65142,ee:rural_municipality:rouge,served_by,true
65143,ee:rural_municipality:rouge,served_by,true
65144,ee:rural_municipality:rouge,served_by,true
65145,ee:rural_municipality:rouge,served_by,true
65146,ee:rural_municipality:rouge,served_by,true
65147,ee:rural_municipality:rouge,served_by,true
65148,ee:rural_municipality:rouge,served_by,true
65149,ee:rural_municipality:rouge,served_by,true
65150,ee:rural_municipality:rouge,served_by,true
65151,ee:rural_municipality:rouge,served_by,true
65152,ee:rural_municipality:rouge,served_by,true
65153,ee:rural_municipality:rouge,served_by,true
65154,ee:rural_municipality:voru,served_by,true
65155,ee:rural_municipality:rouge,served_by,true
65156,ee:rural_municipality:rouge,served_by,true
65157,ee:rural_municipality:rouge,served_by,true
65158,ee:rural_municipality:rouge,served_by,true
65159,ee:rural_municipality:rouge,served_by,true
65160,ee:rural_municipality:rouge,served_by,true
65161,ee:rural_municipality:rouge,served_by,true
65162,ee:rural_municipality:rouge,served_by,true
65163,ee:rural_municipality:rouge,served_by,true
65164,ee:rural_municipality:rouge,served_by,true
65165,ee:rural_municipality:voru,served_by,true
65166,ee:rural_municipality:rouge,served_by,true
65167,ee:rural_municipality:rouge,served_by,true
65168,ee:rural_municipality:voru,served_by,true
65169,ee:rural_municipality:rouge,served_by,true
65170,ee:rural_municipality:rouge,served_by,true
65171,ee:rural_municipality:voru,served_by,true
65172,ee:rural_municipality:rouge,served_by,true
65173,ee:rural_municipality:rouge,served_by,true
65174,ee:rural_municipality:rouge,served_by,true
65175,ee:rural_municipality:rouge,served_by,true
65176,ee:rural_municipality:rouge,served_by,true
65177,ee:rural_municipality:rouge,served_by,true
65178,ee:rural_municipality:rouge,served_by,true
65179,ee:rural_municipality:rouge,served_by,true
65180,ee:rural_municipality:rouge,served_by,true
65181,ee:rural_municipality:rouge,served_by,true
65182,ee:rural_municipality:rouge,served_by,true
65183,ee:rural_municipality:rouge,served_by,true
65184,ee:rural_municipality:rouge,served_by,true
65185,ee:rural_municipality:rouge,served_by,true
65186,ee:rural_municipality:rouge,served_by,true
65187,ee:rural_municipality:rouge,served_by,true
65188,ee:rural_municipality:rouge,served_by,true
65189,ee:rural_municipality:rouge,served_by,true
65190,ee:rural_municipality:rouge,served_by,true
65191,ee:rural_municipality:rouge,served_by,true
65192,ee:rural_municipality:rouge,served_by,true
65193,ee:rural_municipality:rouge,served_by,true
65194,ee:rural_municipality:rouge,served_by,true
65195,ee:rural_municipality:rouge,served_by,true
65196,ee:rural_municipality:rouge,served_by,true
65197,ee:rural_municipality:rouge,served_by,true
65198,ee:rural_municipality:rouge,served_by,true
65199,ee:rural_municipality:rouge,served_by,true
65201,ee:rural_municipality:voru,served_by,true
65203,ee:rural_municipality:voru,served_by,true
65204,ee:rural_municipality:voru,served_by,true
65205,ee:rural_municipality:voru,served_by,true
65206,ee:rural_municipality:voru,served_by,true
65207,ee:rural_municipality:voru,served_by,true
65208,ee:rural_municipality:voru,served_by,true
65209,ee:rural_municipality:rouge,served_by,true
65210,ee:rural_municipality:voru,served_by,true
65212,ee:rural_municipality:voru,served_by,true
65213,ee:rural_municipality:voru,served_by,true
65214,ee:rural_municipality:voru,served_by,true
65215,ee:rural_municipality:voru,served_by,true
65216,ee:rural_municipality:voru,served_by,true
65217,ee:rural_municipality:voru,served_by,true
65218,ee:rural_municipality:voru,served_by,true
65219,ee:rural_municipality:voru,served_by,true
65220,ee:rural_municipality:rouge,served_by,true
65221,ee:rural_municipality:voru,served_by,true
65222,ee:rural_municipality:voru,served_by,true
65223,ee:rural_municipality:voru,served_by,true
65224,ee:rural_municipality:voru,served_by,true
65225,ee:rural_municipality:rouge,served_by,true
65226,ee:rural_municipality:voru,served_by,true
65227,ee:rural_municipality:voru,served_by,true
65228,ee:rural_municipality:rouge,served_by,true
65229,ee:rural_municipality:voru,served_by,true
65230,ee:rural_municipality:voru,served_by,true
65231,ee:rural_municipality:voru,served_by,true
65232,ee:rural_municipality:voru,served_by,true
65233,ee:rural_municipality:rouge,served_by,true
65234,ee:rural_municipality:voru,served_by,true
65235,ee:rural_municipality:voru,served_by,true
65236,ee:rural_municipality:rouge,served_by,true
65237,ee:rural_municipality:voru,served_by,true
65239,ee:rural_municipality:voru,served_by,true
65240,ee:rural_municipality:voru,served_by,true
65241,ee:rural_municipality:rouge,served_by,true
65242,ee:rural_municipality:rouge,served_by,true
65243,ee:rural_municipality:voru,served_by,true
65244,ee:rural_municipality:voru,served_by,true
65245,ee:rural_municipality:voru,served_by,true
65246,ee:rural_municipality:voru,served_by,true
65247,ee:rural_municipality:voru,served_by,true
65248,ee:rural_municipality:rouge,served_by,true
65249,ee:rural_municipality:voru,served_by,true
65250,ee:rural_municipality:voru,served_by,true
65251,ee:rural_municipality:voru,served_by,true
65252,ee:rural_municipality:voru,served_by,true
65253,ee:rural_municipality:voru,served_by,true
65254,ee:rural_municipality:voru,served_by,true
65255,ee:rural_municipality:voru,served_by,true
65256,ee:rural_municipality:voru,served_by,true
65257,ee:rural_municipality:voru,served_by,true
65258,ee:rural_municipality:voru,served_by,true
65259,ee:rural_municipality:voru,served_by,true
65260,ee:rural_municipality:voru,served_by,true
65301,ee:rural_municipality:setomaa,served_by,true
65302,ee:rural_municipality:setomaa,served_by,true
65303,ee:rural_municipality:setomaa,served_by,true
65304,ee:rural_municipality:setomaa,served_by,true
65305,ee:rural_municipality:setomaa,served_by,true
65306,ee:rural_municipality:setomaa,served_by,true
65307,ee:rural_municipality:setomaa,served_by,true
65308,ee:rural_municipality:setomaa,served_by,true
65309,ee:rural_municipality:setomaa,served_by,true
65310,ee:rural_municipality:setomaa,served_by,true
65311,ee:rural_municipality:setomaa,served_by,true
65312,ee:rural_municipality:setomaa,served_by,true
65313,ee:rural_municipality:setomaa,served_by,true
65314,ee:rural_municipality:setomaa,served_by,true
65315,ee:rural_municipality:setomaa,served_by,true
65316,ee:rural_municipality:setomaa,served_by,true
65317,ee:rural_municipality:setomaa,served_by,true
65318,ee:rural_municipality:setomaa,served_by,true
65319,ee:rural_municipality:setomaa,served_by,true
65320,ee:rural_municipality:voru,served_by,true
65321,ee:rural_municipality:setomaa,served_by,true
65322,ee:rural_municipality:setomaa,served_by,true
65323,ee:rural_municipality:setomaa,served_by,true
65324,ee:rural_municipality:setomaa,served_by,true
65325,ee:rural_municipality:setomaa,served_by,true
65326,ee:rural_municipality:setomaa,served_by,true
65327,ee:rural_municipality:setomaa,served_by,true
65328,ee:rural_municipality:voru,served_by,true
65329,ee:rural_municipality:setomaa,served_by,true
65330,ee:rural_municipality:setomaa,served_by,true
65331,ee:rural_municipality:setomaa,served_by,true
65332,ee:rural_municipality:setomaa,served_by,true
65333,ee:rural_municipality:setomaa,served_by,true
65334,ee:rural_municipality:setomaa,served_by,true
65335,ee:rural_municipality:setomaa,served_by,true
65336,ee:rural_municipality:setomaa,served_by,true
65337,ee:rural_municipality:voru,served_by,true
65338,ee:rural_municipality:setomaa,served_by,true
65339,ee:rural_municipality:setomaa,served_by,true
65340,ee:rural_municipality:setomaa,served_by,true
65341,ee:rural_municipality:setomaa,served_by,true
65342,ee:rural_municipality:setomaa,served_by,true
65343,ee:rural_municipality:setomaa,served_by,true
65344,ee:rural_municipality:setomaa,served_by,true
65345,ee:rural_municipality:setomaa,served_by,true
65346,ee:rural_municipality:setomaa,served_by,true
65347,ee:rural_municipality:setomaa,served_by,true
65348,ee:rural_municipality:setomaa,served_by,true
65349,ee:rural_municipality:setomaa,served_by,true
65350,ee:rural_municipality:setomaa,served_by,true
65352,ee:rural_municipality:setomaa,served_by,true
65353,ee:rural_municipality:setomaa,served_by,true
65354,ee:rural_municipality:setomaa,served_by,true
65355,ee:rural_municipality:setomaa,served_by,true
65356,ee:rural_municipality:setomaa,served_by,true
65357,ee:rural_municipality:setomaa,served_by,true
65358,ee:rural_municipality:setomaa,served_by,true
65359,ee:rural_municipality:setomaa,served_by,true
65360,ee:rural_municipality:setomaa,served_by,true
65361,ee:rural_municipality:setomaa,served_by,true
65362,ee:rural_municipality:setomaa,served_by,true
65363,ee:rural_municipality:setomaa,served_by,true
65364,ee:rural_municipality:setomaa,served_by,true
65365,ee:rural_municipality:setomaa,served_by,true
65366,ee:rural_municipality:setomaa,served_by,true
65367,ee:rural_municipality:setomaa,served_by,true
65368,ee:rural_municipality:setomaa,served_by,true
65369,ee:rural_municipality:setomaa,served_by,true
65370,ee:rural_municipality:setomaa,served_by,true
65371,ee:rural_municipality:setomaa,served_by,true
65372,ee:rural_municipality:setomaa,served_by,true
65373,ee:rural_municipality:setomaa,served_by,true
65374,ee:rural_municipality:setomaa,served_by,true
65375,ee:rural_municipality:setomaa,served_by,true
65376,ee:rural_municipality:setomaa,served_by,true
65377,ee:rural_municipality:setomaa,served_by,true
65378,ee:rural_municipality:setomaa,served_by,true
65379,ee:rural_municipality:setomaa,served_by,true
65380,ee:rural_municipality:setomaa,served_by,true
65381,ee:rural_municipality:setomaa,served_by,true
65382,ee:rural_municipality:setomaa,served_by,true
65383,ee:rural_municipality:setomaa,served_by,true
65384,ee:rural_municipality:setomaa,served_by,true
65385,ee:rural_municipality:setomaa,served_by,true
65386,ee:rural_municipality:setomaa,served_by,true
65387,ee:rural_municipality:setomaa,served_by,true
65388,ee:rural_municipality:setomaa,served_by,true
65389,ee:rural_municipality:setomaa,served_by,true
65390,ee:rural_municipality:setomaa,served_by,true
65391,ee:rural_municipality:setomaa,served_by,true
65401,ee:rural_municipality:voru,served_by,true
65402,ee:rural_municipality:voru,served_by,true
65403,ee:rural_municipality:voru,served_by,true
65404,ee:rural_municipality:voru,served_by,true
65405,ee:rural_municipality:voru,served_by,true
65406,ee:rural_municipality:voru,served_by,true
65407,ee:rural_municipality:voru,served_by,true
65408,ee:rural_municipality:voru,served_by,true
65409,ee:rural_municipality:voru,served_by,true
65410,ee:rural_municipality:voru,served_by,true
65411,ee:rural_municipality:voru,served_by,true
65412,ee:rural_municipality:voru,served_by,true
65413,ee:rural_municipality:voru,served_by,true
65414,ee:rural_municipality:voru,served_by,true
65415,ee:rural_municipality:voru,served_by,true
65502,ee:rural_municipality:voru,served_by,true
65503,ee:rural_municipality:voru,served_by,true
65504,ee:rural_municipality:voru,served_by,true
65505,ee:rural_municipality:voru,served_by,true
65506,ee:rural_municipality:voru,served_by,true
65507,ee:rural_municipality:voru,served_by,true
65508,ee:rural_municipality:voru,served_by,true
65509,ee:rural_municipality:voru,served_by,true
65510,ee:rural_municipality:voru,served_by,true
65511,ee:rural_municipality:voru,served_by,true
65512,ee:rural_municipality:voru,served_by,true
65513,ee:rural_municipality:voru,served_by,true
65514,ee:rural_municipality:voru,served_by,true
65515,ee:rural_municipality:voru,served_by,true
65516,ee:rural_municipality:rouge,served_by,true
65517,ee:rural_municipality:rouge,served_by,true
65518,ee:rural_municipality:voru,served_by,true
65519,ee:rural_municipality:voru,served_by,true
65520,ee:rural_municipality:voru,served_by,true
65521,ee:rural_municipality:voru,served_by,true
65522,ee:rural_municipality:voru,served_by,true
65523,ee:rural_municipality:voru,served_by,true
65524,ee:rural_municipality:voru,served_by,true
65525,ee:rural_municipality:voru,served_by,true
65526,ee:rural_municipality:voru,served_by,true
65527,ee:rural_municipality:voru,served_by,true
65529,ee:rural_municipality:voru,served_by,true
65530,ee:rural_municipality:voru,served_by,true
65531,ee:rural_municipality:voru,served_by,true
65532,ee:rural_municipality:voru,served_by,true
65533,ee:rural_municipality:voru,served_by,true
65534,ee:rural_municipality:voru,served_by,true
65535,ee:rural_municipality:voru,served_by,true
65536,ee:rural_municipality:voru,served_by,true
65537,ee:rural_municipality:voru,served_by,true
65538,ee:rural_municipality:voru,served_by,true
65540,ee:rural_municipality:voru,served_by,true
65541,ee:rural_municipality:voru,served_by,true
65542,ee:rural_municipality:voru,served_by,true
65543,ee:rural_municipality:voru,served_by,true
65544,ee:rural_municipality:voru,served_by,true
65545,ee:rural_municipality:voru,served_by,true
65546,ee:rural_municipality:voru,served_by,true
65547,ee:rural_municipality:voru,served_by,true
65548,ee:rural_municipality:voru,served_by,true
65549,ee:rural_municipality:voru,served_by,true
65550,ee:rural_municipality:voru,served_by,true
65551,ee:rural_municipality:voru,served_by,true
65552,ee:rural_municipality:voru,served_by,true
65553,ee:rural_municipality:voru,served_by,true
65554,ee:rural_municipality:voru,served_by,true
65555,ee:urban_municipality:voru,served_by,true
65555,ee:rural_municipality:voru,served_by,false
65565,ee:rural_municipality:voru,served_by,true
65566,ee:rural_municipality:voru,served_by,true
65601,ee:urban_municipality:voru,served_by,true
65602,ee:urban_municipality:voru,served_by,true
65603,ee:urban_municipality:voru,served_by,true
65604,ee:urban_municipality:voru,served_by,true
65605,ee:urban_municipality:voru,served_by,true
65606,ee:urban_municipality:voru,served_by,true
65607,ee:urban_municipality:voru,served_by,true
65608,ee:urban_municipality:voru,served_by,true
65609,ee:urban_municipality:voru,served_by,true
65610,ee:urban_municipality:voru,served_by,true
65620,ee:urban_municipality:voru,served_by,true
66002,ee:rural_municipality:rouge,served_by,true
66003,ee:rural_municipality:rouge,served_by,true
66004,ee:rural_municipality:rouge,served_by,true
66005,ee:rural_municipality:rouge,served_by,true
66006,ee:rural_municipality:rouge,served_by,true
66007,ee:rural_municipality:rouge,served_by,true
66008,ee:rural_municipality:rouge,served_by,true
66009,ee:rural_municipality:rouge,served_by,true
66010,ee:rural_municipality:rouge,served_by,true
66011,ee:rural_municipality:rouge,served_by,true
66012,ee:rural_municipality:rouge,served_by,true
66013,ee:rural_municipality:rouge,served_by,true
66014,ee:rural_municipality:rouge,served_by,true
66015,ee:rural_municipality:rouge,served_by,true
66016,ee:rural_municipality:rouge,served_by,true
66017,ee:rural_municipality:rouge,served_by,true
66018,ee:rural_municipality:rouge,served_by,true
66101,ee:rural_municipality:rouge,served_by,true
66102,ee:rural_municipality:rouge,served_by,true
66103,ee:rural_municipality:rouge,served_by,true
66104,ee:rural_municipality:rouge,served_by,true
66105,ee:rural_municipality:rouge,served_by,true
66106,ee:rural_municipality:rouge,served_by,true
66107,ee:rural_municipality:rouge,served_by,true
66108,ee:rural_municipality:rouge,served_by,true
66109,ee:rural_municipality:rouge,served_by,true
66110,ee:rural_municipality:rouge,served_by,true
66111,ee:rural_municipality:rouge,served_by,true
66112,ee:rural_municipality:rouge,served_by,true
66113,ee:rural_municipality:rouge,served_by,true
66114,ee:rural_municipality:rouge,served_by,true
66115,ee:rural_municipality:rouge,served_by,true
66116,ee:rural_municipality:rouge,served_by,true
66117,ee:rural_municipality:rouge,served_by,true
66118,ee:rural_municipality:rouge,served_by,true
66120,ee:rural_municipality:rouge,served_by,true
66201,ee:rural_municipality:rouge,served_by,true
66205,ee:rural_municipality:rouge,served_by,true
66206,ee:rural_municipality:rouge,served_by,true
66207,ee:rural_municipality:rouge,served_by,true
66208,ee:rural_municipality:rouge,served_by,true
66209,ee:rural_municipality:rouge,served_by,true
66210,ee:rural_municipality:rouge,served_by,true
66211,ee:rural_municipality:rouge,served_by,true
66213,ee:rural_municipality:rouge,served_by,true
66214,ee:rural_municipality:rouge,served_by,true
66215,ee:rural_municipality:rouge,served_by,true
66216,ee:rural_municipality:rouge,served_by,true
66217,ee:rural_municipality:rouge,served_by,true
66218,ee:rural_municipality:rouge,served_by,true
66219,ee:rural_municipality:rouge,served_by,true
66220,ee:rural_municipality:rouge,served_by,true
66221,ee:rural_municipality:rouge,served_by,true
66222,ee:rural_municipality:rouge,served_by,true
66223,ee:rural_municipality:rouge,served_by,true
66224,ee:rural_municipality:rouge,served_by,true
66225,ee:rural_municipality:rouge,served_by,true
66226,ee:rural_municipality:rouge,served_by,true
66227,ee:rural_municipality:rouge,served_by,true
66228,ee:rural_municipality:rouge,served_by,true
66229,ee:rural_municipality:rouge,served_by,true
66230,ee:rural_municipality:rouge,served_by,true
66231,ee:rural_municipality:rouge,served_by,true
66232,ee:rural_municipality:rouge,served_by,true
66233,ee:rural_municipality:rouge,served_by,true
66234,ee:rural_municipality:rouge,served_by,true
66235,ee:rural_municipality:rouge,served_by,true
66236,ee:rural_municipality:rouge,served_by,true
66237,ee:rural_municipality:rouge,served_by,true
66238,ee:rural_municipality:rouge,served_by,true
66239,ee:rural_municipality:rouge,served_by,true
66240,ee:rural_municipality:rouge,served_by,true
66241,ee:rural_municipality:rouge,served_by,true
66242,ee:rural_municipality:rouge,served_by,true
66243,ee:rural_municipality:rouge,served_by,true
66244,ee:rural_municipality:rouge,served_by,true
66245,ee:rural_municipality:rouge,served_by,true
66246,ee:rural_municipality:rouge,served_by,true
66247,ee:rural_municipality:rouge,served_by,true
66248,ee:rural_municipality:rouge,served_by,true
66249,ee:rural_municipality:rouge,served_by,true
66250,ee:rural_municipality:rouge,served_by,true
66251,ee:rural_municipality:rouge,served_by,true
66252,ee:rural_municipality:rouge,served_by,true
66253,ee:rural_municipality:rouge,served_by,true
66254,ee:rural_municipality:rouge,served_by,true
66255,ee:rural_municipality:rouge,served_by,true
66256,ee:rural_municipality:rouge,served_by,true
66257,ee:rural_municipality:rouge,served_by,true
66258,ee:rural_municipality:rouge,served_by,true
66259,ee:rural_municipality:rouge,served_by,true
66260,ee:rural_municipality:rouge,served_by,true
66261,ee:rural_municipality:rouge,served_by,true
66262,ee:rural_municipality:rouge,served_by,true
66263,ee:rural_municipality:rouge,served_by,true
66264,ee:rural_municipality:rouge,served_by,true
66265,ee:rural_municipality:rouge,served_by,true
66266,ee:rural_municipality:rouge,served_by,true
66267,ee:rural_municipality:rouge,served_by,true
66268,ee:rural_municipality:rouge,served_by,true
66269,ee:rural_municipality:rouge,served_by,true
66270,ee:rural_municipality:rouge,served_by,true
66271,ee:rural_municipality:rouge,served_by,true
66272,ee:rural_municipality:rouge,served_by,true
66273,ee:rural_municipality:rouge,served_by,true
66274,ee:rural_municipality:rouge,served_by,true
66275,ee:rural_municipality:rouge,served_by,true
66276,ee:rural_municipality:rouge,served_by,true
66277,ee:rural_municipality:rouge,served_by,true
66278,ee:rural_municipality:rouge,served_by,true
66279,ee:rural_municipality:rouge,served_by,true
66280,ee:rural_municipality:rouge,served_by,true
66281,ee:rural_municipality:rouge,served_by,true
66282,ee:rural_municipality:rouge,served_by,true
66283,ee:rural_municipality:rouge,served_by,true
66284,ee:rural_municipality:rouge,served_by,true
66285,ee:rural_municipality:rouge,served_by,true
66286,ee:rural_municipality:rouge,served_by,true
66287,ee:rural_municipality:rouge,served_by,true
66288,ee:rural_municipality:rouge,served_by,true
66289,ee:rural_municipality:rouge,served_by,true
66290,ee:rural_municipality:rouge,served_by,true
66291,ee:rural_municipality:rouge,served_by,true
66292,ee:rural_municipality:rouge,served_by,true
66293,ee:rural_municipality:rouge,served_by,true
66294,ee:rural_municipality:rouge,served_by,true
66295,ee:rural_municipality:rouge,served_by,true
66296,ee:rural_municipality:rouge,served_by,true
66297,ee:rural_municipality:rouge,served_by,true
66298,ee:rural_municipality:rouge,served_by,true
66299,ee:rural_municipality:rouge,served_by,true
66301,ee:rural_municipality:antsla,served_by,true
66302,ee:rural_municipality:antsla,served_by,true
66303,ee:rural_municipality:antsla,served_by,true
66305,ee:rural_municipality:antsla,served_by,true
66307,ee:rural_municipality:antsla,served_by,true
66308,ee:rural_municipality:antsla,served_by,true
66309,ee:rural_municipality:rouge,served_by,true
66401,ee:rural_municipality:antsla,served_by,true
66403,ee:rural_municipality:antsla,served_by,true
66404,ee:rural_municipality:antsla,served_by,true
66405,ee:rural_municipality:antsla,served_by,true
66407,ee:rural_municipality:antsla,served_by,true
66408,ee:rural_municipality:antsla,served_by,true
66409,ee:rural_municipality:antsla,served_by,true
66410,ee:rural_municipality:antsla,served_by,true
66411,ee:rural_municipality:antsla,served_by,true
66412,ee:rural_municipality:antsla,served_by,true
66414,ee:rural_municipality:antsla,served_by,true
66415,ee:rural_municipality:antsla,served_by,true
66416,ee:rural_municipality:antsla,served_by,true
66417,ee:rural_municipality:antsla,served_by,true
66418,ee:rural_municipality:voru,served_by,true
66419,ee:rural_municipality:antsla,served_by,true
66420,ee:rural_municipality:antsla,served_by,true
66421,ee:rural_municipality:antsla,served_by,true
66422,ee:rural_municipality:antsla,served_by,true
66423,ee:rural_municipality:antsla,served_by,true
66424,ee:rural_municipality:antsla,served_by,true
66425,ee:rural_municipality:antsla,served_by,true
66504,ee:rural_municipality:antsla,served_by,true
66505,ee:rural_municipality:antsla,served_by,true
66506,ee:rural_municipality:antsla,served_by,true
66507,ee:rural_municipality:antsla,served_by,true
66508,ee:rural_municipality:antsla,served_by,true
66509,ee:rural_municipality:antsla,served_by,true
66510,ee:rural_municipality:antsla,served_by,true
66511,ee:rural_municipality:voru,served_by,true
66512,ee:rural_municipality:antsla,served_by,true
66513,ee:rural_municipality:antsla,served_by,true
66514,ee:rural_municipality:voru,served_by,true
66515,ee:rural_municipality:antsla,served_by,true
66516,ee:rural_municipality:antsla,served_by,true
66517,ee:rural_municipality:antsla,served_by,true
66518,ee:rural_municipality:antsla,served_by,true
66519,ee:rural_municipality:antsla,served_by,true
66602,ee:rural_municipality:voru,served_by,true
66603,ee:rural_municipality:voru,served_by,true
66604,ee:rural_municipality:voru,served_by,true
66613,ee:rural_municipality:voru,served_by,true
66614,ee:rural_municipality:voru,served_by,true
66615,ee:rural_municipality:voru,served_by,true
66616,ee:rural_municipality:voru,served_by,true
66617,ee:rural_municipality:voru,served_by,true
66618,ee:rural_municipality:voru,served_by,true
66619,ee:rural_municipality:voru,served_by,true
66620,ee:rural_municipality:voru,served_by,true
66621,ee:rural_municipality:voru,served_by,true
66622,ee:rural_municipality:voru,served_by,true
66623,ee:rural_municipality:voru,served_by,true
66624,ee:rural_municipality:voru,served_by,true
66625,ee:rural_municipality:voru,served_by,true
66626,ee:rural_municipality:voru,served_by,true
66627,ee:rural_municipality:voru,served_by,true
66628,ee:rural_municipality:voru,served_by,true
66629,ee:rural_municipality:voru,served_by,true
66631,ee:rural_municipality:voru,served_by,true
66632,ee:rural_municipality:voru,served_by,true
66633,ee:rural_municipality:voru,served_by,true
66634,ee:rural_municipality:voru,served_by,true
66635,ee:rural_municipality:voru,served_by,true
66636,ee:rural_municipality:voru,served_by,true
66637,ee:rural_municipality:voru,served_by,true
66638,ee:rural_municipality:voru,served_by,true
66639,ee:rural_municipality:voru,served_by,true
66640,ee:rural_municipality:voru,served_by,true
66641,ee:rural_municipality:voru,served_by,true
66642,ee:rural_municipality:voru,served_by,true
66701,ee:rural_municipality:rouge,served_by,true
66702,ee:rural_municipality:rouge,served_by,true
66703,ee:rural_municipality:rouge,served_by,true
66704,ee:rural_municipality:rouge,served_by,true
66705,ee:rural_municipality:rouge,served_by,true
66706,ee:rural_municipality:rouge,served_by,true
66707,ee:rural_municipality:rouge,served_by,true
66708,ee:rural_municipality:rouge,served_by,true
66709,ee:rural_municipality:rouge,served_by,true
66711,ee:rural_municipality:rouge,served_by,true
66712,ee:rural_municipality:rouge,served_by,true
67003,ee:rural_municipality:otepaa,served_by,true
67004,ee:rural_municipality:otepaa,served_by,true
67005,ee:rural_municipality:otepaa,served_by,true
67006,ee:rural_municipality:otepaa,served_by,true
67007,ee:rural_municipality:otepaa,served_by,true
67009,ee:rural_municipality:otepaa,served_by,true
67010,ee:rural_municipality:otepaa,served_by,true
67011,ee:rural_municipality:otepaa,served_by,true
67012,ee:rural_municipality:otepaa,served_by,true
67013,ee:rural_municipality:otepaa,served_by,true
67102,ee:rural_municipality:valga,served_by,true
67103,ee:rural_municipality:valga,served_by,true
67104,ee:rural_municipality:valga,served_by,true
67105,ee:rural_municipality:valga,served_by,true
67106,ee:rural_municipality:valga,served_by,true
67107,ee:rural_municipality:valga,served_by,true
67108,ee:rural_municipality:valga,served_by,true
67109,ee:rural_municipality:valga,served_by,true
67111,ee:rural_municipality:valga,served_by,true
67203,ee:rural_municipality:otepaa,served_by,true
67204,ee:rural_municipality:otepaa,served_by,true
67205,ee:rural_municipality:otepaa,served_by,true
67206,ee:rural_municipality:otepaa,served_by,true
67207,ee:rural_municipality:otepaa,served_by,true
67208,ee:rural_municipality:otepaa,served_by,true
67209,ee:rural_municipality:otepaa,served_by,true
67210,ee:rural_municipality:otepaa,served_by,true
67211,ee:rural_municipality:otepaa,served_by,true
67212,ee:rural_municipality:elva,served_by,true
67213,ee:rural_municipality:elva,served_by,true
67214,ee:rural_municipality:elva,served_by,true
67215,ee:rural_municipality:elva,served_by,true
67216,ee:rural_municipality:elva,served_by,true
67217,ee:rural_municipality:otepaa,served_by,true
67301,ee:rural_municipality:otepaa,served_by,true
67302,ee:rural_municipality:otepaa,served_by,true
67303,ee:rural_municipality:otepaa,served_by,true
67304,ee:rural_municipality:otepaa,served_by,true
67305,ee:rural_municipality:otepaa,served_by,true
67306,ee:rural_municipality:otepaa,served_by,true
67307,ee:rural_municipality:otepaa,served_by,true
67308,ee:rural_municipality:otepaa,served_by,true
67309,ee:rural_municipality:otepaa,served_by,true
67310,ee:rural_municipality:otepaa,served_by,true
67311,ee:rural_municipality:otepaa,served_by,true
67403,ee:rural_municipality:otepaa,served_by,true
67404,ee:rural_municipality:otepaa,served_by,true
67405,ee:rural_municipality:otepaa,served_by,true
67407,ee:rural_municipality:otepaa,served_by,true
67408,ee:rural_municipality:otepaa,served_by,true
67409,ee:rural_municipality:otepaa,served_by,true
67410,ee:rural_municipality:otepaa,served_by,true
67411,ee:rural_municipality:otepaa,served_by,true
67412,ee:rural_municipality:otepaa,served_by,true
67414,ee:rural_municipality:otepaa,served_by,true
67415,ee:rural_municipality:otepaa,served_by,true
67416,ee:rural_municipality:otepaa,served_by,true
67417,ee:rural_municipality:otepaa,served_by,true
67418,ee:rural_municipality:otepaa,served_by,true
67501,ee:rural_municipality:otepaa,served_by,true
67503,ee:rural_municipality:otepaa,served_by,true
67504,ee:rural_municipality:otepaa,served_by,true
67505,ee:rural_municipality:otepaa,served_by,true
67506,ee:rural_municipality:otepaa,served_by,true
67507,ee:rural_municipality:elva,served_by,true
67508,ee:rural_municipality:elva,served_by,true
67509,ee:rural_municipality:otepaa,served_by,true
67510,ee:rural_municipality:elva,served_by,true
67511,ee:rural_municipality:elva,served_by,true
67512,ee:rural_municipality:elva,served_by,true
67513,ee:rural_municipality:elva,served_by,true
67514,ee:rural_municipality:elva,served_by,true
67515,ee:rural_municipality:otepaa,served_by,true
67516,ee:rural_municipality:otepaa,served_by,true
68004,ee:rural_municipality:valga,served_by,true
68005,ee:rural_municipality:valga,served_by,true
68006,ee:rural_municipality:valga,served_by,true
68007,ee:rural_municipality:valga,served_by,true
68008,ee:rural_municipality:valga,served_by,true
68009,ee:rural_municipality:valga,served_by,true
68010,ee:rural_municipality:valga,served_by,true
68011,ee:rural_municipality:valga,served_by,true
68012,ee:rural_municipality:valga,served_by,true
68013,ee:rural_municipality:valga,served_by,true
68014,ee:rural_municipality:valga,served_by,true
68015,ee:rural_municipality:valga,served_by,true
68016,ee:rural_municipality:valga,served_by,true
68103,ee:rural_municipality:valga,served_by,true
68104,ee:rural_municipality:valga,served_by,true
68105,ee:rural_municipality:valga,served_by,true
68106,ee:rural_municipality:valga,served_by,true
68107,ee:rural_municipality:valga,served_by,true
68108,ee:rural_municipality:valga,served_by,true
68109,ee:rural_municipality:valga,served_by,true
68110,ee:rural_municipality:valga,served_by,true
68111,ee:rural_municipality:valga,served_by,true
68112,ee:rural_municipality:valga,served_by,true
68113,ee:rural_municipality:valga,served_by,true
68114,ee:rural_municipality:valga,served_by,true
68115,ee:rural_municipality:valga,served_by,true
68116,ee:rural_municipality:valga,served_by,true
68201,ee:rural_municipality:valga,served_by,true
68203,ee:rural_municipality:valga,served_by,true
68204,ee:rural_municipality:valga,served_by,true
68205,ee:rural_municipality:valga,served_by,true
68206,ee:rural_municipality:valga,served_by,true
68207,ee:rural_municipality:valga,served_by,true
68208,ee:rural_municipality:valga,served_by,true
68209,ee:rural_municipality:valga,served_by,true
68217,ee:rural_municipality:valga,served_by,true
68218,ee:rural_municipality:valga,served_by,true
68219,ee:rural_municipality:otepaa,served_by,true
68221,ee:rural_municipality:otepaa,served_by,true
68222,ee:rural_municipality:otepaa,served_by,true
68223,ee:rural_municipality:otepaa,served_by,true
68224,ee:rural_municipality:otepaa,served_by,true
68229,ee:rural_municipality:otepaa,served_by,true
68304,ee:rural_municipality:valga,served_by,true
68305,ee:rural_municipality:valga,served_by,true
68306,ee:rural_municipality:valga,served_by,true
68307,ee:rural_municipality:valga,served_by,true
68308,ee:rural_municipality:valga,served_by,true
68309,ee:rural_municipality:valga,served_by,true
68310,ee:rural_municipality:valga,served_by,true
68311,ee:rural_municipality:valga,served_by,true
68312,ee:rural_municipality:valga,served_by,true
68313,ee:rural_municipality:valga,served_by,true
68314,ee:rural_municipality:valga,served_by,true
68315,ee:rural_municipality:valga,served_by,true
68316,ee:rural_municipality:valga,served_by,true
68402,ee:rural_municipality:torva,served_by,true
68403,ee:rural_municipality:torva,served_by,true
68404,ee:rural_municipality:torva,served_by,true
68405,ee:rural_municipality:torva,served_by,true
68407,ee:rural_municipality:torva,served_by,true
68408,ee:rural_municipality:torva,served_by,true
68409,ee:rural_municipality:valga,served_by,true
68410,ee:rural_municipality:torva,served_by,true
68411,ee:rural_municipality:torva,served_by,true
68502,ee:rural_municipality:torva,served_by,true
68504,ee:rural_municipality:torva,served_by,true
68505,ee:rural_municipality:torva,served_by,true
68506,ee:rural_municipality:torva,served_by,true
68507,ee:rural_municipality:torva,served_by,true
68508,ee:rural_municipality:torva,served_by,true
68511,ee:rural_municipality:torva,served_by,true
68513,ee:rural_municipality:torva,served_by,true
68601,ee:rural_municipality:torva,served_by,true
68604,ee:rural_municipality:torva,served_by,true
68605,ee:rural_municipality:torva,served_by,true
68606,ee:rural_municipality:torva,served_by,true
68607,ee:rural_municipality:torva,served_by,true
68608,ee:rural_municipality:torva,served_by,true
68611,ee:rural_municipality:torva,served_by,true
68612,ee:rural_municipality:torva,served_by,true
68613,ee:rural_municipality:torva,served_by,true
68614,ee:rural_municipality:torva,served_by,true
68615,ee:rural_municipality:torva,served_by,true
68616,ee:rural_municipality:torva,served_by,true
68617,ee:rural_municipality:torva,served_by,true
68618,ee:rural_municipality:torva,served_by,true
68619,ee:rural_municipality:torva,served_by,true
68703,ee:rural_municipality:torva,served_by,true
68704,ee:rural_municipality:torva,served_by,true
68705,ee:rural_municipality:torva,served_by,true
68706,ee:rural_municipality:torva,served_by,true
68707,ee:rural_municipality:torva,served_by,true
68708,ee:rural_municipality:torva,served_by,true
68709,ee:rural_municipality:elva,served_by,true
68710,ee:rural_municipality:torva,served_by,true
68711,ee:rural_municipality:torva,served_by,true
68712,ee:rural_municipality:torva,served_by,true
68713,ee:rural_municipality:torva,served_by,true
68714,ee:rural_municipality:torva,served_by,true
68715,ee:rural_municipality:torva,served_by,true
68716,ee:rural_municipality:torva,served_by,true
69001,ee:rural_municipality:mulgi,served_by,true
69002,ee:rural_municipality:mulgi,served_by,true
69003,ee:rural_municipality:mulgi,served_by,true
69004,ee:rural_municipality:mulgi,served_by,true
69101,ee:rural_municipality:mulgi,served_by,true
69102,ee:rural_municipality:mulgi,served_by,true
69103,ee:rural_municipality:mulgi,served_by,true
69104,ee:rural_municipality:mulgi,served_by,true
69105,ee:rural_municipality:mulgi,served_by,true
69106,ee:rural_municipality:mulgi,served_by,true
69107,ee:rural_municipality:mulgi,served_by,true
69108,ee:rural_municipality:mulgi,served_by,true
69109,ee:rural_municipality:mulgi,served_by,true
69110,ee:rural_municipality:mulgi,served_by,true
69111,ee:rural_municipality:mulgi,served_by,true
69112,ee:rural_municipality:mulgi,served_by,true
69113,ee:rural_municipality:mulgi,served_by,true
69114,ee:rural_municipality:mulgi,served_by,true
69115,ee:rural_municipality:mulgi,served_by,true
69201,ee:rural_municipality:mulgi,served_by,true
69202,ee:rural_municipality:mulgi,served_by,true
69301,ee:rural_municipality:mulgi,served_by,true
69302,ee:rural_municipality:mulgi,served_by,true
69303,ee:rural_municipality:mulgi,served_by,true
69304,ee:rural_municipality:mulgi,served_by,true
69305,ee:rural_municipality:mulgi,served_by,true
69306,ee:rural_municipality:mulgi,served_by,true
69307,ee:rural_municipality:mulgi,served_by,true
69308,ee:rural_municipality:mulgi,served_by,true
69309,ee:rural_municipality:mulgi,served_by,true
69310,ee:rural_municipality:mulgi,served_by,true
69400,ee:rural_municipality:mulgi,served_by,true
69401,ee:rural_municipality:mulgi,served_by,true
69402,ee:rural_municipality:mulgi,served_by,true
69403,ee:rural_municipality:mulgi,served_by,true
69404,ee:rural_municipality:mulgi,served_by,true
69405,ee:rural_municipality:mulgi,served_by,true
69406,ee:rural_municipality:mulgi,served_by,true
69407,ee:rural_municipality:mulgi,served_by,true
69408,ee:rural_municipality:mulgi,served_by,true
69409,ee:rural_municipality:mulgi,served_by,true
69410,ee:rural_municipality:mulgi,served_by,true
69411,ee:rural_municipality:mulgi,served_by,true
69501,ee:rural_municipality:mulgi,served_by,true
69502,ee:rural_municipality:mulgi,served_by,true
69503,ee:rural_municipality:mulgi,served_by,true
69504,ee:rural_municipality:mulgi,served_by,true
69505,ee:rural_municipality:mulgi,served_by,true
69506,ee:rural_municipality:mulgi,served_by,true
69507,ee:rural_municipality:mulgi,served_by,true
69508,ee:rural_municipality:mulgi,served_by,true
69509,ee:rural_municipality:mulgi,served_by,true
69510,ee:rural_municipality:mulgi,served_by,true
69511,ee:rural_municipality:mulgi,served_by,true
69512,ee:rural_municipality:mulgi,served_by,true
69513,ee:rural_municipality:mulgi,served_by,true
69514,ee:rural_municipality:mulgi,served_by,true
69515,ee:rural_municipality:mulgi,served_by,true
69516,ee:rural_municipality:mulgi,served_by,true
69517,ee:rural_municipality:mulgi,served_by,true
69518,ee:rural_municipality:pohja-sakala,served_by,true
69519,ee:rural_municipality:mulgi,served_by,true
69520,ee:rural_municipality:mulgi,served_by,true
69521,ee:rural_municipality:mulgi,served_by,true
69522,ee:rural_municipality:mulgi,served_by,true
69601,ee:rural_municipality:viljandi,served_by,true
69602,ee:rural_municipality:viljandi,served_by,true
69603,ee:rural_municipality:viljandi,served_by,true
69604,ee:rural_municipality:viljandi,served_by,true
69605,ee:rural_municipality:viljandi,served_by,true
69606,ee:rural_municipality:viljandi,served_by,true
69607,ee:rural_municipality:viljandi,served_by,true
69608,ee:rural_municipality:viljandi,served_by,true
69609,ee:rural_municipality:viljandi,served_by,true
69610,ee:rural_municipality:viljandi,served_by,true
69611,ee:rural_municipality:viljandi,served_by,true
69612,ee:rural_municipality:viljandi,served_by,true
69613,ee:rural_municipality:mulgi,served_by,true
69614,ee:rural_municipality:mulgi,served_by,true
69617,ee:rural_municipality:viljandi,served_by,true
69618,ee:rural_municipality:viljandi,served_by,true
69619,ee:rural_municipality:viljandi,served_by,true
69620,ee:rural_municipality:viljandi,served_by,true
69680,ee:rural_municipality:viljandi,served_by,true
69681,ee:rural_municipality:mulgi,served_by,true
69682,ee:rural_municipality:viljandi,served_by,true
69683,ee:rural_municipality:mulgi,served_by,true
69701,ee:rural_municipality:viljandi,served_by,true
69702,ee:rural_municipality:viljandi,served_by,true
69703,ee:rural_municipality:viljandi,served_by,true
69704,ee:rural_municipality:viljandi,served_by,true
69705,ee:rural_municipality:viljandi,served_by,true
69706,ee:rural_municipality:viljandi,served_by,true
69707,ee:rural_municipality:viljandi,served_by,true
69708,ee:rural_municipality:viljandi,served_by,true
69709,ee:rural_municipality:viljandi,served_by,true
69710,ee:rural_municipality:viljandi,served_by,true
69711,ee:rural_municipality:viljandi,served_by,true
69712,ee:rural_municipality:viljandi,served_by,true
69713,ee:rural_municipality:viljandi,served_by,true
69714,ee:rural_municipality:viljandi,served_by,true
69715,ee:rural_municipality:viljandi,served_by,true
69716,ee:rural_municipality:viljandi,served_by,true
69717,ee:rural_municipality:viljandi,served_by,true
69718,ee:rural_municipality:viljandi,served_by,true
69719,ee:rural_municipality:viljandi,served_by,true
69720,ee:rural_municipality:viljandi,served_by,true
69721,ee:rural_municipality:viljandi,served_by,true
69722,ee:rural_municipality:viljandi,served_by,true
69723,ee:rural_municipality:viljandi,served_by,true
69724,ee:rural_municipality:viljandi,served_by,true
69725,ee:rural_municipality:viljandi,served_by,true
69726,ee:rural_municipality:viljandi,served_by,true
69727,ee:rural_municipality:viljandi,served_by,true
69728,ee:rural_municipality:viljandi,served_by,true
69729,ee:rural_municipality:viljandi,served_by,true
69730,ee:rural_municipality:viljandi,served_by,true
69731,ee:rural_municipality:viljandi,served_by,true
69732,ee:rural_municipality:viljandi,served_by,true
69733,ee:rural_municipality:viljandi,served_by,true
69734,ee:rural_municipality:viljandi,served_by,true
69735,ee:rural_municipality:viljandi,served_by,true
69736,ee:rural_municipality:viljandi,served_by,true
69737,ee:rural_municipality:viljandi,served_by,true
70016,ee:rural_municipality:pohja-sakala,served_by,true
70101,ee:urban_municipality:viljandi,served_by,true
70101,ee:rural_municipality:viljandi,served_by,false
70102,ee:rural_municipality:viljandi,served_by,true
70103,ee:rural_municipality:viljandi,served_by,true
70104,ee:rural_municipality:viljandi,served_by,true
70105,ee:rural_municipality:viljandi,served_by,true
70106,ee:rural_municipality:viljandi,served_by,true
70107,ee:rural_municipality:viljandi,served_by,true
70108,ee:rural_municipality:viljandi,served_by,true
70109,ee:rural_municipality:viljandi,served_by,true
70110,ee:rural_municipality:viljandi,served_by,true
70111,ee:rural_municipality:viljandi,served_by,true
70112,ee:rural_municipality:viljandi,served_by,true
70113,ee:rural_municipality:viljandi,served_by,true
70114,ee:rural_municipality:viljandi,served_by,true
70115,ee:rural_municipality:viljandi,served_by,true
70116,ee:rural_municipality:viljandi,served_by,true
70117,ee:rural_municipality:viljandi,served_by,true
70118,ee:rural_municipality:viljandi,served_by,true
70120,ee:rural_municipality:viljandi,served_by,true
70121,ee:rural_municipality:viljandi,served_by,true
70122,ee:rural_municipality:viljandi,served_by,true
70123,ee:rural_municipality:viljandi,served_by,true
70180,ee:rural_municipality:viljandi,served_by,true
70181,ee:rural_municipality:viljandi,served_by,true
70201,ee:rural_municipality:viljandi,served_by,true
70202,ee:rural_municipality:viljandi,served_by,true
70211,ee:rural_municipality:viljandi,served_by,true
70301,ee:rural_municipality:viljandi,served_by,true
70302,ee:rural_municipality:viljandi,served_by,true
70303,ee:rural_municipality:viljandi,served_by,true
70304,ee:rural_municipality:viljandi,served_by,true
70306,ee:rural_municipality:viljandi,served_by,true
70307,ee:rural_municipality:viljandi,served_by,true
70308,ee:rural_municipality:viljandi,served_by,true
70309,ee:rural_municipality:viljandi,served_by,true
70310,ee:rural_municipality:viljandi,served_by,true
70311,ee:rural_municipality:viljandi,served_by,true
70313,ee:rural_municipality:viljandi,served_by,true
70314,ee:rural_municipality:viljandi,served_by,true
70315,ee:rural_municipality:viljandi,served_by,true
70316,ee:rural_municipality:viljandi,served_by,true
70317,ee:rural_municipality:viljandi,served_by,true
70318,ee:rural_municipality:viljandi,served_by,true
70401,ee:rural_municipality:pohja-sakala,served_by,true
70402,ee:rural_municipality:pohja-sakala,served_by,true
70403,ee:rural_municipality:pohja-sakala,served_by,true
70404,ee:rural_municipality:pohja-sakala,served_by,true
70405,ee:rural_municipality:pohja-sakala,served_by,true
70406,ee:rural_municipality:pohja-sakala,served_by,true
70407,ee:rural_municipality:pohja-sakala,served_by,true
70408,ee:rural_municipality:pohja-sakala,served_by,true
70409,ee:rural_municipality:pohja-sakala,served_by,true
70410,ee:rural_municipality:pohja-sakala,served_by,true
70411,ee:rural_municipality:pohja-sakala,served_by,true
70412,ee:rural_municipality:pohja-sakala,served_by,true
70413,ee:rural_municipality:pohja-sakala,served_by,true
70414,ee:rural_municipality:pohja-sakala,served_by,true
70415,ee:rural_municipality:pohja-sakala,served_by,true
70482,ee:rural_municipality:pohja-sakala,served_by,true
70501,ee:rural_municipality:pohja-sakala,served_by,true
70502,ee:rural_municipality:pohja-sakala,served_by,true
70503,ee:rural_municipality:pohja-sakala,served_by,true
70504,ee:rural_municipality:pohja-sakala,served_by,true
70505,ee:rural_municipality:pohja-sakala,served_by,true
70506,ee:rural_municipality:pohja-sakala,served_by,true
70507,ee:rural_municipality:pohja-sakala,served_by,true
70508,ee:rural_municipality:pohja-sakala,served_by,true
70509,ee:rural_municipality:pohja-sakala,served_by,true
70511,ee:rural_municipality:pohja-sakala,served_by,true
70601,ee:rural_municipality:pohja-sakala,served_by,true
70602,ee:rural_municipality:pohja-sakala,served_by,true
70603,ee:rural_municipality:pohja-sakala,served_by,true
70604,ee:rural_municipality:pohja-sakala,served_by,true
70605,ee:rural_municipality:pohja-sakala,served_by,true
70606,ee:rural_municipality:pohja-sakala,served_by,true
70607,ee:rural_municipality:pohja-sakala,served_by,true
70608,ee:rural_municipality:pohja-sakala,served_by,true
70609,ee:rural_municipality:pohja-sakala,served_by,true
71001,ee:urban_municipality:viljandi,served_by,true
71002,ee:urban_municipality:viljandi,served_by,true
71003,ee:urban_municipality:viljandi,served_by,true
71004,ee:urban_municipality:viljandi,served_by,true
71005,ee:urban_municipality:viljandi,served_by,true
71007,ee:urban_municipality:viljandi,served_by,true
71008,ee:urban_municipality:viljandi,served_by,true
71009,ee:urban_municipality:viljandi,served_by,true
71010,ee:urban_municipality:viljandi,served_by,true
71011,ee:urban_municipality:viljandi,served_by,true
71012,ee:urban_municipality:viljandi,served_by,true
71013,ee:urban_municipality:viljandi,served_by,true
71014,ee:urban_municipality:viljandi,served_by,true
71015,ee:urban_municipality:viljandi,served_by,true
71016,ee:urban_municipality:viljandi,served_by,true
71017,ee:urban_municipality:viljandi,served_by,true
71018,ee:urban_municipality:viljandi,served_by,true
71020,ee:urban_municipality:viljandi,served_by,true
71023,ee:rural_municipality:viljandi,served_by,true
71024,ee:rural_municipality:viljandi,served_by,true
71033,ee:urban_municipality:viljandi,served_by,true
71052,ee:rural_municipality:viljandi,served_by,true
71053,ee:rural_municipality:mulgi,served_by,true
71054,ee:rural_municipality:mulgi,served_by,true
71055,ee:rural_municipality:mulgi,served_by,true
71056,ee:rural_municipality:mulgi,served_by,true
71057,ee:rural_municipality:viljandi,served_by,true
71058,ee:rural_municipality:viljandi,served_by,true
71063,ee:rural_municipality:viljandi,served_by,true
71064,ee:rural_municipality:viljandi,served_by,true
71065,ee:rural_municipality:viljandi,served_by,true
71066,ee:rural_municipality:viljandi,served_by,true
71067,ee:rural_municipality:viljandi,served_by,true
71068,ee:rural_municipality:viljandi,served_by,true
71069,ee:rural_municipality:viljandi,served_by,true
71070,ee:rural_municipality:viljandi,served_by,true
71071,ee:rural_municipality:viljandi,served_by,true
71072,ee:rural_municipality:viljandi,served_by,true
71073,ee:rural_municipality:viljandi,served_by,true
71074,ee:rural_municipality:viljandi,served_by,true
71080,ee:rural_municipality:mulgi,served_by,true
71081,ee:rural_municipality:viljandi,served_by,true
71082,ee:urban_municipality:viljandi,served_by,true
71101,ee:rural_municipality:viljandi,served_by,true
71102,ee:rural_municipality:viljandi,served_by,true
71103,ee:rural_municipality:viljandi,served_by,true
71104,ee:rural_municipality:viljandi,served_by,true
71105,ee:rural_municipality:viljandi,served_by,true
71107,ee:rural_municipality:viljandi,served_by,true
71108,ee:rural_municipality:viljandi,served_by,true
71109,ee:rural_municipality:viljandi,served_by,true
71110,ee:rural_municipality:viljandi,served_by,true
71111,ee:rural_municipality:viljandi,served_by,true
71112,ee:rural_municipality:viljandi,served_by,true
71114,ee:rural_municipality:viljandi,served_by,true
71118,ee:rural_municipality:viljandi,served_by,true
71119,ee:rural_municipality:viljandi,served_by,true
71120,ee:rural_municipality:viljandi,served_by,true
71121,ee:rural_municipality:viljandi,served_by,true
71122,ee:rural_municipality:viljandi,served_by,true
71123,ee:rural_municipality:viljandi,served_by,true
71124,ee:rural_municipality:viljandi,served_by,true
71125,ee:rural_municipality:viljandi,served_by,true
71180,ee:rural_municipality:viljandi,served_by,true
71183,ee:rural_municipality:viljandi,served_by,true
71201,ee:rural_municipality:pohja-sakala,served_by,true
71202,ee:rural_municipality:pohja-sakala,served_by,true
71203,ee:rural_municipality:pohja-sakala,served_by,true
71204,ee:rural_municipality:pohja-sakala,served_by,true
71205,ee:rural_municipality:pohja-sakala,served_by,true
71206,ee:rural_municipality:pohja-sakala,served_by,true
71207,ee:rural_municipality:pohja-sakala,served_by,true
71209,ee:rural_municipality:pohja-sakala,served_by,true
71210,ee:rural_municipality:pohja-sakala,served_by,true
71211,ee:rural_municipality:pohja-sakala,served_by,true
71280,ee:rural_municipality:pohja-sakala,served_by,true
71301,ee:rural_municipality:pohja-sakala,served_by,true
71302,ee:rural_municipality:pohja-sakala,served_by,true
71303,ee:rural_municipality:pohja-sakala,served_by,true
71304,ee:rural_municipality:pohja-sakala,served_by,true
71305,ee:rural_municipality:pohja-sakala,served_by,true
71306,ee:rural_municipality:pohja-sakala,served_by,true
71307,ee:rural_municipality:pohja-sakala,served_by,true
71308,ee:rural_municipality:pohja-sakala,served_by,true
71309,ee:rural_municipality:pohja-sakala,served_by,true
71401,ee:rural_municipality:pohja-sakala,served_by,true
71402,ee:rural_municipality:pohja-sakala,served_by,true
71403,ee:rural_municipality:pohja-sakala,served_by,true
71404,ee:rural_municipality:pohja-sakala,served_by,true
71405,ee:rural_municipality:pohja-sakala,served_by,true
71406,ee:rural_municipality:pohja-sakala,served_by,true
71407,ee:rural_municipality:pohja-sakala,served_by,true
71408,ee:rural_municipality:pohja-sakala,served_by,true
71409,ee:rural_municipality:pohja-sakala,served_by,true
71410,ee:rural_municipality:pohja-sakala,served_by,true
71411,ee:rural_municipality:pohja-sakala,served_by,true
71412,ee:rural_municipality:pohja-sakala,served_by,true
71480,ee:rural_municipality:pohja-sakala,served_by,true
71501,ee:rural_municipality:pohja-sakala,served_by,true
71502,ee:rural_municipality:pohja-sakala,served_by,true
71503,ee:rural_municipality:pohja-sakala,served_by,true
71504,ee:rural_municipality:pohja-sakala,served_by,true
71505,ee:rural_municipality:pohja-sakala,served_by,true
71506,ee:rural_municipality:pohja-sakala,served_by,true
71507,ee:rural_municipality:pohja-sakala,served_by,true
71508,ee:rural_municipality:pohja-sakala,served_by,true
71510,ee:rural_municipality:pohja-sakala,served_by,true
71511,ee:rural_municipality:pohja-sakala,served_by,true
71512,ee:rural_municipality:pohja-sakala,served_by,true
71513,ee:rural_municipality:pohja-sakala,served_by,true
72001,ee:rural_municipality:turi,served_by,true
72002,ee:rural_municipality:turi,served_by,true
72003,ee:rural_municipality:turi,served_by,true
72004,ee:rural_municipality:turi,served_by,true
72005,ee:rural_municipality:turi,served_by,true
72006,ee:rural_municipality:turi,served_by,true
72007,ee:rural_municipality:turi,served_by,true
72009,ee:rural_municipality:turi,served_by,true
72010,ee:rural_municipality:turi,served_by,true
72011,ee:rural_municipality:turi,served_by,true
72101,ee:rural_municipality:turi,served_by,true
72102,ee:rural_municipality:turi,served_by,true
72103,ee:rural_municipality:turi,served_by,true
72201,ee:rural_municipality:turi,served_by,true
72210,ee:rural_municipality:turi,served_by,true
72211,ee:rural_municipality:turi,served_by,true
72212,ee:rural_municipality:turi,served_by,true
72213,ee:rural_municipality:turi,served_by,true
72214,ee:rural_municipality:turi,served_by,true
72215,ee:rural_municipality:turi,served_by,true
72230,ee:rural_municipality:turi,served_by,true
72231,ee:rural_municipality:turi,served_by,true
72232,ee:rural_municipality:turi,served_by,true
72233,ee:rural_municipality:turi,served_by,true
72234,ee:rural_municipality:turi,served_by,true
72240,ee:rural_municipality:turi,served_by,true
72241,ee:rural_municipality:turi,served_by,true
72242,ee:rural_municipality:turi,served_by,true
72243,ee:rural_municipality:turi,served_by,true
72244,ee:rural_municipality:turi,served_by,true
72245,ee:rural_municipality:turi,served_by,true
72246,ee:rural_municipality:turi,served_by,true
72301,ee:rural_municipality:turi,served_by,true
72302,ee:rural_municipality:turi,served_by,true
72303,ee:rural_municipality:turi,served_by,true
72304,ee:rural_municipality:turi,served_by,true
72305,ee:rural_municipality:turi,served_by,true
72306,ee:rural_municipality:turi,served_by,true
72307,ee:rural_municipality:turi,served_by,true
72308,ee:rural_municipality:turi,served_by,true
72309,ee:rural_municipality:turi,served_by,true
72310,ee:rural_municipality:turi,served_by,true
72311,ee:rural_municipality:turi,served_by,true
72312,ee:rural_municipality:turi,served_by,true
72401,ee:rural_municipality:jarva,served_by,true
72402,ee:rural_municipality:jarva,served_by,true
72403,ee:rural_municipality:jarva,served_by,true
72404,ee:rural_municipality:jarva,served_by,true
72405,ee:rural_municipality:jarva,served_by,true
72406,ee:rural_municipality:jarva,served_by,true
72407,ee:rural_municipality:jarva,served_by,true
72408,ee:rural_municipality:jarva,served_by,true
72409,ee:rural_municipality:jarva,served_by,true
72410,ee:rural_municipality:jarva,served_by,true
72411,ee:rural_municipality:jarva,served_by,true
72412,ee:rural_municipality:jarva,served_by,true
72501,ee:rural_municipality:jarva,served_by,true
72502,ee:rural_municipality:jarva,served_by,true
72503,ee:rural_municipality:jarva,served_by,true
72504,ee:rural_municipality:jarva,served_by,true
72505,ee:rural_municipality:jarva,served_by,true
72506,ee:rural_municipality:jarva,served_by,true
72507,ee:rural_municipality:jarva,served_by,true
72508,ee:rural_municipality:jarva,served_by,true
72509,ee:rural_municipality:jarva,served_by,true
72510,ee:rural_municipality:jarva,served_by,true
72511,ee:rural_municipality:jarva,served_by,true
72512,ee:rural_municipality:jarva,served_by,true
72513,ee:rural_municipality:jarva,served_by,true
72514,ee:rural_municipality:jarva,served_by,true
72516,ee:rural_municipality:jarva,served_by,true
72517,ee:rural_municipality:jarva,served_by,true
72601,ee:urban_municipality:paide,served_by,true
72602,ee:urban_municipality:paide,served_by,true
72603,ee:urban_municipality:paide,served_by,true
72604,ee:urban_municipality:paide,served_by,true
72605,ee:urban_municipality:paide,served_by,true
72606,ee:urban_municipality:paide,served_by,true
72607,ee:urban_municipality:paide,served_by,true
72608,ee:urban_municipality:paide,served_by,true
72609,ee:urban_municipality:paide,served_by,true
72610,ee:urban_municipality:paide,served_by,true
72611,ee:urban_municipality:paide,served_by,true
72612,ee:urban_municipality:paide,served_by,true
72613,ee:urban_municipality:paide,served_by,true
72614,ee:urban_municipality:paide,served_by,true
72615,ee:urban_municipality:paide,served_by,true
72701,ee:urban_municipality:paide,served_by,true
72711,ee:urban_municipality:paide,served_by,true
72712,ee:urban_municipality:paide,served_by,true
72713,ee:urban_municipality:paide,served_by,true
72714,ee:urban_municipality:paide,served_by,true
72715,ee:urban_municipality:paide,served_by,true
72716,ee:urban_municipality:paide,served_by,true
72717,ee:urban_municipality:paide,served_by,true
72718,ee:urban_municipality:paide,served_by,true
72719,ee:urban_municipality:paide,served_by,true
72720,ee:urban_municipality:paide,served_by,true
72751,ee:urban_municipality:paide,served_by,true
72752,ee:urban_municipality:paide,served_by,true
72753,ee:urban_municipality:paide,served_by,true
72754,ee:urban_municipality:paide,served_by,true
72755,ee:urban_municipality:paide,served_by,true
72756,ee:urban_municipality:paide,served_by,true
72757,ee:urban_municipality:paide,served_by,true
72758,ee:urban_municipality:paide,served_by,true
72759,ee:urban_municipality:paide,served_by,true
72760,ee:urban_municipality:paide,served_by,true
72761,ee:urban_municipality:paide,served_by,true
72762,ee:urban_municipality:paide,served_by,true
72763,ee:urban_municipality:paide,served_by,true
72801,ee:rural_municipality:turi,served_by,true
72802,ee:rural_municipality:turi,served_by,true
72803,ee:rural_municipality:turi,served_by,true
72804,ee:rural_municipality:turi,served_by,true
72805,ee:rural_municipality:turi,served_by,true
72806,ee:rural_municipality:turi,served_by,true
72807,ee:rural_municipality:turi,served_by,true
72811,ee:rural_municipality:turi,served_by,true
72812,ee:rural_municipality:turi,served_by,true
72813,ee:rural_municipality:turi,served_by,true
72814,ee:rural_municipality:turi,served_by,true
73001,ee:rural_municipality:jarva,served_by,true
73002,ee:rural_municipality:jarva,served_by,true
73003,ee:rural_municipality:jarva,served_by,true
73004,ee:rural_municipality:jarva,served_by,true
73005,ee:rural_municipality:jarva,served_by,true
73006,ee:rural_municipality:jarva,served_by,true
73007,ee:rural_municipality:jarva,served_by,true
73008,ee:rural_municipality:jarva,served_by,true
73009,ee:rural_municipality:jarva,served_by,true
73010,ee:rural_municipality:jarva,served_by,true
73011,ee:rural_municipality:jarva,served_by,true
73012,ee:rural_municipality:jarva,served_by,true
73013,ee:rural_municipality:jarva,served_by,true
73014,ee:rural_municipality:jarva,served_by,true
73015,ee:rural_municipality:jarva,served_by,true
73016,ee:rural_municipality:jarva,served_by,true
73017,ee:rural_municipality:jarva,served_by,true
73018,ee:rural_municipality:jarva,served_by,true
73019,ee:rural_municipality:jarva,served_by,true
73020,ee:rural_municipality:jarva,served_by,true
73021,ee:rural_municipality:jarva,served_by,true
73022,ee:rural_municipality:jarva,served_by,true
73023,ee:rural_municipality:jarva,served_by,true
73024,ee:rural_municipality:jarva,served_by,true
73025,ee:rural_municipality:jarva,served_by,true
73026,ee:rural_municipality:jarva,served_by,true
73027,ee:rural_municipality:jarva,served_by,true
73101,ee:rural_municipality:jarva,served_by,true
73102,ee:rural_municipality:jarva,served_by,true
73103,ee:rural_municipality:jarva,served_by,true
73104,ee:rural_municipality:jarva,served_by,true
73105,ee:rural_municipality:jarva,served_by,true
73106,ee:rural_municipality:jarva,served_by,true
73107,ee:rural_municipality:jarva,served_by,true
73108,ee:rural_municipality:jarva,served_by,true
73109,ee:rural_municipality:jarva,served_by,true
73110,ee:rural_municipality:jarva,served_by,true
73111,ee:rural_municipality:jarva,served_by,true
73112,ee:rural_municipality:jarva,served_by,true
73201,ee:urban_municipality:paide,served_by,true
73202,ee:urban_municipality:paide,served_by,true
73203,ee:urban_municipality:paide,served_by,true
73204,ee:urban_municipality:paide,served_by,true
73205,ee:urban_municipality:paide,served_by,true
73206,ee:urban_municipality:paide,served_by,true
73207,ee:urban_municipality:paide,served_by,true
73208,ee:urban_municipality:paide,served_by,true
73209,ee:urban_municipality:paide,served_by,true
73210,ee:urban_municipality:paide,served_by,true
73211,ee:urban_municipality:paide,served_by,true
73212,ee:urban_municipality:paide,served_by,true
73213,ee:urban_municipality:paide,served_by,true
73301,ee:rural_municipality:jarva,served_by,true
73302,ee:rural_municipality:jarva,served_by,true
73303,ee:rural_municipality:jarva,served_by,true
73304,ee:rural_municipality:jarva,served_by,true
73305,ee:rural_municipality:jarva,served_by,true
73306,ee:rural_municipality:jarva,served_by,true
73307,ee:rural_municipality:jarva,served_by,true
73308,ee:rural_municipality:jarva,served_by,true
73309,ee:rural_municipality:jarva,served_by,true
73310,ee:rural_municipality:jarva,served_by,true
73401,ee:rural_municipality:jarva,served_by,true
73402,ee:rural_municipality:jarva,served_by,true
73403,ee:rural_municipality:jarva,served_by,true
73404,ee:rural_municipality:jarva,served_by,true
73405,ee:rural_municipality:jarva,served_by,true
73406,ee:rural_municipality:jarva,served_by,true
73407,ee:rural_municipality:jarva,served_by,true
73408,ee:rural_municipality:jarva,served_by,true
73409,ee:rural_municipality:jarva,served_by,true
73410,ee:rural_municipality:jarva,served_by,true
73411,ee:rural_municipality:jarva,served_by,true
73412,ee:rural_municipality:jarva,served_by,true
73413,ee:rural_municipality:jarva,served_by,true
73414,ee:rural_municipality:jarva,served_by,true
73415,ee:rural_municipality:jarva,served_by,true
73416,ee:rural_municipality:jarva,served_by,true
73501,ee:rural_municipality:jarva,served_by,true
73502,ee:rural_municipality:jarva,served_by,true
73503,ee:rural_municipality:jarva,served_by,true
73504,ee:rural_municipality:jarva,served_by,true
73505,ee:rural_municipality:jarva,served_by,true
73506,ee:rural_municipality:jarva,served_by,true
73507,ee:rural_municipality:jarva,served_by,true
73508,ee:rural_municipality:jarva,served_by,true
73510,ee:rural_municipality:jarva,served_by,true
73511,ee:rural_municipality:jarva,served_by,true
73512,ee:rural_municipality:jarva,served_by,true
73513,ee:rural_municipality:jarva,served_by,true
73514,ee:rural_municipality:jarva,served_by,true
73601,ee:rural_municipality:tapa,served_by,true
73602,ee:rural_municipality:tapa,served_by,true
73603,ee:rural_municipality:tapa,served_by,true
73604,ee:rural_municipality:tapa,served_by,true
73605,ee:rural_municipality:tapa,served_by,true
73606,ee:rural_municipality:tapa,served_by,true
73607,ee:rural_municipality:tapa,served_by,true
73608,ee:rural_municipality:tapa,served_by,true
73609,ee:rural_municipality:tapa,served_by,true
73610,ee:rural_municipality:tapa,served_by,true
73611,ee:rural_municipality:tapa,served_by,true
73612,ee:rural_municipality:tapa,served_by,true
73613,ee:rural_municipality:tapa,served_by,true
73614,ee:rural_municipality:tapa,served_by,true
73615,ee:rural_municipality:tapa,served_by,true
74001,ee:rural_municipality:viimsi,served_by,true
74004,ee:rural_municipality:viimsi,served_by,true
74005,ee:rural_municipality:viimsi,served_by,true
74006,ee:rural_municipality:viimsi,served_by,true
74007,ee:rural_municipality:viimsi,served_by,true
74008,ee:rural_municipality:viimsi,served_by,true
74009,ee:rural_municipality:viimsi,served_by,true
74010,ee:rural_municipality:viimsi,served_by,true
74011,ee:rural_municipality:viimsi,served_by,true
74012,ee:rural_municipality:viimsi,served_by,true
74013,ee:rural_municipality:viimsi,served_by,true
74014,ee:rural_municipality:viimsi,served_by,true
74015,ee:rural_municipality:viimsi,served_by,true
74016,ee:rural_municipality:viimsi,served_by,true
74017,ee:rural_municipality:viimsi,served_by,true
74018,ee:rural_municipality:viimsi,served_by,true
74019,ee:rural_municipality:viimsi,served_by,true
74020,ee:rural_municipality:viimsi,served_by,true
74021,ee:urban_municipality:tallinn,served_by,true
74101,ee:urban_municipality:maardu,served_by,true
74102,ee:urban_municipality:maardu,served_by,true
74111,ee:urban_municipality:maardu,served_by,true
74112,ee:urban_municipality:maardu,served_by,true
74113,ee:urban_municipality:maardu,served_by,true
74114,ee:urban_municipality:maardu,served_by,true
74114,ee:rural_municipality:joelahtme,served_by,false
74115,ee:urban_municipality:maardu,served_by,true
74115,ee:urban_municipality:tallinn,served_by,false
74115,ee:rural_municipality:joelahtme,served_by,false
74116,ee:urban_municipality:maardu,served_by,true
74117,ee:urban_municipality:maardu,served_by,true
74120,ee:rural_municipality:joelahtme,served_by,true
74121,ee:rural_municipality:joelahtme,served_by,true
74122,ee:rural_municipality:joelahtme,served_by,true
74201,ee:rural_municipality:joelahtme,served_by,true
74202,ee:rural_municipality:joelahtme,served_by,true
74203,ee:rural_municipality:joelahtme,served_by,true
74204,ee:rural_municipality:joelahtme,served_by,true
74205,ee:rural_municipality:joelahtme,served_by,true
74206,ee:rural_municipality:joelahtme,served_by,true
74207,ee:rural_municipality:joelahtme,served_by,true
74208,ee:rural_municipality:joelahtme,served_by,true
74209,ee:rural_municipality:joelahtme,served_by,true
74210,ee:rural_municipality:joelahtme,served_by,true
74211,ee:rural_municipality:joelahtme,served_by,true
74212,ee:rural_municipality:joelahtme,served_by,true
74213,ee:rural_municipality:joelahtme,served_by,true
74214,ee:rural_municipality:joelahtme,served_by,true
74215,ee:rural_municipality:joelahtme,served_by,true
74216,ee:rural_municipality:joelahtme,served_by,true
74217,ee:rural_municipality:joelahtme,served_by,true
74218,ee:rural_municipality:joelahtme,served_by,true
74219,ee:rural_municipality:joelahtme,served_by,true
74220,ee:rural_municipality:joelahtme,served_by,true
74221,ee:rural_municipality:joelahtme,served_by,true
74222,ee:rural_municipality:joelahtme,served_by,true
74223,ee:rural_municipality:joelahtme,served_by,true
74224,ee:rural_municipality:joelahtme,served_by,true
74225,ee:rural_municipality:joelahtme,served_by,true
74226,ee:rural_municipality:joelahtme,served_by,true
74227,ee:rural_municipality:joelahtme,served_by,true
74228,ee:rural_municipality:joelahtme,served_by,true
74229,ee:rural_municipality:joelahtme,served_by,true
74230,ee:rural_municipality:joelahtme,served_by,true
74305,ee:rural_municipality:anija,served_by,true
74306,ee:rural_municipality:anija,served_by,true
74307,ee:rural_municipality:anija,served_by,true
74309,ee:rural_municipality:anija,served_by,true
74310,ee:rural_municipality:anija,served_by,true
74311,ee:rural_municipality:anija,served_by,true
74312,ee:rural_municipality:anija,served_by,true
74313,ee:rural_municipality:anija,served_by,true
74314,ee:rural_municipality:anija,served_by,true
74315,ee:rural_municipality:anija,served_by,true
74316,ee:rural_municipality:anija,served_by,true
74401,ee:rural_municipality:anija,served_by,true
74402,ee:rural_municipality:anija,served_by,true
74403,ee:rural_municipality:anija,served_by,true
74404,ee:rural_municipality:anija,served_by,true
74405,ee:rural_municipality:anija,served_by,true
74407,ee:rural_municipality:anija,served_by,true
74408,ee:rural_municipality:anija,served_by,true
74409,ee:rural_municipality:anija,served_by,true
74410,ee:rural_municipality:anija,served_by,true
74411,ee:rural_municipality:anija,served_by,true
74412,ee:rural_municipality:anija,served_by,true
74413,ee:rural_municipality:anija,served_by,true
74414,ee:rural_municipality:anija,served_by,true
74415,ee:rural_municipality:anija,served_by,true
74416,ee:rural_municipality:anija,served_by,true
74417,ee:rural_municipality:anija,served_by,true
74501,ee:rural_municipality:anija,served_by,true
74502,ee:rural_municipality:anija,served_by,true
74503,ee:rural_municipality:anija,served_by,true
74601,ee:rural_municipality:kuusalu,served_by,true
74602,ee:rural_municipality:kuusalu,served_by,true
74604,ee:rural_municipality:kuusalu,served_by,true
74605,ee:rural_municipality:kuusalu,served_by,true
74606,ee:rural_municipality:kuusalu,served_by,true
74607,ee:rural_municipality:kuusalu,served_by,true
74608,ee:rural_municipality:kuusalu,served_by,true
74609,ee:rural_municipality:kuusalu,served_by,true
74610,ee:rural_municipality:kuusalu,served_by,true
74611,ee:rural_municipality:kuusalu,served_by,true
74612,ee:rural_municipality:kuusalu,served_by,true
74613,ee:rural_municipality:kuusalu,served_by,true
74614,ee:rural_municipality:kuusalu,served_by,true
74615,ee:rural_municipality:kuusalu,served_by,true
74616,ee:rural_municipality:kuusalu,served_by,true
74617,ee:rural_municipality:kuusalu,served_by,true
74618,ee:rural_municipality:kuusalu,served_by,true
74619,ee:rural_municipality:kuusalu,served_by,true
74620,ee:rural_municipality:kuusalu,served_by,true
74621,ee:rural_municipality:kuusalu,served_by,true
74622,ee:rural_municipality:kuusalu,served_by,true
74623,ee:rural_municipality:kuusalu,served_by,true
74624,ee:rural_municipality:kuusalu,served_by,true
74625,ee:rural_municipality:kuusalu,served_by,true
74626,ee:rural_municipality:kuusalu,served_by,true
74627,ee:rural_municipality:kuusalu,served_by,true
74628,ee:rural_municipality:kuusalu,served_by,true
74629,ee:rural_municipality:kuusalu,served_by,true
74630,ee:rural_municipality:kuusalu,served_by,true
74631,ee:rural_municipality:kuusalu,served_by,true
74632,ee:rural_municipality:kuusalu,served_by,true
74633,ee:rural_municipality:kuusalu,served_by,true
74634,ee:rural_municipality:kuusalu,served_by,true
74635,ee:rural_municipality:kuusalu,served_by,true
74636,ee:rural_municipality:kuusalu,served_by,true
74637,ee:rural_municipality:kuusalu,served_by,true
74638,ee:rural_municipality:kuusalu,served_by,true
74639,ee:rural_municipality:kuusalu,served_by,true
74640,ee:rural_municipality:kuusalu,served_by,true
74641,ee:rural_municipality:kuusalu,served_by,true
74642,ee:rural_municipality:kuusalu,served_by,true
74701,ee:rural_municipality:kuusalu,served_by,true
74702,ee:rural_municipality:kuusalu,served_by,true
74703,ee:rural_municipality:kuusalu,served_by,true
74704,ee:rural_municipality:kuusalu,served_by,true
74706,ee:rural_municipality:kuusalu,served_by,true
74707,ee:rural_municipality:kuusalu,served_by,true
74708,ee:rural_municipality:kuusalu,served_by,true
74709,ee:rural_municipality:kuusalu,served_by,true
74710,ee:rural_municipality:kuusalu,served_by,true
74711,ee:rural_municipality:kuusalu,served_by,true
74712,ee:rural_municipality:kuusalu,served_by,true
74713,ee:rural_municipality:kuusalu,served_by,true
74714,ee:rural_municipality:kuusalu,served_by,true
74715,ee:rural_municipality:kuusalu,served_by,true
74716,ee:rural_municipality:kuusalu,served_by,true
74717,ee:rural_municipality:kuusalu,served_by,true
74718,ee:rural_municipality:kuusalu,served_by,true
74719,ee:rural_municipality:kuusalu,served_by,true
74720,ee:rural_municipality:kuusalu,served_by,true
74721,ee:rural_municipality:kuusalu,served_by,true
74801,ee:urban_municipality:loksa,served_by,true
74805,ee:urban_municipality:loksa,served_by,true
74806,ee:urban_municipality:loksa,served_by,true
74807,ee:urban_municipality:loksa,served_by,true
74808,ee:rural_municipality:kuusalu,served_by,true
74809,ee:rural_municipality:kuusalu,served_by,true
74810,ee:rural_municipality:kuusalu,served_by,true
74811,ee:rural_municipality:kuusalu,served_by,true
74812,ee:rural_municipality:kuusalu,served_by,true
74813,ee:rural_municipality:kuusalu,served_by,true
74814,ee:rural_municipality:kuusalu,served_by,true
74815,ee:rural_municipality:kuusalu,served_by,true
74816,ee:rural_municipality:kuusalu,served_by,true
75001,ee:rural_municipality:kose,served_by,true
75002,ee:rural_municipality:kose,served_by,true
75003,ee:rural_municipality:kose,served_by,true
75004,ee:rural_municipality:kose,served_by,true
75005,ee:rural_municipality:kose,served_by,true
75006,ee:rural_municipality:kose,served_by,true
75007,ee:rural_municipality:kose,served_by,true
75008,ee:rural_municipality:kose,served_by,true
75009,ee:rural_municipality:kose,served_by,true
75010,ee:rural_municipality:kose,served_by,true
75011,ee:rural_municipality:kose,served_by,true
75012,ee:rural_municipality:kose,served_by,true
75013,ee:rural_municipality:kose,served_by,true
75014,ee:rural_municipality:kose,served_by,true
75015,ee:rural_municipality:kose,served_by,true
75016,ee:rural_municipality:kose,served_by,true
75017,ee:rural_municipality:kose,served_by,true
75018,ee:rural_municipality:kose,served_by,true
75019,ee:rural_municipality:kose,served_by,true
75020,ee:rural_municipality:kose,served_by,true
75021,ee:rural_municipality:kose,served_by,true
75022,ee:rural_municipality:kose,served_by,true
75023,ee:rural_municipality:kose,served_by,true
75024,ee:rural_municipality:kose,served_by,true
75025,ee:rural_municipality:kose,served_by,true
75026,ee:rural_municipality:kose,served_by,true
75027,ee:rural_municipality:kose,served_by,true
75028,ee:rural_municipality:kose,served_by,true
75029,ee:rural_municipality:kose,served_by,true
75030,ee:rural_municipality:kose,served_by,true
75031,ee:rural_municipality:kose,served_by,true
75032,ee:rural_municipality:kose,served_by,true
75033,ee:rural_municipality:kose,served_by,true
75034,ee:rural_municipality:kose,served_by,true
75035,ee:rural_municipality:kose,served_by,true
75036,ee:rural_municipality:kose,served_by,true
75037,ee:rural_municipality:kose,served_by,true
75038,ee:rural_municipality:kose,served_by,true
75101,ee:rural_municipality:kose,served_by,true
75102,ee:rural_municipality:kose,served_by,true
75103,ee:rural_municipality:kose,served_by,true
75104,ee:rural_municipality:kose,served_by,true
75105,ee:rural_municipality:kose,served_by,true
75106,ee:rural_municipality:kose,served_by,true
75107,ee:rural_municipality:kose,served_by,true
75108,ee:rural_municipality:kose,served_by,true
75109,ee:rural_municipality:kose,served_by,true
75110,ee:rural_municipality:kose,served_by,true
75111,ee:rural_municipality:kose,served_by,true
75112,ee:rural_municipality:kose,served_by,true
75113,ee:rural_municipality:kose,served_by,true
75114,ee:rural_municipality:kose,served_by,true
75115,ee:rural_municipality:kose,served_by,true
75116,ee:rural_municipality:kose,served_by,true
75117,ee:rural_municipality:kose,served_by,true
75118,ee:rural_municipality:kose,served_by,true
75119,ee:rural_municipality:kose,served_by,true
75120,ee:rural_municipality:kose,served_by,true
75121,ee:rural_municipality:kose,served_by,true
75122,ee:rural_municipality:kose,served_by,true
75123,ee:rural_municipality:kose,served_by,true
75124,ee:rural_municipality:kose,served_by,true
75125,ee:rural_municipality:kose,served_by,true
75126,ee:rural_municipality:kose,served_by,true
75201,ee:rural_municipality:raasiku,served_by,true
75202,ee:rural_municipality:raasiku,served_by,true
75203,ee:rural_municipality:raasiku,served_by,true
75204,ee:rural_municipality:raasiku,served_by,true
75205,ee:rural_municipality:raasiku,served_by,true
75206,ee:rural_municipality:raasiku,served_by,true
75207,ee:rural_municipality:raasiku,served_by,true
75208,ee:rural_municipality:raasiku,served_by,true
75209,ee:rural_municipality:raasiku,served_by,true
75210,ee:rural_municipality:raasiku,served_by,true
75211,ee:rural_municipality:raasiku,served_by,true
75212,ee:rural_municipality:raasiku,served_by,true
75213,ee:rural_municipality:rae,served_by,true
75214,ee:rural_municipality:raasiku,served_by,true
75215,ee:rural_municipality:anija,served_by,true
75216,ee:rural_municipality:raasiku,served_by,true
75217,ee:rural_municipality:rae,served_by,true
75218,ee:rural_municipality:rae,served_by,true
75219,ee:rural_municipality:anija,served_by,true
75220,ee:rural_municipality:anija,served_by,true
75221,ee:rural_municipality:anija,served_by,true
75222,ee:rural_municipality:joelahtme,served_by,true
75223,ee:rural_municipality:raasiku,served_by,true
75224,ee:rural_municipality:joelahtme,served_by,true
75225,ee:rural_municipality:joelahtme,served_by,true
75226,ee:rural_municipality:anija,served_by,true
75301,ee:rural_municipality:rae,served_by,true
75302,ee:rural_municipality:rae,served_by,true
75303,ee:rural_municipality:rae,served_by,true
75304,ee:rural_municipality:rae,served_by,true
75305,ee:rural_municipality:rae,served_by,true
75306,ee:rural_municipality:rae,served_by,true
75307,ee:rural_municipality:rae,served_by,true
75308,ee:rural_municipality:rae,served_by,true
75309,ee:rural_municipality:rae,served_by,true
75310,ee:rural_municipality:rae,served_by,true
75311,ee:rural_municipality:rae,served_by,true
75312,ee:rural_municipality:rae,served_by,true
75313,ee:rural_municipality:rae,served_by,true
75314,ee:rural_municipality:rae,served_by,true
75315,ee:rural_municipality:rae,served_by,true
75316,ee:rural_municipality:rae,served_by,true
75317,ee:rural_municipality:rae,served_by,true
75318,ee:rural_municipality:rae,served_by,true
75319,ee:rural_municipality:rae,served_by,true
75320,ee:rural_municipality:rae,served_by,true
75321,ee:rural_municipality:rae,served_by,true
75322,ee:rural_municipality:rae,served_by,true
75323,ee:rural_municipality:rae,served_by,true
75324,ee:rural_municipality:rae,served_by,true
75325,ee:rural_municipality:rae,served_by,true
75326,ee:rural_municipality:rae,served_by,true
75327,ee:rural_municipality:rae,served_by,true
75329,ee:rural_municipality:rae,served_by,true
75330,ee:rural_municipality:rae,served_by,true
75331,ee:rural_municipality:rae,served_by,true
75401,ee:rural_municipality:kiili,served_by,true
75402,ee:rural_municipality:kiili,served_by,true
75403,ee:rural_municipality:kiili,served_by,true
75404,ee:rural_municipality:kiili,served_by,true
75405,ee:rural_municipality:kiili,served_by,true
75406,ee:rural_municipality:kiili,served_by,true
75407,ee:rural_municipality:kiili,served_by,true
75408,ee:rural_municipality:kiili,served_by,true
75409,ee:rural_municipality:kiili,served_by,true
75410,ee:rural_municipality:kiili,served_by,true
75411,ee:rural_municipality:kiili,served_by,true
75412,ee:rural_municipality:saku,served_by,true
75413,ee:rural_municipality:kiili,served_by,true
75414,ee:rural_municipality:kiili,served_by,true
75415,ee:rural_municipality:kiili,served_by,true
75416,ee:rural_municipality:kiili,served_by,true
75417,ee:rural_municipality:kiili,served_by,true
75501,ee:rural_municipality:saku,served_by,true
75503,ee:rural_municipality:saku,served_by,true
75504,ee:rural_municipality:saku,served_by,true
75505,ee:rural_municipality:saku,served_by,true
75506,ee:rural_municipality:saku,served_by,true
75507,ee:rural_municipality:saku,served_by,true
75508,ee:rural_municipality:saku,served_by,true
75509,ee:rural_municipality:saku,served_by,true
75510,ee:rural_municipality:saku,served_by,true
75511,ee:rural_municipality:saku,served_by,true
75512,ee:rural_municipality:saku,served_by,true
75513,ee:rural_municipality:saku,served_by,true
75514,ee:rural_municipality:saku,served_by,true
75515,ee:rural_municipality:saku,served_by,true
75516,ee:rural_municipality:saku,served_by,true
75517,ee:rural_municipality:saku,served_by,true
75518,ee:rural_municipality:saku,served_by,true
75519,ee:rural_municipality:saue,served_by,true
76001,ee:rural_municipality:laane-harju,served_by,true
76002,ee:rural_municipality:laane-harju,served_by,true
76003,ee:rural_municipality:laane-harju,served_by,true
76004,ee:rural_municipality:laane-harju,served_by,true
76005,ee:rural_municipality:laane-harju,served_by,true
76006,ee:rural_municipality:laane-harju,served_by,true
76007,ee:rural_municipality:laane-harju,served_by,true
76008,ee:rural_municipality:laane-harju,served_by,true
76009,ee:rural_municipality:laane-harju,served_by,true
76010,ee:rural_municipality:laane-harju,served_by,true
76011,ee:rural_municipality:laane-harju,served_by,true
76012,ee:rural_municipality:laane-harju,served_by,true
76013,ee:rural_municipality:laane-harju,served_by,true
76014,ee:rural_municipality:laane-harju,served_by,true
76015,ee:rural_municipality:laane-harju,served_by,true
76016,ee:rural_municipality:laane-harju,served_by,true
76017,ee:rural_municipality:laane-harju,served_by,true
76018,ee:rural_municipality:laane-harju,served_by,true
76019,ee:rural_municipality:laane-harju,served_by,true
76020,ee:rural_municipality:laane-harju,served_by,true
76021,ee:rural_municipality:laane-harju,served_by,true
76022,ee:rural_municipality:laane-harju,served_by,true
76023,ee:rural_municipality:laane-harju,served_by,true
76101,ee:rural_municipality:laane-harju,served_by,true
76102,ee:rural_municipality:laane-harju,served_by,true
76103,ee:rural_municipality:laane-harju,served_by,true
76104,ee:rural_municipality:laane-harju,served_by,true
76105,ee:rural_municipality:laane-harju,served_by,true
76106,ee:rural_municipality:laane-harju,served_by,true
76107,ee:rural_municipality:laane-harju,served_by,true
76201,ee:rural_municipality:saue,served_by,true
76202,ee:rural_municipality:saue,served_by,true
76203,ee:rural_municipality:saue,served_by,true
76204,ee:rural_municipality:saue,served_by,true
76205,ee:rural_municipality:saue,served_by,true
76206,ee:rural_municipality:saue,served_by,true
76207,ee:rural_municipality:saue,served_by,true
76208,ee:rural_municipality:saue,served_by,true
76209,ee:rural_municipality:saue,served_by,true
76210,ee:rural_municipality:saue,served_by,true
76211,ee:rural_municipality:saue,served_by,true
76212,ee:rural_municipality:saue,served_by,true
76213,ee:rural_municipality:saue,served_by,true
76214,ee:rural_municipality:saue,served_by,true
76215,ee:rural_municipality:saue,served_by,true
76216,ee:rural_municipality:saue,served_by,true
76217,ee:rural_municipality:saue,served_by,true
76218,ee:rural_municipality:laane-nigula,served_by,true
76219,ee:rural_municipality:laane-nigula,served_by,true
76301,ee:rural_municipality:saue,served_by,true
76302,ee:rural_municipality:saue,served_by,true
76303,ee:rural_municipality:saue,served_by,true
76304,ee:rural_municipality:saue,served_by,true
76305,ee:rural_municipality:saue,served_by,true
76306,ee:rural_municipality:saue,served_by,true
76307,ee:rural_municipality:saue,served_by,true
76308,ee:rural_municipality:saue,served_by,true
76309,ee:rural_municipality:saue,served_by,true
76310,ee:rural_municipality:saue,served_by,true
76311,ee:rural_municipality:saue,served_by,true
76312,ee:rural_municipality:saue,served_by,true
76313,ee:rural_municipality:saue,served_by,true
76314,ee:rural_municipality:saue,served_by,true
76315,ee:rural_municipality:saue,served_by,true
76316,ee:rural_municipality:saue,served_by,true
76317,ee:rural_municipality:saue,served_by,true
76318,ee:rural_municipality:saue,served_by,true
76401,ee:rural_municipality:saue,served_by,true
76402,ee:rural_municipality:saue,served_by,true
76403,ee:rural_municipality:saue,served_by,true
76404,ee:rural_municipality:saku,served_by,true
76405,ee:rural_municipality:saku,served_by,true
76406,ee:rural_municipality:saku,served_by,true
76407,ee:rural_municipality:saue,served_by,true
76408,ee:rural_municipality:saue,served_by,true
76409,ee:rural_municipality:saue,served_by,true
76410,ee:rural_municipality:saue,served_by,true
76411,ee:rural_municipality:saue,served_by,true
76412,ee:rural_municipality:saue,served_by,true
76413,ee:rural_municipality:saue,served_by,true
76414,ee:rural_municipality:saku,served_by,true
76415,ee:rural_municipality:saku,served_by,true
76416,ee:rural_municipality:saue,served_by,true
76417,ee:rural_municipality:saue,served_by,true
76418,ee:rural_municipality:saue,served_by,true
76505,ee:rural_municipality:saue,served_by,true
76506,ee:rural_municipality:saue,served_by,true
76601,ee:urban_municipality:keila,served_by,true
76603,ee:urban_municipality:keila,served_by,true
76605,ee:urban_municipality:keila,served_by,true
76606,ee:urban_municipality:keila,served_by,true
76607,ee:urban_municipality:keila,served_by,true
76608,ee:urban_municipality:keila,served_by,true
76609,ee:urban_municipality:keila,served_by,true
76610,ee:urban_municipality:keila,served_by,true
76611,ee:rural_municipality:harku,served_by,true
76612,ee:rural_municipality:laane-harju,served_by,true
76613,ee:rural_municipality:laane-harju,served_by,true
76614,ee:rural_municipality:harku,served_by,true
76615,ee:rural_municipality:saue,served_by,true
76616,ee:rural_municipality:laane-harju,served_by,true
76617,ee:rural_municipality:harku,served_by,true
76618,ee:rural_municipality:saue,served_by,true
76619,ee:rural_municipality:laane-harju,served_by,true
76620,ee:rural_municipality:laane-harju,served_by,true
76621,ee:rural_municipality:laane-harju,served_by,true
76622,ee:rural_municipality:laane-harju,served_by,true
76623,ee:rural_municipality:laane-harju,served_by,true
76624,ee:rural_municipality:laane-harju,served_by,true
76626,ee:rural_municipality:saue,served_by,true
76701,ee:rural_municipality:laane-harju,served_by,true
76702,ee:rural_municipality:laane-harju,served_by,true
76703,ee:rural_municipality:laane-harju,served_by,true
76704,ee:rural_municipality:harku,served_by,true
76705,ee:rural_municipality:laane-harju,served_by,true
76706,ee:rural_municipality:harku,served_by,true
76707,ee:rural_municipality:harku,served_by,true
76708,ee:rural_municipality:laane-harju,served_by,true
76709,ee:rural_municipality:laane-harju,served_by,true
76710,ee:rural_municipality:laane-harju,served_by,true
76711,ee:rural_municipality:laane-harju,served_by,true
76712,ee:rural_municipality:laane-harju,served_by,true
76713,ee:rural_municipality:laane-harju,served_by,true
76714,ee:rural_municipality:laane-harju,served_by,true
76715,ee:rural_municipality:laane-harju,served_by,true
76716,ee:rural_municipality:laane-harju,served_by,true
76718,ee:rural_municipality:laane-harju,served_by,true
76719,ee:rural_municipality:laane-harju,served_by,true
76801,ee:rural_municipality:laane-harju,served_by,true
76804,ee:rural_municipality:laane-harju,served_by,true
76805,ee:rural_municipality:laane-harju,served_by,true
76806,ee:rural_municipality:laane-harju,served_by,true
76807,ee:rural_municipality:laane-harju,served_by,true
76901,ee:rural_municipality:harku,served_by,true
76902,ee:rural_municipality:harku,served_by,true
76902,ee:urban_municipality:tallinn,served_by,false
76903,ee:rural_municipality:harku,served_by,true
76904,ee:rural_municipality:harku,served_by,true
76905,ee:rural_municipality:harku,served_by,true
76906,ee:rural_municipality:harku,served_by,true
76907,ee:rural_municipality:harku,served_by,true
76908,ee:rural_municipality:harku,served_by,true
76909,ee:rural_municipality:harku,served_by,true
76910,ee:rural_municipality:harku,served_by,true
76911,ee:rural_municipality:saue,served_by,true
76912,ee:rural_municipality:harku,served_by,true
76912,ee:urban_municipality:tallinn,served_by,false
76913,ee:rural_municipality:saue,served_by,true
76914,ee:rural_municipality:saue,served_by,true
76915,ee:rural_municipality:saue,served_by,true
76916,ee:rural_municipality:harku,served_by,true
76917,ee:rural_municipality:harku,served_by,true
76918,ee:rural_municipality:harku,served_by,true
76919,ee:rural_municipality:harku,served_by,true
76920,ee:rural_municipality:harku,served_by,true
76921,ee:rural_municipality:harku,served_by,true
76922,ee:rural_municipality:harku,served_by,true
76923,ee:rural_municipality:harku,served_by,true
76924,ee:rural_municipality:harku,served_by,true
76925,ee:rural_municipality:harku,served_by,true
78001,ee:rural_municipality:marjamaa,served_by,true
78003,ee:rural_municipality:marjamaa,served_by,true
78004,ee:rural_municipality:marjamaa,served_by,true
78011,ee:rural_municipality:marjamaa,served_by,true
78012,ee:rural_municipality:marjamaa,served_by,true
78013,ee:rural_municipality:marjamaa,served_by,true
78014,ee:rural_municipality:marjamaa,served_by,true
78015,ee:rural_municipality:marjamaa,served_by,true
78016,ee:rural_municipality:marjamaa,served_by,true
78017,ee:rural_municipality:marjamaa,served_by,true
78018,ee:rural_municipality:marjamaa,served_by,true
78019,ee:rural_municipality:marjamaa,served_by,true
78020,ee:rural_municipality:marjamaa,served_by,true
78021,ee:rural_municipality:marjamaa,served_by,true
78022,ee:rural_municipality:marjamaa,served_by,true
78023,ee:rural_municipality:marjamaa,served_by,true
78024,ee:rural_municipality:marjamaa,served_by,true
78025,ee:rural_municipality:marjamaa,served_by,true
78026,ee:rural_municipality:marjamaa,served_by,true
78027,ee:rural_municipality:marjamaa,served_by,true
78028,ee:rural_municipality:marjamaa,served_by,true
78029,ee:rural_municipality:marjamaa,served_by,true
78030,ee:rural_municipality:marjamaa,served_by,true
78031,ee:rural_municipality:marjamaa,served_by,true
78032,ee:rural_municipality:marjamaa,served_by,true
78033,ee:rural_municipality:marjamaa,served_by,true
78034,ee:rural_municipality:marjamaa,served_by,true
78101,ee:rural_municipality:marjamaa,served_by,true
78102,ee:rural_municipality:marjamaa,served_by,true
78103,ee:rural_municipality:marjamaa,served_by,true
78111,ee:rural_municipality:marjamaa,served_by,true
78112,ee:rural_municipality:marjamaa,served_by,true
78113,ee:rural_municipality:marjamaa,served_by,true
78114,ee:rural_municipality:marjamaa,served_by,true
78115,ee:rural_municipality:marjamaa,served_by,true
78116,ee:rural_municipality:marjamaa,served_by,true
78117,ee:rural_municipality:marjamaa,served_by,true
78118,ee:rural_municipality:marjamaa,served_by,true
78119,ee:rural_municipality:marjamaa,served_by,true
78120,ee:rural_municipality:marjamaa,served_by,true
78121,ee:rural_municipality:marjamaa,served_by,true
78122,ee:rural_municipality:marjamaa,served_by,true
78201,ee:rural_municipality:marjamaa,served_by,true
78202,ee:rural_municipality:marjamaa,served_by,true
78203,ee:rural_municipality:marjamaa,served_by,true
78204,ee:rural_municipality:marjamaa,served_by,true
78205,ee:rural_municipality:marjamaa,served_by,true
78206,ee:rural_municipality:marjamaa,served_by,true
78207,ee:rural_municipality:marjamaa,served_by,true
78211,ee:rural_municipality:marjamaa,served_by,true
78212,ee:rural_municipality:marjamaa,served_by,true
78213,ee:rural_municipality:marjamaa,served_by,true
78214,ee:rural_municipality:marjamaa,served_by,true
78215,ee:rural_municipality:marjamaa,served_by,true
78216,ee:rural_municipality:marjamaa,served_by,true
78217,ee:rural_municipality:marjamaa,served_by,true
78218,ee:rural_municipality:marjamaa,served_by,true
78219,ee:rural_municipality:marjamaa,served_by,true
78220,ee:rural_municipality:marjamaa,served_by,true
78221,ee:rural_municipality:marjamaa,served_by,true
78222,ee:rural_municipality:marjamaa,served_by,true
78223,ee:rural_municipality:marjamaa,served_by,true
78224,ee:rural_municipality:marjamaa,served_by,true
78225,ee:rural_municipality:marjamaa,served_by,true
78226,ee:rural_municipality:marjamaa,served_by,true
78227,ee:rural_municipality:marjamaa,served_by,true
78228,ee:rural_municipality:marjamaa,served_by,true
78229,ee:rural_municipality:marjamaa,served_by,true
78230,ee:rural_municipality:marjamaa,served_by,true
78231,ee:rural_municipality:marjamaa,served_by,true
78232,ee:rural_municipality:marjamaa,served_by,true
78233,ee:rural_municipality:marjamaa,served_by,true
78234,ee:rural_municipality:marjamaa,served_by,true
78235,ee:rural_municipality:marjamaa,served_by,true
78236,ee:rural_municipality:marjamaa,served_by,true
78237,ee:rural_municipality:marjamaa,served_by,true
78238,ee:rural_municipality:marjamaa,served_by,true
78239,ee:rural_municipality:marjamaa,served_by,true
78240,ee:rural_municipality:marjamaa,served_by,true
78241,ee:rural_municipality:marjamaa,served_by,true
78242,ee:rural_municipality:marjamaa,served_by,true
78243,ee:rural_municipality:marjamaa,served_by,true
78244,ee:rural_municipality:marjamaa,served_by,true
78245,ee:rural_municipality:marjamaa,served_by,true
78246,ee:rural_municipality:marjamaa,served_by,true
78247,ee:rural_municipality:marjamaa,served_by,true
78248,ee:rural_municipality:marjamaa,served_by,true
78249,ee:rural_municipality:marjamaa,served_by,true
78250,ee:rural_municipality:marjamaa,served_by,true
78251,ee:rural_municipality:marjamaa,served_by,true
78252,ee:rural_municipality:marjamaa,served_by,true
78253,ee:rural_municipality:marjamaa,served_by,true
78254,ee:rural_municipality:marjamaa,served_by,true
78255,ee:rural_municipality:marjamaa,served_by,true
78256,ee:rural_municipality:marjamaa,served_by,true
78257,ee:rural_municipality:marjamaa,served_by,true
78258,ee:rural_municipality:marjamaa,served_by,true
78259,ee:rural_municipality:marjamaa,served_by,true
78260,ee:rural_municipality:marjamaa,served_by,true
78261,ee:rural_municipality:marjamaa,served_by,true
78262,ee:rural_municipality:marjamaa,served_by,true
78263,ee:rural_municipality:marjamaa,served_by,true
78301,ee:rural_municipality:marjamaa,served_by,true
78302,ee:rural_municipality:marjamaa,served_by,true
78304,ee:rural_municipality:marjamaa,served_by,true
78305,ee:rural_municipality:marjamaa,served_by,true
78311,ee:rural_municipality:marjamaa,served_by,true
78312,ee:rural_municipality:marjamaa,served_by,true
78313,ee:rural_municipality:marjamaa,served_by,true
78314,ee:rural_municipality:marjamaa,served_by,true
78315,ee:rural_municipality:marjamaa,served_by,true
78316,ee:rural_municipality:marjamaa,served_by,true
78317,ee:rural_municipality:marjamaa,served_by,true
78318,ee:rural_municipality:marjamaa,served_by,true
78401,ee:rural_municipality:rapla,served_by,true
78402,ee:rural_municipality:rapla,served_by,true
78403,ee:rural_municipality:rapla,served_by,true
78404,ee:rural_municipality:rapla,served_by,true
78405,ee:rural_municipality:rapla,served_by,true
78406,ee:rural_municipality:rapla,served_by,true
78407,ee:rural_municipality:rapla,served_by,true
78408,ee:rural_municipality:rapla,served_by,true
78409,ee:rural_municipality:rapla,served_by,true
78410,ee:rural_municipality:rapla,served_by,true
78411,ee:rural_municipality:rapla,served_by,true
78412,ee:rural_municipality:rapla,served_by,true
78413,ee:rural_municipality:rapla,served_by,true
78414,ee:rural_municipality:rapla,served_by,true
78415,ee:rural_municipality:rapla,served_by,true
78416,ee:rural_municipality:rapla,served_by,true
78417,ee:rural_municipality:marjamaa,served_by,true
78418,ee:rural_municipality:rapla,served_by,true
78419,ee:rural_municipality:rapla,served_by,true
78420,ee:rural_municipality:rapla,served_by,true
78421,ee:rural_municipality:marjamaa,served_by,true
78422,ee:rural_municipality:marjamaa,served_by,true
78423,ee:rural_municipality:rapla,served_by,true
79001,ee:rural_municipality:kehtna,served_by,true
79002,ee:rural_municipality:kehtna,served_by,true
79003,ee:rural_municipality:kehtna,served_by,true
79004,ee:rural_municipality:kehtna,served_by,true
79005,ee:rural_municipality:kehtna,served_by,true
79006,ee:rural_municipality:kehtna,served_by,true
79008,ee:rural_municipality:kehtna,served_by,true
79009,ee:rural_municipality:kehtna,served_by,true
79010,ee:rural_municipality:rapla,served_by,true
79011,ee:rural_municipality:kehtna,served_by,true
79012,ee:rural_municipality:kehtna,served_by,true
79013,ee:rural_municipality:kehtna,served_by,true
79014,ee:rural_municipality:kehtna,served_by,true
79015,ee:rural_municipality:kehtna,served_by,true
79016,ee:rural_municipality:kehtna,served_by,true
79017,ee:rural_municipality:kehtna,served_by,true
79018,ee:rural_municipality:kehtna,served_by,true
79019,ee:rural_municipality:kehtna,served_by,true
79020,ee:rural_municipality:kehtna,served_by,true
79021,ee:rural_municipality:kehtna,served_by,true
79022,ee:rural_municipality:kehtna,served_by,true
79023,ee:rural_municipality:kehtna,served_by,true
79050,ee:rural_municipality:kehtna,served_by,true
79051,ee:rural_municipality:kehtna,served_by,true
79052,ee:rural_municipality:kehtna,served_by,true
79053,ee:rural_municipality:kehtna,served_by,true
79060,ee:rural_municipality:kehtna,served_by,true
79061,ee:rural_municipality:kehtna,served_by,true
79062,ee:rural_municipality:kehtna,served_by,true
79063,ee:rural_municipality:kehtna,served_by,true
79064,ee:rural_municipality:kehtna,served_by,true
79065,ee:rural_municipality:kehtna,served_by,true
79066,ee:rural_municipality:kehtna,served_by,true
79067,ee:rural_municipality:kehtna,served_by,true
79068,ee:rural_municipality:kehtna,served_by,true
79069,ee:rural_municipality:kehtna,served_by,true
79070,ee:rural_municipality:kehtna,served_by,true
79071,ee:rural_municipality:kehtna,served_by,true
79072,ee:rural_municipality:kehtna,served_by,true
79073,ee:rural_municipality:kehtna,served_by,true
79101,ee:rural_municipality:kehtna,served_by,true
79110,ee:rural_municipality:kehtna,served_by,true
79111,ee:rural_municipality:kehtna,served_by,true
79112,ee:rural_municipality:kehtna,served_by,true
79201,ee:rural_municipality:turi,served_by,true
79211,ee:rural_municipality:turi,served_by,true
79212,ee:rural_municipality:turi,served_by,true
79213,ee:rural_municipality:turi,served_by,true
79214,ee:rural_municipality:turi,served_by,true
79215,ee:rural_municipality:turi,served_by,true
79216,ee:rural_municipality:turi,served_by,true
79217,ee:rural_municipality:turi,served_by,true
79218,ee:rural_municipality:turi,served_by,true
79221,ee:rural_municipality:turi,served_by,true
79301,ee:rural_municipality:rapla,served_by,true
79302,ee:rural_municipality:rapla,served_by,true
79303,ee:rural_municipality:rapla,served_by,true
79312,ee:rural_municipality:rapla,served_by,true
79313,ee:rural_municipality:rapla,served_by,true
79314,ee:rural_municipality:rapla,served_by,true
79320,ee:rural_municipality:rapla,served_by,true
79321,ee:rural_municipality:rapla,served_by,true
79322,ee:rural_municipality:rapla,served_by,true
79323,ee:rural_municipality:rapla,served_by,true
79324,ee:rural_municipality:rapla,served_by,true
79325,ee:rural_municipality:rapla,served_by,true
79333,ee:rural_municipality:rapla,served_by,true
79401,ee:rural_municipality:rapla,served_by,true
79403,ee:rural_municipality:rapla,served_by,true
79404,ee:rural_municipality:rapla,served_by,true
79405,ee:rural_municipality:rapla,served_by,true
79406,ee:rural_municipality:rapla,served_by,true
79407,ee:rural_municipality:rapla,served_by,true
79408,ee:rural_municipality:rapla,served_by,true
79409,ee:rural_municipality:rapla,served_by,true
79410,ee:rural_municipality:rapla,served_by,true
79411,ee:rural_municipality:rapla,served_by,true
79412,ee:rural_municipality:rapla,served_by,true
79413,ee:rural_municipality:rapla,served_by,true
79415,ee:rural_municipality:rapla,served_by,true
79417,ee:rural_municipality:rapla,served_by,true
79418,ee:rural_municipality:rapla,served_by,true
79419,ee:rural_municipality:rapla,served_by,true
79511,ee:rural_municipality:rapla,served_by,true
79512,ee:rural_municipality:rapla,served_by,true
79513,ee:rural_municipality:rapla,served_by,true
79514,ee:rural_municipality:rapla,served_by,true
79515,ee:rural_municipality:rapla,served_by,true
79516,ee:rural_municipality:rapla,served_by,true
79517,ee:rural_municipality:rapla,served_by,true
79518,ee:rural_municipality:rapla,served_by,true
79519,ee:rural_municipality:rapla,served_by,true
79520,ee:rural_municipality:kehtna,served_by,true
79521,ee:rural_municipality:kehtna,served_by,true
79522,ee:rural_municipality:kehtna,served_by,true
79523,ee:rural_municipality:kehtna,served_by,true
79524,ee:rural_municipality:kehtna,served_by,true
79525,ee:rural_municipality:kehtna,served_by,true
79526,ee:rural_municipality:kehtna,served_by,true
79527,ee:rural_municipality:kehtna,served_by,true
79528,ee:rural_municipality:rapla,served_by,true
79529,ee:rural_municipality:rapla,served_by,true
79530,ee:rural_municipality:rapla,served_by,true
79531,ee:rural_municipality:rapla,served_by,true
79532,ee:rural_municipality:rapla,served_by,true
79540,ee:rural_municipality:rapla,served_by,true
79541,ee:rural_municipality:rapla,served_by,true
79542,ee:rural_municipality:rapla,served_by,true
79543,ee:rural_municipality:rapla,served_by,true
79544,ee:rural_municipality:rapla,served_by,true
79601,ee:rural_municipality:rapla,served_by,true
79602,ee:rural_municipality:rapla,served_by,true
79603,ee:rural_municipality:rapla,served_by,true
79604,ee:rural_municipality:rapla,served_by,true
79605,ee:rural_municipality:rapla,served_by,true
79606,ee:rural_municipality:rapla,served_by,true
79607,ee:rural_municipality:rapla,served_by,true
79608,ee:rural_municipality:rapla,served_by,true
79610,ee:rural_municipality:kohila,served_by,true
79611,ee:rural_municipality:rapla,served_by,true
79613,ee:rural_municipality:rapla,served_by,true
79614,ee:rural_municipality:rapla,served_by,true
79615,ee:rural_municipality:rapla,served_by,true
79616,ee:rural_municipality:rapla,served_by,true
79617,ee:rural_municipality:rapla,served_by,true
79618,ee:rural_municipality:rapla,served_by,true
79619,ee:rural_municipality:rapla,served_by,true
79620,ee:rural_municipality:rapla,served_by,true
79621,ee:rural_municipality:rapla,served_by,true
79622,ee:rural_municipality:rapla,served_by,true
79623,ee:rural_municipality:rapla,served_by,true
79630,ee:rural_municipality:rapla,served_by,true
79631,ee:rural_municipality:rapla,served_by,true
79632,ee:rural_municipality:rapla,served_by,true
79633,ee:rural_municipality:rapla,served_by,true
79634,ee:rural_municipality:rapla,served_by,true
79640,ee:rural_municipality:rapla,served_by,true
79641,ee:rural_municipality:rapla,served_by,true
79642,ee:rural_municipality:rapla,served_by,true
79643,ee:rural_municipality:rapla,served_by,true
79644,ee:rural_municipality:rapla,served_by,true
79654,ee:rural_municipality:rapla,served_by,true
79661,ee:rural_municipality:rapla,served_by,true
79701,ee:rural_municipality:kohila,served_by,true
79702,ee:rural_municipality:kohila,served_by,true
79703,ee:rural_municipality:kohila,served_by,true
79704,ee:rural_municipality:kohila,served_by,true
79705,ee:rural_municipality:kohila,served_by,true
79706,ee:rural_municipality:kohila,served_by,true
79708,ee:rural_municipality:kohila,served_by,true
79709,ee:rural_municipality:kohila,served_by,true
79710,ee:rural_municipality:kohila,served_by,true
79713,ee:rural_municipality:kohila,served_by,true
79715,ee:rural_municipality:kohila,served_by,true
79716,ee:rural_municipality:kohila,served_by,true
79717,ee:rural_municipality:kohila,served_by,true
79726,ee:rural_municipality:kohila,served_by,true
79727,ee:rural_municipality:kohila,served_by,true
79729,ee:rural_municipality:kohila,served_by,true
79730,ee:rural_municipality:kohila,served_by,true
79731,ee:rural_municipality:kohila,served_by,true
79732,ee:rural_municipality:kohila,served_by,true
79734,ee:rural_municipality:kohila,served_by,true
79739,ee:rural_municipality:kohila,served_by,true
79741,ee:rural_municipality:kohila,served_by,true
79742,ee:rural_municipality:kohila,served_by,true
79743,ee:rural_municipality:kohila,served_by,true
79744,ee:rural_municipality:kohila,served_by,true
79745,ee:rural_municipality:kohila,served_by,true
79748,ee:rural_municipality:kohila,served_by,true
79801,ee:rural_municipality:kohila,served_by,true
79804,ee:rural_municipality:kohila,served_by,true
79805,ee:rural_municipality:kohila,served_by,true
79806,ee:rural_municipality:kohila,served_by,true
79807,ee:rural_municipality:kohila,served_by,true
79808,ee:rural_municipality:kohila,served_by,true
79810,ee:rural_municipality:kohila,served_by,true
79811,ee:rural_municipality:kohila,served_by,true
79812,ee:rural_municipality:kohila,served_by,true
79813,ee:rural_municipality:kohila,served_by,true
79814,ee:rural_municipality:kohila,served_by,true
79815,ee:rural_municipality:kohila,served_by,true
79818,ee:rural_municipality:kohila,served_by,true
79819,ee:rural_municipality:kohila,served_by,true
79820,ee:rural_municipality:kohila,served_by,true
79825,ee:rural_municipality:kohila,served_by,true
79830,ee:rural_municipality:kohila,served_by,true
79831,ee:rural_municipality:kohila,served_by,true
79836,ee:rural_municipality:marjamaa,served_by,true
79837,ee:rural_municipality:marjamaa,served_by,true
79841,ee:rural_municipality:kohila,served_by,true
79842,ee:rural_municipality:kohila,served_by,true
79843,ee:rural_municipality:kohila,served_by,true
79846,ee:rural_municipality:kohila,served_by,true
79847,ee:rural_municipality:kohila,served_by,true
79848,ee:rural_municipality:kohila,served_by,true
79849,ee:rural_municipality:kohila,served_by,true
79850,ee:rural_municipality:kohila,served_by,true
79851,ee:rural_municipality:kohila,served_by,true
79852,ee:rural_municipality:kohila,served_by,true
80010,ee:urban_municipality:parnu,served_by,true
80011,ee:urban_municipality:parnu,served_by,true
80012,ee:urban_municipality:parnu,served_by,true
80013,ee:urban_municipality:parnu,served_by,true
80014,ee:urban_municipality:parnu,served_by,true
80015,ee:urban_municipality:parnu,served_by,true
80016,ee:urban_municipality:parnu,served_by,true
80017,ee:urban_municipality:parnu,served_by,true
80018,ee:urban_municipality:parnu,served_by,true
80019,ee:urban_municipality:parnu,served_by,true
80020,ee:urban_municipality:parnu,served_by,true
80021,ee:urban_municipality:parnu,served_by,true
80022,ee:urban_municipality:parnu,served_by,true
80023,ee:urban_municipality:parnu,served_by,true
80024,ee:urban_municipality:parnu,served_by,true
80025,ee:urban_municipality:parnu,served_by,true
80026,ee:urban_municipality:parnu,served_by,true
80027,ee:urban_municipality:parnu,served_by,true
80028,ee:urban_municipality:parnu,served_by,true
80029,ee:urban_municipality:parnu,served_by,true
80030,ee:urban_municipality:parnu,served_by,true
80031,ee:urban_municipality:parnu,served_by,true
80032,ee:urban_municipality:parnu,served_by,true
80033,ee:urban_municipality:parnu,served_by,true
80034,ee:urban_municipality:parnu,served_by,true
80035,ee:urban_municipality:parnu,served_by,true
80036,ee:urban_municipality:parnu,served_by,true
80037,ee:urban_municipality:parnu,served_by,true
80038,ee:urban_municipality:parnu,served_by,true
80039,ee:urban_municipality:parnu,served_by,true
80040,ee:urban_municipality:parnu,served_by,true
80041,ee:urban_municipality:parnu,served_by,true
80042,ee:urban_municipality:parnu,served_by,true
80043,ee:urban_municipality:parnu,served_by,true
80044,ee:urban_municipality:parnu,served_by,true
80045,ee:urban_municipality:parnu,served_by,true
80047,ee:urban_municipality:parnu,served_by,true
80098,ee:urban_municipality:parnu,served_by,true
85001,ee:rural_municipality:tori,served_by,true
85002,ee:rural_municipality:tori,served_by,true
85003,ee:rural_municipality:tori,served_by,true
85004,ee:rural_municipality:tori,served_by,true
85005,ee:rural_municipality:tori,served_by,true
85006,ee:rural_municipality:tori,served_by,true
85007,ee:rural_municipality:tori,served_by,true
85008,ee:rural_municipality:tori,served_by,true
85009,ee:urban_municipality:parnu,served_by,true
85009,ee:rural_municipality:tori,served_by,false
85010,ee:rural_municipality:tori,served_by,true
85011,ee:rural_municipality:tori,served_by,true
86001,ee:rural_municipality:haademeeste,served_by,true
86002,ee:rural_municipality:haademeeste,served_by,true
86003,ee:rural_municipality:haademeeste,served_by,true
86004,ee:rural_municipality:haademeeste,served_by,true
86005,ee:rural_municipality:haademeeste,served_by,true
86006,ee:rural_municipality:haademeeste,served_by,true
86007,ee:rural_municipality:haademeeste,served_by,true
86008,ee:rural_municipality:haademeeste,served_by,true
86009,ee:rural_municipality:haademeeste,served_by,true
86010,ee:rural_municipality:haademeeste,served_by,true
86011,ee:rural_municipality:haademeeste,served_by,true
86012,ee:rural_municipality:haademeeste,served_by,true
86013,ee:rural_municipality:haademeeste,served_by,true
86014,ee:rural_municipality:haademeeste,served_by,true
86015,ee:rural_municipality:haademeeste,served_by,true
86016,ee:rural_municipality:haademeeste,served_by,true
86017,ee:rural_municipality:haademeeste,served_by,true
86018,ee:rural_municipality:haademeeste,served_by,true
86019,ee:rural_municipality:haademeeste,served_by,true
86020,ee:rural_municipality:haademeeste,served_by,true
86021,ee:rural_municipality:haademeeste,served_by,true
86101,ee:rural_municipality:saarde,served_by,true
86102,ee:rural_municipality:saarde,served_by,true
86103,ee:rural_municipality:saarde,served_by,true
86104,ee:rural_municipality:saarde,served_by,true
86105,ee:rural_municipality:saarde,served_by,true
86106,ee:rural_municipality:saarde,served_by,true
86107,ee:rural_municipality:saarde,served_by,true
86108,ee:rural_municipality:saarde,served_by,true
86109,ee:rural_municipality:saarde,served_by,true
86201,ee:rural_municipality:saarde,served_by,true
86202,ee:rural_municipality:saarde,served_by,true
86203,ee:rural_municipality:saarde,served_by,true
86204,ee:rural_municipality:saarde,served_by,true
86205,ee:rural_municipality:saarde,served_by,true
86206,ee:rural_municipality:saarde,served_by,true
86207,ee:rural_municipality:saarde,served_by,true
86208,ee:rural_municipality:saarde,served_by,true
86209,ee:rural_municipality:saarde,served_by,true
86210,ee:rural_municipality:saarde,served_by,true
86211,ee:rural_municipality:saarde,served_by,true
86212,ee:rural_municipality:saarde,served_by,true
86213,ee:rural_municipality:saarde,served_by,true
86214,ee:rural_municipality:saarde,served_by,true
86215,ee:rural_municipality:saarde,served_by,true
86216,ee:rural_municipality:saarde,served_by,true
86301,ee:rural_municipality:saarde,served_by,true
86303,ee:rural_municipality:saarde,served_by,true
86304,ee:rural_municipality:saarde,served_by,true
86305,ee:rural_municipality:saarde,served_by,true
86306,ee:rural_municipality:saarde,served_by,true
86401,ee:rural_municipality:saarde,served_by,true
86402,ee:rural_municipality:saarde,served_by,true
86403,ee:rural_municipality:saarde,served_by,true
86404,ee:rural_municipality:saarde,served_by,true
86405,ee:rural_municipality:saarde,served_by,true
86406,ee:rural_municipality:saarde,served_by,true
86407,ee:rural_municipality:saarde,served_by,true
86408,ee:rural_municipality:saarde,served_by,true
86409,ee:rural_municipality:saarde,served_by,true
86410,ee:rural_municipality:saarde,served_by,true
86411,ee:rural_municipality:saarde,served_by,true
86501,ee:rural_municipality:haademeeste,served_by,true
86502,ee:rural_municipality:haademeeste,served_by,true
86503,ee:rural_municipality:haademeeste,served_by,true
86504,ee:rural_municipality:haademeeste,served_by,true
86505,ee:rural_municipality:haademeeste,served_by,true
86506,ee:rural_municipality:haademeeste,served_by,true
86507,ee:rural_municipality:haademeeste,served_by,true
86508,ee:rural_municipality:haademeeste,served_by,true
86509,ee:rural_municipality:haademeeste,served_by,true
86601,ee:urban_municipality:parnu,served_by,true
86602,ee:urban_municipality:parnu,served_by,true
86603,ee:urban_municipality:parnu,served_by,true
86604,ee:urban_municipality:parnu,served_by,true
86605,ee:urban_municipality:parnu,served_by,true
86606,ee:urban_municipality:parnu,served_by,true
86703,ee:rural_municipality:tori,served_by,true
86704,ee:rural_municipality:tori,served_by,true
86705,ee:rural_municipality:tori,served_by,true
86801,ee:rural_municipality:tori,served_by,true
86802,ee:rural_municipality:tori,served_by,true
86803,ee:rural_municipality:tori,served_by,true
86804,ee:rural_municipality:tori,served_by,true
86805,ee:rural_municipality:tori,served_by,true
86806,ee:rural_municipality:tori,served_by,true
86807,ee:rural_municipality:tori,served_by,true
86808,ee:rural_municipality:tori,served_by,true
86809,ee:rural_municipality:tori,served_by,true
86810,ee:rural_municipality:tori,served_by,true
86811,ee:rural_municipality:tori,served_by,true
86812,ee:rural_municipality:tori,served_by,true
86813,ee:rural_municipality:tori,served_by,true
86814,ee:rural_municipality:tori,served_by,true
86815,ee:rural_municipality:tori,served_by,true
86816,ee:rural_municipality:tori,served_by,true
86817,ee:rural_municipality:tori,served_by,true
86818,ee:rural_municipality:tori,served_by,true
86819,ee:rural_municipality:tori,served_by,true
86820,ee:rural_municipality:tori,served_by,true
86821,ee:rural_municipality:tori,served_by,true
87001,ee:urban_municipality:parnu,served_by,true
87101,ee:rural_municipality:pohja-parnumaa,served_by,true
87201,ee:rural_municipality:pohja-parnumaa,served_by,true
87202,ee:rural_municipality:pohja-parnumaa,served_by,true
87203,ee:rural_municipality:pohja-parnumaa,served_by,true
87204,ee:rural_municipality:pohja-parnumaa,served_by,true
87205,ee:rural_municipality:pohja-parnumaa,served_by,true
87206,ee:rural_municipality:pohja-parnumaa,served_by,true
87207,ee:rural_municipality:pohja-parnumaa,served_by,true
87208,ee:rural_municipality:pohja-parnumaa,served_by,true
87209,ee:rural_municipality:pohja-parnumaa,served_by,true
87210,ee:rural_municipality:pohja-parnumaa,served_by,true
87211,ee:rural_municipality:pohja-parnumaa,served_by,true
87212,ee:rural_municipality:pohja-parnumaa,served_by,true
87213,ee:rural_municipality:pohja-parnumaa,served_by,true
87214,ee:rural_municipality:pohja-parnumaa,served_by,true
87215,ee:rural_municipality:pohja-parnumaa,served_by,true
87216,ee:rural_municipality:pohja-parnumaa,served_by,true
87217,ee:rural_municipality:pohja-parnumaa,served_by,true
87218,ee:rural_municipality:pohja-parnumaa,served_by,true
87219,ee:rural_municipality:pohja-parnumaa,served_by,true
87220,ee:rural_municipality:pohja-parnumaa,served_by,true
87221,ee:rural_municipality:pohja-parnumaa,served_by,true
87222,ee:rural_municipality:pohja-parnumaa,served_by,true
87223,ee:rural_municipality:pohja-parnumaa,served_by,true
87224,ee:rural_municipality:pohja-parnumaa,served_by,true
87225,ee:rural_municipality:pohja-parnumaa,served_by,true
87226,ee:rural_municipality:pohja-parnumaa,served_by,true
87227,ee:rural_municipality:pohja-parnumaa,served_by,true
87228,ee:rural_municipality:pohja-parnumaa,served_by,true
87229,ee:rural_municipality:pohja-parnumaa,served_by,true
87230,ee:rural_municipality:pohja-parnumaa,served_by,true
87231,ee:rural_municipality:pohja-parnumaa,served_by,true
87232,ee:rural_municipality:pohja-parnumaa,served_by,true
87233,ee:rural_municipality:pohja-parnumaa,served_by,true
87234,ee:rural_municipality:pohja-parnumaa,served_by,true
87235,ee:rural_municipality:pohja-parnumaa,served_by,true
87236,ee:rural_municipality:pohja-parnumaa,served_by,true
87237,ee:rural_municipality:pohja-parnumaa,served_by,true
87238,ee:rural_municipality:pohja-parnumaa,served_by,true
87239,ee:rural_municipality:pohja-parnumaa,served_by,true
87240,ee:rural_municipality:pohja-parnumaa,served_by,true
87241,ee:rural_municipality:pohja-parnumaa,served_by,true
87242,ee:rural_municipality:pohja-parnumaa,served_by,true
87243,ee:rural_municipality:pohja-parnumaa,served_by,true
87301,ee:rural_municipality:tori,served_by,true
87302,ee:rural_municipality:tori,served_by,true
87303,ee:rural_municipality:tori,served_by,true
87304,ee:rural_municipality:tori,served_by,true
87305,ee:rural_municipality:tori,served_by,true
87306,ee:rural_municipality:tori,served_by,true
87307,ee:rural_municipality:tori,served_by,true
87308,ee:rural_municipality:tori,served_by,true
87309,ee:rural_municipality:tori,served_by,true
87310,ee:rural_municipality:tori,served_by,true
87311,ee:rural_municipality:tori,served_by,true
87312,ee:rural_municipality:tori,served_by,true
87401,ee:rural_municipality:pohja-parnumaa,served_by,true
87402,ee:rural_municipality:pohja-parnumaa,served_by,true
87403,ee:rural_municipality:pohja-parnumaa,served_by,true
87404,ee:rural_municipality:pohja-parnumaa,served_by,true
87405,ee:rural_municipality:pohja-parnumaa,served_by,true
87406,ee:rural_municipality:pohja-parnumaa,served_by,true
87407,ee:rural_municipality:pohja-parnumaa,served_by,true
87501,ee:rural_municipality:pohja-parnumaa,served_by,true
87601,ee:rural_municipality:pohja-parnumaa,served_by,true
87602,ee:rural_municipality:pohja-parnumaa,served_by,true
87603,ee:rural_municipality:pohja-parnumaa,served_by,true
87604,ee:rural_municipality:pohja-parnumaa,served_by,true
87605,ee:rural_municipality:pohja-parnumaa,served_by,true
87606,ee:rural_municipality:pohja-parnumaa,served_by,true
87607,ee:rural_municipality:pohja-parnumaa,served_by,true
87608,ee:rural_municipality:pohja-parnumaa,served_by,true
87609,ee:rural_municipality:pohja-parnumaa,served_by,true
87610,ee:rural_municipality:pohja-parnumaa,served_by,true
87611,ee:rural_municipality:pohja-parnumaa,served_by,true
87612,ee:rural_municipality:pohja-parnumaa,served_by,true
87613,ee:rural_municipality:pohja-parnumaa,served_by,true
87614,ee:rural_municipality:pohja-parnumaa,served_by,true
87615,ee:rural_municipality:pohja-parnumaa,served_by,true
87616,ee:rural_municipality:pohja-parnumaa,served_by,true
87617,ee:rural_municipality:pohja-parnumaa,served_by,true
87618,ee:rural_municipality:pohja-parnumaa,served_by,true
87619,ee:rural_municipality:pohja-parnumaa,served_by,true
87620,ee:rural_municipality:pohja-parnumaa,served_by,true
87621,ee:rural_municipality:pohja-parnumaa,served_by,true
87622,ee:rural_municipality:pohja-parnumaa,served_by,true
87623,ee:rural_municipality:pohja-parnumaa,served_by,true
87624,ee:rural_municipality:pohja-parnumaa,served_by,true
87625,ee:rural_municipality:pohja-parnumaa,served_by,true
87626,ee:rural_municipality:pohja-parnumaa,served_by,true
87627,ee:rural_municipality:pohja-parnumaa,served_by,true
87628,ee:rural_municipality:pohja-parnumaa,served_by,true
87629,ee:rural_municipality:pohja-parnumaa,served_by,true
87630,ee:rural_municipality:pohja-parnumaa,served_by,true
87631,ee:rural_municipality:pohja-parnumaa,served_by,true
87632,ee:rural_municipality:pohja-parnumaa,served_by,true
87633,ee:rural_municipality:pohja-parnumaa,served_by,true
87634,ee:rural_municipality:pohja-parnumaa,served_by,true
87635,ee:rural_municipality:pohja-parnumaa,served_by,true
87636,ee:rural_municipality:pohja-parnumaa,served_by,true
87701,ee:rural_municipality:pohja-parnumaa,served_by,true
88002,ee:rural_municipality:kihnu,served_by,true
88003,ee:rural_municipality:kihnu,served_by,true
88004,ee:rural_municipality:kihnu,served_by,true
88005,ee:rural_municipality:kihnu,served_by,true
88101,ee:urban_municipality:parnu,served_by,true
88102,ee:urban_municipality:parnu,served_by,true
88103,ee:urban_municipality:parnu,served_by,true
88104,ee:urban_municipality:parnu,served_by,true
88105,ee:urban_municipality:parnu,served_by,true
88106,ee:urban_municipality:parnu,served_by,true
88107,ee:urban_municipality:parnu,served_by,true
88108,ee:urban_municipality:parnu,served_by,true
88109,ee:urban_municipality:parnu,served_by,true
88110,ee:urban_municipality:parnu,served_by,true
88111,ee:urban_municipality:parnu,served_by,true
88112,ee:urban_municipality:parnu,served_by,true
88113,ee:urban_municipality:parnu,served_by,true
88114,ee:urban_municipality:parnu,served_by,true
88115,ee:urban_municipality:parnu,served_by,true
88116,ee:urban_municipality:parnu,served_by,true
88117,ee:urban_municipality:parnu,served_by,true
88118,ee:urban_municipality:parnu,served_by,true
88119,ee:urban_municipality:parnu,served_by,true
88120,ee:urban_municipality:parnu,served_by,true
88201,ee:rural_municipality:laaneranna,served_by,true
88202,ee:rural_municipality:laaneranna,served_by,true
88203,ee:rural_municipality:laaneranna,served_by,true
88204,ee:rural_municipality:laaneranna,served_by,true
88205,ee:rural_municipality:laaneranna,served_by,true
88206,ee:rural_municipality:laaneranna,served_by,true
88207,ee:rural_municipality:laaneranna,served_by,true
88208,ee:rural_municipality:laaneranna,served_by,true
88209,ee:rural_municipality:laaneranna,served_by,true
88210,ee:rural_municipality:laaneranna,served_by,true
88211,ee:rural_municipality:laaneranna,served_by,true
88212,ee:rural_municipality:laaneranna,served_by,true
88213,ee:rural_municipality:laaneranna,served_by,true
88214,ee:rural_municipality:laaneranna,served_by,true
88215,ee:rural_municipality:laaneranna,served_by,true
88216,ee:rural_municipality:laaneranna,served_by,true
88217,ee:rural_municipality:laaneranna,served_by,true
88218,ee:rural_municipality:laaneranna,served_by,true
88219,ee:rural_municipality:laaneranna,served_by,true
88220,ee:rural_municipality:laaneranna,served_by,true
88221,ee:rural_municipality:laaneranna,served_by,true
88222,ee:rural_municipality:laaneranna,served_by,true
88223,ee:rural_municipality:laaneranna,served_by,true
88224,ee:rural_municipality:laaneranna,served_by,true
88225,ee:rural_municipality:laaneranna,served_by,true
88226,ee:rural_municipality:laaneranna,served_by,true
88227,ee:rural_municipality:laaneranna,served_by,true
88228,ee:rural_municipality:laaneranna,served_by,true
88229,ee:rural_municipality:laaneranna,served_by,true
88230,ee:rural_municipality:laaneranna,served_by,true
88231,ee:rural_municipality:laaneranna,served_by,true
88232,ee:rural_municipality:laaneranna,served_by,true
88233,ee:rural_municipality:laaneranna,served_by,true
88234,ee:rural_municipality:laaneranna,served_by,true
88235,ee:rural_municipality:laaneranna,served_by,true
88236,ee:rural_municipality:laaneranna,served_by,true
88237,ee:rural_municipality:laaneranna,served_by,true
88238,ee:rural_municipality:laaneranna,served_by,true
88239,ee:rural_municipality:laaneranna,served_by,true
88240,ee:rural_municipality:laaneranna,served_by,true
88301,ee:urban_municipality:parnu,served_by,true
88302,ee:urban_municipality:parnu,served_by,true
88303,ee:urban_municipality:parnu,served_by,true
88304,ee:urban_municipality:parnu,served_by,true
88305,ee:urban_municipality:parnu,served_by,true
88306,ee:urban_municipality:parnu,served_by,true
88307,ee:urban_municipality:parnu,served_by,true
88308,ee:urban_municipality:parnu,served_by,true
88309,ee:urban_municipality:parnu,served_by,true
88310,ee:urban_municipality:parnu,served_by,true
88311,ee:urban_municipality:parnu,served_by,true
88312,ee:urban_municipality:parnu,served_by,true
88313,ee:urban_municipality:parnu,served_by,true
88314,ee:urban_municipality:parnu,served_by,true
88315,ee:urban_municipality:parnu,served_by,true
88316,ee:urban_municipality:parnu,served_by,true
88317,ee:urban_municipality:parnu,served_by,true
88318,ee:urban_municipality:parnu,served_by,true
88319,ee:urban_municipality:parnu,served_by,true
88320,ee:urban_municipality:parnu,served_by,true
88321,ee:urban_municipality:parnu,served_by,true
88322,ee:urban_municipality:parnu,served_by,true
88323,ee:urban_municipality:parnu,served_by,true
88324,ee:urban_municipality:parnu,served_by,true
88325,ee:urban_municipality:parnu,served_by,true
88326,ee:urban_municipality:parnu,served_by,true
88401,ee:rural_municipality:laaneranna,served_by,true
88402,ee:rural_municipality:laaneranna,served_by,true
88403,ee:rural_municipality:laaneranna,served_by,true
88404,ee:rural_municipality:laaneranna,served_by,true
88405,ee:rural_municipality:laaneranna,served_by,true
88406,ee:rural_municipality:laaneranna,served_by,true
88407,ee:rural_municipality:laaneranna,served_by,true
88408,ee:rural_municipality:laaneranna,served_by,true
88409,ee:rural_municipality:laaneranna,served_by,true
88410,ee:rural_municipality:laaneranna,served_by,true
88411,ee:rural_municipality:laaneranna,served_by,true
88412,ee:rural_municipality:laaneranna,served_by,true
88413,ee:rural_municipality:laaneranna,served_by,true
88414,ee:rural_municipality:laaneranna,served_by,true
88415,ee:rural_municipality:laaneranna,served_by,true
88416,ee:rural_municipality:laaneranna,served_by,true
88417,ee:rural_municipality:laaneranna,served_by,true
88418,ee:rural_municipality:laaneranna,served_by,true
88419,ee:rural_municipality:laaneranna,served_by,true
88420,ee:rural_municipality:laaneranna,served_by,true
88421,ee:rural_municipality:laaneranna,served_by,true
88422,ee:rural_municipality:laaneranna,served_by,true
88423,ee:rural_municipality:laaneranna,served_by,true
88424,ee:rural_municipality:laaneranna,served_by,true
88425,ee:rural_municipality:laaneranna,served_by,true
88426,ee:rural_municipality:laaneranna,served_by,true
88427,ee:rural_municipality:laaneranna,served_by,true
88428,ee:rural_municipality:laaneranna,served_by,true
88429,ee:rural_municipality:laaneranna,served_by,true
88430,ee:rural_municipality:laaneranna,served_by,true
88431,ee:rural_municipality:laaneranna,served_by,true
88432,ee:rural_municipality:laaneranna,served_by,true
88433,ee:rural_municipality:laaneranna,served_by,true
88434,ee:rural_municipality:laaneranna,served_by,true
88435,ee:rural_municipality:laaneranna,served_by,true
88436,ee:rural_municipality:laaneranna,served_by,true
88437,ee:rural_municipality:laaneranna,served_by,true
88438,ee:rural_municipality:laaneranna,served_by,true
88439,ee:rural_municipality:laaneranna,served_by,true
88440,ee:rural_municipality:laaneranna,served_by,true
88441,ee:rural_municipality:laaneranna,served_by,true
88442,ee:rural_municipality:laaneranna,served_by,true
90101,ee:rural_municipality:laaneranna,served_by,true
90102,ee:rural_municipality:laaneranna,served_by,true
90103,ee:rural_municipality:laaneranna,served_by,true
90104,ee:rural_municipality:laaneranna,served_by,true
90105,ee:rural_municipality:laaneranna,served_by,true
90106,ee:rural_municipality:laaneranna,served_by,true
90107,ee:rural_municipality:laaneranna,served_by,true
90108,ee:rural_municipality:laaneranna,served_by,true
90109,ee:rural_municipality:laaneranna,served_by,true
90110,ee:rural_municipality:laaneranna,served_by,true
90111,ee:rural_municipality:laaneranna,served_by,true
90112,ee:rural_municipality:laaneranna,served_by,true
90113,ee:rural_municipality:laaneranna,served_by,true
90114,ee:rural_municipality:laaneranna,served_by,true
90115,ee:rural_municipality:laaneranna,served_by,true
90116,ee:rural_municipality:laaneranna,served_by,true
90117,ee:rural_municipality:laaneranna,served_by,true
90118,ee:rural_municipality:laaneranna,served_by,true
90120,ee:rural_municipality:laaneranna,served_by,true
90121,ee:rural_municipality:laaneranna,served_by,true
90122,ee:rural_municipality:laaneranna,served_by,true
90123,ee:rural_municipality:laaneranna,served_by,true
90124,ee:rural_municipality:laaneranna,served_by,true
90125,ee:rural_municipality:laaneranna,served_by,true
90126,ee:rural_municipality:laaneranna,served_by,true
90127,ee:rural_municipality:laaneranna,served_by,true
90128,ee:rural_municipality:laaneranna,served_by,true
90130,ee:rural_municipality:laaneranna,served_by,true
90131,ee:rural_municipality:laaneranna,served_by,true
90132,ee:rural_municipality:laaneranna,served_by,true
90201,ee:rural_municipality:laaneranna,served_by,true
90202,ee:rural_municipality:laaneranna,served_by,true
90205,ee:rural_municipality:laaneranna,served_by,true
90206,ee:rural_municipality:laaneranna,served_by,true
90207,ee:rural_municipality:laaneranna,served_by,true
90208,ee:rural_municipality:laaneranna,served_by,true
90211,ee:rural_municipality:laaneranna,served_by,true
90212,ee:rural_municipality:laaneranna,served_by,true
90213,ee:rural_municipality:laaneranna,served_by,true
90214,ee:rural_municipality:laaneranna,served_by,true
90215,ee:rural_municipality:laaneranna,served_by,true
90219,ee:rural_municipality:laaneranna,served_by,true
90220,ee:rural_municipality:laaneranna,served_by,true
90221,ee:rural_municipality:laaneranna,served_by,true
90222,ee:rural_municipality:laaneranna,served_by,true
90223,ee:rural_municipality:laaneranna,served_by,true
90224,ee:rural_municipality:laaneranna,served_by,true
90225,ee:rural_municipality:laaneranna,served_by,true
90226,ee:rural_municipality:laaneranna,served_by,true
90227,ee:rural_municipality:laaneranna,served_by,true
90228,ee:rural_municipality:laaneranna,served_by,true
90230,ee:rural_municipality:laaneranna,served_by,true
90231,ee:rural_municipality:laaneranna,served_by,true
90232,ee:rural_municipality:laaneranna,served_by,true
90233,ee:rural_municipality:laaneranna,served_by,true
90234,ee:rural_municipality:laaneranna,served_by,true
90235,ee:rural_municipality:laaneranna,served_by,true
90236,ee:rural_municipality:laaneranna,served_by,true
90237,ee:rural_municipality:laaneranna,served_by,true
90238,ee:rural_municipality:laaneranna,served_by,true
90239,ee:rural_municipality:laaneranna,served_by,true
90240,ee:rural_municipality:laaneranna,served_by,true
90241,ee:rural_municipality:laaneranna,served_by,true
90242,ee:rural_municipality:laaneranna,served_by,true
90243,ee:rural_municipality:laaneranna,served_by,true
90244,ee:rural_municipality:laaneranna,served_by,true
90245,ee:rural_municipality:laaneranna,served_by,true
90246,ee:rural_municipality:laaneranna,served_by,true
90247,ee:rural_municipality:laaneranna,served_by,true
90248,ee:rural_municipality:laaneranna,served_by,true
90302,ee:rural_municipality:laaneranna,served_by,true
90303,ee:rural_municipality:laaneranna,served_by,true
90304,ee:rural_municipality:laaneranna,served_by,true
90305,ee:rural_municipality:laaneranna,served_by,true
90401,ee:urban_municipality:haapsalu,served_by,true
90402,ee:urban_municipality:haapsalu,served_by,true
90403,ee:urban_municipality:haapsalu,served_by,true
90404,ee:urban_municipality:haapsalu,served_by,true
90405,ee:urban_municipality:haapsalu,served_by,true
90406,ee:urban_municipality:haapsalu,served_by,true
90407,ee:urban_municipality:haapsalu,served_by,true
90408,ee:urban_municipality:haapsalu,served_by,true
90409,ee:urban_municipality:haapsalu,served_by,true
90410,ee:urban_municipality:haapsalu,served_by,true
90411,ee:urban_municipality:haapsalu,served_by,true
90412,ee:urban_municipality:haapsalu,served_by,true
90413,ee:urban_municipality:haapsalu,served_by,true
90414,ee:urban_municipality:haapsalu,served_by,true
90415,ee:urban_municipality:haapsalu,served_by,true
90416,ee:urban_municipality:haapsalu,served_by,true
90417,ee:urban_municipality:haapsalu,served_by,true
90418,ee:urban_municipality:haapsalu,served_by,true
90419,ee:urban_municipality:haapsalu,served_by,true
90420,ee:urban_municipality:haapsalu,served_by,true
90421,ee:urban_municipality:haapsalu,served_by,true
90422,ee:urban_municipality:haapsalu,served_by,true
90423,ee:urban_municipality:haapsalu,served_by,true
90424,ee:urban_municipality:haapsalu,served_by,true
90425,ee:urban_municipality:haapsalu,served_by,true
90426,ee:urban_municipality:haapsalu,served_by,true
90427,ee:urban_municipality:haapsalu,served_by,true
90428,ee:urban_municipality:haapsalu,served_by,true
90430,ee:urban_municipality:haapsalu,served_by,true
90431,ee:urban_municipality:haapsalu,served_by,true
90432,ee:urban_municipality:haapsalu,served_by,true
90433,ee:urban_municipality:haapsalu,served_by,true
90434,ee:urban_municipality:haapsalu,served_by,true
90435,ee:urban_municipality:haapsalu,served_by,true
90436,ee:urban_municipality:haapsalu,served_by,true
90437,ee:urban_municipality:haapsalu,served_by,true
90438,ee:urban_municipality:haapsalu,served_by,true
90439,ee:urban_municipality:haapsalu,served_by,true
90440,ee:urban_municipality:haapsalu,served_by,true
90441,ee:urban_municipality:haapsalu,served_by,true
90442,ee:urban_municipality:haapsalu,served_by,true
90443,ee:urban_municipality:haapsalu,served_by,true
90444,ee:urban_municipality:haapsalu,served_by,true
90445,ee:urban_municipality:haapsalu,served_by,true
90446,ee:urban_municipality:haapsalu,served_by,true
90448,ee:urban_municipality:haapsalu,served_by,true
90450,ee:urban_municipality:haapsalu,served_by,true
90451,ee:urban_municipality:haapsalu,served_by,true
90452,ee:urban_municipality:haapsalu,served_by,true
90453,ee:urban_municipality:haapsalu,served_by,true
90454,ee:urban_municipality:haapsalu,served_by,true
90455,ee:urban_municipality:haapsalu,served_by,true
90456,ee:urban_municipality:haapsalu,served_by,true
90457,ee:urban_municipality:haapsalu,served_by,true
90458,ee:urban_municipality:haapsalu,served_by,true
90459,ee:urban_municipality:haapsalu,served_by,true
90460,ee:urban_municipality:haapsalu,served_by,true
90461,ee:urban_municipality:haapsalu,served_by,true
90463,ee:urban_municipality:haapsalu,served_by,true
90480,ee:urban_municipality:haapsalu,served_by,true
90481,ee:urban_municipality:haapsalu,served_by,true
90501,ee:urban_municipality:haapsalu,served_by,true
90502,ee:urban_municipality:haapsalu,served_by,true
90503,ee:urban_municipality:haapsalu,served_by,true
90504,ee:urban_municipality:haapsalu,served_by,true
90505,ee:urban_municipality:haapsalu,served_by,true
90506,ee:urban_municipality:haapsalu,served_by,true
90507,ee:urban_municipality:haapsalu,served_by,true
90508,ee:urban_municipality:haapsalu,served_by,true
90509,ee:urban_municipality:haapsalu,served_by,true
90510,ee:urban_municipality:haapsalu,served_by,true
90601,ee:rural_municipality:laane-nigula,served_by,true
90602,ee:rural_municipality:laane-nigula,served_by,true
90605,ee:rural_municipality:laane-nigula,served_by,true
90606,ee:rural_municipality:laane-nigula,served_by,true
90612,ee:rural_municipality:laane-nigula,served_by,true
90613,ee:rural_municipality:laane-nigula,served_by,true
90614,ee:rural_municipality:laane-nigula,served_by,true
90615,ee:rural_municipality:laane-nigula,served_by,true
90616,ee:rural_municipality:laane-nigula,served_by,true
90617,ee:rural_municipality:laane-nigula,served_by,true
90620,ee:rural_municipality:laane-nigula,served_by,true
90621,ee:rural_municipality:laane-nigula,served_by,true
90622,ee:rural_municipality:laane-nigula,served_by,true
90623,ee:rural_municipality:laane-nigula,served_by,true
90624,ee:rural_municipality:laane-nigula,served_by,true
90625,ee:rural_municipality:laane-nigula,served_by,true
90626,ee:rural_municipality:laane-nigula,served_by,true
90627,ee:rural_municipality:laane-nigula,served_by,true
90628,ee:rural_municipality:laane-nigula,served_by,true
90629,ee:rural_municipality:laane-nigula,served_by,true
90630,ee:rural_municipality:laane-nigula,served_by,true
90631,ee:rural_municipality:laane-nigula,served_by,true
90632,ee:rural_municipality:laane-nigula,served_by,true
90634,ee:rural_municipality:laane-nigula,served_by,true
90635,ee:rural_municipality:laane-nigula,served_by,true
90636,ee:rural_municipality:laane-nigula,served_by,true
90640,ee:rural_municipality:laane-nigula,served_by,true
90641,ee:rural_municipality:laane-nigula,served_by,true
90642,ee:rural_municipality:laane-nigula,served_by,true
90643,ee:rural_municipality:laane-nigula,served_by,true
90644,ee:rural_municipality:laane-nigula,served_by,true
90645,ee:rural_municipality:laane-nigula,served_by,true
90646,ee:rural_municipality:laane-nigula,served_by,true
90647,ee:rural_municipality:laane-nigula,served_by,true
90651,ee:rural_municipality:laane-nigula,served_by,true
90701,ee:rural_municipality:laane-nigula,served_by,true
90702,ee:rural_municipality:laane-nigula,served_by,true
90703,ee:rural_municipality:laane-nigula,served_by,true
90704,ee:rural_municipality:laane-nigula,served_by,true
90710,ee:rural_municipality:laane-nigula,served_by,true
90711,ee:rural_municipality:laane-nigula,served_by,true
90712,ee:rural_municipality:laane-nigula,served_by,true
90713,ee:rural_municipality:laane-nigula,served_by,true
90714,ee:rural_municipality:laane-nigula,served_by,true
90715,ee:rural_municipality:laane-nigula,served_by,true
90716,ee:rural_municipality:laane-nigula,served_by,true
90717,ee:rural_municipality:laane-nigula,served_by,true
90718,ee:rural_municipality:laane-nigula,served_by,true
90719,ee:rural_municipality:laane-nigula,served_by,true
90720,ee:rural_municipality:laane-nigula,served_by,true
90801,ee:rural_municipality:laane-nigula,served_by,true
90802,ee:rural_municipality:laane-nigula,served_by,true
90804,ee:rural_municipality:laane-nigula,served_by,true
90805,ee:rural_municipality:laane-nigula,served_by,true
90806,ee:rural_municipality:laane-nigula,served_by,true
90807,ee:rural_municipality:laane-nigula,served_by,true
90808,ee:rural_municipality:laane-nigula,served_by,true
90811,ee:rural_municipality:laane-nigula,served_by,true
90812,ee:rural_municipality:laane-nigula,served_by,true
90813,ee:rural_municipality:laane-nigula,served_by,true
90814,ee:rural_municipality:laane-nigula,served_by,true
90815,ee:rural_municipality:laane-nigula,served_by,true
90816,ee:rural_municipality:laane-nigula,served_by,true
90817,ee:rural_municipality:laane-nigula,served_by,true
90818,ee:rural_municipality:laane-nigula,served_by,true
90819,ee:rural_municipality:laane-nigula,served_by,true
90820,ee:rural_municipality:laane-nigula,served_by,true
90901,ee:rural_municipality:laane-nigula,served_by,true
90902,ee:rural_municipality:laane-nigula,served_by,true
90903,ee:rural_municipality:laane-nigula,served_by,true
90904,ee:rural_municipality:laane-nigula,served_by,true
90911,ee:rural_municipality:laane-nigula,served_by,true
91001,ee:rural_municipality:laane-nigula,served_by,true
91002,ee:rural_municipality:laane-nigula,served_by,true
91003,ee:rural_municipality:laane-nigula,served_by,true
91004,ee:rural_municipality:laane-nigula,served_by,true
91005,ee:rural_municipality:laane-nigula,served_by,true
91006,ee:rural_municipality:laane-nigula,served_by,true
91007,ee:rural_municipality:laane-nigula,served_by,true
91008,ee:rural_municipality:laane-nigula,served_by,true
91011,ee:rural_municipality:laane-nigula,served_by,true
91012,ee:rural_municipality:laane-nigula,served_by,true
91013,ee:rural_municipality:laane-nigula,served_by,true
91014,ee:rural_municipality:laane-nigula,served_by,true
91015,ee:rural_municipality:laane-nigula,served_by,true
91016,ee:rural_municipality:laane-nigula,served_by,true
91017,ee:rural_municipality:laane-nigula,served_by,true
91018,ee:rural_municipality:laane-nigula,served_by,true
91020,ee:rural_municipality:laane-nigula,served_by,true
91021,ee:rural_municipality:laane-nigula,served_by,true
91101,ee:rural_municipality:laane-nigula,served_by,true
91102,ee:rural_municipality:laane-nigula,served_by,true
91103,ee:rural_municipality:laane-nigula,served_by,true
91104,ee:rural_municipality:laane-nigula,served_by,true
91105,ee:rural_municipality:laane-nigula,served_by,true
91106,ee:rural_municipality:laane-nigula,served_by,true
91112,ee:rural_municipality:laane-nigula,served_by,true
91114,ee:rural_municipality:laane-nigula,served_by,true
91115,ee:rural_municipality:laane-nigula,served_by,true
91207,ee:rural_municipality:laane-nigula,served_by,true
91215,ee:rural_municipality:laane-nigula,served_by,true
91301,ee:rural_municipality:vormsi,served_by,true
91302,ee:rural_municipality:vormsi,served_by,true
91303,ee:rural_municipality:vormsi,served_by,true
91304,ee:rural_municipality:vormsi,served_by,true
91305,ee:rural_municipality:vormsi,served_by,true
91306,ee:rural_municipality:vormsi,served_by,true
91307,ee:rural_municipality:vormsi,served_by,true
91308,ee:rural_municipality:vormsi,served_by,true
91309,ee:rural_municipality:vormsi,served_by,true
91310,ee:rural_municipality:vormsi,served_by,true
91311,ee:rural_municipality:vormsi,served_by,true
91312,ee:rural_municipality:vormsi,served_by,true
91313,ee:rural_municipality:vormsi,served_by,true
91314,ee:rural_municipality:vormsi,served_by,true
92001,ee:rural_municipality:hiiumaa,served_by,true
92002,ee:rural_municipality:hiiumaa,served_by,true
92003,ee:rural_municipality:hiiumaa,served_by,true
92011,ee:rural_municipality:hiiumaa,served_by,true
92012,ee:rural_municipality:hiiumaa,served_by,true
92013,ee:rural_municipality:hiiumaa,served_by,true
92014,ee:rural_municipality:hiiumaa,served_by,true
92015,ee:rural_municipality:hiiumaa,served_by,true
92016,ee:rural_municipality:hiiumaa,served_by,true
92017,ee:rural_municipality:hiiumaa,served_by,true
92018,ee:rural_municipality:hiiumaa,served_by,true
92019,ee:rural_municipality:hiiumaa,served_by,true
92020,ee:rural_municipality:hiiumaa,served_by,true
92021,ee:rural_municipality:hiiumaa,served_by,true
92022,ee:rural_municipality:hiiumaa,served_by,true
92023,ee:rural_municipality:hiiumaa,served_by,true
92024,ee:rural_municipality:hiiumaa,served_by,true
92025,ee:rural_municipality:hiiumaa,served_by,true
92026,ee:rural_municipality:hiiumaa,served_by,true
92027,ee:rural_municipality:hiiumaa,served_by,true
92028,ee:rural_municipality:hiiumaa,served_by,true
92029,ee:rural_municipality:hiiumaa,served_by,true
92030,ee:rural_municipality:hiiumaa,served_by,true
92041,ee:rural_municipality:hiiumaa,served_by,true
92042,ee:rural_municipality:hiiumaa,served_by,true
92043,ee:rural_municipality:hiiumaa,served_by,true
92044,ee:rural_municipality:hiiumaa,served_by,true
92045,ee:rural_municipality:hiiumaa,served_by,true
92046,ee:rural_municipality:hiiumaa,served_by,true
92047,ee:rural_municipality:hiiumaa,served_by,true
92048,ee:rural_municipality:hiiumaa,served_by,true
92049,ee:rural_municipality:hiiumaa,served_by,true
92050,ee:rural_municipality:hiiumaa,served_by,true
92051,ee:rural_municipality:hiiumaa,served_by,true
92052,ee:rural_municipality:hiiumaa,served_by,true
92053,ee:rural_municipality:hiiumaa,served_by,true
92054,ee:rural_municipality:hiiumaa,served_by,true
92055,ee:rural_municipality:hiiumaa,served_by,true
92056,ee:rural_municipality:hiiumaa,served_by,true
92057,ee:rural_municipality:hiiumaa,served_by,true
92058,ee:rural_municipality:hiiumaa,served_by,true
92059,ee:rural_municipality:hiiumaa,served_by,true
92060,ee:rural_municipality:hiiumaa,served_by,true
92101,ee:rural_municipality:hiiumaa,served_by,true
92102,ee:rural_municipality:hiiumaa,served_by,true
92111,ee:rural_municipality:hiiumaa,served_by,true
92112,ee:rural_municipality:hiiumaa,served_by,true
92113,ee:rural_municipality:hiiumaa,served_by,true
92114,ee:rural_municipality:hiiumaa,served_by,true
92115,ee:rural_municipality:hiiumaa,served_by,true
92116,ee:rural_municipality:hiiumaa,served_by,true
92118,ee:rural_municipality:hiiumaa,served_by,true
92121,ee:rural_municipality:hiiumaa,served_by,true
92122,ee:rural_municipality:hiiumaa,served_by,true
92123,ee:rural_municipality:hiiumaa,served_by,true
92124,ee:rural_municipality:hiiumaa,served_by,true
92125,ee:rural_municipality:hiiumaa,served_by,true
92126,ee:rural_municipality:hiiumaa,served_by,true
92127,ee:rural_municipality:hiiumaa,served_by,true
92128,ee:rural_municipality:hiiumaa,served_by,true
92129,ee:rural_municipality:hiiumaa,served_by,true
92130,ee:rural_municipality:hiiumaa,served_by,true
92131,ee:rural_municipality:hiiumaa,served_by,true
92132,ee:rural_municipality:hiiumaa,served_by,true
92133,ee:rural_municipality:hiiumaa,served_by,true
92134,ee:rural_municipality:hiiumaa,served_by,true
92135,ee:rural_municipality:hiiumaa,served_by,true
92136,ee:rural_municipality:hiiumaa,served_by,true
92137,ee:rural_municipality:hiiumaa,served_by,true
92138,ee:rural_municipality:hiiumaa,served_by,true
92161,ee:rural_municipality:hiiumaa,served_by,true
92162,ee:rural_municipality:hiiumaa,served_by,true
92163,ee:rural_municipality:hiiumaa,served_by,true
92164,ee:rural_municipality:hiiumaa,served_by,true
92165,ee:rural_municipality:hiiumaa,served_by,true
92166,ee:rural_municipality:hiiumaa,served_by,true
92171,ee:rural_municipality:hiiumaa,served_by,true
92172,ee:rural_municipality:hiiumaa,served_by,true
92173,ee:rural_municipality:hiiumaa,served_by,true
92174,ee:rural_municipality:hiiumaa,served_by,true
92177,ee:rural_municipality:hiiumaa,served_by,true
92178,ee:rural_municipality:hiiumaa,served_by,true
92201,ee:rural_municipality:hiiumaa,served_by,true
92202,ee:rural_municipality:hiiumaa,served_by,true
92211,ee:rural_municipality:hiiumaa,served_by,true
92212,ee:rural_municipality:hiiumaa,served_by,true
92213,ee:rural_municipality:hiiumaa,served_by,true
92214,ee:rural_municipality:hiiumaa,served_by,true
92215,ee:rural_municipality:hiiumaa,served_by,true
92216,ee:rural_municipality:hiiumaa,served_by,true
92217,ee:rural_municipality:hiiumaa,served_by,true
92218,ee:rural_municipality:hiiumaa,served_by,true
92219,ee:rural_municipality:hiiumaa,served_by,true
92220,ee:rural_municipality:hiiumaa,served_by,true
92221,ee:rural_municipality:hiiumaa,served_by,true
92222,ee:rural_municipality:hiiumaa,served_by,true
92223,ee:rural_municipality:hiiumaa,served_by,true
92224,ee:rural_municipality:hiiumaa,served_by,true
92225,ee:rural_municipality:hiiumaa,served_by,true
92226,ee:rural_municipality:hiiumaa,served_by,true
92227,ee:rural_municipality:hiiumaa,served_by,true
92228,ee:rural_municipality:hiiumaa,served_by,true
92229,ee:rural_municipality:hiiumaa,served_by,true
92230,ee:rural_municipality:hiiumaa,served_by,true
92231,ee:rural_municipality:hiiumaa,served_by,true
92232,ee:rural_municipality:hiiumaa,served_by,true
92233,ee:rural_municipality:hiiumaa,served_by,true
92234,ee:rural_municipality:hiiumaa,served_by,true
92235,ee:rural_municipality:hiiumaa,served_by,true
92236,ee:rural_municipality:hiiumaa,served_by,true
92237,ee:rural_municipality:hiiumaa,served_by,true
92238,ee:rural_municipality:hiiumaa,served_by,true
92241,ee:rural_municipality:hiiumaa,served_by,true
92242,ee:rural_municipality:hiiumaa,served_by,true
92243,ee:rural_municipality:hiiumaa,served_by,true
92244,ee:rural_municipality:hiiumaa,served_by,true
92245,ee:rural_municipality:hiiumaa,served_by,true
92246,ee:rural_municipality:hiiumaa,served_by,true
92247,ee:rural_municipality:hiiumaa,served_by,true
92248,ee:rural_municipality:hiiumaa,served_by,true
92249,ee:rural_municipality:hiiumaa,served_by,true
92250,ee:rural_municipality:hiiumaa,served_by,true
92251,ee:rural_municipality:hiiumaa,served_by,true
92252,ee:rural_municipality:hiiumaa,served_by,true
92253,ee:rural_municipality:hiiumaa,served_by,true
92254,ee:rural_municipality:hiiumaa,served_by,true
92255,ee:rural_municipality:hiiumaa,served_by,true
92256,ee:rural_municipality:hiiumaa,served_by,true
92257,ee:rural_municipality:hiiumaa,served_by,true
92258,ee:rural_municipality:hiiumaa,served_by,true
92259,ee:rural_municipality:hiiumaa,served_by,true
92260,ee:rural_municipality:hiiumaa,served_by,true
92261,ee:rural_municipality:hiiumaa,served_by,true
92263,ee:rural_municipality:hiiumaa,served_by,true
92264,ee:rural_municipality:hiiumaa,served_by,true
92265,ee:rural_municipality:hiiumaa,served_by,true
92266,ee:rural_municipality:hiiumaa,served_by,true
92267,ee:rural_municipality:hiiumaa,served_by,true
92268,ee:rural_municipality:hiiumaa,served_by,true
92269,ee:rural_municipality:hiiumaa,served_by,true
92270,ee:rural_municipality:hiiumaa,served_by,true
92301,ee:rural_municipality:hiiumaa,served_by,true
92302,ee:rural_municipality:hiiumaa,served_by,true
92311,ee:rural_municipality:hiiumaa,served_by,true
92312,ee:rural_municipality:hiiumaa,served_by,true
92313,ee:rural_municipality:hiiumaa,served_by,true
92314,ee:rural_municipality:hiiumaa,served_by,true
92315,ee:rural_municipality:hiiumaa,served_by,true
92316,ee:rural_municipality:hiiumaa,served_by,true
92317,ee:rural_municipality:hiiumaa,served_by,true
92318,ee:rural_municipality:hiiumaa,served_by,true
92319,ee:rural_municipality:hiiumaa,served_by,true
92320,ee:rural_municipality:hiiumaa,served_by,true
92321,ee:rural_municipality:hiiumaa,served_by,true
92322,ee:rural_municipality:hiiumaa,served_by,true
92323,ee:rural_municipality:hiiumaa,served_by,true
92331,ee:rural_municipality:hiiumaa,served_by,true
92332,ee:rural_municipality:hiiumaa,served_by,true
92333,ee:rural_municipality:hiiumaa,served_by,true
92334,ee:rural_municipality:hiiumaa,served_by,true
92335,ee:rural_municipality:hiiumaa,served_by,true
92336,ee:rural_municipality:hiiumaa,served_by,true
92337,ee:rural_municipality:hiiumaa,served_by,true
92338,ee:rural_municipality:hiiumaa,served_by,true
92340,ee:rural_municipality:hiiumaa,served_by,true
92341,ee:rural_municipality:hiiumaa,served_by,true
92342,ee:rural_municipality:hiiumaa,served_by,true
92343,ee:rural_municipality:hiiumaa,served_by,true
92344,ee:rural_municipality:hiiumaa,served_by,true
92345,ee:rural_municipality:hiiumaa,served_by,true
92346,ee:rural_municipality:hiiumaa,served_by,true
92347,ee:rural_municipality:hiiumaa,served_by,true
92348,ee:rural_municipality:hiiumaa,served_by,true
92349,ee:rural_municipality:hiiumaa,served_by,true
92350,ee:rural_municipality:hiiumaa,served_by,true
92351,ee:rural_municipality:hiiumaa,served_by,true
92361,ee:rural_municipality:hiiumaa,served_by,true
92362,ee:rural_municipality:hiiumaa,served_by,true
92363,ee:rural_municipality:hiiumaa,served_by,true
92364,ee:rural_municipality:hiiumaa,served_by,true
92365,ee:rural_municipality:hiiumaa,served_by,true
92366,ee:rural_municipality:hiiumaa,served_by,true
92367,ee:rural_municipality:hiiumaa,served_by,true
92368,ee:rural_municipality:hiiumaa,served_by,true
92369,ee:rural_municipality:hiiumaa,served_by,true
92370,ee:rural_municipality:hiiumaa,served_by,true
92411,ee:rural_municipality:hiiumaa,served_by,true
92412,ee:rural_municipality:hiiumaa,served_by,true
92413,ee:rural_municipality:hiiumaa,served_by,true
92414,ee:rural_municipality:hiiumaa,served_by,true
92420,ee:rural_municipality:hiiumaa,served_by,true
92421,ee:rural_municipality:hiiumaa,served_by,true
92422,ee:rural_municipality:hiiumaa,served_by,true
92424,ee:rural_municipality:hiiumaa,served_by,true
93001,ee:rural_municipality:ruhnu,served_by,true
93101,ee:rural_municipality:saaremaa,served_by,true
93111,ee:rural_municipality:saaremaa,served_by,true
93112,ee:rural_municipality:saaremaa,served_by,true
93113,ee:rural_municipality:saaremaa,served_by,true
93114,ee:rural_municipality:saaremaa,served_by,true
93115,ee:rural_municipality:saaremaa,served_by,true
93121,ee:rural_municipality:saaremaa,served_by,true
93122,ee:rural_municipality:saaremaa,served_by,true
93201,ee:rural_municipality:saaremaa,served_by,true
93211,ee:rural_municipality:saaremaa,served_by,true
93212,ee:rural_municipality:saaremaa,served_by,true
93213,ee:rural_municipality:saaremaa,served_by,true
93214,ee:rural_municipality:saaremaa,served_by,true
93215,ee:rural_municipality:saaremaa,served_by,true
93216,ee:rural_municipality:saaremaa,served_by,true
93217,ee:rural_municipality:saaremaa,served_by,true
93218,ee:rural_municipality:saaremaa,served_by,true
93220,ee:rural_municipality:saaremaa,served_by,true
93221,ee:rural_municipality:saaremaa,served_by,true
93222,ee:rural_municipality:saaremaa,served_by,true
93223,ee:rural_municipality:saaremaa,served_by,true
93224,ee:rural_municipality:saaremaa,served_by,true
93231,ee:rural_municipality:saaremaa,served_by,true
93232,ee:rural_municipality:saaremaa,served_by,true
93233,ee:rural_municipality:saaremaa,served_by,true
93234,ee:rural_municipality:saaremaa,served_by,true
93235,ee:rural_municipality:saaremaa,served_by,true
93236,ee:rural_municipality:saaremaa,served_by,true
93237,ee:rural_municipality:saaremaa,served_by,true
93238,ee:rural_municipality:saaremaa,served_by,true
93239,ee:rural_municipality:saaremaa,served_by,true
93240,ee:rural_municipality:saaremaa,served_by,true
93241,ee:rural_municipality:saaremaa,served_by,true
93242,ee:rural_municipality:saaremaa,served_by,true
93243,ee:rural_municipality:saaremaa,served_by,true
93244,ee:rural_municipality:saaremaa,served_by,true
93245,ee:rural_municipality:saaremaa,served_by,true
93246,ee:rural_municipality:saaremaa,served_by,true
93247,ee:rural_municipality:saaremaa,served_by,true
93248,ee:rural_municipality:saaremaa,served_by,true
93249,ee:rural_municipality:saaremaa,served_by,true
93250,ee:rural_municipality:saaremaa,served_by,true
93251,ee:rural_municipality:saaremaa,served_by,true
93260,ee:rural_municipality:saaremaa,served_by,true
93261,ee:rural_municipality:saaremaa,served_by,true
93271,ee:rural_municipality:saaremaa,served_by,true
93301,ee:rural_municipality:saaremaa,served_by,true
93311,ee:rural_municipality:saaremaa,served_by,true
93312,ee:rural_municipality:saaremaa,served_by,true
93313,ee:rural_municipality:saaremaa,served_by,true
93314,ee:rural_municipality:saaremaa,served_by,true
93316,ee:rural_municipality:saaremaa,served_by,true
93317,ee:rural_municipality:saaremaa,served_by,true
93319,ee:rural_municipality:saaremaa,served_by,true
93320,ee:rural_municipality:saaremaa,served_by,true
93321,ee:rural_municipality:saaremaa,served_by,true
93322,ee:rural_municipality:saaremaa,served_by,true
93323,ee:rural_municipality:saaremaa,served_by,true
93324,ee:rural_municipality:saaremaa,served_by,true
93325,ee:rural_municipality:saaremaa,served_by,true
93326,ee:rural_municipality:saaremaa,served_by,true
93327,ee:rural_municipality:saaremaa,served_by,true
93328,ee:rural_municipality:saaremaa,served_by,true
93329,ee:rural_municipality:saaremaa,served_by,true
93330,ee:rural_municipality:saaremaa,served_by,true
93331,ee:rural_municipality:saaremaa,served_by,true
93341,ee:rural_municipality:saaremaa,served_by,true
93342,ee:rural_municipality:saaremaa,served_by,true
93343,ee:rural_municipality:saaremaa,served_by,true
93401,ee:rural_municipality:saaremaa,served_by,true
93411,ee:rural_municipality:saaremaa,served_by,true
93412,ee:rural_municipality:saaremaa,served_by,true
93413,ee:rural_municipality:saaremaa,served_by,true
93414,ee:rural_municipality:saaremaa,served_by,true
93415,ee:rural_municipality:saaremaa,served_by,true
93417,ee:rural_municipality:saaremaa,served_by,true
93421,ee:rural_municipality:saaremaa,served_by,true
93431,ee:rural_municipality:saaremaa,served_by,true
93432,ee:rural_municipality:saaremaa,served_by,true
93433,ee:rural_municipality:saaremaa,served_by,true
93434,ee:rural_municipality:saaremaa,served_by,true
93435,ee:rural_municipality:saaremaa,served_by,true
93436,ee:rural_municipality:saaremaa,served_by,true
93437,ee:rural_municipality:saaremaa,served_by,true
93438,ee:rural_municipality:saaremaa,served_by,true
93439,ee:rural_municipality:saaremaa,served_by,true
93440,ee:rural_municipality:saaremaa,served_by,true
93441,ee:rural_municipality:saaremaa,served_by,true
93442,ee:rural_municipality:saaremaa,served_by,true
93443,ee:rural_municipality:saaremaa,served_by,true
93444,ee:rural_municipality:saaremaa,served_by,true
93445,ee:rural_municipality:saaremaa,served_by,true
93446,ee:rural_municipality:saaremaa,served_by,true
93447,ee:rural_municipality:saaremaa,served_by,true
93448,ee:rural_municipality:saaremaa,served_by,true
93449,ee:rural_municipality:saaremaa,served_by,true
93450,ee:rural_municipality:saaremaa,served_by,true
93451,ee:rural_municipality:saaremaa,served_by,true
93452,ee:rural_municipality:saaremaa,served_by,true
93453,ee:rural_municipality:saaremaa,served_by,true
93454,ee:rural_municipality:saaremaa,served_by,true
93455,ee:rural_municipality:saaremaa,served_by,true
93456,ee:rural_municipality:saaremaa,served_by,true
93461,ee:rural_municipality:saaremaa,served_by,true
93462,ee:rural_municipality:saaremaa,served_by,true
93463,ee:rural_municipality:saaremaa,served_by,true
93464,ee:rural_municipality:saaremaa,served_by,true
93465,ee:rural_municipality:saaremaa,served_by,true
93466,ee:rural_municipality:saaremaa,served_by,true
93467,ee:rural_municipality:saaremaa,served_by,true
93468,ee:rural_municipality:saaremaa,served_by,true
93469,ee:rural_municipality:saaremaa,served_by,true
93470,ee:rural_municipality:saaremaa,served_by,true
93471,ee:rural_municipality:saaremaa,served_by,true
93501,ee:rural_municipality:saaremaa,served_by,true
93511,ee:rural_municipality:saaremaa,served_by,true
93512,ee:rural_municipality:saaremaa,served_by,true
93520,ee:rural_municipality:saaremaa,served_by,true
93521,ee:rural_municipality:saaremaa,served_by,true
93522,ee:rural_municipality:saaremaa,served_by,true
93523,ee:rural_municipality:saaremaa,served_by,true
93524,ee:rural_municipality:saaremaa,served_by,true
93525,ee:rural_municipality:saaremaa,served_by,true
93526,ee:rural_municipality:saaremaa,served_by,true
93527,ee:rural_municipality:saaremaa,served_by,true
93528,ee:rural_municipality:saaremaa,served_by,true
93529,ee:rural_municipality:saaremaa,served_by,true
93530,ee:rural_municipality:saaremaa,served_by,true
93551,ee:rural_municipality:saaremaa,served_by,true
93561,ee:rural_municipality:saaremaa,served_by,true
93562,ee:rural_municipality:saaremaa,served_by,true
93601,ee:rural_municipality:saaremaa,served_by,true
93611,ee:rural_municipality:saaremaa,served_by,true
93612,ee:rural_municipality:saaremaa,served_by,true
93613,ee:rural_municipality:saaremaa,served_by,true
93614,ee:rural_municipality:saaremaa,served_by,true
93615,ee:rural_municipality:saaremaa,served_by,true
93616,ee:rural_municipality:saaremaa,served_by,true
93617,ee:rural_municipality:saaremaa,served_by,true
93621,ee:rural_municipality:saaremaa,served_by,true
93622,ee:rural_municipality:saaremaa,served_by,true
93623,ee:rural_municipality:saaremaa,served_by,true
93631,ee:rural_municipality:saaremaa,served_by,true
93632,ee:rural_municipality:saaremaa,served_by,true
93633,ee:rural_municipality:saaremaa,served_by,true
93634,ee:rural_municipality:saaremaa,served_by,true
93635,ee:rural_municipality:saaremaa,served_by,true
93641,ee:rural_municipality:saaremaa,served_by,true
93642,ee:rural_municipality:saaremaa,served_by,true
93643,ee:rural_municipality:saaremaa,served_by,true
93644,ee:rural_municipality:saaremaa,served_by,true
93645,ee:rural_municipality:saaremaa,served_by,true
93646,ee:rural_municipality:saaremaa,served_by,true
93701,ee:rural_municipality:saaremaa,served_by,true
93711,ee:rural_municipality:saaremaa,served_by,true
93712,ee:rural_municipality:saaremaa,served_by,true
93713,ee:rural_municipality:saaremaa,served_by,true
93714,ee:rural_municipality:saaremaa,served_by,true
93715,ee:rural_municipality:saaremaa,served_by,true
93716,ee:rural_municipality:saaremaa,served_by,true
93717,ee:rural_municipality:saaremaa,served_by,true
93721,ee:rural_municipality:saaremaa,served_by,true
93722,ee:rural_municipality:saaremaa,served_by,true
93723,ee:rural_municipality:saaremaa,served_by,true
93724,ee:rural_municipality:saaremaa,served_by,true
93725,ee:rural_municipality:saaremaa,served_by,true
93731,ee:rural_municipality:saaremaa,served_by,true
93732,ee:rural_municipality:saaremaa,served_by,true
93733,ee:rural_municipality:saaremaa,served_by,true
93734,ee:rural_municipality:saaremaa,served_by,true
93735,ee:rural_municipality:saaremaa,served_by,true
93741,ee:rural_municipality:saaremaa,served_by,true
93742,ee:rural_municipality:saaremaa,served_by,true
93743,ee:rural_municipality:saaremaa,served_by,true
93744,ee:rural_municipality:saaremaa,served_by,true
93745,ee:rural_municipality:saaremaa,served_by,true
93746,ee:rural_municipality:saaremaa,served_by,true
93751,ee:rural_municipality:saaremaa,served_by,true
93752,ee:rural_municipality:saaremaa,served_by,true
93753,ee:rural_municipality:saaremaa,served_by,true
93754,ee:rural_municipality:saaremaa,served_by,true
93755,ee:rural_municipality:saaremaa,served_by,true
93756,ee:rural_municipality:saaremaa,served_by,true
93801,ee:rural_municipality:saaremaa,served_by,true
93810,ee:rural_municipality:saaremaa,served_by,true
93811,ee:rural_municipality:saaremaa,served_by,true
93812,ee:rural_municipality:saaremaa,served_by,true
93813,ee:rural_municipality:saaremaa,served_by,true
93814,ee:rural_municipality:saaremaa,served_by,true
93815,ee:rural_municipality:saaremaa,served_by,true
93816,ee:rural_municipality:saaremaa,served_by,true
93817,ee:rural_municipality:saaremaa,served_by,true
93818,ee:rural_municipality:saaremaa,served_by,true
93819,ee:rural_municipality:saaremaa,served_by,true
93820,ee:rural_municipality:saaremaa,served_by,true
93826,ee:rural_municipality:saaremaa,served_by,true
93831,ee:rural_municipality:saaremaa,served_by,true
93832,ee:rural_municipality:saaremaa,served_by,true
93833,ee:rural_municipality:saaremaa,served_by,true
93835,ee:rural_municipality:saaremaa,served_by,true
93836,ee:rural_municipality:saaremaa,served_by,true
93837,ee:rural_municipality:saaremaa,served_by,true
93839,ee:rural_municipality:saaremaa,served_by,true
93841,ee:rural_municipality:saaremaa,served_by,true
93843,ee:rural_municipality:saaremaa,served_by,true
93844,ee:rural_municipality:saaremaa,served_by,true
93845,ee:rural_municipality:saaremaa,served_by,true
93846,ee:rural_municipality:saaremaa,served_by,true
93847,ee:rural_municipality:saaremaa,served_by,true
93848,ee:rural_municipality:saaremaa,served_by,true
93851,ee:rural_municipality:saaremaa,served_by,true
93852,ee:rural_municipality:saaremaa,served_by,true
93853,ee:rural_municipality:saaremaa,served_by,true
93855,ee:rural_municipality:saaremaa,served_by,true
93856,ee:rural_municipality:saaremaa,served_by,true
93857,ee:rural_municipality:saaremaa,served_by,true
93858,ee:rural_municipality:saaremaa,served_by,true
93859,ee:rural_municipality:saaremaa,served_by,true
93860,ee:rural_municipality:saaremaa,served_by,true
93861,ee:rural_municipality:saaremaa,served_by,true
93871,ee:rural_municipality:saaremaa,served_by,true
93872,ee:rural_municipality:saaremaa,served_by,true
93873,ee:rural_municipality:saaremaa,served_by,true
93874,ee:rural_municipality:saaremaa,served_by,true
93875,ee:rural_municipality:saaremaa,served_by,true
93876,ee:rural_municipality:saaremaa,served_by,true
93880,ee:rural_municipality:saaremaa,served_by,true
93881,ee:rural_municipality:saaremaa,served_by,true
93882,ee:rural_municipality:saaremaa,served_by,true
93883,ee:rural_municipality:saaremaa,served_by,true
93884,ee:rural_municipality:saaremaa,served_by,true
93885,ee:rural_municipality:saaremaa,served_by,true
93886,ee:rural_municipality:saaremaa,served_by,true
93887,ee:rural_municipality:saaremaa,served_by,true
93888,ee:rural_municipality:saaremaa,served_by,true
93889,ee:rural_municipality:saaremaa,served_by,true
93890,ee:rural_municipality:saaremaa,served_by,true
93891,ee:rural_municipality:saaremaa,served_by,true
93892,ee:rural_municipality:saaremaa,served_by,true
94101,ee:rural_municipality:saaremaa,served_by,true
94102,ee:rural_municipality:saaremaa,served_by,true
94111,ee:rural_municipality:saaremaa,served_by,true
94112,ee:rural_municipality:saaremaa,served_by,true
94113,ee:rural_municipality:saaremaa,served_by,true
94114,ee:rural_municipality:saaremaa,served_by,true
94115,ee:rural_municipality:saaremaa,served_by,true
94116,ee:rural_municipality:saaremaa,served_by,true
94117,ee:rural_municipality:saaremaa,served_by,true
94118,ee:rural_municipality:saaremaa,served_by,true
94119,ee:rural_municipality:saaremaa,served_by,true
94120,ee:rural_municipality:saaremaa,served_by,true
94121,ee:rural_municipality:saaremaa,served_by,true
94122,ee:rural_municipality:saaremaa,served_by,true
94123,ee:rural_municipality:saaremaa,served_by,true
94124,ee:rural_municipality:saaremaa,served_by,true
94125,ee:rural_municipality:saaremaa,served_by,true
94126,ee:rural_municipality:saaremaa,served_by,true
94127,ee:rural_municipality:saaremaa,served_by,true
94128,ee:rural_municipality:saaremaa,served_by,true
94129,ee:rural_municipality:saaremaa,served_by,true
94130,ee:rural_municipality:saaremaa,served_by,true
94131,ee:rural_municipality:saaremaa,served_by,true
94141,ee:rural_municipality:saaremaa,served_by,true
94142,ee:rural_municipality:saaremaa,served_by,true
94143,ee:rural_municipality:saaremaa,served_by,true
94144,ee:rural_municipality:saaremaa,served_by,true
94145,ee:rural_municipality:saaremaa,served_by,true
94146,ee:rural_municipality:saaremaa,served_by,true
94147,ee:rural_municipality:saaremaa,served_by,true
94148,ee:rural_municipality:saaremaa,served_by,true
94149,ee:rural_municipality:saaremaa,served_by,true
94150,ee:rural_municipality:saaremaa,served_by,true
94151,ee:rural_municipality:saaremaa,served_by,true
94153,ee:rural_municipality:saaremaa,served_by,true
94154,ee:rural_municipality:saaremaa,served_by,true
94155,ee:rural_municipality:saaremaa,served_by,true
94161,ee:rural_municipality:saaremaa,served_by,true
94162,ee:rural_municipality:saaremaa,served_by,true
94171,ee:rural_municipality:saaremaa,served_by,true
94201,ee:rural_municipality:saaremaa,served_by,true
94202,ee:rural_municipality:saaremaa,served_by,true
94211,ee:rural_municipality:saaremaa,served_by,true
94212,ee:rural_municipality:saaremaa,served_by,true
94213,ee:rural_municipality:saaremaa,served_by,true
94214,ee:rural_municipality:saaremaa,served_by,true
94215,ee:rural_municipality:saaremaa,served_by,true
94216,ee:rural_municipality:saaremaa,served_by,true
94217,ee:rural_municipality:saaremaa,served_by,true
94218,ee:rural_municipality:saaremaa,served_by,true
94219,ee:rural_municipality:saaremaa,served_by,true
94221,ee:rural_municipality:saaremaa,served_by,true
94222,ee:rural_municipality:saaremaa,served_by,true
94223,ee:rural_municipality:saaremaa,served_by,true
94224,ee:rural_municipality:saaremaa,served_by,true
94225,ee:rural_municipality:saaremaa,served_by,true
94231,ee:rural_municipality:saaremaa,served_by,true
94232,ee:rural_municipality:saaremaa,served_by,true
94233,ee:rural_municipality:saaremaa,served_by,true
94234,ee:rural_municipality:saaremaa,served_by,true
94235,ee:rural_municipality:saaremaa,served_by,true
94236,ee:rural_municipality:saaremaa,served_by,true
94237,ee:rural_municipality:saaremaa,served_by,true
94238,ee:rural_municipality:saaremaa,served_by,true
94239,ee:rural_municipality:saaremaa,served_by,true
94240,ee:rural_municipality:saaremaa,served_by,true
94241,ee:rural_municipality:saaremaa,served_by,true
94242,ee:rural_municipality:saaremaa,served_by,true
94243,ee:rural_municipality:saaremaa,served_by,true
94244,ee:rural_municipality:saaremaa,served_by,true
94245,ee:rural_municipality:saaremaa,served_by,true
94246,ee:rural_municipality:saaremaa,served_by,true
94247,ee:rural_municipality:saaremaa,served_by,true
94248,ee:rural_municipality:saaremaa,served_by,true
94249,ee:rural_municipality:saaremaa,served_by,true
94250,ee:rural_municipality:saaremaa,served_by,true
94251,ee:rural_municipality:saaremaa,served_by,true
94252,ee:rural_municipality:saaremaa,served_by,true
94253,ee:rural_municipality:saaremaa,served_by,true
94254,ee:rural_municipality:saaremaa,served_by,true
94255,ee:rural_municipality:saaremaa,served_by,true
94256,ee:rural_municipality:saaremaa,served_by,true
94257,ee:rural_municipality:saaremaa,served_by,true
94258,ee:rural_municipality:saaremaa,served_by,true
94259,ee:rural_municipality:saaremaa,served_by,true
94261,ee:rural_municipality:saaremaa,served_by,true
94262,ee:rural_municipality:saaremaa,served_by,true
94263,ee:rural_municipality:saaremaa,served_by,true
94264,ee:rural_municipality:saaremaa,served_by,true
94265,ee:rural_municipality:saaremaa,served_by,true
94271,ee:rural_municipality:saaremaa,served_by,true
94272,ee:rural_municipality:saaremaa,served_by,true
94273,ee:rural_municipality:saaremaa,served_by,true
94274,ee:rural_municipality:saaremaa,served_by,true
94301,ee:rural_municipality:saaremaa,served_by,true
94302,ee:rural_municipality:saaremaa,served_by,true
94311,ee:rural_municipality:saaremaa,served_by,true
94312,ee:rural_municipality:saaremaa,served_by,true
94313,ee:rural_municipality:saaremaa,served_by,true
94314,ee:rural_municipality:saaremaa,served_by,true
94315,ee:rural_municipality:saaremaa,served_by,true
94316,ee:rural_municipality:saaremaa,served_by,true
94317,ee:rural_municipality:saaremaa,served_by,true
94318,ee:rural_municipality:saaremaa,served_by,true
94319,ee:rural_municipality:saaremaa,served_by,true
94320,ee:rural_municipality:saaremaa,served_by,true
94321,ee:rural_municipality:saaremaa,served_by,true
94322,ee:rural_municipality:saaremaa,served_by,true
94323,ee:rural_municipality:saaremaa,served_by,true
94331,ee:rural_municipality:saaremaa,served_by,true
94332,ee:rural_municipality:saaremaa,served_by,true
94333,ee:rural_municipality:saaremaa,served_by,true
94334,ee:rural_municipality:saaremaa,served_by,true
94335,ee:rural_municipality:saaremaa,served_by,true
94336,ee:rural_municipality:saaremaa,served_by,true
94337,ee:rural_municipality:saaremaa,served_by,true
94338,ee:rural_municipality:saaremaa,served_by,true
94339,ee:rural_municipality:saaremaa,served_by,true
94340,ee:rural_municipality:saaremaa,served_by,true
94341,ee:rural_municipality:saaremaa,served_by,true
94342,ee:rural_municipality:saaremaa,served_by,true
94343,ee:rural_municipality:saaremaa,served_by,true
94344,ee:rural_municipality:saaremaa,served_by,true
94345,ee:rural_municipality:saaremaa,served_by,true
94346,ee:rural_municipality:saaremaa,served_by,true
94347,ee:rural_municipality:saaremaa,served_by,true
94348,ee:rural_municipality:saaremaa,served_by,true
94401,ee:rural_municipality:saaremaa,served_by,true
94411,ee:rural_municipality:saaremaa,served_by,true
94412,ee:rural_municipality:saaremaa,served_by,true
94413,ee:rural_municipality:saaremaa,served_by,true
94414,ee:rural_municipality:saaremaa,served_by,true
94415,ee:rural_municipality:saaremaa,served_by,true
94416,ee:rural_municipality:saaremaa,served_by,true
94417,ee:rural_municipality:saaremaa,served_by,true
94418,ee:rural_municipality:saaremaa,served_by,true
94419,ee:rural_municipality:saaremaa,served_by,true
94420,ee:rural_municipality:saaremaa,served_by,true
94421,ee:rural_municipality:saaremaa,served_by,true
94422,ee:rural_municipality:saaremaa,served_by,true
94423,ee:rural_municipality:saaremaa,served_by,true
94424,ee:rural_municipality:saaremaa,served_by,true
94425,ee:rural_municipality:saaremaa,served_by,true
94431,ee:rural_municipality:saaremaa,served_by,true
94432,ee:rural_municipality:saaremaa,served_by,true
94433,ee:rural_municipality:saaremaa,served_by,true
94434,ee:rural_municipality:saaremaa,served_by,true
94435,ee:rural_municipality:saaremaa,served_by,true
94442,ee:rural_municipality:saaremaa,served_by,true
94443,ee:rural_municipality:saaremaa,served_by,true
94501,ee:rural_municipality:saaremaa,served_by,true
94511,ee:rural_municipality:saaremaa,served_by,true
94512,ee:rural_municipality:saaremaa,served_by,true
94513,ee:rural_municipality:saaremaa,served_by,true
94515,ee:rural_municipality:saaremaa,served_by,true
94517,ee:rural_municipality:saaremaa,served_by,true
94518,ee:rural_municipality:saaremaa,served_by,true
94519,ee:rural_municipality:saaremaa,served_by,true
94520,ee:rural_municipality:saaremaa,served_by,true
94521,ee:rural_municipality:saaremaa,served_by,true
94522,ee:rural_municipality:saaremaa,served_by,true
94523,ee:rural_municipality:saaremaa,served_by,true
94531,ee:rural_municipality:saaremaa,served_by,true
94532,ee:rural_municipality:saaremaa,served_by,true
94533,ee:rural_municipality:saaremaa,served_by,true
94534,ee:rural_municipality:saaremaa,served_by,true
94535,ee:rural_municipality:saaremaa,served_by,true
94536,ee:rural_municipality:saaremaa,served_by,true
94537,ee:rural_municipality:saaremaa,served_by,true
94538,ee:rural_municipality:saaremaa,served_by,true
94539,ee:rural_municipality:saaremaa,served_by,true
94540,ee:rural_municipality:saaremaa,served_by,true
94541,ee:rural_municipality:saaremaa,served_by,true
94542,ee:rural_municipality:saaremaa,served_by,true
94543,ee:rural_municipality:saaremaa,served_by,true
94544,ee:rural_municipality:saaremaa,served_by,true
94545,ee:rural_municipality:saaremaa,served_by,true
94551,ee:rural_municipality:saaremaa,served_by,true
94552,ee:rural_municipality:saaremaa,served_by,true
94553,ee:rural_municipality:saaremaa,served_by,true
94601,ee:rural_municipality:saaremaa,served_by,true
94611,ee:rural_municipality:saaremaa,served_by,true
94612,ee:rural_municipality:saaremaa,served_by,true
94613,ee:rural_municipality:saaremaa,served_by,true
94621,ee:rural_municipality:saaremaa,served_by,true
94622,ee:rural_municipality:saaremaa,served_by,true
94623,ee:rural_municipality:saaremaa,served_by,true
94624,ee:rural_municipality:saaremaa,served_by,true
94625,ee:rural_municipality:saaremaa,served_by,true
94626,ee:rural_municipality:saaremaa,served_by,true
94628,ee:rural_municipality:saaremaa,served_by,true
94629,ee:rural_municipality:saaremaa,served_by,true
94630,ee:rural_municipality:saaremaa,served_by,true
94631,ee:rural_municipality:saaremaa,served_by,true
94632,ee:rural_municipality:saaremaa,served_by,true
94633,ee:rural_municipality:saaremaa,served_by,true
94634,ee:rural_municipality:saaremaa,served_by,true
94635,ee:rural_municipality:saaremaa,served_by,true
94636,ee:rural_municipality:saaremaa,served_by,true
94637,ee:rural_municipality:saaremaa,served_by,true
94638,ee:rural_municipality:saaremaa,served_by,true
94639,ee:rural_municipality:saaremaa,served_by,true
94640,ee:rural_municipality:saaremaa,served_by,true
94641,ee:rural_municipality:saaremaa,served_by,true
94642,ee:rural_municipality:saaremaa,served_by,true
94651,ee:rural_municipality:saaremaa,served_by,true
94652,ee:rural_municipality:saaremaa,served_by,true
94653,ee:rural_municipality:saaremaa,served_by,true
94654,ee:rural_municipality:saaremaa,served_by,true
94655,ee:rural_municipality:saaremaa,served_by,true
94656,ee:rural_municipality:saaremaa,served_by,true
94657,ee:rural_municipality:saaremaa,served_by,true
94658,ee:rural_municipality:saaremaa,served_by,true
94659,ee:rural_municipality:saaremaa,served_by,true
94660,ee:rural_municipality:saaremaa,served_by,true
94661,ee:rural_municipality:saaremaa,served_by,true
94701,ee:rural_municipality:muhu,served_by,true
94702,ee:rural_municipality:muhu,served_by,true
94711,ee:rural_municipality:muhu,served_by,true
94712,ee:rural_municipality:muhu,served_by,true
94713,ee:rural_municipality:muhu,served_by,true
94714,ee:rural_municipality:muhu,served_by,true
94715,ee:rural_municipality:muhu,served_by,true
94716,ee:rural_municipality:muhu,served_by,true
94717,ee:rural_municipality:muhu,served_by,true
94718,ee:rural_municipality:muhu,served_by,true
94719,ee:rural_municipality:muhu,served_by,true
94720,ee:rural_municipality:muhu,served_by,true
94721,ee:rural_municipality:muhu,served_by,true
94722,ee:rural_municipality:muhu,served_by,true
94723,ee:rural_municipality:muhu,served_by,true
94724,ee:rural_municipality:muhu,served_by,true
94725,ee:rural_municipality:muhu,served_by,true
94726,ee:rural_municipality:muhu,served_by,true
94727,ee:rural_municipality:muhu,served_by,true
94728,ee:rural_municipality:muhu,served_by,true
94729,ee:rural_municipality:muhu,served_by,true
94730,ee:rural_municipality:muhu,served_by,true
94731,ee:rural_municipality:muhu,served_by,true
94732,ee:rural_municipality:muhu,served_by,true
94733,ee:rural_municipality:muhu,served_by,true
94734,ee:rural_municipality:muhu,served_by,true
94741,ee:rural_municipality:muhu,served_by,true
94742,ee:rural_municipality:muhu,served_by,true
94743,ee:rural_municipality:muhu,served_by,true
94744,ee:rural_municipality:muhu,served_by,true
94745,ee:rural_municipality:muhu,served_by,true
94746,ee:rural_municipality:muhu,served_by,true
94747,ee:rural_municipality:muhu,served_by,true
94748,ee:rural_municipality:muhu,served_by,true
94749,ee:rural_municipality:muhu,served_by,true
94750,ee:rural_municipality:muhu,served_by,true
94751,ee:rural_municipality:muhu,served_by,true
94752,ee:rural_municipality:muhu,served_by,true
94753,ee:rural_municipality:muhu,served_by,true
94754,ee:rural_municipality:muhu,served_by,true
94755,ee:rural_municipality:muhu,served_by,true
94756,ee:rural_municipality:muhu,served_by,true
94757,ee:rural_municipality:muhu,served_by,true
94758,ee:rural_municipality:muhu,served_by,true
94759,ee:rural_municipality:muhu,served_by,true
94760,ee:rural_municipality:muhu,served_by,true
94761,ee:rural_municipality:muhu,served_by,true
94762,ee:rural_municipality:muhu,served_by,true
94763,ee:rural_municipality:muhu,served_by,true
94764,ee:rural_municipality:muhu,served_by,true
94765,ee:rural_municipality:muhu,served_by,true
94766,ee:rural_municipality:muhu,served_by,true
