country_code,code
FR,01000
FR,01001
FR,01002
FR,01003
FR,01004
FR,01005
FR,01006
FR,01007
FR,01008
FR,01009
FR,01010
FR,01011
FR,01012
FR,01013
FR,01014 9
FR,01015 9
FR,01016 9
FR,01017
FR,01018
FR,01019
FR,01020
FR,01059 9
FR,01060 9
FR,01061 9
FR,01069 9
FR,01090
FR,01100
FR,01101
FR,01102
FR,01103
FR,01104
FR,01105
FR,01106
FR,01107
FR,01108
FR,01109
FR,01110
FR,01111
FR,01112
FR,01115
FR,01116
FR,01117
FR,01120
FR,01121
FR,01122
FR,01123
FR,01124
FR,01125
FR,01126
FR,01127
FR,01128
FR,01129
FR,01130
FR,01140
FR,01150
FR,01151
FR,01152
FR,01153
FR,01154
FR,01155
FR,01158
FR,01160
FR,01170
FR,01171
FR,01172
FR,01173
FR,01174
FR,01190
FR,01200
FR,01201
FR,01202
FR,01203
FR,01204
FR,01206
FR,01208
FR,01210
FR,01211
FR,01212
FR,01213
FR,01216
FR,01217
FR,01220
FR,01230
FR,01240
FR,01250
FR,01260
FR,01270
FR,01280
FR,01290
FR,01300
FR,01301
FR,01302
FR,01303
FR,01306
FR,01310
FR,01320
FR,01330
FR,01340
FR,01350
FR,01360
FR,01365
FR,01366
FR,01369
FR,01370
FR,01380
FR,01390
FR,01400
FR,01410
FR,01420
FR,01430
FR,01440
FR,01441
FR,01442
FR,01443
FR,01450
FR,01460
FR,01470
FR,01480
FR,01500
FR,01501
FR,01502
FR,01503
FR,01504
FR,01505
FR,01506
FR,01508
FR,01510
FR,01540
FR,01550
FR,01560
FR,01570
FR,01580
FR,01590
FR,01600
FR,01601
FR,01602
FR,01603
FR,01604
FR,01606
FR,01620
FR,01630
FR,01632
FR,01633
FR,01637
FR,01638
FR,01640
FR,01660
FR,01680
FR,01700
FR,01701
FR,01702
FR,01703
FR,01704
FR,01705
FR,01706
FR,01707
FR,01708
FR,01710
FR,01750
FR,01800
FR,01851
FR,01921
FR,01960
FR,01990
FR,02000
FR,02001
FR,02002
FR,02003
FR,02004
FR,02005
FR,02006
FR,02007
FR,02008 9
FR,02009 9
FR,02010 9
FR,02011
FR,02012
FR,02013 9
FR,02014 9
FR,02015
FR,02016 9
FR,02017
FR,02018 9
FR,02019
FR,02020 9
FR,02025 9
FR,02100
FR,02101
FR,02102
FR,02103
FR,02104
FR,02105
FR,02106
FR,02107
FR,02108
FR,02109
FR,02110
FR,02120
FR,02130
FR,02140
FR,02150
FR,02151
FR,02160
FR,02170
FR,02190
FR,02200
FR,02201
FR,02202
FR,02203
FR,02204
FR,02205
FR,02206
FR,02207
FR,02208
FR,02209
FR,02210
FR,02220
FR,02230
FR,02240
FR,02250
FR,02260
FR,02270
FR,02290
FR,02300
FR,02301
FR,02302
FR,02303
FR,02309
FR,02310
FR,02314
FR,02315
FR,02320
FR,02321
FR,02322
FR,02323
FR,02324
FR,02325
FR,02326
FR,02327
FR,02329
FR,02330
FR,02331
FR,02340
FR,02350
FR,02360
FR,02370
FR,02380
FR,02390
FR,02400
FR,02401
FR,02402
FR,02403
FR,02404
FR,02405
FR,02406
FR,02407
FR,02409
FR,02410
FR,02420
FR,02430
FR,02440
FR,02450
FR,02460
FR,02470
FR,02480
FR,02490
FR,02500
FR,02510
FR,02520
FR,02540
FR,02550
FR,02570
FR,02580
FR,02590
FR,02600
FR,02601
FR,02602
FR,02603
FR,02604
FR,02609
FR,02610
FR,02620
FR,02630
FR,02640
FR,02650
FR,02670
FR,02680
FR,02690
FR,02700
FR,02720
FR,02760
FR,02790
FR,02800
FR,02810
FR,02820
FR,02830
FR,02840
FR,02850
FR,02860
FR,02870
FR,02880
FR,02930 9
FR,02939 9
FR,03000
FR,03003
FR,03004
FR,03005
FR,03006
FR,03007
FR,03008
FR,03010
FR,03011
FR,03012
FR,03013
FR,03014
FR,03015
FR,03016
FR,03017
FR,03018
FR,03019
FR,03021
FR,03100
FR,03101
FR,03102
FR,03103
FR,03104
FR,03105
FR,03106
FR,03107
FR,03108
FR,03109
FR,03110
FR,03120
FR,03130
FR,03140
FR,03150
FR,03160
FR,03170
FR,03190
FR,03200
FR,03201
FR,03202
FR,03203
FR,03204
FR,03205
FR,03206
FR,03207
FR,03208
FR,03209
FR,03210
FR,03220
FR,03230
FR,03240
FR,03250
FR,03260
FR,03270
FR,03290
FR,03300
FR,03301
FR,03302
FR,03303
FR,03304
FR,03305
FR,03306
FR,03307
FR,03309
FR,03310
FR,03311
FR,03314
FR,03315
FR,03319
FR,03320
FR,03321
FR,03329
FR,03330
FR,03340
FR,03350
FR,03360
FR,03370
FR,03380
FR,03390
FR,03400
FR,03401
FR,03402
FR,03403
FR,03405
FR,03406
FR,03409
FR,03410
FR,03420
FR,03430
FR,03440
FR,03450
FR,03452
FR,03460
FR,03470
FR,03500
FR,03510
FR,03600
FR,03630
FR,03700
FR,03800
FR,04000
FR,04001
FR,04002
FR,04003
FR,04004
FR,04005
FR,04006
FR,04009
FR,04010
FR,04011
FR,04012
FR,04013
FR,04014
FR,04015
FR,04016
FR,04017
FR,04018
FR,04019
FR,04029
FR,04100
FR,04101
FR,04102
FR,04103
FR,04104
FR,04105
FR,04106
FR,04107
FR,04110
FR,04119
FR,04120
FR,04130
FR,04140
FR,04150
FR,04160
FR,04170
FR,04180
FR,04190
FR,04200
FR,04201
FR,04202
FR,04203
FR,04209
FR,04210
FR,04220
FR,04230
FR,04240
FR,04250
FR,04260
FR,04270
FR,04280
FR,04290
FR,04300
FR,04301
FR,04310
FR,04320
FR,04330
FR,04340
FR,04350
FR,04360
FR,04370
FR,04380
FR,04400
FR,04410
FR,04420
FR,04500
FR,04510
FR,04530
FR,04600
FR,04660
FR,04700
FR,04800
FR,04850
FR,04860
FR,04870
FR,04990 9
FR,04995 9
FR,05000
FR,05001
FR,05002
FR,05003
FR,05004
FR,05005
FR,05006
FR,05007
FR,05008
FR,05010
FR,05011
FR,05012
FR,05014
FR,05015
FR,05016
FR,05019
FR,05100
FR,05101
FR,05102
FR,05103
FR,05104
FR,05105
FR,05107
FR,05110
FR,05120
FR,05130
FR,05140
FR,05150
FR,05160
FR,05170
FR,05190
FR,05200
FR,05201
FR,05202
FR,05208
FR,05209
FR,05220
FR,05230
FR,05240
FR,05250
FR,05260
FR,05290
FR,05300
FR,05310
FR,05320
FR,05330
FR,05340
FR,05350
FR,05380
FR,05400
FR,05460
FR,05470
FR,05480
FR,05500
FR,05560
FR,05600
FR,05700
FR,05800
FR,06000
FR,06001 1
FR,06002 1
FR,06003 1
FR,06004 1
FR,06005 1
FR,06006 1
FR,06007 1
FR,06008 1
FR,06009 1
FR,06010 1
FR,06011 1
FR,06012 1
FR,06013 1
FR,06016 1
FR,06032 1
FR,06033 1
FR,06034 1
FR,06035 1
FR,06036 1
FR,06044 1
FR,06045 1
FR,06046 1
FR,06047 1
FR,06048 1
FR,06049 1
FR,06050 1
FR,06053 1
FR,06071 1
FR,06073 1
FR,06078 1
FR,06079 1
FR,06082 1
FR,06083 1
FR,06084 1
FR,06085 1
FR,06099 1
FR,06100
FR,06101 2
FR,06102 2
FR,06103 2
FR,06105 2
FR,06106 2
FR,06107 2
FR,06108 2
FR,06109 2
FR,06110
FR,06113
FR,06114
FR,06115
FR,06116
FR,06117
FR,06119
FR,06121
FR,06125
FR,06126
FR,06130
FR,06131
FR,06132
FR,06133
FR,06135
FR,06136
FR,06137
FR,06139
FR,06140
FR,06141
FR,06142
FR,06143
FR,06150
FR,06151
FR,06152
FR,06153
FR,06154
FR,06155
FR,06156
FR,06157
FR,06160
FR,06161
FR,06162
FR,06164
FR,06167
FR,06170 2
FR,06171 2
FR,06172 2
FR,06173 2
FR,06175 2
FR,06177 2
FR,06180 2
FR,06181 2
FR,06182 2
FR,06183 2
FR,06184 2
FR,06185 2
FR,06186 2
FR,06187 2
FR,06189 2
FR,06190
FR,06200
FR,06201 3
FR,06202 3
FR,06203 3
FR,06204 3
FR,06205 3
FR,06206 3
FR,06209 3
FR,06210
FR,06211
FR,06212
FR,06220
FR,06221
FR,06222
FR,06223
FR,06224
FR,06225
FR,06226
FR,06227
FR,06228
FR,06229
FR,06230
FR,06231
FR,06232
FR,06233
FR,06234
FR,06235
FR,06236
FR,06237
FR,06238
FR,06239
FR,06240
FR,06241
FR,06242
FR,06250
FR,06251
FR,06252
FR,06253
FR,06254
FR,06255
FR,06257
FR,06259
FR,06260
FR,06270
FR,06271
FR,06272
FR,06281 3
FR,06282 3
FR,06283 3
FR,06284 3
FR,06286 3
FR,06287 3
FR,06288 3
FR,06289 3
FR,06290 3
FR,06292 3
FR,06293 3
FR,06294 3
FR,06295 3
FR,06299 3
FR,06300
FR,06301 4
FR,06302 4
FR,06303 4
FR,06304 4
FR,06305 4
FR,06306 4
FR,06309 4
FR,06310
FR,06320
FR,06330
FR,06340
FR,06341
FR,06342
FR,06343
FR,06344
FR,06345
FR,06348
FR,06349
FR,06352 4
FR,06353 4
FR,06354 4
FR,06357 4
FR,06358 4
FR,06359 4
FR,06360
FR,06364 4
FR,06369 4
FR,06370
FR,06371
FR,06372
FR,06373
FR,06376
FR,06379
FR,06380
FR,06390
FR,06391
FR,06392
FR,06400
FR,06401
FR,06402
FR,06403
FR,06404
FR,06405
FR,06406
FR,06407
FR,06408
FR,06410
FR,06414
FR,06420
FR,06430
FR,06440
FR,06450
FR,06460
FR,06470
FR,06480
FR,06500
FR,06501
FR,06502
FR,06503
FR,06504
FR,06505
FR,06506
FR,06507
FR,06508
FR,06510
FR,06511
FR,06513
FR,06514
FR,06515
FR,06516
FR,06517
FR,06518
FR,06520
FR,06530
FR,06531
FR,06532
FR,06534
FR,06535
FR,06540
FR,06550
FR,06560
FR,06570
FR,06580
FR,06590
FR,06600
FR,06601
FR,06602
FR,06603
FR,06604
FR,06605
FR,06606
FR,06607
FR,06609
FR,06610
FR,06620
FR,06631
FR,06632
FR,06633
FR,06634
FR,06640
FR,06650
FR,06660
FR,06666 9
FR,06670
FR,06690
FR,06700
FR,06701
FR,06702
FR,06703
FR,06704
FR,06705
FR,06706
FR,06708
FR,06709
FR,06710
FR,06721
FR,06723
FR,06730
FR,06740
FR,06750
FR,06790
FR,06800
FR,06801
FR,06802
FR,06803
FR,06804
FR,06805
FR,06806
FR,06808
FR,06810
FR,06825 9
FR,06826 9
FR,06829 9
FR,06830
FR,06831 9
FR,06833 9
FR,06850
FR,06891
FR,06901
FR,06902
FR,06903
FR,06904
FR,06905
FR,06906
FR,06909
FR,06910
FR,06912
FR,06913
FR,06914
FR,06915
FR,06921
FR,06922
FR,06925
FR,06928
FR,06929
FR,06950
FR,06999
FR,07000
FR,07001
FR,07002
FR,07003
FR,07004
FR,07005
FR,07006
FR,07007
FR,07100
FR,07101
FR,07102
FR,07103
FR,07104
FR,07105
FR,07106
FR,07107
FR,07108
FR,07109
FR,07110
FR,07120
FR,07130
FR,07131
FR,07132
FR,07133
FR,07134
FR,07135
FR,07136
FR,07137
FR,07138
FR,07139
FR,07140
FR,07150
FR,07160
FR,07170
FR,07190
FR,07200
FR,07201
FR,07202
FR,07203
FR,07204
FR,07205
FR,07206
FR,07207
FR,07208
FR,07209
FR,07210
FR,07220
FR,07230
FR,07240
FR,07250
FR,07260
FR,07270
FR,07290
FR,07300
FR,07301
FR,07302
FR,07303
FR,07304
FR,07305
FR,07306
FR,07307
FR,07308
FR,07309
FR,07310
FR,07320
FR,07330
FR,07340
FR,07350
FR,07360
FR,07370
FR,07380
FR,07400
FR,07401
FR,07402
FR,07403
FR,07404
FR,07405
FR,07406
FR,07407
FR,07408
FR,07409
FR,07410
FR,07430
FR,07440
FR,07450
FR,07460
FR,07470
FR,07500
FR,07501
FR,07502
FR,07503
FR,07504
FR,07505
FR,07506
FR,07507
FR,07508
FR,07509
FR,07510
FR,07520
FR,07530
FR,07560
FR,07570
FR,07580
FR,07590
FR,07600
FR,07610
FR,07630
FR,07660
FR,07690
FR,07700
FR,07790
FR,07800
FR,08000
FR,08001
FR,08002
FR,08003
FR,08004
FR,08005
FR,08006
FR,08010
FR,08011
FR,08013
FR,08014
FR,08090
FR,08098
FR,08099
FR,08101
FR,08102
FR,08103
FR,08104
FR,08105
FR,08106
FR,08107
FR,08109
FR,08110
FR,08120
FR,08130
FR,08140
FR,08150
FR,08160
FR,08170
FR,08190
FR,08200
FR,08201
FR,08202
FR,08203
FR,08204
FR,08205
FR,08206
FR,08207
FR,08208
FR,08209
FR,08210
FR,08220
FR,08230
FR,08240
FR,08250
FR,08260
FR,08270
FR,08290
FR,08300
FR,08302
FR,08303
FR,08304
FR,08305
FR,08310
FR,08320
FR,08330
FR,08350
FR,08360
FR,08370
FR,08380
FR,08390
FR,08400
FR,08410
FR,08430
FR,08440
FR,08450
FR,08460
FR,08500
FR,08600
FR,08700
FR,08800
FR,09000
FR,09001
FR,09002
FR,09003
FR,09004
FR,09007
FR,09008
FR,09009
FR,09014
FR,09015
FR,09016
FR,09017
FR,09100
FR,09101
FR,09102
FR,09103
FR,09104
FR,09105
FR,09109
FR,09110
FR,09120
FR,09130
FR,09140
FR,09160
FR,09190
FR,09200
FR,09201
FR,09209
FR,09210
FR,09220
FR,09230
FR,09240
FR,09250
FR,09270
FR,09290
FR,09300
FR,09301
FR,09310
FR,09320
FR,09330
FR,09340
FR,09350
FR,09390
FR,09400
FR,09401
FR,09420
FR,09460
FR,09500
FR,09600
FR,09700
FR,09800
FR,10000
FR,10001
FR,10002
FR,10003
FR,10004
FR,10005
FR,10006
FR,10007
FR,10008
FR,10009
FR,10010
FR,10011
FR,10012
FR,10013
FR,10014
FR,10015
FR,10018
FR,10025
FR,10026
FR,10030
FR,10031
FR,10032
FR,10042
FR,10080
FR,10081
FR,10088
FR,10089
FR,10091
FR,10092
FR,10096
FR,10100
FR,10101
FR,10102
FR,10103
FR,10104
FR,10105
FR,10110
FR,10120
FR,10121
FR,10122
FR,10128
FR,10130
FR,10140
FR,10150
FR,10151
FR,10152
FR,10153
FR,10154
FR,10160
FR,10170
FR,10180
FR,10190
FR,10200
FR,10201
FR,10202
FR,10208
FR,10210
FR,10220
FR,10230
FR,10240
FR,10250
FR,10260
FR,10270
FR,10280
FR,10290
FR,10300
FR,10310
FR,10320
FR,10330
FR,10340
FR,10350
FR,10351
FR,10352
FR,10353
FR,10355
FR,10360
FR,10370
FR,10371
FR,10380
FR,10390
FR,10400
FR,10401
FR,10402
FR,10403
FR,10404
FR,10410
FR,10420
FR,10430
FR,10431
FR,10432
FR,10433
FR,10440
FR,10450
FR,10500
FR,10510
FR,10600
FR,10601
FR,10602
FR,10603
FR,10605
FR,10606
FR,10700
FR,10800
FR,10901 9
FR,10902 9
FR,10910 9
FR,11000
FR,11001
FR,11002
FR,11003
FR,11004
FR,11005
FR,11007
FR,11009 9
FR,11010 9
FR,11011 9
FR,11012
FR,11015
FR,11016 9
FR,11017 9
FR,11020
FR,11021
FR,11022
FR,11029
FR,11100
FR,11101
FR,11102
FR,11103
FR,11104
FR,11105
FR,11106
FR,11107
FR,11108
FR,11109
FR,11110
FR,11120
FR,11130
FR,11140
FR,11150
FR,11160
FR,11170
FR,11190
FR,11200
FR,11201
FR,11202
FR,11203
FR,11204
FR,11205
FR,11208
FR,11209
FR,11210
FR,11220
FR,11230
FR,11240
FR,11250
FR,11260
FR,11270
FR,11290
FR,11300
FR,11301
FR,11303
FR,11304
FR,11310
FR,11320
FR,11330
FR,11340
FR,11350
FR,11360
FR,11370
FR,11380
FR,11390
FR,11400
FR,11401
FR,11402
FR,11409
FR,11410
FR,11420
FR,11430
FR,11440
FR,11451
FR,11452
FR,11453
FR,11480
FR,11490
FR,11491
FR,11492
FR,11493
FR,11494
FR,11500
FR,11510
FR,11540
FR,11560
FR,11570
FR,11580
FR,11590
FR,11600
FR,11610
FR,11620
FR,11700
FR,11781
FR,11782
FR,11784
FR,11785
FR,11789
FR,11790
FR,11800
FR,11802 9
FR,11803 9
FR,11805 9
FR,11806 9
FR,11807 9
FR,11808 9
FR,11810 9
FR,11816 9
FR,11823 9
FR,11833 9
FR,11835 9
FR,11836 9
FR,11838 9
FR,11848 9
FR,11850 9
FR,11855 9
FR,11860 9
FR,11870 9
FR,11875 9
FR,11876 9
FR,11877 9
FR,11878 9
FR,11880 9
FR,11885 9
FR,11890 9
FR,11898 9
FR,12000
FR,12001
FR,12002
FR,12003
FR,12005
FR,12007
FR,12008
FR,12009
FR,12019
FR,12020 9
FR,12021 9
FR,12022 9
FR,12023 9
FR,12024 9
FR,12025 9
FR,12026 9
FR,12027 9
FR,12028 9
FR,12029 9
FR,12030 9
FR,12031 9
FR,12032 9
FR,12033 9
FR,12034 9
FR,12035 9
FR,12039 9
FR,12040 9
FR,12100
FR,12101
FR,12102
FR,12103
FR,12104
FR,12106
FR,12108
FR,12109
FR,12110
FR,12120
FR,12130
FR,12140
FR,12150
FR,12160
FR,12170
FR,12190
FR,12200
FR,12201
FR,12202
FR,12203
FR,12204
FR,12210
FR,12220
FR,12230
FR,12240
FR,12250
FR,12260
FR,12270
FR,12290
FR,12300
FR,12310
FR,12320
FR,12330
FR,12340
FR,12350
FR,12360
FR,12370
FR,12380
FR,12390
FR,12400
FR,12401
FR,12402
FR,12410
FR,12420
FR,12430
FR,12440
FR,12450
FR,12460
FR,12470
FR,12480
FR,12490
FR,12500
FR,12510
FR,12520
FR,12540
FR,12550
FR,12560
FR,12580
FR,12600
FR,12620
FR,12630
FR,12640
FR,12700
FR,12720
FR,12740
FR,12780
FR,12800
FR,12850
FR,13000
FR,13001
FR,13002
FR,13003
FR,13004
FR,13005
FR,13006
FR,13007
FR,13008
FR,13009
FR,13010
FR,13011
FR,13012
FR,13013
FR,13014
FR,13015
FR,13016
FR,13020 20
FR,13066
FR,13067
FR,13080
FR,13085 2
FR,13088 2
FR,13089 2
FR,13090
FR,13091 2
FR,13092 2
FR,13093 2
FR,13094 2
FR,13095 2
FR,13096 2
FR,13097 2
FR,13098 2
FR,13099 2
FR,13100
FR,13101 1
FR,13102
FR,13103
FR,13104
FR,13105
FR,13106
FR,13107
FR,13108
FR,13109
FR,13110
FR,13111
FR,13112
FR,13113
FR,13114
FR,13115
FR,13116
FR,13117
FR,13118
FR,13119
FR,13120
FR,13121
FR,13122
FR,13123
FR,13124
FR,13126
FR,13127
FR,13128
FR,13129
FR,13130
FR,13131
FR,13132
FR,13133
FR,13138
FR,13139
FR,13140
FR,13141
FR,13142
FR,13148
FR,13149
FR,13150
FR,13151
FR,13152
FR,13153
FR,13155
FR,13156
FR,13157
FR,13158
FR,13159
FR,13160
FR,13161
FR,13163
FR,13164
FR,13165
FR,13168
FR,13169
FR,13170
FR,13177 20
FR,13178 20
FR,13180
FR,13181 5
FR,13182 5
FR,13190
FR,13191 20
FR,13192 20
FR,13196 20
FR,13200
FR,13201 01
FR,13202 02
FR,13203 01
FR,13205 01
FR,13207 01
FR,13209 20
FR,13210
FR,13211 01
FR,13213 02
FR,13214 02
FR,13215 02
FR,13216 02
FR,13217 02
FR,13218 02
FR,13219 02
FR,13220
FR,13221 01
FR,13222 01
FR,13223 04
FR,13224 01
FR,13225 02
FR,13226 02
FR,13227 01
FR,13228 04
FR,13230
FR,13231 01
FR,13232 01
FR,13233 20
FR,13234 04
FR,13235 02
FR,13236 02
FR,13239 04
FR,13240
FR,13241 01
FR,13242 20
FR,13243 01
FR,13244 01
FR,13245 04
FR,13248 04
FR,13249 01
FR,13250
FR,13251 20
FR,13252 20
FR,13253 06
FR,13254 06
FR,13255 06
FR,13256 20
FR,13257 08
FR,13258 09
FR,13259 20
FR,13260
FR,13261 07
FR,13262 07
FR,13263 07
FR,13264 07
FR,13265 20
FR,13266 08
FR,13267 08
FR,13268 08
FR,13269 08
FR,13270
FR,13271 08
FR,13272 08
FR,13273 09
FR,13274 09
FR,13275 09
FR,13276 09
FR,13277 09
FR,13278 08
FR,13279 07
FR,13280
FR,13281 06
FR,13282 20
FR,13284 07
FR,13285 08
FR,13286 06
FR,13287 09
FR,13288 09
FR,13289 06
FR,13290
FR,13291 06
FR,13292 06
FR,13293 08
FR,13294 06
FR,13295 08
FR,13296 04
FR,13297 09
FR,13298 20
FR,13299 20
FR,13300
FR,13301 03
FR,13302 03
FR,13303 03
FR,13304 02
FR,13306 03
FR,13307 14
FR,13308 14
FR,13309 14
FR,13310
FR,13311 14
FR,13312 14
FR,13313 14
FR,13314 15
FR,13315 15
FR,13316 15
FR,13317 15
FR,13318 15
FR,13319 06
FR,13320
FR,13321 16
FR,13322 16
FR,13323 14
FR,13324 20
FR,13325 20
FR,13326 15
FR,13327 15
FR,13328 03
FR,13330
FR,13331 03
FR,13332 03
FR,13333 14
FR,13334 16
FR,13335 15
FR,13338 14
FR,13339 03
FR,13340
FR,13342 15
FR,13343 15
FR,13344 15
FR,13345 20
FR,13346 20
FR,13347 20
FR,13348 20
FR,13350
FR,13351 05
FR,13352 05
FR,13354 05
FR,13355 05
FR,13356 03
FR,13357 20
FR,13359 10
FR,13360
FR,13361 10
FR,13362 10
FR,13363 10
FR,13364 10
FR,13366 11
FR,13367 11
FR,13368 11
FR,13369 11
FR,13370
FR,13371 11
FR,13372 11
FR,13374 11
FR,13375 12
FR,13376 12
FR,13377 12
FR,13378 12
FR,13379 12
FR,13380
FR,13381 13
FR,13382 13
FR,13383 13
FR,13384 13
FR,13385 05
FR,13386 20
FR,13387 10
FR,13388 13
FR,13389 13
FR,13390
FR,13391 11
FR,13392 05
FR,13393 13
FR,13394 20
FR,13395 10
FR,13396 11
FR,13397 20
FR,13399 05
FR,13400
FR,13401 20
FR,13402 20
FR,13403 09
FR,13404 09
FR,13406 09
FR,13410
FR,13411 20
FR,13412 20
FR,13413 20
FR,13414 08
FR,13415 20
FR,13416 20
FR,13417 08
FR,13420
FR,13421 20
FR,13424 12
FR,13425 12
FR,13426 12
FR,13428 12
FR,13430
FR,13431 06
FR,13432 06
FR,13434 20
FR,13435 20
FR,13440
FR,13441 06
FR,13442 06
FR,13443 06
FR,13444 06
FR,13445 06
FR,13446 06
FR,13447 06
FR,13448 06
FR,13450
FR,13451 13
FR,13452 13
FR,13453 13
FR,13454 13
FR,13455 13
FR,13456 13
FR,13457 13
FR,13458 13
FR,13460
FR,13462 20
FR,13463 16
FR,13464 16
FR,13467 16
FR,13470
FR,13471 02
FR,13472 02
FR,13473 02
FR,13474 02
FR,13478 02
FR,13480
FR,13481 20
FR,13482 20
FR,13483 20
FR,13484 20
FR,13489 02
FR,13490
FR,13493 04
FR,13500
FR,13501
FR,13502
FR,13503
FR,13510
FR,13511
FR,13512
FR,13513
FR,13514
FR,13516
FR,13518
FR,13519
FR,13520
FR,13521
FR,13522
FR,13523
FR,13524
FR,13525
FR,13528
FR,13529
FR,13530
FR,13531
FR,13532
FR,13533
FR,13538
FR,13539
FR,13540
FR,13541
FR,13542
FR,13543
FR,13545 4
FR,13546 4
FR,13547 4
FR,13548
FR,13549
FR,13550
FR,13551
FR,13552
FR,13558
FR,13559
FR,13560
FR,13566 02
FR,13567 02
FR,13568 02
FR,13570
FR,13572 02
FR,13580
FR,13581 20
FR,13583 20
FR,13590
FR,13591 3
FR,13592 3
FR,13593 3
FR,13594 3
FR,13599 20
FR,13600
FR,13601 1
FR,13602 1
FR,13603 1
FR,13604 1
FR,13605 1
FR,13606 1
FR,13607 1
FR,13608 1
FR,13609 1
FR,13610
FR,13611 1
FR,13612 1
FR,13614
FR,13615
FR,13616 1
FR,13617 1
FR,13619
FR,13620
FR,13621 1
FR,13625 1
FR,13626 1
FR,13627 1
FR,13628 1
FR,13629 1
FR,13630
FR,13631
FR,13632
FR,13633
FR,13635
FR,13637
FR,13640
FR,13641
FR,13642
FR,13643
FR,13646
FR,13649
FR,13650
FR,13651
FR,13652
FR,13653
FR,13654
FR,13655
FR,13656
FR,13658
FR,13659
FR,13660
FR,13661 AIR
FR,13662
FR,13663
FR,13664
FR,13665
FR,13666
FR,13667
FR,13668
FR,13669
FR,13670
FR,13671
FR,13672
FR,13673
FR,13674
FR,13675
FR,13676
FR,13677
FR,13678
FR,13680
FR,13681
FR,13683
FR,13684
FR,13685
FR,13687
FR,13688
FR,13689
FR,13690
FR,13691
FR,13692
FR,13693
FR,13694
FR,13695
FR,13696
FR,13697
FR,13698
FR,13699
FR,13700
FR,13701
FR,13702
FR,13703
FR,13704
FR,13705
FR,13708
FR,13709
FR,13710
FR,13712
FR,13713
FR,13714
FR,13715
FR,13716
FR,13717
FR,13718
FR,13719
FR,13720
FR,13721
FR,13722
FR,13723
FR,13724
FR,13725
FR,13726
FR,13727
FR,13728
FR,13729
FR,13730
FR,13731
FR,13732
FR,13733
FR,13740
FR,13741
FR,13742
FR,13743
FR,13744
FR,13745
FR,13746
FR,13747
FR,13749
FR,13750
FR,13751
FR,13752
FR,13755
FR,13757
FR,13758
FR,13759
FR,13760
FR,13764 3
FR,13766 3
FR,13770
FR,13771
FR,13772
FR,13773
FR,13774
FR,13775
FR,13776
FR,13777
FR,13778
FR,13779
FR,13780
FR,13781
FR,13782
FR,13783
FR,13784
FR,13785
FR,13789
FR,13790
FR,13791 3
FR,13792 3
FR,13793 3
FR,13794 3
FR,13795 3
FR,13796 3
FR,13797 3
FR,13798 3
FR,13799 3
FR,13800
FR,13801
FR,13802
FR,13803
FR,13804
FR,13805
FR,13806
FR,13807
FR,13808
FR,13809
FR,13810
FR,13812
FR,13813
FR,13814
FR,13815
FR,13820
FR,13821
FR,13822
FR,13823
FR,13824
FR,13825
FR,13828
FR,13829
FR,13830
FR,13831
FR,13832
FR,13833
FR,13834
FR,13835
FR,13836
FR,13838
FR,13839
FR,13840
FR,13841
FR,13842
FR,13844
FR,13845 9
FR,13846 9
FR,13847 9
FR,13850
FR,13851 3
FR,13852 3
FR,13853 3
FR,13854 3
FR,13855 3
FR,13856 3
FR,13857 3
FR,13858 3
FR,13859 3
FR,13860
FR,13861 9
FR,13862 9
FR,13863 9
FR,13864 9
FR,13867 9
FR,13868 9
FR,13870
FR,13880
FR,13881
FR,13883
FR,13887
FR,13889
FR,13890
FR,13895
FR,13900 20
FR,13902 20
FR,13904 15
FR,13905 15
FR,13906 20
FR,13907 20
FR,13908 20
FR,13910
FR,13911 20
FR,13920
FR,13921 11
FR,13922 11
FR,13923 11
FR,13924 11
FR,13930
FR,13931 20
FR,13932 20
FR,13933 20
FR,13937 20
FR,13940
FR,13941 20
FR,13942 20
FR,13950
FR,13960
FR,13980
FR,13990
FR,14000
FR,14005 1
FR,14006 1
FR,14007 1
FR,14008 1
FR,14009 1
FR,14010 1
FR,14011 1
FR,14012 1
FR,14013 1
FR,14014 1
FR,14015 1
FR,14016 1
FR,14017 2
FR,14018 2
FR,14019 2
FR,14020 3
FR,14023 9
FR,14024 5
FR,14025 9
FR,14026 9
FR,14027 9
FR,14028 9
FR,14029 9
FR,14030 4
FR,14031 9
FR,14032 5
FR,14033 9
FR,14034 9
FR,14035 1
FR,14036 1
FR,14037 1
FR,14038 9
FR,14039 9
FR,14040 4
FR,14045 9
FR,14046 9
FR,14047 9
FR,14048 9
FR,14050 4
FR,14051 9
FR,14052 4
FR,14053 4
FR,14054 4
FR,14058 4
FR,14059 9
FR,14061 4
FR,14062 4
FR,14063 4
FR,14064 4
FR,14065 4
FR,14066 4
FR,14067 4
FR,14070 5
FR,14074 5
FR,14075 5
FR,14076 5
FR,14077 5
FR,14078 5
FR,14079 5
FR,14081 9
FR,14082 9
FR,14083 9
FR,14084 9
FR,14085 9
FR,14086 9
FR,14089 6
FR,14090 9
FR,14091 9
FR,14092 9
FR,14093 9
FR,14094 9
FR,14095 9
FR,14096 9
FR,14097 9
FR,14098 9
FR,14099 9
FR,14100
FR,14101
FR,14102
FR,14103
FR,14104
FR,14105
FR,14106
FR,14107
FR,14108
FR,14109
FR,14110
FR,14111
FR,14112
FR,14113
FR,14114
FR,14117
FR,14120
FR,14121
FR,14123
FR,14125
FR,14126
FR,14127
FR,14128
FR,14130
FR,14140
FR,14150
FR,14160
FR,14161
FR,14162
FR,14165
FR,14168
FR,14170
FR,14190
FR,14200
FR,14201
FR,14202
FR,14203
FR,14204
FR,14205
FR,14207
FR,14208
FR,14209
FR,14210
FR,14220
FR,14230
FR,14240
FR,14250
FR,14260
FR,14270
FR,14280
FR,14290
FR,14310
FR,14320
FR,14330
FR,14340
FR,14350
FR,14360
FR,14370
FR,14380
FR,14390
FR,14400
FR,14401
FR,14402
FR,14403
FR,14404
FR,14405
FR,14406
FR,14407
FR,14408
FR,14409
FR,14410
FR,14420
FR,14430
FR,14440
FR,14450
FR,14460
FR,14461
FR,14462
FR,14469
FR,14470
FR,14480
FR,14490
FR,14500
FR,14501
FR,14502
FR,14503
FR,14504
FR,14505
FR,14508
FR,14509
FR,14510
FR,14520
FR,14530
FR,14540
FR,14550
FR,14570
FR,14590
FR,14600
FR,14601
FR,14602
FR,14603
FR,14610
FR,14620
FR,14630
FR,14640
FR,14650
FR,14651
FR,14652
FR,14653
FR,14654
FR,14659
FR,14670
FR,14680
FR,14690
FR,14700
FR,14710
FR,14730
FR,14740
FR,14750
FR,14760
FR,14770
FR,14780
FR,14790
FR,14791
FR,14800
FR,14801
FR,14802
FR,14803
FR,14804
FR,14805
FR,14806
FR,14807
FR,14808
FR,14809
FR,14810
FR,14830
FR,14840
FR,14850
FR,14860
FR,14880
FR,14901 9
FR,14902 9
FR,14903 9
FR,14904 9
FR,14905 9
FR,14906 9
FR,14907 9
FR,14908 9
FR,14909 9
FR,14910
FR,14911 9
FR,14912 9
FR,14913 9
FR,14914 9
FR,14915 9
FR,14916 9
FR,14919 9
FR,14920
FR,14921 9
FR,14922 9
FR,14923 9
FR,14924 9
FR,14925 9
FR,14926 9
FR,14930
FR,14931 9
FR,14932 9
FR,14933 9
FR,14934 9
FR,14940
FR,14949 9
FR,14950
FR,14960
FR,14970
FR,14980
FR,14990
FR,15000
FR,15001
FR,15002
FR,15003
FR,15004
FR,15005
FR,15006
FR,15007
FR,15008
FR,15010
FR,15011
FR,15012
FR,15013
FR,15014
FR,15015
FR,15017
FR,15018
FR,15019
FR,15100
FR,15101
FR,15102
FR,15103
FR,15104
FR,15105
FR,15106
FR,15107
FR,15109
FR,15110
FR,15120
FR,15130
FR,15140
FR,15150
FR,15160
FR,15170
FR,15190
FR,15200
FR,15210
FR,15220
FR,15229
FR,15230
FR,15240
FR,15250
FR,15260
FR,15270
FR,15290
FR,15300
FR,15310
FR,15320
FR,15340
FR,15350
FR,15380
FR,15400
FR,15430
FR,15500
FR,15590
FR,15600
FR,15700
FR,15800
FR,16000
FR,16001
FR,16002
FR,16003
FR,16004
FR,16005
FR,16006
FR,16007
FR,16008
FR,16010
FR,16011
FR,16012
FR,16013
FR,16014
FR,16015
FR,16016
FR,16017
FR,16018
FR,16019
FR,16020
FR,16021
FR,16022
FR,16023
FR,16024
FR,16025
FR,16026
FR,16100
FR,16101
FR,16102
FR,16103
FR,16104
FR,16105
FR,16106
FR,16107
FR,16108
FR,16109 AIR
FR,16110
FR,16111
FR,16112
FR,16113
FR,16120
FR,16121
FR,16130
FR,16140
FR,16150
FR,16160
FR,16170
FR,16190
FR,16200
FR,16210
FR,16220
FR,16230
FR,16240
FR,16250
FR,16260
FR,16270
FR,16290
FR,16300
FR,16310
FR,16320
FR,16330
FR,16340
FR,16350
FR,16360
FR,16370
FR,16380
FR,16390
FR,16400
FR,16410
FR,16420
FR,16430
FR,16440
FR,16450
FR,16460
FR,16470
FR,16480
FR,16490
FR,16500
FR,16510
FR,16560
FR,16570
FR,16590
FR,16600
FR,16620
FR,16700
FR,16710
FR,16720
FR,16730
FR,16800
FR,16901 9
FR,16902 9
FR,16903 9
FR,16904 9
FR,16905 9
FR,16906 9
FR,16907 9
FR,16908 9
FR,16909 9
FR,16910 9
FR,16911 9
FR,16912 9
FR,16913 9
FR,16914 9
FR,16915 9
FR,16916 9
FR,16917 9
FR,16918 9
FR,16919 9
FR,16920 9
FR,16929 9
FR,16950 9
FR,16951 9
FR,16952 9
FR,16953 9
FR,16954 9
FR,16955 9
FR,16959 9
FR,16999 9
FR,17000
FR,17001 1
FR,17002 1
FR,17003 1
FR,17004 1
FR,17005 1
FR,17006 1
FR,17007 1
FR,17008 1
FR,17009 1
FR,17010 1
FR,17011 1
FR,17012 1
FR,17013 1
FR,17014 1
FR,17015 1
FR,17016 1
FR,17017 1
FR,17018 1
FR,17019 1
FR,17020 1
FR,17021 1
FR,17022 1
FR,17023 1
FR,17024 1
FR,17025 1
FR,17026 1
FR,17027 1
FR,17028 1
FR,17029 1
FR,17030 1
FR,17031 1
FR,17032 1
FR,17033 1
FR,17034 1
FR,17035 1
FR,17036 1
FR,17037 1
FR,17038 1
FR,17039 1
FR,17040 1
FR,17041 1
FR,17042 1
FR,17043 1
FR,17044 1
FR,17045 1
FR,17051 9
FR,17052 9
FR,17053 9
FR,17054 9
FR,17055 9
FR,17056 9
FR,17071 9
FR,17072 9
FR,17073 9
FR,17074 9
FR,17075 9
FR,17076 9
FR,17078 9
FR,17079 9
FR,17086 2
FR,17087 2
FR,17088 2
FR,17089 2
FR,17100
FR,17101
FR,17102
FR,17103
FR,17104
FR,17105
FR,17106
FR,17107
FR,17108
FR,17109
FR,17110
FR,17111
FR,17112
FR,17113
FR,17114
FR,17115
FR,17116
FR,17117
FR,17118
FR,17119
FR,17120
FR,17121
FR,17123
FR,17130
FR,17132
FR,17133 AIR
FR,17136 AIR
FR,17137
FR,17138
FR,17139
FR,17140
FR,17150
FR,17160
FR,17170
FR,17180
FR,17181
FR,17182
FR,17183
FR,17184
FR,17185
FR,17186
FR,17187
FR,17188
FR,17189
FR,17190
FR,17200
FR,17201
FR,17202
FR,17203
FR,17204
FR,17205
FR,17206
FR,17207
FR,17208
FR,17209
FR,17210
FR,17211
FR,17214
FR,17215
FR,17220
FR,17230
FR,17240
FR,17250
FR,17260
FR,17270
FR,17281
FR,17284
FR,17285
FR,17289
FR,17290
FR,17300
FR,17301
FR,17302
FR,17303
FR,17304
FR,17305
FR,17306
FR,17307
FR,17308
FR,17309
FR,17310
FR,17311
FR,17312
FR,17313
FR,17314
FR,17320
FR,17330
FR,17340
FR,17350
FR,17360
FR,17370
FR,17380
FR,17390
FR,17400
FR,17410
FR,17411
FR,17412
FR,17413
FR,17414
FR,17415
FR,17416
FR,17419
FR,17420
FR,17430
FR,17440
FR,17441
FR,17442
FR,17443
FR,17444
FR,17445
FR,17446
FR,17449
FR,17450
FR,17460
FR,17470
FR,17480
FR,17490
FR,17500
FR,17501
FR,17502
FR,17503
FR,17504
FR,17509
FR,17510
FR,17520
FR,17530
FR,17540
FR,17550
FR,17560
FR,17570
FR,17580
FR,17590
FR,17600
FR,17610
FR,17620
FR,17630
FR,17640
FR,17650
FR,17670
FR,17690
FR,17700
FR,17730
FR,17740
FR,17750
FR,17770
FR,17780
FR,17800
FR,17810
FR,17840
FR,17870
FR,17880
FR,17890
FR,17920
FR,17940
FR,18000
FR,18001
FR,18002
FR,18003
FR,18004
FR,18005
FR,18006
FR,18007
FR,18012
FR,18013
FR,18014
FR,18015
FR,18016
FR,18019
FR,18020
FR,18021
FR,18022
FR,18023
FR,18024
FR,18025
FR,18026
FR,18027
FR,18028
FR,18029
FR,18030 9
FR,18031 9
FR,18032 9
FR,18033 9
FR,18034 9
FR,18035
FR,18036
FR,18037
FR,18039
FR,18100
FR,18101
FR,18102
FR,18103
FR,18104
FR,18105
FR,18106
FR,18107
FR,18108
FR,18109
FR,18110
FR,18120
FR,18130
FR,18140
FR,18150
FR,18160
FR,18170
FR,18190
FR,18200
FR,18201
FR,18202
FR,18203
FR,18204
FR,18205
FR,18206
FR,18207
FR,18210
FR,18220
FR,18230
FR,18240
FR,18250
FR,18260
FR,18270
FR,18290
FR,18300
FR,18310
FR,18320
FR,18330
FR,18340
FR,18350
FR,18360
FR,18370
FR,18380
FR,18390
FR,18400
FR,18410
FR,18500
FR,18510
FR,18520
FR,18570
FR,18600
FR,18700
FR,18800
FR,18910 9
FR,18911 9
FR,18920 9
FR,18922 9
FR,18923 9
FR,18924 9
FR,18934 9
FR,18935 9
FR,18939 9
FR,18940 9
FR,18941 9
FR,18945 9
FR,18998
FR,19000
FR,19001
FR,19002
FR,19003
FR,19004
FR,19005
FR,19006
FR,19007
FR,19009
FR,19011
FR,19012
FR,19015
FR,19017
FR,19018
FR,19019
FR,19033
FR,19100
FR,19101
FR,19102
FR,19103
FR,19104
FR,19105
FR,19106
FR,19107
FR,19108
FR,19109
FR,19110
FR,19111
FR,19113
FR,19114
FR,19116
FR,19117
FR,19118
FR,19119
FR,19120
FR,19130
FR,19140
FR,19150
FR,19160
FR,19170
FR,19190
FR,19200
FR,19201
FR,19202
FR,19203
FR,19204
FR,19208
FR,19209
FR,19210
FR,19220
FR,19230
FR,19231
FR,19232
FR,19240
FR,19250
FR,19260
FR,19270
FR,19290
FR,19300
FR,19310
FR,19311
FR,19312
FR,19313
FR,19314
FR,19315
FR,19316
FR,19317
FR,19318
FR,19319
FR,19320
FR,19330
FR,19340
FR,19350
FR,19360
FR,19361
FR,19370
FR,19380
FR,19390
FR,19400
FR,19410
FR,19430
FR,19450
FR,19460
FR,19470
FR,19490
FR,19500
FR,19510
FR,19520
FR,19550
FR,19560
FR,19600
FR,19700
FR,19800
FR,20000
FR,20090
FR,20100
FR,20110
FR,20111
FR,20112
FR,20113
FR,20114
FR,20115
FR,20116
FR,20117
FR,20118
FR,20119
FR,20121
FR,20122
FR,20123
FR,20124
FR,20125
FR,20126
FR,20127
FR,20128
FR,20129
FR,20130
FR,20131
FR,20132
FR,20133
FR,20134
FR,20135
FR,20136
FR,20137
FR,20138
FR,20139
FR,20140
FR,20141
FR,20142
FR,20143
FR,20144
FR,20145
FR,20146
FR,20147
FR,20148
FR,20150
FR,20151
FR,20152
FR,20153
FR,20157
FR,20160
FR,20162 1
FR,20163
FR,20164
FR,20165
FR,20166
FR,20167
FR,20168
FR,20169
FR,20170
FR,20171
FR,20172
FR,20173
FR,20174 1
FR,20175 1
FR,20176 1
FR,20177 1
FR,20178 1
FR,20179 1
FR,20180 1
FR,20181 1
FR,20182 1
FR,20183 1
FR,20184 1
FR,20185 1
FR,20186 2
FR,20187 1
FR,20188 1
FR,20189 2
FR,20190
FR,20191 1
FR,20192 4
FR,20193 1
FR,20194 1
FR,20195 1
FR,20197 1
FR,20198 1
FR,20199 1
FR,20200
FR,20212
FR,20213
FR,20214
FR,20215
FR,20217
FR,20218
FR,20219
FR,20220
FR,20221
FR,20222
FR,20223 AIR
FR,20224
FR,20225
FR,20226
FR,20227
FR,20228
FR,20229
FR,20230
FR,20231
FR,20232
FR,20233
FR,20234
FR,20235
FR,20236
FR,20237
FR,20238
FR,20239
FR,20240
FR,20242
FR,20243
FR,20244
FR,20245
FR,20246
FR,20247
FR,20248
FR,20250
FR,20251
FR,20252
FR,20253
FR,20256
FR,20259
FR,20260
FR,20270
FR,20272
FR,20275
FR,20276
FR,20279
FR,20287
FR,20288
FR,20289
FR,20290
FR,20291
FR,20292
FR,20293
FR,20294
FR,20295 9
FR,20296
FR,20297
FR,20298
FR,20299
FR,20302 1
FR,20303 1
FR,20304 1
FR,20305 1
FR,20306 1
FR,20309 1
FR,20311 1
FR,20401 9
FR,20402 9
FR,20403
FR,20405 9
FR,20406 9
FR,20407
FR,20408 9
FR,20409
FR,20410
FR,20411 9
FR,20412
FR,20413
FR,20414 9
FR,20416
FR,20417 9
FR,20418 9
FR,20419 9
FR,20501 5
FR,20502 5
FR,20503 5
FR,20504 5
FR,20537
FR,20538
FR,20600
FR,20601
FR,20604
FR,20611
FR,20620
FR,20700 9
FR,20701 9
FR,20702 9
FR,20703 9
FR,20900 9
FR,21000
FR,21001
FR,21002
FR,21003
FR,21004
FR,21005
FR,21006
FR,21007
FR,21008
FR,21009
FR,21010
FR,21011
FR,21012
FR,21013
FR,21014
FR,21015
FR,21016
FR,21017
FR,21018
FR,21019
FR,21021
FR,21022
FR,21023
FR,21024
FR,21025
FR,21026
FR,21027
FR,21028
FR,21029
FR,21030
FR,21031
FR,21032
FR,21033
FR,21034
FR,21035
FR,21036
FR,21037 9
FR,21038 9
FR,21039
FR,21040
FR,21041
FR,21042
FR,21043 9
FR,21044
FR,21045
FR,21046
FR,21047
FR,21048
FR,21049
FR,21051
FR,21052
FR,21053
FR,21054
FR,21055
FR,21056
FR,21057
FR,21058
FR,21059
FR,21060
FR,21061
FR,21062
FR,21063
FR,21065
FR,21066
FR,21067
FR,21068
FR,21069
FR,21070
FR,21071
FR,21072
FR,21073
FR,21074
FR,21075
FR,21076
FR,21077
FR,21078
FR,21079
FR,21080 9
FR,21081 9
FR,21083 9
FR,21084 9
FR,21085 9
FR,21086 9
FR,21088 9
FR,21089 9
FR,21092 9
FR,21093 9
FR,21097 9
FR,21098 9
FR,21110
FR,21120
FR,21121
FR,21130
FR,21140
FR,21150
FR,21160
FR,21170
FR,21190
FR,21200
FR,21201
FR,21202
FR,21203
FR,21204
FR,21205
FR,21206
FR,21207
FR,21208
FR,21209
FR,21210
FR,21219
FR,21220
FR,21230
FR,21240
FR,21250
FR,21260
FR,21261
FR,21262
FR,21270
FR,21290
FR,21300
FR,21301
FR,21302
FR,21303
FR,21304
FR,21305
FR,21309
FR,21310
FR,21320
FR,21330
FR,21340
FR,21350
FR,21360
FR,21370
FR,21380
FR,21390
FR,21400
FR,21401
FR,21402
FR,21403
FR,21409
FR,21410
FR,21420
FR,21430
FR,21440
FR,21450
FR,21460
FR,21470
FR,21490
FR,21500
FR,21501
FR,21502
FR,21506
FR,21509
FR,21510
FR,21520
FR,21530
FR,21540
FR,21550
FR,21560
FR,21570
FR,21580
FR,21590
FR,21600
FR,21601
FR,21602
FR,21603
FR,21604
FR,21609
FR,21610
FR,21630
FR,21640
FR,21690
FR,21700
FR,21701
FR,21702
FR,21703
FR,21704
FR,21705
FR,21709
FR,21719
FR,21760
FR,21800
FR,21801
FR,21802
FR,21803
FR,21806
FR,21809
FR,21820
FR,21850
FR,21900 9
FR,21910
FR,21998
FR,22000
FR,22001 1
FR,22002 1
FR,22003 1
FR,22004 1
FR,22005 1
FR,22014 1
FR,22015 1
FR,22016 1
FR,22017 1
FR,22021 1
FR,22022 1
FR,22023 1
FR,22024 1
FR,22025 1
FR,22026 1
FR,22027 1
FR,22029 1
FR,22031 1
FR,22032 1
FR,22033 1
FR,22034 1
FR,22035 1
FR,22041 2
FR,22042 2
FR,22043 2
FR,22044 2
FR,22045 2
FR,22046 2
FR,22049 2
FR,22070 3
FR,22079 9
FR,22080 9
FR,22089 9
FR,22091 9
FR,22092 9
FR,22093 9
FR,22095 9
FR,22096 9
FR,22098 9
FR,22099 9
FR,22100
FR,22101
FR,22102
FR,22103
FR,22104
FR,22105
FR,22106
FR,22107
FR,22108
FR,22109
FR,22110
FR,22111
FR,22120
FR,22130
FR,22140
FR,22150
FR,22160
FR,22170
FR,22190
FR,22191
FR,22192
FR,22193
FR,22194
FR,22195
FR,22196
FR,22199
FR,22200
FR,22201
FR,22202
FR,22203
FR,22204
FR,22205
FR,22206
FR,22209
FR,22210
FR,22220
FR,22230
FR,22240
FR,22250
FR,22260
FR,22270
FR,22290
FR,22300
FR,22301
FR,22302
FR,22303
FR,22304
FR,22305
FR,22306
FR,22307
FR,22308
FR,22309
FR,22310
FR,22320
FR,22330
FR,22340
FR,22350
FR,22360
FR,22370
FR,22380
FR,22390
FR,22400
FR,22402
FR,22403
FR,22404
FR,22405
FR,22409
FR,22410
FR,22420
FR,22430
FR,22440
FR,22450
FR,22460
FR,22470
FR,22480
FR,22490
FR,22500
FR,22501
FR,22502
FR,22503
FR,22504
FR,22505
FR,22509
FR,22510
FR,22520
FR,22530
FR,22540
FR,22550
FR,22560
FR,22570
FR,22580
FR,22590
FR,22600
FR,22602
FR,22603
FR,22604
FR,22605
FR,22606
FR,22607
FR,22609
FR,22610
FR,22620
FR,22630
FR,22640
FR,22650
FR,22660
FR,22680
FR,22690
FR,22700
FR,22710
FR,22720
FR,22730
FR,22740
FR,22750
FR,22770
FR,22780
FR,22800
FR,22810
FR,22820
FR,22830
FR,22860
FR,22870
FR,22930
FR,22940
FR,22950
FR,22960
FR,22970
FR,22980
FR,23000
FR,23001
FR,23002
FR,23003
FR,23004
FR,23005
FR,23006
FR,23007
FR,23008
FR,23009
FR,23011
FR,23013
FR,23014
FR,23015
FR,23016
FR,23020
FR,23100
FR,23110
FR,23120
FR,23130
FR,23140
FR,23150
FR,23160
FR,23170
FR,23190
FR,23200
FR,23210
FR,23220
FR,23230
FR,23240
FR,23250
FR,23260
FR,23270
FR,23290
FR,23300
FR,23320
FR,23340
FR,23350
FR,23360
FR,23380
FR,23400
FR,23420
FR,23430
FR,23450
FR,23460
FR,23480
FR,23500
FR,23600
FR,23700
FR,23800
FR,24000
FR,24001
FR,24002
FR,24003
FR,24004
FR,24005
FR,24007
FR,24009
FR,24010
FR,24011
FR,24012
FR,24013
FR,24014
FR,24015
FR,24016
FR,24017
FR,24019
FR,24020
FR,24022
FR,24024
FR,24029
FR,24050 9
FR,24051 9
FR,24052 9
FR,24053
FR,24055 9
FR,24059 9
FR,24060 9
FR,24100
FR,24101
FR,24102
FR,24104
FR,24105
FR,24106
FR,24107
FR,24108
FR,24109
FR,24110
FR,24111
FR,24112
FR,24113
FR,24114
FR,24120
FR,24121
FR,24122
FR,24130
FR,24140
FR,24150
FR,24160
FR,24170
FR,24190
FR,24200
FR,24201
FR,24202
FR,24203
FR,24204
FR,24205
FR,24206
FR,24208
FR,24209
FR,24210
FR,24212
FR,24220
FR,24230
FR,24240
FR,24250
FR,24260
FR,24270
FR,24290
FR,24300
FR,24310
FR,24320
FR,24330
FR,24340
FR,24350
FR,24360
FR,24370
FR,24380
FR,24390
FR,24400
FR,24410
FR,24420
FR,24430
FR,24440
FR,24450
FR,24460
FR,24470
FR,24480
FR,24490
FR,24500
FR,24510
FR,24520
FR,24530
FR,24540
FR,24550
FR,24560
FR,24570
FR,24580
FR,24590
FR,24600
FR,24610
FR,24620
FR,24630
FR,24640
FR,24650
FR,24660
FR,24680
FR,24700
FR,24750
FR,24751
FR,24752
FR,24755
FR,24758
FR,24759
FR,24800
FR,24910 9
FR,24912
FR,24913
FR,24915
FR,24926
FR,25000
FR,25001
FR,25002
FR,25003
FR,25004
FR,25005
FR,25006
FR,25007
FR,25008
FR,25009
FR,25010
FR,25011
FR,25012
FR,25013
FR,25014
FR,25015
FR,25016
FR,25017
FR,25018
FR,25019
FR,25020
FR,25021
FR,25022
FR,25023 9
FR,25024
FR,25025
FR,25026
FR,25027
FR,25029
FR,25030
FR,25031
FR,25032 9
FR,25033
FR,25034
FR,25035
FR,25036
FR,25037
FR,25038
FR,25039
FR,25040 9
FR,25041
FR,25042
FR,25043
FR,25044
FR,25045
FR,25046
FR,25047
FR,25048
FR,25049
FR,25050
FR,25051
FR,25052
FR,25054
FR,25056
FR,25057
FR,25058
FR,25059
FR,25060 9
FR,25061 9
FR,25062 9
FR,25063 9
FR,25068 9
FR,25069 9
FR,25070 9
FR,25071 9
FR,25072 9
FR,25073 9
FR,25075 9
FR,25079
FR,25080 9
FR,25082 9
FR,25083 9
FR,25084 9
FR,25085 9
FR,25086 9
FR,25087 9
FR,25089
FR,25090 9
FR,25098
FR,25099
FR,25110
FR,25111
FR,25112
FR,25113
FR,25114
FR,25115
FR,25116
FR,25117
FR,25118
FR,25119
FR,25120
FR,25130
FR,25140
FR,25150
FR,25160
FR,25170
FR,25190
FR,25200
FR,25201
FR,25202
FR,25203
FR,25204
FR,25205
FR,25206
FR,25207
FR,25208
FR,25209
FR,25210
FR,25211
FR,25212
FR,25213
FR,25214
FR,25215
FR,25216
FR,25217
FR,25218
FR,25219
FR,25220
FR,25230
FR,25240
FR,25250
FR,25260
FR,25270
FR,25290
FR,25300
FR,25301
FR,25302
FR,25303
FR,25304
FR,25309
FR,25310
FR,25320
FR,25330
FR,25340
FR,25350
FR,25360
FR,25370
FR,25380
FR,25390
FR,25400
FR,25401
FR,25402
FR,25403
FR,25404
FR,25405
FR,25406
FR,25409
FR,25410
FR,25420
FR,25430
FR,25440
FR,25450
FR,25460
FR,25461
FR,25462
FR,25469
FR,25470
FR,25479
FR,25480
FR,25490
FR,25500
FR,25501
FR,25502
FR,25503
FR,25504
FR,25508
FR,25509
FR,25510
FR,25520
FR,25530
FR,25550
FR,25560
FR,25570
FR,25580
FR,25600
FR,25601
FR,25602
FR,25603
FR,25604
FR,25605
FR,25606
FR,25607
FR,25608
FR,25609
FR,25610
FR,25620
FR,25630
FR,25640
FR,25650
FR,25660
FR,25680
FR,25690
FR,25700
FR,25701
FR,25702
FR,25706
FR,25707
FR,25708
FR,25709
FR,25720
FR,25750
FR,25770
FR,25790
FR,25800
FR,25820
FR,25840
FR,25870
FR,25909 9
FR,25920
FR,25930
FR,25931 9
FR,25932 9
FR,25933 9
FR,25960
FR,26000
FR,26001
FR,26002
FR,26003
FR,26004
FR,26005
FR,26006
FR,26007
FR,26008
FR,26009
FR,26010
FR,26011
FR,26012
FR,26013
FR,26014
FR,26015
FR,26021
FR,26022 9
FR,26023 9
FR,26024
FR,26025 9
FR,26026 9
FR,26027
FR,26028
FR,26029
FR,26030 9
FR,26031 9
FR,26032
FR,26100
FR,26101
FR,26102
FR,26103
FR,26104
FR,26105
FR,26106
FR,26107
FR,26108
FR,26109
FR,26110
FR,26111
FR,26119
FR,26120
FR,26130
FR,26131
FR,26140
FR,26150
FR,26160
FR,26170
FR,26190
FR,26199
FR,26200
FR,26201
FR,26202
FR,26203
FR,26204
FR,26205
FR,26206
FR,26207
FR,26208
FR,26209
FR,26210
FR,26215
FR,26216
FR,26220
FR,26230
FR,26240
FR,26241
FR,26242
FR,26243
FR,26244
FR,26249
FR,26250
FR,26260
FR,26270
FR,26290
FR,26300
FR,26301
FR,26302
FR,26303
FR,26304
FR,26309
FR,26310
FR,26320
FR,26330
FR,26340
FR,26350
FR,26380
FR,26390
FR,26400
FR,26401
FR,26402
FR,26409
FR,26410
FR,26420
FR,26450
FR,26460
FR,26470
FR,26500
FR,26501
FR,26502
FR,26503
FR,26504
FR,26509
FR,26510
FR,26530
FR,26540
FR,26560
FR,26570
FR,26600
FR,26601
FR,26602
FR,26603
FR,26609
FR,26620
FR,26700
FR,26701
FR,26702
FR,26709
FR,26730
FR,26740
FR,26750
FR,26760
FR,26761
FR,26770
FR,26780
FR,26790
FR,26800
FR,26801
FR,26802
FR,26809
FR,26901 9
FR,26902 9
FR,26903 9
FR,26904 9
FR,26905 9
FR,26906 9
FR,26907 9
FR,26909 9
FR,26950 9
FR,26951 9
FR,26952 9
FR,26953 9
FR,26954 9
FR,26955 9
FR,26956 9
FR,26958 9
FR,27000
FR,27001
FR,27002
FR,27003
FR,27004
FR,27005
FR,27006
FR,27007
FR,27008
FR,27009
FR,27010
FR,27012
FR,27013
FR,27015
FR,27016
FR,27017
FR,27018
FR,27019
FR,27021
FR,27022
FR,27023
FR,27025
FR,27026
FR,27030
FR,27031
FR,27032
FR,27033
FR,27034
FR,27035
FR,27036
FR,27037
FR,27038
FR,27039
FR,27040
FR,27090 9
FR,27091 9
FR,27092 9
FR,27093 9
FR,27094 9
FR,27095 9
FR,27096 9
FR,27097 9
FR,27098 9
FR,27099 9
FR,27100
FR,27101
FR,27102
FR,27103
FR,27104
FR,27105
FR,27106
FR,27107
FR,27108
FR,27109
FR,27110
FR,27120
FR,27121
FR,27122
FR,27127
FR,27130
FR,27131
FR,27132
FR,27133
FR,27134
FR,27135
FR,27136
FR,27137
FR,27138
FR,27140
FR,27150
FR,27160
FR,27170
FR,27180
FR,27190
FR,27200
FR,27201
FR,27202
FR,27203
FR,27204
FR,27205
FR,27206
FR,27207
FR,27208
FR,27209
FR,27210
FR,27220
FR,27230
FR,27240
FR,27250
FR,27260
FR,27270
FR,27290
FR,27300
FR,27301
FR,27302
FR,27303
FR,27304
FR,27305
FR,27306
FR,27307
FR,27308
FR,27309
FR,27310
FR,27320
FR,27330
FR,27340
FR,27350
FR,27360
FR,27370
FR,27380
FR,27390
FR,27400
FR,27401
FR,27402
FR,27403
FR,27404
FR,27405
FR,27406
FR,27407
FR,27409
FR,27410
FR,27420
FR,27430
FR,27440
FR,27450
FR,27460
FR,27470
FR,27480
FR,27490
FR,27500
FR,27501
FR,27502
FR,27503
FR,27504
FR,27505
FR,27506
FR,27507
FR,27508
FR,27509
FR,27510
FR,27520
FR,27530
FR,27540
FR,27550
FR,27560
FR,27570
FR,27580
FR,27590
FR,27600
FR,27607
FR,27610
FR,27620
FR,27630
FR,27640
FR,27650
FR,27660
FR,27670
FR,27680
FR,27690
FR,27700
FR,27701
FR,27702
FR,27703
FR,27705
FR,27710
FR,27720
FR,27730
FR,27740
FR,27750
FR,27760
FR,27770
FR,27780
FR,27790
FR,27800
FR,27810
FR,27820
FR,27830
FR,27850
FR,27860
FR,27870
FR,27890
FR,27909 9
FR,27910
FR,27911 9
FR,27914 9
FR,27920
FR,27924 9
FR,27928 9
FR,27929 9
FR,27930
FR,27931
FR,27932
FR,27933
FR,27936
FR,27939
FR,27940
FR,27949 9
FR,27950
FR,28000
FR,28001
FR,28002
FR,28003
FR,28004
FR,28005
FR,28006
FR,28007
FR,28008
FR,28009
FR,28011
FR,28018
FR,28019
FR,28023
FR,28024
FR,28025
FR,28026
FR,28029
FR,28033
FR,28034
FR,28035
FR,28036
FR,28037
FR,28038
FR,28039
FR,28040
FR,28044 9
FR,28080
FR,28088
FR,28100
FR,28101
FR,28102
FR,28103
FR,28104
FR,28105
FR,28106
FR,28108
FR,28109
FR,28110
FR,28111
FR,28112
FR,28113
FR,28114
FR,28119
FR,28120
FR,28130
FR,28131
FR,28132
FR,28133
FR,28140
FR,28150
FR,28160
FR,28170
FR,28190
FR,28200
FR,28201
FR,28202
FR,28203
FR,28205
FR,28207
FR,28209
FR,28210
FR,28211
FR,28220
FR,28230
FR,28231
FR,28232
FR,28234
FR,28240
FR,28250
FR,28260
FR,28270
FR,28290
FR,28300
FR,28301
FR,28302
FR,28303
FR,28304
FR,28305
FR,28309
FR,28310
FR,28320
FR,28330
FR,28340
FR,28350
FR,28360
FR,28380
FR,28400
FR,28401
FR,28402
FR,28403
FR,28404
FR,28409
FR,28410
FR,28480
FR,28481
FR,28489
FR,28500
FR,28501
FR,28600
FR,28630
FR,28631
FR,28632
FR,28633
FR,28636
FR,28637
FR,28639
FR,28700
FR,28701
FR,28702
FR,28703
FR,28707
FR,28709
FR,28800
FR,28901 9
FR,28910 9
FR,28920 9
FR,28930 9
FR,28931 9
FR,28932 9
FR,28933 9
FR,28935 9
FR,28944 9
FR,28950 9
FR,29000
FR,29018
FR,29080 9
FR,29100
FR,29101
FR,29102
FR,29103
FR,29104
FR,29105
FR,29106
FR,29107
FR,29108
FR,29109
FR,29120
FR,29121
FR,29122
FR,29123
FR,29124
FR,29125
FR,29129
FR,29140
FR,29150
FR,29160
FR,29170
FR,29171
FR,29172
FR,29173
FR,29174
FR,29176
FR,29177
FR,29179
FR,29180
FR,29181
FR,29182
FR,29183
FR,29184
FR,29185
FR,29186
FR,29187
FR,29189
FR,29190
FR,29191
FR,29192
FR,29193
FR,29196
FR,29199
FR,29200
FR,29206
FR,29207
FR,29208
FR,29209
FR,29210 1
FR,29211 1
FR,29212 1
FR,29213 1
FR,29217
FR,29218 2
FR,29219 2
FR,29220 2
FR,29221 2
FR,29222 2
FR,29223 2
FR,29224 2
FR,29225 2
FR,29227 2
FR,29228 2
FR,29229 2
FR,29231 3
FR,29233
FR,29238 2
FR,29240 9
FR,29241
FR,29242
FR,29246
FR,29250
FR,29252
FR,29253
FR,29259
FR,29260
FR,29270
FR,29280
FR,29282 2
FR,29289 2
FR,29290
FR,29299
FR,29300
FR,29310
FR,29320
FR,29321 9
FR,29322
FR,29323
FR,29324
FR,29325
FR,29326
FR,29327
FR,29328
FR,29330
FR,29331
FR,29332 9
FR,29333
FR,29334
FR,29335
FR,29336
FR,29337
FR,29340
FR,29350
FR,29360
FR,29370
FR,29380
FR,29390
FR,29391
FR,29392
FR,29393
FR,29394
FR,29395
FR,29396
FR,29397
FR,29398
FR,29399
FR,29400
FR,29401
FR,29402
FR,29403
FR,29404
FR,29406
FR,29407
FR,29409
FR,29410
FR,29411
FR,29412
FR,29413
FR,29414
FR,29419
FR,29420
FR,29430
FR,29440
FR,29450
FR,29455 2
FR,29460
FR,29470
FR,29480
FR,29490
FR,29500
FR,29510
FR,29520
FR,29530
FR,29540
FR,29550
FR,29551 9
FR,29552 9
FR,29553 9
FR,29554 9
FR,29555 9
FR,29556 9
FR,29557 9
FR,29558 9
FR,29559 9
FR,29560
FR,29561 9
FR,29563 9
FR,29570
FR,29590
FR,29600
FR,29602 2
FR,29606 2
FR,29609 2
FR,29610
FR,29620
FR,29630
FR,29640
FR,29650
FR,29660
FR,29670
FR,29671
FR,29672
FR,29673
FR,29674
FR,29678
FR,29679
FR,29680
FR,29681
FR,29682
FR,29684
FR,29688
FR,29689
FR,29690
FR,29700
FR,29710
FR,29720
FR,29730
FR,29740
FR,29750
FR,29760
FR,29770
FR,29780
FR,29790
FR,29800
FR,29801 9
FR,29802 9
FR,29803 9
FR,29804 9
FR,29806 9
FR,29807 9
FR,29808 9
FR,29809 9
FR,29810
FR,29820
FR,29824 9
FR,29825 9
FR,29827 9
FR,29830
FR,29833
FR,29834
FR,29835
FR,29836
FR,29837
FR,29839
FR,29840
FR,29850
FR,29860
FR,29870
FR,29880
FR,29890
FR,29900
FR,29910
FR,29920
FR,29930
FR,29940
FR,29950
FR,29970
FR,29980
FR,29990
FR,30000
FR,30001 5
FR,30002 6
FR,30003 1
FR,30006 4
FR,30007 4
FR,30008 4
FR,30009 4
FR,30010 4
FR,30011 4
FR,30012 4
FR,30013 1
FR,30014 1
FR,30015 1
FR,30016 1
FR,30017 1
FR,30018 9
FR,30019 9
FR,30020 1
FR,30021 1
FR,30022 1
FR,30023 1
FR,30024 9
FR,30025 1
FR,30028 9
FR,30029 9
FR,30031 1
FR,30032 1
FR,30033 9
FR,30034 1
FR,30035 1
FR,30036 9
FR,30039 1
FR,30040 1
FR,30044 9
FR,30045 9
FR,30048 9
FR,30049 1
FR,30050 1
FR,30051 1
FR,30055 9
FR,30100
FR,30101
FR,30102
FR,30103
FR,30104
FR,30105
FR,30106
FR,30107
FR,30109
FR,30110
FR,30111
FR,30112
FR,30114
FR,30115
FR,30120
FR,30121
FR,30122
FR,30123
FR,30124
FR,30125
FR,30126
FR,30127
FR,30128
FR,30129
FR,30130
FR,30131
FR,30132
FR,30133
FR,30139
FR,30140
FR,30150
FR,30160
FR,30170
FR,30190
FR,30200
FR,30201
FR,30202
FR,30203
FR,30204
FR,30205
FR,30206
FR,30207
FR,30209
FR,30210
FR,30220
FR,30230
FR,30240
FR,30250
FR,30251
FR,30252
FR,30253
FR,30255
FR,30260
FR,30270
FR,30290
FR,30300
FR,30301
FR,30302
FR,30310
FR,30311
FR,30313
FR,30318
FR,30319
FR,30320
FR,30330
FR,30340
FR,30350
FR,30360
FR,30380
FR,30390
FR,30400
FR,30401
FR,30402
FR,30403
FR,30404
FR,30405
FR,30406
FR,30409
FR,30410
FR,30420
FR,30430
FR,30440
FR,30450
FR,30460
FR,30470
FR,30480
FR,30490
FR,30500
FR,30510
FR,30520
FR,30530
FR,30540
FR,30560
FR,30570
FR,30580
FR,30600
FR,30610
FR,30620
FR,30630
FR,30640
FR,30650
FR,30660
FR,30670
FR,30700
FR,30701
FR,30702
FR,30703
FR,30720
FR,30730
FR,30740
FR,30750
FR,30760
FR,30770
FR,30800
FR,30820
FR,30840
FR,30870
FR,30900
FR,30901 9
FR,30903 2
FR,30904 9
FR,30905 2
FR,30906 2
FR,30907 2
FR,30908 2
FR,30910 2
FR,30911 2
FR,30912 2
FR,30913 2
FR,30914 2
FR,30918 2
FR,30920
FR,30921 9
FR,30922 9
FR,30923 9
FR,30924 9
FR,30925 9
FR,30929 2
FR,30931 9
FR,30932 9
FR,30934 9
FR,30935 9
FR,30936 9
FR,30937 9
FR,30939 9
FR,30940
FR,30941 9
FR,30942 9
FR,30943 9
FR,30947 9
FR,30960
FR,30969 9
FR,30971 9
FR,30972 9
FR,30975 9
FR,30980
FR,31000
FR,31001 6
FR,31002 6
FR,31003 6
FR,31004 6
FR,31005 6
FR,31006 6
FR,31007 6
FR,31008 6
FR,31009 6
FR,31010 6
FR,31011 6
FR,31012 6
FR,31013 6
FR,31014 6
FR,31015 6
FR,31016 2
FR,31017 2
FR,31018 2
FR,31019 2
FR,31020 2
FR,31021 2
FR,31022 2
FR,31023 1
FR,31024 3
FR,31025 3
FR,31026 3
FR,31027 3
FR,31028 4
FR,31029 4
FR,31030 4
FR,31031 4
FR,31032 5
FR,31033 5
FR,31034 6
FR,31035 1
FR,31036 1
FR,31037 1
FR,31038 9
FR,31039 9
FR,31040 6
FR,31041 9
FR,31042 9
FR,31043 9
FR,31044 9
FR,31045 9
FR,31046 9
FR,31047 1
FR,31048 4
FR,31049 9
FR,31050 9
FR,31051 9
FR,31052 3
FR,31053 9
FR,31054 4
FR,31055 4
FR,31056 5
FR,31057 1
FR,31058 9
FR,31059 9
FR,31060 9
FR,31061 9
FR,31062 9
FR,31063 9
FR,31064 9
FR,31065 9
FR,31066 6
FR,31067 9
FR,31068 7
FR,31069 7
FR,31070 7
FR,31071 7
FR,31072 7
FR,31073 7
FR,31074 9
FR,31075 2
FR,31076 3
FR,31077 4
FR,31078 4
FR,31079 5
FR,31080 6
FR,31081 1
FR,31082 1
FR,31084 1
FR,31085 2
FR,31086 2
FR,31088 5
FR,31089 9
FR,31090 9
FR,31091 6
FR,31092 9
FR,31093 9
FR,31094 1
FR,31095 9
FR,31096 1
FR,31097 9
FR,31098 6
FR,31099 9
FR,31100
FR,31101 9
FR,31102 1
FR,31103 1
FR,31104 1
FR,31106 1
FR,31107 9
FR,31109 9
FR,31110
FR,31112 9
FR,31120
FR,31121
FR,31122
FR,31123
FR,31124
FR,31125
FR,31126
FR,31127
FR,31128
FR,31129
FR,31130
FR,31131
FR,31132
FR,31133
FR,31134
FR,31135
FR,31136
FR,31137
FR,31138
FR,31139
FR,31140
FR,31141
FR,31142
FR,31149
FR,31150
FR,31151
FR,31152
FR,31155
FR,31159
FR,31160
FR,31170
FR,31180
FR,31189 1
FR,31190
FR,31200
FR,31201 2
FR,31203 2
FR,31204 2
FR,31205 2
FR,31210
FR,31220
FR,31230
FR,31240
FR,31241
FR,31242
FR,31243
FR,31244
FR,31245
FR,31249
FR,31250
FR,31260
FR,31270
FR,31280
FR,31289 2
FR,31290
FR,31300
FR,31310
FR,31312
FR,31313
FR,31314
FR,31315
FR,31317
FR,31319
FR,31320
FR,31321
FR,31322
FR,31325
FR,31326
FR,31329
FR,31330
FR,31340
FR,31350
FR,31360
FR,31370
FR,31380
FR,31389 3
FR,31390
FR,31400
FR,31401 9
FR,31402 4
FR,31403 9
FR,31404 4
FR,31405 4
FR,31406 9
FR,31410
FR,31420
FR,31430
FR,31432 4
FR,31440
FR,31450
FR,31460
FR,31470
FR,31480
FR,31489 4
FR,31490
FR,31500
FR,31503 9
FR,31504 5
FR,31505 5
FR,31506 5
FR,31507 5
FR,31510
FR,31512 5
FR,31520
FR,31521
FR,31522
FR,31524
FR,31529
FR,31530
FR,31540
FR,31550
FR,31560
FR,31570
FR,31580
FR,31589 5
FR,31590
FR,31600
FR,31601
FR,31602
FR,31603
FR,31604
FR,31605
FR,31606
FR,31608
FR,31609
FR,31620
FR,31621
FR,31629
FR,31650
FR,31660
FR,31670
FR,31671
FR,31672
FR,31673
FR,31674
FR,31675
FR,31676
FR,31677
FR,31678
FR,31679
FR,31681
FR,31682
FR,31683
FR,31685 6
FR,31689 6
FR,31692
FR,31700
FR,31701
FR,31702
FR,31703
FR,31704
FR,31705
FR,31706
FR,31707
FR,31708
FR,31709
FR,31711
FR,31712
FR,31715
FR,31716
FR,31750
FR,31770
FR,31771
FR,31772
FR,31773
FR,31774
FR,31776
FR,31777
FR,31779
FR,31780
FR,31790
FR,31800
FR,31801
FR,31802
FR,31803
FR,31804
FR,31805
FR,31806
FR,31807
FR,31809
FR,31810
FR,31820
FR,31830
FR,31831
FR,31832
FR,31839
FR,31840
FR,31850
FR,31860
FR,31870
FR,31880
FR,31900 9
FR,31901 6
FR,31902 6
FR,31903 6
FR,31931 9
FR,31945 9
FR,31947 9
FR,31950 9
FR,31957 9
FR,31958 9
FR,31960 9
FR,31962 9
FR,31998
FR,31999 9
FR,32000
FR,32001
FR,32002
FR,32003
FR,32004
FR,32005
FR,32007
FR,32008
FR,32009
FR,32010
FR,32011
FR,32012
FR,32013
FR,32014
FR,32016 9
FR,32017 9
FR,32018 9
FR,32019 9
FR,32020 9
FR,32021 9
FR,32022 9
FR,32100
FR,32110
FR,32120
FR,32129
FR,32130
FR,32140
FR,32150
FR,32160
FR,32170
FR,32190
FR,32200
FR,32201
FR,32209
FR,32220
FR,32230
FR,32240
FR,32250
FR,32260
FR,32270
FR,32290
FR,32300
FR,32310
FR,32320
FR,32330
FR,32340
FR,32350
FR,32360
FR,32370
FR,32380
FR,32390
FR,32400
FR,32410
FR,32420
FR,32430
FR,32440
FR,32450
FR,32460
FR,32480
FR,32490
FR,32500
FR,32501
FR,32502
FR,32505
FR,32509
FR,32550
FR,32600
FR,32700
FR,32720
FR,32730
FR,32800
FR,32810
FR,33000
FR,33001
FR,33002
FR,33004
FR,33005
FR,33006
FR,33007
FR,33008
FR,33009
FR,33010
FR,33011
FR,33012
FR,33015
FR,33019
FR,33020
FR,33021
FR,33023
FR,33024
FR,33025
FR,33026
FR,33027
FR,33028
FR,33029
FR,33030
FR,33031
FR,33032
FR,33033
FR,33034
FR,33035
FR,33036
FR,33037
FR,33038
FR,33040
FR,33041
FR,33042
FR,33043
FR,33047
FR,33048
FR,33049
FR,33050
FR,33051
FR,33052
FR,33053
FR,33054
FR,33055
FR,33056
FR,33057
FR,33058
FR,33059
FR,33060
FR,33061
FR,33062
FR,33063
FR,33064
FR,33065
FR,33066
FR,33067
FR,33068
FR,33069
FR,33070
FR,33071
FR,33072
FR,33073
FR,33074
FR,33075
FR,33076
FR,33077
FR,33078
FR,33079
FR,33080
FR,33081
FR,33082
FR,33083
FR,33084
FR,33085
FR,33086
FR,33087
FR,33088
FR,33089
FR,33090
FR,33091
FR,33092
FR,33093
FR,33094
FR,33095
FR,33096
FR,33097
FR,33098
FR,33099
FR,33100
FR,33110
FR,33112
FR,33113
FR,33114
FR,33115
FR,33116
FR,33120
FR,33121
FR,33123
FR,33124
FR,33125
FR,33126
FR,33127
FR,33130
FR,33133
FR,33138
FR,33140
FR,33141
FR,33148
FR,33150
FR,33151
FR,33152
FR,33153
FR,33155
FR,33160
FR,33164
FR,33165
FR,33166
FR,33167
FR,33169
FR,33170
FR,33171
FR,33172
FR,33173
FR,33174
FR,33175
FR,33180
FR,33185
FR,33186
FR,33187
FR,33190
FR,33191
FR,33192
FR,33193
FR,33200
FR,33210
FR,33211
FR,33212
FR,33213
FR,33214
FR,33219
FR,33220
FR,33230
FR,33240
FR,33250
FR,33260
FR,33270
FR,33271
FR,33272
FR,33273
FR,33274
FR,33278
FR,33279
FR,33290
FR,33291
FR,33292
FR,33293
FR,33294
FR,33295
FR,33300
FR,33305
FR,33306
FR,33309
FR,33310
FR,33311
FR,33312
FR,33313
FR,33314
FR,33319
FR,33320
FR,33321
FR,33322
FR,33323
FR,33324
FR,33326
FR,33327
FR,33329
FR,33330
FR,33335
FR,33340
FR,33341
FR,33350
FR,33360
FR,33370
FR,33380
FR,33390
FR,33391
FR,33392
FR,33393
FR,33394
FR,33395
FR,33400
FR,33401
FR,33402
FR,33403
FR,33404
FR,33405
FR,33409
FR,33410
FR,33420
FR,33430
FR,33440
FR,33450
FR,33451
FR,33452
FR,33460
FR,33461
FR,33469
FR,33470
FR,33480
FR,33490
FR,33491
FR,33492
FR,33495
FR,33500
FR,33501
FR,33502
FR,33503
FR,33504
FR,33505
FR,33506
FR,33507
FR,33509
FR,33510
FR,33515
FR,33520
FR,33521
FR,33522
FR,33523
FR,33524
FR,33525
FR,33526
FR,33527
FR,33529
FR,33530
FR,33540
FR,33550
FR,33560
FR,33561
FR,33562
FR,33563
FR,33564
FR,33565
FR,33570
FR,33580
FR,33590
FR,33600
FR,33601
FR,33602
FR,33603
FR,33604
FR,33605
FR,33606
FR,33607
FR,33608
FR,33609
FR,33610
FR,33611
FR,33612
FR,33613
FR,33614
FR,33615
FR,33620
FR,33621
FR,33625 9
FR,33626 9
FR,33627 9
FR,33629 9
FR,33640
FR,33650
FR,33652
FR,33660
FR,33670
FR,33680
FR,33688
FR,33689
FR,33690
FR,33691
FR,33692
FR,33693
FR,33694
FR,33695
FR,33696 9
FR,33697
FR,33698
FR,33699
FR,33700
FR,33701
FR,33702
FR,33703
FR,33704
FR,33705
FR,33706
FR,33707
FR,33708
FR,33709
FR,33710
FR,33720
FR,33730
FR,33731 9
FR,33732 9
FR,33733 9
FR,33734 9
FR,33735 9
FR,33736 9
FR,33737 9
FR,33738 9
FR,33739 9
FR,33740
FR,33741 9
FR,33747 9
FR,33750
FR,33760
FR,33770
FR,33780
FR,33790
FR,33800
FR,33801
FR,33810
FR,33820
FR,33830
FR,33840
FR,33850
FR,33860
FR,33870
FR,33880
FR,33881
FR,33882
FR,33883
FR,33884
FR,33885
FR,33886
FR,33887
FR,33890
FR,33900 9
FR,33901 9
FR,33902 9
FR,33903 9
FR,33904 9
FR,33905 9
FR,33906 9
FR,33907 9
FR,33909 9
FR,33910
FR,33911 9
FR,33912 9
FR,33913 9
FR,33914 9
FR,33915 9
FR,33918 9
FR,33919 9
FR,33920
FR,33930
FR,33950
FR,33970
FR,33980
FR,33990
FR,33998
FR,34000
FR,34001 1
FR,34002 1
FR,34003 1
FR,34004 1
FR,34006 1
FR,34007 1
FR,34008 1
FR,34009 1
FR,34010 1
FR,34011 1
FR,34012 1
FR,34023 1
FR,34024 1
FR,34025 1
FR,34026 1
FR,34027 1
FR,34028 1
FR,34030 1
FR,34032 1
FR,34033 1
FR,34034 1
FR,34035 1
FR,34037 1
FR,34038 1
FR,34039 1
FR,34040 1
FR,34041 1
FR,34042 1
FR,34043 1
FR,34045 1
FR,34046 1
FR,34048 1
FR,34049 1
FR,34051 1
FR,34053 1
FR,34054 1
FR,34055 1
FR,34056 1
FR,34058 1
FR,34060 2
FR,34061 2
FR,34062 2
FR,34063 2
FR,34064 2
FR,34065 2
FR,34066 2
FR,34067 2
FR,34068 2
FR,34070
FR,34071 3
FR,34072 3
FR,34073 3
FR,34074 3
FR,34075 3
FR,34076 3
FR,34077 3
FR,34078 3
FR,34079 3
FR,34080
FR,34082 4
FR,34083 4
FR,34085 4
FR,34086 4
FR,34087 4
FR,34089 4
FR,34090
FR,34091 5
FR,34092 5
FR,34093 5
FR,34094 5
FR,34095 5
FR,34096 5
FR,34097 5
FR,34098 5
FR,34099 5
FR,34110
FR,34111
FR,34112
FR,34113
FR,34114
FR,34115
FR,34116
FR,34117
FR,34118
FR,34119
FR,34120
FR,34130
FR,34131
FR,34132
FR,34137
FR,34138
FR,34139
FR,34140
FR,34150
FR,34160
FR,34170
FR,34171
FR,34172
FR,34173
FR,34174
FR,34178
FR,34179
FR,34181 4
FR,34183 4
FR,34184 4
FR,34186 4
FR,34187 4
FR,34190
FR,34191 5
FR,34192 5
FR,34193 5
FR,34194 5
FR,34195 5
FR,34196 5
FR,34197 5
FR,34198 5
FR,34199 5
FR,34200
FR,34201
FR,34202
FR,34203
FR,34204
FR,34207
FR,34209
FR,34210
FR,34220
FR,34230
FR,34240
FR,34250
FR,34260
FR,34261 2
FR,34262 2
FR,34263 2
FR,34264 2
FR,34265 2
FR,34266 2
FR,34267 2
FR,34270
FR,34274 3
FR,34280
FR,34290
FR,34293 5
FR,34294 5
FR,34295 5
FR,34296 5
FR,34297 5
FR,34298 5
FR,34299 5
FR,34300
FR,34301
FR,34302
FR,34303
FR,34304
FR,34305
FR,34307
FR,34309
FR,34310
FR,34320
FR,34330
FR,34340
FR,34350
FR,34360
FR,34370
FR,34380
FR,34390
FR,34391 5
FR,34392 5
FR,34393 5
FR,34394 5
FR,34396 5
FR,34397 5
FR,34398 5
FR,34399 5
FR,34400
FR,34401
FR,34402
FR,34403
FR,34404
FR,34409
FR,34410
FR,34420
FR,34430
FR,34431
FR,34433
FR,34434
FR,34435
FR,34438
FR,34439
FR,34440
FR,34450
FR,34460
FR,34470
FR,34473
FR,34477
FR,34480
FR,34490
FR,34500
FR,34501
FR,34502
FR,34503
FR,34504
FR,34505
FR,34506
FR,34507
FR,34508
FR,34510
FR,34513
FR,34514
FR,34515
FR,34516
FR,34517
FR,34518
FR,34520
FR,34521
FR,34522
FR,34523
FR,34524
FR,34525
FR,34526
FR,34529
FR,34530
FR,34534
FR,34535
FR,34536
FR,34537
FR,34539
FR,34540
FR,34543
FR,34544
FR,34545
FR,34550
FR,34560
FR,34564
FR,34570
FR,34590
FR,34600
FR,34610
FR,34620
FR,34630
FR,34650
FR,34660
FR,34670
FR,34671
FR,34680
FR,34690
FR,34700
FR,34701
FR,34702
FR,34710
FR,34720
FR,34725
FR,34730
FR,34740
FR,34741
FR,34742
FR,34747
FR,34748
FR,34749
FR,34750
FR,34751
FR,34753
FR,34760
FR,34770
FR,34790
FR,34800
FR,34810
FR,34820
FR,34830
FR,34850
FR,34871
FR,34872
FR,34873
FR,34874
FR,34875
FR,34880
FR,34900 9
FR,34920
FR,34923 9
FR,34925 9
FR,34926 9
FR,34932 9
FR,34933 9
FR,34934 9
FR,34935 9
FR,34937 9
FR,34938 9
FR,34939 9
FR,34940 9
FR,34942 9
FR,34943 9
FR,34944 9
FR,34948 9
FR,34949 9
FR,34954 2
FR,34955 2
FR,34956 2
FR,34957 2
FR,34958 2
FR,34959 9
FR,34960 2
FR,34961 2
FR,34962 2
FR,34964 2
FR,34965 2
FR,34967 2
FR,34970
FR,34972
FR,34973
FR,34974
FR,34975
FR,34977
FR,34980
FR,34981
FR,34982
FR,34983
FR,34984
FR,34985
FR,34986
FR,34987
FR,34989
FR,34990
FR,35000
FR,35001
FR,35002
FR,35003
FR,35004
FR,35005
FR,35006
FR,35007
FR,35008
FR,35009
FR,35010
FR,35011
FR,35012
FR,35014 7
FR,35015 2
FR,35016
FR,35018 7
FR,35020 9
FR,35021 9
FR,35022 2
FR,35023 9
FR,35024 9
FR,35026 9
FR,35027 9
FR,35028 9
FR,35029
FR,35030 9
FR,35031
FR,35032
FR,35033 9
FR,35034 9
FR,35035 9
FR,35039
FR,35040
FR,35042
FR,35043
FR,35044
FR,35045 9
FR,35046 9
FR,35047 9
FR,35049
FR,35050 9
FR,35051 9
FR,35052 9
FR,35053 9
FR,35054 9
FR,35055 9
FR,35057 9
FR,35058 9
FR,35059
FR,35063
FR,35064
FR,35065
FR,35066
FR,35067
FR,35069
FR,35070 9
FR,35071 9
FR,35073 9
FR,35076 9
FR,35078 9
FR,35079 7
FR,35080 9
FR,35081 9
FR,35082
FR,35083
FR,35084
FR,35085
FR,35086
FR,35087
FR,35088 9
FR,35089
FR,35090 9
FR,35091 9
FR,35092 9
FR,35093 9
FR,35094 9
FR,35099 9
FR,35101 3
FR,35102 3
FR,35103 3
FR,35104 3
FR,35105 3
FR,35106 3
FR,35108 3
FR,35109 3
FR,35111
FR,35113
FR,35114
FR,35120
FR,35130
FR,35131
FR,35132
FR,35133
FR,35134
FR,35135
FR,35136
FR,35137
FR,35140
FR,35150
FR,35160
FR,35161
FR,35162
FR,35163
FR,35164
FR,35166
FR,35169
FR,35170
FR,35171
FR,35172
FR,35174
FR,35175
FR,35176
FR,35177
FR,35190
FR,35200
FR,35201 2
FR,35202 2
FR,35203 2
FR,35204 2
FR,35205 2
FR,35207 2
FR,35208 2
FR,35209 2
FR,35210
FR,35220
FR,35221
FR,35230
FR,35235
FR,35236
FR,35240
FR,35250
FR,35260
FR,35270
FR,35290
FR,35300
FR,35301
FR,35302
FR,35303
FR,35304
FR,35305
FR,35306
FR,35309
FR,35310
FR,35320
FR,35330
FR,35340
FR,35341
FR,35342
FR,35345
FR,35349
FR,35350
FR,35360
FR,35370
FR,35380
FR,35390
FR,35400
FR,35401
FR,35402
FR,35403
FR,35404
FR,35405
FR,35406
FR,35407
FR,35408
FR,35409
FR,35410
FR,35411
FR,35412
FR,35413
FR,35414
FR,35415
FR,35416
FR,35417
FR,35418
FR,35419
FR,35420
FR,35430
FR,35431
FR,35432
FR,35433
FR,35435
FR,35439
FR,35440
FR,35450
FR,35460
FR,35470
FR,35480
FR,35490
FR,35500
FR,35501
FR,35502
FR,35503
FR,35504
FR,35505
FR,35506
FR,35507
FR,35509
FR,35510
FR,35511
FR,35512
FR,35513
FR,35514
FR,35515
FR,35516
FR,35517
FR,35518
FR,35519
FR,35520
FR,35521
FR,35530
FR,35531
FR,35532
FR,35533
FR,35538
FR,35539
FR,35540
FR,35550
FR,35560
FR,35571
FR,35572
FR,35573
FR,35574
FR,35576
FR,35577
FR,35578
FR,35579
FR,35580
FR,35590
FR,35600
FR,35601
FR,35602
FR,35603
FR,35605
FR,35606
FR,35610
FR,35620
FR,35630
FR,35640
FR,35650
FR,35651
FR,35652
FR,35653
FR,35659
FR,35660
FR,35680
FR,35690
FR,35700
FR,35701 7
FR,35702 7
FR,35703 7
FR,35704 7
FR,35705 7
FR,35706 7
FR,35707 7
FR,35708 7
FR,35709 7
FR,35711 7
FR,35720
FR,35730
FR,35740
FR,35741
FR,35742
FR,35743
FR,35744
FR,35746
FR,35750
FR,35760
FR,35761
FR,35762
FR,35763
FR,35764
FR,35765
FR,35766
FR,35767
FR,35768
FR,35769
FR,35770
FR,35771
FR,35772
FR,35780
FR,35800
FR,35801
FR,35802
FR,35803
FR,35830
FR,35831
FR,35832
FR,35833
FR,35850
FR,35870
FR,35890
FR,35900 9
FR,35901 9
FR,35902 9
FR,35903 9
FR,35904 9
FR,35905 9
FR,35906 9
FR,35907 9
FR,35908 9
FR,35909 9
FR,35911 9
FR,35912 9
FR,35913 9
FR,35914 9
FR,35915 9
FR,35916 9
FR,35917 9
FR,35918 9
FR,35919 9
FR,35920
FR,35921
FR,35960
FR,35998 9
FR,36000
FR,36001
FR,36002
FR,36003
FR,36004
FR,36005
FR,36006
FR,36007
FR,36008
FR,36009
FR,36010
FR,36011
FR,36012
FR,36013
FR,36014
FR,36015
FR,36016
FR,36017
FR,36018
FR,36019
FR,36020
FR,36021
FR,36022
FR,36023
FR,36024
FR,36025
FR,36026
FR,36027
FR,36028
FR,36029
FR,36032
FR,36033
FR,36100
FR,36101
FR,36102
FR,36103
FR,36104
FR,36105
FR,36107
FR,36109
FR,36110
FR,36120
FR,36130
FR,36131
FR,36140
FR,36150
FR,36160
FR,36170
FR,36180
FR,36190
FR,36200
FR,36210
FR,36220
FR,36230
FR,36240
FR,36250
FR,36255
FR,36260
FR,36270
FR,36290
FR,36300
FR,36301
FR,36310
FR,36320
FR,36330
FR,36340
FR,36350
FR,36360
FR,36370
FR,36400
FR,36500
FR,36501
FR,36505
FR,36600
FR,36700
FR,36800
FR,36910 9
FR,36915 9
FR,37000
FR,37008 1
FR,37009 1
FR,37010 1
FR,37011 1
FR,37012 1
FR,37013 1
FR,37014 1
FR,37015 1
FR,37016 1
FR,37017 1
FR,37018 1
FR,37019 1
FR,37020 1
FR,37025 1
FR,37026 1
FR,37027 1
FR,37028 1
FR,37029 1
FR,37032 1
FR,37033 1
FR,37034 1
FR,37035 9
FR,37038 1
FR,37039 1
FR,37040 9
FR,37041 1
FR,37042 1
FR,37043 1
FR,37044 9
FR,37045 9
FR,37047 1
FR,37048 1
FR,37049 1
FR,37058 1
FR,37059 1
FR,37060 9
FR,37061 1
FR,37071 2
FR,37072 2
FR,37073 2
FR,37074 2
FR,37075 2
FR,37076 2
FR,37077 2
FR,37078 2
FR,37079 2
FR,37080 2
FR,37081 2
FR,37082 2
FR,37089 2
FR,37095 2
FR,37096 2
FR,37097 2
FR,37098 2
FR,37099 2
FR,37100
FR,37110
FR,37120
FR,37130
FR,37140
FR,37150
FR,37152
FR,37160
FR,37170
FR,37171
FR,37172
FR,37173
FR,37174
FR,37175
FR,37179
FR,37190
FR,37200
FR,37204 3
FR,37205 3
FR,37206 3
FR,37209 3
FR,37210
FR,37220
FR,37230
FR,37240
FR,37250
FR,37260
FR,37270
FR,37290
FR,37300
FR,37301
FR,37302
FR,37303
FR,37304
FR,37305
FR,37306
FR,37309
FR,37310
FR,37320
FR,37321
FR,37330
FR,37340
FR,37350
FR,37360
FR,37370
FR,37380
FR,37390
FR,37400
FR,37401
FR,37402
FR,37403
FR,37404
FR,37409
FR,37420
FR,37460
FR,37500
FR,37501
FR,37502
FR,37509
FR,37510
FR,37520
FR,37521
FR,37530
FR,37540
FR,37541
FR,37542
FR,37549
FR,37550
FR,37551
FR,37552
FR,37553
FR,37554
FR,37555
FR,37556
FR,37600
FR,37601
FR,37602
FR,37609
FR,37700
FR,37701
FR,37702
FR,37703
FR,37705
FR,37709
FR,37800
FR,37910 9
FR,37911 9
FR,37912 9
FR,37913 9
FR,37915 9
FR,37917 9
FR,37921 9
FR,37922 9
FR,37924 9
FR,37925 9
FR,37926 9
FR,37927 9
FR,37928 9
FR,37929 9
FR,37931 9
FR,37932 9
FR,37941 9
FR,37942 9
FR,38000
FR,38001 1
FR,38002 1
FR,38003 1
FR,38004 1
FR,38005 1
FR,38006 1
FR,38007 1
FR,38008 1
FR,38009 1
FR,38010 1
FR,38011 1
FR,38012 1
FR,38013 1
FR,38014 1
FR,38015 1
FR,38016 1
FR,38017 1
FR,38018 1
FR,38019 1
FR,38021 1
FR,38022 1
FR,38023 1
FR,38024 1
FR,38025 1
FR,38026 1
FR,38027 1
FR,38028 1
FR,38029 2
FR,38030 2
FR,38031 1
FR,38032 1
FR,38033 2
FR,38034 2
FR,38035 2
FR,38036 2
FR,38037 2
FR,38039 1
FR,38040 9
FR,38041 9
FR,38042 9
FR,38043 9
FR,38044 9
FR,38045 9
FR,38046 9
FR,38047 2
FR,38048 1
FR,38049 9
FR,38050 9
FR,38051 9
FR,38052 9
FR,38053 9
FR,38054 9
FR,38056 9
FR,38058 9
FR,38059 2
FR,38061 1
FR,38063 1
FR,38065 2
FR,38066 2
FR,38067 2
FR,38069 2
FR,38070
FR,38074
FR,38077
FR,38080
FR,38081
FR,38089
FR,38090
FR,38091
FR,38092
FR,38093
FR,38096
FR,38097
FR,38098
FR,38099
FR,38100
FR,38110
FR,38112
FR,38113
FR,38114
FR,38118
FR,38119
FR,38120
FR,38121
FR,38122
FR,38130
FR,38134
FR,38138
FR,38140
FR,38142
FR,38144
FR,38146
FR,38147
FR,38148
FR,38150
FR,38152
FR,38153
FR,38154
FR,38159
FR,38160
FR,38161
FR,38162
FR,38163
FR,38164
FR,38165
FR,38169
FR,38170
FR,38171
FR,38172
FR,38173
FR,38174
FR,38176
FR,38179
FR,38180
FR,38190
FR,38191
FR,38196
FR,38197
FR,38200
FR,38201
FR,38202
FR,38203
FR,38204
FR,38205
FR,38206
FR,38207
FR,38208
FR,38209
FR,38210
FR,38211
FR,38216
FR,38217
FR,38218
FR,38219
FR,38220
FR,38230
FR,38231
FR,38232
FR,38236
FR,38240
FR,38241
FR,38242
FR,38243
FR,38244
FR,38246
FR,38249
FR,38250
FR,38256 9
FR,38260
FR,38261
FR,38269
FR,38270
FR,38280
FR,38290
FR,38291
FR,38292
FR,38293
FR,38295
FR,38296
FR,38297
FR,38299
FR,38300
FR,38301
FR,38302
FR,38303
FR,38304
FR,38305
FR,38307
FR,38309
FR,38311
FR,38312
FR,38313
FR,38314
FR,38315
FR,38317
FR,38319
FR,38320
FR,38321
FR,38322
FR,38326
FR,38327
FR,38329
FR,38330
FR,38331
FR,38332
FR,38333
FR,38334
FR,38340
FR,38341
FR,38342
FR,38343
FR,38345
FR,38346
FR,38347
FR,38349
FR,38350
FR,38351
FR,38352
FR,38353
FR,38354
FR,38356
FR,38357
FR,38358
FR,38359
FR,38360
FR,38361
FR,38370
FR,38380
FR,38390
FR,38400
FR,38401
FR,38402
FR,38403
FR,38404
FR,38405
FR,38406
FR,38407
FR,38408
FR,38409
FR,38410
FR,38420
FR,38430
FR,38431
FR,38432
FR,38433
FR,38434
FR,38435
FR,38436
FR,38437
FR,38439
FR,38440
FR,38450
FR,38460
FR,38470
FR,38480
FR,38490
FR,38500
FR,38501
FR,38502
FR,38503
FR,38504
FR,38505
FR,38506
FR,38507
FR,38508
FR,38509
FR,38510
FR,38511
FR,38516
FR,38519
FR,38520
FR,38521
FR,38522
FR,38523
FR,38524
FR,38526
FR,38529
FR,38530
FR,38540
FR,38550
FR,38551
FR,38552
FR,38553
FR,38554
FR,38555
FR,38556
FR,38557
FR,38559
FR,38560
FR,38570
FR,38580
FR,38590
FR,38591
FR,38600
FR,38601
FR,38602
FR,38603
FR,38609
FR,38610
FR,38620
FR,38630
FR,38640
FR,38650
FR,38660
FR,38670
FR,38680
FR,38690
FR,38700
FR,38701
FR,38702
FR,38706
FR,38707
FR,38708
FR,38709
FR,38710
FR,38730
FR,38731
FR,38740
FR,38750
FR,38760
FR,38761
FR,38763
FR,38767
FR,38769
FR,38770
FR,38780
FR,38781
FR,38782
FR,38784
FR,38789
FR,38790
FR,38800
FR,38801
FR,38802
FR,38803
FR,38816 1
FR,38817 1
FR,38821 2
FR,38830
FR,38840
FR,38850
FR,38860
FR,38870
FR,38880
FR,38890
FR,38900 9
FR,38913
FR,38920
FR,38921
FR,38926
FR,38927
FR,38930
FR,38940
FR,38941
FR,38943
FR,38944
FR,38950
FR,38960
FR,38970
FR,38980
FR,39000
FR,39001
FR,39002
FR,39003
FR,39004
FR,39005
FR,39006
FR,39007
FR,39008
FR,39009
FR,39010
FR,39015
FR,39016
FR,39021
FR,39029
FR,39030 9
FR,39031 9
FR,39032 9
FR,39033 9
FR,39034 9
FR,39035 9
FR,39036 9
FR,39037 9
FR,39038 9
FR,39039 9
FR,39100
FR,39101
FR,39102
FR,39103
FR,39104
FR,39105
FR,39106
FR,39107
FR,39108
FR,39109
FR,39110
FR,39120
FR,39130
FR,39140
FR,39150
FR,39160
FR,39170
FR,39171
FR,39180
FR,39181
FR,39189
FR,39190
FR,39200
FR,39201
FR,39202
FR,39203
FR,39204
FR,39205
FR,39206
FR,39207
FR,39208
FR,39209
FR,39210
FR,39211
FR,39219
FR,39220
FR,39230
FR,39240
FR,39250
FR,39260
FR,39261
FR,39270
FR,39290
FR,39300
FR,39301
FR,39302
FR,39303
FR,39304
FR,39305
FR,39306
FR,39307
FR,39308
FR,39309
FR,39310
FR,39320
FR,39330
FR,39350
FR,39360
FR,39370
FR,39380
FR,39400
FR,39401
FR,39402
FR,39403
FR,39404
FR,39405
FR,39406
FR,39407
FR,39408
FR,39409
FR,39410
FR,39460
FR,39500
FR,39501
FR,39502
FR,39520
FR,39570
FR,39600
FR,39601
FR,39602
FR,39603
FR,39605
FR,39609
FR,39700
FR,39800
FR,39801
FR,39802
FR,39803
FR,39804
FR,39805
FR,39806
FR,39807
FR,39808
FR,39809
FR,40000
FR,40001
FR,40002
FR,40003
FR,40004
FR,40005
FR,40006
FR,40011
FR,40012
FR,40013
FR,40015
FR,40016
FR,40017
FR,40018
FR,40019
FR,40021
FR,40022
FR,40023
FR,40024
FR,40025
FR,40026
FR,40027
FR,40090
FR,40100
FR,40101
FR,40102
FR,40103
FR,40104
FR,40105
FR,40106
FR,40107
FR,40108
FR,40110
FR,40115 AIR
FR,40118
FR,40120
FR,40130
FR,40140
FR,40141
FR,40150
FR,40160
FR,40161
FR,40170
FR,40180
FR,40190
FR,40200
FR,40201
FR,40202
FR,40210
FR,40220
FR,40230
FR,40231
FR,40232
FR,40235
FR,40239
FR,40240
FR,40250
FR,40260
FR,40270
FR,40280
FR,40281
FR,40282
FR,40286
FR,40290
FR,40300
FR,40301
FR,40305
FR,40309
FR,40310
FR,40320
FR,40330
FR,40350
FR,40360
FR,40370
FR,40380
FR,40390
FR,40400
FR,40410
FR,40420
FR,40430
FR,40440
FR,40460
FR,40465
FR,40480
FR,40500
FR,40501
FR,40502
FR,40510
FR,40530
FR,40550
FR,40560
FR,40600
FR,40601
FR,40602
FR,40630
FR,40660
FR,40700
FR,40701
FR,40705
FR,40800
FR,40801
FR,40805
FR,40990
FR,40991
FR,40992
FR,40993
FR,40994
FR,41000
FR,41001
FR,41002
FR,41003
FR,41004
FR,41005
FR,41006
FR,41007
FR,41008
FR,41009
FR,41010
FR,41011
FR,41012
FR,41013
FR,41015
FR,41016
FR,41018
FR,41019
FR,41020
FR,41022
FR,41023
FR,41025
FR,41026
FR,41028
FR,41029
FR,41033
FR,41034
FR,41035
FR,41042
FR,41043
FR,41100
FR,41101
FR,41102
FR,41103
FR,41105
FR,41106
FR,41109
FR,41110
FR,41120
FR,41121
FR,41122
FR,41130
FR,41140
FR,41150
FR,41151
FR,41160
FR,41170
FR,41190
FR,41200
FR,41201
FR,41202
FR,41203
FR,41204
FR,41205
FR,41206
FR,41207
FR,41210
FR,41220
FR,41230
FR,41240
FR,41250
FR,41260
FR,41261
FR,41270
FR,41290
FR,41300
FR,41310
FR,41320
FR,41330
FR,41350
FR,41353
FR,41354
FR,41355
FR,41357
FR,41360
FR,41370
FR,41400
FR,41401
FR,41402
FR,41406
FR,41500
FR,41600
FR,41700
FR,41800
FR,41901 9
FR,41903 9
FR,41904 9
FR,41905 9
FR,41906 9
FR,41908 9
FR,41909 9
FR,41910 9
FR,41913 9
FR,41914 9
FR,41915 9
FR,41918 9
FR,41919 9
FR,41921 9
FR,41924 9
FR,41925 9
FR,41930 9
FR,41931 9
FR,41932 9
FR,41933 9
FR,41936 9
FR,41941 9
FR,41942 9
FR,41943 9
FR,41945 9
FR,41948 9
FR,41949 9
FR,41950 9
FR,41951 9
FR,41958 9
FR,41960 9
FR,41963 9
FR,41964 9
FR,41965 9
FR,41966 9
FR,41967 9
FR,41968 9
FR,41970 9
FR,41971 9
FR,41972 9
FR,41973 9
FR,41974 9
FR,41975 9
FR,41976 9
FR,42000
FR,42001 1
FR,42002 1
FR,42003 1
FR,42004 1
FR,42005 1
FR,42006 1
FR,42007 1
FR,42008 2
FR,42009 2
FR,42010 2
FR,42011 2
FR,42012 2
FR,42013 2
FR,42014 2
FR,42015 2
FR,42016 1
FR,42017 1
FR,42018 1
FR,42021 1
FR,42022 1
FR,42023 2
FR,42024 2
FR,42025 2
FR,42026 1
FR,42027 1
FR,42028 1
FR,42029 1
FR,42030 2
FR,42031 2
FR,42033 2
FR,42041 1
FR,42042 1
FR,42043 1
FR,42045 1
FR,42047 1
FR,42048 1
FR,42049 1
FR,42050 2
FR,42055 2
FR,42058 2
FR,42059 2
FR,42100
FR,42110
FR,42111
FR,42114
FR,42120
FR,42122
FR,42123
FR,42124
FR,42125
FR,42126
FR,42127
FR,42129
FR,42130
FR,42131
FR,42140
FR,42150
FR,42152
FR,42153
FR,42155
FR,42160
FR,42161
FR,42162
FR,42163
FR,42164
FR,42165
FR,42166
FR,42167
FR,42168
FR,42169
FR,42170
FR,42173
FR,42174
FR,42176
FR,42179
FR,42190
FR,42210
FR,42220
FR,42230
FR,42240
FR,42260
FR,42270
FR,42271
FR,42272
FR,42273
FR,42275
FR,42276
FR,42277
FR,42279
FR,42290
FR,42300
FR,42301
FR,42302
FR,42303
FR,42304
FR,42308
FR,42310
FR,42311
FR,42312
FR,42313
FR,42314
FR,42315
FR,42318
FR,42320
FR,42321
FR,42322
FR,42323
FR,42328
FR,42330
FR,42332
FR,42333
FR,42334
FR,42335
FR,42339
FR,42340
FR,42350
FR,42351
FR,42353
FR,42354
FR,42355
FR,42356
FR,42359
FR,42360
FR,42370
FR,42380
FR,42390
FR,42400
FR,42401
FR,42402
FR,42403
FR,42404
FR,42405
FR,42406
FR,42407
FR,42408
FR,42409
FR,42410
FR,42411
FR,42412
FR,42420
FR,42430
FR,42440
FR,42450
FR,42460
FR,42470
FR,42480
FR,42484
FR,42486
FR,42489
FR,42490
FR,42500
FR,42501
FR,42502
FR,42503
FR,42505
FR,42509
FR,42510
FR,42520
FR,42530
FR,42540
FR,42550
FR,42560
FR,42570
FR,42580
FR,42590
FR,42600
FR,42601
FR,42602
FR,42603
FR,42604
FR,42605
FR,42606
FR,42607
FR,42608
FR,42609
FR,42610
FR,42620
FR,42630
FR,42640
FR,42650
FR,42651
FR,42653
FR,42660
FR,42670
FR,42680
FR,42700
FR,42701
FR,42702
FR,42703
FR,42704
FR,42705
FR,42707
FR,42709
FR,42720
FR,42740
FR,42750
FR,42780
FR,42800
FR,42801
FR,42802
FR,42803
FR,42804
FR,42805
FR,42806
FR,42807
FR,42808
FR,42809
FR,42810
FR,42820
FR,42830
FR,42840
FR,42890
FR,42920
FR,42940
FR,42950 1
FR,42951 1
FR,42952 1
FR,42953 1
FR,42954 1
FR,42955 1
FR,42958 9
FR,42959 9
FR,42961 9
FR,42962 9
FR,42963 9
FR,42964 9
FR,42965 9
FR,42966 9
FR,42967 9
FR,42968 9
FR,42969 9
FR,42990
FR,43000
FR,43001
FR,43002
FR,43003
FR,43004
FR,43005
FR,43006
FR,43008
FR,43009
FR,43010
FR,43011
FR,43012
FR,43013
FR,43014
FR,43017
FR,43019
FR,43100
FR,43101
FR,43102
FR,43103
FR,43110
FR,43120
FR,43130
FR,43140
FR,43150
FR,43160
FR,43170
FR,43190
FR,43200
FR,43201
FR,43202
FR,43203
FR,43210
FR,43220
FR,43230
FR,43240
FR,43250
FR,43260
FR,43270
FR,43290
FR,43300
FR,43320
FR,43330
FR,43340
FR,43350
FR,43360
FR,43370
FR,43380
FR,43390
FR,43400
FR,43410
FR,43420
FR,43430
FR,43440
FR,43450
FR,43490
FR,43500
FR,43510
FR,43520
FR,43530
FR,43550
FR,43580
FR,43590
FR,43600
FR,43620
FR,43700
FR,43750
FR,43770
FR,43800
FR,43810
FR,44000
FR,44001 1
FR,44002 1
FR,44003 1
FR,44004 1
FR,44005 1
FR,44006 1
FR,44007 1
FR,44008 1
FR,44009 1
FR,44010 1
FR,44011 1
FR,44012 1
FR,44013 1
FR,44014 1
FR,44015 1
FR,44016 1
FR,44017 1
FR,44018 1
FR,44019 1
FR,44020 1
FR,44021 1
FR,44022 1
FR,44023 1
FR,44024 1
FR,44032 1
FR,44033 1
FR,44034 1
FR,44035 1
FR,44036 1
FR,44038 1
FR,44040 1
FR,44041 1
FR,44042 1
FR,44046 1
FR,44047 1
FR,44090 1
FR,44092 1
FR,44093 1
FR,44094 1
FR,44095 1
FR,44097 1
FR,44099 1
FR,44100
FR,44101 4
FR,44102 4
FR,44103 4
FR,44104 4
FR,44105 4
FR,44106 4
FR,44107 4
FR,44109 4
FR,44110
FR,44115
FR,44116
FR,44117
FR,44118
FR,44119
FR,44120
FR,44121
FR,44122
FR,44123
FR,44124
FR,44126
FR,44129
FR,44130
FR,44140
FR,44141
FR,44142
FR,44143
FR,44144
FR,44145
FR,44146
FR,44149
FR,44150
FR,44151
FR,44152
FR,44153
FR,44154
FR,44155
FR,44156
FR,44157
FR,44158
FR,44159
FR,44160
FR,44170
FR,44176 4
FR,44179 4
FR,44184 4
FR,44185 4
FR,44186 4
FR,44187 4
FR,44188 4
FR,44190
FR,44191
FR,44192
FR,44193
FR,44194
FR,44195
FR,44196
FR,44198
FR,44199
FR,44200
FR,44201 2
FR,44202 2
FR,44203 2
FR,44204 2
FR,44205 2
FR,44209 2
FR,44210
FR,44211
FR,44212
FR,44213
FR,44214
FR,44215
FR,44216
FR,44217
FR,44219
FR,44220
FR,44230
FR,44231
FR,44232
FR,44233
FR,44234
FR,44235
FR,44236
FR,44239
FR,44240
FR,44241
FR,44242
FR,44243
FR,44244
FR,44245
FR,44249
FR,44250
FR,44260
FR,44261 2
FR,44262 2
FR,44263 2
FR,44265 2
FR,44268 2
FR,44270
FR,44272 2
FR,44273 2
FR,44274 2
FR,44275 2
FR,44276 2
FR,44277 2
FR,44290
FR,44300
FR,44301 3
FR,44302 3
FR,44303 3
FR,44304 3
FR,44305 3
FR,44306 3
FR,44307 3
FR,44308 3
FR,44309 3
FR,44310
FR,44311 3
FR,44312 3
FR,44313 3
FR,44314 3
FR,44315 3
FR,44316 3
FR,44317 3
FR,44318 3
FR,44319 3
FR,44320
FR,44321 3
FR,44322 3
FR,44323 3
FR,44324 3
FR,44325 3
FR,44326 3
FR,44327 3
FR,44328 3
FR,44329 3
FR,44330
FR,44331 3
FR,44332 3
FR,44333 3
FR,44334 3
FR,44335 3
FR,44336 3
FR,44337 3
FR,44338 3
FR,44339 3
FR,44340
FR,44341
FR,44342
FR,44343
FR,44344
FR,44345
FR,44346
FR,44349
FR,44350
FR,44351
FR,44352
FR,44353
FR,44356
FR,44357
FR,44358
FR,44359
FR,44360
FR,44370
FR,44371 3
FR,44372 3
FR,44373 3
FR,44379 3
FR,44380
FR,44390
FR,44400
FR,44401
FR,44402
FR,44403
FR,44404
FR,44405
FR,44406
FR,44407
FR,44408
FR,44409
FR,44410
FR,44412
FR,44420
FR,44430
FR,44440
FR,44450
FR,44460
FR,44470
FR,44471
FR,44472
FR,44473
FR,44474
FR,44475
FR,44476
FR,44477
FR,44478
FR,44479
FR,44480
FR,44481
FR,44482
FR,44483
FR,44484
FR,44490
FR,44500
FR,44501
FR,44502
FR,44503
FR,44504
FR,44505
FR,44506
FR,44509
FR,44510
FR,44520
FR,44521
FR,44522
FR,44530
FR,44540
FR,44550
FR,44560
FR,44570
FR,44580
FR,44590
FR,44600
FR,44601
FR,44602
FR,44603
FR,44604
FR,44605
FR,44606
FR,44609
FR,44610
FR,44611
FR,44612
FR,44613
FR,44614
FR,44615
FR,44616
FR,44617
FR,44618
FR,44620
FR,44630
FR,44640
FR,44650
FR,44660
FR,44670
FR,44680
FR,44690
FR,44700
FR,44701
FR,44702
FR,44703
FR,44706
FR,44707
FR,44708
FR,44709
FR,44710
FR,44720
FR,44730
FR,44740
FR,44750
FR,44760
FR,44770
FR,44780
FR,44800
FR,44801
FR,44802
FR,44803
FR,44804
FR,44805
FR,44806
FR,44807
FR,44808
FR,44809
FR,44810
FR,44811
FR,44812
FR,44813
FR,44814
FR,44815
FR,44816
FR,44817
FR,44818
FR,44819
FR,44821
FR,44822
FR,44823
FR,44824
FR,44829
FR,44830
FR,44840
FR,44850
FR,44860
FR,44880
FR,44900 9
FR,44911 9
FR,44912 9
FR,44913 9
FR,44914 9
FR,44915 9
FR,44916 9
FR,44917 9
FR,44918 9
FR,44919 9
FR,44921 9
FR,44922 9
FR,44923 9
FR,44924 9
FR,44925 9
FR,44926 9
FR,44927 9
FR,44928 9
FR,44929 9
FR,44931 9
FR,44932 9
FR,44933 9
FR,44934 9
FR,44935 9
FR,44936 9
FR,44937 9
FR,44938 9
FR,44939 9
FR,44941 9
FR,44942 9
FR,44944 9
FR,44945 9
FR,44947 9
FR,44949 9
FR,44951 9
FR,44952 9
FR,44953 9
FR,44954 9
FR,44955 9
FR,44956 9
FR,44957 9
FR,44958 9
FR,44959 9
FR,44963 9
FR,44964 9
FR,44965 9
FR,44966 9
FR,44967 9
FR,44968 9
FR,44969 9
FR,44971 9
FR,44972 9
FR,44973 9
FR,44974 9
FR,44975 9
FR,44976 9
FR,44977 9
FR,44978 9
FR,44980
FR,44981
FR,44982
FR,44983
FR,44984
FR,44985
FR,44986
FR,44989
FR,45000
FR,45001 1
FR,45002 1
FR,45003 1
FR,45004 1
FR,45005 1
FR,45006 1
FR,45007 1
FR,45008 1
FR,45009 1
FR,45010 1
FR,45011 1
FR,45012 1
FR,45015 1
FR,45016 1
FR,45017 1
FR,45019 1
FR,45021 1
FR,45023 1
FR,45025 1
FR,45028 1
FR,45029 1
FR,45030 1
FR,45031 1
FR,45032 1
FR,45033 1
FR,45034 1
FR,45035 1
FR,45038 1
FR,45040 1
FR,45041 1
FR,45042 1
FR,45043 1
FR,45044 1
FR,45045 1
FR,45046 1
FR,45052 1
FR,45053 1
FR,45056 1
FR,45057 1
FR,45058 1
FR,45060 2
FR,45061 2
FR,45062 2
FR,45063 2
FR,45064 2
FR,45065 2
FR,45067 2
FR,45068 2
FR,45069 2
FR,45071 2
FR,45072 2
FR,45073 2
FR,45074 2
FR,45075 2
FR,45077 2
FR,45078 2
FR,45079 2
FR,45081 2
FR,45082 2
FR,45087 2
FR,45088 2
FR,45100
FR,45110
FR,45120
FR,45121
FR,45122
FR,45125
FR,45129
FR,45130
FR,45140
FR,45141
FR,45142
FR,45143
FR,45144
FR,45145
FR,45146
FR,45147
FR,45149
FR,45150
FR,45160
FR,45161
FR,45162
FR,45163
FR,45164
FR,45165
FR,45166
FR,45168
FR,45169
FR,45170
FR,45190
FR,45200
FR,45201
FR,45202
FR,45203
FR,45204
FR,45205
FR,45206
FR,45207
FR,45208
FR,45209
FR,45210
FR,45211
FR,45212
FR,45213
FR,45214
FR,45220
FR,45230
FR,45240
FR,45250
FR,45260
FR,45270
FR,45290
FR,45300
FR,45302
FR,45303
FR,45304
FR,45305
FR,45306
FR,45307
FR,45308
FR,45310
FR,45312
FR,45320
FR,45330
FR,45331
FR,45340
FR,45360
FR,45370
FR,45380
FR,45390
FR,45400
FR,45401
FR,45402
FR,45403
FR,45404
FR,45406
FR,45409
FR,45410
FR,45420
FR,45430
FR,45431
FR,45432
FR,45433
FR,45450
FR,45460
FR,45470
FR,45480
FR,45490
FR,45500
FR,45501
FR,45502
FR,45503
FR,45504
FR,45510
FR,45520
FR,45530
FR,45550
FR,45560
FR,45570
FR,45590
FR,45600
FR,45620
FR,45630
FR,45640
FR,45650
FR,45651
FR,45655
FR,45656
FR,45680
FR,45700
FR,45701
FR,45702
FR,45709
FR,45720
FR,45730
FR,45740
FR,45750
FR,45760
FR,45770
FR,45771
FR,45774
FR,45775
FR,45777
FR,45800
FR,45801
FR,45802
FR,45803
FR,45804
FR,45805
FR,45806
FR,45807
FR,45808
FR,45809
FR,45811
FR,45900 9
FR,45910 9
FR,45911 9
FR,45912 9
FR,45913 9
FR,45915 9
FR,45916 9
FR,45917 9
FR,45918 9
FR,45919 9
FR,45920 9
FR,45921 9
FR,45922 9
FR,45923 9
FR,45924 9
FR,45925 9
FR,45926 9
FR,45927 9
FR,45929 9
FR,45930 9
FR,45931 9
FR,45932 9
FR,45933 9
FR,45934 9
FR,45935 9
FR,45936 9
FR,45937 9
FR,45938 9
FR,45943 9
FR,45944 9
FR,45945 9
FR,45946 9
FR,45947 9
FR,45948 9
FR,45949 9
FR,45950 9
FR,45951 9
FR,45952 9
FR,45953 9
FR,45954 9
FR,45955 9
FR,45956 9
FR,45957 9
FR,45960 9
FR,45961 9
FR,45962 9
FR,45963 9
FR,45964 9
FR,45965 9
FR,45966 9
FR,45967 9
FR,45968 9
FR,45969 9
FR,45970 9
FR,45971 9
FR,45972 9
FR,45973 9
FR,45974 9
FR,45975 9
FR,45976 9
FR,45977 9
FR,45978 9
FR,45979 9
FR,45980 9
FR,46000
FR,46001 9
FR,46002 9
FR,46003 9
FR,46004 9
FR,46005 9
FR,46008 9
FR,46009 9
FR,46010 9
FR,46014 9
FR,46015 9
FR,46016 9
FR,46017 9
FR,46018 9
FR,46019 9
FR,46020 9
FR,46021 9
FR,46022 9
FR,46023 9
FR,46090
FR,46091 9
FR,46100
FR,46101
FR,46102
FR,46103
FR,46106
FR,46110
FR,46120
FR,46130
FR,46140
FR,46150
FR,46160
FR,46170
FR,46190
FR,46200
FR,46210
FR,46220
FR,46230
FR,46240
FR,46250
FR,46260
FR,46270
FR,46300
FR,46310
FR,46320
FR,46330
FR,46340
FR,46350
FR,46360
FR,46400
FR,46500
FR,46600
FR,46700
FR,46800
FR,47000
FR,47002
FR,47003
FR,47004
FR,47005
FR,47006
FR,47007
FR,47008
FR,47013 9
FR,47020 9
FR,47023 9
FR,47030
FR,47031
FR,47032
FR,47039
FR,47110
FR,47120
FR,47130
FR,47140
FR,47150
FR,47160
FR,47170
FR,47180
FR,47190
FR,47200
FR,47201
FR,47202
FR,47203
FR,47204
FR,47205
FR,47207
FR,47208
FR,47209
FR,47210
FR,47211
FR,47213
FR,47220
FR,47230
FR,47240
FR,47250
FR,47260
FR,47270
FR,47290
FR,47300
FR,47301
FR,47302
FR,47303
FR,47304
FR,47305
FR,47307
FR,47308
FR,47309
FR,47310
FR,47320
FR,47330
FR,47340
FR,47350
FR,47360
FR,47370
FR,47380
FR,47390
FR,47400
FR,47410
FR,47420
FR,47430
FR,47440
FR,47450
FR,47470
FR,47480
FR,47500
FR,47501
FR,47502
FR,47510
FR,47520
FR,47550
FR,47551
FR,47552
FR,47553
FR,47555
FR,47559
FR,47600
FR,47700
FR,47800
FR,47901 9
FR,47909 9
FR,47910 9
FR,47911 9
FR,47912 9
FR,47913 9
FR,47914 9
FR,47915 9
FR,47916 9
FR,47917 9
FR,47918 9
FR,47920 9
FR,47921 9
FR,47922 9
FR,47923 9
FR,47924 9
FR,47925 9
FR,47929
FR,47931 9
FR,48000
FR,48001
FR,48002
FR,48003
FR,48005
FR,48006
FR,48007
FR,48008
FR,48009
FR,48100
FR,48110
FR,48120
FR,48130
FR,48140
FR,48150
FR,48160
FR,48170
FR,48190
FR,48200
FR,48210
FR,48220
FR,48230
FR,48240
FR,48250
FR,48260
FR,48270
FR,48300
FR,48310
FR,48320
FR,48330
FR,48340
FR,48370
FR,48400
FR,48500
FR,48600
FR,48700
FR,48800
FR,49000
FR,49001 01
FR,49002 01
FR,49003 01
FR,49004 01
FR,49006 01
FR,49007 01
FR,49008 01
FR,49009 01
FR,49010 01
FR,49011 01
FR,49014 01
FR,49015 01
FR,49016 01
FR,49017 02
FR,49018 01
FR,49020 02
FR,49021 02
FR,49022 02
FR,49023 02
FR,49024 02
FR,49026 01
FR,49028 01
FR,49032 01
FR,49033 01
FR,49035 01
FR,49036 01
FR,49041 01
FR,49043 01
FR,49044 01
FR,49045 01
FR,49046 01
FR,49047 01
FR,49049 01
FR,49051 02
FR,49052 02
FR,49053 02
FR,49055 02
FR,49059 02
FR,49066 01
FR,49070
FR,49071
FR,49072
FR,49079
FR,49080
FR,49100
FR,49101 02
FR,49102 02
FR,49103 02
FR,49104 02
FR,49105 02
FR,49106 02
FR,49107 02
FR,49109 02
FR,49110
FR,49111
FR,49112
FR,49115
FR,49116
FR,49117
FR,49119
FR,49120
FR,49122
FR,49123
FR,49124
FR,49125
FR,49130
FR,49135
FR,49136
FR,49137
FR,49139
FR,49140
FR,49150
FR,49160
FR,49170
FR,49180
FR,49181
FR,49182
FR,49183
FR,49184
FR,49190
FR,49220
FR,49230
FR,49240
FR,49241
FR,49242
FR,49243
FR,49244
FR,49245
FR,49249
FR,49250
FR,49260
FR,49270
FR,49280
FR,49290
FR,49300
FR,49301
FR,49302
FR,49303
FR,49304
FR,49305
FR,49306
FR,49307
FR,49308
FR,49309
FR,49310
FR,49311
FR,49312
FR,49314
FR,49319
FR,49320
FR,49321
FR,49325
FR,49327
FR,49328
FR,49329
FR,49330
FR,49340
FR,49350
FR,49360
FR,49370
FR,49380
FR,49390
FR,49400
FR,49401
FR,49402
FR,49403
FR,49404
FR,49405
FR,49406
FR,49408
FR,49409
FR,49410
FR,49411
FR,49412
FR,49413
FR,49414
FR,49415
FR,49417
FR,49418
FR,49420
FR,49421
FR,49425
FR,49426
FR,49427
FR,49428
FR,49430
FR,49440
FR,49450
FR,49456
FR,49458
FR,49460
FR,49480
FR,49481
FR,49484
FR,49486
FR,49490
FR,49500
FR,49501
FR,49502
FR,49503
FR,49504
FR,49505
FR,49509
FR,49510
FR,49520
FR,49530
FR,49540
FR,49560
FR,49570
FR,49590
FR,49600
FR,49601
FR,49602
FR,49609
FR,49610
FR,49620
FR,49630
FR,49640
FR,49650
FR,49660
FR,49670
FR,49680
FR,49690
FR,49700
FR,49710
FR,49730
FR,49740
FR,49750
FR,49770
FR,49800
FR,49801
FR,49802
FR,49803
FR,49804
FR,49805
FR,49809
FR,49905 9
FR,49906 9
FR,49911 9
FR,49912 9
FR,49913 9
FR,49919 9
FR,49925 9
FR,49927 9
FR,49933 9
FR,49934 9
FR,49937 9
FR,49938 9
FR,49939 9
FR,49941 9
FR,49949 9
FR,50000
FR,50001
FR,50002
FR,50003
FR,50004
FR,50005
FR,50006
FR,50007
FR,50008
FR,50009
FR,50010
FR,50011
FR,50012
FR,50013
FR,50014
FR,50015
FR,50016
FR,50050
FR,50100
FR,50101
FR,50102
FR,50103
FR,50104
FR,50105
FR,50106
FR,50107
FR,50108
FR,50109
FR,50110
FR,50113
FR,50114
FR,50115
FR,50120
FR,50130
FR,50131
FR,50140
FR,50150
FR,50160
FR,50170
FR,50180
FR,50190
FR,50200
FR,50201
FR,50202
FR,50203
FR,50204
FR,50205
FR,50206
FR,50207
FR,50208
FR,50209
FR,50210
FR,50211
FR,50220
FR,50230
FR,50240
FR,50250
FR,50260
FR,50270
FR,50290
FR,50300
FR,50301
FR,50302
FR,50303
FR,50304
FR,50305
FR,50306
FR,50307
FR,50308
FR,50309
FR,50310
FR,50320
FR,50330
FR,50340
FR,50350
FR,50360
FR,50370
FR,50380
FR,50390
FR,50400
FR,50401
FR,50402
FR,50403
FR,50404
FR,50405
FR,50406
FR,50407
FR,50409
FR,50410
FR,50420
FR,50430
FR,50440
FR,50441
FR,50442
FR,50444
FR,50445
FR,50446
FR,50447
FR,50448
FR,50449
FR,50450
FR,50460
FR,50470
FR,50480
FR,50490
FR,50500
FR,50510
FR,50520
FR,50530
FR,50540
FR,50550
FR,50560
FR,50570
FR,50580
FR,50590
FR,50600
FR,50610
FR,50620
FR,50630
FR,50640
FR,50651
FR,50652
FR,50660
FR,50670
FR,50680
FR,50690
FR,50700
FR,50710
FR,50720
FR,50730
FR,50740
FR,50750
FR,50760
FR,50770
FR,50800
FR,50810
FR,50840
FR,50850
FR,50860
FR,50870
FR,50880
FR,50890
FR,50950 9
FR,50951 9
FR,50958 9
FR,51000
FR,51001
FR,51005
FR,51006
FR,51007
FR,51008
FR,51009
FR,51010
FR,51011
FR,51012
FR,51013
FR,51016
FR,51017
FR,51021
FR,51022
FR,51035
FR,51036
FR,51037
FR,51038
FR,51039
FR,51041
FR,51042
FR,51043
FR,51051
FR,51052
FR,51053
FR,51054
FR,51055
FR,51056
FR,51057
FR,51058
FR,51059
FR,51060
FR,51061
FR,51062
FR,51063
FR,51064
FR,51065
FR,51066
FR,51067
FR,51068
FR,51069
FR,51070
FR,51071
FR,51072
FR,51073
FR,51074
FR,51075
FR,51076
FR,51077
FR,51079
FR,51080
FR,51081
FR,51082
FR,51083
FR,51084
FR,51086
FR,51087
FR,51088
FR,51089
FR,51090
FR,51092
FR,51095
FR,51096
FR,51097
FR,51099
FR,51100
FR,51110
FR,51120
FR,51121
FR,51122
FR,51130
FR,51140
FR,51150
FR,51160
FR,51170
FR,51190
FR,51200
FR,51201
FR,51202
FR,51203
FR,51204
FR,51205
FR,51206
FR,51207
FR,51208
FR,51209
FR,51210
FR,51220
FR,51230
FR,51240
FR,51250
FR,51260
FR,51270
FR,51290
FR,51300
FR,51301
FR,51302
FR,51303
FR,51304
FR,51305
FR,51306
FR,51308
FR,51309
FR,51310
FR,51318
FR,51319
FR,51320
FR,51330
FR,51331
FR,51332
FR,51333
FR,51334
FR,51340
FR,51349
FR,51350
FR,51360
FR,51361
FR,51370
FR,51380
FR,51390
FR,51400
FR,51401
FR,51420
FR,51430
FR,51431
FR,51432
FR,51433
FR,51434
FR,51435
FR,51450
FR,51460
FR,51470
FR,51480
FR,51490
FR,51500
FR,51510
FR,51520
FR,51530
FR,51571 2
FR,51572 2
FR,51573 2
FR,51600
FR,51601
FR,51662 2
FR,51663 2
FR,51664 2
FR,51673
FR,51675 2
FR,51677 2
FR,51678 2
FR,51679 2
FR,51682 2
FR,51683 2
FR,51684 2
FR,51685 2
FR,51686 2
FR,51687 2
FR,51688 2
FR,51689 2
FR,51700
FR,51713
FR,51715
FR,51721
FR,51722
FR,51723
FR,51726
FR,51800
FR,51801
FR,51871 3
FR,51873 3
FR,51884 3
FR,51886 3
FR,51900 9
FR,51902 9
FR,51904 9
FR,52000
FR,52001
FR,52002
FR,52003
FR,52004
FR,52005
FR,52006
FR,52007
FR,52008
FR,52011
FR,52012
FR,52014
FR,52016
FR,52100
FR,52101
FR,52102
FR,52103
FR,52104
FR,52105
FR,52106
FR,52107
FR,52108
FR,52109
FR,52110
FR,52111
FR,52112
FR,52113
FR,52115
FR,52120
FR,52130
FR,52140
FR,52150
FR,52160
FR,52170
FR,52190
FR,52200
FR,52201
FR,52202
FR,52203
FR,52204
FR,52205
FR,52206
FR,52207
FR,52208
FR,52209
FR,52210
FR,52220
FR,52230
FR,52240
FR,52250
FR,52260
FR,52270
FR,52290
FR,52300
FR,52301
FR,52310
FR,52320
FR,52330
FR,52340
FR,52360
FR,52370
FR,52400
FR,52410
FR,52500
FR,52501
FR,52502
FR,52600
FR,52700
FR,52800
FR,52901 9
FR,52902 9
FR,52903 9
FR,52904 9
FR,52905 9
FR,52906 9
FR,52915 9
FR,52917 9
FR,52919 9
FR,52920 9
FR,53000
FR,53001
FR,53002
FR,53003
FR,53004
FR,53005
FR,53006
FR,53007
FR,53008
FR,53009
FR,53010
FR,53012
FR,53013
FR,53014
FR,53015
FR,53016
FR,53019
FR,53020 9
FR,53021 9
FR,53022 9
FR,53030 9
FR,53031 9
FR,53032 9
FR,53060 9
FR,53061 9
FR,53062 9
FR,53063 9
FR,53069 9
FR,53073 9
FR,53080 9
FR,53081 9
FR,53082 9
FR,53083 9
FR,53084 9
FR,53085 9
FR,53086 9
FR,53087 9
FR,53088 9
FR,53089 9
FR,53090 9
FR,53091 9
FR,53093 9
FR,53094 9
FR,53095 9
FR,53098 9
FR,53099 9
FR,53100
FR,53101
FR,53102
FR,53103
FR,53104
FR,53105
FR,53109
FR,53110
FR,53120
FR,53140
FR,53150
FR,53160
FR,53170
FR,53190
FR,53200
FR,53201
FR,53202
FR,53203
FR,53204
FR,53205
FR,53210
FR,53220
FR,53230
FR,53240
FR,53250
FR,53260
FR,53270
FR,53290
FR,53300
FR,53320
FR,53340
FR,53350
FR,53360
FR,53370
FR,53380
FR,53390
FR,53400
FR,53410
FR,53420
FR,53440
FR,53470
FR,53480
FR,53500
FR,53540
FR,53600
FR,53601
FR,53602
FR,53640
FR,53700
FR,53800
FR,53810
FR,53811
FR,53940
FR,53941
FR,53942
FR,53950
FR,53951
FR,53960
FR,53970
FR,53971
FR,54000
FR,54001
FR,54002
FR,54003
FR,54004
FR,54005
FR,54006
FR,54007
FR,54008
FR,54009
FR,54010
FR,54011
FR,54012
FR,54013
FR,54014
FR,54015
FR,54016
FR,54017
FR,54020
FR,54021
FR,54022
FR,54023
FR,54029
FR,54031
FR,54032
FR,54035
FR,54036
FR,54037
FR,54038
FR,54039
FR,54041
FR,54042
FR,54043
FR,54045
FR,54046
FR,54047
FR,54048
FR,54049
FR,54052
FR,54053
FR,54054
FR,54056
FR,54062
FR,54063
FR,54064
FR,54071
FR,54072
FR,54073
FR,54074
FR,54076
FR,54082
FR,54096
FR,54097
FR,54098
FR,54100
FR,54110
FR,54111
FR,54112
FR,54113
FR,54114
FR,54115
FR,54116
FR,54118
FR,54119
FR,54120
FR,54121
FR,54122
FR,54123
FR,54129
FR,54130
FR,54131
FR,54132
FR,54133
FR,54134
FR,54135
FR,54136
FR,54138
FR,54139
FR,54140
FR,54150
FR,54151
FR,54152
FR,54153
FR,54154
FR,54159
FR,54160
FR,54170
FR,54180
FR,54181
FR,54182
FR,54183
FR,54184
FR,54185
FR,54186
FR,54189
FR,54190
FR,54200
FR,54201
FR,54202
FR,54203
FR,54204
FR,54205
FR,54206
FR,54209
FR,54210
FR,54211
FR,54220
FR,54230
FR,54240
FR,54250
FR,54260
FR,54261
FR,54262
FR,54263
FR,54270
FR,54271
FR,54272
FR,54273
FR,54279
FR,54280
FR,54290
FR,54300
FR,54301
FR,54302
FR,54303
FR,54304
FR,54305
FR,54309
FR,54310
FR,54311
FR,54312
FR,54319
FR,54320
FR,54330
FR,54340
FR,54350
FR,54360
FR,54370
FR,54380
FR,54385
FR,54390
FR,54400
FR,54401
FR,54402
FR,54403
FR,54404
FR,54405
FR,54406
FR,54409
FR,54410
FR,54411
FR,54412
FR,54413
FR,54414
FR,54420
FR,54425
FR,54430
FR,54440
FR,54450
FR,54460
FR,54470
FR,54480
FR,54490
FR,54500
FR,54501
FR,54502
FR,54503
FR,54504
FR,54505
FR,54506
FR,54507
FR,54509
FR,54510
FR,54511
FR,54512
FR,54513
FR,54514
FR,54515
FR,54516
FR,54517
FR,54519
FR,54520
FR,54521
FR,54522
FR,54523
FR,54524
FR,54525
FR,54526
FR,54527
FR,54528
FR,54529
FR,54530
FR,54540
FR,54550
FR,54560
FR,54570
FR,54580
FR,54590
FR,54600
FR,54601
FR,54602
FR,54603
FR,54608
FR,54609
FR,54610
FR,54620
FR,54630
FR,54640
FR,54650
FR,54660
FR,54670
FR,54680
FR,54690
FR,54700
FR,54701
FR,54702
FR,54703
FR,54704
FR,54705
FR,54706
FR,54708
FR,54709
FR,54710
FR,54711
FR,54712
FR,54713
FR,54714
FR,54715
FR,54716
FR,54719
FR,54720
FR,54730
FR,54740
FR,54750
FR,54760
FR,54770
FR,54780
FR,54790
FR,54800
FR,54801
FR,54802
FR,54803
FR,54810
FR,54820
FR,54830
FR,54840
FR,54850
FR,54860
FR,54870
FR,54880
FR,54890
FR,54900 9
FR,54910
FR,54920
FR,54930
FR,54931 9
FR,54933 9
FR,54934 9
FR,54939 9
FR,54940
FR,54941 9
FR,54950
FR,54960
FR,54970
FR,54980
FR,54990
FR,55000
FR,55001
FR,55002
FR,55003
FR,55005
FR,55006
FR,55007
FR,55008
FR,55012
FR,55013
FR,55014
FR,55015
FR,55020
FR,55021
FR,55100
FR,55101
FR,55102
FR,55103
FR,55104
FR,55105
FR,55106
FR,55107
FR,55108
FR,55109
FR,55110
FR,55112
FR,55113
FR,55119
FR,55120
FR,55130
FR,55140
FR,55150
FR,55160
FR,55170
FR,55190
FR,55200
FR,55201
FR,55202
FR,55203
FR,55205
FR,55210
FR,55220
FR,55221
FR,55230
FR,55240
FR,55250
FR,55260
FR,55270
FR,55271
FR,55290
FR,55300
FR,55310
FR,55320
FR,55400
FR,55430
FR,55500
FR,55600
FR,55700
FR,55800
FR,55840
FR,56000
FR,56001
FR,56002
FR,56003
FR,56004
FR,56005
FR,56006
FR,56007
FR,56008
FR,56009
FR,56010
FR,56016
FR,56017
FR,56018
FR,56019
FR,56020
FR,56029
FR,56034
FR,56036
FR,56037
FR,56038
FR,56039
FR,56100
FR,56101
FR,56102
FR,56103
FR,56104
FR,56105
FR,56106
FR,56107
FR,56108
FR,56109
FR,56110
FR,56120
FR,56130
FR,56140
FR,56150
FR,56160
FR,56170
FR,56171
FR,56172
FR,56173
FR,56174
FR,56175
FR,56178
FR,56179
FR,56190
FR,56200
FR,56201
FR,56204
FR,56207
FR,56209
FR,56219
FR,56220
FR,56230
FR,56231
FR,56239
FR,56240
FR,56250
FR,56260
FR,56270
FR,56271
FR,56272
FR,56273
FR,56274
FR,56275
FR,56276
FR,56277
FR,56279
FR,56290
FR,56300
FR,56301
FR,56302
FR,56303
FR,56304
FR,56305
FR,56306
FR,56307
FR,56308
FR,56309
FR,56310
FR,56311
FR,56312
FR,56317
FR,56319
FR,56320
FR,56321
FR,56322
FR,56323
FR,56324
FR,56325
FR,56326
FR,56327
FR,56328
FR,56329
FR,56330
FR,56340
FR,56341
FR,56342
FR,56343
FR,56349
FR,56350
FR,56360
FR,56370
FR,56380
FR,56381
FR,56382
FR,56383
FR,56390
FR,56400
FR,56401
FR,56402
FR,56403
FR,56404
FR,56405
FR,56406
FR,56407
FR,56409
FR,56410
FR,56411
FR,56413
FR,56419
FR,56420
FR,56430
FR,56440
FR,56450
FR,56460
FR,56470
FR,56480
FR,56490
FR,56500
FR,56501
FR,56502
FR,56503
FR,56504
FR,56506
FR,56509
FR,56510
FR,56520
FR,56530
FR,56531
FR,56532
FR,56535
FR,56536
FR,56539
FR,56540
FR,56550
FR,56560
FR,56570
FR,56580
FR,56590
FR,56600
FR,56601
FR,56602
FR,56603
FR,56607
FR,56609
FR,56610
FR,56620
FR,56630
FR,56640
FR,56650
FR,56660
FR,56670
FR,56680
FR,56690
FR,56700
FR,56701
FR,56702
FR,56703
FR,56704
FR,56705
FR,56709
FR,56730
FR,56740
FR,56750
FR,56760
FR,56770
FR,56780
FR,56800
FR,56801
FR,56802
FR,56803
FR,56804
FR,56805
FR,56809
FR,56840
FR,56850
FR,56854
FR,56855
FR,56860
FR,56870
FR,56880
FR,56890
FR,56891
FR,56892
FR,56893
FR,56896
FR,56899
FR,56900 9
FR,56901 9
FR,56902 9
FR,56903 9
FR,56909 9
FR,56910
FR,56920
FR,56930
FR,56950
FR,56951 9
FR,56954 9
FR,56956 9
FR,56957 9
FR,56959 9
FR,56970 9
FR,56973 9
FR,56977 9
FR,56979 9
FR,56998
FR,57000
FR,57003 01
FR,57004 01
FR,57005 01
FR,57006 01
FR,57007 01
FR,57008 01
FR,57009 01
FR,57010 01
FR,57011 01
FR,57012 01
FR,57013 01
FR,57014 01
FR,57015 01
FR,57016 01
FR,57017 01
FR,57018 01
FR,57019 01
FR,57020 01
FR,57021 01
FR,57023 01
FR,57028 01
FR,57030 01
FR,57031 01
FR,57032 01
FR,57033 01
FR,57034 01
FR,57035 01
FR,57036 01
FR,57037 01
FR,57038 01
FR,57040 01
FR,57041 01
FR,57044 01
FR,57045 01
FR,57046 01
FR,57049 01
FR,57050
FR,57051 02
FR,57052 02
FR,57053 02
FR,57054 02
FR,57056 02
FR,57057 02
FR,57059 02
FR,57061 02
FR,57062 02
FR,57063 02
FR,57070
FR,57071 03
FR,57072 03
FR,57073 03
FR,57074 03
FR,57075 03
FR,57076 03
FR,57077 03
FR,57078 03
FR,57079 03
FR,57081 03
FR,57082 03
FR,57083 03
FR,57084 03
FR,57100
FR,57101
FR,57102
FR,57103
FR,57104
FR,57105
FR,57106
FR,57108
FR,57109
FR,57119
FR,57120
FR,57125
FR,57126
FR,57127
FR,57128
FR,57129
FR,57130
FR,57131
FR,57132
FR,57133
FR,57140
FR,57141
FR,57144
FR,57146
FR,57147
FR,57148
FR,57149
FR,57150
FR,57151
FR,57152
FR,57153
FR,57154
FR,57155
FR,57157
FR,57159
FR,57160
FR,57161
FR,57162
FR,57163
FR,57164
FR,57169
FR,57170
FR,57175
FR,57180
FR,57181
FR,57185
FR,57190
FR,57191
FR,57192
FR,57193
FR,57199
FR,57200
FR,57201
FR,57202
FR,57203
FR,57204
FR,57205
FR,57206
FR,57207
FR,57208
FR,57209
FR,57211
FR,57212
FR,57214
FR,57215
FR,57216
FR,57217
FR,57218
FR,57219
FR,57220
FR,57230
FR,57231
FR,57232
FR,57233
FR,57234
FR,57240
FR,57245
FR,57250
FR,57255
FR,57260
FR,57270
FR,57280
FR,57281
FR,57282
FR,57283
FR,57289
FR,57290
FR,57291
FR,57292
FR,57299
FR,57300
FR,57301
FR,57302
FR,57303
FR,57304
FR,57309
FR,57310
FR,57320
FR,57330
FR,57340
FR,57350
FR,57351
FR,57352
FR,57354
FR,57359
FR,57360
FR,57361
FR,57362
FR,57363
FR,57365
FR,57369
FR,57370
FR,57371
FR,57372
FR,57373
FR,57379
FR,57380
FR,57381
FR,57382
FR,57383
FR,57385
FR,57390
FR,57400
FR,57401
FR,57402
FR,57403
FR,57404
FR,57405
FR,57409
FR,57410
FR,57412
FR,57415
FR,57420
FR,57430
FR,57440
FR,57445
FR,57450
FR,57455
FR,57460
FR,57470
FR,57480
FR,57490
FR,57500
FR,57501
FR,57502
FR,57503
FR,57504
FR,57505
FR,57506
FR,57507
FR,57508
FR,57509
FR,57510
FR,57515
FR,57520
FR,57525
FR,57530
FR,57535
FR,57540
FR,57550
FR,57560
FR,57565
FR,57570
FR,57580
FR,57590
FR,57600
FR,57601
FR,57602
FR,57603
FR,57604
FR,57605
FR,57606
FR,57607
FR,57608
FR,57609
FR,57610
FR,57619
FR,57620
FR,57630
FR,57635
FR,57640
FR,57645
FR,57650
FR,57655
FR,57660
FR,57670
FR,57680
FR,57685
FR,57690
FR,57700
FR,57701
FR,57702
FR,57703
FR,57704
FR,57705
FR,57709
FR,57710
FR,57720
FR,57730
FR,57731
FR,57739
FR,57740
FR,57747 9
FR,57748 9
FR,57751 9
FR,57756 9
FR,57757 9
FR,57770
FR,57772 9
FR,57774 9
FR,57777 9
FR,57778 9
FR,57780
FR,57790
FR,57800
FR,57801
FR,57803
FR,57804
FR,57805
FR,57809
FR,57810
FR,57815
FR,57820
FR,57830
FR,57840
FR,57850
FR,57855
FR,57860
FR,57865
FR,57870
FR,57880
FR,57890
FR,57905
FR,57910
FR,57911
FR,57912
FR,57913
FR,57915
FR,57916
FR,57919
FR,57920
FR,57925
FR,57930
FR,57935
FR,57940
FR,57950
FR,57951
FR,57952
FR,57953
FR,57954
FR,57955
FR,57957
FR,57958
FR,57959
FR,57960
FR,57970
FR,57971
FR,57972
FR,57973
FR,57974
FR,57978
FR,57979
FR,57980
FR,57990
FR,58000
FR,58001
FR,58002
FR,58003
FR,58004
FR,58005
FR,58006
FR,58007
FR,58008
FR,58009
FR,58013
FR,58014
FR,58015
FR,58016
FR,58017
FR,58018
FR,58019
FR,58020
FR,58022
FR,58023
FR,58024
FR,58025
FR,58026
FR,58027
FR,58028
FR,58029
FR,58033
FR,58034
FR,58036
FR,58039
FR,58110
FR,58120
FR,58130
FR,58140
FR,58150
FR,58160
FR,58170
FR,58180
FR,58190
FR,58200
FR,58201
FR,58202
FR,58203
FR,58204
FR,58205
FR,58206
FR,58207
FR,58208
FR,58209
FR,58210
FR,58220
FR,58230
FR,58240
FR,58250
FR,58260
FR,58270
FR,58290
FR,58300
FR,58301
FR,58302
FR,58310
FR,58320
FR,58330
FR,58340
FR,58350
FR,58360
FR,58370
FR,58380
FR,58390
FR,58400
FR,58401
FR,58402
FR,58403
FR,58404
FR,58405
FR,58410
FR,58420
FR,58430
FR,58440
FR,58450
FR,58460
FR,58470
FR,58490
FR,58500
FR,58501
FR,58502
FR,58503
FR,58508
FR,58530
FR,58600
FR,58640
FR,58641
FR,58642
FR,58643
FR,58649
FR,58660
FR,58700
FR,58800
FR,59000
FR,59001
FR,59002
FR,59003
FR,59004
FR,59005
FR,59006
FR,59007
FR,59008
FR,59009
FR,59010
FR,59011
FR,59012
FR,59013
FR,59014
FR,59015
FR,59016
FR,59017
FR,59018
FR,59019
FR,59020
FR,59021
FR,59022
FR,59023
FR,59024
FR,59025
FR,59026
FR,59027
FR,59028
FR,59029
FR,59030
FR,59031
FR,59032
FR,59033
FR,59034
FR,59035
FR,59036 9
FR,59037
FR,59038 9
FR,59039
FR,59040
FR,59041
FR,59042
FR,59043
FR,59044
FR,59045
FR,59046
FR,59047
FR,59048
FR,59049
FR,59051 1
FR,59052 1
FR,59053 1
FR,59054 1
FR,59055 1
FR,59056 1
FR,59057 1
FR,59058 1
FR,59059 1
FR,59060 1
FR,59061 1
FR,59062 1
FR,59063 1
FR,59065 1
FR,59066 1
FR,59069 1
FR,59070 1
FR,59071 1
FR,59072 1
FR,59073 1
FR,59074 1
FR,59078 9
FR,59079 2
FR,59080 9
FR,59081 2
FR,59082 2
FR,59083 2
FR,59084 9
FR,59086 2
FR,59087 2
FR,59088 2
FR,59091 2
FR,59092 9
FR,59097 9
FR,59100
FR,59108
FR,59110
FR,59111
FR,59112
FR,59113
FR,59114
FR,59115
FR,59116
FR,59117
FR,59118
FR,59119
FR,59120
FR,59121
FR,59122
FR,59123
FR,59124
FR,59125
FR,59126
FR,59127
FR,59128
FR,59129
FR,59130
FR,59131
FR,59132
FR,59133
FR,59134
FR,59135
FR,59136
FR,59137
FR,59138
FR,59139
FR,59140
FR,59141
FR,59142
FR,59143
FR,59144
FR,59145
FR,59146
FR,59147
FR,59148
FR,59149
FR,59150
FR,59151
FR,59152
FR,59153
FR,59154
FR,59155
FR,59156
FR,59157
FR,59158
FR,59159
FR,59160
FR,59161
FR,59162
FR,59163
FR,59164
FR,59165
FR,59166
FR,59167
FR,59168
FR,59169
FR,59170
FR,59171
FR,59172
FR,59173
FR,59174
FR,59175
FR,59176
FR,59177
FR,59178
FR,59179
FR,59180
FR,59181
FR,59182
FR,59184
FR,59185
FR,59186
FR,59187
FR,59188
FR,59189
FR,59190
FR,59191
FR,59192
FR,59193
FR,59194
FR,59195
FR,59198
FR,59199
FR,59200
FR,59202
FR,59203
FR,59207
FR,59208
FR,59209
FR,59210
FR,59211
FR,59212
FR,59213
FR,59214
FR,59215
FR,59216
FR,59217
FR,59218
FR,59219
FR,59220
FR,59221
FR,59222
FR,59223
FR,59224
FR,59225
FR,59226
FR,59227
FR,59229
FR,59230
FR,59231
FR,59232
FR,59233
FR,59234
FR,59235
FR,59236
FR,59237
FR,59238
FR,59239
FR,59240
FR,59241
FR,59242
FR,59243
FR,59244
FR,59245
FR,59246
FR,59247
FR,59249
FR,59250
FR,59251
FR,59252
FR,59253
FR,59254
FR,59255
FR,59258
FR,59259
FR,59260
FR,59261
FR,59262
FR,59263
FR,59264
FR,59265
FR,59266
FR,59267
FR,59268
FR,59269
FR,59270
FR,59271
FR,59272
FR,59273
FR,59274
FR,59275
FR,59277
FR,59278
FR,59279
FR,59280
FR,59281
FR,59282
FR,59283
FR,59284
FR,59285
FR,59286
FR,59287
FR,59288
FR,59290
FR,59292
FR,59293
FR,59294
FR,59295
FR,59296
FR,59297
FR,59299
FR,59300
FR,59301
FR,59302
FR,59303
FR,59304
FR,59305
FR,59306
FR,59307
FR,59308
FR,59309
FR,59310
FR,59311 9
FR,59312 9
FR,59313 9
FR,59314 9
FR,59315 9
FR,59316 9
FR,59317 9
FR,59318 9
FR,59319 9
FR,59320
FR,59321
FR,59322
FR,59326
FR,59328
FR,59329
FR,59330
FR,59331
FR,59332
FR,59333
FR,59334
FR,59335
FR,59336
FR,59337
FR,59338
FR,59339
FR,59341
FR,59345
FR,59346
FR,59349
FR,59350
FR,59351
FR,59358
FR,59359
FR,59360
FR,59361
FR,59362
FR,59363
FR,59364
FR,59365
FR,59370
FR,59373
FR,59374
FR,59375 1
FR,59376 1
FR,59377 1
FR,59378 1
FR,59379 1
FR,59380
FR,59381 1
FR,59382 1
FR,59383 1
FR,59385 1
FR,59386 1
FR,59389 1
FR,59390
FR,59391
FR,59392
FR,59393
FR,59399
FR,59400
FR,59401
FR,59402
FR,59403
FR,59404
FR,59405
FR,59406
FR,59407
FR,59408
FR,59409
FR,59410
FR,59411
FR,59412
FR,59413
FR,59416
FR,59419
FR,59420
FR,59421
FR,59422
FR,59424
FR,59425
FR,59426
FR,59427
FR,59428
FR,59429
FR,59430
FR,59431
FR,59432
FR,59433
FR,59435
FR,59436
FR,59437
FR,59440
FR,59441
FR,59442
FR,59443
FR,59444
FR,59445
FR,59446
FR,59447
FR,59448
FR,59449
FR,59450
FR,59451
FR,59452
FR,59453
FR,59455
FR,59456
FR,59457
FR,59458
FR,59460
FR,59461
FR,59462
FR,59463
FR,59464
FR,59465
FR,59466
FR,59467
FR,59468
FR,59470
FR,59471
FR,59472
FR,59473
FR,59474
FR,59475
FR,59476
FR,59478
FR,59479
FR,59480
FR,59481
FR,59482
FR,59483
FR,59485
FR,59486
FR,59487
FR,59490
FR,59491
FR,59492
FR,59493
FR,59494
FR,59495
FR,59496
FR,59497
FR,59500
FR,59501
FR,59502
FR,59503
FR,59504
FR,59505
FR,59506
FR,59507
FR,59508
FR,59509
FR,59510
FR,59520
FR,59522
FR,59523
FR,59524
FR,59529
FR,59530
FR,59531
FR,59532
FR,59535
FR,59536
FR,59537
FR,59540
FR,59541
FR,59542
FR,59543
FR,59544
FR,59550
FR,59551
FR,59552
FR,59553
FR,59554
FR,59555
FR,59557
FR,59558
FR,59559
FR,59560
FR,59561
FR,59562
FR,59563
FR,59564
FR,59567
FR,59568
FR,59569
FR,59570
FR,59571
FR,59572
FR,59573
FR,59580
FR,59581
FR,59582
FR,59583
FR,59584
FR,59586 9
FR,59587
FR,59588
FR,59589
FR,59590
FR,59600
FR,59601
FR,59602
FR,59603
FR,59604
FR,59605
FR,59606
FR,59607
FR,59608
FR,59610
FR,59611
FR,59612
FR,59613
FR,59618
FR,59620
FR,59630
FR,59635
FR,59637
FR,59639
FR,59640
FR,59650
FR,59651
FR,59652
FR,59653
FR,59654
FR,59655
FR,59656
FR,59657
FR,59658
FR,59659
FR,59660
FR,59661
FR,59662
FR,59663
FR,59664
FR,59665
FR,59666
FR,59667
FR,59669
FR,59670
FR,59671 1
FR,59672 1
FR,59673 1
FR,59677 2
FR,59680
FR,59681
FR,59682 2
FR,59683 2
FR,59685 2
FR,59686 9
FR,59687 2
FR,59689 2
FR,59690
FR,59700
FR,59701
FR,59702
FR,59703
FR,59704
FR,59705
FR,59706
FR,59707
FR,59708
FR,59709
FR,59710
FR,59711 9
FR,59712 9
FR,59713 9
FR,59714 9
FR,59715 9
FR,59716 9
FR,59717 9
FR,59718 9
FR,59719 9
FR,59720
FR,59721
FR,59722
FR,59723
FR,59726
FR,59727
FR,59730
FR,59731
FR,59732
FR,59733
FR,59734
FR,59735
FR,59740
FR,59750
FR,59760
FR,59770
FR,59777
FR,59779 9
FR,59780
FR,59781 9
FR,59782 9
FR,59783 9
FR,59784 9
FR,59785 9
FR,59787 9
FR,59788 9
FR,59789 9
FR,59790
FR,59791
FR,59792
FR,59800
FR,59810
FR,59811
FR,59812
FR,59813
FR,59814
FR,59815
FR,59816 9
FR,59817
FR,59818
FR,59820
FR,59830
FR,59831
FR,59832
FR,59838
FR,59839
FR,59840
FR,59845
FR,59847
FR,59848
FR,59849
FR,59850
FR,59851 9
FR,59852
FR,59853
FR,59859
FR,59860
FR,59861 9
FR,59862 9
FR,59863 9
FR,59864 9
FR,59865 9
FR,59866
FR,59867 9
FR,59868 9
FR,59869
FR,59870
FR,59871
FR,59872
FR,59873
FR,59874
FR,59875
FR,59876
FR,59877
FR,59878 9
FR,59880
FR,59881 9
FR,59882 9
FR,59883 9
FR,59884 9
FR,59885 9
FR,59887 9
FR,59889 9
FR,59890
FR,59891 9
FR,59892 9
FR,59893 9
FR,59894 9
FR,59895 9
FR,59896 9
FR,59897 9
FR,59898 9
FR,59899 9
FR,59900 9
FR,59910
FR,59920
FR,59930
FR,59931
FR,59932
FR,59933
FR,59940
FR,59941 2
FR,59942 2
FR,59943 2
FR,59944 2
FR,59948 2
FR,59950
FR,59951 1
FR,59952 1
FR,59960
FR,59961
FR,59962
FR,59963
FR,59964
FR,59965
FR,59967
FR,59970
FR,59971
FR,59972
FR,59975
FR,59976
FR,59979
FR,59980
FR,59981
FR,59984
FR,59990
FR,59998
FR,60000
FR,60002
FR,60004
FR,60005
FR,60006
FR,60007
FR,60008
FR,60009
FR,60010
FR,60011
FR,60012
FR,60013
FR,60014
FR,60015
FR,60016
FR,60017
FR,60018
FR,60019
FR,60021
FR,60022
FR,60023
FR,60024
FR,60025
FR,60026
FR,60027
FR,60028
FR,60029
FR,60031
FR,60035
FR,60100
FR,60101 1
FR,60102 3
FR,60103 1
FR,60104 1
FR,60105 1
FR,60106 1
FR,60107 1
FR,60108 1
FR,60109 1
FR,60110
FR,60111
FR,60112
FR,60113
FR,60114
FR,60115
FR,60116
FR,60117
FR,60118
FR,60119
FR,60120
FR,60121
FR,60122
FR,60123
FR,60126
FR,60127
FR,60128
FR,60129
FR,60130
FR,60131
FR,60132
FR,60134
FR,60138
FR,60140
FR,60141
FR,60149
FR,60150
FR,60153
FR,60155
FR,60157
FR,60160
FR,60162
FR,60170
FR,60173
FR,60175
FR,60180
FR,60181
FR,60183
FR,60184
FR,60185
FR,60190
FR,60200
FR,60201
FR,60202
FR,60203
FR,60204
FR,60205
FR,60206
FR,60207
FR,60208
FR,60209
FR,60210
FR,60220
FR,60230
FR,60240
FR,60250
FR,60251
FR,60252
FR,60260
FR,60270
FR,60271
FR,60280
FR,60281
FR,60290
FR,60291
FR,60292
FR,60293
FR,60299
FR,60300
FR,60301
FR,60302
FR,60303
FR,60304
FR,60305
FR,60306
FR,60307
FR,60308
FR,60309
FR,60310
FR,60311 2
FR,60312 2
FR,60313 1
FR,60314 1
FR,60315 5
FR,60316 1
FR,60317 1
FR,60318 2
FR,60319 2
FR,60320
FR,60321
FR,60323
FR,60329
FR,60330
FR,60332
FR,60340
FR,60350
FR,60360
FR,60370
FR,60380
FR,60390
FR,60400
FR,60401
FR,60402
FR,60403
FR,60406
FR,60409
FR,60410
FR,60420
FR,60430
FR,60431
FR,60432
FR,60433
FR,60434
FR,60435
FR,60436
FR,60437
FR,60440
FR,60451
FR,60460
FR,60476
FR,60477
FR,60480
FR,60490
FR,60500
FR,60501
FR,60503
FR,60504
FR,60506
FR,60508
FR,60509
FR,60510
FR,60520
FR,60530
FR,60540
FR,60541
FR,60542
FR,60543
FR,60544
FR,60550
FR,60551
FR,60552
FR,60560
FR,60570
FR,60580
FR,60590
FR,60600
FR,60602
FR,60603
FR,60607
FR,60608
FR,60609
FR,60610
FR,60611
FR,60612
FR,60617
FR,60618
FR,60619
FR,60620
FR,60631
FR,60632
FR,60633
FR,60634
FR,60635
FR,60637
FR,60638
FR,60639
FR,60640
FR,60643
FR,60646
FR,60647
FR,60648
FR,60649
FR,60650
FR,60660
FR,60671
FR,60672
FR,60674
FR,60677
FR,60680
FR,60690
FR,60700
FR,60710
FR,60711
FR,60721
FR,60722
FR,60723
FR,60729
FR,60730
FR,60731
FR,60732
FR,60734
FR,60740
FR,60741
FR,60742
FR,60743
FR,60744
FR,60745
FR,60749
FR,60750
FR,60751
FR,60761
FR,60762
FR,60765
FR,60771
FR,60772
FR,60776
FR,60777
FR,60779
FR,60790
FR,60800
FR,60801
FR,60802
FR,60803
FR,60804
FR,60805
FR,60810
FR,60820
FR,60831 1
FR,60832 1
FR,60833 1
FR,60840
FR,60850
FR,60860
FR,60870
FR,60871
FR,60872
FR,60880
FR,60890
FR,60902 9
FR,60903 9
FR,60908 9
FR,60909 9
FR,60911 9
FR,60912 9
FR,60921 9
FR,60922 9
FR,60923 9
FR,60924 9
FR,60930
FR,60931 9
FR,60932 9
FR,60940
FR,60950
FR,60960
FR,60981 9
FR,61000
FR,61001
FR,61002
FR,61003
FR,61004
FR,61005
FR,61006
FR,61007
FR,61008
FR,61009
FR,61011
FR,61012
FR,61013
FR,61014
FR,61015
FR,61016
FR,61017
FR,61018
FR,61019
FR,61021
FR,61022
FR,61023
FR,61024
FR,61041
FR,61042
FR,61051
FR,61100
FR,61101
FR,61102
FR,61103
FR,61104
FR,61105
FR,61106
FR,61107
FR,61109
FR,61110
FR,61120
FR,61130
FR,61140
FR,61150
FR,61160
FR,61170
FR,61190
FR,61200
FR,61201
FR,61202
FR,61203
FR,61204
FR,61205
FR,61206
FR,61208
FR,61209
FR,61210
FR,61220
FR,61230
FR,61240
FR,61250
FR,61260
FR,61270
FR,61290
FR,61300
FR,61301
FR,61302
FR,61303
FR,61304
FR,61305
FR,61306
FR,61310
FR,61320
FR,61330
FR,61340
FR,61350
FR,61360
FR,61370
FR,61380
FR,61390
FR,61400
FR,61410
FR,61420
FR,61430
FR,61438
FR,61440
FR,61448
FR,61450
FR,61458
FR,61470
FR,61490
FR,61500
FR,61550
FR,61560
FR,61570
FR,61600
FR,61700
FR,61790
FR,61800
FR,61891 9
FR,61961 9
FR,61984 9
FR,61992 9
FR,61994 9
FR,62000
FR,62001
FR,62002
FR,62003
FR,62004
FR,62005
FR,62007
FR,62008
FR,62009
FR,62010
FR,62011
FR,62012
FR,62013
FR,62014
FR,62015
FR,62016
FR,62017 9
FR,62018 9
FR,62019
FR,62020 9
FR,62021
FR,62022
FR,62023
FR,62024
FR,62025
FR,62026
FR,62027
FR,62028
FR,62029
FR,62030
FR,62031
FR,62032
FR,62033
FR,62034
FR,62036
FR,62051
FR,62052
FR,62053
FR,62054
FR,62055
FR,62059
FR,62060 9
FR,62061 9
FR,62062 9
FR,62063 9
FR,62064 9
FR,62065 9
FR,62066 9
FR,62067 9
FR,62069 9
FR,62070 9
FR,62071 9
FR,62072 9
FR,62079 9
FR,62080
FR,62081
FR,62089
FR,62090
FR,62091
FR,62092
FR,62100
FR,62101
FR,62102
FR,62103
FR,62104
FR,62105
FR,62106
FR,62107
FR,62108
FR,62109
FR,62110
FR,62111
FR,62112
FR,62113
FR,62114
FR,62116
FR,62117
FR,62118
FR,62119
FR,62120
FR,62121
FR,62122
FR,62123
FR,62124
FR,62126
FR,62127
FR,62128
FR,62129
FR,62130
FR,62131
FR,62132
FR,62134
FR,62136
FR,62137
FR,62138
FR,62139
FR,62140
FR,62141
FR,62142
FR,62143
FR,62144
FR,62145
FR,62147
FR,62149
FR,62150
FR,62151
FR,62152
FR,62153
FR,62155
FR,62156
FR,62157
FR,62158
FR,62159
FR,62160
FR,62161
FR,62162
FR,62164
FR,62165
FR,62166
FR,62169
FR,62170
FR,62172
FR,62173
FR,62175
FR,62176
FR,62179
FR,62180
FR,62182
FR,62185
FR,62187
FR,62189
FR,62190
FR,62191
FR,62192
FR,62193
FR,62194
FR,62196
FR,62199
FR,62200
FR,62201
FR,62202
FR,62203
FR,62204
FR,62205
FR,62206
FR,62207
FR,62209
FR,62210
FR,62211
FR,62212
FR,62213
FR,62215
FR,62217
FR,62218
FR,62219
FR,62220
FR,62221
FR,62222
FR,62223
FR,62224
FR,62225
FR,62226
FR,62228
FR,62230
FR,62231
FR,62232
FR,62240
FR,62242
FR,62245
FR,62246
FR,62247
FR,62248
FR,62249
FR,62250
FR,62251
FR,62252
FR,62253
FR,62254
FR,62255
FR,62256
FR,62257
FR,62258
FR,62259
FR,62260
FR,62270
FR,62280
FR,62290
FR,62300
FR,62301
FR,62302
FR,62303
FR,62304
FR,62305
FR,62306
FR,62307
FR,62308
FR,62309
FR,62310
FR,62311
FR,62320
FR,62321
FR,62322
FR,62325
FR,62327
FR,62330
FR,62331
FR,62332
FR,62333
FR,62334
FR,62335
FR,62336
FR,62340
FR,62350
FR,62360
FR,62361
FR,62370
FR,62380
FR,62390
FR,62400
FR,62401
FR,62402
FR,62403
FR,62404
FR,62405
FR,62406
FR,62407
FR,62408
FR,62410
FR,62411
FR,62412
FR,62418
FR,62419
FR,62420
FR,62430
FR,62440
FR,62450
FR,62451
FR,62452
FR,62453
FR,62459
FR,62460
FR,62470
FR,62480
FR,62490
FR,62500
FR,62501
FR,62502
FR,62503
FR,62504
FR,62505
FR,62506
FR,62507
FR,62508
FR,62509
FR,62510
FR,62520
FR,62530
FR,62540
FR,62550
FR,62560
FR,62570
FR,62575
FR,62580
FR,62590
FR,62600
FR,62601
FR,62602
FR,62603
FR,62604
FR,62606
FR,62608
FR,62609
FR,62610
FR,62620
FR,62630
FR,62640
FR,62650
FR,62660
FR,62670
FR,62680
FR,62690
FR,62700
FR,62701
FR,62702
FR,62709
FR,62710
FR,62720
FR,62730
FR,62740
FR,62750
FR,62760
FR,62770
FR,62780
FR,62790
FR,62800
FR,62801
FR,62802
FR,62803
FR,62804
FR,62805
FR,62806
FR,62809
FR,62810
FR,62820
FR,62830
FR,62840
FR,62850
FR,62860
FR,62870
FR,62880
FR,62881
FR,62882
FR,62889
FR,62890
FR,62901
FR,62902
FR,62903
FR,62904
FR,62905
FR,62906
FR,62907
FR,62908
FR,62909
FR,62910
FR,62920
FR,62921
FR,62922
FR,62923
FR,62929
FR,62930
FR,62940
FR,62950
FR,62951
FR,62952
FR,62953
FR,62954
FR,62955
FR,62960
FR,62965
FR,62966
FR,62967
FR,62968
FR,62969
FR,62970
FR,62971 9
FR,62972 9
FR,62973 9
FR,62974 9
FR,62975 9
FR,62976 9
FR,62977 9
FR,62978 9
FR,62980
FR,62990
FR,63000
FR,63001 1
FR,63002 1
FR,63003 1
FR,63004 1
FR,63005 1
FR,63006 1
FR,63007 1
FR,63008 1
FR,63009 1
FR,63010 1
FR,63011 1
FR,63012 1
FR,63013 1
FR,63014 2
FR,63015 2
FR,63016 2
FR,63017 2
FR,63018 2
FR,63019 2
FR,63020 2
FR,63021 2
FR,63022 2
FR,63023 2
FR,63024 2
FR,63028 2
FR,63029 2
FR,63030 1
FR,63031 9
FR,63032 9
FR,63033 1
FR,63034 1
FR,63035 1
FR,63036 9
FR,63037 1
FR,63038 1
FR,63039 2
FR,63040 9
FR,63042 2
FR,63043 2
FR,63044 1
FR,63045 9
FR,63046 2
FR,63049 1
FR,63050 2
FR,63051 2
FR,63054 9
FR,63055 9
FR,63056 2
FR,63057 1
FR,63058 1
FR,63063 1
FR,63064 1
FR,63100
FR,63110
FR,63111
FR,63112
FR,63113
FR,63114
FR,63115
FR,63116
FR,63117
FR,63118
FR,63119
FR,63120
FR,63122
FR,63130
FR,63140
FR,63150
FR,63160
FR,63170
FR,63171
FR,63172
FR,63173
FR,63174
FR,63175
FR,63177
FR,63178
FR,63190
FR,63200
FR,63201
FR,63202
FR,63203
FR,63204
FR,63205
FR,63206
FR,63210
FR,63220
FR,63230
FR,63240
FR,63250
FR,63260
FR,63270
FR,63290
FR,63300
FR,63301
FR,63302
FR,63303
FR,63304
FR,63305
FR,63306
FR,63307
FR,63308
FR,63310
FR,63320
FR,63330
FR,63340
FR,63350
FR,63360
FR,63370
FR,63380
FR,63390
FR,63400
FR,63401
FR,63402
FR,63403
FR,63404
FR,63405
FR,63406
FR,63407
FR,63408
FR,63409
FR,63410
FR,63420
FR,63430
FR,63440
FR,63450
FR,63460
FR,63470
FR,63480
FR,63490
FR,63500
FR,63501
FR,63502
FR,63503
FR,63504
FR,63505
FR,63506
FR,63510
FR,63520
FR,63530
FR,63540
FR,63550
FR,63560
FR,63570
FR,63580
FR,63590
FR,63600
FR,63610
FR,63620
FR,63630
FR,63640
FR,63650
FR,63660
FR,63670
FR,63680
FR,63690
FR,63700
FR,63710
FR,63720
FR,63730
FR,63740
FR,63750
FR,63760
FR,63770
FR,63780
FR,63790
FR,63800
FR,63801
FR,63802
FR,63803
FR,63804
FR,63808
FR,63810
FR,63820
FR,63830
FR,63840
FR,63850
FR,63870
FR,63880
FR,63890
FR,63900 9
FR,63910
FR,63920
FR,63930
FR,63940
FR,63950
FR,63959 9
FR,63960
FR,63961 9
FR,63962 9
FR,63963 9
FR,63964 9
FR,63965 9
FR,63966 9
FR,63967 9
FR,63968 9
FR,63969 9
FR,63970
FR,63972 9
FR,63980
FR,63990
FR,64000
FR,64001
FR,64002
FR,64003
FR,64004
FR,64006
FR,64007
FR,64008
FR,64010
FR,64011
FR,64012
FR,64013
FR,64015
FR,64016
FR,64017 9
FR,64018
FR,64019 9
FR,64020
FR,64021
FR,64022 9
FR,64023
FR,64024 9
FR,64027
FR,64028
FR,64029 9
FR,64030 9
FR,64031
FR,64032
FR,64033
FR,64034
FR,64035
FR,64036
FR,64037
FR,64038
FR,64039
FR,64040
FR,64041 9
FR,64042
FR,64043
FR,64044
FR,64046
FR,64050 9
FR,64051 9
FR,64052 9
FR,64053 9
FR,64054 9
FR,64055 9
FR,64056 9
FR,64057 9
FR,64058 9
FR,64059 9
FR,64060 9
FR,64061 9
FR,64062 9
FR,64064
FR,64071
FR,64075
FR,64078
FR,64079
FR,64080
FR,64081
FR,64082
FR,64086
FR,64087 9
FR,64089
FR,64090
FR,64100
FR,64101
FR,64102
FR,64103
FR,64104
FR,64105
FR,64106
FR,64107
FR,64108
FR,64109
FR,64110
FR,64111
FR,64112
FR,64113
FR,64115
FR,64116
FR,64120
FR,64121
FR,64122
FR,64130
FR,64140
FR,64141
FR,64142
FR,64143
FR,64145
FR,64146
FR,64147
FR,64148
FR,64150
FR,64160
FR,64170
FR,64181
FR,64182
FR,64183
FR,64184
FR,64185
FR,64187
FR,64190
FR,64200
FR,64201
FR,64202
FR,64203
FR,64204
FR,64205
FR,64206
FR,64208
FR,64210
FR,64220
FR,64230
FR,64231
FR,64232
FR,64233
FR,64234
FR,64235
FR,64236
FR,64237
FR,64238
FR,64240
FR,64250
FR,64260
FR,64270
FR,64290
FR,64300
FR,64301
FR,64302
FR,64303
FR,64304
FR,64307
FR,64310
FR,64320
FR,64330
FR,64340
FR,64350
FR,64360
FR,64370
FR,64390
FR,64400
FR,64401
FR,64402
FR,64403
FR,64404
FR,64410
FR,64420
FR,64430
FR,64440
FR,64450
FR,64460
FR,64470
FR,64480
FR,64490
FR,64500
FR,64501
FR,64502
FR,64503
FR,64504
FR,64505
FR,64506
FR,64510
FR,64511
FR,64520
FR,64530
FR,64560
FR,64570
FR,64600
FR,64601
FR,64602
FR,64603
FR,64604
FR,64605
FR,64640
FR,64660
FR,64680
FR,64700
FR,64701
FR,64702
FR,64703
FR,64704
FR,64705
FR,64780
FR,64800
FR,64811
FR,64870
FR,64990
FR,65000
FR,65001
FR,65002
FR,65003
FR,65004
FR,65005
FR,65006
FR,65007
FR,65008
FR,65009
FR,65010
FR,65013 9
FR,65014 9
FR,65015 9
FR,65016
FR,65017 9
FR,65018 9
FR,65020 9
FR,65021 9
FR,65022 9
FR,65023 9
FR,65024 9
FR,65025 9
FR,65100
FR,65101
FR,65102
FR,65103
FR,65104
FR,65105
FR,65106
FR,65107
FR,65108
FR,65110
FR,65111
FR,65112
FR,65116
FR,65117
FR,65120
FR,65130
FR,65140
FR,65150
FR,65170
FR,65171
FR,65190
FR,65200
FR,65201
FR,65202
FR,65203
FR,65204
FR,65220
FR,65230
FR,65240
FR,65250
FR,65260
FR,65270
FR,65290
FR,65300
FR,65301
FR,65302
FR,65303
FR,65307
FR,65308
FR,65309
FR,65310
FR,65311
FR,65312
FR,65320
FR,65321
FR,65330
FR,65350
FR,65360
FR,65370
FR,65380
FR,65390
FR,65400
FR,65401
FR,65402
FR,65410
FR,65420
FR,65421
FR,65429
FR,65430
FR,65440
FR,65460
FR,65490
FR,65500
FR,65501
FR,65502
FR,65503
FR,65510
FR,65560
FR,65590
FR,65600
FR,65601
FR,65660
FR,65670
FR,65690
FR,65700
FR,65701
FR,65706
FR,65710
FR,65800
FR,65801
FR,65901 9
FR,65902 9
FR,65903 9
FR,65904 9
FR,65905 9
FR,65907 9
FR,65911 9
FR,65912 9
FR,65914 9
FR,65915 9
FR,65917 9
FR,65918 9
FR,65920 9
FR,65921 9
FR,65930 9
FR,65950 9
FR,65951 9
FR,66000
FR,66001
FR,66002
FR,66003
FR,66004
FR,66005
FR,66006
FR,66011
FR,66012
FR,66013 9
FR,66014
FR,66015
FR,66017 9
FR,66018 9
FR,66019 9
FR,66020
FR,66021 9
FR,66025
FR,66026
FR,66027
FR,66028
FR,66029
FR,66030
FR,66031
FR,66032
FR,66033
FR,66034
FR,66039
FR,66046
FR,66050
FR,66070
FR,66100
FR,66101
FR,66102
FR,66103
FR,66110
FR,66111
FR,66112
FR,66113
FR,66120
FR,66121
FR,66122
FR,66123
FR,66130
FR,66140
FR,66141
FR,66144
FR,66145
FR,66150
FR,66160
FR,66161
FR,66162
FR,66165
FR,66170
FR,66180
FR,66190
FR,66200
FR,66201
FR,66202
FR,66210
FR,66220
FR,66230
FR,66240
FR,66250
FR,66260
FR,66270
FR,66280
FR,66290
FR,66300
FR,66301
FR,66302
FR,66310
FR,66320
FR,66330
FR,66331
FR,66334
FR,66335
FR,66339
FR,66340
FR,66350
FR,66360
FR,66370
FR,66380
FR,66390
FR,66400
FR,66401
FR,66402
FR,66403
FR,66410
FR,66420
FR,66421
FR,66422
FR,66423
FR,66430
FR,66440
FR,66450
FR,66460
FR,66470
FR,66480
FR,66490
FR,66500
FR,66501
FR,66502
FR,66509
FR,66510
FR,66530
FR,66540
FR,66550
FR,66560
FR,66570
FR,66600
FR,66601
FR,66602
FR,66604
FR,66605
FR,66606
FR,66609
FR,66610
FR,66620
FR,66650
FR,66651
FR,66652
FR,66659
FR,66660
FR,66664
FR,66670
FR,66680
FR,66690
FR,66700
FR,66701
FR,66702
FR,66703
FR,66704
FR,66720
FR,66730
FR,66740
FR,66750
FR,66751
FR,66755
FR,66760
FR,66800
FR,66820
FR,66830
FR,66831
FR,66832 9
FR,66836
FR,66845
FR,66850
FR,66853
FR,66854
FR,66856
FR,66860 9
FR,66863
FR,66866 9
FR,66870
FR,66906
FR,66921
FR,66931
FR,66933
FR,66940
FR,66941
FR,66945
FR,66950
FR,66951
FR,66959 9
FR,66960 9
FR,66961 9
FR,66962 9
FR,66963 9
FR,66964 9
FR,66965 9
FR,66966 9
FR,66967 9
FR,66968 9
FR,66987
FR,67000
FR,67001
FR,67002
FR,67003
FR,67004
FR,67005
FR,67006
FR,67007
FR,67008
FR,67009
FR,67010
FR,67011 1
FR,67012
FR,67013
FR,67014
FR,67015
FR,67016
FR,67017
FR,67018
FR,67019
FR,67020 1
FR,67021 1
FR,67022 1
FR,67023 1
FR,67024 1
FR,67025 1
FR,67026 1
FR,67027 1
FR,67028 1
FR,67029 1
FR,67030 2
FR,67031 2
FR,67032 2
FR,67033 2
FR,67034 2
FR,67035 2
FR,67036 2
FR,67037 2
FR,67038 2
FR,67039 2
FR,67043
FR,67044
FR,67045
FR,67046
FR,67059
FR,67060
FR,67061
FR,67064
FR,67065
FR,67067
FR,67068
FR,67069
FR,67070
FR,67071
FR,67073
FR,67074
FR,67075
FR,67076
FR,67077
FR,67080
FR,67081
FR,67082
FR,67083
FR,67084
FR,67085
FR,67086 2
FR,67087 2
FR,67088 2
FR,67089 1
FR,67090
FR,67091
FR,67092
FR,67093
FR,67096 2
FR,67098 2
FR,67099
FR,67100
FR,67102 1
FR,67109 1
FR,67110
FR,67112
FR,67113
FR,67114
FR,67115
FR,67116
FR,67117
FR,67118
FR,67120
FR,67121
FR,67122
FR,67123
FR,67124
FR,67125
FR,67126
FR,67129
FR,67130
FR,67131
FR,67132
FR,67133
FR,67137
FR,67138
FR,67140
FR,67141
FR,67142
FR,67143
FR,67144
FR,67145
FR,67146
FR,67150
FR,67151
FR,67152
FR,67155
FR,67158
FR,67160
FR,67161
FR,67162
FR,67163
FR,67165
FR,67166
FR,67167
FR,67169
FR,67170
FR,67171
FR,67172
FR,67173
FR,67190
FR,67200
FR,67201
FR,67202
FR,67203
FR,67204
FR,67205
FR,67206
FR,67207
FR,67209 2
FR,67210
FR,67211
FR,67212
FR,67213
FR,67214
FR,67215
FR,67216
FR,67217
FR,67218
FR,67219
FR,67220
FR,67230
FR,67231
FR,67232
FR,67234
FR,67235
FR,67239
FR,67240
FR,67241
FR,67242
FR,67243
FR,67249
FR,67250
FR,67260
FR,67261
FR,67262
FR,67269
FR,67270
FR,67280
FR,67290
FR,67300
FR,67301
FR,67302
FR,67303
FR,67304
FR,67305
FR,67306
FR,67307
FR,67308
FR,67310
FR,67311
FR,67312
FR,67318
FR,67319
FR,67320
FR,67330
FR,67340
FR,67350
FR,67360
FR,67370
FR,67380
FR,67381
FR,67382
FR,67390
FR,67400
FR,67401
FR,67402
FR,67403
FR,67404
FR,67405
FR,67407
FR,67408
FR,67409
FR,67410
FR,67411
FR,67412
FR,67420
FR,67430
FR,67440
FR,67441
FR,67450
FR,67451
FR,67452
FR,67453
FR,67454
FR,67455
FR,67456
FR,67457
FR,67458
FR,67459
FR,67460
FR,67470
FR,67480
FR,67490
FR,67500
FR,67501
FR,67502
FR,67503
FR,67504
FR,67505
FR,67506
FR,67507
FR,67509
FR,67510
FR,67520
FR,67521
FR,67530
FR,67540
FR,67541
FR,67542
FR,67550
FR,67560
FR,67570
FR,67580
FR,67590
FR,67600
FR,67601
FR,67602
FR,67603
FR,67604
FR,67605
FR,67606
FR,67607
FR,67608
FR,67609
FR,67610
FR,67620
FR,67630
FR,67640
FR,67650
FR,67660
FR,67670
FR,67680
FR,67690
FR,67700
FR,67701
FR,67702
FR,67703
FR,67704
FR,67705
FR,67706
FR,67707
FR,67708
FR,67709
FR,67710
FR,67720
FR,67721
FR,67722
FR,67723
FR,67724
FR,67725
FR,67726
FR,67727
FR,67728
FR,67730
FR,67750
FR,67760
FR,67770
FR,67790
FR,67800
FR,67801
FR,67802
FR,67803
FR,67804
FR,67807
FR,67809
FR,67810
FR,67820
FR,67831
FR,67832
FR,67833
FR,67834
FR,67836
FR,67838
FR,67839
FR,67840
FR,67841
FR,67842
FR,67843
FR,67850
FR,67860
FR,67870
FR,67880
FR,67891
FR,67892
FR,67900 9
FR,67905 9
FR,67906 9
FR,67907 9
FR,67909 9
FR,67911 9
FR,67913 9
FR,67920
FR,67921 9
FR,67922 9
FR,67923 9
FR,67925 9
FR,67926 9
FR,67927 9
FR,67928 9
FR,67930
FR,67931 9
FR,67932 9
FR,67933 9
FR,67942 9
FR,67943 9
FR,67944 9
FR,67948 9
FR,67949 9
FR,67952 9
FR,67953 9
FR,67955 9
FR,67957 9
FR,67958 9
FR,67959 9
FR,67960
FR,67961 9
FR,67962 9
FR,67963 9
FR,67964 9
FR,67965 9
FR,67966 9
FR,67967 9
FR,67969 9
FR,67970
FR,67972 9
FR,67974 9
FR,67975 9
FR,67976 9
FR,67977 9
FR,67978 9
FR,67979 9
FR,67980
FR,67981 9
FR,67982 9
FR,67983 9
FR,67984 9
FR,67985 9
FR,67986 9
FR,67990
FR,67999 9
FR,68000
FR,68001
FR,68002
FR,68003
FR,68004
FR,68005
FR,68006
FR,68007
FR,68008
FR,68009
FR,68010
FR,68012
FR,68013
FR,68014
FR,68015
FR,68016
FR,68017
FR,68018
FR,68019
FR,68020
FR,68021
FR,68022
FR,68023
FR,68024
FR,68025
FR,68026
FR,68027
FR,68029
FR,68040
FR,68050 1
FR,68051 1
FR,68052 1
FR,68053 1
FR,68054 1
FR,68055 1
FR,68056 1
FR,68057 2
FR,68058 2
FR,68059 2
FR,68060 2
FR,68061 3
FR,68062 3
FR,68063 3
FR,68064 3
FR,68065 3
FR,68066 3
FR,68067 2
FR,68068 2
FR,68069 2
FR,68070 1
FR,68071 1
FR,68072 1
FR,68073 1
FR,68074 1
FR,68076 1
FR,68077 2
FR,68082 9
FR,68083 9
FR,68084 9
FR,68085 1
FR,68086 1
FR,68090 1
FR,68091 1
FR,68092 2
FR,68093 2
FR,68097 9
FR,68099 1
FR,68100
FR,68110
FR,68116
FR,68118
FR,68120
FR,68121
FR,68124
FR,68125
FR,68126
FR,68127
FR,68128
FR,68130
FR,68131
FR,68132
FR,68133
FR,68134
FR,68139
FR,68140
FR,68150
FR,68151
FR,68152
FR,68153
FR,68159
FR,68160
FR,68170
FR,68171
FR,68172
FR,68173
FR,68180
FR,68190
FR,68200
FR,68210
FR,68220
FR,68221
FR,68230
FR,68240
FR,68250
FR,68260
FR,68261
FR,68262
FR,68263
FR,68264
FR,68265
FR,68270
FR,68271
FR,68272
FR,68273
FR,68274
FR,68280
FR,68290
FR,68300
FR,68301
FR,68302
FR,68303
FR,68304
FR,68305
FR,68306
FR,68307
FR,68308
FR,68309
FR,68310
FR,68311
FR,68312
FR,68313
FR,68314
FR,68315
FR,68316
FR,68317
FR,68320
FR,68330
FR,68331
FR,68332
FR,68333
FR,68340
FR,68350
FR,68360
FR,68370
FR,68380
FR,68390
FR,68391
FR,68392
FR,68393
FR,68399
FR,68400
FR,68410
FR,68420
FR,68440
FR,68460
FR,68470
FR,68480
FR,68490
FR,68500
FR,68501
FR,68502
FR,68503
FR,68504
FR,68509
FR,68510
FR,68520
FR,68530
FR,68540
FR,68550
FR,68560
FR,68570
FR,68580
FR,68590
FR,68600
FR,68610
FR,68620
FR,68630
FR,68640
FR,68650
FR,68660
FR,68680
FR,68690
FR,68700
FR,68701
FR,68702
FR,68703
FR,68704
FR,68705
FR,68720
FR,68730
FR,68740
FR,68750
FR,68760
FR,68770
FR,68780
FR,68790
FR,68800
FR,68801
FR,68802
FR,68804
FR,68806
FR,68809
FR,68820
FR,68830
FR,68840
FR,68850
FR,68870
FR,68890
FR,68910
FR,68920
FR,68921
FR,68923
FR,68925
FR,68927
FR,68929
FR,68941 9
FR,68943 9
FR,68944 9
FR,68945 9
FR,68947 9
FR,68948 9
FR,68949 9
FR,68950
FR,68960
FR,68968 9
FR,68970
FR,68980
FR,68990
FR,69000
FR,69001
FR,69002
FR,69003
FR,69004
FR,69005
FR,69006
FR,69007
FR,69008
FR,69009
FR,69061 06
FR,69062 06
FR,69064 06
FR,69100
FR,69110
FR,69115
FR,69120
FR,69124
FR,69125
FR,69126
FR,69129 08
FR,69130
FR,69131
FR,69132
FR,69134
FR,69136
FR,69139
FR,69140
FR,69141
FR,69142
FR,69143
FR,69144
FR,69145
FR,69147
FR,69148
FR,69150
FR,69151
FR,69152
FR,69153
FR,69154
FR,69159
FR,69160
FR,69161
FR,69170
FR,69171
FR,69172
FR,69173
FR,69190
FR,69191
FR,69192
FR,69195
FR,69199
FR,69200
FR,69201 01
FR,69202 01
FR,69203 01
FR,69204 01
FR,69205 01
FR,69206 01
FR,69207 01
FR,69208 01
FR,69209 01
FR,69210
FR,69211 03
FR,69212 03
FR,69213 02
FR,69214 02
FR,69215 02
FR,69216 02
FR,69217 02
FR,69218 02
FR,69219 02
FR,69220
FR,69225 02
FR,69226 02
FR,69227 02
FR,69228 02
FR,69229 02
FR,69230
FR,69232 02
FR,69237 02
FR,69239 02
FR,69240
FR,69241 04
FR,69242 04
FR,69243 04
FR,69244 04
FR,69245 05
FR,69246 05
FR,69247 05
FR,69250
FR,69251 09
FR,69252 09
FR,69253 09
FR,69255 09
FR,69256 09
FR,69257 09
FR,69258 09
FR,69259 09
FR,69260
FR,69261 09
FR,69262 09
FR,69263 09
FR,69264 09
FR,69265 09
FR,69266 09
FR,69267 02
FR,69268 02
FR,69269 02
FR,69270
FR,69271 02
FR,69272 02
FR,69275 03
FR,69276 04
FR,69279 09
FR,69280
FR,69281 01
FR,69282 01
FR,69283 01
FR,69284 02
FR,69285 02
FR,69286 02
FR,69287 02
FR,69288 02
FR,69289 02
FR,69290
FR,69291 02
FR,69292 02
FR,69293 02
FR,69294 02
FR,69300
FR,69301 07
FR,69302 07
FR,69303 07
FR,69307 07
FR,69309 07
FR,69310
FR,69316 04
FR,69317 04
FR,69319 04
FR,69320
FR,69321 05
FR,69322 05
FR,69326 03
FR,69327 03
FR,69328 03
FR,69329 03
FR,69330
FR,69336 09
FR,69337 09
FR,69338 09
FR,69339 02
FR,69340
FR,69341 07
FR,69342 07
FR,69343 07
FR,69344 07
FR,69345 07
FR,69346 07
FR,69347 07
FR,69348 07
FR,69349 07
FR,69350
FR,69351 08
FR,69352 08
FR,69353 07
FR,69354 07
FR,69355 08
FR,69356 08
FR,69357 07
FR,69358 07
FR,69359 08
FR,69360
FR,69361 07
FR,69362 07
FR,69363 07
FR,69364 07
FR,69365 07
FR,69366 07
FR,69367 07
FR,69369 07
FR,69370
FR,69371 08
FR,69372 08
FR,69373 08
FR,69376 08
FR,69377 08
FR,69379 08
FR,69380
FR,69384 08
FR,69385 08
FR,69389 07
FR,69390
FR,69391 03
FR,69392 03
FR,69393 03
FR,69394 03
FR,69395 03
FR,69396 03
FR,69397 03
FR,69398 03
FR,69399 03
FR,69400
FR,69401 03
FR,69402 03
FR,69403 03
FR,69404 03
FR,69405 03
FR,69406 03
FR,69408 03
FR,69409 03
FR,69410
FR,69411 06
FR,69412 06
FR,69413 06
FR,69414 06
FR,69415 06
FR,69416 03
FR,69417 03
FR,69418 03
FR,69419 03
FR,69420
FR,69421 03
FR,69422 03
FR,69423 03
FR,69424 03
FR,69425 03
FR,69426 03
FR,69427 03
FR,69428 03
FR,69429 03
FR,69430
FR,69431 03
FR,69432 03
FR,69433 03
FR,69434 03
FR,69435 03
FR,69436 03
FR,69437 03
FR,69438 03
FR,69439 03
FR,69440
FR,69441 03
FR,69442 03
FR,69443 03
FR,69444 03
FR,69445 03
FR,69446 03
FR,69447 03
FR,69448 03
FR,69449 03
FR,69450
FR,69451 06
FR,69452 06
FR,69453 06
FR,69454 06
FR,69455 06
FR,69456 06
FR,69457 06
FR,69458 06
FR,69459 06
FR,69460
FR,69461 06
FR,69463 06
FR,69464 06
FR,69465 06
FR,69466 06
FR,69467 06
FR,69468 06
FR,69469 06
FR,69470
FR,69472 06
FR,69474 06
FR,69475 06
FR,69476 06
FR,69477 06
FR,69478 06
FR,69479 06
FR,69480
FR,69481 03
FR,69482 03
FR,69483 03
FR,69484 03
FR,69485 03
FR,69486 03
FR,69487 03
FR,69488 03
FR,69489 03
FR,69490
FR,69491
FR,69492
FR,69493
FR,69495
FR,69500
FR,69501 03
FR,69502 03
FR,69503 03
FR,69505 03
FR,69509 03
FR,69510
FR,69511
FR,69512
FR,69513
FR,69514
FR,69515
FR,69516
FR,69517
FR,69518
FR,69519
FR,69520
FR,69530
FR,69531
FR,69540
FR,69541
FR,69542
FR,69543
FR,69544
FR,69550
FR,69551
FR,69552
FR,69553
FR,69560
FR,69561
FR,69563
FR,69564
FR,69565
FR,69569
FR,69570
FR,69571
FR,69572
FR,69573
FR,69574
FR,69576
FR,69578
FR,69579
FR,69580
FR,69581
FR,69582
FR,69583
FR,69590
FR,69591
FR,69592
FR,69593
FR,69594
FR,69595
FR,69600
FR,69601
FR,69602
FR,69603
FR,69604
FR,69605
FR,69606
FR,69607
FR,69608
FR,69609
FR,69610
FR,69611
FR,69612
FR,69613
FR,69615
FR,69616
FR,69619
FR,69620
FR,69621
FR,69622
FR,69623
FR,69624
FR,69625
FR,69626
FR,69627
FR,69628
FR,69629
FR,69630
FR,69631
FR,69632
FR,69633
FR,69634
FR,69635
FR,69636
FR,69637
FR,69638
FR,69639
FR,69640
FR,69641
FR,69642
FR,69643
FR,69644
FR,69645
FR,69646
FR,69647
FR,69648
FR,69649
FR,69650
FR,69651
FR,69652
FR,69653
FR,69654
FR,69655
FR,69656
FR,69657
FR,69658
FR,69659
FR,69660
FR,69661
FR,69664
FR,69665
FR,69667
FR,69669
FR,69670
FR,69671
FR,69672
FR,69673
FR,69674
FR,69675
FR,69676
FR,69677
FR,69679
FR,69680
FR,69682
FR,69684
FR,69685
FR,69686
FR,69687
FR,69689
FR,69690
FR,69691
FR,69692
FR,69693
FR,69694
FR,69696
FR,69700
FR,69701
FR,69702
FR,69709
FR,69714
FR,69720
FR,69726
FR,69727
FR,69729
FR,69730
FR,69731
FR,69732
FR,69735
FR,69740
FR,69741
FR,69742
FR,69743
FR,69744
FR,69745
FR,69746
FR,69747
FR,69749
FR,69751
FR,69755
FR,69760
FR,69770
FR,69771
FR,69780
FR,69790
FR,69791
FR,69792
FR,69793
FR,69794
FR,69795
FR,69800
FR,69801
FR,69802
FR,69803
FR,69804
FR,69805
FR,69806
FR,69808
FR,69809
FR,69811
FR,69812
FR,69813
FR,69814
FR,69816
FR,69817
FR,69819
FR,69820
FR,69822
FR,69823
FR,69824
FR,69829
FR,69830
FR,69831 9
FR,69832 9
FR,69833 9
FR,69836 9
FR,69840
FR,69841 20
FR,69850
FR,69860
FR,69870
FR,69881
FR,69882
FR,69883
FR,69889
FR,69890
FR,69891
FR,69900 20
FR,69901 20
FR,69902 20
FR,69903 20
FR,69904 20
FR,69905 20
FR,69906 20
FR,69907 20
FR,69908 20
FR,69910
FR,69921
FR,69922
FR,69923
FR,69924
FR,69925
FR,69926
FR,69930
FR,69931 20
FR,69932 20
FR,69933 20
FR,69934 20
FR,69935 20
FR,69936 20
FR,69937 20
FR,69938 20
FR,69939 20
FR,69942 20
FR,69945 20
FR,69946 20
FR,69947 20
FR,69948 20
FR,69949 20
FR,69951 20
FR,69952 20
FR,69953 20
FR,69954 20
FR,69955 20
FR,69957 20
FR,69960
FR,69961
FR,69962
FR,69963
FR,69964
FR,69968
FR,69969
FR,69970
FR,69998 07
FR,70000
FR,70001
FR,70002
FR,70003
FR,70004
FR,70005
FR,70006
FR,70007
FR,70013
FR,70014
FR,70019
FR,70020
FR,70021
FR,70022
FR,70030
FR,70100
FR,70101
FR,70102
FR,70103
FR,70104
FR,70110
FR,70120
FR,70130
FR,70140
FR,70150
FR,70160
FR,70170
FR,70180
FR,70190
FR,70200
FR,70201
FR,70202
FR,70203
FR,70204
FR,70210
FR,70220
FR,70230
FR,70240
FR,70250
FR,70270
FR,70280
FR,70290
FR,70300
FR,70301 AIR
FR,70302
FR,70303
FR,70304
FR,70306
FR,70310
FR,70320
FR,70360
FR,70400
FR,70440
FR,70500
FR,70600
FR,70700
FR,70800
FR,70807
FR,71000
FR,71001
FR,71002
FR,71003
FR,71004
FR,71005
FR,71006
FR,71007
FR,71008
FR,71009
FR,71010
FR,71011
FR,71012
FR,71017
FR,71018
FR,71019
FR,71020 9
FR,71021 9
FR,71022 9
FR,71023 9
FR,71024 9
FR,71025 9
FR,71026 9
FR,71027 9
FR,71028 9
FR,71029
FR,71031
FR,71040 9
FR,71049 9
FR,71100
FR,71101
FR,71102
FR,71103
FR,71104
FR,71105
FR,71106
FR,71107
FR,71108
FR,71109
FR,71110
FR,71118
FR,71120
FR,71130
FR,71140
FR,71150
FR,71160
FR,71170
FR,71190
FR,71200
FR,71201
FR,71202
FR,71203
FR,71204
FR,71205
FR,71206
FR,71209
FR,71210
FR,71220
FR,71230
FR,71240
FR,71250
FR,71260
FR,71270
FR,71290
FR,71300
FR,71301
FR,71302
FR,71303
FR,71304
FR,71305
FR,71306
FR,71307
FR,71308
FR,71309
FR,71310
FR,71320
FR,71321
FR,71322
FR,71323
FR,71324
FR,71325
FR,71326
FR,71327
FR,71328
FR,71330
FR,71331
FR,71332
FR,71333
FR,71334
FR,71335
FR,71336
FR,71337
FR,71339
FR,71340
FR,71350
FR,71360
FR,71370
FR,71380
FR,71390
FR,71400
FR,71401
FR,71402
FR,71403
FR,71404
FR,71405
FR,71407
FR,71408
FR,71409
FR,71410
FR,71420
FR,71430
FR,71440
FR,71450
FR,71460
FR,71470
FR,71480
FR,71490
FR,71500
FR,71501
FR,71502
FR,71503
FR,71509
FR,71510
FR,71520
FR,71530
FR,71540
FR,71550
FR,71570
FR,71580
FR,71590
FR,71600
FR,71601
FR,71602
FR,71603
FR,71604
FR,71609
FR,71620
FR,71640
FR,71670
FR,71680
FR,71700
FR,71710
FR,71740
FR,71760
FR,71800
FR,71850
FR,71870
FR,71880
FR,71960
FR,71990
FR,72000
FR,72001 1
FR,72002 1
FR,72003 1
FR,72004 1
FR,72005 1
FR,72006 1
FR,72007 1
FR,72008 1
FR,72009 1
FR,72010 1
FR,72011 1
FR,72013 2
FR,72014 2
FR,72015 2
FR,72016 2
FR,72018 2
FR,72019 2
FR,72021 2
FR,72024 2
FR,72025 2
FR,72026 2
FR,72027 2
FR,72028 2
FR,72029 2
FR,72030 9
FR,72032 9
FR,72033 9
FR,72034 9
FR,72035 1
FR,72036 9
FR,72037 9
FR,72038 9
FR,72039 9
FR,72040 1
FR,72041 9
FR,72042 9
FR,72043 9
FR,72044 9
FR,72045 2
FR,72047 2
FR,72048 9
FR,72049 1
FR,72051 2
FR,72052 2
FR,72055 2
FR,72058 2
FR,72059 1
FR,72070 9
FR,72071 9
FR,72072 9
FR,72073 9
FR,72075 9
FR,72079 9
FR,72080 9
FR,72081 9
FR,72082 9
FR,72083 9
FR,72084 9
FR,72085 9
FR,72086 9
FR,72087 9
FR,72088 9
FR,72089 9
FR,72091 9
FR,72092 9
FR,72093 9
FR,72095 9
FR,72096 9
FR,72100
FR,72109 2
FR,72110
FR,72120
FR,72130
FR,72140
FR,72150
FR,72160
FR,72170
FR,72190
FR,72200
FR,72201
FR,72202
FR,72203
FR,72205
FR,72206
FR,72208
FR,72210
FR,72220
FR,72230
FR,72231
FR,72232
FR,72233
FR,72234
FR,72236
FR,72237
FR,72239
FR,72240
FR,72250
FR,72260
FR,72270
FR,72290
FR,72300
FR,72301
FR,72302
FR,72303
FR,72304
FR,72305
FR,72308
FR,72309
FR,72310
FR,72320
FR,72330
FR,72340
FR,72350
FR,72360
FR,72370
FR,72380
FR,72390
FR,72400
FR,72401
FR,72402
FR,72403
FR,72404
FR,72405
FR,72406
FR,72407
FR,72409
FR,72430
FR,72440
FR,72450
FR,72460
FR,72470
FR,72500
FR,72510
FR,72530
FR,72540
FR,72550
FR,72560
FR,72600
FR,72610
FR,72650
FR,72700
FR,72702
FR,72703
FR,72704
FR,72705
FR,72800
FR,72902 9
FR,72908 9
FR,73000
FR,73001
FR,73002
FR,73003
FR,73004
FR,73005
FR,73006
FR,73007
FR,73008
FR,73009
FR,73010
FR,73011
FR,73014
FR,73015
FR,73016
FR,73017
FR,73018
FR,73019
FR,73020
FR,73021
FR,73022
FR,73024
FR,73025
FR,73026
FR,73031
FR,73065 9
FR,73073 9
FR,73079
FR,73089 9
FR,73091
FR,73094
FR,73100
FR,73101
FR,73102
FR,73103
FR,73104
FR,73105
FR,73106
FR,73107
FR,73108
FR,73109
FR,73110
FR,73120
FR,73121
FR,73122
FR,73123
FR,73124
FR,73127
FR,73129
FR,73130
FR,73140
FR,73150
FR,73151
FR,73152
FR,73153
FR,73154
FR,73155
FR,73157
FR,73159
FR,73160
FR,73170
FR,73190
FR,73191
FR,73192
FR,73193
FR,73199
FR,73200
FR,73201
FR,73202
FR,73203
FR,73204
FR,73205
FR,73206
FR,73207
FR,73208
FR,73209
FR,73210
FR,73211
FR,73212
FR,73214
FR,73216
FR,73219
FR,73220
FR,73221
FR,73223
FR,73224
FR,73225
FR,73229
FR,73230
FR,73231
FR,73232
FR,73235
FR,73239
FR,73240
FR,73250
FR,73260
FR,73261
FR,73264
FR,73265
FR,73269
FR,73270
FR,73276
FR,73277
FR,73290
FR,73291
FR,73292
FR,73294
FR,73295
FR,73299
FR,73300
FR,73301
FR,73302
FR,73303
FR,73309
FR,73310
FR,73320
FR,73321
FR,73322
FR,73329
FR,73330
FR,73340
FR,73350
FR,73360
FR,73370
FR,73371
FR,73372
FR,73373
FR,73374
FR,73375
FR,73376
FR,73377
FR,73378
FR,73379
FR,73381
FR,73382
FR,73390
FR,73400
FR,73401
FR,73402
FR,73403
FR,73409
FR,73410
FR,73420
FR,73440
FR,73450
FR,73460
FR,73470
FR,73480
FR,73490
FR,73491
FR,73492
FR,73493
FR,73494
FR,73499
FR,73500
FR,73520
FR,73530
FR,73540
FR,73550
FR,73570
FR,73571
FR,73572
FR,73573
FR,73579
FR,73590
FR,73600
FR,73601
FR,73602
FR,73603
FR,73604
FR,73609
FR,73610
FR,73620
FR,73630
FR,73640
FR,73660
FR,73670
FR,73700
FR,73701
FR,73702
FR,73703
FR,73704
FR,73705
FR,73708
FR,73709
FR,73710
FR,73720
FR,73730
FR,73790
FR,73800
FR,73801
FR,73802
FR,73804
FR,73805
FR,73806
FR,73807
FR,73808
FR,73809
FR,73870
FR,74000
FR,74001
FR,74002
FR,74003
FR,74004
FR,74005
FR,74006
FR,74007
FR,74008
FR,74009
FR,74010
FR,74011
FR,74012
FR,74013
FR,74014
FR,74015
FR,74016
FR,74020
FR,74021
FR,74024
FR,74025
FR,74034
FR,74036
FR,74040
FR,74041
FR,74054
FR,74055
FR,74059
FR,74100
FR,74101
FR,74102
FR,74103
FR,74104
FR,74105
FR,74106
FR,74107
FR,74108
FR,74109
FR,74110
FR,74111
FR,74112
FR,74113
FR,74120
FR,74130
FR,74131
FR,74132
FR,74133
FR,74134
FR,74135
FR,74136
FR,74137
FR,74139
FR,74140
FR,74150
FR,74151
FR,74152
FR,74153
FR,74154
FR,74155
FR,74156
FR,74157
FR,74158
FR,74159
FR,74160
FR,74161
FR,74162
FR,74163
FR,74164
FR,74165
FR,74166
FR,74169
FR,74170
FR,74190
FR,74200
FR,74201
FR,74202
FR,74203
FR,74204
FR,74205
FR,74206
FR,74207
FR,74208
FR,74209
FR,74210
FR,74220
FR,74230
FR,74240
FR,74250
FR,74260
FR,74270
FR,74290
FR,74300
FR,74301
FR,74302
FR,74303
FR,74304
FR,74305
FR,74307
FR,74308
FR,74309
FR,74310
FR,74311
FR,74314
FR,74320
FR,74330
FR,74331
FR,74332
FR,74333
FR,74334
FR,74337
FR,74338
FR,74339
FR,74340
FR,74350
FR,74360
FR,74370
FR,74371
FR,74372
FR,74373
FR,74374
FR,74380
FR,74390
FR,74400
FR,74401
FR,74402
FR,74403
FR,74404
FR,74405
FR,74409
FR,74410
FR,74420
FR,74430
FR,74440
FR,74450
FR,74460
FR,74470
FR,74480
FR,74490
FR,74500
FR,74501
FR,74502
FR,74503
FR,74509
FR,74520
FR,74540
FR,74550
FR,74560
FR,74570
FR,74580
FR,74600
FR,74601
FR,74602
FR,74603
FR,74604
FR,74605
FR,74606
FR,74607
FR,74609
FR,74650
FR,74660
FR,74700
FR,74701
FR,74702
FR,74703
FR,74704
FR,74706
FR,74709
FR,74740
FR,74800
FR,74801
FR,74802
FR,74803
FR,74804
FR,74805
FR,74806
FR,74807
FR,74808
FR,74809
FR,74890
FR,74910
FR,74920
FR,74930
FR,74940
FR,74941
FR,74942
FR,74943
FR,74944
FR,74945
FR,74946
FR,74949
FR,74950
FR,74951
FR,74952
FR,74953
FR,74954
FR,74960
FR,74961
FR,74962
FR,74963
FR,74964
FR,74966
FR,74969
FR,74970
FR,74981 9
FR,74982 9
FR,74984 9
FR,74985 9
FR,74986 9
FR,74987 9
FR,74988 9
FR,74989 9
FR,74990 9
FR,74991 9
FR,74993 9
FR,74994 9
FR,74995 9
FR,74996 9
FR,74997 9
FR,74998 9
FR,74999 9
FR,75000
FR,75001
FR,75002
FR,75003
FR,75004
FR,75005
FR,75006
FR,75007
FR,75008
FR,75009
FR,75010
FR,75011
FR,75012
FR,75013
FR,75014
FR,75015
FR,75016
FR,75017
FR,75018
FR,75019
FR,75020
FR,75021 01
FR,75023 01
FR,75024 01
FR,75026 01
FR,75028 01
FR,75029 01
FR,75030 01
FR,75031 01
FR,75032 01
FR,75033 01
FR,75034 01
FR,75035 01
FR,75036 01
FR,75038 01
FR,75039 01
FR,75040 01
FR,75041 01
FR,75042 01
FR,75043 01
FR,75044 01
FR,75045 01
FR,75046 01
FR,75047 01
FR,75048 01
FR,75049 01
FR,75051 01
FR,75052 01
FR,75053 01
FR,75054 01
FR,75055 01
FR,75056 01
FR,75058 01
FR,75059 01
FR,75060 02
FR,75061 02
FR,75062 02
FR,75063 02
FR,75064 02
FR,75065 02
FR,75066 02
FR,75067 02
FR,75068 02
FR,75069 02
FR,75072 02
FR,75073 02
FR,75074 02
FR,75075 02
FR,75076 02
FR,75077 02
FR,75078 02
FR,75079 02
FR,75080 02
FR,75081 02
FR,75082 02
FR,75083 02
FR,75084 02
FR,75085 02
FR,75086 02
FR,75087 02
FR,75088 02
FR,75089 02
FR,75090 02
FR,75092 02
FR,75093 02
FR,75094 02
FR,75095 02
FR,75096 02
FR,75097 02
FR,75100 01
FR,75101 02
FR,75102 02
FR,75103 02
FR,75104 02
FR,75105 02
FR,75106 02
FR,75107 02
FR,75108 02
FR,75109 02
FR,75110 02
FR,75111 02
FR,75112 02
FR,75113 02
FR,75114 08
FR,75115 15
FR,75116
FR,75118 02
FR,75119 02
FR,75120 02
FR,75122 03
FR,75123 03
FR,75124 03
FR,75125 11
FR,75126 11
FR,75127 11
FR,75128 11
FR,75129 11
FR,75130 11
FR,75131 12
FR,75134 11
FR,75138 07
FR,75139 03
FR,75140 03
FR,75141 03
FR,75142 03
FR,75144 19
FR,75150 03
FR,75151 03
FR,75152 03
FR,75153 03
FR,75154 03
FR,75155 03
FR,75156 03
FR,75157 03
FR,75158 14
FR,75159 14
FR,75161 04
FR,75162 04
FR,75163 04
FR,75164 19
FR,75165 19
FR,75166 19
FR,75167 19
FR,75168 19
FR,75169 19
FR,75170 19
FR,75171 19
FR,75172 17
FR,75174 17
FR,75176 17
FR,75177 17
FR,75179 16
FR,75180 04
FR,75181 04
FR,75182 04
FR,75184 04
FR,75186 04
FR,75188 04
FR,75189 04
FR,75191 04
FR,75192 04
FR,75194 04
FR,75195 04
FR,75196 04
FR,75197 04
FR,75198 04
FR,75201 13
FR,75202 16
FR,75203 16
FR,75204 13
FR,75205 13
FR,75206 13
FR,75207 16
FR,75208 16
FR,75209 16
FR,75210 13
FR,75211 13
FR,75212 13
FR,75213 16
FR,75214 13
FR,75215 16
FR,75216 16
FR,75217 16
FR,75218 16
FR,75219 16
FR,75220 16
FR,75221 05
FR,75222 05
FR,75223 05
FR,75224 05
FR,75226 05
FR,75227 05
FR,75228 05
FR,75229 05
FR,75230 05
FR,75231 05
FR,75232 05
FR,75233 05
FR,75234 05
FR,75235 05
FR,75236 05
FR,75237 05
FR,75238 05
FR,75239 05
FR,75240 05
FR,75241 05
FR,75243 13
FR,75244 13
FR,75248 05
FR,75250 05
FR,75252 05
FR,75253 05
FR,75256 05
FR,75260 06
FR,75261 06
FR,75262 06
FR,75263 06
FR,75264 06
FR,75265 06
FR,75266 06
FR,75269 06
FR,75270 06
FR,75272 06
FR,75275 06
FR,75278 06
FR,75279 06
FR,75280 06
FR,75281 06
FR,75282 06
FR,75283 06
FR,75284 06
FR,75288 06
FR,75290 06
FR,75291 06
FR,75292 06
FR,75294 06
FR,75295 06
FR,75298 06
FR,75299 06
FR,75302 07
FR,75303 SP 07
FR,75304 09
FR,75305 09
FR,75306 09
FR,75307 09
FR,75308 09
FR,75309 09
FR,75310 09
FR,75311 09
FR,75312 09
FR,75313 09
FR,75314 09
FR,75315 09
FR,75317 09
FR,75318 09
FR,75319 09
FR,75320 09
FR,75321 07
FR,75322 07
FR,75323 07
FR,75324 07
FR,75325 07
FR,75326 07
FR,75327 07
FR,75328 07
FR,75329 07
FR,75330 07
FR,75333 07
FR,75335 07
FR,75337 07
FR,75338 07
FR,75339 07
FR,75340 07
FR,75341 07
FR,75342 07
FR,75343 07
FR,75344 07
FR,75345 07
FR,75348 SP 07
FR,75349 SP 07
FR,75350 SP 07
FR,75352 SP 07
FR,75353 SP 07
FR,75355 SP 07
FR,75356 SP 07
FR,75357 SP 07
FR,75358 SP 07
FR,75359 SP 07
FR,75360 08
FR,75361 08
FR,75362 08
FR,75363 08
FR,75364 08
FR,75365 08
FR,75366 08
FR,75367 08
FR,75370 08
FR,75371 08
FR,75372 08
FR,75373 08
FR,75374 08
FR,75375 08
FR,75376 08
FR,75378 08
FR,75379 08
FR,75380 08
FR,75381 08
FR,75382 08
FR,75383 08
FR,75384 08
FR,75385 08
FR,75386 08
FR,75387 08
FR,75388 08
FR,75389 08
FR,75390 08
FR,75391 08
FR,75392 08
FR,75394 08
FR,75395 08
FR,75396 08
FR,75397 08
FR,75398 08
FR,75399 08
FR,75400 08
FR,75401 08
FR,75402 08
FR,75403 08
FR,75405 08
FR,75406 08
FR,75407 08
FR,75408 08
FR,75410 08
FR,75411 08
FR,75412 08
FR,75413 08
FR,75415 08
FR,75416 08
FR,75417 08
FR,75418 08
FR,75419 08
FR,75420 08
FR,75421 09
FR,75422 09
FR,75423 09
FR,75424 09
FR,75425 09
FR,75426 09
FR,75427 09
FR,75428 09
FR,75429 09
FR,75430 09
FR,75431 09
FR,75432 09
FR,75434 09
FR,75435 09
FR,75436 09
FR,75437 09
FR,75438 09
FR,75439 09
FR,75440 09
FR,75441 09
FR,75442 09
FR,75443 09
FR,75444 09
FR,75445 09
FR,75446 09
FR,75447 09
FR,75449 09
FR,75450 09
FR,75451 09
FR,75452 09
FR,75453 09
FR,75454 09
FR,75455 09
FR,75456 09
FR,75457 09
FR,75458 09
FR,75459 09
FR,75460 10
FR,75462 10
FR,75463 10
FR,75464 10
FR,75465 10
FR,75466 10
FR,75467 10
FR,75468 10
FR,75470 10
FR,75471 10
FR,75472 10
FR,75473 10
FR,75474 10
FR,75475 10
FR,75476 10
FR,75477 10
FR,75478 10
FR,75479 10
FR,75480 10
FR,75481 10
FR,75482 10
FR,75483 10
FR,75484 10
FR,75485 10
FR,75486 10
FR,75487 10
FR,75488 10
FR,75490 10
FR,75491 10
FR,75492 10
FR,75493 10
FR,75495 10
FR,75496 10
FR,75497 10
FR,75498 10
FR,75499 10
FR,75502 15
FR,75503 15
FR,75504 15
FR,75505 15
FR,75506 15
FR,75507 15
FR,75508 15
FR,75509 15
FR,75510 15
FR,75511 15
FR,75512 15
FR,75521 11
FR,75522 11
FR,75523 11
FR,75524 11
FR,75525 11
FR,75526 11
FR,75527 11
FR,75528 11
FR,75533 11
FR,75534 11
FR,75535 11
FR,75536 11
FR,75537 11
FR,75538 11
FR,75540 11
FR,75541 11
FR,75542 11
FR,75543 11
FR,75544 11
FR,75545 11
FR,75546 11
FR,75547 11
FR,75548 11
FR,75550 11
FR,75551 11
FR,75552 11
FR,75553 11
FR,75554 11
FR,75555 11
FR,75556 11
FR,75557 11
FR,75558 11
FR,75560 12
FR,75561 12
FR,75562 12
FR,75563 12
FR,75564 12
FR,75565 12
FR,75566 12
FR,75567 12
FR,75568 12
FR,75569 12
FR,75570 12
FR,75571 12
FR,75572 12
FR,75573 12
FR,75574 12
FR,75575 12
FR,75576 12
FR,75577 12
FR,75578 12
FR,75579 12
FR,75580 12
FR,75581 12
FR,75582 12
FR,75583 12
FR,75584 12
FR,75585 12
FR,75586 12
FR,75587 12
FR,75588 12
FR,75589 12
FR,75591 12
FR,75592 12
FR,75593 12
FR,75594 12
FR,75595 12
FR,75596 12
FR,75597 12
FR,75598 12
FR,75599 12
FR,75600 14
FR,75601 12
FR,75602 12
FR,75603 12
FR,75604 12
FR,75605 12
FR,75606 12
FR,75607 12
FR,75608 12
FR,75609 12
FR,75610 12
FR,75611 12
FR,75612 12
FR,75613 12
FR,75614 12
FR,75616 12
FR,75617 17
FR,75618 14
FR,75619 13
FR,75620 14
FR,75621 13
FR,75622 13
FR,75623 13
FR,75624 13
FR,75625 13
FR,75626 13
FR,75627 13
FR,75628 13
FR,75629 13
FR,75630 13
FR,75631 13
FR,75632 13
FR,75633 13
FR,75634 13
FR,75635 13
FR,75636 13
FR,75637 13
FR,75638 13
FR,75639 13
FR,75640 13
FR,75641 13
FR,75642 13
FR,75643 13
FR,75644 13
FR,75646 13
FR,75647 13
FR,75648 13
FR,75649 13
FR,75650 13
FR,75651 13
FR,75652 13
FR,75653 13
FR,75654 13
FR,75655 13
FR,75656 13
FR,75657 13
FR,75658 13
FR,75659 13
FR,75660 14
FR,75661 14
FR,75662 14
FR,75663 14
FR,75664 14
FR,75665 14
FR,75667 14
FR,75668 14
FR,75669 14
FR,75670 14
FR,75671 14
FR,75673 14
FR,75674 14
FR,75675 14
FR,75677 14
FR,75678 14
FR,75679 14
FR,75680 14
FR,75681 14
FR,75682 14
FR,75683 14
FR,75685 14
FR,75687 14
FR,75688 14
FR,75689 14
FR,75690 14
FR,75691 14
FR,75692 14
FR,75693 14
FR,75694 14
FR,75696 14
FR,75697 14
FR,75698 14
FR,75699 14
FR,75700 SP 07
FR,75701 13
FR,75702 13
FR,75703 13
FR,75705 13
FR,75706 13
FR,75707 13
FR,75708 13
FR,75709 13
FR,75710 15
FR,75712 15
FR,75713 15
FR,75714 15
FR,75715 08
FR,75716 15
FR,75717 15
FR,75718 15
FR,75719 15
FR,75720 15
FR,75721 15
FR,75722 15
FR,75723 15
FR,75724 15
FR,75725 15
FR,75726 15
FR,75727 15
FR,75729 15
FR,75730 15
FR,75731 15
FR,75732 15
FR,75734 15
FR,75737 15
FR,75738 15
FR,75739 15
FR,75740 15
FR,75741 15
FR,75742 15
FR,75743 15
FR,75745 15
FR,75747 15
FR,75748 15
FR,75749 15
FR,75750 15
FR,75753 15
FR,75754 15
FR,75755 15
FR,75756 15
FR,75757 15
FR,75759 15
FR,75761 16
FR,75762 16
FR,75763 16
FR,75764 16
FR,75765 16
FR,75766 16
FR,75767 16
FR,75768 16
FR,75769 16
FR,75770 16
FR,75771 16
FR,75772 16
FR,75773 16
FR,75775 16
FR,75778 16
FR,75780 16
FR,75781 16
FR,75782 16
FR,75783 16
FR,75784 16
FR,75785 16
FR,75786 16
FR,75789 16
FR,75790 16
FR,75794 16
FR,75796 16
FR,75798 16
FR,75799 16
FR,75800 08
FR,75802 08
FR,75803 08
FR,75804 08
FR,75805 17
FR,75806 17
FR,75807 17
FR,75808 17
FR,75809 17
FR,75812 17
FR,75813 17
FR,75815 17
FR,75817 17
FR,75818 17
FR,75819 17
FR,75820 17
FR,75821 17
FR,75822 17
FR,75823 17
FR,75824 17
FR,75825 17
FR,75826 17
FR,75827 17
FR,75828 17
FR,75829 17
FR,75830 17
FR,75831 17
FR,75832 17
FR,75833 17
FR,75834 17
FR,75835 17
FR,75836 17
FR,75837 17
FR,75838 17
FR,75839 17
FR,75840 17
FR,75841 17
FR,75843 17
FR,75844 17
FR,75845 17
FR,75846 17
FR,75847 17
FR,75848 17
FR,75849 17
FR,75850 17
FR,75851 17
FR,75852 17
FR,75853 17
FR,75854 17
FR,75855 17
FR,75857 17
FR,75858 17
FR,75860 18
FR,75861 18
FR,75862 18
FR,75863 18
FR,75864 18
FR,75865 18
FR,75866 18
FR,75867 18
FR,75868 18
FR,75869 18
FR,75870 18
FR,75871 18
FR,75872 18
FR,75874 18
FR,75875 18
FR,75876 18
FR,75877 18
FR,75878 18
FR,75879 18
FR,75880 18
FR,75881 18
FR,75882 18
FR,75883 18
FR,75884 18
FR,75885 18
FR,75886 18
FR,75887 18
FR,75889 18
FR,75890 18
FR,75891 18
FR,75892 18
FR,75893 18
FR,75894 18
FR,75895 18
FR,75897 18
FR,75898 18
FR,75899 18
FR,75900 15
FR,75901 15
FR,75902 15
FR,75903 15
FR,75904 15
FR,75905 15
FR,75907 15
FR,75908 15
FR,75909 15
FR,75911 15
FR,75913 19
FR,75914 13
FR,75915 04
FR,75916 19
FR,75917 19
FR,75918 19
FR,75919 19
FR,75920 19
FR,75921 19
FR,75922 19
FR,75923 19
FR,75924 19
FR,75925 19
FR,75926 19
FR,75927 19
FR,75928 19
FR,75929 19
FR,75930 19
FR,75931 19
FR,75932 19
FR,75933 19
FR,75934 19
FR,75935 19
FR,75936 19
FR,75937 19
FR,75938 19
FR,75939 19
FR,75940 19
FR,75941 19
FR,75942 19
FR,75943 19
FR,75944 19
FR,75945 19
FR,75946 19
FR,75947 19
FR,75948 19
FR,75949 19
FR,75950 19
FR,75951 19
FR,75952 19
FR,75953 19
FR,75954 19
FR,75955 19
FR,75956 19
FR,75957 19
FR,75958 19
FR,75959 19
FR,75960 20
FR,75961 20
FR,75962 20
FR,75965 20
FR,75966 20
FR,75967 20
FR,75969 20
FR,75970 20
FR,75971 20
FR,75972 20
FR,75973 20
FR,75974 20
FR,75975 20
FR,75976 20
FR,75977 20
FR,75978 20
FR,75979 20
FR,75980 20
FR,75981 20
FR,75983 20
FR,75984 20
FR,75985 20
FR,75986 20
FR,75987 20
FR,75988 20
FR,75989 20
FR,75990 20
FR,75991 20
FR,75993 14
FR,75994 14
FR,75995 14
FR,75996 14
FR,75997 14
FR,75998 14
FR,76000
FR,76001
FR,76002
FR,76003
FR,76004
FR,76005
FR,76006
FR,76007
FR,76008
FR,76011
FR,76012
FR,76017
FR,76018
FR,76019
FR,76020
FR,76021
FR,76022
FR,76024
FR,76025
FR,76026
FR,76028
FR,76029
FR,76030
FR,76031
FR,76032
FR,76033
FR,76035
FR,76036
FR,76037
FR,76038
FR,76039
FR,76040
FR,76041
FR,76042
FR,76043
FR,76044
FR,76045
FR,76046
FR,76047
FR,76049
FR,76050
FR,76051
FR,76052
FR,76053
FR,76054
FR,76055
FR,76056
FR,76057
FR,76058
FR,76059
FR,76060
FR,76061
FR,76062
FR,76063
FR,76064
FR,76065
FR,76066
FR,76067
FR,76068
FR,76069
FR,76070
FR,76071
FR,76072
FR,76074
FR,76079
FR,76080
FR,76083
FR,76084
FR,76085
FR,76086
FR,76087
FR,76092
FR,76093
FR,76094
FR,76095
FR,76096
FR,76097
FR,76098
FR,76099
FR,76100
FR,76101
FR,76107
FR,76108
FR,76109
FR,76110
FR,76111
FR,76113
FR,76116
FR,76117
FR,76119
FR,76120
FR,76121
FR,76122
FR,76123
FR,76124
FR,76125
FR,76127
FR,76129
FR,76130
FR,76131
FR,76132
FR,76133
FR,76134
FR,76135
FR,76136
FR,76137
FR,76138
FR,76139
FR,76140
FR,76141
FR,76142
FR,76143
FR,76144
FR,76150
FR,76151
FR,76152
FR,76153
FR,76155
FR,76159
FR,76160
FR,76161
FR,76163
FR,76164
FR,76170
FR,76171
FR,76172
FR,76173
FR,76174
FR,76175
FR,76176
FR,76177
FR,76178
FR,76179
FR,76181
FR,76183
FR,76185
FR,76186
FR,76187
FR,76188
FR,76189
FR,76190
FR,76191
FR,76192
FR,76193
FR,76194
FR,76195
FR,76196
FR,76197
FR,76200
FR,76201
FR,76202
FR,76203
FR,76204
FR,76205
FR,76206
FR,76207
FR,76208
FR,76209
FR,76210
FR,76220
FR,76230
FR,76231
FR,76232
FR,76233
FR,76235
FR,76236
FR,76237
FR,76238
FR,76239
FR,76240
FR,76250
FR,76260
FR,76270
FR,76280
FR,76290
FR,76300
FR,76301
FR,76302
FR,76303
FR,76304
FR,76305
FR,76306
FR,76308
FR,76310
FR,76320
FR,76330
FR,76340
FR,76350
FR,76360
FR,76370
FR,76379
FR,76380
FR,76390
FR,76400
FR,76401
FR,76402
FR,76403
FR,76404
FR,76405
FR,76409
FR,76410
FR,76418 9
FR,76419 9
FR,76420
FR,76430
FR,76440
FR,76450
FR,76460
FR,76470
FR,76480
FR,76490
FR,76500
FR,76501
FR,76502
FR,76503
FR,76504
FR,76509
FR,76510
FR,76520
FR,76530
FR,76540
FR,76550
FR,76560
FR,76570
FR,76580
FR,76590
FR,76600
FR,76610
FR,76620
FR,76630
FR,76640
FR,76650
FR,76660
FR,76680
FR,76690
FR,76700
FR,76710
FR,76720
FR,76721
FR,76723
FR,76730
FR,76740
FR,76750
FR,76760
FR,76770
FR,76780
FR,76790
FR,76800
FR,76801
FR,76802
FR,76803
FR,76804
FR,76805
FR,76806
FR,76807
FR,76808
FR,76809
FR,76810
FR,76821
FR,76823
FR,76824
FR,76825
FR,76840
FR,76850
FR,76860
FR,76870
FR,76880
FR,76881
FR,76882
FR,76883
FR,76884
FR,76885
FR,76887
FR,76890
FR,76900 9
FR,76902 9
FR,76910
FR,76914 9
FR,76915 9
FR,76917 9
FR,76920
FR,76925 9
FR,76926 9
FR,76927 9
FR,76929 9
FR,76930
FR,76934 9
FR,76935 9
FR,76940
FR,76945 9
FR,76950
FR,76960
FR,76970
FR,76980
FR,77000
FR,77001
FR,77002
FR,77003
FR,77004
FR,77005
FR,77006
FR,77007
FR,77008
FR,77009
FR,77010
FR,77011
FR,77012
FR,77013
FR,77014
FR,77015
FR,77016
FR,77017
FR,77018
FR,77019
FR,77020
FR,77021
FR,77023
FR,77024
FR,77025
FR,77026
FR,77027
FR,77028
FR,77039 9
FR,77040 9
FR,77041 9
FR,77042 9
FR,77043 9
FR,77050
FR,77051
FR,77052
FR,77090
FR,77100
FR,77101
FR,77102
FR,77103
FR,77104
FR,77105
FR,77106
FR,77107
FR,77108
FR,77109
FR,77110
FR,77111
FR,77112
FR,77113
FR,77114
FR,77115
FR,77118
FR,77120
FR,77122
FR,77123
FR,77124
FR,77126
FR,77127
FR,77130
FR,77131
FR,77133
FR,77134
FR,77135
FR,77138
FR,77139
FR,77140
FR,77141
FR,77144
FR,77145
FR,77148
FR,77150
FR,77151
FR,77154
FR,77157
FR,77160
FR,77163
FR,77164
FR,77165
FR,77166
FR,77167
FR,77169
FR,77170
FR,77171
FR,77173
FR,77174
FR,77176
FR,77177
FR,77178
FR,77181
FR,77183
FR,77184
FR,77185
FR,77186
FR,77187
FR,77190
FR,77191
FR,77192
FR,77193
FR,77194
FR,77195
FR,77196
FR,77197
FR,77198
FR,77199
FR,77200
FR,77201 1
FR,77202 1
FR,77203 1
FR,77204 1
FR,77205 1
FR,77206 1
FR,77207 1
FR,77208 1
FR,77209 1
FR,77210
FR,77211
FR,77212
FR,77213
FR,77214
FR,77215
FR,77216
FR,77217
FR,77218
FR,77219
FR,77220
FR,77221
FR,77222
FR,77223
FR,77224
FR,77225
FR,77229
FR,77230
FR,77231
FR,77232
FR,77234
FR,77239
FR,77240
FR,77241
FR,77242
FR,77243
FR,77246
FR,77247
FR,77248
FR,77249
FR,77250
FR,77251
FR,77252
FR,77253
FR,77254
FR,77255
FR,77257
FR,77259
FR,77260
FR,77261
FR,77262
FR,77263
FR,77264
FR,77266
FR,77270
FR,77271
FR,77272
FR,77280
FR,77281
FR,77282
FR,77290
FR,77291
FR,77292
FR,77293
FR,77294
FR,77295
FR,77296
FR,77297
FR,77298
FR,77299
FR,77300
FR,77301
FR,77302
FR,77303
FR,77304
FR,77305
FR,77307
FR,77308
FR,77309
FR,77310
FR,77311 2
FR,77312 2
FR,77313 2
FR,77314 2
FR,77315 2
FR,77316 2
FR,77318 2
FR,77319 2
FR,77320
FR,77327 2
FR,77330
FR,77331
FR,77332
FR,77333
FR,77334
FR,77335
FR,77337
FR,77340
FR,77341
FR,77342
FR,77343
FR,77344
FR,77346
FR,77347
FR,77348
FR,77349
FR,77350
FR,77351
FR,77352
FR,77353
FR,77360
FR,77370
FR,77380
FR,77381
FR,77382
FR,77384
FR,77385
FR,77388
FR,77389
FR,77390
FR,77400
FR,77401
FR,77402
FR,77403
FR,77404
FR,77405
FR,77406
FR,77407
FR,77409
FR,77410
FR,77411
FR,77412
FR,77413
FR,77414
FR,77415
FR,77416
FR,77417
FR,77419
FR,77420
FR,77421 2
FR,77422 2
FR,77423 2
FR,77424 2
FR,77425 2
FR,77426 2
FR,77427 2
FR,77429 2
FR,77430
FR,77431 2
FR,77432 2
FR,77433 2
FR,77434 2
FR,77435 2
FR,77436 2
FR,77437 2
FR,77439 2
FR,77440
FR,77441 2
FR,77442 2
FR,77443 2
FR,77444 2
FR,77445 2
FR,77446 2
FR,77447 2
FR,77448 2
FR,77450
FR,77451 2
FR,77452 2
FR,77453 2
FR,77454 2
FR,77455 2
FR,77458 2
FR,77460
FR,77462
FR,77463
FR,77464
FR,77465
FR,77467
FR,77468
FR,77469
FR,77470
FR,77480
FR,77481
FR,77482
FR,77483
FR,77484
FR,77486
FR,77487
FR,77488
FR,77489
FR,77500
FR,77501
FR,77502
FR,77503
FR,77504
FR,77505
FR,77506
FR,77507
FR,77508
FR,77509
FR,77510
FR,77515
FR,77520
FR,77521
FR,77522
FR,77523
FR,77524
FR,77525
FR,77526
FR,77527
FR,77528
FR,77529
FR,77540
FR,77541
FR,77542
FR,77543
FR,77544
FR,77545
FR,77546
FR,77547
FR,77548
FR,77549
FR,77550
FR,77551
FR,77552
FR,77553
FR,77554
FR,77555
FR,77556
FR,77557
FR,77558
FR,77559
FR,77560
FR,77561
FR,77562
FR,77563
FR,77564
FR,77565
FR,77566
FR,77567
FR,77568
FR,77569
FR,77570
FR,77580
FR,77581
FR,77582
FR,77583
FR,77585
FR,77590
FR,77600
FR,77601 3
FR,77602 3
FR,77603 3
FR,77604 3
FR,77605 3
FR,77606 3
FR,77607 3
FR,77608 3
FR,77609 3
FR,77610
FR,77611 3
FR,77612 3
FR,77614 3
FR,77615 3
FR,77616 3
FR,77617 3
FR,77620
FR,77630
FR,77640
FR,77641
FR,77645
FR,77646
FR,77649
FR,77650
FR,77660
FR,77670
FR,77680
FR,77690
FR,77700
FR,77701 4
FR,77702 4
FR,77703 4
FR,77704 4
FR,77705 4
FR,77706 4
FR,77708 4
FR,77709 4
FR,77710
FR,77711 4
FR,77714 4
FR,77715 4
FR,77716 4
FR,77717 4
FR,77720
FR,77721
FR,77722
FR,77723
FR,77730
FR,77750
FR,77760
FR,77771 4
FR,77772 4
FR,77776 4
FR,77777 4
FR,77778 4
FR,77779 4
FR,77780
FR,77791
FR,77792
FR,77793
FR,77794
FR,77795
FR,77796
FR,77798
FR,77799
FR,77810
FR,77811
FR,77813
FR,77814
FR,77815
FR,77816
FR,77817
FR,77818
FR,77819
FR,77820
FR,77830
FR,77831
FR,77832
FR,77833
FR,77834
FR,77835
FR,77837
FR,77838
FR,77839
FR,77840
FR,77850
FR,77860
FR,77870
FR,77871
FR,77872
FR,77873
FR,77875
FR,77876
FR,77879
FR,77880
FR,77890
FR,77910
FR,77920
FR,77923
FR,77930
FR,77931
FR,77932
FR,77933
FR,77939
FR,77940
FR,77950
FR,77951
FR,77961
FR,77970
FR,77981
FR,77982
FR,77983
FR,77986
FR,77989
FR,77990
FR,78000
FR,78001
FR,78002
FR,78003
FR,78004
FR,78005
FR,78006
FR,78007
FR,78008
FR,78009
FR,78010
FR,78011
FR,78012
FR,78013
FR,78014
FR,78015
FR,78017
FR,78018
FR,78019
FR,78020
FR,78021
FR,78022
FR,78024
FR,78026
FR,78027
FR,78028
FR,78029
FR,78030
FR,78032
FR,78033
FR,78034
FR,78035
FR,78041
FR,78042
FR,78043
FR,78044
FR,78045
FR,78046
FR,78047
FR,78048
FR,78049
FR,78051
FR,78052
FR,78053
FR,78054
FR,78055
FR,78056
FR,78057
FR,78059
FR,78060
FR,78061
FR,78062
FR,78064
FR,78065
FR,78066
FR,78067
FR,78071
FR,78078 CITYSSIMO
FR,78079
FR,78081 9
FR,78082 9
FR,78083 9
FR,78084 9
FR,78085 9
FR,78086 9
FR,78087 9
FR,78088 9
FR,78089 9
FR,78091 9
FR,78092 9
FR,78093 9
FR,78094 9
FR,78095 9
FR,78096 9
FR,78099 9
FR,78100
FR,78101
FR,78102
FR,78104
FR,78105
FR,78106
FR,78108
FR,78109
FR,78110
FR,78111
FR,78112
FR,78113
FR,78114
FR,78115
FR,78116
FR,78117
FR,78118
FR,78119
FR,78120
FR,78121
FR,78122
FR,78124
FR,78125
FR,78126
FR,78129
FR,78130
FR,78131
FR,78132
FR,78133
FR,78134
FR,78135
FR,78139
FR,78140
FR,78141
FR,78142
FR,78143
FR,78145
FR,78146
FR,78147
FR,78148
FR,78149
FR,78150
FR,78151
FR,78152
FR,78153
FR,78154
FR,78155
FR,78157
FR,78158
FR,78159
FR,78160
FR,78162
FR,78163
FR,78164
FR,78165
FR,78166
FR,78167
FR,78169
FR,78170
FR,78171
FR,78172
FR,78173
FR,78174
FR,78177 CITYSSIMO
FR,78179
FR,78180
FR,78181
FR,78182
FR,78183
FR,78184
FR,78185
FR,78186
FR,78188
FR,78189
FR,78190
FR,78191
FR,78192
FR,78193
FR,78194
FR,78195
FR,78196
FR,78197
FR,78198
FR,78199
FR,78200
FR,78201
FR,78202
FR,78203
FR,78204
FR,78205
FR,78206
FR,78207
FR,78208
FR,78209
FR,78210
FR,78212
FR,78214
FR,78219
FR,78220
FR,78221
FR,78222
FR,78223
FR,78229
FR,78230
FR,78231
FR,78232
FR,78233
FR,78234
FR,78239
FR,78240
FR,78241
FR,78242
FR,78243
FR,78244
FR,78249
FR,78250
FR,78260
FR,78270
FR,78280
FR,78281
FR,78282
FR,78283
FR,78284
FR,78285
FR,78286
FR,78287
FR,78288
FR,78289
FR,78290
FR,78291
FR,78292
FR,78293
FR,78294
FR,78299
FR,78300
FR,78301
FR,78302
FR,78303
FR,78304
FR,78306
FR,78307
FR,78308
FR,78309
FR,78310
FR,78311
FR,78312
FR,78313
FR,78314
FR,78315
FR,78316
FR,78317
FR,78319
FR,78320
FR,78321
FR,78322
FR,78330
FR,78331
FR,78339
FR,78340
FR,78341
FR,78342
FR,78344
FR,78345
FR,78346
FR,78349
FR,78350
FR,78351
FR,78352
FR,78353
FR,78354
FR,78355
FR,78356
FR,78359
FR,78360
FR,78361
FR,78362
FR,78363
FR,78364
FR,78368
FR,78370
FR,78371
FR,78372
FR,78373
FR,78374
FR,78375
FR,78376
FR,78377
FR,78378
FR,78379
FR,78380
FR,78390
FR,78391
FR,78395
FR,78400
FR,78401
FR,78402
FR,78403
FR,78404
FR,78409
FR,78410
FR,78411
FR,78412
FR,78413
FR,78415
FR,78416
FR,78417
FR,78419
FR,78420
FR,78421
FR,78422
FR,78423
FR,78424
FR,78429
FR,78430
FR,78431
FR,78439
FR,78440
FR,78450
FR,78451
FR,78457
FR,78458
FR,78460
FR,78470
FR,78471
FR,78472
FR,78479
FR,78480
FR,78490
FR,78500
FR,78501
FR,78502
FR,78503
FR,78504
FR,78505
FR,78506
FR,78507
FR,78509
FR,78510
FR,78511
FR,78512
FR,78513
FR,78514
FR,78515
FR,78519
FR,78520
FR,78530
FR,78531
FR,78532
FR,78533
FR,78534
FR,78535
FR,78536
FR,78539
FR,78540
FR,78550
FR,78560
FR,78570
FR,78580
FR,78590
FR,78591
FR,78592
FR,78599
FR,78600
FR,78601
FR,78602
FR,78603
FR,78604
FR,78605
FR,78606
FR,78609
FR,78610
FR,78612
FR,78619
FR,78620
FR,78630
FR,78640
FR,78650
FR,78660
FR,78670
FR,78680
FR,78690
FR,78700
FR,78701
FR,78702
FR,78703
FR,78705
FR,78709
FR,78710
FR,78711
FR,78712
FR,78713
FR,78714
FR,78715
FR,78718
FR,78720
FR,78730
FR,78740
FR,78750
FR,78760
FR,78770
FR,78771
FR,78778
FR,78779
FR,78780
FR,78790
FR,78800
FR,78801
FR,78802
FR,78803
FR,78804
FR,78805
FR,78806
FR,78809
FR,78810
FR,78820
FR,78830
FR,78840
FR,78850
FR,78851
FR,78852
FR,78854
FR,78859
FR,78860
FR,78870
FR,78881
FR,78882
FR,78883
FR,78884
FR,78885
FR,78886
FR,78890
FR,78897
FR,78910
FR,78915
FR,78920
FR,78921 9
FR,78922 9
FR,78923 9
FR,78924 9
FR,78925 9
FR,78926 9
FR,78927 9
FR,78928 9
FR,78929 9
FR,78930
FR,78931
FR,78940
FR,78941
FR,78942
FR,78943
FR,78944
FR,78945
FR,78946
FR,78948 9
FR,78949 9
FR,78950
FR,78955
FR,78960
FR,78970
FR,78980
FR,78990
FR,78995
FR,78996
FR,78997
FR,79000
FR,79001
FR,79002
FR,79003
FR,79004
FR,79005
FR,79006
FR,79007
FR,79008
FR,79009
FR,79010
FR,79011
FR,79012
FR,79013
FR,79014
FR,79015 9
FR,79016 9
FR,79017 9
FR,79018 9
FR,79021
FR,79022
FR,79023 9
FR,79024
FR,79025
FR,79026
FR,79027
FR,79028
FR,79029 9
FR,79030 9
FR,79031 9
FR,79032 9
FR,79033 9
FR,79034 9
FR,79035 9
FR,79036 9
FR,79037 9
FR,79038 9
FR,79039 9
FR,79041 9
FR,79042 9
FR,79043
FR,79044 9
FR,79045 9
FR,79046 9
FR,79049 9
FR,79050 9
FR,79051 9
FR,79052 9
FR,79053 9
FR,79054 9
FR,79055 9
FR,79056 9
FR,79059 9
FR,79060 9
FR,79061 9
FR,79068 9
FR,79069 9
FR,79070 9
FR,79071 9
FR,79072 9
FR,79073 9
FR,79074 9
FR,79075 9
FR,79076 9
FR,79077 9
FR,79079 9
FR,79080 9
FR,79081 9
FR,79082 9
FR,79083 9
FR,79084 9
FR,79085 9
FR,79086 9
FR,79087 9
FR,79088 9
FR,79091 9
FR,79092 9
FR,79093 9
FR,79098 9
FR,79099 9
FR,79100
FR,79101
FR,79102
FR,79103
FR,79104
FR,79105
FR,79106
FR,79109
FR,79110
FR,79120
FR,79130
FR,79140
FR,79141
FR,79142
FR,79143
FR,79144
FR,79145
FR,79150
FR,79160
FR,79170
FR,79180
FR,79181
FR,79182
FR,79184
FR,79185
FR,79189
FR,79190
FR,79200
FR,79201
FR,79202
FR,79203
FR,79204
FR,79205
FR,79206
FR,79208
FR,79209
FR,79210
FR,79220
FR,79230
FR,79231
FR,79232
FR,79233
FR,79234
FR,79240
FR,79250
FR,79260
FR,79270
FR,79290
FR,79300
FR,79301
FR,79302
FR,79303
FR,79304
FR,79305
FR,79306
FR,79307
FR,79308
FR,79309
FR,79310
FR,79320
FR,79330
FR,79340
FR,79350
FR,79360
FR,79370
FR,79380
FR,79390
FR,79400
FR,79401
FR,79402
FR,79403
FR,79404
FR,79409
FR,79410
FR,79420
FR,79430
FR,79440
FR,79450
FR,79460
FR,79500
FR,79510
FR,79600
FR,79700
FR,79800
FR,79939 9
FR,79950 9
FR,79953 9
FR,80000
FR,80001 1
FR,80002 1
FR,80003 1
FR,80004 1
FR,80005 1
FR,80006 1
FR,80007 1
FR,80008 1
FR,80009 1
FR,80010 1
FR,80011 1
FR,80012 1
FR,80013 2
FR,80014 1
FR,80015 2
FR,80016 1
FR,80017 1
FR,80019 9
FR,80020 9
FR,80021 1
FR,80022 9
FR,80023 3
FR,80025 1
FR,80026 1
FR,80027 1
FR,80028 3
FR,80029 1
FR,80030 1
FR,80031 1
FR,80032 1
FR,80033 3
FR,80034 1
FR,80036 1
FR,80037 1
FR,80038 1
FR,80039 1
FR,80040 1
FR,80041 1
FR,80042 1
FR,80043 1
FR,80044 1
FR,80046 2
FR,80047 1
FR,80048 1
FR,80049 1
FR,80050 1
FR,80051 1
FR,80054 1
FR,80055 1
FR,80056 1
FR,80057 1
FR,80060 9
FR,80061 9
FR,80062 9
FR,80063 9
FR,80064 9
FR,80068 9
FR,80069 9
FR,80075 1
FR,80080
FR,80081 2
FR,80082 2
FR,80083 2
FR,80084 2
FR,80085 2
FR,80086 2
FR,80087 2
FR,80088 2
FR,80089 2
FR,80090
FR,80091 3
FR,80092 3
FR,80093 3
FR,80094 3
FR,80095 3
FR,80096 3
FR,80097 3
FR,80099 3
FR,80100
FR,80101
FR,80102
FR,80103
FR,80104
FR,80105
FR,80106
FR,80107
FR,80108
FR,80109
FR,80110
FR,80115
FR,80118
FR,80120
FR,80122
FR,80130
FR,80131
FR,80132
FR,80134
FR,80135
FR,80136
FR,80140
FR,80142
FR,80143
FR,80144
FR,80145
FR,80146
FR,80150
FR,80160
FR,80170
FR,80190
FR,80200
FR,80201
FR,80202
FR,80203
FR,80204
FR,80205
FR,80206
FR,80208
FR,80209
FR,80210
FR,80220
FR,80230
FR,80240
FR,80250
FR,80260
FR,80270
FR,80290
FR,80300
FR,80301
FR,80302
FR,80303
FR,80309
FR,80310
FR,80320
FR,80330
FR,80331
FR,80332
FR,80333
FR,80334
FR,80335
FR,80336
FR,80339
FR,80340
FR,80350
FR,80360
FR,80370
FR,80390
FR,80400
FR,80410
FR,80420
FR,80430
FR,80440
FR,80450
FR,80460
FR,80470
FR,80480
FR,80490
FR,80500
FR,80510
FR,80520
FR,80531
FR,80532
FR,80533
FR,80534
FR,80535
FR,80539
FR,80540
FR,80550
FR,80560
FR,80570
FR,80580
FR,80600
FR,80610
FR,80620
FR,80630
FR,80640
FR,80650
FR,80670
FR,80680
FR,80690
FR,80700
FR,80710
FR,80740
FR,80750
FR,80770
FR,80780
FR,80800
FR,80820
FR,80830
FR,80850
FR,80860
FR,80870
FR,80880
FR,80890
FR,80891 3
FR,80910
FR,80919 9
FR,80960
FR,80970
FR,80980
FR,81000
FR,81001
FR,81002
FR,81003
FR,81004
FR,81005
FR,81006
FR,81007
FR,81011 9
FR,81012 9
FR,81013 9
FR,81014 9
FR,81015 9
FR,81016 9
FR,81017 9
FR,81018 9
FR,81019 9
FR,81020 9
FR,81021 9
FR,81022 9
FR,81023 9
FR,81025 9
FR,81026 9
FR,81027 9
FR,81028 9
FR,81030 9
FR,81031 9
FR,81034 9
FR,81035 9
FR,81036 9
FR,81037 9
FR,81038 9
FR,81039 9
FR,81090
FR,81100
FR,81101
FR,81102
FR,81103
FR,81104
FR,81105
FR,81106
FR,81107
FR,81108
FR,81109
FR,81110
FR,81115
FR,81116
FR,81120
FR,81130
FR,81140
FR,81150
FR,81160
FR,81170
FR,81190
FR,81200
FR,81201
FR,81202
FR,81203
FR,81204
FR,81205
FR,81206
FR,81207
FR,81208
FR,81209
FR,81210
FR,81215
FR,81220
FR,81230
FR,81240
FR,81250
FR,81260
FR,81270
FR,81290
FR,81300
FR,81301
FR,81302
FR,81303
FR,81304
FR,81305
FR,81310
FR,81320
FR,81330
FR,81340
FR,81350
FR,81360
FR,81370
FR,81380
FR,81390
FR,81400
FR,81430
FR,81440
FR,81450
FR,81470
FR,81490
FR,81500
FR,81501
FR,81502
FR,81503
FR,81506
FR,81509
FR,81530
FR,81540
FR,81570
FR,81580
FR,81600
FR,81601
FR,81602
FR,81603
FR,81604
FR,81605
FR,81609
FR,81630
FR,81640
FR,81660
FR,81700
FR,81710
FR,81800
FR,81990
FR,82000
FR,82001
FR,82002
FR,82003
FR,82004
FR,82005
FR,82006
FR,82008
FR,82009
FR,82013
FR,82014
FR,82015
FR,82017
FR,82019
FR,82024
FR,82027
FR,82030
FR,82032
FR,82033
FR,82037
FR,82040
FR,82047
FR,82048
FR,82053
FR,82054
FR,82057
FR,82060
FR,82065
FR,82067
FR,82070
FR,82077
FR,82080
FR,82087
FR,82100
FR,82101
FR,82102
FR,82103
FR,82104
FR,82109
FR,82110
FR,82120
FR,82130
FR,82140
FR,82150
FR,82160
FR,82170
FR,82190
FR,82200
FR,82201
FR,82202
FR,82208
FR,82210
FR,82220
FR,82230
FR,82240
FR,82250
FR,82270
FR,82290
FR,82300
FR,82301
FR,82302
FR,82303
FR,82330
FR,82340
FR,82350
FR,82360
FR,82370
FR,82390
FR,82400
FR,82401
FR,82402
FR,82403
FR,82410
FR,82440
FR,82500
FR,82600
FR,82700
FR,82710
FR,82800
FR,83000
FR,83001
FR,83002
FR,83003
FR,83004
FR,83005
FR,83006
FR,83007
FR,83008
FR,83012
FR,83013
FR,83014
FR,83015
FR,83016
FR,83019
FR,83030 9
FR,83036 9
FR,83038 9
FR,83040 9
FR,83041 9
FR,83042 9
FR,83048 9
FR,83049 9
FR,83050
FR,83051
FR,83052
FR,83053
FR,83054
FR,83055
FR,83056
FR,83057
FR,83058
FR,83059
FR,83060
FR,83061
FR,83062
FR,83063
FR,83064
FR,83065
FR,83069
FR,83070
FR,83071
FR,83076
FR,83077 9
FR,83078 9
FR,83079 9
FR,83080
FR,83081
FR,83082
FR,83083
FR,83084
FR,83085 9
FR,83086 9
FR,83087 9
FR,83088 9
FR,83089 9
FR,83090 9
FR,83091
FR,83092
FR,83093
FR,83094
FR,83095
FR,83097
FR,83098
FR,83099
FR,83100
FR,83107
FR,83108
FR,83110
FR,83111
FR,83119
FR,83120
FR,83130
FR,83131
FR,83136
FR,83140
FR,83143
FR,83149
FR,83150
FR,83160
FR,83161
FR,83162
FR,83163
FR,83164
FR,83166 9
FR,83167
FR,83170
FR,83171
FR,83172
FR,83173
FR,83174
FR,83175
FR,83176
FR,83177
FR,83179
FR,83180
FR,83181
FR,83183
FR,83184
FR,83185
FR,83187
FR,83188
FR,83189
FR,83190
FR,83191
FR,83192
FR,83196
FR,83199
FR,83200
FR,83210
FR,83220
FR,83230
FR,83231
FR,83236
FR,83237
FR,83238
FR,83240
FR,83250
FR,83260
FR,83270
FR,83300
FR,83310
FR,83311
FR,83312
FR,83313
FR,83314
FR,83315
FR,83316
FR,83317
FR,83320
FR,83330
FR,83340
FR,83350
FR,83370
FR,83371
FR,83372
FR,83379
FR,83380
FR,83390
FR,83400
FR,83401
FR,83402
FR,83403
FR,83404
FR,83405
FR,83406
FR,83407
FR,83408
FR,83409
FR,83411
FR,83412
FR,83418
FR,83420
FR,83430
FR,83440
FR,83460
FR,83470
FR,83480
FR,83481
FR,83482
FR,83483
FR,83484
FR,83485
FR,83486
FR,83487
FR,83488
FR,83489
FR,83490
FR,83500
FR,83501
FR,83502
FR,83503
FR,83504
FR,83507
FR,83509
FR,83510
FR,83511
FR,83512
FR,83514
FR,83518
FR,83520
FR,83530
FR,83550
FR,83560
FR,83570
FR,83580
FR,83590
FR,83600
FR,83601
FR,83602
FR,83603
FR,83604
FR,83606
FR,83608
FR,83609
FR,83610
FR,83613
FR,83614
FR,83615
FR,83616
FR,83618
FR,83630
FR,83640
FR,83660
FR,83670
FR,83680
FR,83690
FR,83700
FR,83701
FR,83702
FR,83703
FR,83704
FR,83705
FR,83707
FR,83720
FR,83740
FR,83780
FR,83790
FR,83800 9
FR,83820
FR,83830
FR,83840
FR,83860
FR,83870
FR,83890
FR,83910
FR,83920
FR,83951
FR,83952
FR,83953
FR,83954
FR,83957
FR,83980
FR,83990
FR,83991
FR,83992
FR,83993
FR,83994
FR,83995
FR,83996
FR,83997
FR,83998
FR,84000
FR,84004 1
FR,84005 1
FR,84006 1
FR,84007 1
FR,84008 1
FR,84009 1
FR,84010 1
FR,84011 1
FR,84013 1
FR,84014 1
FR,84015 9
FR,84016 1
FR,84018 1
FR,84019 1
FR,84021 1
FR,84022 1
FR,84023 1
FR,84024 1
FR,84025 1
FR,84027 1
FR,84029 1
FR,84031 3
FR,84032 3
FR,84033 3
FR,84034 3
FR,84035 3
FR,84036 3
FR,84041 9
FR,84042 9
FR,84043 9
FR,84044 9
FR,84045 9
FR,84046 9
FR,84047 9
FR,84048 9
FR,84049 9
FR,84050 9
FR,84051 9
FR,84052 9
FR,84054 1
FR,84056 9
FR,84058 9
FR,84059 3
FR,84071 4
FR,84072 4
FR,84077 4
FR,84078 9
FR,84081 2
FR,84082 2
FR,84083 2
FR,84084 2
FR,84085 2
FR,84090 9
FR,84091 9
FR,84092 9
FR,84093 9
FR,84094 9
FR,84095 9
FR,84096 9
FR,84097 9
FR,84098 9
FR,84099 9
FR,84100
FR,84101
FR,84102
FR,84103
FR,84104
FR,84105
FR,84106
FR,84107
FR,84108
FR,84109
FR,84110
FR,84120
FR,84121
FR,84122
FR,84123
FR,84124
FR,84130
FR,84131
FR,84132
FR,84133
FR,84134
FR,84135
FR,84139
FR,84140
FR,84141
FR,84142
FR,84143
FR,84144
FR,84147
FR,84149
FR,84150
FR,84160
FR,84170
FR,84190
FR,84200
FR,84201
FR,84202
FR,84203
FR,84204
FR,84205
FR,84206
FR,84207
FR,84208
FR,84209
FR,84210
FR,84220
FR,84230
FR,84231
FR,84232
FR,84240
FR,84250
FR,84260
FR,84270
FR,84271
FR,84272
FR,84273
FR,84274
FR,84275
FR,84276
FR,84277
FR,84278
FR,84279
FR,84290
FR,84300
FR,84301
FR,84302
FR,84303
FR,84304
FR,84305
FR,84306
FR,84307
FR,84308
FR,84309
FR,84310
FR,84320
FR,84330
FR,84340
FR,84350
FR,84360
FR,84370
FR,84380
FR,84390
FR,84400
FR,84401
FR,84402
FR,84403
FR,84404
FR,84405
FR,84410
FR,84420
FR,84430
FR,84440
FR,84450
FR,84460
FR,84470
FR,84480
FR,84490
FR,84500
FR,84501
FR,84502
FR,84503
FR,84504
FR,84505
FR,84507
FR,84510
FR,84530
FR,84550
FR,84560
FR,84570
FR,84580
FR,84600
FR,84601
FR,84602
FR,84603
FR,84609
FR,84660
FR,84700
FR,84701
FR,84702
FR,84703
FR,84704
FR,84705
FR,84706
FR,84740
FR,84750
FR,84760
FR,84800
FR,84801
FR,84802
FR,84803
FR,84804
FR,84805
FR,84808
FR,84810
FR,84820
FR,84830
FR,84840
FR,84850
FR,84860
FR,84870
FR,84871
FR,84872
FR,84873
FR,84874
FR,84878
FR,84901 9
FR,84902 9
FR,84905 9
FR,84909 9
FR,84911 9
FR,84912 9
FR,84913 9
FR,84914 9
FR,84915 9
FR,84916 9
FR,84917 9
FR,84918 9
FR,84919 9
FR,84951
FR,84952
FR,84953
FR,84954
FR,84956
FR,84961
FR,84963
FR,84964
FR,84965
FR,84967
FR,84968
FR,84969
FR,84971
FR,84972
FR,84973
FR,84976
FR,84977
FR,85000
FR,85001
FR,85002
FR,85003
FR,85004
FR,85005
FR,85006
FR,85007
FR,85008
FR,85009
FR,85010
FR,85012
FR,85013
FR,85015
FR,85016
FR,85017
FR,85018
FR,85019
FR,85020
FR,85021
FR,85023
FR,85024
FR,85026
FR,85033
FR,85035
FR,85036
FR,85100
FR,85101
FR,85102
FR,85103
FR,85104
FR,85105
FR,85106
FR,85107
FR,85108
FR,85109
FR,85110
FR,85111
FR,85113
FR,85114
FR,85118
FR,85119
FR,85120
FR,85130
FR,85131
FR,85132
FR,85133
FR,85139
FR,85140
FR,85150
FR,85160
FR,85161
FR,85162
FR,85163
FR,85164
FR,85165
FR,85167
FR,85169
FR,85170
FR,85180
FR,85190
FR,85200
FR,85201
FR,85202
FR,85203
FR,85204
FR,85205
FR,85206
FR,85208
FR,85209
FR,85210
FR,85220
FR,85230
FR,85240
FR,85250
FR,85260
FR,85270
FR,85280
FR,85290
FR,85291
FR,85292
FR,85299
FR,85300
FR,85301
FR,85302
FR,85303
FR,85304
FR,85305
FR,85306
FR,85307
FR,85309
FR,85310
FR,85320
FR,85330
FR,85340
FR,85341
FR,85342
FR,85350
FR,85360
FR,85370
FR,85390
FR,85400
FR,85401
FR,85402
FR,85403
FR,85404
FR,85406
FR,85407
FR,85409
FR,85410
FR,85420
FR,85430
FR,85440
FR,85450
FR,85460
FR,85470
FR,85480
FR,85490
FR,85500
FR,85501
FR,85502
FR,85503
FR,85504
FR,85505
FR,85506
FR,85509
FR,85510
FR,85520
FR,85530
FR,85540
FR,85550
FR,85560
FR,85570
FR,85580
FR,85590
FR,85600
FR,85601
FR,85602
FR,85603
FR,85604
FR,85607
FR,85609
FR,85610
FR,85612
FR,85613
FR,85614
FR,85615
FR,85616
FR,85620
FR,85630
FR,85640
FR,85660
FR,85670
FR,85680
FR,85690
FR,85700
FR,85702
FR,85703
FR,85707
FR,85708
FR,85709
FR,85710
FR,85740
FR,85750
FR,85770
FR,85800
FR,85803
FR,85804
FR,85805
FR,85806
FR,85809
FR,85919 9
FR,85921 9
FR,85922 9
FR,85923 9
FR,85924 9
FR,85925 9
FR,85926 9
FR,85927 9
FR,85928 9
FR,85930 9
FR,85931 9
FR,85932 9
FR,85933 9
FR,85934 9
FR,86000
FR,86001
FR,86002
FR,86003
FR,86004
FR,86005
FR,86006
FR,86007
FR,86008
FR,86009
FR,86010
FR,86011
FR,86012
FR,86013
FR,86020
FR,86021
FR,86022
FR,86023
FR,86029
FR,86030
FR,86034
FR,86035
FR,86036
FR,86038
FR,86042 9
FR,86043 9
FR,86044 9
FR,86045 9
FR,86046 9
FR,86047 9
FR,86050 9
FR,86051 9
FR,86052 9
FR,86053 9
FR,86054 9
FR,86055 9
FR,86056 9
FR,86060 9
FR,86061 9
FR,86062 9
FR,86063 9
FR,86065 9
FR,86066 9
FR,86067 9
FR,86068 9
FR,86069 9
FR,86071 9
FR,86072 9
FR,86073 9
FR,86074 9
FR,86076 9
FR,86080 9
FR,86081 9
FR,86082 9
FR,86083 9
FR,86084 9
FR,86085 9
FR,86086 9
FR,86087 9
FR,86088 9
FR,86089 9
FR,86090 9
FR,86091 9
FR,86092 9
FR,86093 9
FR,86094 9
FR,86095 9
FR,86096 9
FR,86097 9
FR,86098 9
FR,86100
FR,86101
FR,86102
FR,86103
FR,86104
FR,86105
FR,86106
FR,86107
FR,86108
FR,86109
FR,86110
FR,86117
FR,86120
FR,86130
FR,86131
FR,86132
FR,86133
FR,86134
FR,86135
FR,86137
FR,86138
FR,86139
FR,86140
FR,86150
FR,86160
FR,86170
FR,86180
FR,86190
FR,86200
FR,86201
FR,86202
FR,86204
FR,86206
FR,86209
FR,86210
FR,86220
FR,86230
FR,86240
FR,86250
FR,86260
FR,86270
FR,86280
FR,86281
FR,86282
FR,86289
FR,86290
FR,86300
FR,86310
FR,86320
FR,86330
FR,86340
FR,86350
FR,86360
FR,86361
FR,86362
FR,86369
FR,86370
FR,86380
FR,86390
FR,86400
FR,86410
FR,86420
FR,86430
FR,86440
FR,86450
FR,86460
FR,86470
FR,86480
FR,86490
FR,86500
FR,86501
FR,86502
FR,86508
FR,86509
FR,86510
FR,86530
FR,86540
FR,86550
FR,86580
FR,86600
FR,86610 9
FR,86700
FR,86800
FR,86905 9
FR,86910 9
FR,86960
FR,86961
FR,86962
FR,86963
FR,86964
FR,86969
FR,86980
FR,86981
FR,86982
FR,86983
FR,86984
FR,87000
FR,87001 1
FR,87002 1
FR,87003 1
FR,87004 1
FR,87005 1
FR,87006 1
FR,87007 1
FR,87008 1
FR,87009 1
FR,87010 1
FR,87011 1
FR,87012 1
FR,87013 1
FR,87015 1
FR,87016 1
FR,87017 1
FR,87018 1
FR,87020 9
FR,87021 9
FR,87022 9
FR,87023 9
FR,87025 1
FR,87026 1
FR,87030 1
FR,87031 1
FR,87032 1
FR,87033 1
FR,87034 1
FR,87036 1
FR,87037 1
FR,87038 1
FR,87039 1
FR,87040 1
FR,87041 1
FR,87042 1
FR,87043 2
FR,87044 1
FR,87045 1
FR,87046 1
FR,87047 1
FR,87048 2
FR,87049 1
FR,87050 2
FR,87051 2
FR,87052 2
FR,87053 2
FR,87054 2
FR,87055 2
FR,87058 2
FR,87059 2
FR,87060 2
FR,87061 2
FR,87065 2
FR,87066 2
FR,87067 3
FR,87068 3
FR,87069 3
FR,87070 9
FR,87071 9
FR,87073 9
FR,87074 9
FR,87075 9
FR,87076 9
FR,87077 9
FR,87078 9
FR,87079 9
FR,87080 9
FR,87081 9
FR,87082 9
FR,87083 9
FR,87084 9
FR,87085 9
FR,87089 9
FR,87090 9
FR,87100
FR,87110
FR,87120
FR,87130
FR,87140
FR,87150
FR,87160
FR,87170
FR,87190
FR,87200
FR,87201
FR,87202
FR,87203
FR,87205
FR,87206
FR,87210
FR,87220
FR,87221
FR,87222
FR,87223
FR,87230
FR,87240
FR,87250
FR,87260
FR,87270
FR,87280
FR,87290
FR,87300
FR,87310
FR,87320
FR,87330
FR,87340
FR,87350
FR,87360
FR,87370
FR,87380
FR,87400
FR,87410
FR,87420
FR,87430
FR,87440
FR,87460
FR,87470
FR,87480
FR,87500
FR,87510
FR,87520
FR,87570
FR,87590
FR,87600
FR,87620
FR,87640
FR,87700
FR,87720
FR,87800
FR,87890
FR,87900 9
FR,87919 3
FR,87920
FR,87930 9
FR,87950 9
FR,88000
FR,88001
FR,88002
FR,88003
FR,88004
FR,88005
FR,88006
FR,88007
FR,88008
FR,88009
FR,88010
FR,88011
FR,88012
FR,88013
FR,88014
FR,88015
FR,88016 9
FR,88017
FR,88018
FR,88020
FR,88021
FR,88025
FR,88026
FR,88027
FR,88029
FR,88033
FR,88050 9
FR,88051 9
FR,88060 9
FR,88084 9
FR,88085 9
FR,88086 9
FR,88088
FR,88089 9
FR,88099 9
FR,88100
FR,88101
FR,88102
FR,88103
FR,88104
FR,88105
FR,88106
FR,88107
FR,88108
FR,88109
FR,88110
FR,88120
FR,88121
FR,88122
FR,88123
FR,88125
FR,88127
FR,88129
FR,88130
FR,88131
FR,88132
FR,88133
FR,88139
FR,88140
FR,88141
FR,88142
FR,88143
FR,88149
FR,88150
FR,88151
FR,88152
FR,88153
FR,88154
FR,88155
FR,88156
FR,88160
FR,88161
FR,88162
FR,88165
FR,88169
FR,88170
FR,88187
FR,88190
FR,88191
FR,88192
FR,88193
FR,88194
FR,88195
FR,88198
FR,88199
FR,88200
FR,88201
FR,88202
FR,88203
FR,88204
FR,88205
FR,88206
FR,88207
FR,88209
FR,88210
FR,88211
FR,88212
FR,88213
FR,88214
FR,88220
FR,88230
FR,88240
FR,88250
FR,88260
FR,88270
FR,88290
FR,88300
FR,88301
FR,88302
FR,88303
FR,88304
FR,88305
FR,88306
FR,88307
FR,88310
FR,88320
FR,88330
FR,88340
FR,88350
FR,88360
FR,88370
FR,88380
FR,88390
FR,88400
FR,88401
FR,88402
FR,88403
FR,88405
FR,88406
FR,88407
FR,88408
FR,88409
FR,88410
FR,88420
FR,88430
FR,88440
FR,88450
FR,88460
FR,88470
FR,88480
FR,88490
FR,88500
FR,88501
FR,88502
FR,88503
FR,88504
FR,88507
FR,88509
FR,88510
FR,88520
FR,88530
FR,88540
FR,88550
FR,88560
FR,88580
FR,88600
FR,88630
FR,88640
FR,88650
FR,88700
FR,88800
FR,88801
FR,88802
FR,88803
FR,88804
FR,88805
FR,88809
FR,89000
FR,89001
FR,89002
FR,89003
FR,89004
FR,89005
FR,89006
FR,89007
FR,89009
FR,89010
FR,89011
FR,89012
FR,89015
FR,89016
FR,89019
FR,89020
FR,89021
FR,89022
FR,89023
FR,89024
FR,89025
FR,89026
FR,89027
FR,89028
FR,89029
FR,89030
FR,89089
FR,89090
FR,89091
FR,89092
FR,89093
FR,89094
FR,89095
FR,89099
FR,89100
FR,89101
FR,89102
FR,89103
FR,89104
FR,89105
FR,89106
FR,89107
FR,89108
FR,89109
FR,89110
FR,89113
FR,89116
FR,89120
FR,89130
FR,89140
FR,89144
FR,89150
FR,89160
FR,89170
FR,89190
FR,89200
FR,89201
FR,89202
FR,89203
FR,89204
FR,89205
FR,89206
FR,89207
FR,89209
FR,89210
FR,89220
FR,89230
FR,89240
FR,89250
FR,89260
FR,89270
FR,89290
FR,89300
FR,89301
FR,89302
FR,89303
FR,89304
FR,89305
FR,89306
FR,89307
FR,89309
FR,89310
FR,89320
FR,89330
FR,89331
FR,89340
FR,89350
FR,89360
FR,89380
FR,89390
FR,89400
FR,89410
FR,89420
FR,89430
FR,89440
FR,89450
FR,89460
FR,89470
FR,89480
FR,89500
FR,89510
FR,89515
FR,89520
FR,89525
FR,89530
FR,89550
FR,89560
FR,89570
FR,89580
FR,89600
FR,89630
FR,89660
FR,89690
FR,89700
FR,89710
FR,89740
FR,89770
FR,89771
FR,89772
FR,89800
FR,90000
FR,90001
FR,90002
FR,90003
FR,90004
FR,90005
FR,90006
FR,90007
FR,90008
FR,90009
FR,90010
FR,90011
FR,90012
FR,90013
FR,90014
FR,90015
FR,90016
FR,90018
FR,90019
FR,90020
FR,90021
FR,90022
FR,90023
FR,90025
FR,90040
FR,90100
FR,90101
FR,90110
FR,90120
FR,90130
FR,90140
FR,90150
FR,90160
FR,90170
FR,90200
FR,90300
FR,90330
FR,90340
FR,90350
FR,90360
FR,90370
FR,90380
FR,90400
FR,90500
FR,90600
FR,90700
FR,90800
FR,90850
FR,91000
FR,91001
FR,91002
FR,91003
FR,91004
FR,91005
FR,91006
FR,91007
FR,91008
FR,91009
FR,91010
FR,91011
FR,91012
FR,91013
FR,91014
FR,91015
FR,91016
FR,91017
FR,91018
FR,91019
FR,91020
FR,91021
FR,91022
FR,91023
FR,91024
FR,91025
FR,91026
FR,91027
FR,91028
FR,91029
FR,91030
FR,91031
FR,91032
FR,91033
FR,91034
FR,91035
FR,91036
FR,91037
FR,91038
FR,91039
FR,91040
FR,91041
FR,91042
FR,91043
FR,91044
FR,91045
FR,91046
FR,91047
FR,91048
FR,91049
FR,91050
FR,91051
FR,91052
FR,91053
FR,91054
FR,91055
FR,91056
FR,91057
FR,91058
FR,91059
FR,91070
FR,91071
FR,91072
FR,91074
FR,91077
FR,91078
FR,91079
FR,91080
FR,91090
FR,91097
FR,91100
FR,91101
FR,91102
FR,91103
FR,91104
FR,91105
FR,91106
FR,91107
FR,91108
FR,91109
FR,91120
FR,91121
FR,91122
FR,91123
FR,91124
FR,91125
FR,91126
FR,91127
FR,91128
FR,91129
FR,91130
FR,91131
FR,91132
FR,91133
FR,91135
FR,91136
FR,91137
FR,91140
FR,91141
FR,91142
FR,91146
FR,91149
FR,91150
FR,91151
FR,91152
FR,91153
FR,91154
FR,91156
FR,91157
FR,91158
FR,91159
FR,91160
FR,91161
FR,91162
FR,91163
FR,91164
FR,91165
FR,91166
FR,91167
FR,91168
FR,91169
FR,91170
FR,91171
FR,91172
FR,91173
FR,91174
FR,91177
FR,91178
FR,91179
FR,91180
FR,91190
FR,91191
FR,91192
FR,91193
FR,91194
FR,91195
FR,91196
FR,91197
FR,91198
FR,91199
FR,91200
FR,91201
FR,91204
FR,91205
FR,91207
FR,91209
FR,91210
FR,91211
FR,91213
FR,91214
FR,91220
FR,91221
FR,91222
FR,91223
FR,91224
FR,91225
FR,91226
FR,91227
FR,91228
FR,91229
FR,91230
FR,91240
FR,91241
FR,91250
FR,91260
FR,91261
FR,91262
FR,91263
FR,91265
FR,91266
FR,91267
FR,91268
FR,91269
FR,91270
FR,91280
FR,91290
FR,91291
FR,91292
FR,91294
FR,91295
FR,91296
FR,91297
FR,91298
FR,91299
FR,91300
FR,91301
FR,91302
FR,91303
FR,91304
FR,91305
FR,91306
FR,91307
FR,91308
FR,91309
FR,91310
FR,91311
FR,91312
FR,91314
FR,91315
FR,91320
FR,91321
FR,91322
FR,91323
FR,91324
FR,91325
FR,91328
FR,91329
FR,91330
FR,91331
FR,91332
FR,91333
FR,91334
FR,91335
FR,91339
FR,91340
FR,91341
FR,91342
FR,91343
FR,91344
FR,91345
FR,91346
FR,91347
FR,91348
FR,91349
FR,91350
FR,91351
FR,91353
FR,91354
FR,91355
FR,91359
FR,91360
FR,91370
FR,91371
FR,91374
FR,91380
FR,91381
FR,91382
FR,91383
FR,91384
FR,91385
FR,91386
FR,91387
FR,91388
FR,91389
FR,91390
FR,91400
FR,91401
FR,91402
FR,91403
FR,91404
FR,91405
FR,91406
FR,91407
FR,91409
FR,91410
FR,91412
FR,91414
FR,91415
FR,91416
FR,91417
FR,91418
FR,91420
FR,91421
FR,91422
FR,91423
FR,91424
FR,91425
FR,91426
FR,91427
FR,91428
FR,91429
FR,91430
FR,91440
FR,91450
FR,91460
FR,91461
FR,91462
FR,91463
FR,91470
FR,91480
FR,91490
FR,91510
FR,91520
FR,91530
FR,91540
FR,91541
FR,91542
FR,91549
FR,91550
FR,91551
FR,91560
FR,91570
FR,91571
FR,91572
FR,91573
FR,91574
FR,91578
FR,91579
FR,91580
FR,91590
FR,91600
FR,91601
FR,91602
FR,91603
FR,91605
FR,91609
FR,91610
FR,91612
FR,91613
FR,91619
FR,91620
FR,91625
FR,91630
FR,91640
FR,91650
FR,91660
FR,91670
FR,91680
FR,91690
FR,91691
FR,91692
FR,91693
FR,91694
FR,91695
FR,91696
FR,91697
FR,91698
FR,91699
FR,91700
FR,91701
FR,91702
FR,91703
FR,91704
FR,91705
FR,91706
FR,91707
FR,91708
FR,91709
FR,91710
FR,91711
FR,91712
FR,91713
FR,91720
FR,91730
FR,91740
FR,91741
FR,91742
FR,91743
FR,91744
FR,91745
FR,91746
FR,91747
FR,91748
FR,91749
FR,91750
FR,91760
FR,91761
FR,91762
FR,91763
FR,91764
FR,91767
FR,91770
FR,91780
FR,91781
FR,91783
FR,91790
FR,91791
FR,91792
FR,91800
FR,91801
FR,91802
FR,91803
FR,91804
FR,91805
FR,91806
FR,91807
FR,91809
FR,91810
FR,91811
FR,91812
FR,91813
FR,91814
FR,91815
FR,91820
FR,91821
FR,91830
FR,91840
FR,91841
FR,91849
FR,91850
FR,91851
FR,91852
FR,91855
FR,91860
FR,91861
FR,91870
FR,91871
FR,91872
FR,91873
FR,91874
FR,91875
FR,91876
FR,91877
FR,91878
FR,91879
FR,91880
FR,91881
FR,91882
FR,91883
FR,91884
FR,91885
FR,91886
FR,91887
FR,91889
FR,91890
FR,91891
FR,91892
FR,91893
FR,91894
FR,91895
FR,91896
FR,91898
FR,91899
FR,91910
FR,91911 9
FR,91912 9
FR,91913 9
FR,91914 9
FR,91915 9
FR,91916 9
FR,91917 9
FR,91919
FR,91921
FR,91922
FR,91923
FR,91924
FR,91930
FR,91940
FR,91941
FR,91942
FR,91943
FR,91944
FR,91945
FR,91946
FR,91947
FR,91948
FR,91949
FR,91951
FR,91952
FR,91953
FR,91954
FR,91955
FR,91956
FR,91957
FR,91958
FR,91959
FR,91961
FR,91962
FR,91963
FR,91964
FR,91965
FR,91966
FR,91967
FR,91968
FR,91969
FR,91971
FR,91972
FR,91973
FR,91974
FR,91975
FR,91976
FR,91977
FR,91978
FR,91979
FR,91981 9
FR,91982 9
FR,91983 9
FR,91984 9
FR,91985 9
FR,91986 9
FR,91988 9
FR,92000
FR,92001
FR,92002
FR,92003
FR,92004
FR,92005
FR,92006
FR,92007
FR,92008
FR,92009
FR,92010
FR,92011
FR,92012
FR,92013
FR,92014
FR,92015
FR,92016
FR,92017
FR,92018
FR,92019
FR,92020
FR,92021
FR,92022
FR,92023
FR,92024
FR,92025
FR,92026
FR,92027
FR,92028
FR,92029
FR,92033
FR,92034
FR,92035
FR,92036
FR,92037
FR,92038
FR,92039
FR,92040
FR,92041
FR,92042
FR,92043
FR,92044
FR,92045
FR,92046
FR,92047
FR,92048
FR,92049
FR,92050
FR,92051
FR,92052
FR,92053
FR,92054
FR,92055
FR,92056
FR,92057
FR,92058
FR,92059
FR,92060
FR,92061
FR,92063
FR,92064
FR,92065
FR,92066
FR,92067
FR,92068
FR,92069
FR,92070
FR,92071
FR,92072
FR,92073
FR,92074
FR,92075
FR,92076
FR,92077
FR,92078
FR,92079
FR,92081
FR,92082
FR,92083
FR,92084
FR,92085
FR,92086
FR,92087
FR,92088
FR,92089
FR,92092
FR,92093
FR,92095
FR,92096
FR,92097
FR,92098
FR,92099
FR,92100
FR,92101
FR,92102
FR,92103
FR,92104
FR,92105
FR,92106
FR,92108
FR,92109
FR,92110
FR,92111
FR,92112
FR,92113
FR,92114
FR,92115
FR,92116
FR,92117
FR,92118
FR,92119
FR,92120
FR,92121
FR,92122
FR,92123
FR,92124
FR,92125
FR,92126
FR,92127
FR,92128
FR,92129
FR,92130
FR,92131
FR,92132
FR,92133
FR,92134
FR,92135
FR,92136
FR,92137
FR,92138
FR,92139
FR,92140
FR,92141
FR,92142
FR,92143
FR,92144
FR,92145
FR,92146
FR,92147
FR,92148
FR,92149
FR,92150
FR,92151
FR,92152
FR,92153
FR,92154
FR,92155
FR,92156
FR,92157
FR,92158
FR,92159
FR,92160
FR,92161
FR,92162
FR,92163
FR,92164
FR,92165
FR,92166
FR,92167
FR,92168
FR,92169
FR,92170
FR,92171
FR,92172
FR,92173
FR,92174
FR,92175
FR,92176
FR,92177
FR,92178
FR,92179
FR,92181
FR,92182
FR,92183
FR,92184
FR,92185
FR,92186
FR,92188
FR,92189
FR,92190
FR,92191
FR,92193
FR,92194
FR,92195
FR,92196
FR,92199
FR,92200
FR,92201
FR,92202
FR,92203
FR,92204
FR,92205
FR,92206
FR,92208
FR,92209
FR,92210
FR,92211
FR,92212
FR,92213
FR,92214
FR,92215
FR,92216
FR,92219
FR,92220
FR,92221
FR,92222
FR,92223
FR,92224
FR,92225
FR,92226
FR,92227
FR,92228
FR,92229
FR,92230
FR,92231
FR,92232
FR,92233
FR,92234
FR,92235
FR,92237
FR,92238
FR,92239
FR,92240
FR,92241
FR,92242
FR,92243
FR,92244
FR,92245
FR,92246
FR,92247
FR,92249
FR,92250
FR,92251
FR,92252
FR,92253
FR,92254
FR,92256
FR,92257
FR,92258
FR,92259
FR,92260
FR,92261
FR,92262
FR,92263
FR,92266
FR,92269
FR,92270
FR,92271
FR,92272
FR,92273
FR,92274
FR,92275
FR,92279
FR,92280
FR,92281
FR,92282
FR,92284
FR,92286
FR,92287
FR,92288
FR,92290
FR,92291
FR,92292
FR,92293
FR,92295
FR,92296
FR,92297
FR,92298
FR,92300
FR,92301
FR,92302
FR,92303
FR,92304
FR,92305
FR,92306
FR,92307
FR,92308
FR,92309
FR,92310
FR,92311
FR,92312
FR,92313
FR,92314
FR,92316
FR,92317
FR,92318
FR,92319
FR,92320
FR,92321
FR,92322
FR,92323
FR,92324
FR,92325
FR,92326
FR,92327
FR,92328
FR,92329
FR,92330
FR,92331
FR,92332
FR,92333
FR,92337
FR,92339
FR,92340
FR,92341
FR,92342
FR,92350
FR,92351
FR,92352
FR,92353
FR,92354
FR,92355
FR,92356
FR,92357
FR,92359
FR,92360
FR,92361
FR,92362
FR,92363
FR,92364
FR,92365
FR,92366
FR,92369
FR,92370
FR,92372
FR,92379
FR,92380
FR,92388
FR,92390
FR,92391
FR,92392
FR,92393
FR,92394
FR,92395
FR,92396
FR,92397
FR,92398
FR,92399
FR,92400
FR,92401
FR,92402
FR,92403
FR,92404
FR,92405
FR,92406
FR,92407
FR,92408
FR,92409
FR,92410
FR,92411
FR,92412
FR,92413
FR,92414
FR,92415
FR,92416
FR,92417
FR,92418
FR,92419
FR,92420
FR,92423
FR,92430
FR,92438
FR,92441
FR,92442
FR,92443
FR,92444
FR,92445
FR,92447
FR,92448
FR,92454
FR,92499
FR,92500
FR,92501
FR,92502
FR,92503
FR,92504
FR,92505
FR,92506
FR,92507
FR,92508
FR,92509
FR,92511
FR,92513
FR,92514
FR,92516
FR,92517
FR,92518
FR,92519
FR,92521
FR,92522
FR,92523
FR,92524
FR,92525
FR,92527
FR,92528
FR,92529
FR,92531
FR,92532
FR,92533
FR,92534
FR,92535
FR,92536
FR,92537
FR,92538
FR,92541
FR,92542
FR,92543
FR,92544
FR,92545
FR,92546
FR,92552
FR,92553
FR,92555
FR,92561
FR,92562
FR,92563
FR,92564
FR,92565
FR,92566
FR,92567
FR,92569
FR,92571
FR,92573
FR,92574
FR,92575
FR,92576
FR,92577
FR,92578
FR,92581
FR,92582
FR,92583
FR,92584
FR,92585
FR,92586
FR,92587
FR,92588
FR,92591
FR,92592
FR,92593
FR,92594
FR,92595
FR,92596
FR,92597
FR,92598
FR,92599
FR,92600
FR,92601
FR,92602
FR,92603
FR,92604
FR,92605
FR,92606
FR,92607
FR,92609
FR,92611
FR,92613
FR,92614
FR,92615
FR,92616
FR,92622
FR,92624
FR,92631
FR,92632
FR,92633
FR,92634
FR,92635
FR,92636
FR,92637
FR,92638
FR,92641
FR,92642
FR,92643
FR,92645
FR,92649
FR,92650
FR,92651
FR,92653
FR,92654
FR,92655
FR,92656
FR,92658
FR,92659
FR,92660
FR,92665
FR,92671
FR,92672
FR,92675
FR,92677
FR,92679
FR,92682
FR,92683
FR,92684
FR,92685
FR,92686
FR,92688
FR,92689
FR,92691
FR,92693
FR,92695
FR,92698
FR,92700
FR,92701
FR,92702
FR,92703
FR,92704
FR,92705
FR,92706
FR,92707
FR,92708
FR,92709
FR,92711
FR,92712
FR,92713
FR,92714
FR,92715
FR,92721
FR,92722
FR,92725
FR,92726
FR,92727
FR,92728
FR,92729
FR,92730
FR,92735
FR,92736
FR,92737
FR,92738
FR,92739
FR,92741
FR,92742
FR,92743
FR,92744
FR,92745
FR,92747
FR,92748
FR,92751
FR,92752
FR,92755
FR,92756
FR,92758
FR,92761
FR,92762
FR,92763
FR,92764
FR,92766
FR,92767
FR,92768
FR,92772
FR,92773
FR,92774
FR,92776
FR,92779
FR,92781 9
FR,92782 9
FR,92783 9
FR,92784 9
FR,92785 9
FR,92786 9
FR,92787 9
FR,92788 9
FR,92789 9
FR,92791 9
FR,92792 9
FR,92793 9
FR,92794 9
FR,92795 9
FR,92796 9
FR,92797 9
FR,92798 9
FR,92799 9
FR,92800
FR,92801
FR,92802
FR,92803
FR,92804
FR,92805
FR,92806
FR,92807
FR,92808
FR,92809
FR,92811
FR,92813
FR,92815
FR,92816
FR,92817
FR,92818
FR,92819
FR,92820
FR,92821
FR,92822
FR,92823
FR,92824
FR,92842
FR,92843
FR,92844
FR,92845
FR,92846
FR,92847
FR,92848
FR,92851
FR,92852
FR,92853
FR,92854
FR,92855
FR,92856
FR,92859
FR,92861 9
FR,92862 9
FR,92863 9
FR,92864 9
FR,92865 9
FR,92866 9
FR,92867 9
FR,92881 9
FR,92882 9
FR,92883 9
FR,92884 9
FR,92885 9
FR,92886 9
FR,92887 9
FR,92889 9
FR,92891 9
FR,92892 9
FR,92893 9
FR,92894 9
FR,92895 9
FR,92896 9
FR,92897 9
FR,92898 9
FR,92901
FR,92902
FR,92903
FR,92904
FR,92906
FR,92907
FR,92908
FR,92909
FR,92911
FR,92912
FR,92913
FR,92914
FR,92915
FR,92916
FR,92917
FR,92918
FR,92919
FR,92920
FR,92921
FR,92922
FR,92923
FR,92924
FR,92925
FR,92926
FR,92927
FR,92928
FR,92929
FR,92930
FR,92931
FR,92932
FR,92933
FR,92934
FR,92935
FR,92936
FR,92937
FR,92938
FR,92939
FR,92959
FR,92970
FR,92971
FR,92972
FR,92973
FR,92974
FR,92975
FR,92977
FR,92978
FR,92979
FR,92980
FR,92981
FR,92983
FR,92984
FR,92985
FR,92986
FR,92987
FR,92988
FR,92989
FR,92999
FR,93000
FR,93001
FR,93002
FR,93003
FR,93005
FR,93006
FR,93007
FR,93008
FR,93009
FR,93011
FR,93012
FR,93013
FR,93014
FR,93016
FR,93017
FR,93018
FR,93021
FR,93022
FR,93024
FR,93100
FR,93101
FR,93102
FR,93103
FR,93104
FR,93105
FR,93106
FR,93107
FR,93108
FR,93110
FR,93111
FR,93112
FR,93114
FR,93115
FR,93116
FR,93117
FR,93118
FR,93120
FR,93121
FR,93122
FR,93123
FR,93126
FR,93127
FR,93130
FR,93131
FR,93133
FR,93134
FR,93135
FR,93136
FR,93140
FR,93141
FR,93142
FR,93143
FR,93144
FR,93145
FR,93146
FR,93147
FR,93148
FR,93149
FR,93150
FR,93151
FR,93152
FR,93153
FR,93154
FR,93155
FR,93156
FR,93157
FR,93158
FR,93160
FR,93161
FR,93162
FR,93163
FR,93164
FR,93165
FR,93166
FR,93167
FR,93168
FR,93169
FR,93170
FR,93171
FR,93172
FR,93174
FR,93175
FR,93176
FR,93177
FR,93181
FR,93182
FR,93183
FR,93184
FR,93186
FR,93187
FR,93188
FR,93189
FR,93190
FR,93191
FR,93192
FR,93193
FR,93194
FR,93195
FR,93196
FR,93197
FR,93199
FR,93200
FR,93201
FR,93202
FR,93203
FR,93204
FR,93205
FR,93206
FR,93207
FR,93208
FR,93209
FR,93210
FR,93211
FR,93212
FR,93213
FR,93214
FR,93216
FR,93217
FR,93218
FR,93219
FR,93220
FR,93221
FR,93222
FR,93230
FR,93231
FR,93233
FR,93235
FR,93240
FR,93241
FR,93245
FR,93250
FR,93260
FR,93261
FR,93270
FR,93271
FR,93274
FR,93275
FR,93282
FR,93283
FR,93284
FR,93285
FR,93286
FR,93290
FR,93294
FR,93297
FR,93300
FR,93301
FR,93302
FR,93303
FR,93304
FR,93305
FR,93306
FR,93307
FR,93308
FR,93310
FR,93311
FR,93315
FR,93320
FR,93321
FR,93322
FR,93323
FR,93324
FR,93325
FR,93330
FR,93331
FR,93332
FR,93334
FR,93335
FR,93336
FR,93337
FR,93340
FR,93341
FR,93342
FR,93343
FR,93344
FR,93345
FR,93346
FR,93348
FR,93349
FR,93350
FR,93351
FR,93352
FR,93360
FR,93361
FR,93362
FR,93363
FR,93364
FR,93365
FR,93366
FR,93370
FR,93390
FR,93400
FR,93401
FR,93402
FR,93403
FR,93404
FR,93405
FR,93406
FR,93407
FR,93408
FR,93410
FR,93411
FR,93412
FR,93420
FR,93421
FR,93422
FR,93423
FR,93424
FR,93430
FR,93431
FR,93436
FR,93437
FR,93440
FR,93441
FR,93450
FR,93451
FR,93453
FR,93454
FR,93455
FR,93456
FR,93457
FR,93458
FR,93460
FR,93461
FR,93462
FR,93463
FR,93464
FR,93465
FR,93470
FR,93472
FR,93473
FR,93479
FR,93481
FR,93482
FR,93483
FR,93484
FR,93485 9
FR,93486
FR,93487
FR,93489
FR,93493
FR,93500
FR,93501
FR,93502
FR,93503
FR,93504
FR,93505
FR,93506
FR,93507
FR,93508
FR,93511
FR,93512
FR,93513
FR,93514
FR,93515
FR,93516
FR,93517
FR,93518
FR,93521
FR,93522
FR,93523
FR,93524
FR,93526
FR,93527
FR,93528
FR,93531
FR,93532
FR,93533
FR,93534
FR,93535
FR,93536
FR,93537
FR,93538
FR,93539
FR,93541
FR,93544
FR,93545
FR,93547
FR,93554
FR,93555
FR,93556
FR,93558
FR,93561
FR,93562
FR,93563
FR,93564
FR,93571
FR,93574
FR,93575
FR,93576
FR,93577
FR,93578
FR,93581
FR,93582
FR,93583
FR,93584
FR,93585
FR,93586
FR,93587
FR,93588
FR,93589
FR,93591
FR,93593
FR,93600
FR,93601
FR,93602
FR,93603
FR,93604
FR,93605
FR,93606
FR,93608
FR,93609
FR,93611
FR,93612
FR,93613
FR,93614
FR,93615
FR,93616
FR,93617
FR,93618
FR,93619
FR,93621
FR,93622
FR,93623
FR,93627
FR,93631
FR,93691
FR,93692
FR,93693
FR,93694
FR,93695
FR,93696
FR,93697
FR,93698
FR,93699
FR,93700
FR,93701
FR,93705
FR,93711
FR,93712
FR,93719
FR,93731 9
FR,93733 9
FR,93734 9
FR,93736 9
FR,93737 9
FR,93738 9
FR,93761
FR,93800
FR,93801
FR,93802
FR,93806
FR,93807
FR,93812 9
FR,93813 9
FR,93814 9
FR,93815 9
FR,93816 9
FR,93881
FR,93883
FR,93884
FR,93885
FR,93887
FR,93891
FR,93899
FR,93901 9
FR,93907 9
FR,93908 9
FR,93909 9
FR,94000
FR,94001
FR,94002
FR,94003
FR,94004
FR,94005
FR,94006
FR,94007
FR,94008
FR,94009
FR,94010
FR,94011
FR,94012
FR,94013
FR,94014
FR,94015
FR,94016
FR,94017
FR,94018
FR,94019
FR,94020
FR,94021
FR,94022
FR,94023
FR,94024
FR,94025
FR,94026
FR,94027
FR,94028
FR,94029
FR,94030
FR,94031
FR,94032
FR,94033
FR,94034
FR,94035
FR,94036
FR,94037
FR,94038
FR,94039
FR,94040
FR,94041
FR,94042
FR,94043
FR,94044
FR,94045
FR,94046
FR,94047
FR,94048
FR,94049
FR,94051
FR,94052
FR,94053
FR,94054
FR,94055
FR,94094
FR,94100
FR,94101
FR,94102
FR,94103
FR,94104
FR,94105
FR,94106
FR,94107
FR,94108
FR,94109
FR,94110
FR,94111
FR,94112
FR,94113
FR,94114
FR,94115
FR,94116
FR,94117
FR,94118
FR,94119
FR,94120
FR,94121
FR,94122
FR,94123
FR,94124
FR,94125
FR,94126
FR,94127
FR,94128
FR,94129
FR,94130
FR,94131
FR,94132
FR,94133
FR,94134
FR,94135
FR,94136
FR,94137
FR,94138
FR,94139
FR,94140
FR,94141
FR,94142
FR,94143
FR,94144
FR,94145
FR,94146
FR,94147
FR,94148
FR,94149
FR,94150
FR,94151 1
FR,94152 1
FR,94153 1
FR,94154 1
FR,94155 1
FR,94156 1
FR,94157 1
FR,94158
FR,94159 1
FR,94160
FR,94161
FR,94162
FR,94163
FR,94164
FR,94165
FR,94166
FR,94169
FR,94170
FR,94171
FR,94172
FR,94173
FR,94174
FR,94175
FR,94190
FR,94191
FR,94192
FR,94193
FR,94194
FR,94195
FR,94196
FR,94197
FR,94199
FR,94200
FR,94201
FR,94202
FR,94203
FR,94204
FR,94205
FR,94206
FR,94207
FR,94208
FR,94209
FR,94210
FR,94211
FR,94214
FR,94219
FR,94220
FR,94221
FR,94222
FR,94223
FR,94224
FR,94225
FR,94226
FR,94227
FR,94228
FR,94229
FR,94230
FR,94231
FR,94232
FR,94233
FR,94234
FR,94235
FR,94236
FR,94237
FR,94238
FR,94239
FR,94240
FR,94241
FR,94242
FR,94243
FR,94244
FR,94246
FR,94247
FR,94249
FR,94250
FR,94251
FR,94252
FR,94253
FR,94254
FR,94255
FR,94256
FR,94257
FR,94258
FR,94259
FR,94260
FR,94261
FR,94262
FR,94263
FR,94264
FR,94265
FR,94266
FR,94267
FR,94268
FR,94269
FR,94270
FR,94271
FR,94272
FR,94273
FR,94274
FR,94275
FR,94276
FR,94277
FR,94278
FR,94279
FR,94281
FR,94290
FR,94300
FR,94301
FR,94302
FR,94303
FR,94304
FR,94305
FR,94306
FR,94307
FR,94308
FR,94309
FR,94310
FR,94311
FR,94312
FR,94319
FR,94320
FR,94321
FR,94322
FR,94324
FR,94327
FR,94340
FR,94341
FR,94342
FR,94343
FR,94344
FR,94345
FR,94349
FR,94350
FR,94351
FR,94353
FR,94354
FR,94355
FR,94356
FR,94357
FR,94359
FR,94360
FR,94361
FR,94362
FR,94363
FR,94364
FR,94365
FR,94366
FR,94368
FR,94369
FR,94370
FR,94371
FR,94372
FR,94373
FR,94374
FR,94375
FR,94376
FR,94377
FR,94378
FR,94379
FR,94380
FR,94381
FR,94382
FR,94383
FR,94384
FR,94385
FR,94386
FR,94387
FR,94388
FR,94389
FR,94390
FR,94400
FR,94401
FR,94402
FR,94403
FR,94404
FR,94405
FR,94406
FR,94407
FR,94408
FR,94409
FR,94410
FR,94411
FR,94412
FR,94413
FR,94414
FR,94415
FR,94417
FR,94419
FR,94420
FR,94430
FR,94431
FR,94432
FR,94433
FR,94434
FR,94435
FR,94436
FR,94437
FR,94438
FR,94439
FR,94440
FR,94450
FR,94451
FR,94452
FR,94453
FR,94454
FR,94455
FR,94456
FR,94457
FR,94459
FR,94460
FR,94470
FR,94471
FR,94472
FR,94473
FR,94474
FR,94475
FR,94476
FR,94477
FR,94478
FR,94479
FR,94480
FR,94490
FR,94500
FR,94501
FR,94502
FR,94503
FR,94504
FR,94505
FR,94506
FR,94507
FR,94508
FR,94509
FR,94510
FR,94511
FR,94512 1
FR,94513 1
FR,94514 1
FR,94515 1
FR,94516 1
FR,94517
FR,94518 1
FR,94519 1
FR,94520
FR,94521
FR,94522 1
FR,94523 1
FR,94524 1
FR,94525 1
FR,94526 1
FR,94527
FR,94528 1
FR,94531
FR,94532
FR,94533 1
FR,94534 1
FR,94535 1
FR,94536 1
FR,94537
FR,94538 1
FR,94539 1
FR,94550
FR,94561
FR,94562 2
FR,94563 2
FR,94564 2
FR,94565 2
FR,94566 2
FR,94567
FR,94568 2
FR,94569 2
FR,94571 2
FR,94572 2
FR,94573 2
FR,94574 2
FR,94575 2
FR,94576 2
FR,94577
FR,94578 2
FR,94579 2
FR,94581 2
FR,94582 2
FR,94583 2
FR,94584 2
FR,94585 2
FR,94586 2
FR,94587 2
FR,94588 2
FR,94589 2
FR,94591 2
FR,94592 2
FR,94593 2
FR,94594 2
FR,94595 2
FR,94596 2
FR,94597 2
FR,94598 2
FR,94599 2
FR,94600
FR,94601
FR,94602
FR,94603
FR,94604
FR,94606
FR,94607
FR,94609
FR,94611 1
FR,94612 1
FR,94613 1
FR,94614 1
FR,94616 1
FR,94617 1
FR,94618 1
FR,94619 1
FR,94621 1
FR,94622 1
FR,94623 1
FR,94626 1
FR,94627
FR,94628 1
FR,94631 1
FR,94632 1
FR,94633 1
FR,94634 1
FR,94635 1
FR,94636 1
FR,94637 1
FR,94638 1
FR,94639 1
FR,94641 1
FR,94642 1
FR,94643 1
FR,94644 1
FR,94645 1
FR,94647 1
FR,94648 1
FR,94651
FR,94653 1
FR,94654 1
FR,94656 1
FR,94657
FR,94658 1
FR,94659 1
FR,94661
FR,94663 1
FR,94664 1
FR,94667
FR,94669
FR,94671
FR,94672
FR,94673
FR,94674
FR,94675
FR,94676
FR,94677
FR,94678
FR,94679
FR,94681
FR,94682
FR,94683
FR,94684
FR,94685
FR,94686
FR,94687
FR,94688
FR,94700
FR,94701
FR,94702
FR,94703
FR,94704
FR,94706
FR,94707
FR,94709
FR,94710
FR,94711
FR,94712
FR,94713
FR,94714
FR,94715
FR,94719
FR,94721
FR,94722
FR,94723
FR,94724
FR,94725
FR,94726
FR,94727
FR,94728
FR,94729
FR,94731
FR,94732
FR,94733
FR,94734
FR,94735
FR,94736
FR,94737
FR,94738
FR,94739
FR,94741
FR,94742
FR,94743
FR,94744
FR,94745
FR,94748
FR,94749
FR,94761
FR,94762
FR,94763
FR,94764
FR,94765
FR,94766
FR,94767
FR,94768
FR,94781
FR,94782
FR,94783
FR,94784
FR,94785
FR,94789
FR,94800
FR,94801
FR,94802
FR,94803
FR,94804
FR,94805
FR,94806
FR,94807
FR,94808
FR,94809
FR,94811
FR,94812
FR,94813
FR,94814
FR,94815
FR,94816
FR,94817
FR,94818
FR,94819
FR,94831
FR,94832
FR,94833
FR,94839
FR,94851
FR,94852
FR,94853
FR,94854
FR,94855
FR,94856
FR,94857
FR,94858
FR,94859
FR,94861
FR,94862
FR,94863
FR,94864
FR,94865
FR,94866
FR,94867
FR,94869
FR,94880
FR,94891
FR,94892
FR,94893
FR,94894
FR,94941 9
FR,94942 9
FR,94945 9
FR,94946 9
FR,94947 9
FR,94948 9
FR,94949 9
FR,94951 9
FR,94952 9
FR,94953 9
FR,94954 9
FR,94955 9
FR,94956 9
FR,94958 9
FR,94959 9
FR,94961 9
FR,94962 9
FR,94963 9
FR,94964 9
FR,94965 9
FR,94966 9
FR,94968 9
FR,94971 9
FR,94972 9
FR,94973 9
FR,94974 9
FR,94975 9
FR,94976 9
FR,94977 9
FR,94978 9
FR,95000
FR,95001
FR,95002
FR,95003
FR,95004 1
FR,95005 1
FR,95006
FR,95007
FR,95008
FR,95010
FR,95011
FR,95012
FR,95013
FR,95014
FR,95015
FR,95016
FR,95017
FR,95018
FR,95019
FR,95020
FR,95021
FR,95022
FR,95023
FR,95024
FR,95025
FR,95027
FR,95028
FR,95029
FR,95030
FR,95031
FR,95032
FR,95033
FR,95034
FR,95035
FR,95036
FR,95037
FR,95038
FR,95040 1
FR,95041 1
FR,95042 1
FR,95046 1
FR,95050 1
FR,95051 1
FR,95052 1
FR,95053 1
FR,95054 1
FR,95055 1
FR,95056 1
FR,95059 1
FR,95060 1
FR,95061 1
FR,95062 1
FR,95063 1
FR,95064 1
FR,95065 1
FR,95066 9
FR,95067 1
FR,95069 1
FR,95070 1
FR,95071 1
FR,95072 1
FR,95073 1
FR,95074 1
FR,95075 1
FR,95076 1
FR,95077 1
FR,95078 1
FR,95079 1
FR,95090
FR,95091
FR,95092
FR,95093
FR,95094
FR,95095
FR,95096
FR,95097
FR,95098
FR,95100
FR,95101
FR,95102
FR,95103
FR,95104
FR,95105
FR,95106
FR,95107
FR,95108
FR,95109
FR,95110
FR,95111
FR,95112
FR,95117
FR,95118
FR,95119
FR,95120
FR,95121
FR,95122
FR,95123
FR,95124
FR,95125
FR,95126
FR,95127
FR,95129
FR,95130
FR,95131
FR,95132
FR,95133
FR,95134
FR,95135
FR,95137
FR,95139
FR,95140
FR,95141
FR,95142
FR,95143
FR,95144
FR,95145
FR,95146
FR,95150
FR,95151
FR,95152
FR,95153
FR,95154
FR,95155
FR,95157
FR,95158
FR,95159
FR,95160
FR,95161
FR,95162
FR,95165
FR,95169
FR,95170
FR,95180
FR,95190
FR,95191
FR,95192
FR,95193
FR,95194
FR,95195
FR,95196
FR,95197
FR,95198
FR,95199
FR,95200
FR,95201
FR,95202
FR,95203
FR,95204
FR,95205
FR,95206
FR,95207
FR,95209
FR,95210
FR,95211
FR,95212
FR,95213
FR,95214
FR,95215
FR,95216
FR,95217
FR,95218
FR,95219
FR,95220
FR,95221
FR,95222
FR,95223
FR,95224
FR,95226
FR,95228
FR,95229
FR,95230
FR,95231
FR,95232
FR,95233
FR,95234
FR,95239
FR,95240
FR,95250
FR,95251
FR,95252
FR,95259
FR,95260
FR,95270
FR,95280
FR,95290
FR,95300
FR,95301
FR,95302
FR,95303
FR,95304
FR,95306
FR,95309
FR,95310
FR,95311
FR,95312
FR,95313
FR,95314
FR,95315
FR,95316
FR,95318
FR,95319
FR,95320
FR,95321
FR,95322
FR,95323
FR,95324
FR,95328
FR,95329
FR,95330
FR,95331
FR,95332
FR,95333
FR,95334
FR,95335
FR,95340
FR,95350
FR,95351
FR,95355
FR,95360
FR,95370
FR,95379
FR,95380
FR,95390
FR,95400
FR,95410
FR,95411
FR,95412
FR,95419
FR,95420
FR,95430
FR,95440
FR,95441
FR,95445
FR,95450
FR,95460
FR,95461
FR,95470
FR,95471
FR,95472
FR,95473
FR,95474
FR,95475
FR,95476
FR,95477
FR,95478
FR,95479
FR,95480
FR,95490
FR,95500
FR,95501
FR,95502
FR,95503
FR,95504
FR,95505
FR,95506
FR,95507
FR,95508
FR,95509
FR,95510
FR,95520
FR,95521
FR,95522
FR,95523
FR,95524
FR,95525
FR,95526
FR,95527
FR,95528
FR,95529
FR,95530
FR,95540
FR,95550
FR,95551
FR,95559
FR,95560
FR,95570
FR,95571
FR,95573
FR,95580
FR,95590
FR,95600
FR,95601
FR,95602
FR,95603
FR,95604
FR,95605
FR,95609
FR,95610
FR,95611
FR,95612
FR,95613
FR,95614
FR,95615
FR,95616
FR,95617
FR,95618
FR,95619
FR,95620
FR,95630
FR,95640
FR,95650
FR,95651
FR,95652
FR,95659
FR,95660
FR,95670
FR,95680
FR,95690
FR,95691
FR,95692
FR,95693
FR,95696
FR,95697
FR,95700
FR,95710
FR,95720
FR,95740
FR,95750
FR,95760
FR,95770
FR,95780
FR,95800
FR,95801
FR,95802
FR,95803
FR,95804
FR,95805
FR,95806
FR,95807
FR,95808
FR,95809
FR,95810
FR,95811
FR,95812
FR,95813
FR,95814
FR,95815
FR,95816
FR,95820
FR,95830
FR,95840
FR,95842
FR,95843
FR,95844
FR,95850
FR,95861
FR,95862
FR,95863
FR,95864
FR,95865
FR,95866
FR,95868
FR,95870
FR,95871
FR,95872
FR,95873
FR,95874
FR,95875
FR,95876
FR,95877
FR,95879
FR,95880
FR,95891
FR,95892
FR,95897
FR,95901 9
FR,95902 9
FR,95905 9
FR,95907 9
FR,95908 9
