postcode,area_source_id,relationship_type,is_primary
1007,hu:district:13th-district-of-budapest,served_by,true
1011,hu:district:varkerulet,served_by,true
1012,hu:district:varkerulet,served_by,true
1013,hu:district:varkerulet,served_by,true
1014,hu:district:varkerulet,served_by,true
1015,hu:district:varkerulet,served_by,true
1016,hu:district:varkerulet,served_by,true
1021,hu:district:2nd-district-of-budapest,served_by,true
1022,hu:district:2nd-district-of-budapest,served_by,true
1023,hu:district:2nd-district-of-budapest,served_by,true
1024,hu:district:2nd-district-of-budapest,served_by,true
1025,hu:district:2nd-district-of-budapest,served_by,true
1026,hu:district:2nd-district-of-budapest,served_by,true
1027,hu:district:2nd-district-of-budapest,served_by,true
1028,hu:district:2nd-district-of-budapest,served_by,true
1029,hu:district:2nd-district-of-budapest,served_by,true
1031,hu:district:obuda-bekasmegyer,served_by,true
1032,hu:district:obuda-bekasmegyer,served_by,true
1033,hu:district:obuda-bekasmegyer,served_by,true
1034,hu:district:obuda-bekasmegyer,served_by,true
1035,hu:district:obuda-bekasmegyer,served_by,true
1036,hu:district:obuda-bekasmegyer,served_by,true
1037,hu:district:obuda-bekasmegyer,served_by,true
1038,hu:district:obuda-bekasmegyer,served_by,true
1039,hu:district:obuda-bekasmegyer,served_by,true
1041,hu:district:ujpest,served_by,true
1042,hu:district:ujpest,served_by,true
1043,hu:district:ujpest,served_by,true
1044,hu:district:ujpest,served_by,true
1045,hu:district:ujpest,served_by,true
1046,hu:district:ujpest,served_by,true
1047,hu:district:ujpest,served_by,true
1048,hu:district:ujpest,served_by,true
1051,hu:district:belvaros-lipotvaros,served_by,true
1052,hu:district:belvaros-lipotvaros,served_by,true
1053,hu:district:belvaros-lipotvaros,served_by,true
1054,hu:district:belvaros-lipotvaros,served_by,true
1055,hu:district:belvaros-lipotvaros,served_by,true
1056,hu:district:belvaros-lipotvaros,served_by,true
1061,hu:district:terezvaros,served_by,true
1062,hu:district:terezvaros,served_by,true
1063,hu:district:terezvaros,served_by,true
1064,hu:district:terezvaros,served_by,true
1065,hu:district:terezvaros,served_by,true
1066,hu:district:terezvaros,served_by,true
1067,hu:district:terezvaros,served_by,true
1068,hu:district:terezvaros,served_by,true
1071,hu:district:erzsebetvaros,served_by,true
1072,hu:district:erzsebetvaros,served_by,true
1073,hu:district:erzsebetvaros,served_by,true
1074,hu:district:erzsebetvaros,served_by,true
1075,hu:district:erzsebetvaros,served_by,true
1076,hu:district:erzsebetvaros,served_by,true
1077,hu:district:erzsebetvaros,served_by,true
1078,hu:district:erzsebetvaros,served_by,true
1081,hu:district:jozsefvaros,served_by,true
1082,hu:district:jozsefvaros,served_by,true
1083,hu:district:jozsefvaros,served_by,true
1084,hu:district:jozsefvaros,served_by,true
1085,hu:district:jozsefvaros,served_by,true
1086,hu:district:jozsefvaros,served_by,true
1087,hu:district:jozsefvaros,served_by,true
1088,hu:district:jozsefvaros,served_by,true
1089,hu:district:jozsefvaros,served_by,true
1091,hu:district:ferencvaros,served_by,true
1092,hu:district:ferencvaros,served_by,true
1093,hu:district:ferencvaros,served_by,true
1094,hu:district:ferencvaros,served_by,true
1095,hu:district:ferencvaros,served_by,true
1096,hu:district:ferencvaros,served_by,true
1097,hu:district:ferencvaros,served_by,true
1098,hu:district:ferencvaros,served_by,true
1101,hu:district:kobanya,served_by,true
1102,hu:district:kobanya,served_by,true
1103,hu:district:kobanya,served_by,true
1104,hu:district:kobanya,served_by,true
1105,hu:district:kobanya,served_by,true
1106,hu:district:kobanya,served_by,true
1107,hu:district:kobanya,served_by,true
1108,hu:district:kobanya,served_by,true
1111,hu:district:ujbuda,served_by,true
1112,hu:district:ujbuda,served_by,true
1113,hu:district:ujbuda,served_by,true
1114,hu:district:ujbuda,served_by,true
1115,hu:district:ujbuda,served_by,true
1116,hu:district:ujbuda,served_by,true
1117,hu:district:ujbuda,served_by,true
1118,hu:district:ujbuda,served_by,true
1119,hu:district:ujbuda,served_by,true
1121,hu:district:hegyvidek,served_by,true
1122,hu:district:hegyvidek,served_by,true
1123,hu:district:hegyvidek,served_by,true
1124,hu:district:hegyvidek,served_by,true
1125,hu:district:hegyvidek,served_by,true
1126,hu:district:hegyvidek,served_by,true
1131,hu:district:13th-district-of-budapest,served_by,true
1132,hu:district:13th-district-of-budapest,served_by,true
1133,hu:district:13th-district-of-budapest,served_by,true
1134,hu:district:13th-district-of-budapest,served_by,true
1135,hu:district:13th-district-of-budapest,served_by,true
1136,hu:district:13th-district-of-budapest,served_by,true
1137,hu:district:13th-district-of-budapest,served_by,true
1138,hu:district:13th-district-of-budapest,served_by,true
1139,hu:district:13th-district-of-budapest,served_by,true
1141,hu:district:zuglo,served_by,true
1142,hu:district:zuglo,served_by,true
1143,hu:district:zuglo,served_by,true
1144,hu:district:zuglo,served_by,true
1145,hu:district:zuglo,served_by,true
1146,hu:district:zuglo,served_by,true
1147,hu:district:zuglo,served_by,true
1148,hu:district:zuglo,served_by,true
1149,hu:district:zuglo,served_by,true
1151,hu:district:15th-district-of-budapest,served_by,true
1152,hu:district:15th-district-of-budapest,served_by,true
1153,hu:district:15th-district-of-budapest,served_by,true
1154,hu:district:15th-district-of-budapest,served_by,true
1155,hu:district:15th-district-of-budapest,served_by,true
1156,hu:district:15th-district-of-budapest,served_by,true
1157,hu:district:15th-district-of-budapest,served_by,true
1158,hu:district:15th-district-of-budapest,served_by,true
1161,hu:district:16th-district-of-budapest,served_by,true
1162,hu:district:16th-district-of-budapest,served_by,true
1163,hu:district:16th-district-of-budapest,served_by,true
1164,hu:district:16th-district-of-budapest,served_by,true
1165,hu:district:16th-district-of-budapest,served_by,true
1171,hu:district:rakosmente,served_by,true
1172,hu:district:rakosmente,served_by,true
1173,hu:district:rakosmente,served_by,true
1174,hu:district:rakosmente,served_by,true
1181,hu:district:pestszentlorinc-pestszentimre,served_by,true
1182,hu:district:pestszentlorinc-pestszentimre,served_by,true
1183,hu:district:pestszentlorinc-pestszentimre,served_by,true
1184,hu:district:pestszentlorinc-pestszentimre,served_by,true
1185,hu:district:pestszentlorinc-pestszentimre,served_by,true
1186,hu:district:pestszentlorinc-pestszentimre,served_by,true
1188,hu:district:pestszentlorinc-pestszentimre,served_by,true
1191,hu:district:kispest,served_by,true
1192,hu:district:kispest,served_by,true
1193,hu:district:kispest,served_by,true
1194,hu:district:kispest,served_by,true
1195,hu:district:kispest,served_by,true
1196,hu:district:kispest,served_by,true
1201,hu:district:pesterzsebet,served_by,true
1202,hu:district:pesterzsebet,served_by,true
1203,hu:district:pesterzsebet,served_by,true
1204,hu:district:pesterzsebet,served_by,true
1205,hu:district:pesterzsebet,served_by,true
1211,hu:district:csepel,served_by,true
1212,hu:district:csepel,served_by,true
1213,hu:district:csepel,served_by,true
1214,hu:district:csepel,served_by,true
1215,hu:district:csepel,served_by,true
1221,hu:district:budafok-teteny,served_by,true
1222,hu:district:budafok-teteny,served_by,true
1223,hu:district:budafok-teteny,served_by,true
1224,hu:district:budafok-teteny,served_by,true
1225,hu:district:budafok-teteny,served_by,true
1237,hu:district:soroksar,served_by,true
1238,hu:district:soroksar,served_by,true
1239,hu:district:soroksar,served_by,true
2000,hu:district:szentendre,served_by,true
2009,hu:district:szentendre,served_by,true
2011,hu:district:szentendre,served_by,true
2013,hu:district:szentendre,served_by,true
2014,hu:district:szentendre,served_by,true
2015,hu:district:szentendre,served_by,true
2016,hu:district:szentendre,served_by,true
2017,hu:district:szentendre,served_by,true
2021,hu:district:szentendre,served_by,true
2022,hu:district:szentendre,served_by,true
2023,hu:district:szentendre,served_by,true
2024,hu:district:szentendre,served_by,true
2025,hu:district:szentendre,served_by,true
2026,hu:district:szentendre,served_by,true
2027,hu:district:esztergom,served_by,true
2028,hu:district:esztergom,served_by,true
2030,hu:district:erd,served_by,true
2038,hu:district:erd,served_by,true
2039,hu:district:erd,served_by,true
2040,hu:district:budakeszi,served_by,true
2045,hu:district:erd,served_by,true
2049,hu:district:erd,served_by,true
2051,hu:district:budakeszi,served_by,true
2053,hu:district:budakeszi,served_by,true
2060,hu:district:bicske,served_by,true
2063,hu:district:bicske,served_by,true
2064,hu:district:bicske,served_by,true
2065,hu:district:bicske,served_by,true
2066,hu:district:bicske,served_by,true
2067,hu:district:tatabanya,served_by,true
2071,hu:district:budakeszi,served_by,true
2072,hu:district:budakeszi,served_by,true
2073,hu:district:budakeszi,served_by,true
2074,hu:district:budakeszi,served_by,true
2080,hu:district:pilisvorosvar,served_by,true
2081,hu:district:pilisvorosvar,served_by,true
2083,hu:district:pilisvorosvar,served_by,true
2084,hu:district:pilisvorosvar,served_by,true
2085,hu:district:pilisvorosvar,served_by,true
2086,hu:district:pilisvorosvar,served_by,true
2089,hu:district:budakeszi,served_by,true
2090,hu:district:budakeszi,served_by,true
2091,hu:district:bicske,served_by,true
2092,hu:district:budakeszi,served_by,true
2093,hu:district:budakeszi,served_by,true
2094,hu:district:budakeszi,served_by,true
2095,hu:district:pilisvorosvar,served_by,true
2096,hu:district:pilisvorosvar,served_by,true
2097,hu:district:pilisvorosvar,served_by,true
2098,hu:district:szentendre,served_by,true
2099,hu:district:szentendre,served_by,true
2100,hu:district:godollo,served_by,true
2111,hu:district:godollo,served_by,true
2112,hu:district:godollo,served_by,true
2113,hu:district:godollo,served_by,true
2114,hu:district:godollo,served_by,true
2115,hu:district:godollo,served_by,true
2116,hu:district:godollo,served_by,true
2117,hu:district:godollo,served_by,true
2118,hu:district:godollo,served_by,true
2119,hu:district:godollo,served_by,true
2120,hu:district:dunakeszi,served_by,true
2131,hu:district:dunakeszi,served_by,true
2132,hu:district:dunakeszi,served_by,true
2133,hu:district:vac,served_by,true
2134,hu:district:vac,served_by,true
2135,hu:district:vac,served_by,true
2141,hu:district:godollo,served_by,true
2142,hu:district:godollo,served_by,true
2143,hu:district:godollo,served_by,true
2144,hu:district:godollo,served_by,true
2145,hu:district:godollo,served_by,true
2146,hu:district:godollo,served_by,true
2151,hu:district:dunakeszi,served_by,true
2161,hu:district:dunakeszi,served_by,true
2162,hu:district:vac,served_by,true
2163,hu:district:vac,served_by,true
2164,hu:district:vac,served_by,true
2165,hu:district:vac,served_by,true
2166,hu:district:vac,served_by,true
2167,hu:district:vac,served_by,true
2170,hu:district:aszod,served_by,true
2173,hu:district:aszod,served_by,true
2174,hu:district:aszod,served_by,true
2175,hu:district:paszto,served_by,true
2176,hu:district:paszto,served_by,true
2177,hu:district:paszto,served_by,true
2181,hu:district:aszod,served_by,true
2182,hu:district:aszod,served_by,true
2183,hu:district:aszod,served_by,true
2184,hu:district:aszod,served_by,true
2185,hu:district:vac,served_by,true
2191,hu:district:aszod,served_by,true
2192,hu:district:aszod,served_by,true
2193,hu:district:aszod,served_by,true
2194,hu:district:aszod,served_by,true
2200,hu:district:monor,served_by,true
2209,hu:district:monor,served_by,true
2211,hu:district:monor,served_by,true
2212,hu:district:monor,served_by,true
2213,hu:district:monor,served_by,true
2214,hu:district:monor,served_by,true
2215,hu:district:monor,served_by,true
2216,hu:district:monor,served_by,true
2217,hu:district:monor,served_by,true
2220,hu:district:vecses,served_by,true
2225,hu:district:vecses,served_by,true
2230,hu:district:monor,served_by,true
2233,hu:district:vecses,served_by,true
2234,hu:district:vecses,served_by,true
2235,hu:district:nagykata,served_by,true
2241,hu:district:nagykata,served_by,true
2243,hu:district:nagykata,served_by,true
2244,hu:district:nagykata,served_by,true
2251,hu:district:nagykata,served_by,true
2252,hu:district:nagykata,served_by,true
2253,hu:district:nagykata,served_by,true
2254,hu:district:nagykata,served_by,true
2255,hu:district:nagykata,served_by,true
2300,hu:district:rackeve,served_by,true
2309,hu:district:rackeve,served_by,true
2310,hu:district:szigetszentmiklos,served_by,true
2314,hu:district:szigetszentmiklos,served_by,true
2315,hu:district:szigetszentmiklos,served_by,true
2316,hu:district:szigetszentmiklos,served_by,true
2317,hu:district:rackeve,served_by,true
2318,hu:district:rackeve,served_by,true
2319,hu:district:rackeve,served_by,true
2321,hu:district:rackeve,served_by,true
2322,hu:district:rackeve,served_by,true
2330,hu:district:szigetszentmiklos,served_by,true
2335,hu:district:szigetszentmiklos,served_by,true
2336,hu:district:szigetszentmiklos,served_by,true
2337,hu:district:szigetszentmiklos,served_by,true
2338,hu:district:rackeve,served_by,true
2339,hu:district:szigetszentmiklos,served_by,true
2340,hu:district:rackeve,served_by,true
2344,hu:district:rackeve,served_by,true
2345,hu:district:rackeve,served_by,true
2347,hu:district:dabas,served_by,true
2351,hu:district:gyal,served_by,true
2360,hu:district:gyal,served_by,true
2363,hu:district:gyal,served_by,true
2364,hu:district:gyal,served_by,true
2365,hu:district:dabas,served_by,true
2366,hu:district:dabas,served_by,true
2367,hu:district:dabas,served_by,true
2370,hu:district:dabas,served_by,true
2371,hu:district:dabas,served_by,true
2373,hu:district:dabas,served_by,true
2375,hu:district:dabas,served_by,true
2376,hu:district:dabas,served_by,true
2377,hu:district:dabas,served_by,true
2378,hu:district:dabas,served_by,true
2381,hu:district:dabas,served_by,true
2400,hu:district:dunaujvaros,served_by,true
2407,hu:district:dunaujvaros,served_by,true
2421,hu:district:dunaujvaros,served_by,true
2422,hu:district:dunaujvaros,served_by,true
2423,hu:district:dunaujvaros,served_by,true
2424,hu:district:dunaujvaros,served_by,true
2425,hu:district:dunaujvaros,served_by,true
2426,hu:district:dunaujvaros,served_by,true
2427,hu:district:dunaujvaros,served_by,true
2428,hu:district:dunaujvaros,served_by,true
2431,hu:district:dunaujvaros,served_by,true
2432,hu:district:gardony,served_by,true
2433,hu:district:szekesfehervar,served_by,true
2434,hu:district:sarbogard,served_by,true
2435,hu:district:sarbogard,served_by,true
2440,hu:district:erd,served_by,true
2451,hu:district:martonvasar,served_by,true
2453,hu:district:martonvasar,served_by,true
2454,hu:district:dunaujvaros,served_by,true
2455,hu:district:dunaujvaros,served_by,true
2456,hu:district:dunaujvaros,served_by,true
2457,hu:district:dunaujvaros,served_by,true
2458,hu:district:dunaujvaros,served_by,true
2459,hu:district:dunaujvaros,served_by,true
2461,hu:district:erd,served_by,true
2462,hu:district:martonvasar,served_by,true
2463,hu:district:martonvasar,served_by,true
2464,hu:district:martonvasar,served_by,true
2465,hu:district:martonvasar,served_by,true
2471,hu:district:martonvasar,served_by,true
2472,hu:district:martonvasar,served_by,true
2473,hu:district:martonvasar,served_by,true
2475,hu:district:gardony,served_by,true
2476,hu:district:gardony,served_by,true
2477,hu:district:gardony,served_by,true
2481,hu:district:gardony,served_by,true
2483,hu:district:gardony,served_by,true
2484,hu:district:gardony,served_by,true
2485,hu:district:gardony,served_by,true
2490,hu:district:dunaujvaros,served_by,true
2500,hu:district:esztergom,served_by,true
2508,hu:district:esztergom,served_by,true
2509,hu:district:esztergom,served_by,true
2510,hu:district:esztergom,served_by,true
2517,hu:district:esztergom,served_by,true
2518,hu:district:esztergom,served_by,true
2519,hu:district:esztergom,served_by,true
2521,hu:district:esztergom,served_by,true
2522,hu:district:esztergom,served_by,true
2523,hu:district:esztergom,served_by,true
2524,hu:district:esztergom,served_by,true
2525,hu:district:esztergom,served_by,true
2526,hu:district:esztergom,served_by,true
2527,hu:district:esztergom,served_by,true
2528,hu:district:esztergom,served_by,true
2529,hu:district:esztergom,served_by,true
2531,hu:district:esztergom,served_by,true
2532,hu:district:esztergom,served_by,true
2533,hu:district:esztergom,served_by,true
2534,hu:district:esztergom,served_by,true
2535,hu:district:esztergom,served_by,true
2536,hu:district:esztergom,served_by,true
2541,hu:district:esztergom,served_by,true
2543,hu:district:esztergom,served_by,true
2544,hu:district:tata,served_by,true
2545,hu:district:tata,served_by,true
2600,hu:district:vac,served_by,true
2610,hu:district:retsag,served_by,true
2611,hu:district:retsag,served_by,true
2612,hu:district:vac,served_by,true
2613,hu:district:vac,served_by,true
2614,hu:district:vac,served_by,true
2615,hu:district:vac,served_by,true
2616,hu:district:retsag,served_by,true
2617,hu:district:retsag,served_by,true
2618,hu:district:retsag,served_by,true
2619,hu:district:retsag,served_by,true
2621,hu:district:szob,served_by,true
2623,hu:district:szob,served_by,true
2624,hu:district:szob,served_by,true
2625,hu:district:szob,served_by,true
2626,hu:district:szob,served_by,true
2627,hu:district:szob,served_by,true
2628,hu:district:szob,served_by,true
2629,hu:district:szob,served_by,true
2631,hu:district:szob,served_by,true
2632,hu:district:szob,served_by,true
2633,hu:district:szob,served_by,true
2634,hu:district:szob,served_by,true
2635,hu:district:szob,served_by,true
2636,hu:district:szob,served_by,true
2637,hu:district:szob,served_by,true
2638,hu:district:szob,served_by,true
2639,hu:district:szob,served_by,true
2640,hu:district:retsag,served_by,true
2641,hu:district:retsag,served_by,true
2642,hu:district:retsag,served_by,true
2643,hu:district:retsag,served_by,true
2644,hu:district:retsag,served_by,true
2645,hu:district:retsag,served_by,true
2646,hu:district:balassagyarmat,served_by,true
2647,hu:district:balassagyarmat,served_by,true
2648,hu:district:balassagyarmat,served_by,true
2649,hu:district:balassagyarmat,served_by,true
2651,hu:district:retsag,served_by,true
2652,hu:district:retsag,served_by,true
2653,hu:district:retsag,served_by,true
2654,hu:district:retsag,served_by,true
2655,hu:district:retsag,served_by,true
2656,hu:district:retsag,served_by,true
2657,hu:district:retsag,served_by,true
2658,hu:district:retsag,served_by,true
2659,hu:district:balassagyarmat,served_by,true
2660,hu:district:balassagyarmat,served_by,true
2668,hu:district:balassagyarmat,served_by,true
2669,hu:district:balassagyarmat,served_by,true
2671,hu:district:balassagyarmat,served_by,true
2672,hu:district:balassagyarmat,served_by,true
2673,hu:district:balassagyarmat,served_by,true
2674,hu:district:balassagyarmat,served_by,true
2675,hu:district:balassagyarmat,served_by,true
2676,hu:district:balassagyarmat,served_by,true
2677,hu:district:balassagyarmat,served_by,true
2678,hu:district:balassagyarmat,served_by,true
2681,hu:district:vac,served_by,true
2682,hu:district:vac,served_by,true
2683,hu:district:vac,served_by,true
2685,hu:district:retsag,served_by,true
2686,hu:district:balassagyarmat,served_by,true
2687,hu:district:balassagyarmat,served_by,true
2688,hu:district:paszto,served_by,true
2691,hu:district:balassagyarmat,served_by,true
2692,hu:district:balassagyarmat,served_by,true
2693,hu:district:balassagyarmat,served_by,true
2694,hu:district:balassagyarmat,served_by,true
2696,hu:district:balassagyarmat,served_by,true
2697,hu:district:balassagyarmat,served_by,true
2698,hu:district:balassagyarmat,served_by,true
2699,hu:district:balassagyarmat,served_by,true
2700,hu:district:cegled,served_by,true
2711,hu:district:nagykata,served_by,true
2712,hu:district:nagykoros,served_by,true
2713,hu:district:cegled,served_by,true
2721,hu:district:monor,served_by,true
2723,hu:district:monor,served_by,true
2724,hu:district:dabas,served_by,true
2730,hu:district:cegled,served_by,true
2735,hu:district:cegled,served_by,true
2736,hu:district:cegled,served_by,true
2737,hu:district:cegled,served_by,true
2738,hu:district:cegled,served_by,true
2740,hu:district:cegled,served_by,true
2745,hu:district:cegled,served_by,true
2746,hu:district:cegled,served_by,true
2747,hu:district:cegled,served_by,true
2750,hu:district:nagykoros,served_by,true
2755,hu:district:nagykoros,served_by,true
2760,hu:district:nagykata,served_by,true
2764,hu:district:nagykata,served_by,true
2765,hu:district:nagykata,served_by,true
2766,hu:district:nagykata,served_by,true
2767,hu:district:nagykata,served_by,true
2768,hu:district:cegled,served_by,true
2769,hu:district:cegled,served_by,true
2800,hu:district:tatabanya,served_by,true
2821,hu:district:tatabanya,served_by,true
2822,hu:district:tatabanya,served_by,true
2823,hu:district:tatabanya,served_by,true
2824,hu:district:tatabanya,served_by,true
2831,hu:district:tatabanya,served_by,true
2832,hu:district:tatabanya,served_by,true
2833,hu:district:tata,served_by,true
2834,hu:district:tata,served_by,true
2835,hu:district:tata,served_by,true
2836,hu:district:tata,served_by,true
2837,hu:district:tatabanya,served_by,true
2840,hu:district:oroszlany,served_by,true
2851,hu:district:tatabanya,served_by,true
2852,hu:district:oroszlany,served_by,true
2853,hu:district:oroszlany,served_by,true
2854,hu:district:oroszlany,served_by,true
2855,hu:district:oroszlany,served_by,true
2856,hu:district:oroszlany,served_by,true
2858,hu:district:kisber,served_by,true
2859,hu:district:kisber,served_by,true
2861,hu:district:kisber,served_by,true
2862,hu:district:kisber,served_by,true
2870,hu:district:kisber,served_by,true
2879,hu:district:kisber,served_by,true
2881,hu:district:kisber,served_by,true
2882,hu:district:kisber,served_by,true
2883,hu:district:kisber,served_by,true
2884,hu:district:kisber,served_by,true
2885,hu:district:kisber,served_by,true
2886,hu:district:kisber,served_by,true
2887,hu:district:kisber,served_by,true
2888,hu:district:kisber,served_by,true
2889,hu:district:kisber,served_by,true
2890,hu:district:tata,served_by,true
2896,hu:district:tata,served_by,true
2897,hu:district:tata,served_by,true
2898,hu:district:tata,served_by,true
2899,hu:district:tata,served_by,true
2900,hu:district:komarom,served_by,true
2903,hu:district:komarom,served_by,true
2911,hu:district:komarom,served_by,true
2921,hu:district:komarom,served_by,true
2931,hu:district:komarom,served_by,true
2941,hu:district:komarom,served_by,true
2942,hu:district:komarom,served_by,true
2943,hu:district:komarom,served_by,true
2943,hu:district:kisber,served_by,false
2944,hu:district:komarom,served_by,true
2945,hu:district:kisber,served_by,true
2946,hu:district:kisber,served_by,true
2947,hu:district:kisber,served_by,true
2948,hu:district:komarom,served_by,true
2949,hu:district:komarom,served_by,true
3000,hu:district:hatvan,served_by,true
3009,hu:district:hatvan,served_by,true
3011,hu:district:hatvan,served_by,true
3012,hu:district:hatvan,served_by,true
3013,hu:district:hatvan,served_by,true
3014,hu:district:hatvan,served_by,true
3015,hu:district:hatvan,served_by,true
3016,hu:district:hatvan,served_by,true
3021,hu:district:hatvan,served_by,true
3022,hu:district:hatvan,served_by,true
3023,hu:district:hatvan,served_by,true
3024,hu:district:hatvan,served_by,true
3031,hu:district:hatvan,served_by,true
3032,hu:district:hatvan,served_by,true
3033,hu:district:hatvan,served_by,true
3034,hu:district:hatvan,served_by,true
3035,hu:district:gyongyos,served_by,true
3036,hu:district:gyongyos,served_by,true
3041,hu:district:paszto,served_by,true
3042,hu:district:paszto,served_by,true
3043,hu:district:paszto,served_by,true
3044,hu:district:paszto,served_by,true
3045,hu:district:paszto,served_by,true
3046,hu:district:paszto,served_by,true
3047,hu:district:paszto,served_by,true
3051,hu:district:paszto,served_by,true
3052,hu:district:paszto,served_by,true
3053,hu:district:paszto,served_by,true
3060,hu:district:paszto,served_by,true
3063,hu:district:paszto,served_by,true
3064,hu:district:paszto,served_by,true
3065,hu:district:paszto,served_by,true
3066,hu:district:paszto,served_by,true
3067,hu:district:paszto,served_by,true
3068,hu:district:paszto,served_by,true
3069,hu:district:paszto,served_by,true
3070,hu:district:batonyterenye,served_by,true
3073,hu:district:paszto,served_by,true
3074,hu:district:salgotarjan,served_by,true
3075,hu:district:salgotarjan,served_by,true
3077,hu:district:batonyterenye,served_by,true
3078,hu:district:batonyterenye,served_by,true
3082,hu:district:paszto,served_by,true
3100,hu:district:salgotarjan,served_by,true
3102,hu:district:salgotarjan,served_by,true
3104,hu:district:salgotarjan,served_by,true
3109,hu:district:salgotarjan,served_by,true
3121,hu:district:salgotarjan,served_by,true
3123,hu:district:salgotarjan,served_by,true
3124,hu:district:salgotarjan,served_by,true
3125,hu:district:salgotarjan,served_by,true
3126,hu:district:salgotarjan,served_by,true
3127,hu:district:salgotarjan,served_by,true
3128,hu:district:salgotarjan,served_by,true
3129,hu:district:salgotarjan,served_by,true
3131,hu:district:salgotarjan,served_by,true
3132,hu:district:szecseny,served_by,true
3133,hu:district:szecseny,served_by,true
3134,hu:district:szecseny,served_by,true
3135,hu:district:szecseny,served_by,true
3136,hu:district:salgotarjan,served_by,true
3137,hu:district:salgotarjan,served_by,true
3138,hu:district:salgotarjan,served_by,true
3141,hu:district:salgotarjan,served_by,true
3142,hu:district:salgotarjan,served_by,true
3143,hu:district:batonyterenye,served_by,true
3144,hu:district:batonyterenye,served_by,true
3145,hu:district:batonyterenye,served_by,true
3146,hu:district:batonyterenye,served_by,true
3147,hu:district:salgotarjan,served_by,true
3151,hu:district:salgotarjan,served_by,true
3152,hu:district:batonyterenye,served_by,true
3153,hu:district:batonyterenye,served_by,true
3154,hu:district:batonyterenye,served_by,true
3155,hu:district:batonyterenye,served_by,true
3161,hu:district:salgotarjan,served_by,true
3162,hu:district:salgotarjan,served_by,true
3163,hu:district:salgotarjan,served_by,true
3163,hu:district:szecseny,served_by,false
3165,hu:district:szecseny,served_by,true
3170,hu:district:szecseny,served_by,true
3175,hu:district:szecseny,served_by,true
3176,hu:district:szecseny,served_by,true
3177,hu:district:szecseny,served_by,true
3178,hu:district:szecseny,served_by,true
3179,hu:district:szecseny,served_by,true
3181,hu:district:salgotarjan,served_by,true
3182,hu:district:salgotarjan,served_by,true
3183,hu:district:salgotarjan,served_by,true
3184,hu:district:salgotarjan,served_by,true
3185,hu:district:salgotarjan,served_by,true
3186,hu:district:salgotarjan,served_by,true
3187,hu:district:szecseny,served_by,true
3188,hu:district:szecseny,served_by,true
3200,hu:district:gyongyos,served_by,true
3211,hu:district:gyongyos,served_by,true
3212,hu:district:gyongyos,served_by,true
3213,hu:district:gyongyos,served_by,true
3214,hu:district:gyongyos,served_by,true
3221,hu:district:gyongyos,served_by,true
3231,hu:district:gyongyos,served_by,true
3232,hu:district:gyongyos,served_by,true
3233,hu:district:gyongyos,served_by,true
3234,hu:district:gyongyos,served_by,true
3235,hu:district:gyongyos,served_by,true
3240,hu:district:petervasara,served_by,true
3242,hu:district:petervasara,served_by,true
3243,hu:district:petervasara,served_by,true
3245,hu:district:petervasara,served_by,true
3246,hu:district:petervasara,served_by,true
3247,hu:district:petervasara,served_by,true
3248,hu:district:petervasara,served_by,true
3250,hu:district:petervasara,served_by,true
3252,hu:district:petervasara,served_by,true
3253,hu:district:petervasara,served_by,true
3254,hu:district:petervasara,served_by,true
3255,hu:district:petervasara,served_by,true
3256,hu:district:petervasara,served_by,true
3257,hu:district:petervasara,served_by,true
3258,hu:district:petervasara,served_by,true
3259,hu:district:petervasara,served_by,true
3261,hu:district:gyongyos,served_by,true
3262,hu:district:gyongyos,served_by,true
3263,hu:district:gyongyos,served_by,true
3264,hu:district:gyongyos,served_by,true
3265,hu:district:gyongyos,served_by,true
3271,hu:district:gyongyos,served_by,true
3272,hu:district:gyongyos,served_by,true
3273,hu:district:gyongyos,served_by,true
3274,hu:district:gyongyos,served_by,true
3275,hu:district:gyongyos,served_by,true
3281,hu:district:gyongyos,served_by,true
3282,hu:district:gyongyos,served_by,true
3283,hu:district:heves,served_by,true
3284,hu:district:heves,served_by,true
3291,hu:district:gyongyos,served_by,true
3292,hu:district:gyongyos,served_by,true
3293,hu:district:gyongyos,served_by,true
3294,hu:district:heves,served_by,true
3295,hu:district:heves,served_by,true
3296,hu:district:heves,served_by,true
3300,hu:district:eger,served_by,true
3321,hu:district:eger,served_by,true
3322,hu:district:eger,served_by,true
3323,hu:district:eger,served_by,true
3324,hu:district:eger,served_by,true
3325,hu:district:eger,served_by,true
3326,hu:district:eger,served_by,true
3327,hu:district:eger,served_by,true
3328,hu:district:eger,served_by,true
3331,hu:district:eger,served_by,true
3332,hu:district:petervasara,served_by,true
3333,hu:district:petervasara,served_by,true
3334,hu:district:petervasara,served_by,true
3335,hu:district:petervasara,served_by,true
3336,hu:district:eger,served_by,true
3337,hu:district:eger,served_by,true
3341,hu:district:eger,served_by,true
3343,hu:district:belapatfalva,served_by,true
3344,hu:district:belapatfalva,served_by,true
3345,hu:district:belapatfalva,served_by,true
3346,hu:district:belapatfalva,served_by,true
3347,hu:district:belapatfalva,served_by,true
3348,hu:district:belapatfalva,served_by,true
3349,hu:district:belapatfalva,served_by,true
3350,hu:district:fuzesabony,served_by,true
3351,hu:district:eger,served_by,true
3352,hu:district:eger,served_by,true
3353,hu:district:fuzesabony,served_by,true
3354,hu:district:fuzesabony,served_by,true
3355,hu:district:fuzesabony,served_by,true
3356,hu:district:fuzesabony,served_by,true
3357,hu:district:fuzesabony,served_by,true
3358,hu:district:heves,served_by,true
3359,hu:district:heves,served_by,true
3360,hu:district:heves,served_by,true
3368,hu:district:heves,served_by,true
3369,hu:district:heves,served_by,true
3371,hu:district:heves,served_by,true
3372,hu:district:heves,served_by,true
3373,hu:district:fuzesabony,served_by,true
3374,hu:district:fuzesabony,served_by,true
3375,hu:district:fuzesabony,served_by,true
3377,hu:district:fuzesabony,served_by,true
3378,hu:district:fuzesabony,served_by,true
3379,hu:district:fuzesabony,served_by,true
3381,hu:district:heves,served_by,true
3382,hu:district:heves,served_by,true
3383,hu:district:heves,served_by,true
3384,hu:district:heves,served_by,true
3385,hu:district:heves,served_by,true
3386,hu:district:fuzesabony,served_by,true
3387,hu:district:fuzesabony,served_by,true
3388,hu:district:fuzesabony,served_by,true
3390,hu:district:fuzesabony,served_by,true
3394,hu:district:eger,served_by,true
3395,hu:district:eger,served_by,true
3396,hu:district:eger,served_by,true
3397,hu:district:eger,served_by,true
3398,hu:district:eger,served_by,true
3399,hu:district:eger,served_by,true
3400,hu:district:mezokovesd,served_by,true
3411,hu:district:mezokovesd,served_by,true
3412,hu:district:mezokovesd,served_by,true
3413,hu:district:mezokovesd,served_by,true
3414,hu:district:mezokovesd,served_by,true
3416,hu:district:mezokovesd,served_by,true
3417,hu:district:mezokovesd,served_by,true
3418,hu:district:mezokovesd,served_by,true
3421,hu:district:mezokovesd,served_by,true
3422,hu:district:mezokovesd,served_by,true
3423,hu:district:mezokovesd,served_by,true
3424,hu:district:mezokovesd,served_by,true
3425,hu:district:mezokovesd,served_by,true
3426,hu:district:mezokovesd,served_by,true
3431,hu:district:mezokovesd,served_by,true
3432,hu:district:miskolc,served_by,true
3433,hu:district:miskolc,served_by,true
3434,hu:district:miskolc,served_by,true
3441,hu:district:mezokovesd,served_by,true
3442,hu:district:mezokovesd,served_by,true
3443,hu:district:mezokovesd,served_by,true
3444,hu:district:mezocsat,served_by,true
3450,hu:district:mezocsat,served_by,true
3458,hu:district:mezocsat,served_by,true
3459,hu:district:mezocsat,served_by,true
3461,hu:district:mezokovesd,served_by,true
3462,hu:district:mezokovesd,served_by,true
3463,hu:district:mezokovesd,served_by,true
3464,hu:district:mezokovesd,served_by,true
3465,hu:district:mezokovesd,served_by,true
3466,hu:district:mezocsat,served_by,true
3467,hu:district:mezocsat,served_by,true
3500,hu:district:miskolc,served_by,true
3501,hu:district:miskolc,served_by,true
3508,hu:district:miskolc,served_by,true
3515,hu:district:miskolc,served_by,true
3516,hu:district:miskolc,served_by,true
3517,hu:district:miskolc,served_by,true
3518,hu:district:miskolc,served_by,true
3519,hu:district:miskolc,served_by,true
3521,hu:district:miskolc,served_by,true
3524,hu:district:miskolc,served_by,true
3525,hu:district:miskolc,served_by,true
3526,hu:district:miskolc,served_by,true
3527,hu:district:miskolc,served_by,true
3528,hu:district:miskolc,served_by,true
3529,hu:district:miskolc,served_by,true
3530,hu:district:miskolc,served_by,true
3531,hu:district:miskolc,served_by,true
3532,hu:district:miskolc,served_by,true
3533,hu:district:miskolc,served_by,true
3534,hu:district:miskolc,served_by,true
3535,hu:district:miskolc,served_by,true
3551,hu:district:miskolc,served_by,true
3552,hu:district:tiszaujvaros,served_by,true
3553,hu:district:miskolc,served_by,true
3554,hu:district:miskolc,served_by,true
3555,hu:district:miskolc,served_by,true
3556,hu:district:miskolc,served_by,true
3557,hu:district:miskolc,served_by,true
3558,hu:district:miskolc,served_by,true
3559,hu:district:miskolc,served_by,true
3561,hu:district:miskolc,served_by,true
3562,hu:district:miskolc,served_by,true
3563,hu:district:miskolc,served_by,true
3564,hu:district:miskolc,served_by,true
3565,hu:district:szerencs,served_by,true
3571,hu:district:miskolc,served_by,true
3572,hu:district:miskolc,served_by,true
3573,hu:district:miskolc,served_by,true
3574,hu:district:miskolc,served_by,true
3575,hu:district:miskolc,served_by,true
3576,hu:district:miskolc,served_by,true
3577,hu:district:miskolc,served_by,true
3578,hu:district:tiszaujvaros,served_by,true
3579,hu:district:tiszaujvaros,served_by,true
3580,hu:district:tiszaujvaros,served_by,true
3586,hu:district:tiszaujvaros,served_by,true
3587,hu:district:tiszaujvaros,served_by,true
3588,hu:district:tiszaujvaros,served_by,true
3589,hu:district:mezocsat,served_by,true
3591,hu:district:tiszaujvaros,served_by,true
3592,hu:district:tiszaujvaros,served_by,true
3593,hu:district:tiszaujvaros,served_by,true
3594,hu:district:mezocsat,served_by,true
3595,hu:district:tiszaujvaros,served_by,true
3596,hu:district:tiszaujvaros,served_by,true
3597,hu:district:tiszaujvaros,served_by,true
3598,hu:district:tiszaujvaros,served_by,true
3599,hu:district:tiszaujvaros,served_by,true
3600,hu:district:ozd,served_by,true
3604,hu:district:ozd,served_by,true
3608,hu:district:ozd,served_by,true
3621,hu:district:ozd,served_by,true
3622,hu:district:ozd,served_by,true
3623,hu:district:ozd,served_by,true
3625,hu:district:ozd,served_by,true
3626,hu:district:ozd,served_by,true
3627,hu:district:ozd,served_by,true
3630,hu:district:putnok,served_by,true
3635,hu:district:putnok,served_by,true
3636,hu:district:kazincbarcika,served_by,true
3641,hu:district:kazincbarcika,served_by,true
3642,hu:district:kazincbarcika,served_by,true
3643,hu:district:kazincbarcika,served_by,true
3644,hu:district:kazincbarcika,served_by,true
3645,hu:district:kazincbarcika,served_by,true
3646,hu:district:ozd,served_by,true
3647,hu:district:ozd,served_by,true
3648,hu:district:ozd,served_by,true
3651,hu:district:ozd,served_by,true
3652,hu:district:putnok,served_by,true
3653,hu:district:putnok,served_by,true
3654,hu:district:putnok,served_by,true
3655,hu:district:putnok,served_by,true
3656,hu:district:putnok,served_by,true
3657,hu:district:putnok,served_by,true
3658,hu:district:ozd,served_by,true
3659,hu:district:ozd,served_by,true
3661,hu:district:ozd,served_by,true
3662,hu:district:ozd,served_by,true
3663,hu:district:ozd,served_by,true
3664,hu:district:ozd,served_by,true
3671,hu:district:ozd,served_by,true
3672,hu:district:ozd,served_by,true
3700,hu:district:kazincbarcika,served_by,true
3704,hu:district:kazincbarcika,served_by,true
3711,hu:district:miskolc,served_by,true
3712,hu:district:miskolc,served_by,true
3713,hu:district:miskolc,served_by,true
3714,hu:district:miskolc,served_by,true
3715,hu:district:miskolc,served_by,true
3716,hu:district:miskolc,served_by,true
3717,hu:district:szerencs,served_by,true
3718,hu:district:szerencs,served_by,true
3720,hu:district:kazincbarcika,served_by,true
3721,hu:district:putnok,served_by,true
3722,hu:district:putnok,served_by,true
3723,hu:district:putnok,served_by,true
3724,hu:district:putnok,served_by,true
3725,hu:district:putnok,served_by,true
3726,hu:district:putnok,served_by,true
3728,hu:district:putnok,served_by,true
3729,hu:district:putnok,served_by,true
3731,hu:district:kazincbarcika,served_by,true
3732,hu:district:kazincbarcika,served_by,true
3733,hu:district:kazincbarcika,served_by,true
3734,hu:district:edeleny,served_by,true
3735,hu:district:kazincbarcika,served_by,true
3735,hu:district:putnok,served_by,false
3741,hu:district:kazincbarcika,served_by,true
3742,hu:district:kazincbarcika,served_by,true
3743,hu:district:kazincbarcika,served_by,true
3744,hu:district:kazincbarcika,served_by,true
3751,hu:district:edeleny,served_by,true
3752,hu:district:edeleny,served_by,true
3753,hu:district:edeleny,served_by,true
3754,hu:district:edeleny,served_by,true
3755,hu:district:edeleny,served_by,true
3756,hu:district:edeleny,served_by,true
3757,hu:district:edeleny,served_by,true
3758,hu:district:putnok,served_by,true
3759,hu:district:putnok,served_by,true
3761,hu:district:edeleny,served_by,true
3762,hu:district:edeleny,served_by,true
3763,hu:district:edeleny,served_by,true
3764,hu:district:edeleny,served_by,true
3765,hu:district:edeleny,served_by,true
3767,hu:district:edeleny,served_by,true
3768,hu:district:edeleny,served_by,true
3769,hu:district:edeleny,served_by,true
3770,hu:district:kazincbarcika,served_by,true
3773,hu:district:miskolc,served_by,true
3775,hu:district:miskolc,served_by,true
3776,hu:district:miskolc,served_by,true
3777,hu:district:miskolc,served_by,true
3778,hu:district:miskolc,served_by,true
3779,hu:district:kazincbarcika,served_by,true
3780,hu:district:edeleny,served_by,true
3783,hu:district:edeleny,served_by,true
3786,hu:district:edeleny,served_by,true
3787,hu:district:edeleny,served_by,true
3791,hu:district:miskolc,served_by,true
3792,hu:district:miskolc,served_by,true
3793,hu:district:miskolc,served_by,true
3794,hu:district:edeleny,served_by,true
3795,hu:district:edeleny,served_by,true
3796,hu:district:edeleny,served_by,true
3800,hu:district:szikszo,served_by,true
3809,hu:district:szikszo,served_by,true
3811,hu:district:szikszo,served_by,true
3812,hu:district:szikszo,served_by,true
3813,hu:district:szikszo,served_by,true
3814,hu:district:szikszo,served_by,true
3815,hu:district:szikszo,served_by,true
3816,hu:district:szikszo,served_by,true
3817,hu:district:szikszo,served_by,true
3821,hu:district:encs,served_by,true
3821,hu:district:szikszo,served_by,false
3825,hu:district:edeleny,served_by,true
3826,hu:district:edeleny,served_by,true
3831,hu:district:szikszo,served_by,true
3832,hu:district:szikszo,served_by,true
3833,hu:district:szikszo,served_by,true
3834,hu:district:encs,served_by,true
3836,hu:district:encs,served_by,true
3837,hu:district:encs,served_by,true
3841,hu:district:szikszo,served_by,true
3842,hu:district:szikszo,served_by,true
3843,hu:district:szikszo,served_by,true
3844,hu:district:szikszo,served_by,true
3846,hu:district:szikszo,served_by,true
3847,hu:district:gonc,served_by,true
3848,hu:district:encs,served_by,true
3849,hu:district:encs,served_by,true
3851,hu:district:encs,served_by,true
3852,hu:district:encs,served_by,true
3853,hu:district:gonc,served_by,true
3854,hu:district:gonc,served_by,true
3855,hu:district:encs,served_by,true
3860,hu:district:encs,served_by,true
3863,hu:district:encs,served_by,true
3864,hu:district:encs,served_by,true
3865,hu:district:encs,served_by,true
3866,hu:district:encs,served_by,true
3871,hu:district:encs,served_by,true
3872,hu:district:encs,served_by,true
3873,hu:district:encs,served_by,true
3874,hu:district:encs,served_by,true
3875,hu:district:gonc,served_by,true
3876,hu:district:gonc,served_by,true
3877,hu:district:gonc,served_by,true
3881,hu:district:gonc,served_by,true
3882,hu:district:gonc,served_by,true
3884,hu:district:gonc,served_by,true
3885,hu:district:gonc,served_by,true
3886,hu:district:gonc,served_by,true
3887,hu:district:gonc,served_by,true
3888,hu:district:gonc,served_by,true
3891,hu:district:gonc,served_by,true
3892,hu:district:gonc,served_by,true
3893,hu:district:gonc,served_by,true
3894,hu:district:gonc,served_by,true
3895,hu:district:gonc,served_by,true
3896,hu:district:gonc,served_by,true
3897,hu:district:gonc,served_by,true
3898,hu:district:gonc,served_by,true
3899,hu:district:gonc,served_by,true
3900,hu:district:szerencs,served_by,true
3902,hu:district:szerencs,served_by,true
3903,hu:district:szerencs,served_by,true
3904,hu:district:szerencs,served_by,true
3905,hu:district:szerencs,served_by,true
3906,hu:district:szerencs,served_by,true
3907,hu:district:szerencs,served_by,true
3908,hu:district:szerencs,served_by,true
3909,hu:district:szerencs,served_by,true
3910,hu:district:tokaj,served_by,true
3915,hu:district:tokaj,served_by,true
3916,hu:district:tokaj,served_by,true
3917,hu:district:tokaj,served_by,true
3918,hu:district:tokaj,served_by,true
3921,hu:district:szerencs,served_by,true
3922,hu:district:szerencs,served_by,true
3923,hu:district:miskolc,served_by,true
3924,hu:district:szerencs,served_by,true
3925,hu:district:szerencs,served_by,true
3926,hu:district:tokaj,served_by,true
3927,hu:district:tokaj,served_by,true
3928,hu:district:tokaj,served_by,true
3929,hu:district:tokaj,served_by,true
3931,hu:district:szerencs,served_by,true
3932,hu:district:tokaj,served_by,true
3933,hu:district:sarospatak,served_by,true
3934,hu:district:sarospatak,served_by,true
3935,hu:district:sarospatak,served_by,true
3936,hu:district:sarospatak,served_by,true
3937,hu:district:sarospatak,served_by,true
3941,hu:district:sarospatak,served_by,true
3942,hu:district:sarospatak,served_by,true
3943,hu:district:sarospatak,served_by,true
3944,hu:district:satoraljaujhely,served_by,true
3945,hu:district:satoraljaujhely,served_by,true
3950,hu:district:sarospatak,served_by,true
3954,hu:district:sarospatak,served_by,true
3955,hu:district:sarospatak,served_by,true
3956,hu:district:sarospatak,served_by,true
3957,hu:district:sarospatak,served_by,true
3958,hu:district:sarospatak,served_by,true
3959,hu:district:sarospatak,served_by,true
3961,hu:district:sarospatak,served_by,true
3962,hu:district:cigand,served_by,true
3963,hu:district:cigand,served_by,true
3964,hu:district:cigand,served_by,true
3965,hu:district:cigand,served_by,true
3967,hu:district:cigand,served_by,true
3971,hu:district:cigand,served_by,true
3972,hu:district:cigand,served_by,true
3973,hu:district:cigand,served_by,true
3974,hu:district:cigand,served_by,true
3976,hu:district:cigand,served_by,true
3977,hu:district:cigand,served_by,true
3978,hu:district:cigand,served_by,true
3980,hu:district:satoraljaujhely,served_by,true
3985,hu:district:satoraljaujhely,served_by,true
3987,hu:district:cigand,served_by,true
3988,hu:district:satoraljaujhely,served_by,true
3989,hu:district:satoraljaujhely,served_by,true
3991,hu:district:satoraljaujhely,served_by,true
3992,hu:district:satoraljaujhely,served_by,true
3993,hu:district:satoraljaujhely,served_by,true
3994,hu:district:satoraljaujhely,served_by,true
3995,hu:district:satoraljaujhely,served_by,true
3996,hu:district:satoraljaujhely,served_by,true
3997,hu:district:satoraljaujhely,served_by,true
3998,hu:district:satoraljaujhely,served_by,true
3999,hu:district:satoraljaujhely,served_by,true
4000,hu:district:debrecen,served_by,true
4002,hu:district:debrecen,served_by,true
4024,hu:district:debrecen,served_by,true
4025,hu:district:debrecen,served_by,true
4026,hu:district:debrecen,served_by,true
4027,hu:district:debrecen,served_by,true
4028,hu:district:debrecen,served_by,true
4029,hu:district:debrecen,served_by,true
4030,hu:district:debrecen,served_by,true
4031,hu:district:debrecen,served_by,true
4032,hu:district:debrecen,served_by,true
4033,hu:district:debrecen,served_by,true
4034,hu:district:debrecen,served_by,true
4042,hu:district:debrecen,served_by,true
4060,hu:district:balmazujvaros,served_by,true
4063,hu:district:debrecen,served_by,true
4064,hu:district:hajduszoboszlo,served_by,true
4065,hu:district:balmazujvaros,served_by,true
4066,hu:district:balmazujvaros,served_by,true
4067,hu:district:balmazujvaros,served_by,true
4069,hu:district:balmazujvaros,served_by,true
4071,hu:district:balmazujvaros,served_by,true
4074,hu:district:hajduboszormeny,served_by,true
4075,hu:district:hajdunanas,served_by,true
4078,hu:district:debrecen,served_by,true
4079,hu:district:debrecen,served_by,true
4080,hu:district:hajdunanas,served_by,true
4085,hu:district:hajdunanas,served_by,true
4086,hu:district:hajduboszormeny,served_by,true
4087,hu:district:hajduboszormeny,served_by,true
4090,hu:district:hajdunanas,served_by,true
4095,hu:district:hajdunanas,served_by,true
4096,hu:district:hajdunanas,served_by,true
4097,hu:district:hajdunanas,served_by,true
4100,hu:district:berettyoujfalu,served_by,true
4110,hu:district:berettyoujfalu,served_by,true
4114,hu:district:berettyoujfalu,served_by,true
4115,hu:district:berettyoujfalu,served_by,true
4116,hu:district:berettyoujfalu,served_by,true
4117,hu:district:berettyoujfalu,served_by,true
4118,hu:district:berettyoujfalu,served_by,true
4119,hu:district:berettyoujfalu,served_by,true
4121,hu:district:berettyoujfalu,served_by,true
4122,hu:district:berettyoujfalu,served_by,true
4123,hu:district:berettyoujfalu,served_by,true
4124,hu:district:derecske,served_by,true
4125,hu:district:derecske,served_by,true
4126,hu:district:derecske,served_by,true
4127,hu:district:berettyoujfalu,served_by,true
4128,hu:district:berettyoujfalu,served_by,true
4130,hu:district:derecske,served_by,true
4132,hu:district:derecske,served_by,true
4133,hu:district:derecske,served_by,true
4134,hu:district:berettyoujfalu,served_by,true
4135,hu:district:berettyoujfalu,served_by,true
4136,hu:district:berettyoujfalu,served_by,true
4137,hu:district:berettyoujfalu,served_by,true
4138,hu:district:berettyoujfalu,served_by,true
4141,hu:district:berettyoujfalu,served_by,true
4142,hu:district:berettyoujfalu,served_by,true
4143,hu:district:berettyoujfalu,served_by,true
4144,hu:district:berettyoujfalu,served_by,true
4145,hu:district:berettyoujfalu,served_by,true
4146,hu:district:berettyoujfalu,served_by,true
4150,hu:district:puspokladany,served_by,true
4161,hu:district:puspokladany,served_by,true
4162,hu:district:puspokladany,served_by,true
4163,hu:district:puspokladany,served_by,true
4164,hu:district:berettyoujfalu,served_by,true
4171,hu:district:puspokladany,served_by,true
4172,hu:district:puspokladany,served_by,true
4173,hu:district:puspokladany,served_by,true
4174,hu:district:puspokladany,served_by,true
4175,hu:district:puspokladany,served_by,true
4176,hu:district:puspokladany,served_by,true
4177,hu:district:puspokladany,served_by,true
4181,hu:district:hajduszoboszlo,served_by,true
4183,hu:district:puspokladany,served_by,true
4184,hu:district:puspokladany,served_by,true
4200,hu:district:hajduszoboszlo,served_by,true
4211,hu:district:hajduszoboszlo,served_by,true
4212,hu:district:hajduszoboszlo,served_by,true
4220,hu:district:hajduboszormeny,served_by,true
4224,hu:district:hajduboszormeny,served_by,true
4225,hu:district:debrecen,served_by,true
4231,hu:district:nagykallo,served_by,true
4232,hu:district:nagykallo,served_by,true
4233,hu:district:nagykallo,served_by,true
4234,hu:district:nagykallo,served_by,true
4235,hu:district:nagykallo,served_by,true
4241,hu:district:hajduhadhaz,served_by,true
4242,hu:district:hajduhadhaz,served_by,true
4243,hu:district:hajduhadhaz,served_by,true
4244,hu:district:nyiregyhaza,served_by,true
4245,hu:district:nagykallo,served_by,true
4246,hu:district:nyiregyhaza,served_by,true
4251,hu:district:debrecen,served_by,true
4252,hu:district:nyiradony,served_by,true
4253,hu:district:nyiradony,served_by,true
4254,hu:district:nyiradony,served_by,true
4262,hu:district:nyiradony,served_by,true
4263,hu:district:nyiradony,served_by,true
4264,hu:district:nyiradony,served_by,true
4266,hu:district:nyiradony,served_by,true
4267,hu:district:nyirbator,served_by,true
4271,hu:district:derecske,served_by,true
4272,hu:district:derecske,served_by,true
4273,hu:district:derecske,served_by,true
4274,hu:district:derecske,served_by,true
4275,hu:district:derecske,served_by,true
4281,hu:district:derecske,served_by,true
4283,hu:district:derecske,served_by,true
4284,hu:district:derecske,served_by,true
4285,hu:district:nyiradony,served_by,true
4286,hu:district:nyiradony,served_by,true
4287,hu:district:nyiradony,served_by,true
4288,hu:district:nyiradony,served_by,true
4300,hu:district:nyirbator,served_by,true
4311,hu:district:nyirbator,served_by,true
4320,hu:district:nagykallo,served_by,true
4324,hu:district:nagykallo,served_by,true
4325,hu:district:nyirbator,served_by,true
4326,hu:district:nyirbator,served_by,true
4327,hu:district:nyirbator,served_by,true
4331,hu:district:nyirbator,served_by,true
4332,hu:district:nyirbator,served_by,true
4333,hu:district:mateszalka,served_by,true
4334,hu:district:mateszalka,served_by,true
4335,hu:district:mateszalka,served_by,true
4336,hu:district:mateszalka,served_by,true
4337,hu:district:mateszalka,served_by,true
4338,hu:district:mateszalka,served_by,true
4341,hu:district:nyirbator,served_by,true
4342,hu:district:nyirbator,served_by,true
4343,hu:district:nyirbator,served_by,true
4351,hu:district:mateszalka,served_by,true
4352,hu:district:mateszalka,served_by,true
4353,hu:district:mateszalka,served_by,true
4354,hu:district:mateszalka,served_by,true
4355,hu:district:mateszalka,served_by,true
4356,hu:district:mateszalka,served_by,true
4361,hu:district:nyirbator,served_by,true
4362,hu:district:nyirbator,served_by,true
4363,hu:district:nyirbator,served_by,true
4371,hu:district:nyirbator,served_by,true
4372,hu:district:nyirbator,served_by,true
4373,hu:district:nyirbator,served_by,true
4374,hu:district:nyirbator,served_by,true
4375,hu:district:nyirbator,served_by,true
4376,hu:district:nyirbator,served_by,true
4400,hu:district:nyiregyhaza,served_by,true
4405,hu:district:nyiregyhaza,served_by,true
4431,hu:district:nyiregyhaza,served_by,true
4432,hu:district:nyiregyhaza,served_by,true
4433,hu:district:nyiregyhaza,served_by,true
4434,hu:district:nyiregyhaza,served_by,true
4440,hu:district:tiszavasvari,served_by,true
4441,hu:district:tiszavasvari,served_by,true
4445,hu:district:nyiregyhaza,served_by,true
4446,hu:district:tiszavasvari,served_by,true
4447,hu:district:tiszavasvari,served_by,true
4450,hu:district:tiszavasvari,served_by,true
4455,hu:district:tiszavasvari,served_by,true
4456,hu:district:tiszavasvari,served_by,true
4461,hu:district:nyiregyhaza,served_by,true
4463,hu:district:nyiregyhaza,served_by,true
4464,hu:district:tiszavasvari,served_by,true
4465,hu:district:nyiregyhaza,served_by,true
4466,hu:district:nyiregyhaza,served_by,true
4467,hu:district:nyiregyhaza,served_by,true
4468,hu:district:ibrany,served_by,true
4471,hu:district:ibrany,served_by,true
4472,hu:district:ibrany,served_by,true
4474,hu:district:ibrany,served_by,true
4475,hu:district:ibrany,served_by,true
4481,hu:district:nyiregyhaza,served_by,true
4482,hu:district:nyiregyhaza,served_by,true
4483,hu:district:ibrany,served_by,true
4484,hu:district:ibrany,served_by,true
4485,hu:district:ibrany,served_by,true
4486,hu:district:ibrany,served_by,true
4487,hu:district:ibrany,served_by,true
4488,hu:district:kemecse,served_by,true
4491,hu:district:kisvarda,served_by,true
4492,hu:district:kisvarda,served_by,true
4493,hu:district:kisvarda,served_by,true
4494,hu:district:kisvarda,served_by,true
4495,hu:district:kisvarda,served_by,true
4496,hu:district:kisvarda,served_by,true
4501,hu:district:kemecse,served_by,true
4502,hu:district:kemecse,served_by,true
4503,hu:district:kemecse,served_by,true
4511,hu:district:kemecse,served_by,true
4515,hu:district:kemecse,served_by,true
4516,hu:district:kemecse,served_by,true
4517,hu:district:kemecse,served_by,true
4521,hu:district:kemecse,served_by,true
4522,hu:district:kisvarda,served_by,true
4523,hu:district:kisvarda,served_by,true
4524,hu:district:kisvarda,served_by,true
4525,hu:district:kisvarda,served_by,true
4531,hu:district:nyiregyhaza,served_by,true
4532,hu:district:nyiregyhaza,served_by,true
4533,hu:district:nyiregyhaza,served_by,true
4534,hu:district:kemecse,served_by,true
4535,hu:district:baktaloranthaza,served_by,true
4536,hu:district:baktaloranthaza,served_by,true
4537,hu:district:baktaloranthaza,served_by,true
4541,hu:district:baktaloranthaza,served_by,true
4542,hu:district:baktaloranthaza,served_by,true
4543,hu:district:baktaloranthaza,served_by,true
4544,hu:district:kisvarda,served_by,true
4545,hu:district:kisvarda,served_by,true
4546,hu:district:kisvarda,served_by,true
4547,hu:district:kisvarda,served_by,true
4551,hu:district:nyiregyhaza,served_by,true
4552,hu:district:nyiregyhaza,served_by,true
4553,hu:district:nyiregyhaza,served_by,true
4554,hu:district:kemecse,served_by,true
4555,hu:district:baktaloranthaza,served_by,true
4556,hu:district:baktaloranthaza,served_by,true
4557,hu:district:baktaloranthaza,served_by,true
4558,hu:district:baktaloranthaza,served_by,true
4561,hu:district:baktaloranthaza,served_by,true
4562,hu:district:mateszalka,served_by,true
4563,hu:district:baktaloranthaza,served_by,true
4564,hu:district:vasarosnameny,served_by,true
4565,hu:district:vasarosnameny,served_by,true
4566,hu:district:vasarosnameny,served_by,true
4567,hu:district:vasarosnameny,served_by,true
4600,hu:district:kisvarda,served_by,true
4611,hu:district:kisvarda,served_by,true
4621,hu:district:kisvarda,served_by,true
4622,hu:district:zahony,served_by,true
4623,hu:district:zahony,served_by,true
4624,hu:district:zahony,served_by,true
4625,hu:district:zahony,served_by,true
4627,hu:district:zahony,served_by,true
4628,hu:district:zahony,served_by,true
4631,hu:district:kisvarda,served_by,true
4632,hu:district:kisvarda,served_by,true
4633,hu:district:kisvarda,served_by,true
4634,hu:district:vasarosnameny,served_by,true
4635,hu:district:kisvarda,served_by,true
4641,hu:district:kisvarda,served_by,true
4642,hu:district:kisvarda,served_by,true
4643,hu:district:zahony,served_by,true
4644,hu:district:zahony,served_by,true
4645,hu:district:zahony,served_by,true
4646,hu:district:zahony,served_by,true
4700,hu:district:mateszalka,served_by,true
4721,hu:district:mateszalka,served_by,true
4722,hu:district:mateszalka,served_by,true
4731,hu:district:fehergyarmat,served_by,true
4732,hu:district:fehergyarmat,served_by,true
4733,hu:district:fehergyarmat,served_by,true
4734,hu:district:fehergyarmat,served_by,true
4735,hu:district:fehergyarmat,served_by,true
4737,hu:district:fehergyarmat,served_by,true
4741,hu:district:fehergyarmat,served_by,true
4742,hu:district:fehergyarmat,served_by,true
4743,hu:district:csenger,served_by,true
4745,hu:district:csenger,served_by,true
4746,hu:district:csenger,served_by,true
4751,hu:district:mateszalka,served_by,true
4752,hu:district:mateszalka,served_by,true
4754,hu:district:mateszalka,served_by,true
4755,hu:district:mateszalka,served_by,true
4756,hu:district:mateszalka,served_by,true
4761,hu:district:csenger,served_by,true
4762,hu:district:csenger,served_by,true
4763,hu:district:csenger,served_by,true
4764,hu:district:csenger,served_by,true
4765,hu:district:csenger,served_by,true
4766,hu:district:csenger,served_by,true
4767,hu:district:csenger,served_by,true
4800,hu:district:vasarosnameny,served_by,true
4803,hu:district:vasarosnameny,served_by,true
4804,hu:district:vasarosnameny,served_by,true
4811,hu:district:vasarosnameny,served_by,true
4812,hu:district:vasarosnameny,served_by,true
4813,hu:district:vasarosnameny,served_by,true
4821,hu:district:mateszalka,served_by,true
4822,hu:district:mateszalka,served_by,true
4823,hu:district:mateszalka,served_by,true
4824,hu:district:mateszalka,served_by,true
4826,hu:district:vasarosnameny,served_by,true
4831,hu:district:vasarosnameny,served_by,true
4832,hu:district:vasarosnameny,served_by,true
4833,hu:district:vasarosnameny,served_by,true
4834,hu:district:vasarosnameny,served_by,true
4835,hu:district:vasarosnameny,served_by,true
4836,hu:district:vasarosnameny,served_by,true
4841,hu:district:vasarosnameny,served_by,true
4842,hu:district:vasarosnameny,served_by,true
4843,hu:district:vasarosnameny,served_by,true
4844,hu:district:vasarosnameny,served_by,true
4845,hu:district:vasarosnameny,served_by,true
4900,hu:district:fehergyarmat,served_by,true
4911,hu:district:fehergyarmat,served_by,true
4912,hu:district:fehergyarmat,served_by,true
4913,hu:district:fehergyarmat,served_by,true
4914,hu:district:fehergyarmat,served_by,true
4921,hu:district:fehergyarmat,served_by,true
4922,hu:district:fehergyarmat,served_by,true
4931,hu:district:vasarosnameny,served_by,true
4932,hu:district:vasarosnameny,served_by,true
4933,hu:district:vasarosnameny,served_by,true
4934,hu:district:vasarosnameny,served_by,true
4935,hu:district:vasarosnameny,served_by,true
4936,hu:district:vasarosnameny,served_by,true
4937,hu:district:vasarosnameny,served_by,true
4941,hu:district:fehergyarmat,served_by,true
4942,hu:district:fehergyarmat,served_by,true
4943,hu:district:fehergyarmat,served_by,true
4944,hu:district:fehergyarmat,served_by,true
4945,hu:district:fehergyarmat,served_by,true
4946,hu:district:fehergyarmat,served_by,true
4947,hu:district:fehergyarmat,served_by,true
4948,hu:district:fehergyarmat,served_by,true
4951,hu:district:fehergyarmat,served_by,true
4952,hu:district:fehergyarmat,served_by,true
4953,hu:district:fehergyarmat,served_by,true
4954,hu:district:fehergyarmat,served_by,true
4955,hu:district:fehergyarmat,served_by,true
4956,hu:district:fehergyarmat,served_by,true
4961,hu:district:fehergyarmat,served_by,true
4962,hu:district:fehergyarmat,served_by,true
4963,hu:district:fehergyarmat,served_by,true
4964,hu:district:fehergyarmat,served_by,true
4965,hu:district:fehergyarmat,served_by,true
4966,hu:district:fehergyarmat,served_by,true
4967,hu:district:fehergyarmat,served_by,true
4968,hu:district:fehergyarmat,served_by,true
4969,hu:district:fehergyarmat,served_by,true
4971,hu:district:fehergyarmat,served_by,true
4972,hu:district:fehergyarmat,served_by,true
4973,hu:district:fehergyarmat,served_by,true
4974,hu:district:fehergyarmat,served_by,true
4975,hu:district:fehergyarmat,served_by,true
4976,hu:district:fehergyarmat,served_by,true
4977,hu:district:fehergyarmat,served_by,true
5000,hu:district:szolnok,served_by,true
5008,hu:district:szolnok,served_by,true
5051,hu:district:szolnok,served_by,true
5052,hu:district:szolnok,served_by,true
5053,hu:district:szolnok,served_by,true
5054,hu:district:jaszapati,served_by,true
5055,hu:district:jaszapati,served_by,true
5061,hu:district:szolnok,served_by,true
5062,hu:district:szolnok,served_by,true
5063,hu:district:szolnok,served_by,true
5064,hu:district:szolnok,served_by,true
5065,hu:district:szolnok,served_by,true
5071,hu:district:szolnok,served_by,true
5081,hu:district:szolnok,served_by,true
5082,hu:district:torokszentmiklos,served_by,true
5083,hu:district:torokszentmiklos,served_by,true
5084,hu:district:szolnok,served_by,true
5085,hu:district:szolnok,served_by,true
5091,hu:district:szolnok,served_by,true
5092,hu:district:szolnok,served_by,true
5093,hu:district:szolnok,served_by,true
5094,hu:district:szolnok,served_by,true
5095,hu:district:szolnok,served_by,true
5100,hu:district:jaszbereny,served_by,true
5111,hu:district:jaszbereny,served_by,true
5121,hu:district:jaszbereny,served_by,true
5122,hu:district:jaszapati,served_by,true
5123,hu:district:jaszbereny,served_by,true
5124,hu:district:jaszbereny,served_by,true
5125,hu:district:jaszbereny,served_by,true
5126,hu:district:jaszbereny,served_by,true
5130,hu:district:jaszapati,served_by,true
5135,hu:district:jaszapati,served_by,true
5136,hu:district:jaszapati,served_by,true
5137,hu:district:jaszapati,served_by,true
5141,hu:district:jaszbereny,served_by,true
5142,hu:district:jaszapati,served_by,true
5143,hu:district:jaszapati,served_by,true
5144,hu:district:jaszbereny,served_by,true
5152,hu:district:jaszbereny,served_by,true
5200,hu:district:torokszentmiklos,served_by,true
5211,hu:district:torokszentmiklos,served_by,true
5212,hu:district:torokszentmiklos,served_by,true
5213,hu:district:torokszentmiklos,served_by,true
5222,hu:district:torokszentmiklos,served_by,true
5231,hu:district:torokszentmiklos,served_by,true
5232,hu:district:kunhegyes,served_by,true
5233,hu:district:kunhegyes,served_by,true
5234,hu:district:kunhegyes,served_by,true
5235,hu:district:kunhegyes,served_by,true
5241,hu:district:kunhegyes,served_by,true
5243,hu:district:tiszafured,served_by,true
5244,hu:district:tiszafured,served_by,true
5300,hu:district:karcag,served_by,true
5309,hu:district:karcag,served_by,true
5310,hu:district:karcag,served_by,true
5321,hu:district:karcag,served_by,true
5322,hu:district:tiszafured,served_by,true
5323,hu:district:tiszafured,served_by,true
5324,hu:district:kunhegyes,served_by,true
5331,hu:district:karcag,served_by,true
5340,hu:district:kunhegyes,served_by,true
5349,hu:district:karcag,served_by,true
5350,hu:district:tiszafured,served_by,true
5358,hu:district:tiszafured,served_by,true
5359,hu:district:tiszafured,served_by,true
5361,hu:district:tiszafured,served_by,true
5362,hu:district:tiszafured,served_by,true
5363,hu:district:tiszafured,served_by,true
5400,hu:district:mezotur,served_by,true
5411,hu:district:mezotur,served_by,true
5412,hu:district:torokszentmiklos,served_by,true
5420,hu:district:mezotur,served_by,true
5430,hu:district:kunszentmarton,served_by,true
5435,hu:district:szolnok,served_by,true
5440,hu:district:kunszentmarton,served_by,true
5449,hu:district:kunszentmarton,served_by,true
5451,hu:district:kunszentmarton,served_by,true
5452,hu:district:mezotur,served_by,true
5453,hu:district:mezotur,served_by,true
5461,hu:district:kunszentmarton,served_by,true
5462,hu:district:kunszentmarton,served_by,true
5463,hu:district:kunszentmarton,served_by,true
5464,hu:district:kunszentmarton,served_by,true
5465,hu:district:kunszentmarton,served_by,true
5471,hu:district:kunszentmarton,served_by,true
5474,hu:district:kunszentmarton,served_by,true
5475,hu:district:kunszentmarton,served_by,true
5476,hu:district:kunszentmarton,served_by,true
5500,hu:district:gyomaendrod,served_by,true
5502,hu:district:gyomaendrod,served_by,true
5510,hu:district:gyomaendrod,served_by,true
5515,hu:district:gyomaendrod,served_by,true
5516,hu:district:szeghalom,served_by,true
5520,hu:district:szeghalom,served_by,true
5525,hu:district:szeghalom,served_by,true
5526,hu:district:szeghalom,served_by,true
5527,hu:district:szeghalom,served_by,true
5530,hu:district:szeghalom,served_by,true
5534,hu:district:sarkad,served_by,true
5536,hu:district:szeghalom,served_by,true
5537,hu:district:sarkad,served_by,true
5538,hu:district:sarkad,served_by,true
5539,hu:district:sarkad,served_by,true
5540,hu:district:szarvas,served_by,true
5551,hu:district:szarvas,served_by,true
5552,hu:district:szarvas,served_by,true
5553,hu:district:szarvas,served_by,true
5555,hu:district:gyomaendrod,served_by,true
5556,hu:district:szarvas,served_by,true
5561,hu:district:szarvas,served_by,true
5600,hu:district:bekescsaba,served_by,true
5609,hu:district:bekescsaba,served_by,true
5621,hu:district:gyomaendrod,served_by,true
5622,hu:district:bekes,served_by,true
5623,hu:district:bekescsaba,served_by,true
5624,hu:district:bekescsaba,served_by,true
5630,hu:district:bekes,served_by,true
5641,hu:district:bekes,served_by,true
5643,hu:district:bekes,served_by,true
5650,hu:district:bekes,served_by,true
5661,hu:district:bekescsaba,served_by,true
5662,hu:district:oroshaza,served_by,true
5663,hu:district:mezokovacshaza,served_by,true
5664,hu:district:mezokovacshaza,served_by,true
5665,hu:district:mezokovacshaza,served_by,true
5666,hu:district:mezokovacshaza,served_by,true
5667,hu:district:mezokovacshaza,served_by,true
5668,hu:district:mezokovacshaza,served_by,true
5671,hu:district:bekescsaba,served_by,true
5672,hu:district:bekes,served_by,true
5673,hu:district:bekes,served_by,true
5674,hu:district:bekescsaba,served_by,true
5675,hu:district:bekescsaba,served_by,true
5700,hu:district:gyula,served_by,true
5711,hu:district:gyula,served_by,true
5712,hu:district:bekescsaba,served_by,true
5720,hu:district:sarkad,served_by,true
5725,hu:district:sarkad,served_by,true
5726,hu:district:sarkad,served_by,true
5727,hu:district:sarkad,served_by,true
5731,hu:district:sarkad,served_by,true
5732,hu:district:sarkad,served_by,true
5734,hu:district:sarkad,served_by,true
5741,hu:district:gyula,served_by,true
5742,hu:district:gyula,served_by,true
5743,hu:district:gyula,served_by,true
5744,hu:district:mezokovacshaza,served_by,true
5745,hu:district:mezokovacshaza,served_by,true
5746,hu:district:mezokovacshaza,served_by,true
5747,hu:district:mezokovacshaza,served_by,true
5751,hu:district:mezokovacshaza,served_by,true
5752,hu:district:mezokovacshaza,served_by,true
5800,hu:district:mezokovacshaza,served_by,true
5811,hu:district:mezokovacshaza,served_by,true
5820,hu:district:mezokovacshaza,served_by,true
5830,hu:district:mezokovacshaza,served_by,true
5836,hu:district:mezokovacshaza,served_by,true
5837,hu:district:mezokovacshaza,served_by,true
5838,hu:district:mezokovacshaza,served_by,true
5900,hu:district:oroshaza,served_by,true
5903,hu:district:oroshaza,served_by,true
5904,hu:district:oroshaza,served_by,true
5905,hu:district:oroshaza,served_by,true
5919,hu:district:oroshaza,served_by,true
5920,hu:district:bekescsaba,served_by,true
5925,hu:district:bekescsaba,served_by,true
5931,hu:district:oroshaza,served_by,true
5932,hu:district:oroshaza,served_by,true
5940,hu:district:oroshaza,served_by,true
5945,hu:district:oroshaza,served_by,true
5946,hu:district:oroshaza,served_by,true
5948,hu:district:mezokovacshaza,served_by,true
6000,hu:district:kecskemet,served_by,true
6008,hu:district:kecskemet,served_by,true
6031,hu:district:tiszakecske,served_by,true
6032,hu:district:kecskemet,served_by,true
6033,hu:district:kecskemet,served_by,true
6034,hu:district:kecskemet,served_by,true
6035,hu:district:kecskemet,served_by,true
6041,hu:district:kecskemet,served_by,true
6042,hu:district:kecskemet,served_by,true
6043,hu:district:kecskemet,served_by,true
6044,hu:district:kecskemet,served_by,true
6045,hu:district:kecskemet,served_by,true
6050,hu:district:kecskemet,served_by,true
6055,hu:district:kecskemet,served_by,true
6060,hu:district:tiszakecske,served_by,true
6062,hu:district:tiszakecske,served_by,true
6064,hu:district:tiszakecske,served_by,true
6065,hu:district:tiszakecske,served_by,true
6066,hu:district:tiszakecske,served_by,true
6067,hu:district:tiszakecske,served_by,true
6070,hu:district:kiskoros,served_by,true
6075,hu:district:kiskoros,served_by,true
6076,hu:district:kecskemet,served_by,true
6077,hu:district:kecskemet,served_by,true
6078,hu:district:kecskemet,served_by,true
6080,hu:district:kunszentmiklos,served_by,true
6085,hu:district:kiskoros,served_by,true
6086,hu:district:kunszentmiklos,served_by,true
6087,hu:district:kunszentmiklos,served_by,true
6088,hu:district:kunszentmiklos,served_by,true
6090,hu:district:kunszentmiklos,served_by,true
6096,hu:district:kunszentmiklos,served_by,true
6097,hu:district:kunszentmiklos,served_by,true
6098,hu:district:kunszentmiklos,served_by,true
6100,hu:district:kiskunfelegyhaza,served_by,true
6111,hu:district:kiskunfelegyhaza,served_by,true
6112,hu:district:kiskunfelegyhaza,served_by,true
6113,hu:district:kiskunfelegyhaza,served_by,true
6114,hu:district:kiskunfelegyhaza,served_by,true
6115,hu:district:kecskemet,served_by,true
6116,hu:district:kecskemet,served_by,true
6120,hu:district:kiskunmajsa,served_by,true
6131,hu:district:kiskunmajsa,served_by,true
6132,hu:district:kiskunmajsa,served_by,true
6133,hu:district:kiskunmajsa,served_by,true
6134,hu:district:kiskunmajsa,served_by,true
6135,hu:district:kiskunmajsa,served_by,true
6136,hu:district:kiskunhalas,served_by,true
6200,hu:district:kiskoros,served_by,true
6211,hu:district:kiskoros,served_by,true
6221,hu:district:kiskoros,served_by,true
6222,hu:district:kiskoros,served_by,true
6223,hu:district:kiskoros,served_by,true
6224,hu:district:kiskoros,served_by,true
6230,hu:district:kiskoros,served_by,true
6235,hu:district:kiskoros,served_by,true
6236,hu:district:kiskoros,served_by,true
6237,hu:district:kiskoros,served_by,true
6238,hu:district:kiskoros,served_by,true
6239,hu:district:kiskoros,served_by,true
6300,hu:district:kalocsa,served_by,true
6311,hu:district:kalocsa,served_by,true
6320,hu:district:kalocsa,served_by,true
6321,hu:district:kalocsa,served_by,true
6323,hu:district:kunszentmiklos,served_by,true
6325,hu:district:kalocsa,served_by,true
6326,hu:district:kalocsa,served_by,true
6327,hu:district:kalocsa,served_by,true
6328,hu:district:kalocsa,served_by,true
6331,hu:district:kalocsa,served_by,true
6332,hu:district:kalocsa,served_by,true
6333,hu:district:kalocsa,served_by,true
6334,hu:district:kalocsa,served_by,true
6335,hu:district:kalocsa,served_by,true
6336,hu:district:kalocsa,served_by,true
6337,hu:district:kalocsa,served_by,true
6341,hu:district:kalocsa,served_by,true
6342,hu:district:kalocsa,served_by,true
6343,hu:district:kalocsa,served_by,true
6344,hu:district:kalocsa,served_by,true
6345,hu:district:baja,served_by,true
6346,hu:district:baja,served_by,true
6347,hu:district:baja,served_by,true
6348,hu:district:baja,served_by,true
6351,hu:district:kalocsa,served_by,true
6352,hu:district:kalocsa,served_by,true
6353,hu:district:kalocsa,served_by,true
6400,hu:district:kiskunhalas,served_by,true
6411,hu:district:kiskunhalas,served_by,true
6412,hu:district:kiskunhalas,served_by,true
6413,hu:district:kiskunhalas,served_by,true
6414,hu:district:kiskunhalas,served_by,true
6421,hu:district:kiskunhalas,served_by,true
6422,hu:district:kiskunhalas,served_by,true
6423,hu:district:kiskunhalas,served_by,true
6424,hu:district:bacsalmas,served_by,true
6425,hu:district:bacsalmas,served_by,true
6430,hu:district:bacsalmas,served_by,true
6435,hu:district:bacsalmas,served_by,true
6440,hu:district:janoshalma,served_by,true
6444,hu:district:janoshalma,served_by,true
6445,hu:district:janoshalma,served_by,true
6446,hu:district:janoshalma,served_by,true
6447,hu:district:baja,served_by,true
6448,hu:district:baja,served_by,true
6449,hu:district:janoshalma,served_by,true
6451,hu:district:bacsalmas,served_by,true
6452,hu:district:bacsalmas,served_by,true
6453,hu:district:bacsalmas,served_by,true
6454,hu:district:bacsalmas,served_by,true
6455,hu:district:bacsalmas,served_by,true
6456,hu:district:bacsalmas,served_by,true
6500,hu:district:baja,served_by,true
6503,hu:district:baja,served_by,true
6511,hu:district:baja,served_by,true
6512,hu:district:baja,served_by,true
6513,hu:district:baja,served_by,true
6521,hu:district:baja,served_by,true
6522,hu:district:baja,served_by,true
6523,hu:district:baja,served_by,true
6524,hu:district:baja,served_by,true
6525,hu:district:baja,served_by,true
6527,hu:district:baja,served_by,true
6528,hu:district:baja,served_by,true
6600,hu:district:szentes,served_by,true
6612,hu:district:szentes,served_by,true
6621,hu:district:szentes,served_by,true
6622,hu:district:szentes,served_by,true
6623,hu:district:szentes,served_by,true
6624,hu:district:szentes,served_by,true
6625,hu:district:szentes,served_by,true
6630,hu:district:hodmezovasarhely,served_by,true
6635,hu:district:szentes,served_by,true
6636,hu:district:hodmezovasarhely,served_by,true
6640,hu:district:csongrad,served_by,true
6645,hu:district:csongrad,served_by,true
6646,hu:district:csongrad,served_by,true
6647,hu:district:csongrad,served_by,true
6648,hu:district:csongrad,served_by,true
6700,hu:district:szeged,served_by,true
6710,hu:district:szeged,served_by,true
6720,hu:district:szeged,served_by,true
6721,hu:district:szeged,served_by,true
6722,hu:district:szeged,served_by,true
6723,hu:district:szeged,served_by,true
6724,hu:district:szeged,served_by,true
6725,hu:district:szeged,served_by,true
6726,hu:district:szeged,served_by,true
6727,hu:district:szeged,served_by,true
6728,hu:district:szeged,served_by,true
6729,hu:district:szeged,served_by,true
6750,hu:district:szeged,served_by,true
6753,hu:district:szeged,served_by,true
6754,hu:district:szeged,served_by,true
6755,hu:district:szeged,served_by,true
6756,hu:district:szeged,served_by,true
6757,hu:district:szeged,served_by,true
6758,hu:district:szeged,served_by,true
6760,hu:district:kistelek,served_by,true
6762,hu:district:szeged,served_by,true
6763,hu:district:szeged,served_by,true
6764,hu:district:kistelek,served_by,true
6765,hu:district:kistelek,served_by,true
6766,hu:district:szeged,served_by,true
6767,hu:district:kistelek,served_by,true
6768,hu:district:kistelek,served_by,true
6769,hu:district:kistelek,served_by,true
6771,hu:district:szeged,served_by,true
6772,hu:district:szeged,served_by,true
6773,hu:district:szeged,served_by,true
6774,hu:district:szeged,served_by,true
6775,hu:district:mako,served_by,true
6781,hu:district:szeged,served_by,true
6782,hu:district:morahalom,served_by,true
6783,hu:district:morahalom,served_by,true
6784,hu:district:morahalom,served_by,true
6785,hu:district:morahalom,served_by,true
6786,hu:district:morahalom,served_by,true
6787,hu:district:morahalom,served_by,true
6791,hu:district:szeged,served_by,true
6792,hu:district:morahalom,served_by,true
6793,hu:district:morahalom,served_by,true
6794,hu:district:morahalom,served_by,true
6795,hu:district:morahalom,served_by,true
6800,hu:district:hodmezovasarhely,served_by,true
6805,hu:district:hodmezovasarhely,served_by,true
6806,hu:district:hodmezovasarhely,served_by,true
6821,hu:district:hodmezovasarhely,served_by,true
6900,hu:district:mako,served_by,true
6903,hu:district:mako,served_by,true
6911,hu:district:mako,served_by,true
6912,hu:district:mako,served_by,true
6913,hu:district:mako,served_by,true
6914,hu:district:mako,served_by,true
6915,hu:district:mako,served_by,true
6916,hu:district:mako,served_by,true
6917,hu:district:mako,served_by,true
6921,hu:district:mako,served_by,true
6922,hu:district:mako,served_by,true
6923,hu:district:mako,served_by,true
6931,hu:district:mako,served_by,true
6932,hu:district:mako,served_by,true
6933,hu:district:mako,served_by,true
7000,hu:district:sarbogard,served_by,true
7003,hu:district:sarbogard,served_by,true
7011,hu:district:sarbogard,served_by,true
7012,hu:district:sarbogard,served_by,true
7013,hu:district:sarbogard,served_by,true
7014,hu:district:sarbogard,served_by,true
7015,hu:district:sarbogard,served_by,true
7016,hu:district:sarbogard,served_by,true
7017,hu:district:sarbogard,served_by,true
7018,hu:district:sarbogard,served_by,true
7019,hu:district:sarbogard,served_by,true
7020,hu:district:paks,served_by,true
7025,hu:district:paks,served_by,true
7026,hu:district:paks,served_by,true
7027,hu:district:paks,served_by,true
7030,hu:district:paks,served_by,true
7038,hu:district:paks,served_by,true
7039,hu:district:paks,served_by,true
7041,hu:district:sarbogard,served_by,true
7042,hu:district:paks,served_by,true
7043,hu:district:paks,served_by,true
7044,hu:district:paks,served_by,true
7045,hu:district:paks,served_by,true
7047,hu:district:paks,served_by,true
7051,hu:district:paks,served_by,true
7052,hu:district:szekszard,served_by,true
7054,hu:district:paks,served_by,true
7056,hu:district:szekszard,served_by,true
7057,hu:district:szekszard,served_by,true
7061,hu:district:tamasi,served_by,true
7062,hu:district:tamasi,served_by,true
7063,hu:district:tamasi,served_by,true
7064,hu:district:tamasi,served_by,true
7065,hu:district:tamasi,served_by,true
7066,hu:district:tamasi,served_by,true
7067,hu:district:tamasi,served_by,true
7068,hu:district:szekszard,served_by,true
7071,hu:district:tamasi,served_by,true
7072,hu:district:tamasi,served_by,true
7081,hu:district:tamasi,served_by,true
7082,hu:district:tamasi,served_by,true
7083,hu:district:tamasi,served_by,true
7084,hu:district:tamasi,served_by,true
7085,hu:district:tamasi,served_by,true
7086,hu:district:tamasi,served_by,true
7087,hu:district:tamasi,served_by,true
7090,hu:district:tamasi,served_by,true
7091,hu:district:tamasi,served_by,true
7092,hu:district:tamasi,served_by,true
7093,hu:district:tamasi,served_by,true
7094,hu:district:tamasi,served_by,true
7095,hu:district:tamasi,served_by,true
7097,hu:district:tamasi,served_by,true
7098,hu:district:tamasi,served_by,true
7099,hu:district:tamasi,served_by,true
7100,hu:district:szekszard,served_by,true
7121,hu:district:szekszard,served_by,true
7122,hu:district:bonyhad,served_by,true
7130,hu:district:tolna,served_by,true
7131,hu:district:tolna,served_by,true
7132,hu:district:tolna,served_by,true
7133,hu:district:tolna,served_by,true
7134,hu:district:paks,served_by,true
7135,hu:district:paks,served_by,true
7136,hu:district:tolna,served_by,true
7140,hu:district:szekszard,served_by,true
7142,hu:district:szekszard,served_by,true
7143,hu:district:szekszard,served_by,true
7144,hu:district:szekszard,served_by,true
7145,hu:district:szekszard,served_by,true
7146,hu:district:szekszard,served_by,true
7147,hu:district:szekszard,served_by,true
7148,hu:district:szekszard,served_by,true
7149,hu:district:szekszard,served_by,true
7150,hu:district:bonyhad,served_by,true
7158,hu:district:bonyhad,served_by,true
7159,hu:district:bonyhad,served_by,true
7161,hu:district:bonyhad,served_by,true
7162,hu:district:bonyhad,served_by,true
7163,hu:district:bonyhad,served_by,true
7164,hu:district:bonyhad,served_by,true
7165,hu:district:bonyhad,served_by,true
7171,hu:district:szekszard,served_by,true
7172,hu:district:szekszard,served_by,true
7173,hu:district:bonyhad,served_by,true
7174,hu:district:bonyhad,served_by,true
7175,hu:district:bonyhad,served_by,true
7176,hu:district:bonyhad,served_by,true
7181,hu:district:bonyhad,served_by,true
7182,hu:district:bonyhad,served_by,true
7183,hu:district:bonyhad,served_by,true
7184,hu:district:bonyhad,served_by,true
7185,hu:district:bonyhad,served_by,true
7186,hu:district:bonyhad,served_by,true
7187,hu:district:bonyhad,served_by,true
7188,hu:district:komlo,served_by,true
7191,hu:district:tamasi,served_by,true
7192,hu:district:tamasi,served_by,true
7193,hu:district:tamasi,served_by,true
7194,hu:district:tamasi,served_by,true
7195,hu:district:tamasi,served_by,true
7200,hu:district:dombovar,served_by,true
7211,hu:district:dombovar,served_by,true
7212,hu:district:dombovar,served_by,true
7213,hu:district:dombovar,served_by,true
7214,hu:district:dombovar,served_by,true
7215,hu:district:dombovar,served_by,true
7224,hu:district:tamasi,served_by,true
7225,hu:district:dombovar,served_by,true
7226,hu:district:dombovar,served_by,true
7227,hu:district:dombovar,served_by,true
7228,hu:district:dombovar,served_by,true
7251,hu:district:dombovar,served_by,true
7252,hu:district:dombovar,served_by,true
7253,hu:district:kaposvar,served_by,true
7255,hu:district:kaposvar,served_by,true
7256,hu:district:kaposvar,served_by,true
7257,hu:district:kaposvar,served_by,true
7258,hu:district:kaposvar,served_by,true
7261,hu:district:kaposvar,served_by,true
7271,hu:district:kaposvar,served_by,true
7272,hu:district:kaposvar,served_by,true
7273,hu:district:kaposvar,served_by,true
7274,hu:district:kaposvar,served_by,true
7275,hu:district:kaposvar,served_by,true
7276,hu:district:kaposvar,served_by,true
7279,hu:district:kaposvar,served_by,true
7281,hu:district:tab,served_by,true
7282,hu:district:tab,served_by,true
7283,hu:district:tab,served_by,true
7284,hu:district:tab,served_by,true
7285,hu:district:tab,served_by,true
7300,hu:district:komlo,served_by,true
7304,hu:district:komlo,served_by,true
7305,hu:district:komlo,served_by,true
7331,hu:district:komlo,served_by,true
7332,hu:district:komlo,served_by,true
7333,hu:district:komlo,served_by,true
7334,hu:district:komlo,served_by,true
7341,hu:district:dombovar,served_by,true
7342,hu:district:hegyhat,served_by,true
7343,hu:district:hegyhat,served_by,true
7344,hu:district:hegyhat,served_by,true
7345,hu:district:hegyhat,served_by,true
7346,hu:district:komlo,served_by,true
7347,hu:district:komlo,served_by,true
7348,hu:district:komlo,served_by,true
7349,hu:district:komlo,served_by,true
7351,hu:district:komlo,served_by,true
7352,hu:district:bonyhad,served_by,true
7353,hu:district:bonyhad,served_by,true
7354,hu:district:bonyhad,served_by,true
7355,hu:district:bonyhad,served_by,true
7356,hu:district:bonyhad,served_by,true
7357,hu:district:dombovar,served_by,true
7361,hu:district:dombovar,served_by,true
7362,hu:district:hegyhat,served_by,true
7370,hu:district:hegyhat,served_by,true
7370,hu:district:komlo,served_by,false
7381,hu:district:hegyhat,served_by,true
7383,hu:district:hegyhat,served_by,true
7384,hu:district:hegyhat,served_by,true
7385,hu:district:hegyhat,served_by,true
7386,hu:district:hegyhat,served_by,true
7391,hu:district:hegyhat,served_by,true
7393,hu:district:hegyhat,served_by,true
7394,hu:district:komlo,served_by,true
7396,hu:district:komlo,served_by,true
7400,hu:district:kaposvar,served_by,true
7431,hu:district:kaposvar,served_by,true
7432,hu:district:kaposvar,served_by,true
7434,hu:district:kaposvar,served_by,true
7435,hu:district:kaposvar,served_by,true
7436,hu:district:kaposvar,served_by,true
7439,hu:district:kaposvar,served_by,true
7441,hu:district:kaposvar,served_by,true
7442,hu:district:kaposvar,served_by,true
7443,hu:district:kaposvar,served_by,true
7444,hu:district:kaposvar,served_by,true
7451,hu:district:kaposvar,served_by,true
7452,hu:district:kaposvar,served_by,true
7453,hu:district:kaposvar,served_by,true
7454,hu:district:kaposvar,served_by,true
7455,hu:district:kaposvar,served_by,true
7456,hu:district:kaposvar,served_by,true
7457,hu:district:kaposvar,served_by,true
7458,hu:district:kaposvar,served_by,true
7461,hu:district:kaposvar,served_by,true
7463,hu:district:kaposvar,served_by,true
7464,hu:district:kaposvar,served_by,true
7465,hu:district:kaposvar,served_by,true
7471,hu:district:kaposvar,served_by,true
7472,hu:district:kaposvar,served_by,true
7473,hu:district:kaposvar,served_by,true
7474,hu:district:kaposvar,served_by,true
7475,hu:district:kaposvar,served_by,true
7476,hu:district:kaposvar,served_by,true
7477,hu:district:kaposvar,served_by,true
7478,hu:district:kaposvar,served_by,true
7479,hu:district:kaposvar,served_by,true
7500,hu:district:nagyatad,served_by,true
7511,hu:district:nagyatad,served_by,true
7512,hu:district:kaposvar,served_by,true
7513,hu:district:nagyatad,served_by,true
7514,hu:district:nagyatad,served_by,true
7515,hu:district:csurgo,served_by,true
7516,hu:district:csurgo,served_by,true
7517,hu:district:nagyatad,served_by,true
7521,hu:district:kaposvar,served_by,true
7522,hu:district:kaposvar,served_by,true
7523,hu:district:kaposvar,served_by,true
7524,hu:district:kaposvar,served_by,true
7525,hu:district:kaposvar,served_by,true
7526,hu:district:kaposvar,served_by,true
7527,hu:district:kaposvar,served_by,true
7530,hu:district:kaposvar,served_by,true
7532,hu:district:kaposvar,served_by,true
7533,hu:district:kaposvar,served_by,true
7535,hu:district:barcs,served_by,true
7536,hu:district:barcs,served_by,true
7537,hu:district:barcs,served_by,true
7538,hu:district:barcs,served_by,true
7539,hu:district:barcs,served_by,true
7541,hu:district:nagyatad,served_by,true
7542,hu:district:nagyatad,served_by,true
7543,hu:district:nagyatad,served_by,true
7544,hu:district:nagyatad,served_by,true
7545,hu:district:nagyatad,served_by,true
7551,hu:district:nagyatad,served_by,true
7552,hu:district:nagyatad,served_by,true
7553,hu:district:nagyatad,served_by,true
7555,hu:district:barcs,served_by,true
7556,hu:district:barcs,served_by,true
7557,hu:district:barcs,served_by,true
7561,hu:district:kaposvar,served_by,true
7562,hu:district:nagyatad,served_by,true
7563,hu:district:nagyatad,served_by,true
7564,hu:district:nagyatad,served_by,true
7570,hu:district:barcs,served_by,true
7582,hu:district:barcs,served_by,true
7584,hu:district:barcs,served_by,true
7585,hu:district:nagyatad,served_by,true
7586,hu:district:barcs,served_by,true
7587,hu:district:barcs,served_by,true
7588,hu:district:barcs,served_by,true
7589,hu:district:barcs,served_by,true
7600,hu:district:pecs,served_by,true
7621,hu:district:pecs,served_by,true
7622,hu:district:pecs,served_by,true
7623,hu:district:pecs,served_by,true
7624,hu:district:pecs,served_by,true
7625,hu:district:pecs,served_by,true
7626,hu:district:pecs,served_by,true
7627,hu:district:pecs,served_by,true
7628,hu:district:pecs,served_by,true
7629,hu:district:pecs,served_by,true
7630,hu:district:pecs,served_by,true
7631,hu:district:pecs,served_by,true
7632,hu:district:pecs,served_by,true
7633,hu:district:pecs,served_by,true
7634,hu:district:pecs,served_by,true
7635,hu:district:pecs,served_by,true
7636,hu:district:pecs,served_by,true
7639,hu:district:pecs,served_by,true
7661,hu:district:pecsvarad,served_by,true
7663,hu:district:boly,served_by,true
7664,hu:district:pecs,served_by,true
7666,hu:district:pecs,served_by,true
7668,hu:district:pecs,served_by,true
7671,hu:district:szentlorinc,served_by,true
7671,hu:district:pecs,served_by,false
7672,hu:district:szentlorinc,served_by,true
7673,hu:district:pecs,served_by,true
7675,hu:district:pecs,served_by,true
7677,hu:district:pecs,served_by,true
7678,hu:district:pecs,served_by,true
7681,hu:district:szentlorinc,served_by,true
7682,hu:district:szentlorinc,served_by,true
7683,hu:district:szentlorinc,served_by,true
7691,hu:district:pecs,served_by,true
7693,hu:district:pecs,served_by,true
7694,hu:district:pecs,served_by,true
7695,hu:district:pecsvarad,served_by,true
7696,hu:district:pecsvarad,served_by,true
7700,hu:district:mohacs,served_by,true
7711,hu:district:mohacs,served_by,true
7712,hu:district:mohacs,served_by,true
7714,hu:district:mohacs,served_by,true
7715,hu:district:mohacs,served_by,true
7716,hu:district:mohacs,served_by,true
7717,hu:district:mohacs,served_by,true
7718,hu:district:mohacs,served_by,true
7720,hu:district:pecsvarad,served_by,true
7723,hu:district:pecsvarad,served_by,true
7724,hu:district:mohacs,served_by,true
7725,hu:district:mohacs,served_by,true
7726,hu:district:mohacs,served_by,true
7727,hu:district:mohacs,served_by,true
7728,hu:district:mohacs,served_by,true
7731,hu:district:pecsvarad,served_by,true
7732,hu:district:pecsvarad,served_by,true
7733,hu:district:pecsvarad,served_by,true
7733,hu:district:mohacs,served_by,false
7735,hu:district:mohacs,served_by,true
7737,hu:district:mohacs,served_by,true
7741,hu:district:pecs,served_by,true
7742,hu:district:pecs,served_by,true
7743,hu:district:pecs,served_by,true
7744,hu:district:pecs,served_by,true
7745,hu:district:boly,served_by,true
7747,hu:district:pecs,served_by,true
7747,hu:district:boly,served_by,false
7751,hu:district:boly,served_by,true
7752,hu:district:boly,served_by,true
7753,hu:district:boly,served_by,true
7754,hu:district:boly,served_by,true
7755,hu:district:boly,served_by,true
7756,hu:district:boly,served_by,true
7757,hu:district:boly,served_by,true
7759,hu:district:mohacs,served_by,true
7761,hu:district:pecs,served_by,true
7762,hu:district:pecs,served_by,true
7763,hu:district:pecs,served_by,true
7766,hu:district:siklos,served_by,true
7768,hu:district:siklos,served_by,true
7771,hu:district:siklos,served_by,true
7772,hu:district:siklos,served_by,true
7773,hu:district:siklos,served_by,true
7774,hu:district:siklos,served_by,true
7775,hu:district:siklos,served_by,true
7781,hu:district:mohacs,served_by,true
7782,hu:district:mohacs,served_by,true
7783,hu:district:mohacs,served_by,true
7784,hu:district:mohacs,served_by,true
7785,hu:district:mohacs,served_by,true
7800,hu:district:siklos,served_by,true
7811,hu:district:pecs,served_by,true
7811,hu:district:siklos,served_by,false
7812,hu:district:siklos,served_by,true
7813,hu:district:siklos,served_by,true
7814,hu:district:siklos,served_by,true
7814,hu:district:pecs,served_by,false
7815,hu:district:siklos,served_by,true
7817,hu:district:siklos,served_by,true
7822,hu:district:siklos,served_by,true
7823,hu:district:siklos,served_by,true
7824,hu:district:siklos,served_by,true
7825,hu:district:siklos,served_by,true
7826,hu:district:siklos,served_by,true
7827,hu:district:siklos,served_by,true
7831,hu:district:pecs,served_by,true
7833,hu:district:pecs,served_by,true
7834,hu:district:sellye,served_by,true
7836,hu:district:sellye,served_by,true
7837,hu:district:sellye,served_by,true
7838,hu:district:sellye,served_by,true
7839,hu:district:sellye,served_by,true
7841,hu:district:sellye,served_by,true
7843,hu:district:siklos,served_by,true
7846,hu:district:siklos,served_by,true
7847,hu:district:siklos,served_by,true
7849,hu:district:siklos,served_by,true
7850,hu:district:siklos,served_by,true
7851,hu:district:siklos,served_by,true
7853,hu:district:siklos,served_by,true
7854,hu:district:siklos,served_by,true
7900,hu:district:szigetvar,served_by,true
7912,hu:district:szigetvar,served_by,true
7913,hu:district:szentlorinc,served_by,true
7914,hu:district:szigetvar,served_by,true
7915,hu:district:szigetvar,served_by,true
7918,hu:district:barcs,served_by,true
7921,hu:district:szigetvar,served_by,true
7922,hu:district:szigetvar,served_by,true
7923,hu:district:szigetvar,served_by,true
7924,hu:district:szigetvar,served_by,true
7925,hu:district:szigetvar,served_by,true
7926,hu:district:szigetvar,served_by,true
7932,hu:district:szigetvar,served_by,true
7934,hu:district:szigetvar,served_by,true
7935,hu:district:szigetvar,served_by,true
7936,hu:district:szigetvar,served_by,true
7937,hu:district:szigetvar,served_by,true
7940,hu:district:szentlorinc,served_by,true
7951,hu:district:szentlorinc,served_by,true
7953,hu:district:szentlorinc,served_by,true
7954,hu:district:sellye,served_by,true
7954,hu:district:szentlorinc,served_by,false
7957,hu:district:sellye,served_by,true
7958,hu:district:sellye,served_by,true
7960,hu:district:sellye,served_by,true
7960,hu:district:szentlorinc,served_by,false
7964,hu:district:sellye,served_by,true
7966,hu:district:sellye,served_by,true
7967,hu:district:sellye,served_by,true
7968,hu:district:sellye,served_by,true
7971,hu:district:szigetvar,served_by,true
7972,hu:district:szigetvar,served_by,true
7973,hu:district:szigetvar,served_by,true
7975,hu:district:szigetvar,served_by,true
7976,hu:district:szigetvar,served_by,true
7977,hu:district:barcs,served_by,true
7979,hu:district:barcs,served_by,true
7980,hu:district:szigetvar,served_by,true
7981,hu:district:szigetvar,served_by,true
7985,hu:district:szigetvar,served_by,true
7987,hu:district:barcs,served_by,true
7988,hu:district:barcs,served_by,true
8000,hu:district:szekesfehervar,served_by,true
8019,hu:district:szekesfehervar,served_by,true
8041,hu:district:szekesfehervar,served_by,true
8042,hu:district:szekesfehervar,served_by,true
8043,hu:district:szekesfehervar,served_by,true
8044,hu:district:mor,served_by,true
8045,hu:district:mor,served_by,true
8046,hu:district:szekesfehervar,served_by,true
8051,hu:district:szekesfehervar,served_by,true
8052,hu:district:mor,served_by,true
8053,hu:district:mor,served_by,true
8054,hu:district:mor,served_by,true
8055,hu:district:mor,served_by,true
8056,hu:district:mor,served_by,true
8060,hu:district:mor,served_by,true
8065,hu:district:mor,served_by,true
8066,hu:district:mor,served_by,true
8071,hu:district:mor,served_by,true
8072,hu:district:mor,served_by,true
8073,hu:district:mor,served_by,true
8074,hu:district:mor,served_by,true
8080,hu:district:bicske,served_by,true
8081,hu:district:szekesfehervar,served_by,true
8082,hu:district:bicske,served_by,true
8083,hu:district:bicske,served_by,true
8085,hu:district:bicske,served_by,true
8086,hu:district:bicske,served_by,true
8087,hu:district:bicske,served_by,true
8088,hu:district:bicske,served_by,true
8089,hu:district:bicske,served_by,true
8092,hu:district:szekesfehervar,served_by,true
8093,hu:district:szekesfehervar,served_by,true
8095,hu:district:gardony,served_by,true
8096,hu:district:gardony,served_by,true
8097,hu:district:gardony,served_by,true
8100,hu:district:varpalota,served_by,true
8105,hu:district:varpalota,served_by,true
8109,hu:district:varpalota,served_by,true
8111,hu:district:szekesfehervar,served_by,true
8112,hu:district:gardony,served_by,true
8121,hu:district:szekesfehervar,served_by,true
8122,hu:district:szekesfehervar,served_by,true
8123,hu:district:szekesfehervar,served_by,true
8124,hu:district:szekesfehervar,served_by,true
8125,hu:district:sarbogard,served_by,true
8126,hu:district:sarbogard,served_by,true
8127,hu:district:szekesfehervar,served_by,true
8130,hu:district:enying,served_by,true
8131,hu:district:enying,served_by,true
8132,hu:district:enying,served_by,true
8133,hu:district:enying,served_by,true
8134,hu:district:enying,served_by,true
8135,hu:district:enying,served_by,true
8136,hu:district:enying,served_by,true
8137,hu:district:enying,served_by,true
8138,hu:district:enying,served_by,true
8139,hu:district:enying,served_by,true
8142,hu:district:szekesfehervar,served_by,true
8143,hu:district:szekesfehervar,served_by,true
8144,hu:district:szekesfehervar,served_by,true
8145,hu:district:szekesfehervar,served_by,true
8146,hu:district:szekesfehervar,served_by,true
8151,hu:district:szekesfehervar,served_by,true
8152,hu:district:szekesfehervar,served_by,true
8154,hu:district:szekesfehervar,served_by,true
8156,hu:district:enying,served_by,true
8157,hu:district:szekesfehervar,served_by,true
8161,hu:district:varpalota,served_by,true
8162,hu:district:balatonalmadi,served_by,true
8163,hu:district:balatonalmadi,served_by,true
8164,hu:district:balatonalmadi,served_by,true
8171,hu:district:siofok,served_by,true
8172,hu:district:balatonalmadi,served_by,true
8174,hu:district:balatonalmadi,served_by,true
8175,hu:district:balatonalmadi,served_by,true
8181,hu:district:varpalota,served_by,true
8182,hu:district:varpalota,served_by,true
8183,hu:district:balatonalmadi,served_by,true
8184,hu:district:balatonalmadi,served_by,true
8191,hu:district:varpalota,served_by,true
8192,hu:district:veszprem,served_by,true
8193,hu:district:veszprem,served_by,true
8194,hu:district:varpalota,served_by,true
8195,hu:district:balatonalmadi,served_by,true
8196,hu:district:balatonalmadi,served_by,true
8200,hu:district:veszprem,served_by,true
8220,hu:district:balatonalmadi,served_by,true
8225,hu:district:veszprem,served_by,true
8226,hu:district:balatonfured,served_by,true
8227,hu:district:balatonalmadi,served_by,true
8228,hu:district:balatonfured,served_by,true
8229,hu:district:balatonfured,served_by,true
8230,hu:district:balatonfured,served_by,true
8233,hu:district:balatonfured,served_by,true
8237,hu:district:balatonfured,served_by,true
8241,hu:district:balatonfured,served_by,true
8242,hu:district:balatonfured,served_by,true
8243,hu:district:balatonfured,served_by,true
8244,hu:district:balatonfured,served_by,true
8245,hu:district:balatonfured,served_by,true
8246,hu:district:veszprem,served_by,true
8247,hu:district:veszprem,served_by,true
8248,hu:district:veszprem,served_by,true
8251,hu:district:balatonfured,served_by,true
8252,hu:district:balatonfured,served_by,true
8253,hu:district:tapolca,served_by,true
8254,hu:district:tapolca,served_by,true
8255,hu:district:tapolca,served_by,true
8256,hu:district:tapolca,served_by,true
8257,hu:district:tapolca,served_by,true
8258,hu:district:tapolca,served_by,true
8261,hu:district:tapolca,served_by,true
8263,hu:district:tapolca,served_by,true
8264,hu:district:tapolca,served_by,true
8265,hu:district:tapolca,served_by,true
8271,hu:district:veszprem,served_by,true
8272,hu:district:balatonfured,served_by,true
8273,hu:district:balatonfured,served_by,true
8274,hu:district:tapolca,served_by,true
8275,hu:district:tapolca,served_by,true
8281,hu:district:tapolca,served_by,true
8282,hu:district:tapolca,served_by,true
8283,hu:district:tapolca,served_by,true
8284,hu:district:tapolca,served_by,true
8286,hu:district:tapolca,served_by,true
8291,hu:district:veszprem,served_by,true
8292,hu:district:ajka,served_by,true
8294,hu:district:tapolca,served_by,true
8295,hu:district:tapolca,served_by,true
8296,hu:district:tapolca,served_by,true
8297,hu:district:tapolca,served_by,true
8300,hu:district:tapolca,served_by,true
8308,hu:district:tapolca,served_by,true
8311,hu:district:tapolca,served_by,true
8312,hu:district:tapolca,served_by,true
8313,hu:district:keszthely,served_by,true
8314,hu:district:keszthely,served_by,true
8315,hu:district:keszthely,served_by,true
8316,hu:district:keszthely,served_by,true
8317,hu:district:tapolca,served_by,true
8318,hu:district:tapolca,served_by,true
8319,hu:district:tapolca,served_by,true
8321,hu:district:tapolca,served_by,true
8330,hu:district:sumeg,served_by,true
8341,hu:district:zalaszentgrot,served_by,true
8342,hu:district:zalaszentgrot,served_by,true
8344,hu:district:sumeg,served_by,true
8345,hu:district:sumeg,served_by,true
8346,hu:district:sumeg,served_by,true
8347,hu:district:sumeg,served_by,true
8348,hu:district:sumeg,served_by,true
8349,hu:district:sumeg,served_by,true
8351,hu:district:sumeg,served_by,true
8352,hu:district:sumeg,served_by,true
8353,hu:district:keszthely,served_by,true
8354,hu:district:keszthely,served_by,true
8355,hu:district:keszthely,served_by,true
8356,hu:district:zalaszentgrot,served_by,true
8357,hu:district:zalaszentgrot,served_by,true
8360,hu:district:keszthely,served_by,true
8371,hu:district:keszthely,served_by,true
8372,hu:district:keszthely,served_by,true
8373,hu:district:keszthely,served_by,true
8380,hu:district:keszthely,served_by,true
8391,hu:district:keszthely,served_by,true
8392,hu:district:keszthely,served_by,true
8393,hu:district:keszthely,served_by,true
8394,hu:district:keszthely,served_by,true
8395,hu:district:keszthely,served_by,true
8400,hu:district:ajka,served_by,true
8409,hu:district:ajka,served_by,true
8411,hu:district:veszprem,served_by,true
8412,hu:district:veszprem,served_by,true
8413,hu:district:veszprem,served_by,true
8414,hu:district:zirc,served_by,true
8415,hu:district:zirc,served_by,true
8416,hu:district:zirc,served_by,true
8417,hu:district:zirc,served_by,true
8418,hu:district:zirc,served_by,true
8419,hu:district:zirc,served_by,true
8420,hu:district:zirc,served_by,true
8422,hu:district:zirc,served_by,true
8423,hu:district:zirc,served_by,true
8424,hu:district:varpalota,served_by,true
8425,hu:district:zirc,served_by,true
8426,hu:district:zirc,served_by,true
8427,hu:district:zirc,served_by,true
8428,hu:district:zirc,served_by,true
8429,hu:district:zirc,served_by,true
8430,hu:district:zirc,served_by,true
8431,hu:district:pannonhalma,served_by,true
8432,hu:district:pannonhalma,served_by,true
8433,hu:district:pannonhalma,served_by,true
8434,hu:district:pannonhalma,served_by,true
8435,hu:district:papa,served_by,true
8438,hu:district:pannonhalma,served_by,true
8439,hu:district:pannonhalma,served_by,true
8440,hu:district:veszprem,served_by,true
8441,hu:district:veszprem,served_by,true
8442,hu:district:veszprem,served_by,true
8443,hu:district:veszprem,served_by,true
8444,hu:district:veszprem,served_by,true
8445,hu:district:ajka,served_by,true
8446,hu:district:ajka,served_by,true
8447,hu:district:ajka,served_by,true
8448,hu:district:ajka,served_by,true
8449,hu:district:ajka,served_by,true
8451,hu:district:ajka,served_by,true
8452,hu:district:ajka,served_by,true
8454,hu:district:ajka,served_by,true
8455,hu:district:devecser,served_by,true
8456,hu:district:devecser,served_by,true
8457,hu:district:papa,served_by,true
8458,hu:district:devecser,served_by,true
8460,hu:district:devecser,served_by,true
8468,hu:district:devecser,served_by,true
8469,hu:district:devecser,served_by,true
8471,hu:district:sumeg,served_by,true
8473,hu:district:sumeg,served_by,true
8474,hu:district:sumeg,served_by,true
8475,hu:district:sumeg,served_by,true
8476,hu:district:sumeg,served_by,true
8477,hu:district:devecser,served_by,true
8478,hu:district:devecser,served_by,true
8479,hu:district:devecser,served_by,true
8481,hu:district:devecser,served_by,true
8482,hu:district:devecser,served_by,true
8483,hu:district:devecser,served_by,true
8484,hu:district:devecser,served_by,true
8485,hu:district:devecser,served_by,true
8491,hu:district:devecser,served_by,true
8492,hu:district:devecser,served_by,true
8493,hu:district:devecser,served_by,true
8494,hu:district:devecser,served_by,true
8495,hu:district:devecser,served_by,true
8496,hu:district:devecser,served_by,true
8497,hu:district:devecser,served_by,true
8500,hu:district:papa,served_by,true
8511,hu:district:papa,served_by,true
8512,hu:district:papa,served_by,true
8513,hu:district:papa,served_by,true
8514,hu:district:papa,served_by,true
8515,hu:district:papa,served_by,true
8516,hu:district:papa,served_by,true
8517,hu:district:papa,served_by,true
8518,hu:district:papa,served_by,true
8521,hu:district:papa,served_by,true
8522,hu:district:papa,served_by,true
8523,hu:district:papa,served_by,true
8531,hu:district:papa,served_by,true
8532,hu:district:papa,served_by,true
8533,hu:district:papa,served_by,true
8541,hu:district:papa,served_by,true
8542,hu:district:papa,served_by,true
8543,hu:district:papa,served_by,true
8551,hu:district:papa,served_by,true
8552,hu:district:papa,served_by,true
8553,hu:district:papa,served_by,true
8554,hu:district:papa,served_by,true
8555,hu:district:papa,served_by,true
8556,hu:district:papa,served_by,true
8557,hu:district:papa,served_by,true
8558,hu:district:papa,served_by,true
8561,hu:district:papa,served_by,true
8562,hu:district:papa,served_by,true
8563,hu:district:papa,served_by,true
8564,hu:district:papa,served_by,true
8565,hu:district:papa,served_by,true
8571,hu:district:papa,served_by,true
8572,hu:district:papa,served_by,true
8581,hu:district:papa,served_by,true
8582,hu:district:ajka,served_by,true
8591,hu:district:papa,served_by,true
8592,hu:district:papa,served_by,true
8593,hu:district:papa,served_by,true
8594,hu:district:papa,served_by,true
8595,hu:district:papa,served_by,true
8596,hu:district:papa,served_by,true
8597,hu:district:papa,served_by,true
8598,hu:district:papa,served_by,true
8600,hu:district:siofok,served_by,true
8612,hu:district:siofok,served_by,true
8613,hu:district:siofok,served_by,true
8614,hu:district:siofok,served_by,true
8617,hu:district:siofok,served_by,true
8618,hu:district:siofok,served_by,true
8619,hu:district:siofok,served_by,true
8621,hu:district:siofok,served_by,true
8622,hu:district:siofok,served_by,true
8623,hu:district:siofok,served_by,true
8624,hu:district:siofok,served_by,true
8625,hu:district:siofok,served_by,true
8626,hu:district:siofok,served_by,true
8627,hu:district:siofok,served_by,true
8628,hu:district:siofok,served_by,true
8630,hu:district:fonyod,served_by,true
8635,hu:district:fonyod,served_by,true
8636,hu:district:siofok,served_by,true
8637,hu:district:siofok,served_by,true
8638,hu:district:fonyod,served_by,true
8640,hu:district:fonyod,served_by,true
8646,hu:district:fonyod,served_by,true
8647,hu:district:marcali,served_by,true
8648,hu:district:marcali,served_by,true
8649,hu:district:marcali,served_by,true
8651,hu:district:siofok,served_by,true
8652,hu:district:siofok,served_by,true
8653,hu:district:siofok,served_by,true
8654,hu:district:siofok,served_by,true
8655,hu:district:siofok,served_by,true
8656,hu:district:siofok,served_by,true
8658,hu:district:tab,served_by,true
8660,hu:district:tab,served_by,true
8666,hu:district:tab,served_by,true
8667,hu:district:tab,served_by,true
8668,hu:district:tab,served_by,true
8669,hu:district:tab,served_by,true
8671,hu:district:tab,served_by,true
8672,hu:district:tab,served_by,true
8673,hu:district:tab,served_by,true
8674,hu:district:tab,served_by,true
8675,hu:district:tab,served_by,true
8676,hu:district:fonyod,served_by,true
8681,hu:district:fonyod,served_by,true
8683,hu:district:fonyod,served_by,true
8684,hu:district:fonyod,served_by,true
8685,hu:district:fonyod,served_by,true
8691,hu:district:fonyod,served_by,true
8692,hu:district:fonyod,served_by,true
8693,hu:district:fonyod,served_by,true
8694,hu:district:fonyod,served_by,true
8695,hu:district:fonyod,served_by,true
8696,hu:district:marcali,served_by,true
8697,hu:district:fonyod,served_by,true
8698,hu:district:fonyod,served_by,true
8699,hu:district:fonyod,served_by,true
8700,hu:district:marcali,served_by,true
8705,hu:district:marcali,served_by,true
8706,hu:district:marcali,served_by,true
8707,hu:district:marcali,served_by,true
8708,hu:district:kaposvar,served_by,true
8709,hu:district:marcali,served_by,true
8710,hu:district:marcali,served_by,true
8711,hu:district:marcali,served_by,true
8712,hu:district:marcali,served_by,true
8713,hu:district:marcali,served_by,true
8714,hu:district:marcali,served_by,true
8715,hu:district:marcali,served_by,true
8716,hu:district:marcali,served_by,true
8717,hu:district:marcali,served_by,true
8718,hu:district:marcali,served_by,true
8719,hu:district:marcali,served_by,true
8721,hu:district:marcali,served_by,true
8722,hu:district:marcali,served_by,true
8723,hu:district:marcali,served_by,true
8724,hu:district:csurgo,served_by,true
8725,hu:district:csurgo,served_by,true
8726,hu:district:csurgo,served_by,true
8728,hu:district:csurgo,served_by,true
8731,hu:district:marcali,served_by,true
8732,hu:district:marcali,served_by,true
8733,hu:district:marcali,served_by,true
8734,hu:district:marcali,served_by,true
8735,hu:district:marcali,served_by,true
8736,hu:district:marcali,served_by,true
8737,hu:district:marcali,served_by,true
8738,hu:district:marcali,served_by,true
8739,hu:district:marcali,served_by,true
8741,hu:district:keszthely,served_by,true
8742,hu:district:keszthely,served_by,true
8743,hu:district:nagykanizsa,served_by,true
8744,hu:district:nagykanizsa,served_by,true
8745,hu:district:nagykanizsa,served_by,true
8746,hu:district:nagykanizsa,served_by,true
8747,hu:district:nagykanizsa,served_by,true
8749,hu:district:nagykanizsa,served_by,true
8751,hu:district:nagykanizsa,served_by,true
8752,hu:district:nagykanizsa,served_by,true
8753,hu:district:nagykanizsa,served_by,true
8754,hu:district:nagykanizsa,served_by,true
8756,hu:district:nagykanizsa,served_by,true
8761,hu:district:zalaegerszeg,served_by,true
8762,hu:district:zalaegerszeg,served_by,true
8762,hu:district:keszthely,served_by,false
8764,hu:district:keszthely,served_by,true
8765,hu:district:keszthely,served_by,true
8767,hu:district:nagykanizsa,served_by,true
8771,hu:district:nagykanizsa,served_by,true
8772,hu:district:nagykanizsa,served_by,true
8773,hu:district:nagykanizsa,served_by,true
8774,hu:district:nagykanizsa,served_by,true
8776,hu:district:nagykanizsa,served_by,true
8777,hu:district:nagykanizsa,served_by,true
8778,hu:district:nagykanizsa,served_by,true
8782,hu:district:keszthely,served_by,true
8782,hu:district:zalaegerszeg,served_by,false
8784,hu:district:zalaszentgrot,served_by,true
8785,hu:district:zalaszentgrot,served_by,true
8788,hu:district:zalaszentgrot,served_by,true
8789,hu:district:zalaszentgrot,served_by,true
8790,hu:district:zalaszentgrot,served_by,true
8792,hu:district:zalaszentgrot,served_by,true
8793,hu:district:zalaszentgrot,served_by,true
8795,hu:district:zalaszentgrot,served_by,true
8796,hu:district:zalaszentgrot,served_by,true
8797,hu:district:zalaszentgrot,served_by,true
8798,hu:district:zalaszentgrot,served_by,true
8799,hu:district:zalaszentgrot,served_by,true
8800,hu:district:nagykanizsa,served_by,true
8808,hu:district:nagykanizsa,served_by,true
8809,hu:district:nagykanizsa,served_by,true
8821,hu:district:nagykanizsa,served_by,true
8822,hu:district:nagykanizsa,served_by,true
8824,hu:district:nagykanizsa,served_by,true
8825,hu:district:nagykanizsa,served_by,true
8827,hu:district:nagykanizsa,served_by,true
8831,hu:district:nagykanizsa,served_by,true
8832,hu:district:nagykanizsa,served_by,true
8834,hu:district:nagykanizsa,served_by,true
8835,hu:district:nagykanizsa,served_by,true
8840,hu:district:csurgo,served_by,true
8849,hu:district:csurgo,served_by,true
8851,hu:district:csurgo,served_by,true
8852,hu:district:csurgo,served_by,true
8853,hu:district:csurgo,served_by,true
8854,hu:district:csurgo,served_by,true
8855,hu:district:nagykanizsa,served_by,true
8856,hu:district:nagykanizsa,served_by,true
8857,hu:district:nagykanizsa,served_by,true
8858,hu:district:csurgo,served_by,true
8861,hu:district:nagykanizsa,served_by,true
8862,hu:district:letenye,served_by,true
8863,hu:district:letenye,served_by,true
8864,hu:district:letenye,served_by,true
8865,hu:district:letenye,served_by,true
8866,hu:district:letenye,served_by,true
8868,hu:district:letenye,served_by,true
8872,hu:district:letenye,served_by,true
8873,hu:district:letenye,served_by,true
8874,hu:district:letenye,served_by,true
8874,hu:district:lenti,served_by,false
8876,hu:district:lenti,served_by,true
8877,hu:district:lenti,served_by,true
8878,hu:district:lenti,served_by,true
8879,hu:district:lenti,served_by,true
8881,hu:district:nagykanizsa,served_by,true
8882,hu:district:nagykanizsa,served_by,true
8883,hu:district:nagykanizsa,served_by,true
8885,hu:district:letenye,served_by,true
8886,hu:district:letenye,served_by,true
8887,hu:district:letenye,served_by,true
8888,hu:district:letenye,served_by,true
8891,hu:district:letenye,served_by,true
8893,hu:district:letenye,served_by,true
8895,hu:district:letenye,served_by,true
8896,hu:district:zalaegerszeg,served_by,true
8897,hu:district:zalaegerszeg,served_by,true
8900,hu:district:zalaegerszeg,served_by,true
8904,hu:district:zalaegerszeg,served_by,true
8911,hu:district:zalaegerszeg,served_by,true
8912,hu:district:zalaegerszeg,served_by,true
8913,hu:district:zalaegerszeg,served_by,true
8914,hu:district:zalaegerszeg,served_by,true
8915,hu:district:zalaegerszeg,served_by,true
8917,hu:district:zalaegerszeg,served_by,true
8918,hu:district:zalaegerszeg,served_by,true
8919,hu:district:zalaegerszeg,served_by,true
8921,hu:district:zalaegerszeg,served_by,true
8923,hu:district:zalaegerszeg,served_by,true
8924,hu:district:zalaegerszeg,served_by,true
8925,hu:district:zalaegerszeg,served_by,true
8926,hu:district:zalaegerszeg,served_by,true
8928,hu:district:zalaegerszeg,served_by,true
8929,hu:district:zalaegerszeg,served_by,true
8931,hu:district:zalaegerszeg,served_by,true
8932,hu:district:zalaegerszeg,served_by,true
8934,hu:district:zalaegerszeg,served_by,true
8935,hu:district:zalaegerszeg,served_by,true
8936,hu:district:zalaegerszeg,served_by,true
8943,hu:district:zalaegerszeg,served_by,true
8944,hu:district:zalaegerszeg,served_by,true
8945,hu:district:zalaegerszeg,served_by,true
8946,hu:district:zalaegerszeg,served_by,true
8947,hu:district:zalaegerszeg,served_by,true
8948,hu:district:lenti,served_by,true
8949,hu:district:lenti,served_by,true
8951,hu:district:zalaegerszeg,served_by,true
8953,hu:district:zalaegerszeg,served_by,true
8954,hu:district:lenti,served_by,true
8956,hu:district:lenti,served_by,true
8957,hu:district:lenti,served_by,true
8958,hu:district:lenti,served_by,true
8960,hu:district:lenti,served_by,true
8966,hu:district:lenti,served_by,true
8969,hu:district:lenti,served_by,true
8971,hu:district:lenti,served_by,true
8973,hu:district:lenti,served_by,true
8975,hu:district:lenti,served_by,true
8976,hu:district:lenti,served_by,true
8977,hu:district:lenti,served_by,true
8978,hu:district:lenti,served_by,true
8981,hu:district:zalaegerszeg,served_by,true
8983,hu:district:zalaegerszeg,served_by,true
8984,hu:district:zalaegerszeg,served_by,true
8985,hu:district:zalaegerszeg,served_by,true
8986,hu:district:lenti,served_by,true
8988,hu:district:lenti,served_by,true
8989,hu:district:zalaegerszeg,served_by,true
8990,hu:district:zalaegerszeg,served_by,true
8991,hu:district:zalaegerszeg,served_by,true
8992,hu:district:zalaegerszeg,served_by,true
8994,hu:district:zalaegerszeg,served_by,true
8995,hu:district:zalaegerszeg,served_by,true
8996,hu:district:zalaegerszeg,served_by,true
8997,hu:district:zalaegerszeg,served_by,true
8998,hu:district:zalaegerszeg,served_by,true
8999,hu:district:zalaegerszeg,served_by,true
9000,hu:district:gyor,served_by,true
9011,hu:district:gyor,served_by,true
9012,hu:district:gyor,served_by,true
9019,hu:district:gyor,served_by,true
9021,hu:district:gyor,served_by,true
9022,hu:district:gyor,served_by,true
9023,hu:district:gyor,served_by,true
9024,hu:district:gyor,served_by,true
9025,hu:district:gyor,served_by,true
9026,hu:district:gyor,served_by,true
9027,hu:district:gyor,served_by,true
9028,hu:district:gyor,served_by,true
9029,hu:district:gyor,served_by,true
9030,hu:district:gyor,served_by,true
9061,hu:district:gyor,served_by,true
9062,hu:district:gyor,served_by,true
9063,hu:district:gyor,served_by,true
9064,hu:district:gyor,served_by,true
9071,hu:district:gyor,served_by,true
9072,hu:district:gyor,served_by,true
9073,hu:district:gyor,served_by,true
9074,hu:district:gyor,served_by,true
9081,hu:district:gyor,served_by,true
9082,hu:district:gyor,served_by,true
9083,hu:district:pannonhalma,served_by,true
9084,hu:district:gyor,served_by,true
9085,hu:district:pannonhalma,served_by,true
9086,hu:district:gyor,served_by,true
9088,hu:district:pannonhalma,served_by,true
9089,hu:district:pannonhalma,served_by,true
9090,hu:district:pannonhalma,served_by,true
9091,hu:district:pannonhalma,served_by,true
9092,hu:district:pannonhalma,served_by,true
9093,hu:district:pannonhalma,served_by,true
9094,hu:district:pannonhalma,served_by,true
9095,hu:district:pannonhalma,served_by,true
9096,hu:district:pannonhalma,served_by,true
9097,hu:district:gyor,served_by,true
9098,hu:district:gyor,served_by,true
9099,hu:district:gyor,served_by,true
9100,hu:district:tet,served_by,true
9111,hu:district:gyor,served_by,true
9112,hu:district:gyor,served_by,true
9113,hu:district:gyor,served_by,true
9121,hu:district:tet,served_by,true
9122,hu:district:tet,served_by,true
9123,hu:district:gyor,served_by,true
9124,hu:district:tet,served_by,true
9125,hu:district:tet,served_by,true
9126,hu:district:tet,served_by,true
9127,hu:district:tet,served_by,true
9131,hu:district:tet,served_by,true
9132,hu:district:tet,served_by,true
9133,hu:district:tet,served_by,true
9134,hu:district:csorna,served_by,true
9135,hu:district:tet,served_by,true
9136,hu:district:tet,served_by,true
9141,hu:district:gyor,served_by,true
9142,hu:district:gyor,served_by,true
9143,hu:district:gyor,served_by,true
9144,hu:district:csorna,served_by,true
9145,hu:district:csorna,served_by,true
9146,hu:district:csorna,served_by,true
9147,hu:district:csorna,served_by,true
9151,hu:district:gyor,served_by,true
9152,hu:district:gyor,served_by,true
9153,hu:district:gyor,served_by,true
9154,hu:district:gyor,served_by,true
9155,hu:district:mosonmagyarovar,served_by,true
9161,hu:district:gyor,served_by,true
9162,hu:district:gyor,served_by,true
9163,hu:district:gyor,served_by,true
9164,hu:district:csorna,served_by,true
9165,hu:district:csorna,served_by,true
9167,hu:district:mosonmagyarovar,served_by,true
9167,hu:district:csorna,served_by,false
9168,hu:district:csorna,served_by,true
9169,hu:district:csorna,served_by,true
9171,hu:district:gyor,served_by,true
9172,hu:district:gyor,served_by,true
9173,hu:district:gyor,served_by,true
9174,hu:district:gyor,served_by,true
9175,hu:district:gyor,served_by,true
9176,hu:district:mosonmagyarovar,served_by,true
9177,hu:district:mosonmagyarovar,served_by,true
9178,hu:district:mosonmagyarovar,served_by,true
9181,hu:district:mosonmagyarovar,served_by,true
9182,hu:district:mosonmagyarovar,served_by,true
9183,hu:district:gyor,served_by,true
9184,hu:district:gyor,served_by,true
9200,hu:district:mosonmagyarovar,served_by,true
9211,hu:district:mosonmagyarovar,served_by,true
9221,hu:district:mosonmagyarovar,served_by,true
9222,hu:district:mosonmagyarovar,served_by,true
9223,hu:district:mosonmagyarovar,served_by,true
9224,hu:district:mosonmagyarovar,served_by,true
9225,hu:district:mosonmagyarovar,served_by,true
9226,hu:district:mosonmagyarovar,served_by,true
9228,hu:district:mosonmagyarovar,served_by,true
9231,hu:district:mosonmagyarovar,served_by,true
9232,hu:district:mosonmagyarovar,served_by,true
9233,hu:district:mosonmagyarovar,served_by,true
9234,hu:district:mosonmagyarovar,served_by,true
9235,hu:district:mosonmagyarovar,served_by,true
9241,hu:district:mosonmagyarovar,served_by,true
9242,hu:district:mosonmagyarovar,served_by,true
9243,hu:district:mosonmagyarovar,served_by,true
9244,hu:district:mosonmagyarovar,served_by,true
9245,hu:district:mosonmagyarovar,served_by,true
9246,hu:district:mosonmagyarovar,served_by,true
9300,hu:district:csorna,served_by,true
9311,hu:district:csorna,served_by,true
9312,hu:district:csorna,served_by,true
9313,hu:district:csorna,served_by,true
9314,hu:district:csorna,served_by,true
9315,hu:district:csorna,served_by,true
9316,hu:district:csorna,served_by,true
9317,hu:district:csorna,served_by,true
9321,hu:district:csorna,served_by,true
9322,hu:district:csorna,served_by,true
9323,hu:district:csorna,served_by,true
9324,hu:district:csorna,served_by,true
9325,hu:district:csorna,served_by,true
9326,hu:district:csorna,served_by,true
9327,hu:district:csorna,served_by,true
9330,hu:district:kapuvar,served_by,true
9339,hu:district:kapuvar,served_by,true
9341,hu:district:kapuvar,served_by,true
9342,hu:district:kapuvar,served_by,true
9343,hu:district:kapuvar,served_by,true
9344,hu:district:kapuvar,served_by,true
9345,hu:district:csorna,served_by,true
9346,hu:district:csorna,served_by,true
9346,hu:district:kapuvar,served_by,false
9351,hu:district:kapuvar,served_by,true
9352,hu:district:kapuvar,served_by,true
9353,hu:district:kapuvar,served_by,true
9354,hu:district:kapuvar,served_by,true
9361,hu:district:kapuvar,served_by,true
9362,hu:district:kapuvar,served_by,true
9363,hu:district:kapuvar,served_by,true
9364,hu:district:kapuvar,served_by,true
9365,hu:district:kapuvar,served_by,true
9371,hu:district:kapuvar,served_by,true
9372,hu:district:sopron,served_by,true
9373,hu:district:sopron,served_by,true
9374,hu:district:sopron,served_by,true
9375,hu:district:sopron,served_by,true
9375,hu:district:kapuvar,served_by,false
9400,hu:district:sopron,served_by,true
9407,hu:district:sopron,served_by,true
9408,hu:district:sopron,served_by,true
9421,hu:district:sopron,served_by,true
9422,hu:district:sopron,served_by,true
9423,hu:district:sopron,served_by,true
9431,hu:district:sopron,served_by,true
9433,hu:district:sopron,served_by,true
9434,hu:district:sopron,served_by,true
9435,hu:district:sopron,served_by,true
9436,hu:district:sopron,served_by,true
9437,hu:district:sopron,served_by,true
9438,hu:district:sopron,served_by,true
9441,hu:district:kapuvar,served_by,true
9442,hu:district:sopron,served_by,true
9443,hu:district:sopron,served_by,true
9444,hu:district:sopron,served_by,true
9451,hu:district:sopron,served_by,true
9461,hu:district:sopron,served_by,true
9462,hu:district:sopron,served_by,true
9463,hu:district:sopron,served_by,true
9464,hu:district:sopron,served_by,true
9471,hu:district:sopron,served_by,true
9472,hu:district:sopron,served_by,true
9473,hu:district:sopron,served_by,true
9474,hu:district:sopron,served_by,true
9475,hu:district:sopron,served_by,true
9476,hu:district:sopron,served_by,true
9481,hu:district:sopron,served_by,true
9482,hu:district:sopron,served_by,true
9483,hu:district:sopron,served_by,true
9484,hu:district:sopron,served_by,true
9485,hu:district:sopron,served_by,true
9491,hu:district:sopron,served_by,true
9492,hu:district:sopron,served_by,true
9493,hu:district:sopron,served_by,true
9494,hu:district:sopron,served_by,true
9495,hu:district:sopron,served_by,true
9500,hu:district:celldomolk,served_by,true
9511,hu:district:celldomolk,served_by,true
9512,hu:district:celldomolk,served_by,true
9513,hu:district:celldomolk,served_by,true
9514,hu:district:celldomolk,served_by,true
9515,hu:district:celldomolk,served_by,true
9516,hu:district:celldomolk,served_by,true
9517,hu:district:celldomolk,served_by,true
9521,hu:district:celldomolk,served_by,true
9522,hu:district:celldomolk,served_by,true
9523,hu:district:celldomolk,served_by,true
9531,hu:district:celldomolk,served_by,true
9532,hu:district:papa,served_by,true
9533,hu:district:papa,served_by,true
9534,hu:district:papa,served_by,true
9541,hu:district:celldomolk,served_by,true
9542,hu:district:celldomolk,served_by,true
9544,hu:district:celldomolk,served_by,true
9545,hu:district:celldomolk,served_by,true
9547,hu:district:celldomolk,served_by,true
9548,hu:district:celldomolk,served_by,true
9549,hu:district:celldomolk,served_by,true
9551,hu:district:celldomolk,served_by,true
9552,hu:district:sarvar,served_by,true
9553,hu:district:celldomolk,served_by,true
9554,hu:district:celldomolk,served_by,true
9555,hu:district:celldomolk,served_by,true
9556,hu:district:celldomolk,served_by,true
9561,hu:district:celldomolk,served_by,true
9600,hu:district:sarvar,served_by,true
9608,hu:district:sarvar,served_by,true
9609,hu:district:sarvar,served_by,true
9611,hu:district:sarvar,served_by,true
9612,hu:district:sarvar,served_by,true
9621,hu:district:sarvar,served_by,true
9622,hu:district:sarvar,served_by,true
9623,hu:district:sarvar,served_by,true
9624,hu:district:sarvar,served_by,true
9625,hu:district:sarvar,served_by,true
9631,hu:district:sarvar,served_by,true
9632,hu:district:sarvar,served_by,true
9633,hu:district:sarvar,served_by,true
9634,hu:district:koszeg,served_by,true
9635,hu:district:sarvar,served_by,true
9636,hu:district:sarvar,served_by,true
9641,hu:district:sarvar,served_by,true
9643,hu:district:sarvar,served_by,true
9651,hu:district:sarvar,served_by,true
9652,hu:district:sarvar,served_by,true
9653,hu:district:sarvar,served_by,true
9654,hu:district:sarvar,served_by,true
9661,hu:district:sarvar,served_by,true
9662,hu:district:sarvar,served_by,true
9663,hu:district:sarvar,served_by,true
9664,hu:district:sarvar,served_by,true
9665,hu:district:sarvar,served_by,true
9671,hu:district:sarvar,served_by,true
9672,hu:district:sarvar,served_by,true
9673,hu:district:sarvar,served_by,true
9674,hu:district:sarvar,served_by,true
9675,hu:district:sarvar,served_by,true
9676,hu:district:sarvar,served_by,true
9681,hu:district:sarvar,served_by,true
9682,hu:district:sarvar,served_by,true
9683,hu:district:sarvar,served_by,true
9684,hu:district:vasvar,served_by,true
9685,hu:district:vasvar,served_by,true
9700,hu:district:szombathely,served_by,true
9707,hu:district:szombathely,served_by,true
9721,hu:district:szombathely,served_by,true
9722,hu:district:szombathely,served_by,true
9723,hu:district:koszeg,served_by,true
9724,hu:district:koszeg,served_by,true
9725,hu:district:koszeg,served_by,true
9726,hu:district:koszeg,served_by,true
9727,hu:district:koszeg,served_by,true
9730,hu:district:koszeg,served_by,true
9733,hu:district:koszeg,served_by,true
9734,hu:district:koszeg,served_by,true
9735,hu:district:koszeg,served_by,true
9736,hu:district:koszeg,served_by,true
9737,hu:district:koszeg,served_by,true
9738,hu:district:koszeg,served_by,true
9739,hu:district:koszeg,served_by,true
9740,hu:district:koszeg,served_by,true
9741,hu:district:szombathely,served_by,true
9742,hu:district:szombathely,served_by,true
9743,hu:district:szombathely,served_by,true
9744,hu:district:szombathely,served_by,true
9745,hu:district:szombathely,served_by,true
9746,hu:district:szombathely,served_by,true
9747,hu:district:szombathely,served_by,true
9748,hu:district:szombathely,served_by,true
9749,hu:district:szombathely,served_by,true
9751,hu:district:szombathely,served_by,true
9752,hu:district:szombathely,served_by,true
9752,hu:district:sarvar,served_by,false
9754,hu:district:sarvar,served_by,true
9756,hu:district:sarvar,served_by,true
9757,hu:district:sarvar,served_by,true
9761,hu:district:szombathely,served_by,true
9762,hu:district:szombathely,served_by,true
9763,hu:district:szombathely,served_by,true
9764,hu:district:sarvar,served_by,true
9764,hu:district:szombathely,served_by,false
9766,hu:district:szombathely,served_by,true
9771,hu:district:szombathely,served_by,true
9772,hu:district:szombathely,served_by,true
9773,hu:district:szombathely,served_by,true
9774,hu:district:szombathely,served_by,true
9775,hu:district:szombathely,served_by,true
9776,hu:district:vasvar,served_by,true
9777,hu:district:vasvar,served_by,true
9781,hu:district:kormend,served_by,true
9782,hu:district:kormend,served_by,true
9783,hu:district:kormend,served_by,true
9784,hu:district:kormend,served_by,true
9789,hu:district:szombathely,served_by,true
9791,hu:district:szombathely,served_by,true
9792,hu:district:szombathely,served_by,true
9793,hu:district:szombathely,served_by,true
9794,hu:district:szombathely,served_by,true
9795,hu:district:szombathely,served_by,true
9796,hu:district:szombathely,served_by,true
9797,hu:district:szombathely,served_by,true
9798,hu:district:szombathely,served_by,true
9799,hu:district:szombathely,served_by,true
9800,hu:district:vasvar,served_by,true
9811,hu:district:vasvar,served_by,true
9812,hu:district:vasvar,served_by,true
9813,hu:district:vasvar,served_by,true
9814,hu:district:kormend,served_by,true
9821,hu:district:vasvar,served_by,true
9823,hu:district:vasvar,served_by,true
9824,hu:district:vasvar,served_by,true
9825,hu:district:vasvar,served_by,true
9826,hu:district:vasvar,served_by,true
9831,hu:district:vasvar,served_by,true
9832,hu:district:vasvar,served_by,true
9833,hu:district:vasvar,served_by,true
9834,hu:district:vasvar,served_by,true
9835,hu:district:vasvar,served_by,true
9836,hu:district:vasvar,served_by,true
9841,hu:district:vasvar,served_by,true
9842,hu:district:vasvar,served_by,true
9900,hu:district:kormend,served_by,true
9909,hu:district:kormend,served_by,true
9912,hu:district:kormend,served_by,true
9913,hu:district:kormend,served_by,true
9914,hu:district:kormend,served_by,true
9915,hu:district:kormend,served_by,true
9917,hu:district:kormend,served_by,true
9918,hu:district:kormend,served_by,true
9919,hu:district:kormend,served_by,true
9921,hu:district:kormend,served_by,true
9922,hu:district:kormend,served_by,true
9923,hu:district:kormend,served_by,true
9931,hu:district:kormend,served_by,true
9932,hu:district:kormend,served_by,true
9933,hu:district:kormend,served_by,true
9934,hu:district:kormend,served_by,true
9935,hu:district:kormend,served_by,true
9936,hu:district:kormend,served_by,true
9937,hu:district:kormend,served_by,true
9938,hu:district:kormend,served_by,true
9941,hu:district:kormend,served_by,true
9942,hu:district:kormend,served_by,true
9943,hu:district:szentgotthard,served_by,true
9944,hu:district:kormend,served_by,true
9945,hu:district:kormend,served_by,true
9946,hu:district:kormend,served_by,true
9951,hu:district:szentgotthard,served_by,true
9952,hu:district:szentgotthard,served_by,true
9953,hu:district:szentgotthard,served_by,true
9954,hu:district:szentgotthard,served_by,true
9955,hu:district:szentgotthard,served_by,true
9961,hu:district:szentgotthard,served_by,true
9962,hu:district:szentgotthard,served_by,true
9970,hu:district:szentgotthard,served_by,true
9981,hu:district:szentgotthard,served_by,true
9982,hu:district:szentgotthard,served_by,true
9983,hu:district:szentgotthard,served_by,true
9985,hu:district:szentgotthard,served_by,true
