postcode,area_source_id,relationship_type,is_primary
010000,kz:city:astana,served_by,true
010001,kz:city:astana,served_by,true
010002,kz:city:astana,served_by,true
010003,kz:city:astana,served_by,true
010004,kz:city:astana,served_by,true
010005,kz:city:astana,served_by,true
010006,kz:city:astana,served_by,true
010007,kz:city:astana,served_by,true
010008,kz:city:astana,served_by,true
010009,kz:city:astana,served_by,true
010010,kz:city:astana,served_by,true
010011,kz:city:astana,served_by,true
010012,kz:city:astana,served_by,true
010013,kz:city:astana,served_by,true
010014,kz:city:astana,served_by,true
010015,kz:city:astana,served_by,true
010019,kz:city:astana,served_by,true
010029,kz:city:astana,served_by,true
010030,kz:city:astana,served_by,true
010031,kz:city:astana,served_by,true
010032,kz:city:astana,served_by,true
019900,kz:city:astana,served_by,true
020000,kz:region:akmola,served_by,true
020001,kz:region:akmola,served_by,true
020002,kz:region:akmola,served_by,true
020003,kz:region:akmola,served_by,true
020004,kz:region:akmola,served_by,true
020005,kz:region:akmola,served_by,true
020006,kz:region:akmola,served_by,true
020007,kz:region:akmola,served_by,true
020008,kz:region:akmola,served_by,true
020009,kz:region:akmola,served_by,true
020010,kz:region:akmola,served_by,true
020011,kz:region:akmola,served_by,true
020100,kz:region:akmola,served_by,true
020101,kz:region:akmola,served_by,true
020102,kz:region:akmola,served_by,true
020103,kz:region:akmola,served_by,true
020104,kz:region:akmola,served_by,true
020105,kz:region:akmola,served_by,true
020106,kz:region:akmola,served_by,true
020107,kz:region:akmola,served_by,true
020108,kz:region:akmola,served_by,true
020109,kz:region:akmola,served_by,true
020110,kz:region:akmola,served_by,true
020111,kz:region:akmola,served_by,true
020112,kz:region:akmola,served_by,true
020113,kz:region:akmola,served_by,true
020200,kz:region:akmola,served_by,true
020201,kz:region:akmola,served_by,true
020202,kz:region:akmola,served_by,true
020203,kz:region:akmola,served_by,true
020204,kz:region:akmola,served_by,true
020205,kz:region:akmola,served_by,true
020206,kz:region:akmola,served_by,true
020207,kz:region:akmola,served_by,true
020208,kz:region:akmola,served_by,true
020209,kz:region:akmola,served_by,true
020210,kz:region:akmola,served_by,true
020211,kz:region:akmola,served_by,true
020212,kz:region:akmola,served_by,true
020213,kz:region:akmola,served_by,true
020214,kz:region:akmola,served_by,true
020300,kz:region:akmola,served_by,true
020301,kz:region:akmola,served_by,true
020302,kz:region:akmola,served_by,true
020303,kz:region:akmola,served_by,true
020304,kz:region:akmola,served_by,true
020305,kz:region:akmola,served_by,true
020306,kz:region:akmola,served_by,true
020307,kz:region:akmola,served_by,true
020308,kz:region:akmola,served_by,true
020309,kz:region:akmola,served_by,true
020310,kz:region:akmola,served_by,true
020311,kz:region:akmola,served_by,true
020312,kz:region:akmola,served_by,true
020313,kz:region:akmola,served_by,true
020314,kz:region:akmola,served_by,true
020315,kz:region:akmola,served_by,true
020316,kz:region:akmola,served_by,true
020317,kz:region:akmola,served_by,true
020318,kz:region:akmola,served_by,true
020319,kz:region:akmola,served_by,true
020320,kz:region:akmola,served_by,true
020321,kz:region:akmola,served_by,true
020322,kz:region:akmola,served_by,true
020323,kz:region:akmola,served_by,true
020324,kz:region:akmola,served_by,true
020325,kz:region:akmola,served_by,true
020326,kz:region:akmola,served_by,true
020400,kz:region:akmola,served_by,true
020401,kz:region:akmola,served_by,true
020402,kz:region:akmola,served_by,true
020403,kz:region:akmola,served_by,true
020405,kz:region:akmola,served_by,true
020406,kz:region:akmola,served_by,true
020407,kz:region:akmola,served_by,true
020408,kz:region:akmola,served_by,true
020409,kz:region:akmola,served_by,true
020410,kz:region:akmola,served_by,true
020411,kz:region:akmola,served_by,true
020412,kz:region:akmola,served_by,true
020413,kz:region:akmola,served_by,true
020414,kz:region:akmola,served_by,true
020415,kz:region:akmola,served_by,true
020416,kz:region:akmola,served_by,true
020418,kz:region:akmola,served_by,true
020419,kz:region:akmola,served_by,true
020420,kz:region:akmola,served_by,true
020421,kz:region:akmola,served_by,true
020422,kz:region:akmola,served_by,true
020423,kz:region:akmola,served_by,true
020424,kz:region:akmola,served_by,true
020425,kz:region:akmola,served_by,true
020426,kz:region:akmola,served_by,true
020427,kz:region:akmola,served_by,true
020428,kz:region:akmola,served_by,true
020500,kz:region:akmola,served_by,true
020501,kz:region:akmola,served_by,true
020502,kz:region:akmola,served_by,true
020503,kz:region:akmola,served_by,true
020504,kz:region:akmola,served_by,true
020505,kz:region:akmola,served_by,true
020506,kz:region:akmola,served_by,true
020507,kz:region:akmola,served_by,true
020508,kz:region:akmola,served_by,true
020509,kz:region:akmola,served_by,true
020510,kz:region:akmola,served_by,true
020511,kz:region:akmola,served_by,true
020512,kz:region:akmola,served_by,true
020513,kz:region:akmola,served_by,true
020600,kz:region:akmola,served_by,true
020601,kz:region:akmola,served_by,true
020602,kz:region:akmola,served_by,true
020603,kz:region:akmola,served_by,true
020604,kz:region:akmola,served_by,true
020605,kz:region:akmola,served_by,true
020606,kz:region:akmola,served_by,true
020607,kz:region:akmola,served_by,true
020608,kz:region:akmola,served_by,true
020700,kz:region:akmola,served_by,true
020701,kz:region:akmola,served_by,true
020702,kz:region:akmola,served_by,true
020703,kz:region:akmola,served_by,true
020704,kz:region:akmola,served_by,true
020705,kz:region:akmola,served_by,true
020706,kz:region:akmola,served_by,true
020707,kz:region:akmola,served_by,true
020708,kz:region:akmola,served_by,true
020709,kz:region:akmola,served_by,true
020710,kz:region:akmola,served_by,true
020800,kz:region:akmola,served_by,true
020801,kz:region:akmola,served_by,true
020802,kz:region:akmola,served_by,true
020803,kz:region:akmola,served_by,true
020804,kz:region:akmola,served_by,true
020805,kz:region:akmola,served_by,true
020806,kz:region:akmola,served_by,true
020807,kz:region:akmola,served_by,true
020808,kz:region:akmola,served_by,true
020809,kz:region:akmola,served_by,true
020810,kz:region:akmola,served_by,true
020900,kz:region:akmola,served_by,true
020901,kz:region:akmola,served_by,true
020902,kz:region:akmola,served_by,true
020903,kz:region:akmola,served_by,true
020904,kz:region:akmola,served_by,true
020905,kz:region:akmola,served_by,true
020906,kz:region:akmola,served_by,true
020907,kz:region:akmola,served_by,true
020908,kz:region:akmola,served_by,true
020909,kz:region:akmola,served_by,true
020910,kz:region:akmola,served_by,true
020911,kz:region:akmola,served_by,true
020912,kz:region:akmola,served_by,true
020913,kz:region:akmola,served_by,true
020914,kz:region:akmola,served_by,true
020915,kz:region:akmola,served_by,true
020916,kz:region:akmola,served_by,true
020917,kz:region:akmola,served_by,true
020918,kz:region:akmola,served_by,true
020919,kz:region:akmola,served_by,true
020920,kz:region:akmola,served_by,true
021300,kz:region:akmola,served_by,true
021301,kz:region:akmola,served_by,true
021302,kz:region:akmola,served_by,true
021303,kz:region:akmola,served_by,true
021304,kz:region:akmola,served_by,true
021305,kz:region:akmola,served_by,true
021306,kz:region:akmola,served_by,true
021307,kz:region:akmola,served_by,true
021308,kz:region:akmola,served_by,true
021309,kz:region:akmola,served_by,true
021400,kz:region:akmola,served_by,true
021401,kz:region:akmola,served_by,true
021403,kz:region:akmola,served_by,true
021404,kz:region:akmola,served_by,true
021405,kz:region:akmola,served_by,true
021406,kz:region:akmola,served_by,true
021407,kz:region:akmola,served_by,true
021408,kz:region:akmola,served_by,true
021409,kz:region:akmola,served_by,true
021410,kz:region:akmola,served_by,true
021411,kz:region:akmola,served_by,true
021412,kz:region:akmola,served_by,true
021413,kz:region:akmola,served_by,true
021415,kz:region:akmola,served_by,true
021416,kz:region:akmola,served_by,true
021419,kz:region:akmola,served_by,true
021421,kz:region:akmola,served_by,true
021422,kz:region:akmola,served_by,true
021423,kz:region:akmola,served_by,true
021427,kz:region:akmola,served_by,true
021428,kz:region:akmola,served_by,true
021600,kz:region:akmola,served_by,true
021601,kz:region:akmola,served_by,true
021602,kz:region:akmola,served_by,true
021603,kz:region:akmola,served_by,true
021604,kz:region:akmola,served_by,true
021605,kz:region:akmola,served_by,true
021606,kz:region:akmola,served_by,true
021607,kz:region:akmola,served_by,true
021608,kz:region:akmola,served_by,true
021609,kz:region:akmola,served_by,true
021610,kz:region:akmola,served_by,true
021611,kz:region:akmola,served_by,true
021612,kz:region:akmola,served_by,true
021613,kz:region:akmola,served_by,true
021614,kz:region:akmola,served_by,true
021615,kz:region:akmola,served_by,true
021800,kz:region:akmola,served_by,true
021801,kz:region:akmola,served_by,true
021802,kz:region:akmola,served_by,true
021803,kz:region:akmola,served_by,true
021804,kz:region:akmola,served_by,true
021805,kz:region:akmola,served_by,true
021806,kz:region:akmola,served_by,true
021807,kz:region:akmola,served_by,true
021808,kz:region:akmola,served_by,true
021809,kz:region:akmola,served_by,true
021810,kz:region:akmola,served_by,true
021811,kz:region:akmola,served_by,true
021812,kz:region:akmola,served_by,true
029900,kz:region:akmola,served_by,true
030000,kz:region:aktobe,served_by,true
030001,kz:region:aktobe,served_by,true
030002,kz:region:aktobe,served_by,true
030003,kz:region:aktobe,served_by,true
030004,kz:region:aktobe,served_by,true
030005,kz:region:aktobe,served_by,true
030006,kz:region:aktobe,served_by,true
030007,kz:region:aktobe,served_by,true
030008,kz:region:aktobe,served_by,true
030009,kz:region:aktobe,served_by,true
030010,kz:region:aktobe,served_by,true
030011,kz:region:aktobe,served_by,true
030012,kz:region:aktobe,served_by,true
030013,kz:region:aktobe,served_by,true
030014,kz:region:aktobe,served_by,true
030015,kz:region:aktobe,served_by,true
030016,kz:region:aktobe,served_by,true
030017,kz:region:aktobe,served_by,true
030018,kz:region:aktobe,served_by,true
030019,kz:region:aktobe,served_by,true
030020,kz:region:aktobe,served_by,true
030021,kz:region:aktobe,served_by,true
030100,kz:region:aktobe,served_by,true
030101,kz:region:aktobe,served_by,true
030102,kz:region:aktobe,served_by,true
030103,kz:region:aktobe,served_by,true
030104,kz:region:aktobe,served_by,true
030105,kz:region:aktobe,served_by,true
030106,kz:region:aktobe,served_by,true
030107,kz:region:aktobe,served_by,true
030108,kz:region:aktobe,served_by,true
030109,kz:region:aktobe,served_by,true
030110,kz:region:aktobe,served_by,true
030111,kz:region:aktobe,served_by,true
030112,kz:region:aktobe,served_by,true
030113,kz:region:aktobe,served_by,true
030114,kz:region:aktobe,served_by,true
030115,kz:region:aktobe,served_by,true
030116,kz:region:aktobe,served_by,true
030117,kz:region:aktobe,served_by,true
030118,kz:region:aktobe,served_by,true
030119,kz:region:aktobe,served_by,true
030120,kz:region:aktobe,served_by,true
030121,kz:region:aktobe,served_by,true
030123,kz:region:aktobe,served_by,true
030200,kz:region:aktobe,served_by,true
030201,kz:region:aktobe,served_by,true
030202,kz:region:aktobe,served_by,true
030203,kz:region:aktobe,served_by,true
030204,kz:region:aktobe,served_by,true
030205,kz:region:aktobe,served_by,true
030206,kz:region:aktobe,served_by,true
030207,kz:region:aktobe,served_by,true
030208,kz:region:aktobe,served_by,true
030209,kz:region:aktobe,served_by,true
030210,kz:region:aktobe,served_by,true
030211,kz:region:aktobe,served_by,true
030212,kz:region:aktobe,served_by,true
030213,kz:region:aktobe,served_by,true
030214,kz:region:aktobe,served_by,true
030300,kz:region:aktobe,served_by,true
030301,kz:region:aktobe,served_by,true
030302,kz:region:aktobe,served_by,true
030303,kz:region:aktobe,served_by,true
030304,kz:region:aktobe,served_by,true
030305,kz:region:aktobe,served_by,true
030306,kz:region:aktobe,served_by,true
030307,kz:region:aktobe,served_by,true
030308,kz:region:aktobe,served_by,true
030309,kz:region:aktobe,served_by,true
030310,kz:region:aktobe,served_by,true
030311,kz:region:aktobe,served_by,true
030312,kz:region:aktobe,served_by,true
030400,kz:region:aktobe,served_by,true
030401,kz:region:aktobe,served_by,true
030402,kz:region:aktobe,served_by,true
030403,kz:region:aktobe,served_by,true
030404,kz:region:aktobe,served_by,true
030405,kz:region:aktobe,served_by,true
030406,kz:region:aktobe,served_by,true
030407,kz:region:aktobe,served_by,true
030408,kz:region:aktobe,served_by,true
030409,kz:region:aktobe,served_by,true
030410,kz:region:aktobe,served_by,true
030411,kz:region:aktobe,served_by,true
030412,kz:region:aktobe,served_by,true
030413,kz:region:aktobe,served_by,true
030500,kz:region:aktobe,served_by,true
030501,kz:region:aktobe,served_by,true
030502,kz:region:aktobe,served_by,true
030503,kz:region:aktobe,served_by,true
030504,kz:region:aktobe,served_by,true
030505,kz:region:aktobe,served_by,true
030506,kz:region:aktobe,served_by,true
030507,kz:region:aktobe,served_by,true
030508,kz:region:aktobe,served_by,true
030509,kz:region:aktobe,served_by,true
030510,kz:region:aktobe,served_by,true
030511,kz:region:aktobe,served_by,true
030512,kz:region:aktobe,served_by,true
030513,kz:region:aktobe,served_by,true
030600,kz:region:aktobe,served_by,true
030601,kz:region:aktobe,served_by,true
030602,kz:region:aktobe,served_by,true
030603,kz:region:aktobe,served_by,true
030604,kz:region:aktobe,served_by,true
030605,kz:region:aktobe,served_by,true
030606,kz:region:aktobe,served_by,true
030608,kz:region:aktobe,served_by,true
030609,kz:region:aktobe,served_by,true
030610,kz:region:aktobe,served_by,true
030611,kz:region:aktobe,served_by,true
030612,kz:region:aktobe,served_by,true
030613,kz:region:aktobe,served_by,true
030614,kz:region:aktobe,served_by,true
030615,kz:region:aktobe,served_by,true
030616,kz:region:aktobe,served_by,true
030708,kz:region:aktobe,served_by,true
030709,kz:region:aktobe,served_by,true
030710,kz:region:aktobe,served_by,true
030711,kz:region:aktobe,served_by,true
030712,kz:region:aktobe,served_by,true
030713,kz:region:aktobe,served_by,true
030714,kz:region:aktobe,served_by,true
031000,kz:region:aktobe,served_by,true
031001,kz:region:aktobe,served_by,true
031002,kz:region:aktobe,served_by,true
031003,kz:region:aktobe,served_by,true
031004,kz:region:aktobe,served_by,true
031005,kz:region:aktobe,served_by,true
031006,kz:region:aktobe,served_by,true
031007,kz:region:aktobe,served_by,true
031008,kz:region:aktobe,served_by,true
031009,kz:region:aktobe,served_by,true
031010,kz:region:aktobe,served_by,true
031011,kz:region:aktobe,served_by,true
031012,kz:region:aktobe,served_by,true
031013,kz:region:aktobe,served_by,true
031014,kz:region:aktobe,served_by,true
031015,kz:region:aktobe,served_by,true
031016,kz:region:aktobe,served_by,true
031017,kz:region:aktobe,served_by,true
031018,kz:region:aktobe,served_by,true
031100,kz:region:aktobe,served_by,true
031101,kz:region:aktobe,served_by,true
031102,kz:region:aktobe,served_by,true
031103,kz:region:aktobe,served_by,true
031104,kz:region:aktobe,served_by,true
031105,kz:region:aktobe,served_by,true
031106,kz:region:aktobe,served_by,true
031107,kz:region:aktobe,served_by,true
031108,kz:region:aktobe,served_by,true
031109,kz:region:aktobe,served_by,true
031110,kz:region:aktobe,served_by,true
031111,kz:region:aktobe,served_by,true
031112,kz:region:aktobe,served_by,true
031113,kz:region:aktobe,served_by,true
031114,kz:region:aktobe,served_by,true
031115,kz:region:aktobe,served_by,true
031116,kz:region:aktobe,served_by,true
031117,kz:region:aktobe,served_by,true
031118,kz:region:aktobe,served_by,true
031119,kz:region:aktobe,served_by,true
031120,kz:region:aktobe,served_by,true
031300,kz:region:aktobe,served_by,true
031301,kz:region:aktobe,served_by,true
031302,kz:region:aktobe,served_by,true
039900,kz:region:aktobe,served_by,true
040000,kz:region:jetisu,served_by,true
040001,kz:region:jetisu,served_by,true
040002,kz:region:jetisu,served_by,true
040003,kz:region:jetisu,served_by,true
040004,kz:region:jetisu,served_by,true
040005,kz:region:jetisu,served_by,true
040006,kz:region:jetisu,served_by,true
040007,kz:region:jetisu,served_by,true
040008,kz:region:jetisu,served_by,true
040009,kz:region:jetisu,served_by,true
040010,kz:region:jetisu,served_by,true
040011,kz:region:jetisu,served_by,true
040012,kz:region:jetisu,served_by,true
040013,kz:region:jetisu,served_by,true
040100,kz:region:jetisu,served_by,true
040101,kz:region:jetisu,served_by,true
040102,kz:region:jetisu,served_by,true
040103,kz:region:jetisu,served_by,true
040104,kz:region:jetisu,served_by,true
040105,kz:region:jetisu,served_by,true
040106,kz:region:jetisu,served_by,true
040107,kz:region:jetisu,served_by,true
040108,kz:region:jetisu,served_by,true
040109,kz:region:jetisu,served_by,true
040110,kz:region:jetisu,served_by,true
040111,kz:region:jetisu,served_by,true
040112,kz:region:jetisu,served_by,true
040113,kz:region:jetisu,served_by,true
040114,kz:region:jetisu,served_by,true
040115,kz:region:jetisu,served_by,true
040116,kz:region:jetisu,served_by,true
040117,kz:region:jetisu,served_by,true
040118,kz:region:jetisu,served_by,true
040119,kz:region:jetisu,served_by,true
040120,kz:region:jetisu,served_by,true
040121,kz:region:jetisu,served_by,true
040122,kz:region:jetisu,served_by,true
040123,kz:region:jetisu,served_by,true
040124,kz:region:jetisu,served_by,true
040200,kz:region:jetisu,served_by,true
040201,kz:region:jetisu,served_by,true
040202,kz:region:jetisu,served_by,true
040203,kz:region:jetisu,served_by,true
040204,kz:region:jetisu,served_by,true
040205,kz:region:jetisu,served_by,true
040206,kz:region:jetisu,served_by,true
040207,kz:region:jetisu,served_by,true
040208,kz:region:jetisu,served_by,true
040209,kz:region:jetisu,served_by,true
040210,kz:region:jetisu,served_by,true
040211,kz:region:jetisu,served_by,true
040212,kz:region:jetisu,served_by,true
040213,kz:region:jetisu,served_by,true
040214,kz:region:jetisu,served_by,true
040215,kz:region:jetisu,served_by,true
040216,kz:region:jetisu,served_by,true
040217,kz:region:jetisu,served_by,true
040218,kz:region:jetisu,served_by,true
040219,kz:region:jetisu,served_by,true
040220,kz:region:jetisu,served_by,true
040221,kz:region:jetisu,served_by,true
040222,kz:region:jetisu,served_by,true
040223,kz:region:jetisu,served_by,true
040224,kz:region:jetisu,served_by,true
040225,kz:region:jetisu,served_by,true
040226,kz:region:jetisu,served_by,true
040227,kz:region:jetisu,served_by,true
040228,kz:region:jetisu,served_by,true
040229,kz:region:jetisu,served_by,true
040230,kz:region:jetisu,served_by,true
040231,kz:region:jetisu,served_by,true
040232,kz:region:jetisu,served_by,true
040233,kz:region:jetisu,served_by,true
040234,kz:region:jetisu,served_by,true
040235,kz:region:jetisu,served_by,true
040236,kz:region:jetisu,served_by,true
040237,kz:region:jetisu,served_by,true
040238,kz:region:jetisu,served_by,true
040239,kz:region:jetisu,served_by,true
040300,kz:region:almaty,served_by,true
040301,kz:region:almaty,served_by,true
040302,kz:region:almaty,served_by,true
040303,kz:region:almaty,served_by,true
040304,kz:region:almaty,served_by,true
040305,kz:region:almaty,served_by,true
040306,kz:region:almaty,served_by,true
040307,kz:region:almaty,served_by,true
040308,kz:region:almaty,served_by,true
040309,kz:region:almaty,served_by,true
040310,kz:region:almaty,served_by,true
040311,kz:region:almaty,served_by,true
040312,kz:region:almaty,served_by,true
040313,kz:region:almaty,served_by,true
040314,kz:region:almaty,served_by,true
040315,kz:region:almaty,served_by,true
040316,kz:region:almaty,served_by,true
040317,kz:region:almaty,served_by,true
040318,kz:region:almaty,served_by,true
040400,kz:region:almaty,served_by,true
040401,kz:region:almaty,served_by,true
040402,kz:region:almaty,served_by,true
040403,kz:region:almaty,served_by,true
040405,kz:region:almaty,served_by,true
040406,kz:region:almaty,served_by,true
040407,kz:region:almaty,served_by,true
040408,kz:region:almaty,served_by,true
040409,kz:region:almaty,served_by,true
040411,kz:region:almaty,served_by,true
040412,kz:region:almaty,served_by,true
040413,kz:region:almaty,served_by,true
040414,kz:region:almaty,served_by,true
040418,kz:region:almaty,served_by,true
040420,kz:region:almaty,served_by,true
040423,kz:region:almaty,served_by,true
040424,kz:region:almaty,served_by,true
040425,kz:region:almaty,served_by,true
040427,kz:region:almaty,served_by,true
040429,kz:region:almaty,served_by,true
040431,kz:region:almaty,served_by,true
040432,kz:region:almaty,served_by,true
040434,kz:region:almaty,served_by,true
040435,kz:region:almaty,served_by,true
040438,kz:region:almaty,served_by,true
040439,kz:region:almaty,served_by,true
040440,kz:region:almaty,served_by,true
040442,kz:region:almaty,served_by,true
040443,kz:region:almaty,served_by,true
040444,kz:region:almaty,served_by,true
040447,kz:region:almaty,served_by,true
040451,kz:region:almaty,served_by,true
040452,kz:region:almaty,served_by,true
040454,kz:region:almaty,served_by,true
040455,kz:region:almaty,served_by,true
040457,kz:region:almaty,served_by,true
040460,kz:region:almaty,served_by,true
040461,kz:region:almaty,served_by,true
040500,kz:region:jetisu,served_by,true
040501,kz:region:jetisu,served_by,true
040502,kz:region:jetisu,served_by,true
040503,kz:region:jetisu,served_by,true
040504,kz:region:jetisu,served_by,true
040505,kz:region:jetisu,served_by,true
040506,kz:region:jetisu,served_by,true
040507,kz:region:jetisu,served_by,true
040508,kz:region:jetisu,served_by,true
040509,kz:region:jetisu,served_by,true
040510,kz:region:jetisu,served_by,true
040511,kz:region:jetisu,served_by,true
040512,kz:region:jetisu,served_by,true
040513,kz:region:jetisu,served_by,true
040514,kz:region:jetisu,served_by,true
040515,kz:region:jetisu,served_by,true
040516,kz:region:jetisu,served_by,true
040517,kz:region:jetisu,served_by,true
040518,kz:region:jetisu,served_by,true
040519,kz:region:jetisu,served_by,true
040520,kz:region:jetisu,served_by,true
040521,kz:region:jetisu,served_by,true
040700,kz:region:almaty,served_by,true
040701,kz:region:almaty,served_by,true
040702,kz:region:almaty,served_by,true
040703,kz:region:almaty,served_by,true
040704,kz:region:almaty,served_by,true
040705,kz:region:almaty,served_by,true
040706,kz:region:almaty,served_by,true
040707,kz:region:almaty,served_by,true
040708,kz:region:almaty,served_by,true
040709,kz:region:almaty,served_by,true
040710,kz:region:almaty,served_by,true
040711,kz:region:almaty,served_by,true
040712,kz:region:almaty,served_by,true
040713,kz:region:almaty,served_by,true
040714,kz:region:almaty,served_by,true
040715,kz:region:almaty,served_by,true
040716,kz:region:almaty,served_by,true
040717,kz:region:almaty,served_by,true
040718,kz:region:almaty,served_by,true
040719,kz:region:almaty,served_by,true
040720,kz:region:almaty,served_by,true
040721,kz:region:almaty,served_by,true
040722,kz:region:almaty,served_by,true
040723,kz:region:almaty,served_by,true
040724,kz:region:almaty,served_by,true
040725,kz:region:almaty,served_by,true
040726,kz:region:almaty,served_by,true
040727,kz:region:almaty,served_by,true
040728,kz:region:almaty,served_by,true
040729,kz:region:almaty,served_by,true
040800,kz:region:almaty,served_by,true
040801,kz:region:almaty,served_by,true
040802,kz:region:almaty,served_by,true
040803,kz:region:almaty,served_by,true
040804,kz:region:almaty,served_by,true
040805,kz:region:almaty,served_by,true
040806,kz:region:almaty,served_by,true
040807,kz:region:almaty,served_by,true
040808,kz:region:almaty,served_by,true
040809,kz:region:almaty,served_by,true
040810,kz:region:almaty,served_by,true
040900,kz:region:almaty,served_by,true
040901,kz:region:almaty,served_by,true
040902,kz:region:almaty,served_by,true
040903,kz:region:almaty,served_by,true
040904,kz:region:almaty,served_by,true
040905,kz:region:almaty,served_by,true
040906,kz:region:almaty,served_by,true
040907,kz:region:almaty,served_by,true
040908,kz:region:almaty,served_by,true
040909,kz:region:almaty,served_by,true
040910,kz:region:almaty,served_by,true
040911,kz:region:almaty,served_by,true
040912,kz:region:almaty,served_by,true
040913,kz:region:almaty,served_by,true
040914,kz:region:almaty,served_by,true
040915,kz:region:almaty,served_by,true
040916,kz:region:almaty,served_by,true
040917,kz:region:almaty,served_by,true
040918,kz:region:almaty,served_by,true
040919,kz:region:almaty,served_by,true
040920,kz:region:almaty,served_by,true
040921,kz:region:almaty,served_by,true
040922,kz:region:almaty,served_by,true
040923,kz:region:almaty,served_by,true
040924,kz:region:almaty,served_by,true
040925,kz:region:almaty,served_by,true
040926,kz:region:almaty,served_by,true
040927,kz:region:almaty,served_by,true
040928,kz:region:almaty,served_by,true
040929,kz:region:almaty,served_by,true
040930,kz:region:almaty,served_by,true
040931,kz:region:almaty,served_by,true
040932,kz:region:almaty,served_by,true
040933,kz:region:almaty,served_by,true
041000,kz:region:jetisu,served_by,true
041001,kz:region:jetisu,served_by,true
041002,kz:region:jetisu,served_by,true
041003,kz:region:jetisu,served_by,true
041004,kz:region:jetisu,served_by,true
041005,kz:region:jetisu,served_by,true
041006,kz:region:jetisu,served_by,true
041007,kz:region:jetisu,served_by,true
041008,kz:region:jetisu,served_by,true
041009,kz:region:jetisu,served_by,true
041010,kz:region:jetisu,served_by,true
041011,kz:region:jetisu,served_by,true
041012,kz:region:jetisu,served_by,true
041013,kz:region:jetisu,served_by,true
041910,kz:region:almaty,served_by,true
041924,kz:region:almaty,served_by,true
049900,kz:region:almaty,served_by,true
050000,kz:city:almaty,served_by,true
050001,kz:city:almaty,served_by,true
050002,kz:city:almaty,served_by,true
050003,kz:city:almaty,served_by,true
050004,kz:city:almaty,served_by,true
050005,kz:city:almaty,served_by,true
050006,kz:city:almaty,served_by,true
050007,kz:city:almaty,served_by,true
050008,kz:city:almaty,served_by,true
050009,kz:city:almaty,served_by,true
050010,kz:city:almaty,served_by,true
050011,kz:city:almaty,served_by,true
050012,kz:city:almaty,served_by,true
050013,kz:city:almaty,served_by,true
050014,kz:city:almaty,served_by,true
050015,kz:city:almaty,served_by,true
050016,kz:city:almaty,served_by,true
050017,kz:city:almaty,served_by,true
050018,kz:city:almaty,served_by,true
050019,kz:city:almaty,served_by,true
050020,kz:city:almaty,served_by,true
050021,kz:city:almaty,served_by,true
050022,kz:city:almaty,served_by,true
050023,kz:city:almaty,served_by,true
050024,kz:city:almaty,served_by,true
050025,kz:city:almaty,served_by,true
050026,kz:city:almaty,served_by,true
050027,kz:city:almaty,served_by,true
050028,kz:city:almaty,served_by,true
050029,kz:city:almaty,served_by,true
050030,kz:city:almaty,served_by,true
050031,kz:city:almaty,served_by,true
050032,kz:city:almaty,served_by,true
050033,kz:city:almaty,served_by,true
050034,kz:city:almaty,served_by,true
050035,kz:city:almaty,served_by,true
050036,kz:city:almaty,served_by,true
050037,kz:city:almaty,served_by,true
050038,kz:city:almaty,served_by,true
050039,kz:city:almaty,served_by,true
050040,kz:city:almaty,served_by,true
050041,kz:city:almaty,served_by,true
050042,kz:city:almaty,served_by,true
050043,kz:city:almaty,served_by,true
050044,kz:city:almaty,served_by,true
050045,kz:city:almaty,served_by,true
050046,kz:city:almaty,served_by,true
050047,kz:city:almaty,served_by,true
050048,kz:city:almaty,served_by,true
050049,kz:city:almaty,served_by,true
050050,kz:city:almaty,served_by,true
050051,kz:city:almaty,served_by,true
050052,kz:city:almaty,served_by,true
050053,kz:city:almaty,served_by,true
050054,kz:city:almaty,served_by,true
050055,kz:city:almaty,served_by,true
050056,kz:city:almaty,served_by,true
050057,kz:city:almaty,served_by,true
050058,kz:city:almaty,served_by,true
050059,kz:city:almaty,served_by,true
050060,kz:city:almaty,served_by,true
050061,kz:city:almaty,served_by,true
050062,kz:city:almaty,served_by,true
050063,kz:city:almaty,served_by,true
050064,kz:city:almaty,served_by,true
050081,kz:city:almaty,served_by,true
055990,kz:city:almaty,served_by,true
060000,kz:region:atyrau,served_by,true
060001,kz:region:atyrau,served_by,true
060002,kz:region:atyrau,served_by,true
060003,kz:region:atyrau,served_by,true
060004,kz:region:atyrau,served_by,true
060005,kz:region:atyrau,served_by,true
060006,kz:region:atyrau,served_by,true
060007,kz:region:atyrau,served_by,true
060008,kz:region:atyrau,served_by,true
060009,kz:region:atyrau,served_by,true
060010,kz:region:atyrau,served_by,true
060011,kz:region:atyrau,served_by,true
060012,kz:region:atyrau,served_by,true
060013,kz:region:atyrau,served_by,true
060014,kz:region:atyrau,served_by,true
060015,kz:region:atyrau,served_by,true
060016,kz:region:atyrau,served_by,true
060017,kz:region:atyrau,served_by,true
060018,kz:region:atyrau,served_by,true
060019,kz:region:atyrau,served_by,true
060020,kz:region:atyrau,served_by,true
060021,kz:region:atyrau,served_by,true
060022,kz:region:atyrau,served_by,true
060023,kz:region:atyrau,served_by,true
060024,kz:region:atyrau,served_by,true
060025,kz:region:atyrau,served_by,true
060026,kz:region:atyrau,served_by,true
060027,kz:region:atyrau,served_by,true
060028,kz:region:atyrau,served_by,true
060029,kz:region:atyrau,served_by,true
060100,kz:region:atyrau,served_by,true
060101,kz:region:atyrau,served_by,true
060102,kz:region:atyrau,served_by,true
060103,kz:region:atyrau,served_by,true
060104,kz:region:atyrau,served_by,true
060105,kz:region:atyrau,served_by,true
060106,kz:region:atyrau,served_by,true
060107,kz:region:atyrau,served_by,true
060108,kz:region:atyrau,served_by,true
060109,kz:region:atyrau,served_by,true
060110,kz:region:atyrau,served_by,true
060111,kz:region:atyrau,served_by,true
060112,kz:region:atyrau,served_by,true
060200,kz:region:atyrau,served_by,true
060201,kz:region:atyrau,served_by,true
060202,kz:region:atyrau,served_by,true
060203,kz:region:atyrau,served_by,true
060204,kz:region:atyrau,served_by,true
060205,kz:region:atyrau,served_by,true
060206,kz:region:atyrau,served_by,true
060300,kz:region:atyrau,served_by,true
060301,kz:region:atyrau,served_by,true
060302,kz:region:atyrau,served_by,true
060303,kz:region:atyrau,served_by,true
060304,kz:region:atyrau,served_by,true
060305,kz:region:atyrau,served_by,true
060306,kz:region:atyrau,served_by,true
060400,kz:region:atyrau,served_by,true
060401,kz:region:atyrau,served_by,true
060402,kz:region:atyrau,served_by,true
060403,kz:region:atyrau,served_by,true
060404,kz:region:atyrau,served_by,true
060405,kz:region:atyrau,served_by,true
060406,kz:region:atyrau,served_by,true
060407,kz:region:atyrau,served_by,true
060408,kz:region:atyrau,served_by,true
060409,kz:region:atyrau,served_by,true
060410,kz:region:atyrau,served_by,true
060411,kz:region:atyrau,served_by,true
060412,kz:region:atyrau,served_by,true
060413,kz:region:atyrau,served_by,true
060414,kz:region:atyrau,served_by,true
060415,kz:region:atyrau,served_by,true
060416,kz:region:atyrau,served_by,true
060500,kz:region:atyrau,served_by,true
060501,kz:region:atyrau,served_by,true
060502,kz:region:atyrau,served_by,true
060503,kz:region:atyrau,served_by,true
060504,kz:region:atyrau,served_by,true
060505,kz:region:atyrau,served_by,true
060506,kz:region:atyrau,served_by,true
060507,kz:region:atyrau,served_by,true
060508,kz:region:atyrau,served_by,true
060509,kz:region:atyrau,served_by,true
060510,kz:region:atyrau,served_by,true
060600,kz:region:atyrau,served_by,true
060601,kz:region:atyrau,served_by,true
060602,kz:region:atyrau,served_by,true
060603,kz:region:atyrau,served_by,true
060604,kz:region:atyrau,served_by,true
060605,kz:region:atyrau,served_by,true
060606,kz:region:atyrau,served_by,true
060700,kz:region:atyrau,served_by,true
060701,kz:region:atyrau,served_by,true
060702,kz:region:atyrau,served_by,true
060703,kz:region:atyrau,served_by,true
060704,kz:region:atyrau,served_by,true
060705,kz:region:atyrau,served_by,true
060706,kz:region:atyrau,served_by,true
060707,kz:region:atyrau,served_by,true
060708,kz:region:atyrau,served_by,true
060709,kz:region:atyrau,served_by,true
060710,kz:region:atyrau,served_by,true
060711,kz:region:atyrau,served_by,true
069900,kz:region:atyrau,served_by,true
070100,kz:region:abai,served_by,true
070101,kz:region:abai,served_by,true
070102,kz:region:abai,served_by,true
070200,kz:region:abai,served_by,true
070201,kz:region:abai,served_by,true
070202,kz:region:abai,served_by,true
070203,kz:region:abai,served_by,true
070204,kz:region:abai,served_by,true
070205,kz:region:abai,served_by,true
070206,kz:region:abai,served_by,true
070207,kz:region:abai,served_by,true
070208,kz:region:abai,served_by,true
070209,kz:region:east-kazakhstan,served_by,true
070210,kz:region:abai,served_by,true
070211,kz:region:abai,served_by,true
070212,kz:region:abai,served_by,true
070300,kz:region:abai,served_by,true
070301,kz:region:abai,served_by,true
070302,kz:region:abai,served_by,true
070303,kz:region:abai,served_by,true
070304,kz:region:abai,served_by,true
070305,kz:region:abai,served_by,true
070306,kz:region:abai,served_by,true
070307,kz:region:abai,served_by,true
070308,kz:region:abai,served_by,true
070400,kz:region:abai,served_by,true
070401,kz:region:abai,served_by,true
070402,kz:region:abai,served_by,true
070403,kz:region:abai,served_by,true
070404,kz:region:abai,served_by,true
070405,kz:region:abai,served_by,true
070406,kz:region:abai,served_by,true
070407,kz:region:abai,served_by,true
070408,kz:region:abai,served_by,true
070409,kz:region:abai,served_by,true
070410,kz:region:abai,served_by,true
070411,kz:region:abai,served_by,true
070412,kz:region:abai,served_by,true
070413,kz:region:abai,served_by,true
070414,kz:region:abai,served_by,true
070415,kz:region:abai,served_by,true
070416,kz:region:abai,served_by,true
070417,kz:region:abai,served_by,true
070500,kz:region:east-kazakhstan,served_by,true
070501,kz:region:east-kazakhstan,served_by,true
070502,kz:region:east-kazakhstan,served_by,true
070503,kz:region:east-kazakhstan,served_by,true
070504,kz:region:east-kazakhstan,served_by,true
070505,kz:region:east-kazakhstan,served_by,true
070506,kz:region:east-kazakhstan,served_by,true
070507,kz:region:east-kazakhstan,served_by,true
070508,kz:region:east-kazakhstan,served_by,true
070509,kz:region:east-kazakhstan,served_by,true
070510,kz:region:east-kazakhstan,served_by,true
070511,kz:region:east-kazakhstan,served_by,true
070512,kz:region:east-kazakhstan,served_by,true
070513,kz:region:east-kazakhstan,served_by,true
070514,kz:region:east-kazakhstan,served_by,true
070515,kz:region:east-kazakhstan,served_by,true
070516,kz:region:east-kazakhstan,served_by,true
070517,kz:region:east-kazakhstan,served_by,true
070518,kz:region:east-kazakhstan,served_by,true
070519,kz:region:east-kazakhstan,served_by,true
070520,kz:region:east-kazakhstan,served_by,true
070521,kz:region:east-kazakhstan,served_by,true
070522,kz:region:east-kazakhstan,served_by,true
070900,kz:region:east-kazakhstan,served_by,true
070901,kz:region:east-kazakhstan,served_by,true
070902,kz:region:east-kazakhstan,served_by,true
070903,kz:region:east-kazakhstan,served_by,true
070904,kz:region:east-kazakhstan,served_by,true
070905,kz:region:east-kazakhstan,served_by,true
070906,kz:region:east-kazakhstan,served_by,true
070907,kz:region:east-kazakhstan,served_by,true
070908,kz:region:east-kazakhstan,served_by,true
070909,kz:region:east-kazakhstan,served_by,true
070910,kz:region:east-kazakhstan,served_by,true
070912,kz:region:east-kazakhstan,served_by,true
070913,kz:region:east-kazakhstan,served_by,true
070914,kz:region:east-kazakhstan,served_by,true
070915,kz:region:east-kazakhstan,served_by,true
070916,kz:region:east-kazakhstan,served_by,true
070917,kz:region:east-kazakhstan,served_by,true
070918,kz:region:east-kazakhstan,served_by,true
070919,kz:region:east-kazakhstan,served_by,true
070920,kz:region:east-kazakhstan,served_by,true
070921,kz:region:east-kazakhstan,served_by,true
070922,kz:region:east-kazakhstan,served_by,true
070923,kz:region:east-kazakhstan,served_by,true
070924,kz:region:east-kazakhstan,served_by,true
071000,kz:region:abai,served_by,true
071001,kz:region:abai,served_by,true
071002,kz:region:abai,served_by,true
071003,kz:region:abai,served_by,true
071004,kz:region:abai,served_by,true
071005,kz:region:abai,served_by,true
071006,kz:region:east-kazakhstan,served_by,true
071007,kz:region:east-kazakhstan,served_by,true
071008,kz:region:east-kazakhstan,served_by,true
071009,kz:region:abai,served_by,true
071010,kz:region:east-kazakhstan,served_by,true
071011,kz:region:abai,served_by,true
071012,kz:region:east-kazakhstan,served_by,true
071013,kz:region:abai,served_by,true
071014,kz:region:abai,served_by,true
071100,kz:region:abai,served_by,true
071200,kz:region:east-kazakhstan,served_by,true
071201,kz:region:east-kazakhstan,served_by,true
071202,kz:region:east-kazakhstan,served_by,true
071203,kz:region:east-kazakhstan,served_by,true
071204,kz:region:east-kazakhstan,served_by,true
071205,kz:region:east-kazakhstan,served_by,true
071206,kz:region:east-kazakhstan,served_by,true
071207,kz:region:east-kazakhstan,served_by,true
071208,kz:region:east-kazakhstan,served_by,true
071209,kz:region:east-kazakhstan,served_by,true
071210,kz:region:east-kazakhstan,served_by,true
071211,kz:region:east-kazakhstan,served_by,true
071212,kz:region:east-kazakhstan,served_by,true
071213,kz:region:east-kazakhstan,served_by,true
071214,kz:region:east-kazakhstan,served_by,true
071215,kz:region:east-kazakhstan,served_by,true
071216,kz:region:east-kazakhstan,served_by,true
071217,kz:region:east-kazakhstan,served_by,true
071218,kz:region:east-kazakhstan,served_by,true
071219,kz:region:east-kazakhstan,served_by,true
071300,kz:region:east-kazakhstan,served_by,true
071301,kz:region:east-kazakhstan,served_by,true
071302,kz:region:east-kazakhstan,served_by,true
071303,kz:region:east-kazakhstan,served_by,true
071304,kz:region:east-kazakhstan,served_by,true
071400,kz:region:abai,served_by,true
071401,kz:region:abai,served_by,true
071402,kz:region:abai,served_by,true
071403,kz:region:abai,served_by,true
071404,kz:region:abai,served_by,true
071405,kz:region:abai,served_by,true
071406,kz:region:abai,served_by,true
071407,kz:region:abai,served_by,true
071408,kz:region:abai,served_by,true
071409,kz:region:abai,served_by,true
071410,kz:region:abai,served_by,true
071411,kz:region:abai,served_by,true
071412,kz:region:abai,served_by,true
071413,kz:region:abai,served_by,true
071414,kz:region:abai,served_by,true
071415,kz:region:abai,served_by,true
071416,kz:region:abai,served_by,true
071417,kz:region:abai,served_by,true
071418,kz:region:abai,served_by,true
071419,kz:region:abai,served_by,true
071420,kz:region:abai,served_by,true
071421,kz:region:abai,served_by,true
071422,kz:region:abai,served_by,true
071423,kz:region:abai,served_by,true
071424,kz:region:abai,served_by,true
071425,kz:region:abai,served_by,true
071426,kz:region:abai,served_by,true
071800,kz:region:east-kazakhstan,served_by,true
071801,kz:region:east-kazakhstan,served_by,true
071802,kz:region:east-kazakhstan,served_by,true
071803,kz:region:east-kazakhstan,served_by,true
071804,kz:region:east-kazakhstan,served_by,true
071805,kz:region:east-kazakhstan,served_by,true
071806,kz:region:east-kazakhstan,served_by,true
071807,kz:region:east-kazakhstan,served_by,true
071808,kz:region:east-kazakhstan,served_by,true
071809,kz:region:east-kazakhstan,served_by,true
071810,kz:region:east-kazakhstan,served_by,true
071811,kz:region:east-kazakhstan,served_by,true
071812,kz:region:east-kazakhstan,served_by,true
071813,kz:region:east-kazakhstan,served_by,true
080000,kz:region:jambyl,served_by,true
080001,kz:region:jambyl,served_by,true
080002,kz:region:jambyl,served_by,true
080003,kz:region:jambyl,served_by,true
080004,kz:region:jambyl,served_by,true
080005,kz:region:jambyl,served_by,true
080006,kz:region:jambyl,served_by,true
080007,kz:region:jambyl,served_by,true
080008,kz:region:jambyl,served_by,true
080009,kz:region:jambyl,served_by,true
080010,kz:region:jambyl,served_by,true
080011,kz:region:jambyl,served_by,true
080012,kz:region:jambyl,served_by,true
080013,kz:region:jambyl,served_by,true
080014,kz:region:jambyl,served_by,true
080015,kz:region:jambyl,served_by,true
080016,kz:region:jambyl,served_by,true
080017,kz:region:jambyl,served_by,true
080018,kz:region:jambyl,served_by,true
080019,kz:region:jambyl,served_by,true
080020,kz:region:jambyl,served_by,true
080021,kz:region:jambyl,served_by,true
080022,kz:region:jambyl,served_by,true
080025,kz:region:jambyl,served_by,true
080027,kz:region:jambyl,served_by,true
080030,kz:region:jambyl,served_by,true
080035,kz:region:jambyl,served_by,true
080036,kz:region:jambyl,served_by,true
080037,kz:region:jambyl,served_by,true
080038,kz:region:jambyl,served_by,true
080039,kz:region:jambyl,served_by,true
080040,kz:region:jambyl,served_by,true
080041,kz:region:jambyl,served_by,true
080100,kz:region:jambyl,served_by,true
080102,kz:region:jambyl,served_by,true
080104,kz:region:jambyl,served_by,true
080105,kz:region:jambyl,served_by,true
080106,kz:region:jambyl,served_by,true
080107,kz:region:jambyl,served_by,true
080108,kz:region:jambyl,served_by,true
080109,kz:region:jambyl,served_by,true
080110,kz:region:jambyl,served_by,true
080111,kz:region:jambyl,served_by,true
080112,kz:region:jambyl,served_by,true
080113,kz:region:jambyl,served_by,true
080114,kz:region:jambyl,served_by,true
080115,kz:region:jambyl,served_by,true
080116,kz:region:jambyl,served_by,true
080117,kz:region:jambyl,served_by,true
080118,kz:region:jambyl,served_by,true
080119,kz:region:jambyl,served_by,true
080200,kz:region:jambyl,served_by,true
080201,kz:region:jambyl,served_by,true
080202,kz:region:jambyl,served_by,true
080203,kz:region:jambyl,served_by,true
080204,kz:region:jambyl,served_by,true
080205,kz:region:jambyl,served_by,true
080206,kz:region:jambyl,served_by,true
080207,kz:region:jambyl,served_by,true
080208,kz:region:jambyl,served_by,true
080209,kz:region:jambyl,served_by,true
080210,kz:region:jambyl,served_by,true
080211,kz:region:jambyl,served_by,true
080212,kz:region:jambyl,served_by,true
080213,kz:region:jambyl,served_by,true
080214,kz:region:jambyl,served_by,true
080215,kz:region:jambyl,served_by,true
080216,kz:region:jambyl,served_by,true
080217,kz:region:jambyl,served_by,true
080218,kz:region:jambyl,served_by,true
080219,kz:region:jambyl,served_by,true
080400,kz:region:jambyl,served_by,true
080401,kz:region:jambyl,served_by,true
080402,kz:region:jambyl,served_by,true
080403,kz:region:jambyl,served_by,true
080404,kz:region:jambyl,served_by,true
080405,kz:region:jambyl,served_by,true
080406,kz:region:jambyl,served_by,true
080407,kz:region:jambyl,served_by,true
080408,kz:region:jambyl,served_by,true
080409,kz:region:jambyl,served_by,true
080410,kz:region:jambyl,served_by,true
080411,kz:region:jambyl,served_by,true
080412,kz:region:jambyl,served_by,true
080413,kz:region:jambyl,served_by,true
080414,kz:region:jambyl,served_by,true
080415,kz:region:jambyl,served_by,true
080416,kz:region:jambyl,served_by,true
080417,kz:region:jambyl,served_by,true
080418,kz:region:jambyl,served_by,true
080419,kz:region:jambyl,served_by,true
080420,kz:region:jambyl,served_by,true
080421,kz:region:jambyl,served_by,true
080422,kz:region:jambyl,served_by,true
080423,kz:region:jambyl,served_by,true
080424,kz:region:jambyl,served_by,true
080425,kz:region:jambyl,served_by,true
080426,kz:region:jambyl,served_by,true
080427,kz:region:jambyl,served_by,true
080428,kz:region:jambyl,served_by,true
080429,kz:region:jambyl,served_by,true
080430,kz:region:jambyl,served_by,true
080500,kz:region:jambyl,served_by,true
080501,kz:region:jambyl,served_by,true
080502,kz:region:jambyl,served_by,true
080503,kz:region:jambyl,served_by,true
080504,kz:region:jambyl,served_by,true
080505,kz:region:jambyl,served_by,true
080506,kz:region:jambyl,served_by,true
080507,kz:region:jambyl,served_by,true
080508,kz:region:jambyl,served_by,true
080509,kz:region:jambyl,served_by,true
080510,kz:region:jambyl,served_by,true
080511,kz:region:jambyl,served_by,true
080512,kz:region:jambyl,served_by,true
080513,kz:region:jambyl,served_by,true
080514,kz:region:jambyl,served_by,true
080515,kz:region:jambyl,served_by,true
080516,kz:region:jambyl,served_by,true
080517,kz:region:jambyl,served_by,true
080518,kz:region:jambyl,served_by,true
080600,kz:region:jambyl,served_by,true
080601,kz:region:jambyl,served_by,true
080602,kz:region:jambyl,served_by,true
080603,kz:region:jambyl,served_by,true
080604,kz:region:jambyl,served_by,true
080605,kz:region:jambyl,served_by,true
080606,kz:region:jambyl,served_by,true
080607,kz:region:jambyl,served_by,true
080608,kz:region:jambyl,served_by,true
080609,kz:region:jambyl,served_by,true
080610,kz:region:jambyl,served_by,true
080611,kz:region:jambyl,served_by,true
080612,kz:region:jambyl,served_by,true
080613,kz:region:jambyl,served_by,true
080614,kz:region:jambyl,served_by,true
080615,kz:region:jambyl,served_by,true
080616,kz:region:jambyl,served_by,true
080617,kz:region:jambyl,served_by,true
080618,kz:region:jambyl,served_by,true
080619,kz:region:jambyl,served_by,true
080620,kz:region:jambyl,served_by,true
080621,kz:region:jambyl,served_by,true
080622,kz:region:jambyl,served_by,true
080623,kz:region:jambyl,served_by,true
080700,kz:region:jambyl,served_by,true
080701,kz:region:jambyl,served_by,true
080702,kz:region:jambyl,served_by,true
080704,kz:region:jambyl,served_by,true
080705,kz:region:jambyl,served_by,true
080706,kz:region:jambyl,served_by,true
080707,kz:region:jambyl,served_by,true
080708,kz:region:jambyl,served_by,true
080709,kz:region:jambyl,served_by,true
080710,kz:region:jambyl,served_by,true
080711,kz:region:jambyl,served_by,true
080712,kz:region:jambyl,served_by,true
080713,kz:region:jambyl,served_by,true
080714,kz:region:jambyl,served_by,true
080800,kz:region:jambyl,served_by,true
080801,kz:region:jambyl,served_by,true
080802,kz:region:jambyl,served_by,true
080803,kz:region:jambyl,served_by,true
080804,kz:region:jambyl,served_by,true
080805,kz:region:jambyl,served_by,true
080806,kz:region:jambyl,served_by,true
080807,kz:region:jambyl,served_by,true
080808,kz:region:jambyl,served_by,true
080809,kz:region:jambyl,served_by,true
080810,kz:region:jambyl,served_by,true
080811,kz:region:jambyl,served_by,true
080812,kz:region:jambyl,served_by,true
080813,kz:region:jambyl,served_by,true
080814,kz:region:jambyl,served_by,true
080815,kz:region:jambyl,served_by,true
080816,kz:region:jambyl,served_by,true
080900,kz:region:jambyl,served_by,true
080901,kz:region:jambyl,served_by,true
080902,kz:region:jambyl,served_by,true
080903,kz:region:jambyl,served_by,true
080904,kz:region:jambyl,served_by,true
080905,kz:region:jambyl,served_by,true
080906,kz:region:jambyl,served_by,true
080907,kz:region:jambyl,served_by,true
080908,kz:region:jambyl,served_by,true
080909,kz:region:jambyl,served_by,true
080910,kz:region:jambyl,served_by,true
080911,kz:region:jambyl,served_by,true
080912,kz:region:jambyl,served_by,true
080913,kz:region:jambyl,served_by,true
080914,kz:region:jambyl,served_by,true
080915,kz:region:jambyl,served_by,true
080916,kz:region:jambyl,served_by,true
080917,kz:region:jambyl,served_by,true
080918,kz:region:jambyl,served_by,true
081000,kz:region:jambyl,served_by,true
081100,kz:region:jambyl,served_by,true
081101,kz:region:jambyl,served_by,true
081102,kz:region:jambyl,served_by,true
081103,kz:region:jambyl,served_by,true
081104,kz:region:jambyl,served_by,true
081105,kz:region:jambyl,served_by,true
081106,kz:region:jambyl,served_by,true
081107,kz:region:jambyl,served_by,true
081108,kz:region:jambyl,served_by,true
081109,kz:region:jambyl,served_by,true
081110,kz:region:jambyl,served_by,true
081111,kz:region:jambyl,served_by,true
081112,kz:region:jambyl,served_by,true
081113,kz:region:jambyl,served_by,true
081114,kz:region:jambyl,served_by,true
081115,kz:region:jambyl,served_by,true
081116,kz:region:jambyl,served_by,true
081117,kz:region:jambyl,served_by,true
081118,kz:region:jambyl,served_by,true
081119,kz:region:jambyl,served_by,true
081120,kz:region:jambyl,served_by,true
081121,kz:region:jambyl,served_by,true
081122,kz:region:jambyl,served_by,true
081123,kz:region:jambyl,served_by,true
081124,kz:region:jambyl,served_by,true
081125,kz:region:jambyl,served_by,true
081126,kz:region:jambyl,served_by,true
081127,kz:region:jambyl,served_by,true
081128,kz:region:jambyl,served_by,true
081129,kz:region:jambyl,served_by,true
089900,kz:region:jambyl,served_by,true
090100,kz:region:west-kazakhstan,served_by,true
090101,kz:region:west-kazakhstan,served_by,true
090102,kz:region:west-kazakhstan,served_by,true
090103,kz:region:west-kazakhstan,served_by,true
090104,kz:region:west-kazakhstan,served_by,true
090105,kz:region:west-kazakhstan,served_by,true
090106,kz:region:west-kazakhstan,served_by,true
090107,kz:region:west-kazakhstan,served_by,true
090108,kz:region:west-kazakhstan,served_by,true
090109,kz:region:west-kazakhstan,served_by,true
090110,kz:region:west-kazakhstan,served_by,true
090111,kz:region:west-kazakhstan,served_by,true
090112,kz:region:west-kazakhstan,served_by,true
090113,kz:region:west-kazakhstan,served_by,true
090114,kz:region:west-kazakhstan,served_by,true
090115,kz:region:west-kazakhstan,served_by,true
090116,kz:region:west-kazakhstan,served_by,true
090117,kz:region:west-kazakhstan,served_by,true
090118,kz:region:west-kazakhstan,served_by,true
090119,kz:region:west-kazakhstan,served_by,true
090120,kz:region:west-kazakhstan,served_by,true
090121,kz:region:west-kazakhstan,served_by,true
090200,kz:region:west-kazakhstan,served_by,true
090201,kz:region:west-kazakhstan,served_by,true
090202,kz:region:west-kazakhstan,served_by,true
090203,kz:region:west-kazakhstan,served_by,true
090204,kz:region:west-kazakhstan,served_by,true
090205,kz:region:west-kazakhstan,served_by,true
090206,kz:region:west-kazakhstan,served_by,true
090300,kz:region:west-kazakhstan,served_by,true
090301,kz:region:west-kazakhstan,served_by,true
090302,kz:region:west-kazakhstan,served_by,true
090303,kz:region:west-kazakhstan,served_by,true
090304,kz:region:west-kazakhstan,served_by,true
090305,kz:region:west-kazakhstan,served_by,true
090306,kz:region:west-kazakhstan,served_by,true
090307,kz:region:west-kazakhstan,served_by,true
090308,kz:region:west-kazakhstan,served_by,true
090309,kz:region:west-kazakhstan,served_by,true
090310,kz:region:west-kazakhstan,served_by,true
090311,kz:region:west-kazakhstan,served_by,true
090312,kz:region:west-kazakhstan,served_by,true
090313,kz:region:west-kazakhstan,served_by,true
090314,kz:region:west-kazakhstan,served_by,true
090315,kz:region:west-kazakhstan,served_by,true
090316,kz:region:west-kazakhstan,served_by,true
090317,kz:region:west-kazakhstan,served_by,true
090400,kz:region:west-kazakhstan,served_by,true
090401,kz:region:west-kazakhstan,served_by,true
090402,kz:region:west-kazakhstan,served_by,true
090403,kz:region:west-kazakhstan,served_by,true
090404,kz:region:west-kazakhstan,served_by,true
090405,kz:region:west-kazakhstan,served_by,true
090406,kz:region:west-kazakhstan,served_by,true
090407,kz:region:west-kazakhstan,served_by,true
090408,kz:region:west-kazakhstan,served_by,true
090409,kz:region:west-kazakhstan,served_by,true
090410,kz:region:west-kazakhstan,served_by,true
090411,kz:region:west-kazakhstan,served_by,true
090412,kz:region:west-kazakhstan,served_by,true
090700,kz:region:west-kazakhstan,served_by,true
090701,kz:region:west-kazakhstan,served_by,true
090702,kz:region:west-kazakhstan,served_by,true
090703,kz:region:west-kazakhstan,served_by,true
090704,kz:region:west-kazakhstan,served_by,true
090705,kz:region:west-kazakhstan,served_by,true
090706,kz:region:west-kazakhstan,served_by,true
090707,kz:region:west-kazakhstan,served_by,true
090708,kz:region:west-kazakhstan,served_by,true
090709,kz:region:west-kazakhstan,served_by,true
090710,kz:region:west-kazakhstan,served_by,true
090711,kz:region:west-kazakhstan,served_by,true
090712,kz:region:west-kazakhstan,served_by,true
090713,kz:region:west-kazakhstan,served_by,true
090714,kz:region:west-kazakhstan,served_by,true
090715,kz:region:west-kazakhstan,served_by,true
090716,kz:region:west-kazakhstan,served_by,true
090717,kz:region:west-kazakhstan,served_by,true
090718,kz:region:west-kazakhstan,served_by,true
090800,kz:region:west-kazakhstan,served_by,true
090801,kz:region:west-kazakhstan,served_by,true
090802,kz:region:west-kazakhstan,served_by,true
090803,kz:region:west-kazakhstan,served_by,true
090804,kz:region:west-kazakhstan,served_by,true
090805,kz:region:west-kazakhstan,served_by,true
090806,kz:region:west-kazakhstan,served_by,true
090807,kz:region:west-kazakhstan,served_by,true
090808,kz:region:west-kazakhstan,served_by,true
090809,kz:region:west-kazakhstan,served_by,true
090810,kz:region:west-kazakhstan,served_by,true
090811,kz:region:west-kazakhstan,served_by,true
090900,kz:region:west-kazakhstan,served_by,true
090901,kz:region:west-kazakhstan,served_by,true
090902,kz:region:west-kazakhstan,served_by,true
090903,kz:region:west-kazakhstan,served_by,true
090904,kz:region:west-kazakhstan,served_by,true
090905,kz:region:west-kazakhstan,served_by,true
090906,kz:region:west-kazakhstan,served_by,true
090907,kz:region:west-kazakhstan,served_by,true
090908,kz:region:west-kazakhstan,served_by,true
090909,kz:region:west-kazakhstan,served_by,true
090910,kz:region:west-kazakhstan,served_by,true
090911,kz:region:west-kazakhstan,served_by,true
090912,kz:region:west-kazakhstan,served_by,true
090913,kz:region:west-kazakhstan,served_by,true
091000,kz:region:west-kazakhstan,served_by,true
091001,kz:region:west-kazakhstan,served_by,true
091002,kz:region:west-kazakhstan,served_by,true
091003,kz:region:west-kazakhstan,served_by,true
091004,kz:region:west-kazakhstan,served_by,true
091005,kz:region:west-kazakhstan,served_by,true
091006,kz:region:west-kazakhstan,served_by,true
091007,kz:region:west-kazakhstan,served_by,true
091008,kz:region:west-kazakhstan,served_by,true
091009,kz:region:west-kazakhstan,served_by,true
091100,kz:region:west-kazakhstan,served_by,true
091101,kz:region:west-kazakhstan,served_by,true
091102,kz:region:west-kazakhstan,served_by,true
091103,kz:region:west-kazakhstan,served_by,true
091104,kz:region:west-kazakhstan,served_by,true
091105,kz:region:west-kazakhstan,served_by,true
091106,kz:region:west-kazakhstan,served_by,true
091107,kz:region:west-kazakhstan,served_by,true
091108,kz:region:west-kazakhstan,served_by,true
091109,kz:region:west-kazakhstan,served_by,true
091110,kz:region:west-kazakhstan,served_by,true
091111,kz:region:west-kazakhstan,served_by,true
091112,kz:region:west-kazakhstan,served_by,true
091113,kz:region:west-kazakhstan,served_by,true
091114,kz:region:west-kazakhstan,served_by,true
091115,kz:region:west-kazakhstan,served_by,true
091116,kz:region:west-kazakhstan,served_by,true
091117,kz:region:west-kazakhstan,served_by,true
091118,kz:region:west-kazakhstan,served_by,true
091119,kz:region:west-kazakhstan,served_by,true
091120,kz:region:west-kazakhstan,served_by,true
091121,kz:region:west-kazakhstan,served_by,true
091122,kz:region:west-kazakhstan,served_by,true
091123,kz:region:west-kazakhstan,served_by,true
091124,kz:region:west-kazakhstan,served_by,true
091125,kz:region:west-kazakhstan,served_by,true
091126,kz:region:west-kazakhstan,served_by,true
091127,kz:region:west-kazakhstan,served_by,true
091128,kz:region:west-kazakhstan,served_by,true
091129,kz:region:west-kazakhstan,served_by,true
091200,kz:region:west-kazakhstan,served_by,true
091201,kz:region:west-kazakhstan,served_by,true
091202,kz:region:west-kazakhstan,served_by,true
091203,kz:region:west-kazakhstan,served_by,true
091204,kz:region:west-kazakhstan,served_by,true
091205,kz:region:west-kazakhstan,served_by,true
091206,kz:region:west-kazakhstan,served_by,true
091207,kz:region:west-kazakhstan,served_by,true
091208,kz:region:west-kazakhstan,served_by,true
091209,kz:region:west-kazakhstan,served_by,true
091210,kz:region:west-kazakhstan,served_by,true
100000,kz:region:karaganda,served_by,true
100001,kz:region:karaganda,served_by,true
100002,kz:region:karaganda,served_by,true
100003,kz:region:karaganda,served_by,true
100004,kz:region:karaganda,served_by,true
100005,kz:region:karaganda,served_by,true
100006,kz:region:karaganda,served_by,true
100007,kz:region:karaganda,served_by,true
100008,kz:region:karaganda,served_by,true
100009,kz:region:karaganda,served_by,true
100010,kz:region:karaganda,served_by,true
100011,kz:region:karaganda,served_by,true
100012,kz:region:karaganda,served_by,true
100013,kz:region:karaganda,served_by,true
100014,kz:region:karaganda,served_by,true
100015,kz:region:karaganda,served_by,true
100016,kz:region:karaganda,served_by,true
100017,kz:region:karaganda,served_by,true
100018,kz:region:karaganda,served_by,true
100019,kz:region:karaganda,served_by,true
100020,kz:region:karaganda,served_by,true
100021,kz:region:karaganda,served_by,true
100022,kz:region:karaganda,served_by,true
100023,kz:region:karaganda,served_by,true
100024,kz:region:karaganda,served_by,true
100025,kz:region:karaganda,served_by,true
100026,kz:region:karaganda,served_by,true
100027,kz:region:karaganda,served_by,true
100028,kz:region:karaganda,served_by,true
100029,kz:region:karaganda,served_by,true
100030,kz:region:karaganda,served_by,true
100100,kz:region:karaganda,served_by,true
100101,kz:region:karaganda,served_by,true
100102,kz:region:karaganda,served_by,true
100103,kz:region:karaganda,served_by,true
100104,kz:region:karaganda,served_by,true
100105,kz:region:karaganda,served_by,true
100106,kz:region:karaganda,served_by,true
100107,kz:region:karaganda,served_by,true
100108,kz:region:karaganda,served_by,true
100109,kz:region:karaganda,served_by,true
100110,kz:region:karaganda,served_by,true
100111,kz:region:karaganda,served_by,true
100112,kz:region:karaganda,served_by,true
100113,kz:region:karaganda,served_by,true
100114,kz:region:karaganda,served_by,true
100115,kz:region:karaganda,served_by,true
100116,kz:region:karaganda,served_by,true
100117,kz:region:karaganda,served_by,true
100118,kz:region:karaganda,served_by,true
100200,kz:region:karaganda,served_by,true
100201,kz:region:karaganda,served_by,true
100202,kz:region:karaganda,served_by,true
100203,kz:region:karaganda,served_by,true
100204,kz:region:karaganda,served_by,true
100205,kz:region:karaganda,served_by,true
100206,kz:region:karaganda,served_by,true
100207,kz:region:karaganda,served_by,true
100208,kz:region:karaganda,served_by,true
100209,kz:region:karaganda,served_by,true
100210,kz:region:karaganda,served_by,true
100300,kz:region:karaganda,served_by,true
100301,kz:region:karaganda,served_by,true
100302,kz:region:karaganda,served_by,true
100303,kz:region:karaganda,served_by,true
100304,kz:region:karaganda,served_by,true
100305,kz:region:karaganda,served_by,true
100311,kz:region:karaganda,served_by,true
100312,kz:region:karaganda,served_by,true
100313,kz:region:karaganda,served_by,true
100314,kz:region:karaganda,served_by,true
100315,kz:region:karaganda,served_by,true
100316,kz:region:karaganda,served_by,true
100400,kz:region:karaganda,served_by,true
100401,kz:region:karaganda,served_by,true
100402,kz:region:karaganda,served_by,true
100403,kz:region:karaganda,served_by,true
100404,kz:region:karaganda,served_by,true
100405,kz:region:karaganda,served_by,true
100406,kz:region:karaganda,served_by,true
100407,kz:region:karaganda,served_by,true
100408,kz:region:karaganda,served_by,true
100409,kz:region:karaganda,served_by,true
100410,kz:region:karaganda,served_by,true
100411,kz:region:karaganda,served_by,true
100412,kz:region:karaganda,served_by,true
100413,kz:region:karaganda,served_by,true
100414,kz:region:karaganda,served_by,true
100415,kz:region:karaganda,served_by,true
100416,kz:region:karaganda,served_by,true
100417,kz:region:karaganda,served_by,true
100418,kz:region:karaganda,served_by,true
100419,kz:region:karaganda,served_by,true
100420,kz:region:karaganda,served_by,true
100422,kz:region:karaganda,served_by,true
100423,kz:region:karaganda,served_by,true
100424,kz:region:karaganda,served_by,true
100700,kz:region:ulytau,served_by,true
100701,kz:region:ulytau,served_by,true
100702,kz:region:ulytau,served_by,true
100800,kz:region:karaganda,served_by,true
100801,kz:region:karaganda,served_by,true
100802,kz:region:karaganda,served_by,true
100803,kz:region:karaganda,served_by,true
100804,kz:region:karaganda,served_by,true
100805,kz:region:karaganda,served_by,true
100806,kz:region:karaganda,served_by,true
100807,kz:region:karaganda,served_by,true
100808,kz:region:karaganda,served_by,true
100809,kz:region:karaganda,served_by,true
100810,kz:region:karaganda,served_by,true
100811,kz:region:karaganda,served_by,true
100812,kz:region:karaganda,served_by,true
100813,kz:region:karaganda,served_by,true
100814,kz:region:karaganda,served_by,true
100815,kz:region:karaganda,served_by,true
100816,kz:region:karaganda,served_by,true
100817,kz:region:karaganda,served_by,true
100818,kz:region:karaganda,served_by,true
100819,kz:region:karaganda,served_by,true
100820,kz:region:karaganda,served_by,true
100821,kz:region:karaganda,served_by,true
100822,kz:region:karaganda,served_by,true
100823,kz:region:karaganda,served_by,true
100824,kz:region:karaganda,served_by,true
100825,kz:region:karaganda,served_by,true
100900,kz:region:karaganda,served_by,true
100901,kz:region:karaganda,served_by,true
100902,kz:region:karaganda,served_by,true
100903,kz:region:karaganda,served_by,true
100904,kz:region:karaganda,served_by,true
100905,kz:region:karaganda,served_by,true
100906,kz:region:karaganda,served_by,true
100907,kz:region:karaganda,served_by,true
100908,kz:region:karaganda,served_by,true
100909,kz:region:karaganda,served_by,true
100910,kz:region:karaganda,served_by,true
100911,kz:region:karaganda,served_by,true
100912,kz:region:karaganda,served_by,true
100913,kz:region:karaganda,served_by,true
100914,kz:region:karaganda,served_by,true
100915,kz:region:karaganda,served_by,true
100916,kz:region:karaganda,served_by,true
100917,kz:region:karaganda,served_by,true
100918,kz:region:karaganda,served_by,true
100919,kz:region:karaganda,served_by,true
100920,kz:region:karaganda,served_by,true
100921,kz:region:karaganda,served_by,true
100922,kz:region:karaganda,served_by,true
100923,kz:region:karaganda,served_by,true
100924,kz:region:karaganda,served_by,true
100925,kz:region:karaganda,served_by,true
100926,kz:region:karaganda,served_by,true
101000,kz:region:karaganda,served_by,true
101001,kz:region:karaganda,served_by,true
101002,kz:region:karaganda,served_by,true
101003,kz:region:karaganda,served_by,true
101004,kz:region:karaganda,served_by,true
101005,kz:region:karaganda,served_by,true
101006,kz:region:karaganda,served_by,true
101007,kz:region:karaganda,served_by,true
101008,kz:region:karaganda,served_by,true
101009,kz:region:karaganda,served_by,true
101010,kz:region:karaganda,served_by,true
101011,kz:region:karaganda,served_by,true
101012,kz:region:karaganda,served_by,true
101013,kz:region:karaganda,served_by,true
101014,kz:region:karaganda,served_by,true
101015,kz:region:karaganda,served_by,true
101016,kz:region:karaganda,served_by,true
101017,kz:region:karaganda,served_by,true
101018,kz:region:karaganda,served_by,true
101019,kz:region:karaganda,served_by,true
101020,kz:region:karaganda,served_by,true
101021,kz:region:karaganda,served_by,true
101022,kz:region:karaganda,served_by,true
101023,kz:region:karaganda,served_by,true
101024,kz:region:karaganda,served_by,true
101025,kz:region:karaganda,served_by,true
101026,kz:region:karaganda,served_by,true
101027,kz:region:karaganda,served_by,true
101028,kz:region:karaganda,served_by,true
101029,kz:region:karaganda,served_by,true
101030,kz:region:karaganda,served_by,true
101100,kz:region:karaganda,served_by,true
101700,kz:region:karaganda,served_by,true
101701,kz:region:karaganda,served_by,true
101702,kz:region:karaganda,served_by,true
101703,kz:region:karaganda,served_by,true
101704,kz:region:karaganda,served_by,true
101705,kz:region:karaganda,served_by,true
101706,kz:region:karaganda,served_by,true
101707,kz:region:karaganda,served_by,true
101708,kz:region:karaganda,served_by,true
101709,kz:region:karaganda,served_by,true
101710,kz:region:karaganda,served_by,true
101711,kz:region:karaganda,served_by,true
101712,kz:region:karaganda,served_by,true
101713,kz:region:karaganda,served_by,true
101714,kz:region:karaganda,served_by,true
101715,kz:region:karaganda,served_by,true
101716,kz:region:karaganda,served_by,true
101717,kz:region:karaganda,served_by,true
101718,kz:region:karaganda,served_by,true
101719,kz:region:karaganda,served_by,true
101720,kz:region:karaganda,served_by,true
101721,kz:region:karaganda,served_by,true
101722,kz:region:karaganda,served_by,true
101723,kz:region:karaganda,served_by,true
101724,kz:region:karaganda,served_by,true
101725,kz:region:karaganda,served_by,true
101726,kz:region:karaganda,served_by,true
109900,kz:region:karaganda,served_by,true
110000,kz:region:kostanay,served_by,true
110001,kz:region:kostanay,served_by,true
110002,kz:region:kostanay,served_by,true
110003,kz:region:kostanay,served_by,true
110004,kz:region:kostanay,served_by,true
110005,kz:region:kostanay,served_by,true
110006,kz:region:kostanay,served_by,true
110007,kz:region:kostanay,served_by,true
110008,kz:region:kostanay,served_by,true
110009,kz:region:kostanay,served_by,true
110010,kz:region:kostanay,served_by,true
110011,kz:region:kostanay,served_by,true
110012,kz:region:kostanay,served_by,true
110013,kz:region:kostanay,served_by,true
110015,kz:region:kostanay,served_by,true
110100,kz:region:kostanay,served_by,true
110101,kz:region:kostanay,served_by,true
110102,kz:region:kostanay,served_by,true
110103,kz:region:kostanay,served_by,true
110104,kz:region:kostanay,served_by,true
110105,kz:region:kostanay,served_by,true
110106,kz:region:kostanay,served_by,true
110107,kz:region:kostanay,served_by,true
110108,kz:region:kostanay,served_by,true
110109,kz:region:kostanay,served_by,true
110110,kz:region:kostanay,served_by,true
110111,kz:region:kostanay,served_by,true
110112,kz:region:kostanay,served_by,true
110200,kz:region:kostanay,served_by,true
110201,kz:region:kostanay,served_by,true
110202,kz:region:kostanay,served_by,true
110203,kz:region:kostanay,served_by,true
110300,kz:region:kostanay,served_by,true
110301,kz:region:kostanay,served_by,true
110302,kz:region:kostanay,served_by,true
110304,kz:region:kostanay,served_by,true
110305,kz:region:kostanay,served_by,true
110306,kz:region:kostanay,served_by,true
110307,kz:region:kostanay,served_by,true
110308,kz:region:kostanay,served_by,true
110309,kz:region:kostanay,served_by,true
110310,kz:region:kostanay,served_by,true
110311,kz:region:kostanay,served_by,true
110312,kz:region:kostanay,served_by,true
110313,kz:region:kostanay,served_by,true
110314,kz:region:kostanay,served_by,true
110315,kz:region:kostanay,served_by,true
110400,kz:region:kostanay,served_by,true
110401,kz:region:kostanay,served_by,true
110402,kz:region:kostanay,served_by,true
110403,kz:region:kostanay,served_by,true
110404,kz:region:kostanay,served_by,true
110405,kz:region:kostanay,served_by,true
110406,kz:region:kostanay,served_by,true
110407,kz:region:kostanay,served_by,true
110408,kz:region:kostanay,served_by,true
110409,kz:region:kostanay,served_by,true
110410,kz:region:kostanay,served_by,true
110411,kz:region:kostanay,served_by,true
110412,kz:region:kostanay,served_by,true
110413,kz:region:kostanay,served_by,true
110414,kz:region:kostanay,served_by,true
110415,kz:region:kostanay,served_by,true
110500,kz:region:kostanay,served_by,true
110501,kz:region:kostanay,served_by,true
110502,kz:region:kostanay,served_by,true
110503,kz:region:kostanay,served_by,true
110504,kz:region:kostanay,served_by,true
110505,kz:region:kostanay,served_by,true
110506,kz:region:kostanay,served_by,true
110507,kz:region:kostanay,served_by,true
110508,kz:region:kostanay,served_by,true
110509,kz:region:kostanay,served_by,true
110510,kz:region:kostanay,served_by,true
110511,kz:region:kostanay,served_by,true
110512,kz:region:kostanay,served_by,true
110513,kz:region:kostanay,served_by,true
110514,kz:region:kostanay,served_by,true
110515,kz:region:kostanay,served_by,true
110516,kz:region:kostanay,served_by,true
110517,kz:region:kostanay,served_by,true
110518,kz:region:kostanay,served_by,true
110519,kz:region:kostanay,served_by,true
110520,kz:region:kostanay,served_by,true
110800,kz:region:kostanay,served_by,true
110801,kz:region:kostanay,served_by,true
110802,kz:region:kostanay,served_by,true
110803,kz:region:kostanay,served_by,true
110804,kz:region:kostanay,served_by,true
110805,kz:region:kostanay,served_by,true
110806,kz:region:kostanay,served_by,true
110807,kz:region:kostanay,served_by,true
110808,kz:region:kostanay,served_by,true
110809,kz:region:kostanay,served_by,true
110810,kz:region:kostanay,served_by,true
110811,kz:region:kostanay,served_by,true
110812,kz:region:kostanay,served_by,true
110813,kz:region:kostanay,served_by,true
110814,kz:region:kostanay,served_by,true
110815,kz:region:kostanay,served_by,true
110816,kz:region:kostanay,served_by,true
110900,kz:region:kostanay,served_by,true
110901,kz:region:kostanay,served_by,true
110902,kz:region:kostanay,served_by,true
110903,kz:region:kostanay,served_by,true
110904,kz:region:kostanay,served_by,true
110905,kz:region:kostanay,served_by,true
110906,kz:region:kostanay,served_by,true
110907,kz:region:kostanay,served_by,true
110908,kz:region:kostanay,served_by,true
110909,kz:region:kostanay,served_by,true
110910,kz:region:kostanay,served_by,true
110911,kz:region:kostanay,served_by,true
110912,kz:region:kostanay,served_by,true
110913,kz:region:kostanay,served_by,true
110914,kz:region:kostanay,served_by,true
110915,kz:region:kostanay,served_by,true
111000,kz:region:kostanay,served_by,true
111001,kz:region:kostanay,served_by,true
111002,kz:region:kostanay,served_by,true
111003,kz:region:kostanay,served_by,true
111004,kz:region:kostanay,served_by,true
111005,kz:region:kostanay,served_by,true
111006,kz:region:kostanay,served_by,true
111007,kz:region:kostanay,served_by,true
111008,kz:region:kostanay,served_by,true
111009,kz:region:kostanay,served_by,true
111010,kz:region:kostanay,served_by,true
111011,kz:region:kostanay,served_by,true
111012,kz:region:kostanay,served_by,true
111013,kz:region:kostanay,served_by,true
111014,kz:region:kostanay,served_by,true
111015,kz:region:kostanay,served_by,true
111016,kz:region:kostanay,served_by,true
111017,kz:region:kostanay,served_by,true
111018,kz:region:kostanay,served_by,true
111019,kz:region:kostanay,served_by,true
111020,kz:region:kostanay,served_by,true
111021,kz:region:kostanay,served_by,true
111100,kz:region:kostanay,served_by,true
111101,kz:region:kostanay,served_by,true
111103,kz:region:kostanay,served_by,true
111104,kz:region:kostanay,served_by,true
111105,kz:region:kostanay,served_by,true
111106,kz:region:kostanay,served_by,true
111107,kz:region:kostanay,served_by,true
111108,kz:region:kostanay,served_by,true
111109,kz:region:kostanay,served_by,true
111110,kz:region:kostanay,served_by,true
111111,kz:region:kostanay,served_by,true
111112,kz:region:kostanay,served_by,true
111113,kz:region:kostanay,served_by,true
111114,kz:region:kostanay,served_by,true
111115,kz:region:kostanay,served_by,true
111116,kz:region:kostanay,served_by,true
111117,kz:region:kostanay,served_by,true
111118,kz:region:kostanay,served_by,true
111119,kz:region:kostanay,served_by,true
111120,kz:region:kostanay,served_by,true
111900,kz:region:kostanay,served_by,true
111901,kz:region:kostanay,served_by,true
111902,kz:region:kostanay,served_by,true
111903,kz:region:kostanay,served_by,true
111904,kz:region:kostanay,served_by,true
111905,kz:region:kostanay,served_by,true
111906,kz:region:kostanay,served_by,true
111907,kz:region:kostanay,served_by,true
111908,kz:region:kostanay,served_by,true
111909,kz:region:kostanay,served_by,true
111910,kz:region:kostanay,served_by,true
111911,kz:region:kostanay,served_by,true
111912,kz:region:kostanay,served_by,true
111913,kz:region:kostanay,served_by,true
111914,kz:region:kostanay,served_by,true
111915,kz:region:kostanay,served_by,true
111916,kz:region:kostanay,served_by,true
111917,kz:region:kostanay,served_by,true
111918,kz:region:kostanay,served_by,true
111919,kz:region:kostanay,served_by,true
111920,kz:region:kostanay,served_by,true
111921,kz:region:kostanay,served_by,true
119900,kz:region:kostanay,served_by,true
120000,kz:region:kyzylorda,served_by,true
120001,kz:region:kyzylorda,served_by,true
120002,kz:region:kyzylorda,served_by,true
120003,kz:region:kyzylorda,served_by,true
120004,kz:region:kyzylorda,served_by,true
120005,kz:region:kyzylorda,served_by,true
120006,kz:region:kyzylorda,served_by,true
120007,kz:region:kyzylorda,served_by,true
120008,kz:region:kyzylorda,served_by,true
120009,kz:region:kyzylorda,served_by,true
120010,kz:region:kyzylorda,served_by,true
120011,kz:region:kyzylorda,served_by,true
120012,kz:region:kyzylorda,served_by,true
120013,kz:region:kyzylorda,served_by,true
120014,kz:region:kyzylorda,served_by,true
120015,kz:region:kyzylorda,served_by,true
120016,kz:region:kyzylorda,served_by,true
120017,kz:region:kyzylorda,served_by,true
120018,kz:region:kyzylorda,served_by,true
120100,kz:region:kyzylorda,served_by,true
120101,kz:region:kyzylorda,served_by,true
120102,kz:region:kyzylorda,served_by,true
120103,kz:region:kyzylorda,served_by,true
120104,kz:region:kyzylorda,served_by,true
120105,kz:region:kyzylorda,served_by,true
120106,kz:region:kyzylorda,served_by,true
120107,kz:region:kyzylorda,served_by,true
120108,kz:region:kyzylorda,served_by,true
120109,kz:region:kyzylorda,served_by,true
120110,kz:region:kyzylorda,served_by,true
120111,kz:region:kyzylorda,served_by,true
120112,kz:region:kyzylorda,served_by,true
120113,kz:region:kyzylorda,served_by,true
120115,kz:region:kyzylorda,served_by,true
120116,kz:region:kyzylorda,served_by,true
120117,kz:region:kyzylorda,served_by,true
120118,kz:region:kyzylorda,served_by,true
120119,kz:region:kyzylorda,served_by,true
120120,kz:region:kyzylorda,served_by,true
120200,kz:region:kyzylorda,served_by,true
120201,kz:region:kyzylorda,served_by,true
120202,kz:region:kyzylorda,served_by,true
120203,kz:region:kyzylorda,served_by,true
120204,kz:region:kyzylorda,served_by,true
120205,kz:region:kyzylorda,served_by,true
120206,kz:region:kyzylorda,served_by,true
120207,kz:region:kyzylorda,served_by,true
120208,kz:region:kyzylorda,served_by,true
120209,kz:region:kyzylorda,served_by,true
120210,kz:region:kyzylorda,served_by,true
120211,kz:region:kyzylorda,served_by,true
120212,kz:region:kyzylorda,served_by,true
120213,kz:region:kyzylorda,served_by,true
120214,kz:region:kyzylorda,served_by,true
120215,kz:region:kyzylorda,served_by,true
120300,kz:region:kyzylorda,served_by,true
120301,kz:region:kyzylorda,served_by,true
120302,kz:region:kyzylorda,served_by,true
120303,kz:region:kyzylorda,served_by,true
120304,kz:region:kyzylorda,served_by,true
120305,kz:region:kyzylorda,served_by,true
120306,kz:region:kyzylorda,served_by,true
120307,kz:region:kyzylorda,served_by,true
120308,kz:region:kyzylorda,served_by,true
120309,kz:region:kyzylorda,served_by,true
120310,kz:region:kyzylorda,served_by,true
120311,kz:region:kyzylorda,served_by,true
120312,kz:region:kyzylorda,served_by,true
120313,kz:region:kyzylorda,served_by,true
120314,kz:region:kyzylorda,served_by,true
120315,kz:region:kyzylorda,served_by,true
120316,kz:region:kyzylorda,served_by,true
120317,kz:region:kyzylorda,served_by,true
120400,kz:region:kyzylorda,served_by,true
120401,kz:region:kyzylorda,served_by,true
120402,kz:region:kyzylorda,served_by,true
120403,kz:region:kyzylorda,served_by,true
120404,kz:region:kyzylorda,served_by,true
120405,kz:region:kyzylorda,served_by,true
120406,kz:region:kyzylorda,served_by,true
120407,kz:region:kyzylorda,served_by,true
120408,kz:region:kyzylorda,served_by,true
120409,kz:region:kyzylorda,served_by,true
120410,kz:region:kyzylorda,served_by,true
120411,kz:region:kyzylorda,served_by,true
120412,kz:region:kyzylorda,served_by,true
120413,kz:region:kyzylorda,served_by,true
120414,kz:region:kyzylorda,served_by,true
120415,kz:region:kyzylorda,served_by,true
120416,kz:region:kyzylorda,served_by,true
120417,kz:region:kyzylorda,served_by,true
120500,kz:region:kyzylorda,served_by,true
120501,kz:region:kyzylorda,served_by,true
120502,kz:region:kyzylorda,served_by,true
120503,kz:region:kyzylorda,served_by,true
120504,kz:region:kyzylorda,served_by,true
120505,kz:region:kyzylorda,served_by,true
120506,kz:region:kyzylorda,served_by,true
120507,kz:region:kyzylorda,served_by,true
120508,kz:region:kyzylorda,served_by,true
120509,kz:region:kyzylorda,served_by,true
120510,kz:region:kyzylorda,served_by,true
120511,kz:region:kyzylorda,served_by,true
120512,kz:region:kyzylorda,served_by,true
120513,kz:region:kyzylorda,served_by,true
120514,kz:region:kyzylorda,served_by,true
120515,kz:region:kyzylorda,served_by,true
120600,kz:region:kyzylorda,served_by,true
120601,kz:region:kyzylorda,served_by,true
120602,kz:region:kyzylorda,served_by,true
120603,kz:region:kyzylorda,served_by,true
120604,kz:region:kyzylorda,served_by,true
120605,kz:region:kyzylorda,served_by,true
120606,kz:region:kyzylorda,served_by,true
120607,kz:region:kyzylorda,served_by,true
120608,kz:region:kyzylorda,served_by,true
120609,kz:region:kyzylorda,served_by,true
120610,kz:region:kyzylorda,served_by,true
120611,kz:region:kyzylorda,served_by,true
120612,kz:region:kyzylorda,served_by,true
120613,kz:region:kyzylorda,served_by,true
120700,kz:region:kyzylorda,served_by,true
120701,kz:region:kyzylorda,served_by,true
120702,kz:region:kyzylorda,served_by,true
120703,kz:region:kyzylorda,served_by,true
120704,kz:region:kyzylorda,served_by,true
120705,kz:region:kyzylorda,served_by,true
120706,kz:region:kyzylorda,served_by,true
120707,kz:region:kyzylorda,served_by,true
120708,kz:region:kyzylorda,served_by,true
120709,kz:region:kyzylorda,served_by,true
120710,kz:region:kyzylorda,served_by,true
120711,kz:region:kyzylorda,served_by,true
120712,kz:region:kyzylorda,served_by,true
120713,kz:region:kyzylorda,served_by,true
120714,kz:region:kyzylorda,served_by,true
120715,kz:region:kyzylorda,served_by,true
120716,kz:region:kyzylorda,served_by,true
120717,kz:region:kyzylorda,served_by,true
120718,kz:region:kyzylorda,served_by,true
129900,kz:region:kyzylorda,served_by,true
130000,kz:region:mangystau,served_by,true
130001,kz:region:mangystau,served_by,true
130002,kz:region:mangystau,served_by,true
130003,kz:region:mangystau,served_by,true
130005,kz:region:mangystau,served_by,true
130006,kz:region:mangystau,served_by,true
130007,kz:region:mangystau,served_by,true
130100,kz:region:mangystau,served_by,true
130101,kz:region:mangystau,served_by,true
130102,kz:region:mangystau,served_by,true
130103,kz:region:mangystau,served_by,true
130104,kz:region:mangystau,served_by,true
130105,kz:region:mangystau,served_by,true
130106,kz:region:mangystau,served_by,true
130107,kz:region:mangystau,served_by,true
130108,kz:region:mangystau,served_by,true
130200,kz:region:mangystau,served_by,true
130201,kz:region:mangystau,served_by,true
130202,kz:region:mangystau,served_by,true
130203,kz:region:mangystau,served_by,true
130204,kz:region:mangystau,served_by,true
130205,kz:region:mangystau,served_by,true
130300,kz:region:mangystau,served_by,true
130301,kz:region:mangystau,served_by,true
130302,kz:region:mangystau,served_by,true
130303,kz:region:mangystau,served_by,true
130304,kz:region:mangystau,served_by,true
130305,kz:region:mangystau,served_by,true
130306,kz:region:mangystau,served_by,true
130400,kz:region:mangystau,served_by,true
130401,kz:region:mangystau,served_by,true
130402,kz:region:mangystau,served_by,true
130403,kz:region:mangystau,served_by,true
130404,kz:region:mangystau,served_by,true
130405,kz:region:mangystau,served_by,true
130406,kz:region:mangystau,served_by,true
130407,kz:region:mangystau,served_by,true
130408,kz:region:mangystau,served_by,true
130409,kz:region:mangystau,served_by,true
130410,kz:region:mangystau,served_by,true
130500,kz:region:mangystau,served_by,true
130501,kz:region:mangystau,served_by,true
130502,kz:region:mangystau,served_by,true
130503,kz:region:mangystau,served_by,true
130504,kz:region:mangystau,served_by,true
130505,kz:region:mangystau,served_by,true
139900,kz:region:mangystau,served_by,true
139907,kz:region:mangystau,served_by,true
140000,kz:region:pavlodar,served_by,true
140001,kz:region:pavlodar,served_by,true
140002,kz:region:pavlodar,served_by,true
140003,kz:region:pavlodar,served_by,true
140004,kz:region:pavlodar,served_by,true
140005,kz:region:pavlodar,served_by,true
140006,kz:region:pavlodar,served_by,true
140007,kz:region:pavlodar,served_by,true
140008,kz:region:pavlodar,served_by,true
140009,kz:region:pavlodar,served_by,true
140010,kz:region:pavlodar,served_by,true
140011,kz:region:pavlodar,served_by,true
140012,kz:region:pavlodar,served_by,true
140013,kz:region:pavlodar,served_by,true
140014,kz:region:pavlodar,served_by,true
140015,kz:region:pavlodar,served_by,true
140016,kz:region:pavlodar,served_by,true
140017,kz:region:pavlodar,served_by,true
140018,kz:region:pavlodar,served_by,true
140100,kz:region:pavlodar,served_by,true
140101,kz:region:pavlodar,served_by,true
140102,kz:region:pavlodar,served_by,true
140103,kz:region:pavlodar,served_by,true
140104,kz:region:pavlodar,served_by,true
140105,kz:region:pavlodar,served_by,true
140106,kz:region:pavlodar,served_by,true
140107,kz:region:pavlodar,served_by,true
140108,kz:region:pavlodar,served_by,true
140109,kz:region:pavlodar,served_by,true
140110,kz:region:pavlodar,served_by,true
140111,kz:region:pavlodar,served_by,true
140112,kz:region:pavlodar,served_by,true
140113,kz:region:pavlodar,served_by,true
140114,kz:region:pavlodar,served_by,true
140115,kz:region:pavlodar,served_by,true
140116,kz:region:pavlodar,served_by,true
140117,kz:region:pavlodar,served_by,true
140118,kz:region:pavlodar,served_by,true
140119,kz:region:pavlodar,served_by,true
140200,kz:region:pavlodar,served_by,true
140201,kz:region:pavlodar,served_by,true
140202,kz:region:pavlodar,served_by,true
140203,kz:region:pavlodar,served_by,true
140204,kz:region:pavlodar,served_by,true
140205,kz:region:pavlodar,served_by,true
140206,kz:region:pavlodar,served_by,true
140207,kz:region:pavlodar,served_by,true
140208,kz:region:pavlodar,served_by,true
140209,kz:region:pavlodar,served_by,true
140210,kz:region:pavlodar,served_by,true
140211,kz:region:pavlodar,served_by,true
140212,kz:region:pavlodar,served_by,true
140300,kz:region:pavlodar,served_by,true
140301,kz:region:pavlodar,served_by,true
140302,kz:region:pavlodar,served_by,true
140303,kz:region:pavlodar,served_by,true
140304,kz:region:pavlodar,served_by,true
140305,kz:region:pavlodar,served_by,true
140306,kz:region:pavlodar,served_by,true
140307,kz:region:pavlodar,served_by,true
140308,kz:region:pavlodar,served_by,true
140309,kz:region:pavlodar,served_by,true
140310,kz:region:pavlodar,served_by,true
140311,kz:region:pavlodar,served_by,true
140312,kz:region:pavlodar,served_by,true
140500,kz:region:pavlodar,served_by,true
140501,kz:region:pavlodar,served_by,true
140502,kz:region:pavlodar,served_by,true
140503,kz:region:pavlodar,served_by,true
140504,kz:region:pavlodar,served_by,true
140505,kz:region:pavlodar,served_by,true
140506,kz:region:pavlodar,served_by,true
140507,kz:region:pavlodar,served_by,true
140508,kz:region:pavlodar,served_by,true
140509,kz:region:pavlodar,served_by,true
140510,kz:region:pavlodar,served_by,true
140511,kz:region:pavlodar,served_by,true
140512,kz:region:pavlodar,served_by,true
140513,kz:region:pavlodar,served_by,true
140514,kz:region:pavlodar,served_by,true
140515,kz:region:pavlodar,served_by,true
140516,kz:region:pavlodar,served_by,true
140517,kz:region:pavlodar,served_by,true
140600,kz:region:pavlodar,served_by,true
140601,kz:region:pavlodar,served_by,true
140602,kz:region:pavlodar,served_by,true
140603,kz:region:pavlodar,served_by,true
140604,kz:region:pavlodar,served_by,true
140605,kz:region:pavlodar,served_by,true
140606,kz:region:pavlodar,served_by,true
140607,kz:region:pavlodar,served_by,true
140608,kz:region:pavlodar,served_by,true
140609,kz:region:pavlodar,served_by,true
140610,kz:region:pavlodar,served_by,true
140611,kz:region:pavlodar,served_by,true
140612,kz:region:pavlodar,served_by,true
140700,kz:region:pavlodar,served_by,true
140701,kz:region:pavlodar,served_by,true
140702,kz:region:pavlodar,served_by,true
140703,kz:region:pavlodar,served_by,true
140704,kz:region:pavlodar,served_by,true
140705,kz:region:pavlodar,served_by,true
140706,kz:region:pavlodar,served_by,true
140707,kz:region:pavlodar,served_by,true
140708,kz:region:pavlodar,served_by,true
140709,kz:region:pavlodar,served_by,true
140710,kz:region:pavlodar,served_by,true
140800,kz:region:pavlodar,served_by,true
140801,kz:region:pavlodar,served_by,true
140802,kz:region:pavlodar,served_by,true
140803,kz:region:pavlodar,served_by,true
140804,kz:region:pavlodar,served_by,true
140805,kz:region:pavlodar,served_by,true
140806,kz:region:pavlodar,served_by,true
140807,kz:region:pavlodar,served_by,true
140900,kz:region:pavlodar,served_by,true
140901,kz:region:pavlodar,served_by,true
140902,kz:region:pavlodar,served_by,true
140903,kz:region:pavlodar,served_by,true
140904,kz:region:pavlodar,served_by,true
140905,kz:region:pavlodar,served_by,true
140906,kz:region:pavlodar,served_by,true
140907,kz:region:pavlodar,served_by,true
140908,kz:region:pavlodar,served_by,true
140909,kz:region:pavlodar,served_by,true
140910,kz:region:pavlodar,served_by,true
140911,kz:region:pavlodar,served_by,true
140912,kz:region:pavlodar,served_by,true
140913,kz:region:pavlodar,served_by,true
140914,kz:region:pavlodar,served_by,true
140915,kz:region:pavlodar,served_by,true
140916,kz:region:pavlodar,served_by,true
140917,kz:region:pavlodar,served_by,true
140918,kz:region:pavlodar,served_by,true
140919,kz:region:pavlodar,served_by,true
140920,kz:region:pavlodar,served_by,true
141200,kz:region:pavlodar,served_by,true
141201,kz:region:pavlodar,served_by,true
141202,kz:region:pavlodar,served_by,true
141203,kz:region:pavlodar,served_by,true
141204,kz:region:pavlodar,served_by,true
141205,kz:region:pavlodar,served_by,true
141206,kz:region:pavlodar,served_by,true
141207,kz:region:pavlodar,served_by,true
141208,kz:region:pavlodar,served_by,true
141209,kz:region:pavlodar,served_by,true
141210,kz:region:pavlodar,served_by,true
141211,kz:region:pavlodar,served_by,true
141212,kz:region:pavlodar,served_by,true
141213,kz:region:pavlodar,served_by,true
141214,kz:region:pavlodar,served_by,true
141215,kz:region:pavlodar,served_by,true
141216,kz:region:pavlodar,served_by,true
141217,kz:region:pavlodar,served_by,true
141218,kz:region:pavlodar,served_by,true
141219,kz:region:pavlodar,served_by,true
141220,kz:region:pavlodar,served_by,true
141221,kz:region:pavlodar,served_by,true
149900,kz:region:pavlodar,served_by,true
150000,kz:region:north-kazakhstan,served_by,true
150001,kz:region:north-kazakhstan,served_by,true
150002,kz:region:north-kazakhstan,served_by,true
150003,kz:region:north-kazakhstan,served_by,true
150004,kz:region:north-kazakhstan,served_by,true
150005,kz:region:north-kazakhstan,served_by,true
150006,kz:region:north-kazakhstan,served_by,true
150007,kz:region:north-kazakhstan,served_by,true
150008,kz:region:north-kazakhstan,served_by,true
150009,kz:region:north-kazakhstan,served_by,true
150010,kz:region:north-kazakhstan,served_by,true
150011,kz:region:north-kazakhstan,served_by,true
150012,kz:region:north-kazakhstan,served_by,true
150013,kz:region:north-kazakhstan,served_by,true
150100,kz:region:north-kazakhstan,served_by,true
150101,kz:region:north-kazakhstan,served_by,true
150102,kz:region:north-kazakhstan,served_by,true
150103,kz:region:north-kazakhstan,served_by,true
150104,kz:region:north-kazakhstan,served_by,true
150105,kz:region:north-kazakhstan,served_by,true
150106,kz:region:north-kazakhstan,served_by,true
150107,kz:region:north-kazakhstan,served_by,true
150108,kz:region:north-kazakhstan,served_by,true
150109,kz:region:north-kazakhstan,served_by,true
150110,kz:region:north-kazakhstan,served_by,true
150111,kz:region:north-kazakhstan,served_by,true
150112,kz:region:north-kazakhstan,served_by,true
150113,kz:region:north-kazakhstan,served_by,true
150114,kz:region:north-kazakhstan,served_by,true
150115,kz:region:north-kazakhstan,served_by,true
150116,kz:region:north-kazakhstan,served_by,true
150117,kz:region:north-kazakhstan,served_by,true
150118,kz:region:north-kazakhstan,served_by,true
150119,kz:region:north-kazakhstan,served_by,true
150120,kz:region:north-kazakhstan,served_by,true
150121,kz:region:north-kazakhstan,served_by,true
150122,kz:region:north-kazakhstan,served_by,true
150123,kz:region:north-kazakhstan,served_by,true
150200,kz:region:north-kazakhstan,served_by,true
150201,kz:region:north-kazakhstan,served_by,true
150202,kz:region:north-kazakhstan,served_by,true
150203,kz:region:north-kazakhstan,served_by,true
150204,kz:region:north-kazakhstan,served_by,true
150205,kz:region:north-kazakhstan,served_by,true
150206,kz:region:north-kazakhstan,served_by,true
150207,kz:region:north-kazakhstan,served_by,true
150208,kz:region:north-kazakhstan,served_by,true
150209,kz:region:north-kazakhstan,served_by,true
150210,kz:region:north-kazakhstan,served_by,true
150211,kz:region:north-kazakhstan,served_by,true
150212,kz:region:north-kazakhstan,served_by,true
150213,kz:region:north-kazakhstan,served_by,true
150214,kz:region:north-kazakhstan,served_by,true
150215,kz:region:north-kazakhstan,served_by,true
150216,kz:region:north-kazakhstan,served_by,true
150217,kz:region:north-kazakhstan,served_by,true
150218,kz:region:north-kazakhstan,served_by,true
150219,kz:region:north-kazakhstan,served_by,true
150220,kz:region:north-kazakhstan,served_by,true
150221,kz:region:north-kazakhstan,served_by,true
150300,kz:region:north-kazakhstan,served_by,true
150301,kz:region:north-kazakhstan,served_by,true
150302,kz:region:north-kazakhstan,served_by,true
150303,kz:region:north-kazakhstan,served_by,true
150304,kz:region:north-kazakhstan,served_by,true
150305,kz:region:north-kazakhstan,served_by,true
150306,kz:region:north-kazakhstan,served_by,true
150307,kz:region:north-kazakhstan,served_by,true
150308,kz:region:north-kazakhstan,served_by,true
150309,kz:region:north-kazakhstan,served_by,true
150310,kz:region:north-kazakhstan,served_by,true
150311,kz:region:north-kazakhstan,served_by,true
150312,kz:region:north-kazakhstan,served_by,true
150400,kz:region:north-kazakhstan,served_by,true
150401,kz:region:north-kazakhstan,served_by,true
150402,kz:region:north-kazakhstan,served_by,true
150403,kz:region:north-kazakhstan,served_by,true
150404,kz:region:north-kazakhstan,served_by,true
150405,kz:region:north-kazakhstan,served_by,true
150406,kz:region:north-kazakhstan,served_by,true
150407,kz:region:north-kazakhstan,served_by,true
150408,kz:region:north-kazakhstan,served_by,true
150409,kz:region:north-kazakhstan,served_by,true
150410,kz:region:north-kazakhstan,served_by,true
150411,kz:region:north-kazakhstan,served_by,true
150412,kz:region:north-kazakhstan,served_by,true
150413,kz:region:north-kazakhstan,served_by,true
150414,kz:region:north-kazakhstan,served_by,true
150415,kz:region:north-kazakhstan,served_by,true
150416,kz:region:north-kazakhstan,served_by,true
150417,kz:region:north-kazakhstan,served_by,true
150418,kz:region:north-kazakhstan,served_by,true
150419,kz:region:north-kazakhstan,served_by,true
150420,kz:region:north-kazakhstan,served_by,true
150421,kz:region:north-kazakhstan,served_by,true
150422,kz:region:north-kazakhstan,served_by,true
150423,kz:region:north-kazakhstan,served_by,true
150424,kz:region:north-kazakhstan,served_by,true
150425,kz:region:north-kazakhstan,served_by,true
150426,kz:region:north-kazakhstan,served_by,true
150427,kz:region:north-kazakhstan,served_by,true
150428,kz:region:north-kazakhstan,served_by,true
150429,kz:region:north-kazakhstan,served_by,true
150430,kz:region:north-kazakhstan,served_by,true
150431,kz:region:north-kazakhstan,served_by,true
150432,kz:region:north-kazakhstan,served_by,true
150433,kz:region:north-kazakhstan,served_by,true
150434,kz:region:north-kazakhstan,served_by,true
150435,kz:region:north-kazakhstan,served_by,true
150436,kz:region:north-kazakhstan,served_by,true
150437,kz:region:north-kazakhstan,served_by,true
150438,kz:region:north-kazakhstan,served_by,true
150439,kz:region:north-kazakhstan,served_by,true
150440,kz:region:north-kazakhstan,served_by,true
150441,kz:region:north-kazakhstan,served_by,true
150500,kz:region:north-kazakhstan,served_by,true
150501,kz:region:north-kazakhstan,served_by,true
150502,kz:region:north-kazakhstan,served_by,true
150503,kz:region:north-kazakhstan,served_by,true
150504,kz:region:north-kazakhstan,served_by,true
150506,kz:region:north-kazakhstan,served_by,true
150507,kz:region:north-kazakhstan,served_by,true
150508,kz:region:north-kazakhstan,served_by,true
150509,kz:region:north-kazakhstan,served_by,true
150510,kz:region:north-kazakhstan,served_by,true
150511,kz:region:north-kazakhstan,served_by,true
150512,kz:region:north-kazakhstan,served_by,true
150513,kz:region:north-kazakhstan,served_by,true
150514,kz:region:north-kazakhstan,served_by,true
150515,kz:region:north-kazakhstan,served_by,true
150516,kz:region:north-kazakhstan,served_by,true
150517,kz:region:north-kazakhstan,served_by,true
150518,kz:region:north-kazakhstan,served_by,true
150519,kz:region:north-kazakhstan,served_by,true
150520,kz:region:north-kazakhstan,served_by,true
150700,kz:region:north-kazakhstan,served_by,true
150701,kz:region:north-kazakhstan,served_by,true
150702,kz:region:north-kazakhstan,served_by,true
150703,kz:region:north-kazakhstan,served_by,true
150704,kz:region:north-kazakhstan,served_by,true
150705,kz:region:north-kazakhstan,served_by,true
150706,kz:region:north-kazakhstan,served_by,true
150707,kz:region:north-kazakhstan,served_by,true
150708,kz:region:north-kazakhstan,served_by,true
150709,kz:region:north-kazakhstan,served_by,true
150710,kz:region:north-kazakhstan,served_by,true
150711,kz:region:north-kazakhstan,served_by,true
150712,kz:region:north-kazakhstan,served_by,true
150713,kz:region:north-kazakhstan,served_by,true
150714,kz:region:north-kazakhstan,served_by,true
150715,kz:region:north-kazakhstan,served_by,true
150716,kz:region:north-kazakhstan,served_by,true
150717,kz:region:north-kazakhstan,served_by,true
150800,kz:region:north-kazakhstan,served_by,true
150801,kz:region:north-kazakhstan,served_by,true
150802,kz:region:north-kazakhstan,served_by,true
150803,kz:region:north-kazakhstan,served_by,true
150804,kz:region:north-kazakhstan,served_by,true
150805,kz:region:north-kazakhstan,served_by,true
150806,kz:region:north-kazakhstan,served_by,true
150807,kz:region:north-kazakhstan,served_by,true
150808,kz:region:north-kazakhstan,served_by,true
150809,kz:region:north-kazakhstan,served_by,true
150810,kz:region:north-kazakhstan,served_by,true
150811,kz:region:north-kazakhstan,served_by,true
150812,kz:region:north-kazakhstan,served_by,true
150813,kz:region:north-kazakhstan,served_by,true
150814,kz:region:north-kazakhstan,served_by,true
150815,kz:region:north-kazakhstan,served_by,true
150816,kz:region:north-kazakhstan,served_by,true
150817,kz:region:north-kazakhstan,served_by,true
150818,kz:region:north-kazakhstan,served_by,true
150819,kz:region:north-kazakhstan,served_by,true
150820,kz:region:north-kazakhstan,served_by,true
150821,kz:region:north-kazakhstan,served_by,true
150822,kz:region:north-kazakhstan,served_by,true
150823,kz:region:north-kazakhstan,served_by,true
150900,kz:region:north-kazakhstan,served_by,true
150901,kz:region:north-kazakhstan,served_by,true
150902,kz:region:north-kazakhstan,served_by,true
150903,kz:region:north-kazakhstan,served_by,true
150904,kz:region:north-kazakhstan,served_by,true
150905,kz:region:north-kazakhstan,served_by,true
150906,kz:region:north-kazakhstan,served_by,true
150907,kz:region:north-kazakhstan,served_by,true
150908,kz:region:north-kazakhstan,served_by,true
150909,kz:region:north-kazakhstan,served_by,true
150910,kz:region:north-kazakhstan,served_by,true
150911,kz:region:north-kazakhstan,served_by,true
150912,kz:region:north-kazakhstan,served_by,true
150913,kz:region:north-kazakhstan,served_by,true
151300,kz:region:north-kazakhstan,served_by,true
151301,kz:region:north-kazakhstan,served_by,true
151302,kz:region:north-kazakhstan,served_by,true
151303,kz:region:north-kazakhstan,served_by,true
151304,kz:region:north-kazakhstan,served_by,true
151305,kz:region:north-kazakhstan,served_by,true
151306,kz:region:north-kazakhstan,served_by,true
151307,kz:region:north-kazakhstan,served_by,true
151308,kz:region:north-kazakhstan,served_by,true
151309,kz:region:north-kazakhstan,served_by,true
151310,kz:region:north-kazakhstan,served_by,true
159900,kz:region:north-kazakhstan,served_by,true
160027,kz:region:turkistan,served_by,true
160100,kz:region:turkistan,served_by,true
160101,kz:region:turkistan,served_by,true
160102,kz:region:turkistan,served_by,true
160103,kz:region:turkistan,served_by,true
160104,kz:region:turkistan,served_by,true
160105,kz:region:turkistan,served_by,true
160106,kz:region:turkistan,served_by,true
160107,kz:region:turkistan,served_by,true
160108,kz:region:turkistan,served_by,true
160109,kz:region:turkistan,served_by,true
160110,kz:region:turkistan,served_by,true
160111,kz:region:turkistan,served_by,true
160200,kz:region:turkistan,served_by,true
160201,kz:region:turkistan,served_by,true
160202,kz:region:turkistan,served_by,true
160203,kz:region:turkistan,served_by,true
160204,kz:region:turkistan,served_by,true
160205,kz:region:turkistan,served_by,true
160206,kz:region:turkistan,served_by,true
160207,kz:region:turkistan,served_by,true
160208,kz:region:turkistan,served_by,true
160209,kz:region:turkistan,served_by,true
160210,kz:region:turkistan,served_by,true
160211,kz:region:turkistan,served_by,true
160212,kz:region:turkistan,served_by,true
160213,kz:region:turkistan,served_by,true
160300,kz:region:turkistan,served_by,true
160301,kz:region:turkistan,served_by,true
160302,kz:region:turkistan,served_by,true
160303,kz:region:turkistan,served_by,true
160304,kz:region:turkistan,served_by,true
160305,kz:region:turkistan,served_by,true
160306,kz:region:turkistan,served_by,true
160307,kz:region:turkistan,served_by,true
160308,kz:region:turkistan,served_by,true
160309,kz:region:turkistan,served_by,true
160310,kz:region:turkistan,served_by,true
160311,kz:region:turkistan,served_by,true
160312,kz:region:turkistan,served_by,true
160313,kz:region:turkistan,served_by,true
160314,kz:region:turkistan,served_by,true
160315,kz:region:turkistan,served_by,true
160316,kz:region:turkistan,served_by,true
160317,kz:region:turkistan,served_by,true
160318,kz:region:turkistan,served_by,true
160500,kz:region:turkistan,served_by,true
160501,kz:region:turkistan,served_by,true
160502,kz:region:turkistan,served_by,true
160503,kz:region:turkistan,served_by,true
160504,kz:region:turkistan,served_by,true
160505,kz:region:turkistan,served_by,true
160506,kz:region:turkistan,served_by,true
160507,kz:region:turkistan,served_by,true
160508,kz:region:turkistan,served_by,true
160509,kz:region:turkistan,served_by,true
160510,kz:region:turkistan,served_by,true
160511,kz:region:turkistan,served_by,true
160512,kz:region:turkistan,served_by,true
160513,kz:region:turkistan,served_by,true
160514,kz:region:turkistan,served_by,true
160515,kz:region:turkistan,served_by,true
160516,kz:region:turkistan,served_by,true
160517,kz:region:turkistan,served_by,true
160518,kz:region:turkistan,served_by,true
160519,kz:region:turkistan,served_by,true
160520,kz:region:turkistan,served_by,true
160521,kz:region:turkistan,served_by,true
160522,kz:region:turkistan,served_by,true
160523,kz:region:turkistan,served_by,true
160524,kz:region:turkistan,served_by,true
160525,kz:region:turkistan,served_by,true
160526,kz:region:turkistan,served_by,true
160527,kz:region:turkistan,served_by,true
160528,kz:region:turkistan,served_by,true
160529,kz:region:turkistan,served_by,true
160530,kz:region:turkistan,served_by,true
160531,kz:region:turkistan,served_by,true
160532,kz:region:turkistan,served_by,true
160533,kz:region:turkistan,served_by,true
160534,kz:region:turkistan,served_by,true
160535,kz:region:turkistan,served_by,true
160536,kz:region:turkistan,served_by,true
160537,kz:region:turkistan,served_by,true
160538,kz:region:turkistan,served_by,true
160539,kz:region:turkistan,served_by,true
160540,kz:region:turkistan,served_by,true
160541,kz:region:turkistan,served_by,true
160542,kz:region:turkistan,served_by,true
160543,kz:region:turkistan,served_by,true
160544,kz:region:turkistan,served_by,true
160545,kz:region:turkistan,served_by,true
160546,kz:region:turkistan,served_by,true
160547,kz:region:turkistan,served_by,true
160548,kz:region:turkistan,served_by,true
160549,kz:region:turkistan,served_by,true
160550,kz:region:turkistan,served_by,true
160551,kz:region:turkistan,served_by,true
160553,kz:region:turkistan,served_by,true
160600,kz:region:turkistan,served_by,true
160601,kz:region:turkistan,served_by,true
160602,kz:region:turkistan,served_by,true
160603,kz:region:turkistan,served_by,true
160604,kz:region:turkistan,served_by,true
160605,kz:region:turkistan,served_by,true
160606,kz:region:turkistan,served_by,true
160607,kz:region:turkistan,served_by,true
160608,kz:region:turkistan,served_by,true
160609,kz:region:turkistan,served_by,true
160610,kz:region:turkistan,served_by,true
160611,kz:region:turkistan,served_by,true
160612,kz:region:turkistan,served_by,true
160613,kz:region:turkistan,served_by,true
160614,kz:region:turkistan,served_by,true
160615,kz:region:turkistan,served_by,true
160616,kz:region:turkistan,served_by,true
160652,kz:region:turkistan,served_by,true
160700,kz:region:turkistan,served_by,true
160701,kz:region:turkistan,served_by,true
160702,kz:region:turkistan,served_by,true
160703,kz:region:turkistan,served_by,true
160704,kz:region:turkistan,served_by,true
160705,kz:region:turkistan,served_by,true
160706,kz:region:turkistan,served_by,true
160707,kz:region:turkistan,served_by,true
160708,kz:region:turkistan,served_by,true
160709,kz:region:turkistan,served_by,true
160710,kz:region:turkistan,served_by,true
160711,kz:region:turkistan,served_by,true
160712,kz:region:turkistan,served_by,true
160713,kz:region:turkistan,served_by,true
160800,kz:region:turkistan,served_by,true
160801,kz:region:turkistan,served_by,true
160802,kz:region:turkistan,served_by,true
160803,kz:region:turkistan,served_by,true
160804,kz:region:turkistan,served_by,true
160805,kz:region:turkistan,served_by,true
160806,kz:region:turkistan,served_by,true
160807,kz:region:turkistan,served_by,true
160808,kz:region:turkistan,served_by,true
160809,kz:region:turkistan,served_by,true
160810,kz:region:turkistan,served_by,true
160811,kz:region:turkistan,served_by,true
160812,kz:region:turkistan,served_by,true
160813,kz:region:turkistan,served_by,true
160814,kz:region:turkistan,served_by,true
160815,kz:region:turkistan,served_by,true
160816,kz:region:turkistan,served_by,true
160817,kz:region:turkistan,served_by,true
160818,kz:city:shymkent,served_by,true
160819,kz:region:turkistan,served_by,true
160820,kz:region:turkistan,served_by,true
160822,kz:region:turkistan,served_by,true
160823,kz:region:turkistan,served_by,true
160824,kz:region:turkistan,served_by,true
160825,kz:region:turkistan,served_by,true
160900,kz:region:turkistan,served_by,true
160901,kz:region:turkistan,served_by,true
160902,kz:region:turkistan,served_by,true
160903,kz:region:turkistan,served_by,true
160904,kz:region:turkistan,served_by,true
160905,kz:region:turkistan,served_by,true
160906,kz:region:turkistan,served_by,true
160907,kz:region:turkistan,served_by,true
160908,kz:region:turkistan,served_by,true
160909,kz:region:turkistan,served_by,true
160910,kz:region:turkistan,served_by,true
160911,kz:region:turkistan,served_by,true
160912,kz:region:turkistan,served_by,true
160913,kz:region:turkistan,served_by,true
160914,kz:region:turkistan,served_by,true
160915,kz:region:turkistan,served_by,true
160916,kz:region:turkistan,served_by,true
160917,kz:region:turkistan,served_by,true
160918,kz:region:turkistan,served_by,true
160919,kz:region:turkistan,served_by,true
160920,kz:region:turkistan,served_by,true
160921,kz:region:turkistan,served_by,true
160922,kz:region:turkistan,served_by,true
160923,kz:region:turkistan,served_by,true
160924,kz:region:turkistan,served_by,true
160925,kz:region:turkistan,served_by,true
160926,kz:region:turkistan,served_by,true
160927,kz:region:turkistan,served_by,true
160928,kz:region:turkistan,served_by,true
160929,kz:region:turkistan,served_by,true
160930,kz:region:turkistan,served_by,true
160931,kz:region:turkistan,served_by,true
160932,kz:region:turkistan,served_by,true
169999,kz:region:turkistan,served_by,true
