postcode,area_source_id,relationship_type,is_primary
00001,lt:city_municipality:palangos-miestas,served_by,true
00001,lt:district_municipality:klaipeda,served_by,false
00009,lt:city_municipality:palangos-miestas,served_by,true
01001,lt:city_municipality:vilniaus-miestas,served_by,true
01013,lt:city_municipality:vilniaus-miestas,served_by,true
01025,lt:city_municipality:vilniaus-miestas,served_by,true
01031,lt:city_municipality:vilniaus-miestas,served_by,true
01047,lt:city_municipality:vilniaus-miestas,served_by,true
01100,lt:city_municipality:vilniaus-miestas,served_by,true
01101,lt:city_municipality:vilniaus-miestas,served_by,true
01102,lt:city_municipality:vilniaus-miestas,served_by,true
01103,lt:city_municipality:vilniaus-miestas,served_by,true
01104,lt:city_municipality:vilniaus-miestas,served_by,true
01105,lt:city_municipality:vilniaus-miestas,served_by,true
01106,lt:city_municipality:vilniaus-miestas,served_by,true
01107,lt:city_municipality:vilniaus-miestas,served_by,true
01108,lt:city_municipality:vilniaus-miestas,served_by,true
01109,lt:city_municipality:vilniaus-miestas,served_by,true
01110,lt:city_municipality:vilniaus-miestas,served_by,true
01111,lt:city_municipality:vilniaus-miestas,served_by,true
01112,lt:city_municipality:vilniaus-miestas,served_by,true
01113,lt:city_municipality:vilniaus-miestas,served_by,true
01114,lt:city_municipality:vilniaus-miestas,served_by,true
01115,lt:city_municipality:vilniaus-miestas,served_by,true
01116,lt:city_municipality:vilniaus-miestas,served_by,true
01117,lt:city_municipality:vilniaus-miestas,served_by,true
01118,lt:city_municipality:vilniaus-miestas,served_by,true
01119,lt:city_municipality:vilniaus-miestas,served_by,true
01120,lt:city_municipality:vilniaus-miestas,served_by,true
01121,lt:city_municipality:vilniaus-miestas,served_by,true
01122,lt:city_municipality:vilniaus-miestas,served_by,true
01123,lt:city_municipality:vilniaus-miestas,served_by,true
01124,lt:city_municipality:vilniaus-miestas,served_by,true
01125,lt:city_municipality:vilniaus-miestas,served_by,true
01126,lt:city_municipality:vilniaus-miestas,served_by,true
01127,lt:city_municipality:vilniaus-miestas,served_by,true
01128,lt:city_municipality:vilniaus-miestas,served_by,true
01129,lt:city_municipality:vilniaus-miestas,served_by,true
01130,lt:city_municipality:vilniaus-miestas,served_by,true
01131,lt:city_municipality:vilniaus-miestas,served_by,true
01132,lt:city_municipality:vilniaus-miestas,served_by,true
01133,lt:city_municipality:vilniaus-miestas,served_by,true
01134,lt:city_municipality:vilniaus-miestas,served_by,true
01135,lt:city_municipality:vilniaus-miestas,served_by,true
01136,lt:city_municipality:vilniaus-miestas,served_by,true
01137,lt:city_municipality:vilniaus-miestas,served_by,true
01138,lt:city_municipality:vilniaus-miestas,served_by,true
01139,lt:city_municipality:vilniaus-miestas,served_by,true
01140,lt:city_municipality:vilniaus-miestas,served_by,true
01141,lt:city_municipality:vilniaus-miestas,served_by,true
01143,lt:city_municipality:vilniaus-miestas,served_by,true
01144,lt:city_municipality:vilniaus-miestas,served_by,true
01200,lt:city_municipality:vilniaus-miestas,served_by,true
01201,lt:city_municipality:vilniaus-miestas,served_by,true
01202,lt:city_municipality:vilniaus-miestas,served_by,true
01203,lt:city_municipality:vilniaus-miestas,served_by,true
01204,lt:city_municipality:vilniaus-miestas,served_by,true
01205,lt:city_municipality:vilniaus-miestas,served_by,true
01206,lt:city_municipality:vilniaus-miestas,served_by,true
01207,lt:city_municipality:vilniaus-miestas,served_by,true
01208,lt:city_municipality:vilniaus-miestas,served_by,true
01209,lt:city_municipality:vilniaus-miestas,served_by,true
01210,lt:city_municipality:vilniaus-miestas,served_by,true
01211,lt:city_municipality:vilniaus-miestas,served_by,true
01212,lt:city_municipality:vilniaus-miestas,served_by,true
01213,lt:city_municipality:vilniaus-miestas,served_by,true
01214,lt:city_municipality:vilniaus-miestas,served_by,true
01215,lt:city_municipality:vilniaus-miestas,served_by,true
01300,lt:city_municipality:vilniaus-miestas,served_by,true
01301,lt:city_municipality:vilniaus-miestas,served_by,true
01302,lt:city_municipality:vilniaus-miestas,served_by,true
01303,lt:city_municipality:vilniaus-miestas,served_by,true
01304,lt:city_municipality:vilniaus-miestas,served_by,true
01305,lt:city_municipality:vilniaus-miestas,served_by,true
01306,lt:city_municipality:vilniaus-miestas,served_by,true
01307,lt:city_municipality:vilniaus-miestas,served_by,true
01308,lt:city_municipality:vilniaus-miestas,served_by,true
01309,lt:city_municipality:vilniaus-miestas,served_by,true
01310,lt:city_municipality:vilniaus-miestas,served_by,true
01311,lt:city_municipality:vilniaus-miestas,served_by,true
01312,lt:city_municipality:vilniaus-miestas,served_by,true
01313,lt:city_municipality:vilniaus-miestas,served_by,true
01314,lt:city_municipality:vilniaus-miestas,served_by,true
01400,lt:city_municipality:vilniaus-miestas,served_by,true
01401,lt:city_municipality:vilniaus-miestas,served_by,true
01402,lt:city_municipality:vilniaus-miestas,served_by,true
02007,lt:city_municipality:vilniaus-miestas,served_by,true
02011,lt:city_municipality:vilniaus-miestas,served_by,true
02017,lt:city_municipality:vilniaus-miestas,served_by,true
02017,lt:district_municipality:vilnius-58,served_by,false
02021,lt:city_municipality:vilniaus-miestas,served_by,false
02021,lt:district_municipality:vilnius-58,served_by,true
02025,lt:city_municipality:vilniaus-miestas,served_by,true
02029,lt:city_municipality:vilniaus-miestas,served_by,true
02100,lt:city_municipality:vilniaus-miestas,served_by,true
02101,lt:city_municipality:vilniaus-miestas,served_by,true
02102,lt:city_municipality:vilniaus-miestas,served_by,true
02103,lt:city_municipality:vilniaus-miestas,served_by,true
02104,lt:city_municipality:vilniaus-miestas,served_by,true
02105,lt:city_municipality:vilniaus-miestas,served_by,true
02106,lt:city_municipality:vilniaus-miestas,served_by,true
02107,lt:city_municipality:vilniaus-miestas,served_by,true
02108,lt:city_municipality:vilniaus-miestas,served_by,true
02109,lt:city_municipality:vilniaus-miestas,served_by,true
02110,lt:city_municipality:vilniaus-miestas,served_by,true
02111,lt:city_municipality:vilniaus-miestas,served_by,true
02112,lt:city_municipality:vilniaus-miestas,served_by,true
02113,lt:city_municipality:vilniaus-miestas,served_by,true
02114,lt:city_municipality:vilniaus-miestas,served_by,true
02115,lt:city_municipality:vilniaus-miestas,served_by,true
02116,lt:city_municipality:vilniaus-miestas,served_by,true
02117,lt:city_municipality:vilniaus-miestas,served_by,true
02118,lt:city_municipality:vilniaus-miestas,served_by,true
02119,lt:city_municipality:vilniaus-miestas,served_by,true
02120,lt:city_municipality:vilniaus-miestas,served_by,true
02121,lt:city_municipality:vilniaus-miestas,served_by,true
02122,lt:city_municipality:vilniaus-miestas,served_by,true
02151,lt:city_municipality:vilniaus-miestas,served_by,true
02152,lt:city_municipality:vilniaus-miestas,served_by,true
02153,lt:city_municipality:vilniaus-miestas,served_by,true
02154,lt:city_municipality:vilniaus-miestas,served_by,true
02155,lt:city_municipality:vilniaus-miestas,served_by,true
02156,lt:city_municipality:vilniaus-miestas,served_by,true
02157,lt:city_municipality:vilniaus-miestas,served_by,true
02158,lt:city_municipality:vilniaus-miestas,served_by,true
02159,lt:city_municipality:vilniaus-miestas,served_by,true
02160,lt:city_municipality:vilniaus-miestas,served_by,true
02161,lt:city_municipality:vilniaus-miestas,served_by,true
02162,lt:city_municipality:vilniaus-miestas,served_by,true
02163,lt:city_municipality:vilniaus-miestas,served_by,true
02164,lt:city_municipality:vilniaus-miestas,served_by,true
02165,lt:city_municipality:vilniaus-miestas,served_by,true
02166,lt:city_municipality:vilniaus-miestas,served_by,true
02167,lt:city_municipality:vilniaus-miestas,served_by,true
02168,lt:city_municipality:vilniaus-miestas,served_by,true
02169,lt:city_municipality:vilniaus-miestas,served_by,true
02170,lt:city_municipality:vilniaus-miestas,served_by,true
02171,lt:city_municipality:vilniaus-miestas,served_by,true
02172,lt:city_municipality:vilniaus-miestas,served_by,true
02173,lt:city_municipality:vilniaus-miestas,served_by,true
02174,lt:city_municipality:vilniaus-miestas,served_by,true
02175,lt:city_municipality:vilniaus-miestas,served_by,true
02176,lt:city_municipality:vilniaus-miestas,served_by,true
02177,lt:city_municipality:vilniaus-miestas,served_by,true
02178,lt:city_municipality:vilniaus-miestas,served_by,true
02179,lt:city_municipality:vilniaus-miestas,served_by,true
02180,lt:city_municipality:vilniaus-miestas,served_by,true
02181,lt:city_municipality:vilniaus-miestas,served_by,true
02182,lt:city_municipality:vilniaus-miestas,served_by,true
02183,lt:city_municipality:vilniaus-miestas,served_by,true
02184,lt:city_municipality:vilniaus-miestas,served_by,true
02185,lt:city_municipality:vilniaus-miestas,served_by,true
02186,lt:city_municipality:vilniaus-miestas,served_by,true
02187,lt:city_municipality:vilniaus-miestas,served_by,true
02188,lt:city_municipality:vilniaus-miestas,served_by,true
02189,lt:city_municipality:vilniaus-miestas,served_by,true
02190,lt:city_municipality:vilniaus-miestas,served_by,true
02191,lt:city_municipality:vilniaus-miestas,served_by,true
02192,lt:city_municipality:vilniaus-miestas,served_by,true
02193,lt:city_municipality:vilniaus-miestas,served_by,true
02194,lt:city_municipality:vilniaus-miestas,served_by,true
02195,lt:city_municipality:vilniaus-miestas,served_by,true
02200,lt:city_municipality:vilniaus-miestas,served_by,true
02201,lt:city_municipality:vilniaus-miestas,served_by,true
02202,lt:city_municipality:vilniaus-miestas,served_by,true
02203,lt:city_municipality:vilniaus-miestas,served_by,true
02204,lt:city_municipality:vilniaus-miestas,served_by,true
02205,lt:city_municipality:vilniaus-miestas,served_by,true
02206,lt:city_municipality:vilniaus-miestas,served_by,true
02207,lt:city_municipality:vilniaus-miestas,served_by,true
02208,lt:city_municipality:vilniaus-miestas,served_by,true
02209,lt:city_municipality:vilniaus-miestas,served_by,true
02210,lt:city_municipality:vilniaus-miestas,served_by,true
02211,lt:city_municipality:vilniaus-miestas,served_by,true
02212,lt:city_municipality:vilniaus-miestas,served_by,true
02213,lt:city_municipality:vilniaus-miestas,served_by,true
02214,lt:city_municipality:vilniaus-miestas,served_by,true
02215,lt:city_municipality:vilniaus-miestas,served_by,true
02216,lt:city_municipality:vilniaus-miestas,served_by,true
02217,lt:city_municipality:vilniaus-miestas,served_by,true
02218,lt:city_municipality:vilniaus-miestas,served_by,true
02219,lt:city_municipality:vilniaus-miestas,served_by,true
02220,lt:city_municipality:vilniaus-miestas,served_by,true
02221,lt:city_municipality:vilniaus-miestas,served_by,true
02222,lt:city_municipality:vilniaus-miestas,served_by,true
02223,lt:city_municipality:vilniaus-miestas,served_by,true
02224,lt:city_municipality:vilniaus-miestas,served_by,true
02225,lt:city_municipality:vilniaus-miestas,served_by,true
02231,lt:city_municipality:vilniaus-miestas,served_by,true
02232,lt:city_municipality:vilniaus-miestas,served_by,true
02233,lt:city_municipality:vilniaus-miestas,served_by,true
02234,lt:city_municipality:vilniaus-miestas,served_by,true
02236,lt:city_municipality:vilniaus-miestas,served_by,true
02237,lt:city_municipality:vilniaus-miestas,served_by,true
02238,lt:city_municipality:vilniaus-miestas,served_by,true
02239,lt:city_municipality:vilniaus-miestas,served_by,true
02241,lt:city_municipality:vilniaus-miestas,served_by,true
02242,lt:city_municipality:vilniaus-miestas,served_by,true
02243,lt:city_municipality:vilniaus-miestas,served_by,true
02244,lt:city_municipality:vilniaus-miestas,served_by,true
02245,lt:city_municipality:vilniaus-miestas,served_by,true
02246,lt:city_municipality:vilniaus-miestas,served_by,true
02300,lt:city_municipality:vilniaus-miestas,served_by,true
02301,lt:city_municipality:vilniaus-miestas,served_by,true
02302,lt:city_municipality:vilniaus-miestas,served_by,true
02303,lt:city_municipality:vilniaus-miestas,served_by,true
02304,lt:city_municipality:vilniaus-miestas,served_by,true
02305,lt:city_municipality:vilniaus-miestas,served_by,true
02306,lt:city_municipality:vilniaus-miestas,served_by,true
02307,lt:city_municipality:vilniaus-miestas,served_by,true
02308,lt:city_municipality:vilniaus-miestas,served_by,true
02309,lt:city_municipality:vilniaus-miestas,served_by,true
03001,lt:city_municipality:vilniaus-miestas,served_by,true
03011,lt:city_municipality:vilniaus-miestas,served_by,true
03100,lt:city_municipality:vilniaus-miestas,served_by,true
03101,lt:city_municipality:vilniaus-miestas,served_by,true
03102,lt:city_municipality:vilniaus-miestas,served_by,true
03103,lt:city_municipality:vilniaus-miestas,served_by,true
03104,lt:city_municipality:vilniaus-miestas,served_by,true
03105,lt:city_municipality:vilniaus-miestas,served_by,true
03106,lt:city_municipality:vilniaus-miestas,served_by,true
03107,lt:city_municipality:vilniaus-miestas,served_by,true
03108,lt:city_municipality:vilniaus-miestas,served_by,true
03109,lt:city_municipality:vilniaus-miestas,served_by,true
03110,lt:city_municipality:vilniaus-miestas,served_by,true
03111,lt:city_municipality:vilniaus-miestas,served_by,true
03112,lt:city_municipality:vilniaus-miestas,served_by,true
03113,lt:city_municipality:vilniaus-miestas,served_by,true
03114,lt:city_municipality:vilniaus-miestas,served_by,true
03115,lt:city_municipality:vilniaus-miestas,served_by,true
03116,lt:city_municipality:vilniaus-miestas,served_by,true
03117,lt:city_municipality:vilniaus-miestas,served_by,true
03118,lt:city_municipality:vilniaus-miestas,served_by,true
03119,lt:city_municipality:vilniaus-miestas,served_by,true
03120,lt:city_municipality:vilniaus-miestas,served_by,true
03121,lt:city_municipality:vilniaus-miestas,served_by,true
03122,lt:city_municipality:vilniaus-miestas,served_by,true
03123,lt:city_municipality:vilniaus-miestas,served_by,true
03124,lt:city_municipality:vilniaus-miestas,served_by,true
03125,lt:city_municipality:vilniaus-miestas,served_by,true
03126,lt:city_municipality:vilniaus-miestas,served_by,true
03127,lt:city_municipality:vilniaus-miestas,served_by,true
03128,lt:city_municipality:vilniaus-miestas,served_by,true
03129,lt:city_municipality:vilniaus-miestas,served_by,true
03130,lt:city_municipality:vilniaus-miestas,served_by,true
03131,lt:city_municipality:vilniaus-miestas,served_by,true
03132,lt:city_municipality:vilniaus-miestas,served_by,true
03133,lt:city_municipality:vilniaus-miestas,served_by,true
03134,lt:city_municipality:vilniaus-miestas,served_by,true
03135,lt:city_municipality:vilniaus-miestas,served_by,true
03136,lt:city_municipality:vilniaus-miestas,served_by,true
03137,lt:city_municipality:vilniaus-miestas,served_by,true
03138,lt:city_municipality:vilniaus-miestas,served_by,true
03139,lt:city_municipality:vilniaus-miestas,served_by,true
03140,lt:city_municipality:vilniaus-miestas,served_by,true
03141,lt:city_municipality:vilniaus-miestas,served_by,true
03142,lt:city_municipality:vilniaus-miestas,served_by,true
03143,lt:city_municipality:vilniaus-miestas,served_by,true
03144,lt:city_municipality:vilniaus-miestas,served_by,true
03145,lt:city_municipality:vilniaus-miestas,served_by,true
03146,lt:city_municipality:vilniaus-miestas,served_by,true
03147,lt:city_municipality:vilniaus-miestas,served_by,true
03148,lt:city_municipality:vilniaus-miestas,served_by,true
03149,lt:city_municipality:vilniaus-miestas,served_by,true
03150,lt:city_municipality:vilniaus-miestas,served_by,true
03151,lt:city_municipality:vilniaus-miestas,served_by,true
03152,lt:city_municipality:vilniaus-miestas,served_by,true
03153,lt:city_municipality:vilniaus-miestas,served_by,true
03154,lt:city_municipality:vilniaus-miestas,served_by,true
03155,lt:city_municipality:vilniaus-miestas,served_by,true
03157,lt:city_municipality:vilniaus-miestas,served_by,true
03158,lt:city_municipality:vilniaus-miestas,served_by,true
03200,lt:city_municipality:vilniaus-miestas,served_by,true
03201,lt:city_municipality:vilniaus-miestas,served_by,true
03202,lt:city_municipality:vilniaus-miestas,served_by,true
03203,lt:city_municipality:vilniaus-miestas,served_by,true
03204,lt:city_municipality:vilniaus-miestas,served_by,true
03205,lt:city_municipality:vilniaus-miestas,served_by,true
03206,lt:city_municipality:vilniaus-miestas,served_by,true
03207,lt:city_municipality:vilniaus-miestas,served_by,true
03208,lt:city_municipality:vilniaus-miestas,served_by,true
03209,lt:city_municipality:vilniaus-miestas,served_by,true
03210,lt:city_municipality:vilniaus-miestas,served_by,true
03211,lt:city_municipality:vilniaus-miestas,served_by,true
03212,lt:city_municipality:vilniaus-miestas,served_by,true
03213,lt:city_municipality:vilniaus-miestas,served_by,true
03214,lt:city_municipality:vilniaus-miestas,served_by,true
03215,lt:city_municipality:vilniaus-miestas,served_by,true
03216,lt:city_municipality:vilniaus-miestas,served_by,true
03217,lt:city_municipality:vilniaus-miestas,served_by,true
03218,lt:city_municipality:vilniaus-miestas,served_by,true
03219,lt:city_municipality:vilniaus-miestas,served_by,true
03220,lt:city_municipality:vilniaus-miestas,served_by,true
03221,lt:city_municipality:vilniaus-miestas,served_by,true
03222,lt:city_municipality:vilniaus-miestas,served_by,true
03223,lt:city_municipality:vilniaus-miestas,served_by,true
03224,lt:city_municipality:vilniaus-miestas,served_by,true
03225,lt:city_municipality:vilniaus-miestas,served_by,true
03226,lt:city_municipality:vilniaus-miestas,served_by,true
03227,lt:city_municipality:vilniaus-miestas,served_by,true
03228,lt:city_municipality:vilniaus-miestas,served_by,true
03229,lt:city_municipality:vilniaus-miestas,served_by,true
03230,lt:city_municipality:vilniaus-miestas,served_by,true
03231,lt:city_municipality:vilniaus-miestas,served_by,true
03233,lt:city_municipality:vilniaus-miestas,served_by,true
04001,lt:city_municipality:vilniaus-miestas,served_by,true
04007,lt:city_municipality:vilniaus-miestas,served_by,true
04013,lt:city_municipality:vilniaus-miestas,served_by,true
04100,lt:city_municipality:vilniaus-miestas,served_by,true
04101,lt:city_municipality:vilniaus-miestas,served_by,true
04102,lt:city_municipality:vilniaus-miestas,served_by,true
04103,lt:city_municipality:vilniaus-miestas,served_by,true
04104,lt:city_municipality:vilniaus-miestas,served_by,true
04105,lt:city_municipality:vilniaus-miestas,served_by,true
04106,lt:city_municipality:vilniaus-miestas,served_by,true
04107,lt:city_municipality:vilniaus-miestas,served_by,true
04108,lt:city_municipality:vilniaus-miestas,served_by,true
04109,lt:city_municipality:vilniaus-miestas,served_by,true
04110,lt:city_municipality:vilniaus-miestas,served_by,true
04111,lt:city_municipality:vilniaus-miestas,served_by,true
04112,lt:city_municipality:vilniaus-miestas,served_by,true
04113,lt:city_municipality:vilniaus-miestas,served_by,true
04114,lt:city_municipality:vilniaus-miestas,served_by,true
04115,lt:city_municipality:vilniaus-miestas,served_by,true
04116,lt:city_municipality:vilniaus-miestas,served_by,true
04117,lt:city_municipality:vilniaus-miestas,served_by,true
04118,lt:city_municipality:vilniaus-miestas,served_by,true
04119,lt:city_municipality:vilniaus-miestas,served_by,true
04120,lt:city_municipality:vilniaus-miestas,served_by,true
04121,lt:city_municipality:vilniaus-miestas,served_by,true
04122,lt:city_municipality:vilniaus-miestas,served_by,true
04123,lt:city_municipality:vilniaus-miestas,served_by,true
04124,lt:city_municipality:vilniaus-miestas,served_by,true
04125,lt:city_municipality:vilniaus-miestas,served_by,true
04126,lt:city_municipality:vilniaus-miestas,served_by,true
04127,lt:city_municipality:vilniaus-miestas,served_by,true
04128,lt:city_municipality:vilniaus-miestas,served_by,true
04129,lt:city_municipality:vilniaus-miestas,served_by,true
04130,lt:city_municipality:vilniaus-miestas,served_by,true
04131,lt:city_municipality:vilniaus-miestas,served_by,true
04132,lt:city_municipality:vilniaus-miestas,served_by,true
04133,lt:city_municipality:vilniaus-miestas,served_by,true
04134,lt:city_municipality:vilniaus-miestas,served_by,true
04135,lt:city_municipality:vilniaus-miestas,served_by,true
04136,lt:city_municipality:vilniaus-miestas,served_by,true
04137,lt:city_municipality:vilniaus-miestas,served_by,true
04138,lt:city_municipality:vilniaus-miestas,served_by,true
04139,lt:city_municipality:vilniaus-miestas,served_by,true
04200,lt:city_municipality:vilniaus-miestas,served_by,true
04201,lt:city_municipality:vilniaus-miestas,served_by,true
04202,lt:city_municipality:vilniaus-miestas,served_by,true
04203,lt:city_municipality:vilniaus-miestas,served_by,true
04204,lt:city_municipality:vilniaus-miestas,served_by,true
04205,lt:city_municipality:vilniaus-miestas,served_by,true
04206,lt:city_municipality:vilniaus-miestas,served_by,true
04207,lt:city_municipality:vilniaus-miestas,served_by,true
04208,lt:city_municipality:vilniaus-miestas,served_by,true
04209,lt:city_municipality:vilniaus-miestas,served_by,true
04210,lt:city_municipality:vilniaus-miestas,served_by,true
04211,lt:city_municipality:vilniaus-miestas,served_by,true
04212,lt:city_municipality:vilniaus-miestas,served_by,true
04213,lt:city_municipality:vilniaus-miestas,served_by,true
04214,lt:city_municipality:vilniaus-miestas,served_by,true
04215,lt:city_municipality:vilniaus-miestas,served_by,true
04216,lt:city_municipality:vilniaus-miestas,served_by,true
04217,lt:city_municipality:vilniaus-miestas,served_by,true
04218,lt:city_municipality:vilniaus-miestas,served_by,true
04219,lt:city_municipality:vilniaus-miestas,served_by,true
04220,lt:city_municipality:vilniaus-miestas,served_by,true
04221,lt:city_municipality:vilniaus-miestas,served_by,true
04222,lt:city_municipality:vilniaus-miestas,served_by,true
04223,lt:city_municipality:vilniaus-miestas,served_by,true
04224,lt:city_municipality:vilniaus-miestas,served_by,true
04225,lt:city_municipality:vilniaus-miestas,served_by,true
04226,lt:city_municipality:vilniaus-miestas,served_by,true
04228,lt:city_municipality:vilniaus-miestas,served_by,true
04229,lt:city_municipality:vilniaus-miestas,served_by,true
04230,lt:city_municipality:vilniaus-miestas,served_by,true
04231,lt:city_municipality:vilniaus-miestas,served_by,true
04232,lt:city_municipality:vilniaus-miestas,served_by,true
04233,lt:city_municipality:vilniaus-miestas,served_by,true
04234,lt:city_municipality:vilniaus-miestas,served_by,true
04300,lt:city_municipality:vilniaus-miestas,served_by,true
04301,lt:city_municipality:vilniaus-miestas,served_by,true
04302,lt:city_municipality:vilniaus-miestas,served_by,true
04303,lt:city_municipality:vilniaus-miestas,served_by,true
04304,lt:city_municipality:vilniaus-miestas,served_by,true
04305,lt:city_municipality:vilniaus-miestas,served_by,true
04306,lt:city_municipality:vilniaus-miestas,served_by,true
04307,lt:city_municipality:vilniaus-miestas,served_by,true
04308,lt:city_municipality:vilniaus-miestas,served_by,true
04309,lt:city_municipality:vilniaus-miestas,served_by,true
04310,lt:city_municipality:vilniaus-miestas,served_by,true
04311,lt:city_municipality:vilniaus-miestas,served_by,true
04312,lt:city_municipality:vilniaus-miestas,served_by,true
04313,lt:city_municipality:vilniaus-miestas,served_by,true
04314,lt:city_municipality:vilniaus-miestas,served_by,true
04315,lt:city_municipality:vilniaus-miestas,served_by,true
04316,lt:city_municipality:vilniaus-miestas,served_by,true
04317,lt:city_municipality:vilniaus-miestas,served_by,true
04318,lt:city_municipality:vilniaus-miestas,served_by,true
04319,lt:city_municipality:vilniaus-miestas,served_by,true
04320,lt:city_municipality:vilniaus-miestas,served_by,true
04321,lt:city_municipality:vilniaus-miestas,served_by,true
04322,lt:city_municipality:vilniaus-miestas,served_by,true
04323,lt:city_municipality:vilniaus-miestas,served_by,true
04324,lt:city_municipality:vilniaus-miestas,served_by,true
04325,lt:city_municipality:vilniaus-miestas,served_by,true
04326,lt:city_municipality:vilniaus-miestas,served_by,true
04327,lt:city_municipality:vilniaus-miestas,served_by,true
04328,lt:city_municipality:vilniaus-miestas,served_by,true
04329,lt:city_municipality:vilniaus-miestas,served_by,true
04330,lt:city_municipality:vilniaus-miestas,served_by,true
04331,lt:city_municipality:vilniaus-miestas,served_by,true
04332,lt:city_municipality:vilniaus-miestas,served_by,true
04333,lt:city_municipality:vilniaus-miestas,served_by,true
04334,lt:city_municipality:vilniaus-miestas,served_by,true
04335,lt:city_municipality:vilniaus-miestas,served_by,true
04336,lt:city_municipality:vilniaus-miestas,served_by,true
04337,lt:city_municipality:vilniaus-miestas,served_by,true
04338,lt:city_municipality:vilniaus-miestas,served_by,true
04339,lt:city_municipality:vilniaus-miestas,served_by,true
04340,lt:city_municipality:vilniaus-miestas,served_by,true
04341,lt:city_municipality:vilniaus-miestas,served_by,true
04342,lt:city_municipality:vilniaus-miestas,served_by,true
04343,lt:city_municipality:vilniaus-miestas,served_by,true
04344,lt:city_municipality:vilniaus-miestas,served_by,true
04345,lt:city_municipality:vilniaus-miestas,served_by,true
04346,lt:city_municipality:vilniaus-miestas,served_by,true
04347,lt:city_municipality:vilniaus-miestas,served_by,true
04348,lt:city_municipality:vilniaus-miestas,served_by,true
04349,lt:city_municipality:vilniaus-miestas,served_by,true
04350,lt:city_municipality:vilniaus-miestas,served_by,true
04351,lt:city_municipality:vilniaus-miestas,served_by,true
04352,lt:city_municipality:vilniaus-miestas,served_by,true
05001,lt:city_municipality:vilniaus-miestas,served_by,true
05009,lt:city_municipality:vilniaus-miestas,served_by,true
05100,lt:city_municipality:vilniaus-miestas,served_by,true
05101,lt:city_municipality:vilniaus-miestas,served_by,true
05102,lt:city_municipality:vilniaus-miestas,served_by,true
05103,lt:city_municipality:vilniaus-miestas,served_by,true
05104,lt:city_municipality:vilniaus-miestas,served_by,true
05105,lt:city_municipality:vilniaus-miestas,served_by,true
05106,lt:city_municipality:vilniaus-miestas,served_by,true
05107,lt:city_municipality:vilniaus-miestas,served_by,true
05108,lt:city_municipality:vilniaus-miestas,served_by,true
05109,lt:city_municipality:vilniaus-miestas,served_by,true
05110,lt:city_municipality:vilniaus-miestas,served_by,true
05111,lt:city_municipality:vilniaus-miestas,served_by,true
05112,lt:city_municipality:vilniaus-miestas,served_by,true
05113,lt:city_municipality:vilniaus-miestas,served_by,true
05114,lt:city_municipality:vilniaus-miestas,served_by,true
05115,lt:city_municipality:vilniaus-miestas,served_by,true
05116,lt:city_municipality:vilniaus-miestas,served_by,true
05117,lt:city_municipality:vilniaus-miestas,served_by,true
05118,lt:city_municipality:vilniaus-miestas,served_by,true
05119,lt:city_municipality:vilniaus-miestas,served_by,true
05120,lt:city_municipality:vilniaus-miestas,served_by,true
05121,lt:city_municipality:vilniaus-miestas,served_by,true
05122,lt:city_municipality:vilniaus-miestas,served_by,true
05123,lt:city_municipality:vilniaus-miestas,served_by,true
05124,lt:city_municipality:vilniaus-miestas,served_by,true
05125,lt:city_municipality:vilniaus-miestas,served_by,true
05126,lt:city_municipality:vilniaus-miestas,served_by,true
05127,lt:city_municipality:vilniaus-miestas,served_by,true
05128,lt:city_municipality:vilniaus-miestas,served_by,true
05129,lt:city_municipality:vilniaus-miestas,served_by,true
05130,lt:city_municipality:vilniaus-miestas,served_by,true
05131,lt:city_municipality:vilniaus-miestas,served_by,true
05200,lt:city_municipality:vilniaus-miestas,served_by,true
05201,lt:city_municipality:vilniaus-miestas,served_by,true
05202,lt:city_municipality:vilniaus-miestas,served_by,true
05203,lt:city_municipality:vilniaus-miestas,served_by,true
05204,lt:city_municipality:vilniaus-miestas,served_by,true
05205,lt:city_municipality:vilniaus-miestas,served_by,true
05206,lt:city_municipality:vilniaus-miestas,served_by,true
05207,lt:city_municipality:vilniaus-miestas,served_by,true
05208,lt:city_municipality:vilniaus-miestas,served_by,true
05209,lt:city_municipality:vilniaus-miestas,served_by,true
05210,lt:city_municipality:vilniaus-miestas,served_by,true
05211,lt:city_municipality:vilniaus-miestas,served_by,true
05212,lt:city_municipality:vilniaus-miestas,served_by,true
05213,lt:city_municipality:vilniaus-miestas,served_by,true
05214,lt:city_municipality:vilniaus-miestas,served_by,true
05215,lt:city_municipality:vilniaus-miestas,served_by,true
05216,lt:city_municipality:vilniaus-miestas,served_by,true
05217,lt:city_municipality:vilniaus-miestas,served_by,true
05218,lt:city_municipality:vilniaus-miestas,served_by,true
05219,lt:city_municipality:vilniaus-miestas,served_by,true
05220,lt:city_municipality:vilniaus-miestas,served_by,true
05221,lt:city_municipality:vilniaus-miestas,served_by,true
05222,lt:city_municipality:vilniaus-miestas,served_by,true
05223,lt:city_municipality:vilniaus-miestas,served_by,true
05224,lt:city_municipality:vilniaus-miestas,served_by,true
05225,lt:city_municipality:vilniaus-miestas,served_by,true
05226,lt:city_municipality:vilniaus-miestas,served_by,true
05227,lt:city_municipality:vilniaus-miestas,served_by,true
05228,lt:city_municipality:vilniaus-miestas,served_by,true
05229,lt:city_municipality:vilniaus-miestas,served_by,true
05230,lt:city_municipality:vilniaus-miestas,served_by,true
05231,lt:city_municipality:vilniaus-miestas,served_by,true
05232,lt:city_municipality:vilniaus-miestas,served_by,true
05233,lt:city_municipality:vilniaus-miestas,served_by,true
05234,lt:city_municipality:vilniaus-miestas,served_by,true
05235,lt:city_municipality:vilniaus-miestas,served_by,true
05236,lt:city_municipality:vilniaus-miestas,served_by,true
05237,lt:city_municipality:vilniaus-miestas,served_by,true
05238,lt:city_municipality:vilniaus-miestas,served_by,true
05239,lt:city_municipality:vilniaus-miestas,served_by,true
05240,lt:city_municipality:vilniaus-miestas,served_by,true
05241,lt:city_municipality:vilniaus-miestas,served_by,true
05242,lt:city_municipality:vilniaus-miestas,served_by,true
05243,lt:city_municipality:vilniaus-miestas,served_by,true
05244,lt:city_municipality:vilniaus-miestas,served_by,true
05245,lt:city_municipality:vilniaus-miestas,served_by,true
05246,lt:city_municipality:vilniaus-miestas,served_by,true
05247,lt:city_municipality:vilniaus-miestas,served_by,true
05248,lt:city_municipality:vilniaus-miestas,served_by,true
05249,lt:city_municipality:vilniaus-miestas,served_by,true
05250,lt:city_municipality:vilniaus-miestas,served_by,true
05251,lt:city_municipality:vilniaus-miestas,served_by,true
05252,lt:city_municipality:vilniaus-miestas,served_by,true
05253,lt:city_municipality:vilniaus-miestas,served_by,true
05254,lt:city_municipality:vilniaus-miestas,served_by,true
05255,lt:city_municipality:vilniaus-miestas,served_by,true
05256,lt:city_municipality:vilniaus-miestas,served_by,true
05257,lt:city_municipality:vilniaus-miestas,served_by,true
05258,lt:city_municipality:vilniaus-miestas,served_by,true
05259,lt:city_municipality:vilniaus-miestas,served_by,true
05260,lt:city_municipality:vilniaus-miestas,served_by,true
05261,lt:city_municipality:vilniaus-miestas,served_by,true
05262,lt:city_municipality:vilniaus-miestas,served_by,true
05263,lt:city_municipality:vilniaus-miestas,served_by,true
05264,lt:city_municipality:vilniaus-miestas,served_by,true
05265,lt:city_municipality:vilniaus-miestas,served_by,true
05266,lt:city_municipality:vilniaus-miestas,served_by,true
05267,lt:city_municipality:vilniaus-miestas,served_by,true
05268,lt:city_municipality:vilniaus-miestas,served_by,true
05269,lt:city_municipality:vilniaus-miestas,served_by,true
05270,lt:city_municipality:vilniaus-miestas,served_by,true
05271,lt:city_municipality:vilniaus-miestas,served_by,true
05272,lt:city_municipality:vilniaus-miestas,served_by,true
05273,lt:city_municipality:vilniaus-miestas,served_by,true
06001,lt:city_municipality:vilniaus-miestas,served_by,true
06005,lt:city_municipality:vilniaus-miestas,served_by,true
06100,lt:city_municipality:vilniaus-miestas,served_by,true
06101,lt:city_municipality:vilniaus-miestas,served_by,true
06102,lt:city_municipality:vilniaus-miestas,served_by,true
06103,lt:city_municipality:vilniaus-miestas,served_by,true
06104,lt:city_municipality:vilniaus-miestas,served_by,true
06105,lt:city_municipality:vilniaus-miestas,served_by,true
06106,lt:city_municipality:vilniaus-miestas,served_by,true
06107,lt:city_municipality:vilniaus-miestas,served_by,true
06108,lt:city_municipality:vilniaus-miestas,served_by,true
06109,lt:city_municipality:vilniaus-miestas,served_by,true
06110,lt:city_municipality:vilniaus-miestas,served_by,true
06111,lt:city_municipality:vilniaus-miestas,served_by,true
06112,lt:city_municipality:vilniaus-miestas,served_by,true
06113,lt:city_municipality:vilniaus-miestas,served_by,true
06114,lt:city_municipality:vilniaus-miestas,served_by,true
06115,lt:city_municipality:vilniaus-miestas,served_by,true
06116,lt:city_municipality:vilniaus-miestas,served_by,true
06117,lt:city_municipality:vilniaus-miestas,served_by,true
06118,lt:city_municipality:vilniaus-miestas,served_by,true
06119,lt:city_municipality:vilniaus-miestas,served_by,true
06120,lt:city_municipality:vilniaus-miestas,served_by,true
06121,lt:city_municipality:vilniaus-miestas,served_by,true
06122,lt:city_municipality:vilniaus-miestas,served_by,true
06123,lt:city_municipality:vilniaus-miestas,served_by,true
06124,lt:city_municipality:vilniaus-miestas,served_by,true
06125,lt:city_municipality:vilniaus-miestas,served_by,true
06126,lt:city_municipality:vilniaus-miestas,served_by,true
06127,lt:city_municipality:vilniaus-miestas,served_by,true
06128,lt:city_municipality:vilniaus-miestas,served_by,true
06129,lt:city_municipality:vilniaus-miestas,served_by,true
06130,lt:city_municipality:vilniaus-miestas,served_by,true
06131,lt:city_municipality:vilniaus-miestas,served_by,true
06132,lt:city_municipality:vilniaus-miestas,served_by,true
06133,lt:city_municipality:vilniaus-miestas,served_by,true
06134,lt:city_municipality:vilniaus-miestas,served_by,true
06135,lt:city_municipality:vilniaus-miestas,served_by,true
06136,lt:city_municipality:vilniaus-miestas,served_by,true
06137,lt:city_municipality:vilniaus-miestas,served_by,true
06138,lt:city_municipality:vilniaus-miestas,served_by,true
06139,lt:city_municipality:vilniaus-miestas,served_by,true
06140,lt:city_municipality:vilniaus-miestas,served_by,true
06141,lt:city_municipality:vilniaus-miestas,served_by,true
06142,lt:city_municipality:vilniaus-miestas,served_by,true
06143,lt:city_municipality:vilniaus-miestas,served_by,true
06144,lt:city_municipality:vilniaus-miestas,served_by,true
06145,lt:city_municipality:vilniaus-miestas,served_by,true
06146,lt:city_municipality:vilniaus-miestas,served_by,true
06152,lt:city_municipality:vilniaus-miestas,served_by,true
06153,lt:city_municipality:vilniaus-miestas,served_by,true
06154,lt:city_municipality:vilniaus-miestas,served_by,true
06155,lt:city_municipality:vilniaus-miestas,served_by,true
06156,lt:city_municipality:vilniaus-miestas,served_by,true
06200,lt:city_municipality:vilniaus-miestas,served_by,true
06201,lt:city_municipality:vilniaus-miestas,served_by,true
06202,lt:city_municipality:vilniaus-miestas,served_by,true
06203,lt:city_municipality:vilniaus-miestas,served_by,true
06204,lt:city_municipality:vilniaus-miestas,served_by,true
06205,lt:city_municipality:vilniaus-miestas,served_by,true
06206,lt:city_municipality:vilniaus-miestas,served_by,true
06207,lt:city_municipality:vilniaus-miestas,served_by,true
06208,lt:city_municipality:vilniaus-miestas,served_by,true
06209,lt:city_municipality:vilniaus-miestas,served_by,true
06210,lt:city_municipality:vilniaus-miestas,served_by,true
06211,lt:city_municipality:vilniaus-miestas,served_by,true
06212,lt:city_municipality:vilniaus-miestas,served_by,true
06213,lt:city_municipality:vilniaus-miestas,served_by,true
06214,lt:city_municipality:vilniaus-miestas,served_by,true
06215,lt:city_municipality:vilniaus-miestas,served_by,true
06216,lt:city_municipality:vilniaus-miestas,served_by,true
06217,lt:city_municipality:vilniaus-miestas,served_by,true
06218,lt:city_municipality:vilniaus-miestas,served_by,true
06219,lt:city_municipality:vilniaus-miestas,served_by,true
06220,lt:city_municipality:vilniaus-miestas,served_by,true
06221,lt:city_municipality:vilniaus-miestas,served_by,true
06222,lt:city_municipality:vilniaus-miestas,served_by,true
06223,lt:city_municipality:vilniaus-miestas,served_by,true
06224,lt:city_municipality:vilniaus-miestas,served_by,true
06225,lt:city_municipality:vilniaus-miestas,served_by,true
06226,lt:city_municipality:vilniaus-miestas,served_by,true
06227,lt:city_municipality:vilniaus-miestas,served_by,true
06228,lt:city_municipality:vilniaus-miestas,served_by,true
06229,lt:city_municipality:vilniaus-miestas,served_by,true
06230,lt:city_municipality:vilniaus-miestas,served_by,true
06231,lt:city_municipality:vilniaus-miestas,served_by,true
06232,lt:city_municipality:vilniaus-miestas,served_by,true
06234,lt:city_municipality:vilniaus-miestas,served_by,true
06236,lt:city_municipality:vilniaus-miestas,served_by,true
06237,lt:city_municipality:vilniaus-miestas,served_by,true
06238,lt:city_municipality:vilniaus-miestas,served_by,true
06242,lt:city_municipality:vilniaus-miestas,served_by,true
06244,lt:city_municipality:vilniaus-miestas,served_by,true
06245,lt:city_municipality:vilniaus-miestas,served_by,true
06250,lt:city_municipality:vilniaus-miestas,served_by,true
06255,lt:city_municipality:vilniaus-miestas,served_by,true
06256,lt:city_municipality:vilniaus-miestas,served_by,true
06257,lt:city_municipality:vilniaus-miestas,served_by,true
06258,lt:city_municipality:vilniaus-miestas,served_by,true
06261,lt:city_municipality:vilniaus-miestas,served_by,true
06262,lt:city_municipality:vilniaus-miestas,served_by,true
06264,lt:city_municipality:vilniaus-miestas,served_by,true
06267,lt:city_municipality:vilniaus-miestas,served_by,true
06268,lt:city_municipality:vilniaus-miestas,served_by,true
06269,lt:city_municipality:vilniaus-miestas,served_by,true
06279,lt:city_municipality:vilniaus-miestas,served_by,true
06280,lt:city_municipality:vilniaus-miestas,served_by,true
06281,lt:city_municipality:vilniaus-miestas,served_by,true
06282,lt:city_municipality:vilniaus-miestas,served_by,true
06284,lt:city_municipality:vilniaus-miestas,served_by,true
06285,lt:city_municipality:vilniaus-miestas,served_by,true
06286,lt:city_municipality:vilniaus-miestas,served_by,true
06287,lt:city_municipality:vilniaus-miestas,served_by,true
06288,lt:city_municipality:vilniaus-miestas,served_by,true
06289,lt:city_municipality:vilniaus-miestas,served_by,true
06300,lt:city_municipality:vilniaus-miestas,served_by,true
06301,lt:city_municipality:vilniaus-miestas,served_by,true
06302,lt:city_municipality:vilniaus-miestas,served_by,true
06303,lt:city_municipality:vilniaus-miestas,served_by,true
06304,lt:city_municipality:vilniaus-miestas,served_by,true
06305,lt:city_municipality:vilniaus-miestas,served_by,true
06306,lt:city_municipality:vilniaus-miestas,served_by,true
06307,lt:city_municipality:vilniaus-miestas,served_by,true
06308,lt:city_municipality:vilniaus-miestas,served_by,true
06309,lt:city_municipality:vilniaus-miestas,served_by,true
06310,lt:city_municipality:vilniaus-miestas,served_by,true
06311,lt:city_municipality:vilniaus-miestas,served_by,true
06312,lt:city_municipality:vilniaus-miestas,served_by,true
06313,lt:city_municipality:vilniaus-miestas,served_by,true
06314,lt:city_municipality:vilniaus-miestas,served_by,true
06315,lt:city_municipality:vilniaus-miestas,served_by,true
06316,lt:city_municipality:vilniaus-miestas,served_by,true
06317,lt:city_municipality:vilniaus-miestas,served_by,true
06318,lt:city_municipality:vilniaus-miestas,served_by,true
06319,lt:city_municipality:vilniaus-miestas,served_by,true
06320,lt:city_municipality:vilniaus-miestas,served_by,true
06321,lt:city_municipality:vilniaus-miestas,served_by,true
06322,lt:city_municipality:vilniaus-miestas,served_by,true
06323,lt:city_municipality:vilniaus-miestas,served_by,true
06324,lt:city_municipality:vilniaus-miestas,served_by,true
06325,lt:city_municipality:vilniaus-miestas,served_by,true
06326,lt:city_municipality:vilniaus-miestas,served_by,true
06327,lt:city_municipality:vilniaus-miestas,served_by,true
06328,lt:city_municipality:vilniaus-miestas,served_by,true
06329,lt:city_municipality:vilniaus-miestas,served_by,true
06331,lt:city_municipality:vilniaus-miestas,served_by,true
06332,lt:city_municipality:vilniaus-miestas,served_by,true
06333,lt:city_municipality:vilniaus-miestas,served_by,true
06334,lt:city_municipality:vilniaus-miestas,served_by,true
07001,lt:city_municipality:vilniaus-miestas,served_by,true
07004,lt:city_municipality:vilniaus-miestas,served_by,true
07100,lt:city_municipality:vilniaus-miestas,served_by,true
07101,lt:city_municipality:vilniaus-miestas,served_by,true
07102,lt:city_municipality:vilniaus-miestas,served_by,true
07103,lt:city_municipality:vilniaus-miestas,served_by,true
07104,lt:city_municipality:vilniaus-miestas,served_by,true
07105,lt:city_municipality:vilniaus-miestas,served_by,true
07106,lt:city_municipality:vilniaus-miestas,served_by,true
07107,lt:city_municipality:vilniaus-miestas,served_by,true
07108,lt:city_municipality:vilniaus-miestas,served_by,true
07109,lt:city_municipality:vilniaus-miestas,served_by,true
07110,lt:city_municipality:vilniaus-miestas,served_by,true
07111,lt:city_municipality:vilniaus-miestas,served_by,true
07112,lt:city_municipality:vilniaus-miestas,served_by,true
07113,lt:city_municipality:vilniaus-miestas,served_by,true
07114,lt:city_municipality:vilniaus-miestas,served_by,true
07115,lt:city_municipality:vilniaus-miestas,served_by,true
07116,lt:city_municipality:vilniaus-miestas,served_by,true
07117,lt:city_municipality:vilniaus-miestas,served_by,true
07118,lt:city_municipality:vilniaus-miestas,served_by,true
07119,lt:city_municipality:vilniaus-miestas,served_by,true
07120,lt:city_municipality:vilniaus-miestas,served_by,true
07121,lt:city_municipality:vilniaus-miestas,served_by,true
07122,lt:city_municipality:vilniaus-miestas,served_by,true
07123,lt:city_municipality:vilniaus-miestas,served_by,true
07124,lt:city_municipality:vilniaus-miestas,served_by,true
07125,lt:city_municipality:vilniaus-miestas,served_by,true
07126,lt:city_municipality:vilniaus-miestas,served_by,true
07127,lt:city_municipality:vilniaus-miestas,served_by,true
07128,lt:city_municipality:vilniaus-miestas,served_by,true
07129,lt:city_municipality:vilniaus-miestas,served_by,true
07130,lt:city_municipality:vilniaus-miestas,served_by,true
07131,lt:city_municipality:vilniaus-miestas,served_by,true
07132,lt:city_municipality:vilniaus-miestas,served_by,true
07133,lt:city_municipality:vilniaus-miestas,served_by,true
07134,lt:city_municipality:vilniaus-miestas,served_by,true
07135,lt:city_municipality:vilniaus-miestas,served_by,true
07136,lt:city_municipality:vilniaus-miestas,served_by,true
07137,lt:city_municipality:vilniaus-miestas,served_by,true
07138,lt:city_municipality:vilniaus-miestas,served_by,true
07139,lt:city_municipality:vilniaus-miestas,served_by,true
07140,lt:city_municipality:vilniaus-miestas,served_by,true
07141,lt:city_municipality:vilniaus-miestas,served_by,true
07142,lt:city_municipality:vilniaus-miestas,served_by,true
07143,lt:city_municipality:vilniaus-miestas,served_by,true
07144,lt:city_municipality:vilniaus-miestas,served_by,true
07145,lt:city_municipality:vilniaus-miestas,served_by,true
07146,lt:city_municipality:vilniaus-miestas,served_by,true
07147,lt:city_municipality:vilniaus-miestas,served_by,true
07148,lt:city_municipality:vilniaus-miestas,served_by,true
07149,lt:city_municipality:vilniaus-miestas,served_by,true
07150,lt:city_municipality:vilniaus-miestas,served_by,true
07151,lt:city_municipality:vilniaus-miestas,served_by,true
07152,lt:city_municipality:vilniaus-miestas,served_by,true
07153,lt:city_municipality:vilniaus-miestas,served_by,true
07154,lt:city_municipality:vilniaus-miestas,served_by,true
07155,lt:city_municipality:vilniaus-miestas,served_by,true
07156,lt:city_municipality:vilniaus-miestas,served_by,true
07157,lt:city_municipality:vilniaus-miestas,served_by,true
07158,lt:city_municipality:vilniaus-miestas,served_by,true
07159,lt:city_municipality:vilniaus-miestas,served_by,true
07160,lt:city_municipality:vilniaus-miestas,served_by,true
07161,lt:city_municipality:vilniaus-miestas,served_by,true
07162,lt:city_municipality:vilniaus-miestas,served_by,true
07163,lt:city_municipality:vilniaus-miestas,served_by,true
07164,lt:city_municipality:vilniaus-miestas,served_by,true
07165,lt:city_municipality:vilniaus-miestas,served_by,true
07166,lt:city_municipality:vilniaus-miestas,served_by,true
07167,lt:city_municipality:vilniaus-miestas,served_by,true
07168,lt:city_municipality:vilniaus-miestas,served_by,true
07169,lt:city_municipality:vilniaus-miestas,served_by,true
07170,lt:city_municipality:vilniaus-miestas,served_by,true
07171,lt:city_municipality:vilniaus-miestas,served_by,true
07172,lt:city_municipality:vilniaus-miestas,served_by,true
07173,lt:city_municipality:vilniaus-miestas,served_by,true
07174,lt:city_municipality:vilniaus-miestas,served_by,true
07175,lt:city_municipality:vilniaus-miestas,served_by,true
07176,lt:city_municipality:vilniaus-miestas,served_by,true
07177,lt:city_municipality:vilniaus-miestas,served_by,true
07178,lt:city_municipality:vilniaus-miestas,served_by,true
07179,lt:city_municipality:vilniaus-miestas,served_by,true
07180,lt:city_municipality:vilniaus-miestas,served_by,true
07181,lt:city_municipality:vilniaus-miestas,served_by,true
07182,lt:city_municipality:vilniaus-miestas,served_by,true
07183,lt:city_municipality:vilniaus-miestas,served_by,true
07184,lt:city_municipality:vilniaus-miestas,served_by,true
07185,lt:city_municipality:vilniaus-miestas,served_by,true
07186,lt:city_municipality:vilniaus-miestas,served_by,true
07187,lt:city_municipality:vilniaus-miestas,served_by,true
07188,lt:city_municipality:vilniaus-miestas,served_by,true
07189,lt:city_municipality:vilniaus-miestas,served_by,true
07190,lt:city_municipality:vilniaus-miestas,served_by,true
07191,lt:city_municipality:vilniaus-miestas,served_by,true
07192,lt:city_municipality:vilniaus-miestas,served_by,true
07193,lt:city_municipality:vilniaus-miestas,served_by,true
07194,lt:city_municipality:vilniaus-miestas,served_by,true
07195,lt:city_municipality:vilniaus-miestas,served_by,true
07196,lt:city_municipality:vilniaus-miestas,served_by,true
08001,lt:city_municipality:vilniaus-miestas,served_by,true
08009,lt:city_municipality:vilniaus-miestas,served_by,true
08013,lt:city_municipality:vilniaus-miestas,served_by,true
08018,lt:city_municipality:vilniaus-miestas,served_by,true
08100,lt:city_municipality:vilniaus-miestas,served_by,true
08101,lt:city_municipality:vilniaus-miestas,served_by,true
08102,lt:city_municipality:vilniaus-miestas,served_by,true
08103,lt:city_municipality:vilniaus-miestas,served_by,true
08104,lt:city_municipality:vilniaus-miestas,served_by,true
08105,lt:city_municipality:vilniaus-miestas,served_by,true
08106,lt:city_municipality:vilniaus-miestas,served_by,true
08107,lt:city_municipality:vilniaus-miestas,served_by,true
08108,lt:city_municipality:vilniaus-miestas,served_by,true
08109,lt:city_municipality:vilniaus-miestas,served_by,true
08110,lt:city_municipality:vilniaus-miestas,served_by,true
08111,lt:city_municipality:vilniaus-miestas,served_by,true
08112,lt:city_municipality:vilniaus-miestas,served_by,true
08113,lt:city_municipality:vilniaus-miestas,served_by,true
08114,lt:city_municipality:vilniaus-miestas,served_by,true
08115,lt:city_municipality:vilniaus-miestas,served_by,true
08116,lt:city_municipality:vilniaus-miestas,served_by,true
08117,lt:city_municipality:vilniaus-miestas,served_by,true
08118,lt:city_municipality:vilniaus-miestas,served_by,true
08119,lt:city_municipality:vilniaus-miestas,served_by,true
08120,lt:city_municipality:vilniaus-miestas,served_by,true
08121,lt:city_municipality:vilniaus-miestas,served_by,true
08122,lt:city_municipality:vilniaus-miestas,served_by,true
08123,lt:city_municipality:vilniaus-miestas,served_by,true
08124,lt:city_municipality:vilniaus-miestas,served_by,true
08125,lt:city_municipality:vilniaus-miestas,served_by,true
08126,lt:city_municipality:vilniaus-miestas,served_by,true
08127,lt:city_municipality:vilniaus-miestas,served_by,true
08128,lt:city_municipality:vilniaus-miestas,served_by,true
08129,lt:city_municipality:vilniaus-miestas,served_by,true
08200,lt:city_municipality:vilniaus-miestas,served_by,true
08201,lt:city_municipality:vilniaus-miestas,served_by,true
08202,lt:city_municipality:vilniaus-miestas,served_by,true
08203,lt:city_municipality:vilniaus-miestas,served_by,true
08204,lt:city_municipality:vilniaus-miestas,served_by,true
08205,lt:city_municipality:vilniaus-miestas,served_by,true
08206,lt:city_municipality:vilniaus-miestas,served_by,true
08207,lt:city_municipality:vilniaus-miestas,served_by,true
08208,lt:city_municipality:vilniaus-miestas,served_by,true
08209,lt:city_municipality:vilniaus-miestas,served_by,true
08210,lt:city_municipality:vilniaus-miestas,served_by,true
08211,lt:city_municipality:vilniaus-miestas,served_by,true
08212,lt:city_municipality:vilniaus-miestas,served_by,true
08213,lt:city_municipality:vilniaus-miestas,served_by,true
08214,lt:city_municipality:vilniaus-miestas,served_by,true
08215,lt:city_municipality:vilniaus-miestas,served_by,true
08216,lt:city_municipality:vilniaus-miestas,served_by,true
08217,lt:city_municipality:vilniaus-miestas,served_by,true
08218,lt:city_municipality:vilniaus-miestas,served_by,true
08219,lt:city_municipality:vilniaus-miestas,served_by,true
08220,lt:city_municipality:vilniaus-miestas,served_by,true
08221,lt:city_municipality:vilniaus-miestas,served_by,true
08222,lt:city_municipality:vilniaus-miestas,served_by,true
08223,lt:city_municipality:vilniaus-miestas,served_by,true
08224,lt:city_municipality:vilniaus-miestas,served_by,true
08225,lt:city_municipality:vilniaus-miestas,served_by,true
08226,lt:city_municipality:vilniaus-miestas,served_by,true
08227,lt:city_municipality:vilniaus-miestas,served_by,true
08228,lt:city_municipality:vilniaus-miestas,served_by,true
08229,lt:city_municipality:vilniaus-miestas,served_by,true
08230,lt:city_municipality:vilniaus-miestas,served_by,true
08231,lt:city_municipality:vilniaus-miestas,served_by,true
08232,lt:city_municipality:vilniaus-miestas,served_by,true
08233,lt:city_municipality:vilniaus-miestas,served_by,true
08234,lt:city_municipality:vilniaus-miestas,served_by,true
08235,lt:city_municipality:vilniaus-miestas,served_by,true
08236,lt:city_municipality:vilniaus-miestas,served_by,true
08237,lt:city_municipality:vilniaus-miestas,served_by,true
08238,lt:city_municipality:vilniaus-miestas,served_by,true
08239,lt:city_municipality:vilniaus-miestas,served_by,true
08240,lt:city_municipality:vilniaus-miestas,served_by,true
08241,lt:city_municipality:vilniaus-miestas,served_by,true
08242,lt:city_municipality:vilniaus-miestas,served_by,true
08243,lt:city_municipality:vilniaus-miestas,served_by,true
08244,lt:city_municipality:vilniaus-miestas,served_by,true
08245,lt:city_municipality:vilniaus-miestas,served_by,true
08246,lt:city_municipality:vilniaus-miestas,served_by,true
08247,lt:city_municipality:vilniaus-miestas,served_by,true
08300,lt:city_municipality:vilniaus-miestas,served_by,true
08301,lt:city_municipality:vilniaus-miestas,served_by,true
08302,lt:city_municipality:vilniaus-miestas,served_by,true
08303,lt:city_municipality:vilniaus-miestas,served_by,true
08304,lt:city_municipality:vilniaus-miestas,served_by,true
08305,lt:city_municipality:vilniaus-miestas,served_by,true
08306,lt:city_municipality:vilniaus-miestas,served_by,true
08307,lt:city_municipality:vilniaus-miestas,served_by,true
08308,lt:city_municipality:vilniaus-miestas,served_by,true
08309,lt:city_municipality:vilniaus-miestas,served_by,true
08310,lt:city_municipality:vilniaus-miestas,served_by,true
08311,lt:city_municipality:vilniaus-miestas,served_by,true
08312,lt:city_municipality:vilniaus-miestas,served_by,true
08313,lt:city_municipality:vilniaus-miestas,served_by,true
08314,lt:city_municipality:vilniaus-miestas,served_by,true
08315,lt:city_municipality:vilniaus-miestas,served_by,true
08316,lt:city_municipality:vilniaus-miestas,served_by,true
08317,lt:city_municipality:vilniaus-miestas,served_by,true
08318,lt:city_municipality:vilniaus-miestas,served_by,true
08319,lt:city_municipality:vilniaus-miestas,served_by,true
08320,lt:city_municipality:vilniaus-miestas,served_by,true
08321,lt:city_municipality:vilniaus-miestas,served_by,true
08322,lt:city_municipality:vilniaus-miestas,served_by,true
08323,lt:city_municipality:vilniaus-miestas,served_by,true
08324,lt:city_municipality:vilniaus-miestas,served_by,true
08325,lt:city_municipality:vilniaus-miestas,served_by,true
08326,lt:city_municipality:vilniaus-miestas,served_by,true
08327,lt:city_municipality:vilniaus-miestas,served_by,true
08328,lt:city_municipality:vilniaus-miestas,served_by,true
08329,lt:city_municipality:vilniaus-miestas,served_by,true
08330,lt:city_municipality:vilniaus-miestas,served_by,true
08331,lt:city_municipality:vilniaus-miestas,served_by,true
08332,lt:city_municipality:vilniaus-miestas,served_by,true
08333,lt:city_municipality:vilniaus-miestas,served_by,true
08334,lt:city_municipality:vilniaus-miestas,served_by,true
08335,lt:city_municipality:vilniaus-miestas,served_by,true
08336,lt:city_municipality:vilniaus-miestas,served_by,true
08337,lt:city_municipality:vilniaus-miestas,served_by,true
08338,lt:city_municipality:vilniaus-miestas,served_by,true
08339,lt:city_municipality:vilniaus-miestas,served_by,true
08340,lt:city_municipality:vilniaus-miestas,served_by,true
08341,lt:city_municipality:vilniaus-miestas,served_by,true
08342,lt:city_municipality:vilniaus-miestas,served_by,true
08343,lt:city_municipality:vilniaus-miestas,served_by,true
08344,lt:city_municipality:vilniaus-miestas,served_by,true
08400,lt:city_municipality:vilniaus-miestas,served_by,true
08401,lt:city_municipality:vilniaus-miestas,served_by,true
08402,lt:city_municipality:vilniaus-miestas,served_by,true
08403,lt:city_municipality:vilniaus-miestas,served_by,true
08404,lt:city_municipality:vilniaus-miestas,served_by,true
08405,lt:city_municipality:vilniaus-miestas,served_by,true
08406,lt:city_municipality:vilniaus-miestas,served_by,true
08407,lt:city_municipality:vilniaus-miestas,served_by,true
08408,lt:city_municipality:vilniaus-miestas,served_by,true
08409,lt:city_municipality:vilniaus-miestas,served_by,true
08410,lt:city_municipality:vilniaus-miestas,served_by,true
08411,lt:city_municipality:vilniaus-miestas,served_by,true
08412,lt:city_municipality:vilniaus-miestas,served_by,true
08413,lt:city_municipality:vilniaus-miestas,served_by,true
08414,lt:city_municipality:vilniaus-miestas,served_by,true
08415,lt:city_municipality:vilniaus-miestas,served_by,true
08416,lt:city_municipality:vilniaus-miestas,served_by,true
08417,lt:city_municipality:vilniaus-miestas,served_by,true
08418,lt:city_municipality:vilniaus-miestas,served_by,true
08419,lt:city_municipality:vilniaus-miestas,served_by,true
08420,lt:city_municipality:vilniaus-miestas,served_by,true
08421,lt:city_municipality:vilniaus-miestas,served_by,true
08422,lt:city_municipality:vilniaus-miestas,served_by,true
08423,lt:city_municipality:vilniaus-miestas,served_by,true
08424,lt:city_municipality:vilniaus-miestas,served_by,true
08425,lt:city_municipality:vilniaus-miestas,served_by,true
08426,lt:city_municipality:vilniaus-miestas,served_by,true
08427,lt:city_municipality:vilniaus-miestas,served_by,true
08428,lt:city_municipality:vilniaus-miestas,served_by,true
08429,lt:city_municipality:vilniaus-miestas,served_by,true
08430,lt:city_municipality:vilniaus-miestas,served_by,true
08431,lt:city_municipality:vilniaus-miestas,served_by,true
08432,lt:city_municipality:vilniaus-miestas,served_by,true
08433,lt:city_municipality:vilniaus-miestas,served_by,true
08434,lt:city_municipality:vilniaus-miestas,served_by,true
08435,lt:city_municipality:vilniaus-miestas,served_by,true
08436,lt:city_municipality:vilniaus-miestas,served_by,true
08437,lt:city_municipality:vilniaus-miestas,served_by,true
08438,lt:city_municipality:vilniaus-miestas,served_by,true
08439,lt:city_municipality:vilniaus-miestas,served_by,true
08440,lt:city_municipality:vilniaus-miestas,served_by,true
08441,lt:city_municipality:vilniaus-miestas,served_by,true
08442,lt:city_municipality:vilniaus-miestas,served_by,true
08443,lt:city_municipality:vilniaus-miestas,served_by,true
08444,lt:city_municipality:vilniaus-miestas,served_by,true
08445,lt:city_municipality:vilniaus-miestas,served_by,true
08447,lt:city_municipality:vilniaus-miestas,served_by,true
08448,lt:city_municipality:vilniaus-miestas,served_by,true
08449,lt:city_municipality:vilniaus-miestas,served_by,true
08450,lt:city_municipality:vilniaus-miestas,served_by,true
08451,lt:city_municipality:vilniaus-miestas,served_by,true
08452,lt:city_municipality:vilniaus-miestas,served_by,true
08453,lt:city_municipality:vilniaus-miestas,served_by,true
08454,lt:city_municipality:vilniaus-miestas,served_by,true
08455,lt:city_municipality:vilniaus-miestas,served_by,true
08456,lt:city_municipality:vilniaus-miestas,served_by,true
08457,lt:city_municipality:vilniaus-miestas,served_by,true
08458,lt:city_municipality:vilniaus-miestas,served_by,true
09001,lt:city_municipality:vilniaus-miestas,served_by,true
09008,lt:city_municipality:vilniaus-miestas,served_by,true
09020,lt:city_municipality:vilniaus-miestas,served_by,true
09100,lt:city_municipality:vilniaus-miestas,served_by,true
09101,lt:city_municipality:vilniaus-miestas,served_by,true
09102,lt:city_municipality:vilniaus-miestas,served_by,true
09103,lt:city_municipality:vilniaus-miestas,served_by,true
09104,lt:city_municipality:vilniaus-miestas,served_by,true
09105,lt:city_municipality:vilniaus-miestas,served_by,true
09106,lt:city_municipality:vilniaus-miestas,served_by,true
09107,lt:city_municipality:vilniaus-miestas,served_by,true
09108,lt:city_municipality:vilniaus-miestas,served_by,true
09109,lt:city_municipality:vilniaus-miestas,served_by,true
09110,lt:city_municipality:vilniaus-miestas,served_by,true
09111,lt:city_municipality:vilniaus-miestas,served_by,true
09112,lt:city_municipality:vilniaus-miestas,served_by,true
09113,lt:city_municipality:vilniaus-miestas,served_by,true
09114,lt:city_municipality:vilniaus-miestas,served_by,true
09115,lt:city_municipality:vilniaus-miestas,served_by,true
09116,lt:city_municipality:vilniaus-miestas,served_by,true
09117,lt:city_municipality:vilniaus-miestas,served_by,true
09118,lt:city_municipality:vilniaus-miestas,served_by,true
09119,lt:city_municipality:vilniaus-miestas,served_by,true
09120,lt:city_municipality:vilniaus-miestas,served_by,true
09121,lt:city_municipality:vilniaus-miestas,served_by,true
09122,lt:city_municipality:vilniaus-miestas,served_by,true
09123,lt:city_municipality:vilniaus-miestas,served_by,true
09124,lt:city_municipality:vilniaus-miestas,served_by,true
09125,lt:city_municipality:vilniaus-miestas,served_by,true
09126,lt:city_municipality:vilniaus-miestas,served_by,true
09127,lt:city_municipality:vilniaus-miestas,served_by,true
09128,lt:city_municipality:vilniaus-miestas,served_by,true
09129,lt:city_municipality:vilniaus-miestas,served_by,true
09130,lt:city_municipality:vilniaus-miestas,served_by,true
09131,lt:city_municipality:vilniaus-miestas,served_by,true
09132,lt:city_municipality:vilniaus-miestas,served_by,true
09133,lt:city_municipality:vilniaus-miestas,served_by,true
09200,lt:city_municipality:vilniaus-miestas,served_by,true
09201,lt:city_municipality:vilniaus-miestas,served_by,true
09202,lt:city_municipality:vilniaus-miestas,served_by,true
09203,lt:city_municipality:vilniaus-miestas,served_by,true
09204,lt:city_municipality:vilniaus-miestas,served_by,true
09205,lt:city_municipality:vilniaus-miestas,served_by,true
09206,lt:city_municipality:vilniaus-miestas,served_by,true
09207,lt:city_municipality:vilniaus-miestas,served_by,true
09208,lt:city_municipality:vilniaus-miestas,served_by,true
09209,lt:city_municipality:vilniaus-miestas,served_by,true
09210,lt:city_municipality:vilniaus-miestas,served_by,true
09211,lt:city_municipality:vilniaus-miestas,served_by,true
09212,lt:city_municipality:vilniaus-miestas,served_by,true
09213,lt:city_municipality:vilniaus-miestas,served_by,true
09214,lt:city_municipality:vilniaus-miestas,served_by,true
09215,lt:city_municipality:vilniaus-miestas,served_by,true
09216,lt:city_municipality:vilniaus-miestas,served_by,true
09217,lt:city_municipality:vilniaus-miestas,served_by,true
09218,lt:city_municipality:vilniaus-miestas,served_by,true
09219,lt:city_municipality:vilniaus-miestas,served_by,true
09220,lt:city_municipality:vilniaus-miestas,served_by,true
09221,lt:city_municipality:vilniaus-miestas,served_by,true
09222,lt:city_municipality:vilniaus-miestas,served_by,true
09223,lt:city_municipality:vilniaus-miestas,served_by,true
09224,lt:city_municipality:vilniaus-miestas,served_by,true
09225,lt:city_municipality:vilniaus-miestas,served_by,true
09226,lt:city_municipality:vilniaus-miestas,served_by,true
09227,lt:city_municipality:vilniaus-miestas,served_by,true
09228,lt:city_municipality:vilniaus-miestas,served_by,true
09229,lt:city_municipality:vilniaus-miestas,served_by,true
09230,lt:city_municipality:vilniaus-miestas,served_by,true
09231,lt:city_municipality:vilniaus-miestas,served_by,true
09232,lt:city_municipality:vilniaus-miestas,served_by,true
09233,lt:city_municipality:vilniaus-miestas,served_by,true
09300,lt:city_municipality:vilniaus-miestas,served_by,true
09301,lt:city_municipality:vilniaus-miestas,served_by,true
09302,lt:city_municipality:vilniaus-miestas,served_by,true
09303,lt:city_municipality:vilniaus-miestas,served_by,true
09304,lt:city_municipality:vilniaus-miestas,served_by,true
09305,lt:city_municipality:vilniaus-miestas,served_by,true
09306,lt:city_municipality:vilniaus-miestas,served_by,true
09307,lt:city_municipality:vilniaus-miestas,served_by,true
09308,lt:city_municipality:vilniaus-miestas,served_by,true
09309,lt:city_municipality:vilniaus-miestas,served_by,true
09310,lt:city_municipality:vilniaus-miestas,served_by,true
09311,lt:city_municipality:vilniaus-miestas,served_by,true
09312,lt:city_municipality:vilniaus-miestas,served_by,true
09313,lt:city_municipality:vilniaus-miestas,served_by,true
09314,lt:city_municipality:vilniaus-miestas,served_by,true
09315,lt:city_municipality:vilniaus-miestas,served_by,true
09316,lt:city_municipality:vilniaus-miestas,served_by,true
09317,lt:city_municipality:vilniaus-miestas,served_by,true
09318,lt:city_municipality:vilniaus-miestas,served_by,true
09319,lt:city_municipality:vilniaus-miestas,served_by,true
09320,lt:city_municipality:vilniaus-miestas,served_by,true
09321,lt:city_municipality:vilniaus-miestas,served_by,true
10001,lt:city_municipality:vilniaus-miestas,served_by,true
10004,lt:city_municipality:vilniaus-miestas,served_by,true
10007,lt:city_municipality:vilniaus-miestas,served_by,true
10013,lt:city_municipality:vilniaus-miestas,served_by,true
10100,lt:city_municipality:vilniaus-miestas,served_by,true
10101,lt:city_municipality:vilniaus-miestas,served_by,true
10102,lt:city_municipality:vilniaus-miestas,served_by,true
10103,lt:city_municipality:vilniaus-miestas,served_by,true
10104,lt:city_municipality:vilniaus-miestas,served_by,true
10105,lt:city_municipality:vilniaus-miestas,served_by,true
10106,lt:city_municipality:vilniaus-miestas,served_by,true
10107,lt:city_municipality:vilniaus-miestas,served_by,true
10108,lt:city_municipality:vilniaus-miestas,served_by,true
10150,lt:city_municipality:vilniaus-miestas,served_by,true
10151,lt:city_municipality:vilniaus-miestas,served_by,true
10152,lt:city_municipality:vilniaus-miestas,served_by,true
10153,lt:city_municipality:vilniaus-miestas,served_by,true
10154,lt:city_municipality:vilniaus-miestas,served_by,true
10156,lt:city_municipality:vilniaus-miestas,served_by,true
10200,lt:city_municipality:vilniaus-miestas,served_by,true
10201,lt:city_municipality:vilniaus-miestas,served_by,true
10202,lt:city_municipality:vilniaus-miestas,served_by,true
10203,lt:city_municipality:vilniaus-miestas,served_by,true
10204,lt:city_municipality:vilniaus-miestas,served_by,true
10205,lt:city_municipality:vilniaus-miestas,served_by,true
10206,lt:city_municipality:vilniaus-miestas,served_by,true
10207,lt:city_municipality:vilniaus-miestas,served_by,true
10208,lt:city_municipality:vilniaus-miestas,served_by,true
10209,lt:city_municipality:vilniaus-miestas,served_by,true
10210,lt:city_municipality:vilniaus-miestas,served_by,true
10211,lt:city_municipality:vilniaus-miestas,served_by,true
10212,lt:city_municipality:vilniaus-miestas,served_by,true
10213,lt:city_municipality:vilniaus-miestas,served_by,true
10214,lt:city_municipality:vilniaus-miestas,served_by,true
10215,lt:city_municipality:vilniaus-miestas,served_by,true
10216,lt:city_municipality:vilniaus-miestas,served_by,true
10217,lt:city_municipality:vilniaus-miestas,served_by,true
10218,lt:city_municipality:vilniaus-miestas,served_by,true
10219,lt:city_municipality:vilniaus-miestas,served_by,true
10220,lt:city_municipality:vilniaus-miestas,served_by,true
10221,lt:city_municipality:vilniaus-miestas,served_by,true
10222,lt:city_municipality:vilniaus-miestas,served_by,true
10223,lt:city_municipality:vilniaus-miestas,served_by,true
10224,lt:city_municipality:vilniaus-miestas,served_by,true
10225,lt:city_municipality:vilniaus-miestas,served_by,true
10226,lt:city_municipality:vilniaus-miestas,served_by,true
10227,lt:city_municipality:vilniaus-miestas,served_by,true
10228,lt:city_municipality:vilniaus-miestas,served_by,true
10229,lt:city_municipality:vilniaus-miestas,served_by,true
10230,lt:city_municipality:vilniaus-miestas,served_by,true
10231,lt:city_municipality:vilniaus-miestas,served_by,true
10232,lt:city_municipality:vilniaus-miestas,served_by,true
10233,lt:city_municipality:vilniaus-miestas,served_by,true
10234,lt:city_municipality:vilniaus-miestas,served_by,true
10235,lt:city_municipality:vilniaus-miestas,served_by,true
10236,lt:city_municipality:vilniaus-miestas,served_by,true
10237,lt:city_municipality:vilniaus-miestas,served_by,true
10238,lt:city_municipality:vilniaus-miestas,served_by,true
10239,lt:city_municipality:vilniaus-miestas,served_by,true
10240,lt:city_municipality:vilniaus-miestas,served_by,true
10241,lt:city_municipality:vilniaus-miestas,served_by,true
10242,lt:city_municipality:vilniaus-miestas,served_by,true
10243,lt:city_municipality:vilniaus-miestas,served_by,true
10244,lt:city_municipality:vilniaus-miestas,served_by,true
10245,lt:city_municipality:vilniaus-miestas,served_by,true
10246,lt:city_municipality:vilniaus-miestas,served_by,true
10247,lt:city_municipality:vilniaus-miestas,served_by,true
10249,lt:city_municipality:vilniaus-miestas,served_by,true
10300,lt:city_municipality:vilniaus-miestas,served_by,true
10301,lt:city_municipality:vilniaus-miestas,served_by,true
10302,lt:city_municipality:vilniaus-miestas,served_by,true
10303,lt:city_municipality:vilniaus-miestas,served_by,true
10304,lt:city_municipality:vilniaus-miestas,served_by,true
10305,lt:city_municipality:vilniaus-miestas,served_by,true
10306,lt:city_municipality:vilniaus-miestas,served_by,true
10307,lt:city_municipality:vilniaus-miestas,served_by,true
10308,lt:city_municipality:vilniaus-miestas,served_by,true
10309,lt:city_municipality:vilniaus-miestas,served_by,true
10310,lt:city_municipality:vilniaus-miestas,served_by,true
10311,lt:city_municipality:vilniaus-miestas,served_by,true
10312,lt:city_municipality:vilniaus-miestas,served_by,true
10313,lt:city_municipality:vilniaus-miestas,served_by,true
10314,lt:city_municipality:vilniaus-miestas,served_by,true
10315,lt:city_municipality:vilniaus-miestas,served_by,true
10316,lt:city_municipality:vilniaus-miestas,served_by,true
10317,lt:city_municipality:vilniaus-miestas,served_by,true
10318,lt:city_municipality:vilniaus-miestas,served_by,true
10319,lt:city_municipality:vilniaus-miestas,served_by,true
10320,lt:city_municipality:vilniaus-miestas,served_by,true
10321,lt:city_municipality:vilniaus-miestas,served_by,true
10322,lt:city_municipality:vilniaus-miestas,served_by,true
10323,lt:city_municipality:vilniaus-miestas,served_by,true
10324,lt:city_municipality:vilniaus-miestas,served_by,true
10325,lt:city_municipality:vilniaus-miestas,served_by,true
10326,lt:city_municipality:vilniaus-miestas,served_by,true
11001,lt:city_municipality:vilniaus-miestas,served_by,true
11005,lt:city_municipality:vilniaus-miestas,served_by,true
11010,lt:city_municipality:vilniaus-miestas,served_by,true
11013,lt:city_municipality:vilniaus-miestas,served_by,true
11100,lt:city_municipality:vilniaus-miestas,served_by,true
11101,lt:city_municipality:vilniaus-miestas,served_by,true
11102,lt:city_municipality:vilniaus-miestas,served_by,true
11103,lt:city_municipality:vilniaus-miestas,served_by,true
11104,lt:city_municipality:vilniaus-miestas,served_by,true
11105,lt:city_municipality:vilniaus-miestas,served_by,true
11106,lt:city_municipality:vilniaus-miestas,served_by,true
11107,lt:city_municipality:vilniaus-miestas,served_by,true
11108,lt:city_municipality:vilniaus-miestas,served_by,true
11109,lt:city_municipality:vilniaus-miestas,served_by,true
11110,lt:city_municipality:vilniaus-miestas,served_by,true
11111,lt:city_municipality:vilniaus-miestas,served_by,true
11112,lt:city_municipality:vilniaus-miestas,served_by,true
11113,lt:city_municipality:vilniaus-miestas,served_by,true
11114,lt:city_municipality:vilniaus-miestas,served_by,true
11115,lt:city_municipality:vilniaus-miestas,served_by,true
11116,lt:city_municipality:vilniaus-miestas,served_by,true
11117,lt:city_municipality:vilniaus-miestas,served_by,true
11118,lt:city_municipality:vilniaus-miestas,served_by,true
11119,lt:city_municipality:vilniaus-miestas,served_by,true
11121,lt:city_municipality:vilniaus-miestas,served_by,true
11122,lt:city_municipality:vilniaus-miestas,served_by,true
11123,lt:city_municipality:vilniaus-miestas,served_by,true
11124,lt:city_municipality:vilniaus-miestas,served_by,true
11125,lt:city_municipality:vilniaus-miestas,served_by,true
11200,lt:city_municipality:vilniaus-miestas,served_by,true
11201,lt:city_municipality:vilniaus-miestas,served_by,true
11202,lt:city_municipality:vilniaus-miestas,served_by,true
11203,lt:city_municipality:vilniaus-miestas,served_by,true
11204,lt:city_municipality:vilniaus-miestas,served_by,true
11205,lt:city_municipality:vilniaus-miestas,served_by,true
11206,lt:city_municipality:vilniaus-miestas,served_by,true
11207,lt:city_municipality:vilniaus-miestas,served_by,true
11208,lt:city_municipality:vilniaus-miestas,served_by,true
11209,lt:city_municipality:vilniaus-miestas,served_by,true
11210,lt:city_municipality:vilniaus-miestas,served_by,true
11211,lt:city_municipality:vilniaus-miestas,served_by,true
11212,lt:city_municipality:vilniaus-miestas,served_by,true
11213,lt:city_municipality:vilniaus-miestas,served_by,true
11214,lt:city_municipality:vilniaus-miestas,served_by,true
11215,lt:city_municipality:vilniaus-miestas,served_by,true
11216,lt:city_municipality:vilniaus-miestas,served_by,true
11217,lt:city_municipality:vilniaus-miestas,served_by,true
11218,lt:city_municipality:vilniaus-miestas,served_by,true
11219,lt:city_municipality:vilniaus-miestas,served_by,true
11220,lt:city_municipality:vilniaus-miestas,served_by,true
11221,lt:city_municipality:vilniaus-miestas,served_by,true
11222,lt:city_municipality:vilniaus-miestas,served_by,true
11223,lt:city_municipality:vilniaus-miestas,served_by,true
11224,lt:city_municipality:vilniaus-miestas,served_by,true
11225,lt:city_municipality:vilniaus-miestas,served_by,true
11226,lt:city_municipality:vilniaus-miestas,served_by,true
11227,lt:city_municipality:vilniaus-miestas,served_by,true
11228,lt:city_municipality:vilniaus-miestas,served_by,true
11229,lt:city_municipality:vilniaus-miestas,served_by,true
11230,lt:city_municipality:vilniaus-miestas,served_by,true
11231,lt:city_municipality:vilniaus-miestas,served_by,true
11232,lt:city_municipality:vilniaus-miestas,served_by,true
11233,lt:city_municipality:vilniaus-miestas,served_by,true
11234,lt:city_municipality:vilniaus-miestas,served_by,true
11235,lt:city_municipality:vilniaus-miestas,served_by,true
11238,lt:city_municipality:vilniaus-miestas,served_by,true
11300,lt:city_municipality:vilniaus-miestas,served_by,true
11301,lt:city_municipality:vilniaus-miestas,served_by,true
11302,lt:city_municipality:vilniaus-miestas,served_by,true
11303,lt:city_municipality:vilniaus-miestas,served_by,true
11305,lt:city_municipality:vilniaus-miestas,served_by,true
11306,lt:city_municipality:vilniaus-miestas,served_by,true
11307,lt:city_municipality:vilniaus-miestas,served_by,true
11308,lt:city_municipality:vilniaus-miestas,served_by,true
11310,lt:city_municipality:vilniaus-miestas,served_by,true
11311,lt:city_municipality:vilniaus-miestas,served_by,true
11312,lt:city_municipality:vilniaus-miestas,served_by,true
11313,lt:city_municipality:vilniaus-miestas,served_by,true
11314,lt:city_municipality:vilniaus-miestas,served_by,true
11315,lt:city_municipality:vilniaus-miestas,served_by,true
11316,lt:city_municipality:vilniaus-miestas,served_by,true
11317,lt:city_municipality:vilniaus-miestas,served_by,true
11318,lt:city_municipality:vilniaus-miestas,served_by,true
11319,lt:city_municipality:vilniaus-miestas,served_by,true
11321,lt:city_municipality:vilniaus-miestas,served_by,true
11322,lt:city_municipality:vilniaus-miestas,served_by,true
11341,lt:city_municipality:vilniaus-miestas,served_by,true
11342,lt:city_municipality:vilniaus-miestas,served_by,true
11343,lt:city_municipality:vilniaus-miestas,served_by,true
11344,lt:city_municipality:vilniaus-miestas,served_by,true
11345,lt:city_municipality:vilniaus-miestas,served_by,true
11346,lt:city_municipality:vilniaus-miestas,served_by,true
11347,lt:city_municipality:vilniaus-miestas,served_by,true
11348,lt:city_municipality:vilniaus-miestas,served_by,true
11349,lt:city_municipality:vilniaus-miestas,served_by,true
11350,lt:city_municipality:vilniaus-miestas,served_by,true
11351,lt:city_municipality:vilniaus-miestas,served_by,true
11352,lt:city_municipality:vilniaus-miestas,served_by,true
12001,lt:city_municipality:vilniaus-miestas,served_by,true
12100,lt:city_municipality:vilniaus-miestas,served_by,true
12101,lt:city_municipality:vilniaus-miestas,served_by,true
12102,lt:city_municipality:vilniaus-miestas,served_by,true
12103,lt:city_municipality:vilniaus-miestas,served_by,true
12104,lt:city_municipality:vilniaus-miestas,served_by,true
12105,lt:city_municipality:vilniaus-miestas,served_by,true
12106,lt:city_municipality:vilniaus-miestas,served_by,true
12107,lt:city_municipality:vilniaus-miestas,served_by,true
12109,lt:city_municipality:vilniaus-miestas,served_by,true
12111,lt:city_municipality:vilniaus-miestas,served_by,true
12112,lt:city_municipality:vilniaus-miestas,served_by,true
12113,lt:city_municipality:vilniaus-miestas,served_by,true
12114,lt:city_municipality:vilniaus-miestas,served_by,true
12115,lt:city_municipality:vilniaus-miestas,served_by,true
12116,lt:city_municipality:vilniaus-miestas,served_by,true
12117,lt:city_municipality:vilniaus-miestas,served_by,true
12118,lt:city_municipality:vilniaus-miestas,served_by,true
12119,lt:city_municipality:vilniaus-miestas,served_by,true
12120,lt:city_municipality:vilniaus-miestas,served_by,true
12121,lt:city_municipality:vilniaus-miestas,served_by,true
12122,lt:city_municipality:vilniaus-miestas,served_by,true
12123,lt:city_municipality:vilniaus-miestas,served_by,true
12124,lt:city_municipality:vilniaus-miestas,served_by,true
12125,lt:city_municipality:vilniaus-miestas,served_by,true
12126,lt:city_municipality:vilniaus-miestas,served_by,true
12127,lt:city_municipality:vilniaus-miestas,served_by,true
12128,lt:city_municipality:vilniaus-miestas,served_by,true
12129,lt:city_municipality:vilniaus-miestas,served_by,true
12130,lt:city_municipality:vilniaus-miestas,served_by,true
12131,lt:city_municipality:vilniaus-miestas,served_by,true
12133,lt:city_municipality:vilniaus-miestas,served_by,true
12135,lt:city_municipality:vilniaus-miestas,served_by,true
12136,lt:city_municipality:vilniaus-miestas,served_by,true
12137,lt:city_municipality:vilniaus-miestas,served_by,true
12138,lt:city_municipality:vilniaus-miestas,served_by,true
12140,lt:city_municipality:vilniaus-miestas,served_by,true
12141,lt:city_municipality:vilniaus-miestas,served_by,true
12142,lt:city_municipality:vilniaus-miestas,served_by,true
12143,lt:city_municipality:vilniaus-miestas,served_by,true
12144,lt:city_municipality:vilniaus-miestas,served_by,true
12186,lt:city_municipality:vilniaus-miestas,served_by,true
12187,lt:city_municipality:vilniaus-miestas,served_by,true
12188,lt:city_municipality:vilniaus-miestas,served_by,true
12189,lt:city_municipality:vilniaus-miestas,served_by,true
13001,lt:city_municipality:vilniaus-miestas,served_by,false
13001,lt:district_municipality:vilnius-58,served_by,true
13004,lt:district_municipality:vilnius-58,served_by,true
13007,lt:district_municipality:vilnius-58,served_by,true
13010,lt:district_municipality:vilnius-58,served_by,true
13013,lt:district_municipality:vilnius-58,served_by,true
13016,lt:district_municipality:vilnius-58,served_by,true
13019,lt:district_municipality:vilnius-58,served_by,true
13022,lt:district_municipality:vilnius-58,served_by,true
13025,lt:district_municipality:vilnius-58,served_by,true
13028,lt:district_municipality:vilnius-58,served_by,true
13031,lt:city_municipality:vilniaus-miestas,served_by,false
13031,lt:district_municipality:vilnius-58,served_by,true
13034,lt:city_municipality:vilniaus-miestas,served_by,false
13034,lt:district_municipality:vilnius-58,served_by,true
13101,lt:city_municipality:vilniaus-miestas,served_by,true
13102,lt:city_municipality:vilniaus-miestas,served_by,true
13242,lt:city_municipality:vilniaus-miestas,served_by,true
13263,lt:city_municipality:vilniaus-miestas,served_by,true
13266,lt:city_municipality:vilniaus-miestas,served_by,true
13282,lt:city_municipality:vilniaus-miestas,served_by,true
13283,lt:city_municipality:vilniaus-miestas,served_by,true
13284,lt:city_municipality:vilniaus-miestas,served_by,true
14001,lt:city_municipality:vilniaus-miestas,served_by,false
14001,lt:district_municipality:vilnius-58,served_by,true
14004,lt:city_municipality:vilniaus-miestas,served_by,false
14004,lt:district_municipality:vilnius-58,served_by,true
14007,lt:city_municipality:vilniaus-miestas,served_by,false
14007,lt:district_municipality:vilnius-58,served_by,true
14010,lt:city_municipality:vilniaus-miestas,served_by,false
14010,lt:district_municipality:vilnius-58,served_by,true
14013,lt:district_municipality:vilnius-58,served_by,true
14016,lt:district_municipality:vilnius-58,served_by,true
14019,lt:district_municipality:vilnius-58,served_by,true
14025,lt:district_municipality:vilnius-58,served_by,true
14028,lt:city_municipality:vilniaus-miestas,served_by,false
14028,lt:district_municipality:vilnius-58,served_by,true
14031,lt:district_municipality:vilnius-58,served_by,true
14108,lt:city_municipality:vilniaus-miestas,served_by,true
14109,lt:city_municipality:vilniaus-miestas,served_by,true
14117,lt:city_municipality:vilniaus-miestas,served_by,true
14121,lt:city_municipality:vilniaus-miestas,served_by,true
14122,lt:city_municipality:vilniaus-miestas,served_by,true
14123,lt:city_municipality:vilniaus-miestas,served_by,true
14124,lt:city_municipality:vilniaus-miestas,served_by,true
14151,lt:city_municipality:vilniaus-miestas,served_by,true
14152,lt:city_municipality:vilniaus-miestas,served_by,true
14158,lt:city_municipality:vilniaus-miestas,served_by,true
14167,lt:city_municipality:vilniaus-miestas,served_by,true
14172,lt:city_municipality:vilniaus-miestas,served_by,true
14187,lt:city_municipality:vilniaus-miestas,served_by,true
14188,lt:city_municipality:vilniaus-miestas,served_by,true
14191,lt:city_municipality:vilniaus-miestas,served_by,true
14193,lt:city_municipality:vilniaus-miestas,served_by,true
14258,lt:city_municipality:vilniaus-miestas,served_by,true
14259,lt:city_municipality:vilniaus-miestas,served_by,true
14267,lt:city_municipality:vilniaus-miestas,served_by,true
14268,lt:city_municipality:vilniaus-miestas,served_by,true
14269,lt:city_municipality:vilniaus-miestas,served_by,true
14270,lt:city_municipality:vilniaus-miestas,served_by,true
14281,lt:city_municipality:vilniaus-miestas,served_by,true
14282,lt:city_municipality:vilniaus-miestas,served_by,true
14283,lt:city_municipality:vilniaus-miestas,served_by,true
14284,lt:city_municipality:vilniaus-miestas,served_by,true
14285,lt:city_municipality:vilniaus-miestas,served_by,true
14286,lt:city_municipality:vilniaus-miestas,served_by,true
14287,lt:city_municipality:vilniaus-miestas,served_by,true
14288,lt:city_municipality:vilniaus-miestas,served_by,true
14289,lt:city_municipality:vilniaus-miestas,served_by,true
14290,lt:city_municipality:vilniaus-miestas,served_by,true
15004,lt:district_municipality:vilnius-58,served_by,true
15013,lt:district_municipality:vilnius-58,served_by,true
15019,lt:district_municipality:vilnius-58,served_by,true
15023,lt:district_municipality:vilnius-58,served_by,true
15026,lt:district_municipality:vilnius-58,served_by,true
15029,lt:district_municipality:vilnius-58,served_by,true
15032,lt:district_municipality:vilnius-58,served_by,true
15035,lt:district_municipality:vilnius-58,served_by,true
17001,lt:district_municipality:salcininkai,served_by,true
17005,lt:district_municipality:salcininkai,served_by,true
17008,lt:district_municipality:salcininkai,served_by,true
17014,lt:district_municipality:salcininkai,served_by,true
17017,lt:district_municipality:salcininkai,served_by,true
17020,lt:district_municipality:salcininkai,served_by,true
17023,lt:district_municipality:salcininkai,served_by,true
17026,lt:district_municipality:salcininkai,served_by,true
17029,lt:district_municipality:salcininkai,served_by,true
17032,lt:district_municipality:salcininkai,served_by,true
17035,lt:district_municipality:salcininkai,served_by,true
17038,lt:district_municipality:salcininkai,served_by,true
17041,lt:district_municipality:salcininkai,served_by,true
17044,lt:district_municipality:salcininkai,served_by,true
17047,lt:district_municipality:salcininkai,served_by,true
18001,lt:district_municipality:svencionys,served_by,true
18005,lt:district_municipality:svencionys,served_by,true
18008,lt:district_municipality:svencionys,served_by,true
18011,lt:district_municipality:svencionys,served_by,true
18014,lt:district_municipality:svencionys,served_by,true
18017,lt:district_municipality:svencionys,served_by,true
18022,lt:district_municipality:svencionys,served_by,true
18025,lt:district_municipality:svencionys,served_by,true
18028,lt:district_municipality:svencionys,served_by,true
18033,lt:district_municipality:svencionys,served_by,true
18036,lt:district_municipality:svencionys,served_by,true
18039,lt:district_municipality:svencionys,served_by,true
18042,lt:district_municipality:svencionys,served_by,true
18043,lt:district_municipality:svencionys,served_by,true
19001,lt:district_municipality:sirvintos,served_by,true
19005,lt:district_municipality:sirvintos,served_by,true
19008,lt:district_municipality:sirvintos,served_by,true
19011,lt:district_municipality:sirvintos,served_by,true
19014,lt:district_municipality:sirvintos,served_by,true
19017,lt:district_municipality:sirvintos,served_by,true
19020,lt:district_municipality:sirvintos,served_by,true
19023,lt:district_municipality:sirvintos,served_by,true
19026,lt:district_municipality:sirvintos,served_by,true
19029,lt:district_municipality:sirvintos,served_by,true
19032,lt:district_municipality:sirvintos,served_by,true
20001,lt:district_municipality:ukmerge,served_by,true
20006,lt:district_municipality:ukmerge,served_by,true
20009,lt:district_municipality:ukmerge,served_by,true
20012,lt:district_municipality:ukmerge,served_by,true
20015,lt:district_municipality:ukmerge,served_by,true
20018,lt:district_municipality:ukmerge,served_by,true
20021,lt:district_municipality:ukmerge,served_by,true
20024,lt:district_municipality:ukmerge,served_by,true
20027,lt:district_municipality:ukmerge,served_by,true
20030,lt:district_municipality:ukmerge,served_by,true
20036,lt:district_municipality:ukmerge,served_by,true
20039,lt:district_municipality:ukmerge,served_by,true
20042,lt:district_municipality:ukmerge,served_by,true
20045,lt:district_municipality:ukmerge,served_by,true
20054,lt:district_municipality:ukmerge,served_by,true
20057,lt:district_municipality:ukmerge,served_by,true
20060,lt:district_municipality:ukmerge,served_by,true
20063,lt:district_municipality:ukmerge,served_by,true
20066,lt:district_municipality:ukmerge,served_by,true
21001,lt:district_municipality:trakai,served_by,true
21007,lt:district_municipality:trakai,served_by,true
21013,lt:district_municipality:trakai,served_by,true
21016,lt:district_municipality:trakai,served_by,true
21019,lt:district_municipality:trakai,served_by,true
21025,lt:district_municipality:trakai,served_by,true
21034,lt:district_municipality:trakai,served_by,true
21040,lt:district_municipality:trakai,served_by,true
21043,lt:district_municipality:trakai,served_by,false
21043,lt:municipality:elektrenai,served_by,true
21046,lt:municipality:elektrenai,served_by,true
21049,lt:municipality:elektrenai,served_by,true
21055,lt:municipality:elektrenai,served_by,true
21058,lt:district_municipality:trakai,served_by,false
21058,lt:municipality:elektrenai,served_by,true
21063,lt:district_municipality:trakai,served_by,true
21063,lt:municipality:elektrenai,served_by,false
21066,lt:municipality:elektrenai,served_by,true
21069,lt:municipality:elektrenai,served_by,true
21072,lt:district_municipality:trakai,served_by,true
21072,lt:municipality:elektrenai,served_by,false
25001,lt:city_municipality:vilniaus-miestas,served_by,false
25001,lt:district_municipality:trakai,served_by,true
25110,lt:city_municipality:vilniaus-miestas,served_by,true
25124,lt:city_municipality:vilniaus-miestas,served_by,true
25125,lt:city_municipality:vilniaus-miestas,served_by,true
25126,lt:city_municipality:vilniaus-miestas,served_by,true
25127,lt:city_municipality:vilniaus-miestas,served_by,true
25128,lt:city_municipality:vilniaus-miestas,served_by,true
25132,lt:city_municipality:vilniaus-miestas,served_by,true
26001,lt:municipality:elektrenai,served_by,true
27001,lt:city_municipality:vilniaus-miestas,served_by,false
27001,lt:district_municipality:vilnius-58,served_by,true
27102,lt:city_municipality:vilniaus-miestas,served_by,true
28001,lt:district_municipality:utena,served_by,true
28012,lt:district_municipality:utena,served_by,true
28015,lt:district_municipality:utena,served_by,true
28018,lt:district_municipality:utena,served_by,true
28021,lt:district_municipality:utena,served_by,true
28024,lt:district_municipality:utena,served_by,true
28027,lt:district_municipality:utena,served_by,true
28030,lt:district_municipality:utena,served_by,true
28033,lt:district_municipality:utena,served_by,true
28039,lt:district_municipality:utena,served_by,true
28042,lt:district_municipality:utena,served_by,true
28045,lt:district_municipality:utena,served_by,true
28048,lt:district_municipality:utena,served_by,true
29001,lt:district_municipality:anyksciai,served_by,true
29006,lt:district_municipality:anyksciai,served_by,true
29012,lt:district_municipality:anyksciai,served_by,true
29015,lt:district_municipality:anyksciai,served_by,true
29018,lt:district_municipality:anyksciai,served_by,true
29021,lt:district_municipality:anyksciai,served_by,true
29030,lt:district_municipality:anyksciai,served_by,true
29033,lt:district_municipality:anyksciai,served_by,true
29036,lt:district_municipality:anyksciai,served_by,true
29039,lt:district_municipality:anyksciai,served_by,true
29042,lt:district_municipality:anyksciai,served_by,true
29045,lt:district_municipality:anyksciai,served_by,true
29048,lt:district_municipality:anyksciai,served_by,true
29051,lt:district_municipality:anyksciai,served_by,true
29054,lt:district_municipality:anyksciai,served_by,true
30001,lt:district_municipality:ignalina,served_by,true
30006,lt:district_municipality:ignalina,served_by,true
30009,lt:district_municipality:ignalina,served_by,true
30012,lt:district_municipality:ignalina,served_by,true
30015,lt:district_municipality:ignalina,served_by,true
30018,lt:district_municipality:ignalina,served_by,true
30024,lt:district_municipality:ignalina,served_by,true
30027,lt:district_municipality:ignalina,served_by,true
30030,lt:district_municipality:ignalina,served_by,true
30033,lt:district_municipality:ignalina,served_by,true
30036,lt:district_municipality:ignalina,served_by,true
30039,lt:district_municipality:ignalina,served_by,true
30042,lt:district_municipality:ignalina,served_by,true
30045,lt:district_municipality:ignalina,served_by,true
30045,lt:municipality:visaginas,served_by,false
30048,lt:district_municipality:ignalina,served_by,true
30051,lt:district_municipality:ignalina,served_by,true
30054,lt:district_municipality:ignalina,served_by,true
31001,lt:municipality:visaginas,served_by,true
31007,lt:municipality:visaginas,served_by,true
32001,lt:district_municipality:zarasai,served_by,true
32004,lt:district_municipality:zarasai,served_by,true
32007,lt:district_municipality:zarasai,served_by,true
32010,lt:district_municipality:zarasai,served_by,true
32013,lt:district_municipality:zarasai,served_by,true
32016,lt:district_municipality:zarasai,served_by,true
32019,lt:district_municipality:zarasai,served_by,true
32022,lt:district_municipality:zarasai,served_by,true
32028,lt:district_municipality:zarasai,served_by,true
32029,lt:district_municipality:zarasai,served_by,true
32032,lt:district_municipality:zarasai,served_by,true
33001,lt:district_municipality:moletai,served_by,true
33004,lt:district_municipality:moletai,served_by,true
33007,lt:district_municipality:moletai,served_by,true
33010,lt:district_municipality:moletai,served_by,true
33016,lt:district_municipality:moletai,served_by,true
33019,lt:district_municipality:moletai,served_by,true
33022,lt:district_municipality:moletai,served_by,true
33025,lt:district_municipality:moletai,served_by,true
33028,lt:district_municipality:moletai,served_by,true
33031,lt:district_municipality:moletai,served_by,true
33034,lt:district_municipality:moletai,served_by,true
33037,lt:district_municipality:moletai,served_by,true
33040,lt:district_municipality:moletai,served_by,true
33043,lt:district_municipality:moletai,served_by,true
33046,lt:district_municipality:moletai,served_by,true
33049,lt:district_municipality:moletai,served_by,true
35001,lt:city_municipality:panevezio-miestas,served_by,false
35001,lt:district_municipality:panevezys,served_by,true
36001,lt:city_municipality:panevezio-miestas,served_by,true
36010,lt:city_municipality:panevezio-miestas,served_by,false
36010,lt:district_municipality:panevezys,served_by,true
37001,lt:city_municipality:panevezio-miestas,served_by,true
37001,lt:district_municipality:panevezys,served_by,false
37005,lt:city_municipality:panevezio-miestas,served_by,true
37010,lt:city_municipality:panevezio-miestas,served_by,true
37010,lt:district_municipality:panevezys,served_by,false
38007,lt:city_municipality:panevezio-miestas,served_by,false
38007,lt:district_municipality:panevezys,served_by,true
38010,lt:district_municipality:panevezys,served_by,true
38013,lt:district_municipality:panevezys,served_by,true
38016,lt:district_municipality:panevezys,served_by,true
38019,lt:district_municipality:panevezys,served_by,true
38031,lt:district_municipality:panevezys,served_by,true
38037,lt:district_municipality:panevezys,served_by,true
38040,lt:district_municipality:panevezys,served_by,true
38043,lt:district_municipality:panevezys,served_by,true
38046,lt:district_municipality:panevezys,served_by,true
38049,lt:district_municipality:panevezys,served_by,true
38052,lt:city_municipality:panevezio-miestas,served_by,false
38052,lt:district_municipality:panevezys,served_by,true
38055,lt:district_municipality:panevezys,served_by,true
38064,lt:district_municipality:panevezys,served_by,true
38067,lt:district_municipality:panevezys,served_by,true
38070,lt:district_municipality:panevezys,served_by,true
38079,lt:district_municipality:panevezys,served_by,true
38082,lt:city_municipality:panevezio-miestas,served_by,false
38082,lt:district_municipality:panevezys,served_by,true
39001,lt:district_municipality:pasvalys,served_by,true
39006,lt:district_municipality:pasvalys,served_by,true
39012,lt:district_municipality:pasvalys,served_by,true
39015,lt:district_municipality:pasvalys,served_by,true
39027,lt:district_municipality:pasvalys,served_by,true
39034,lt:district_municipality:pasvalys,served_by,true
39040,lt:district_municipality:pasvalys,served_by,true
39049,lt:district_municipality:pasvalys,served_by,true
39052,lt:district_municipality:pasvalys,served_by,true
39055,lt:district_municipality:pasvalys,served_by,true
39058,lt:district_municipality:pasvalys,served_by,true
40001,lt:district_municipality:kupiskis,served_by,true
40018,lt:district_municipality:kupiskis,served_by,true
40030,lt:district_municipality:kupiskis,served_by,true
40033,lt:district_municipality:kupiskis,served_by,true
40049,lt:district_municipality:kupiskis,served_by,true
40055,lt:district_municipality:kupiskis,served_by,true
40056,lt:district_municipality:kupiskis,served_by,true
41001,lt:district_municipality:birzai,served_by,true
41012,lt:district_municipality:birzai,served_by,true
41033,lt:district_municipality:birzai,served_by,true
41040,lt:district_municipality:birzai,served_by,true
41058,lt:district_municipality:birzai,served_by,true
41062,lt:district_municipality:birzai,served_by,true
41071,lt:district_municipality:birzai,served_by,true
41072,lt:district_municipality:birzai,served_by,true
41073,lt:district_municipality:birzai,served_by,true
42001,lt:district_municipality:rokiskis,served_by,true
42006,lt:district_municipality:rokiskis,served_by,true
42013,lt:district_municipality:rokiskis,served_by,true
42016,lt:district_municipality:rokiskis,served_by,true
42022,lt:district_municipality:rokiskis,served_by,true
42025,lt:district_municipality:rokiskis,served_by,true
42028,lt:district_municipality:rokiskis,served_by,true
42031,lt:district_municipality:rokiskis,served_by,true
42034,lt:district_municipality:rokiskis,served_by,true
42041,lt:district_municipality:rokiskis,served_by,true
42063,lt:district_municipality:rokiskis,served_by,true
42069,lt:district_municipality:rokiskis,served_by,true
44001,lt:city_municipality:kauno-miestas,served_by,true
44001,lt:district_municipality:kaunas-16,served_by,false
44037,lt:city_municipality:kauno-miestas,served_by,true
45001,lt:city_municipality:kauno-miestas,served_by,true
45009,lt:city_municipality:kauno-miestas,served_by,true
45009,lt:district_municipality:kaunas-16,served_by,false
46001,lt:city_municipality:kauno-miestas,served_by,false
46001,lt:district_municipality:kaunas-16,served_by,true
46005,lt:city_municipality:kauno-miestas,served_by,true
47001,lt:city_municipality:kauno-miestas,served_by,true
47009,lt:city_municipality:kauno-miestas,served_by,true
47015,lt:city_municipality:kauno-miestas,served_by,true
47015,lt:district_municipality:kaunas-16,served_by,false
48001,lt:city_municipality:kauno-miestas,served_by,true
48005,lt:city_municipality:kauno-miestas,served_by,true
48009,lt:city_municipality:kauno-miestas,served_by,true
49001,lt:city_municipality:kauno-miestas,served_by,true
50001,lt:city_municipality:kauno-miestas,served_by,true
50019,lt:city_municipality:kauno-miestas,served_by,true
51001,lt:city_municipality:kauno-miestas,served_by,true
52001,lt:city_municipality:kauno-miestas,served_by,true
52005,lt:city_municipality:kauno-miestas,served_by,true
53015,lt:district_municipality:kaunas-16,served_by,true
53021,lt:district_municipality:kaunas-16,served_by,true
53030,lt:city_municipality:kauno-miestas,served_by,false
53030,lt:district_municipality:kaunas-16,served_by,true
53056,lt:district_municipality:kaunas-16,served_by,true
53067,lt:district_municipality:kaunas-16,served_by,true
53079,lt:district_municipality:kaunas-16,served_by,true
53083,lt:district_municipality:kaunas-16,served_by,true
53088,lt:district_municipality:kaunas-16,served_by,true
53093,lt:district_municipality:kaunas-16,served_by,true
54001,lt:district_municipality:kaunas-16,served_by,true
54011,lt:district_municipality:kaunas-16,served_by,true
54015,lt:district_municipality:kaunas-16,served_by,true
54046,lt:district_municipality:kaunas-16,served_by,true
54050,lt:district_municipality:kaunas-16,served_by,true
54055,lt:district_municipality:kaunas-16,served_by,true
54059,lt:district_municipality:kaunas-16,served_by,true
54066,lt:district_municipality:kaunas-16,served_by,true
54073,lt:district_municipality:kaunas-16,served_by,true
54078,lt:district_municipality:kaunas-16,served_by,true
54085,lt:district_municipality:kaunas-16,served_by,true
54093,lt:district_municipality:kaunas-16,served_by,true
55001,lt:district_municipality:jonava,served_by,true
55014,lt:district_municipality:jonava,served_by,true
55022,lt:district_municipality:jonava,served_by,true
55025,lt:district_municipality:jonava,served_by,true
55041,lt:district_municipality:jonava,served_by,true
55044,lt:district_municipality:jonava,served_by,true
55052,lt:district_municipality:jonava,served_by,true
55066,lt:district_municipality:jonava,served_by,true
55096,lt:district_municipality:jonava,served_by,true
56001,lt:city_municipality:kauno-miestas,served_by,false
56001,lt:district_municipality:kaisiadorys,served_by,true
56017,lt:district_municipality:kaisiadorys,served_by,true
56028,lt:district_municipality:kaisiadorys,served_by,true
56037,lt:district_municipality:kaisiadorys,served_by,true
56040,lt:district_municipality:kaisiadorys,served_by,true
56048,lt:district_municipality:kaisiadorys,served_by,true
56054,lt:district_municipality:kaisiadorys,served_by,true
56060,lt:district_municipality:kaisiadorys,served_by,true
56063,lt:district_municipality:kaisiadorys,served_by,true
57001,lt:district_municipality:kedainiai,served_by,true
57005,lt:district_municipality:kedainiai,served_by,true
58005,lt:district_municipality:kedainiai,served_by,true
58011,lt:district_municipality:kedainiai,served_by,true
58014,lt:district_municipality:kedainiai,served_by,true
58017,lt:district_municipality:kedainiai,served_by,true
58026,lt:district_municipality:kedainiai,served_by,true
58032,lt:district_municipality:kedainiai,served_by,true
58038,lt:district_municipality:kedainiai,served_by,true
58047,lt:district_municipality:kedainiai,served_by,true
58050,lt:district_municipality:kedainiai,served_by,true
58053,lt:district_municipality:kedainiai,served_by,true
58057,lt:district_municipality:kedainiai,served_by,true
58063,lt:district_municipality:kedainiai,served_by,true
58066,lt:district_municipality:kedainiai,served_by,true
58069,lt:district_municipality:kedainiai,served_by,true
58072,lt:district_municipality:kedainiai,served_by,true
59001,lt:district_municipality:prienai,served_by,true
59001,lt:municipality:birstonas,served_by,false
59009,lt:municipality:birstonas,served_by,true
59015,lt:district_municipality:prienai,served_by,true
59021,lt:district_municipality:prienai,served_by,true
59027,lt:district_municipality:prienai,served_by,true
59030,lt:district_municipality:prienai,served_by,true
59033,lt:district_municipality:prienai,served_by,true
59037,lt:district_municipality:prienai,served_by,true
59040,lt:district_municipality:prienai,served_by,true
59052,lt:district_municipality:prienai,served_by,true
59055,lt:district_municipality:prienai,served_by,true
59058,lt:district_municipality:prienai,served_by,true
60001,lt:district_municipality:raseiniai,served_by,true
60010,lt:district_municipality:raseiniai,served_by,true
60019,lt:district_municipality:raseiniai,served_by,true
60028,lt:district_municipality:raseiniai,served_by,true
60031,lt:district_municipality:raseiniai,served_by,true
60034,lt:district_municipality:raseiniai,served_by,true
60037,lt:district_municipality:raseiniai,served_by,true
60040,lt:district_municipality:raseiniai,served_by,true
60043,lt:district_municipality:raseiniai,served_by,true
60046,lt:district_municipality:raseiniai,served_by,true
60049,lt:district_municipality:raseiniai,served_by,true
60052,lt:district_municipality:raseiniai,served_by,true
60055,lt:district_municipality:raseiniai,served_by,true
60058,lt:district_municipality:raseiniai,served_by,true
60061,lt:district_municipality:raseiniai,served_by,true
60070,lt:district_municipality:raseiniai,served_by,true
62001,lt:city_municipality:alytaus-miestas,served_by,false
62001,lt:district_municipality:alytus-03,served_by,true
62014,lt:city_municipality:alytaus-miestas,served_by,false
62014,lt:district_municipality:alytus-03,served_by,true
63001,lt:city_municipality:alytaus-miestas,served_by,true
64001,lt:district_municipality:alytus-03,served_by,true
64005,lt:district_municipality:alytus-03,served_by,true
64009,lt:district_municipality:alytus-03,served_by,true
64017,lt:district_municipality:alytus-03,served_by,true
64021,lt:district_municipality:alytus-03,served_by,true
64025,lt:district_municipality:alytus-03,served_by,true
64029,lt:district_municipality:alytus-03,served_by,true
64037,lt:district_municipality:alytus-03,served_by,true
64041,lt:district_municipality:alytus-03,served_by,true
64045,lt:district_municipality:alytus-03,served_by,true
64053,lt:district_municipality:alytus-03,served_by,true
64057,lt:district_municipality:alytus-03,served_by,true
64061,lt:district_municipality:alytus-03,served_by,true
64065,lt:district_municipality:alytus-03,served_by,true
64069,lt:district_municipality:alytus-03,served_by,true
65001,lt:district_municipality:varena,served_by,true
65007,lt:district_municipality:varena,served_by,true
65011,lt:district_municipality:varena,served_by,true
65023,lt:district_municipality:varena,served_by,true
65027,lt:district_municipality:varena,served_by,true
65031,lt:district_municipality:varena,served_by,true
65035,lt:district_municipality:varena,served_by,true
65039,lt:district_municipality:varena,served_by,true
65043,lt:district_municipality:varena,served_by,true
65051,lt:district_municipality:varena,served_by,true
65055,lt:district_municipality:varena,served_by,true
65059,lt:district_municipality:varena,served_by,true
65063,lt:district_municipality:varena,served_by,true
65067,lt:district_municipality:varena,served_by,true
65071,lt:district_municipality:varena,served_by,true
65075,lt:district_municipality:varena,served_by,true
65079,lt:district_municipality:varena,served_by,true
66001,lt:municipality:druskininkai,served_by,true
66007,lt:municipality:druskininkai,served_by,true
67001,lt:district_municipality:lazdijai,served_by,true
67006,lt:district_municipality:lazdijai,served_by,true
67010,lt:district_municipality:lazdijai,served_by,true
67014,lt:district_municipality:lazdijai,served_by,true
67019,lt:district_municipality:lazdijai,served_by,true
67027,lt:district_municipality:lazdijai,served_by,false
67027,lt:municipality:druskininkai,served_by,true
67035,lt:municipality:druskininkai,served_by,true
67039,lt:district_municipality:lazdijai,served_by,true
67043,lt:district_municipality:lazdijai,served_by,true
67047,lt:district_municipality:lazdijai,served_by,true
67055,lt:district_municipality:lazdijai,served_by,true
67067,lt:district_municipality:alytus-03,served_by,false
67067,lt:district_municipality:lazdijai,served_by,true
67071,lt:district_municipality:lazdijai,served_by,true
67083,lt:district_municipality:lazdijai,served_by,true
68001,lt:municipality:marijampole,served_by,true
69001,lt:municipality:marijampole,served_by,true
69005,lt:municipality:marijampole,served_by,true
69009,lt:municipality:marijampole,served_by,true
69013,lt:municipality:marijampole,served_by,true
69016,lt:municipality:marijampole,served_by,true
69022,lt:municipality:marijampole,served_by,true
69026,lt:municipality:marijampole,served_by,true
69030,lt:municipality:kalvarija,served_by,true
69037,lt:municipality:kalvarija,served_by,true
69044,lt:municipality:kalvarija,served_by,true
69047,lt:municipality:kalvarija,served_by,true
69052,lt:municipality:kalvarija,served_by,true
69065,lt:municipality:marijampole,served_by,true
69068,lt:municipality:kazlu-ruda,served_by,true
69068,lt:municipality:marijampole,served_by,false
69071,lt:municipality:kazlu-ruda,served_by,true
69074,lt:municipality:kazlu-ruda,served_by,true
69080,lt:municipality:kazlu-ruda,served_by,true
69083,lt:municipality:kazlu-ruda,served_by,true
69088,lt:municipality:kazlu-ruda,served_by,true
69091,lt:municipality:kazlu-ruda,served_by,true
69094,lt:municipality:marijampole,served_by,true
69097,lt:municipality:marijampole,served_by,true
70001,lt:district_municipality:vilkaviskis,served_by,true
70009,lt:district_municipality:vilkaviskis,served_by,true
70013,lt:district_municipality:vilkaviskis,served_by,true
70017,lt:district_municipality:vilkaviskis,served_by,true
70021,lt:district_municipality:vilkaviskis,served_by,true
70029,lt:district_municipality:vilkaviskis,served_by,true
70037,lt:district_municipality:vilkaviskis,served_by,true
70045,lt:district_municipality:vilkaviskis,served_by,true
70053,lt:district_municipality:vilkaviskis,served_by,true
70057,lt:district_municipality:vilkaviskis,served_by,true
70061,lt:district_municipality:vilkaviskis,served_by,true
70065,lt:district_municipality:vilkaviskis,served_by,true
70069,lt:district_municipality:vilkaviskis,served_by,true
70073,lt:district_municipality:vilkaviskis,served_by,true
70085,lt:district_municipality:vilkaviskis,served_by,true
71001,lt:district_municipality:sakiai,served_by,true
71005,lt:district_municipality:sakiai,served_by,true
71009,lt:district_municipality:sakiai,served_by,true
71013,lt:district_municipality:sakiai,served_by,true
71017,lt:district_municipality:sakiai,served_by,true
71021,lt:district_municipality:sakiai,served_by,true
71029,lt:municipality:kazlu-ruda,served_by,true
71033,lt:district_municipality:sakiai,served_by,true
71037,lt:district_municipality:sakiai,served_by,true
71041,lt:district_municipality:sakiai,served_by,true
71045,lt:district_municipality:sakiai,served_by,true
71049,lt:district_municipality:sakiai,served_by,true
71057,lt:district_municipality:sakiai,served_by,true
71061,lt:district_municipality:sakiai,served_by,true
71065,lt:district_municipality:sakiai,served_by,true
71069,lt:district_municipality:sakiai,served_by,true
71073,lt:district_municipality:sakiai,served_by,true
71077,lt:district_municipality:sakiai,served_by,true
71081,lt:district_municipality:sakiai,served_by,true
71085,lt:district_municipality:sakiai,served_by,true
71093,lt:district_municipality:sakiai,served_by,true
72001,lt:district_municipality:taurage,served_by,true
72028,lt:district_municipality:taurage,served_by,false
72028,lt:municipality:pagegiai,served_by,true
73001,lt:district_municipality:taurage,served_by,true
73004,lt:district_municipality:taurage,served_by,true
73010,lt:district_municipality:taurage,served_by,true
73014,lt:district_municipality:taurage,served_by,true
73017,lt:district_municipality:taurage,served_by,true
73021,lt:district_municipality:taurage,served_by,true
73025,lt:district_municipality:taurage,served_by,true
73028,lt:district_municipality:taurage,served_by,true
73032,lt:district_municipality:taurage,served_by,true
74001,lt:district_municipality:jurbarkas,served_by,true
74006,lt:district_municipality:jurbarkas,served_by,true
74009,lt:district_municipality:jurbarkas,served_by,true
74012,lt:district_municipality:jurbarkas,served_by,true
74015,lt:district_municipality:jurbarkas,served_by,true
74018,lt:district_municipality:jurbarkas,served_by,true
74021,lt:district_municipality:jurbarkas,served_by,true
74024,lt:district_municipality:jurbarkas,served_by,true
74027,lt:district_municipality:jurbarkas,served_by,true
74030,lt:district_municipality:jurbarkas,served_by,true
74033,lt:district_municipality:jurbarkas,served_by,true
74036,lt:district_municipality:jurbarkas,served_by,true
74039,lt:district_municipality:jurbarkas,served_by,true
74042,lt:district_municipality:jurbarkas,served_by,true
74045,lt:district_municipality:jurbarkas,served_by,true
74048,lt:district_municipality:jurbarkas,served_by,true
74051,lt:district_municipality:jurbarkas,served_by,true
74054,lt:district_municipality:jurbarkas,served_by,true
74057,lt:district_municipality:jurbarkas,served_by,true
74060,lt:district_municipality:jurbarkas,served_by,true
74063,lt:district_municipality:jurbarkas,served_by,true
75001,lt:district_municipality:silale,served_by,true
75008,lt:district_municipality:silale,served_by,true
75011,lt:district_municipality:silale,served_by,true
75014,lt:district_municipality:silale,served_by,true
75017,lt:district_municipality:silale,served_by,true
75020,lt:district_municipality:silale,served_by,true
75023,lt:district_municipality:silale,served_by,true
75026,lt:district_municipality:silale,served_by,true
75029,lt:district_municipality:silale,served_by,true
75032,lt:district_municipality:silale,served_by,true
75035,lt:district_municipality:silale,served_by,true
75038,lt:district_municipality:silale,served_by,true
75041,lt:district_municipality:silale,served_by,true
75044,lt:district_municipality:silale,served_by,true
75047,lt:district_municipality:silale,served_by,true
76001,lt:city_municipality:siauliu-miestas,served_by,false
76001,lt:district_municipality:siauliai-44,served_by,true
78007,lt:city_municipality:siauliu-miestas,served_by,false
78007,lt:district_municipality:siauliai-44,served_by,true
79001,lt:city_municipality:siauliu-miestas,served_by,true
79001,lt:district_municipality:siauliai-44,served_by,false
80001,lt:district_municipality:siauliai-44,served_by,true
80010,lt:district_municipality:siauliai-44,served_by,true
80013,lt:district_municipality:siauliai-44,served_by,true
80016,lt:district_municipality:siauliai-44,served_by,true
80019,lt:district_municipality:siauliai-44,served_by,true
80025,lt:district_municipality:siauliai-44,served_by,true
80028,lt:district_municipality:siauliai-44,served_by,true
81001,lt:district_municipality:siauliai-44,served_by,true
81006,lt:district_municipality:siauliai-44,served_by,true
81009,lt:district_municipality:siauliai-44,served_by,true
81015,lt:district_municipality:siauliai-44,served_by,true
81018,lt:district_municipality:siauliai-44,served_by,true
81021,lt:district_municipality:siauliai-44,served_by,true
81024,lt:district_municipality:siauliai-44,served_by,true
81030,lt:district_municipality:siauliai-44,served_by,true
81033,lt:district_municipality:siauliai-44,served_by,true
82001,lt:district_municipality:radviliskis,served_by,true
82007,lt:district_municipality:radviliskis,served_by,true
82010,lt:district_municipality:radviliskis,served_by,true
82025,lt:district_municipality:radviliskis,served_by,true
82028,lt:district_municipality:radviliskis,served_by,true
82034,lt:district_municipality:radviliskis,served_by,true
82037,lt:district_municipality:radviliskis,served_by,true
82040,lt:district_municipality:radviliskis,served_by,true
82043,lt:district_municipality:radviliskis,served_by,true
82046,lt:district_municipality:radviliskis,served_by,true
82052,lt:district_municipality:radviliskis,served_by,true
82055,lt:district_municipality:radviliskis,served_by,true
82058,lt:district_municipality:radviliskis,served_by,true
83001,lt:district_municipality:pakruojis,served_by,true
83004,lt:district_municipality:pakruojis,served_by,true
83013,lt:district_municipality:pakruojis,served_by,true
83022,lt:district_municipality:pakruojis,served_by,true
83025,lt:district_municipality:pakruojis,served_by,true
83028,lt:district_municipality:pakruojis,served_by,true
83031,lt:district_municipality:pakruojis,served_by,true
83034,lt:district_municipality:pakruojis,served_by,true
83037,lt:district_municipality:pakruojis,served_by,true
83040,lt:district_municipality:pakruojis,served_by,true
83046,lt:district_municipality:pakruojis,served_by,true
83052,lt:district_municipality:pakruojis,served_by,true
84001,lt:district_municipality:joniskis,served_by,true
84007,lt:district_municipality:joniskis,served_by,true
84010,lt:district_municipality:joniskis,served_by,true
84016,lt:district_municipality:joniskis,served_by,true
84019,lt:district_municipality:joniskis,served_by,true
84025,lt:district_municipality:joniskis,served_by,true
84028,lt:district_municipality:joniskis,served_by,true
84031,lt:district_municipality:joniskis,served_by,true
84034,lt:district_municipality:joniskis,served_by,true
84037,lt:district_municipality:joniskis,served_by,true
85001,lt:district_municipality:akmene,served_by,true
85007,lt:district_municipality:akmene,served_by,true
85010,lt:district_municipality:akmene,served_by,true
85013,lt:district_municipality:akmene,served_by,true
85019,lt:district_municipality:akmene,served_by,true
85022,lt:district_municipality:akmene,served_by,true
85037,lt:district_municipality:akmene,served_by,true
86001,lt:district_municipality:kelme,served_by,true
86011,lt:district_municipality:kelme,served_by,true
86017,lt:district_municipality:kelme,served_by,true
86026,lt:district_municipality:kelme,served_by,true
86036,lt:district_municipality:kelme,served_by,true
86043,lt:district_municipality:kelme,served_by,true
86046,lt:district_municipality:kelme,served_by,true
86052,lt:district_municipality:kelme,served_by,true
86061,lt:district_municipality:kelme,served_by,true
86065,lt:district_municipality:kelme,served_by,true
87001,lt:district_municipality:telsiai,served_by,true
88001,lt:district_municipality:telsiai,served_by,true
88006,lt:district_municipality:telsiai,served_by,true
88011,lt:district_municipality:telsiai,served_by,true
88019,lt:district_municipality:telsiai,served_by,true
88028,lt:district_municipality:telsiai,served_by,true
88033,lt:district_municipality:telsiai,served_by,true
88050,lt:district_municipality:telsiai,served_by,true
88061,lt:district_municipality:telsiai,served_by,true
88068,lt:district_municipality:telsiai,served_by,true
88075,lt:district_municipality:telsiai,served_by,true
88085,lt:district_municipality:telsiai,served_by,true
88094,lt:district_municipality:telsiai,served_by,true
89001,lt:district_municipality:mazeikiai,served_by,true
89021,lt:district_municipality:mazeikiai,served_by,true
89031,lt:district_municipality:mazeikiai,served_by,true
89046,lt:district_municipality:mazeikiai,served_by,true
89051,lt:district_municipality:mazeikiai,served_by,true
89066,lt:district_municipality:mazeikiai,served_by,true
89071,lt:district_municipality:mazeikiai,served_by,true
89076,lt:district_municipality:mazeikiai,served_by,true
89079,lt:district_municipality:mazeikiai,served_by,true
89082,lt:district_municipality:mazeikiai,served_by,true
89085,lt:district_municipality:mazeikiai,served_by,true
89091,lt:district_municipality:mazeikiai,served_by,true
89094,lt:district_municipality:mazeikiai,served_by,true
89097,lt:district_municipality:mazeikiai,served_by,true
90001,lt:district_municipality:plunge,served_by,true
90006,lt:district_municipality:plunge,served_by,true
90009,lt:district_municipality:plunge,served_by,true
90012,lt:municipality:rietavas,served_by,true
90015,lt:municipality:rietavas,served_by,true
90018,lt:municipality:rietavas,served_by,true
90021,lt:district_municipality:plunge,served_by,true
90021,lt:municipality:rietavas,served_by,false
90024,lt:district_municipality:plunge,served_by,true
90027,lt:district_municipality:plunge,served_by,true
90030,lt:district_municipality:plunge,served_by,true
90036,lt:district_municipality:plunge,served_by,true
90039,lt:district_municipality:plunge,served_by,true
90042,lt:district_municipality:plunge,served_by,true
90045,lt:district_municipality:plunge,served_by,true
91001,lt:city_municipality:klaipedos-miestas,served_by,false
91001,lt:district_municipality:klaipeda,served_by,true
91022,lt:district_municipality:klaipeda,served_by,true
91023,lt:district_municipality:kretinga,served_by,true
93012,lt:municipality:neringa,served_by,true
93017,lt:municipality:neringa,served_by,true
94007,lt:city_municipality:klaipedos-miestas,served_by,true
94007,lt:district_municipality:klaipeda,served_by,false
96001,lt:district_municipality:klaipeda,served_by,true
96008,lt:district_municipality:klaipeda,served_by,true
96011,lt:district_municipality:klaipeda,served_by,true
96014,lt:district_municipality:klaipeda,served_by,true
96020,lt:district_municipality:klaipeda,served_by,true
96026,lt:district_municipality:klaipeda,served_by,true
96032,lt:district_municipality:klaipeda,served_by,true
96035,lt:district_municipality:klaipeda,served_by,true
96041,lt:city_municipality:klaipedos-miestas,served_by,false
96041,lt:district_municipality:klaipeda,served_by,true
96044,lt:district_municipality:klaipeda,served_by,true
96047,lt:district_municipality:klaipeda,served_by,true
97001,lt:district_municipality:kretinga,served_by,true
97011,lt:district_municipality:kretinga,served_by,true
97014,lt:district_municipality:kretinga,served_by,true
97017,lt:district_municipality:kretinga,served_by,true
97023,lt:district_municipality:kretinga,served_by,true
97029,lt:district_municipality:kretinga,served_by,true
97035,lt:district_municipality:kretinga,served_by,true
97038,lt:district_municipality:kretinga,served_by,true
97041,lt:district_municipality:kretinga,served_by,true
98001,lt:district_municipality:skuodas,served_by,true
98008,lt:district_municipality:skuodas,served_by,true
98014,lt:district_municipality:skuodas,served_by,true
98017,lt:district_municipality:skuodas,served_by,true
98023,lt:district_municipality:skuodas,served_by,true
98026,lt:district_municipality:skuodas,served_by,true
98032,lt:district_municipality:skuodas,served_by,true
98038,lt:district_municipality:skuodas,served_by,true
98041,lt:district_municipality:skuodas,served_by,true
98044,lt:district_municipality:skuodas,served_by,true
98047,lt:district_municipality:skuodas,served_by,true
98050,lt:district_municipality:skuodas,served_by,true
99001,lt:district_municipality:silute,served_by,true
99005,lt:district_municipality:silute,served_by,true
99011,lt:district_municipality:silute,served_by,true
99014,lt:municipality:pagegiai,served_by,true
99023,lt:municipality:pagegiai,served_by,true
99032,lt:municipality:pagegiai,served_by,true
99035,lt:municipality:pagegiai,served_by,true
99038,lt:district_municipality:silute,served_by,true
99044,lt:district_municipality:silute,served_by,true
99047,lt:district_municipality:silute,served_by,true
99050,lt:district_municipality:silute,served_by,true
99053,lt:district_municipality:silute,served_by,true
99056,lt:district_municipality:silute,served_by,true
99060,lt:district_municipality:silute,served_by,true
99063,lt:district_municipality:silute,served_by,true
99069,lt:district_municipality:silute,served_by,true
