postcode,area_source_id,relationship_type,is_primary
L-1111,lu:commune:luxembourg-city,served_by,true
L-1112,lu:commune:luxembourg-city,served_by,true
L-1113,lu:commune:luxembourg-city,served_by,true
L-1114,lu:commune:luxembourg-city,served_by,true
L-1115,lu:commune:luxembourg-city,served_by,true
L-1116,lu:commune:luxembourg-city,served_by,true
L-1117,lu:commune:luxembourg-city,served_by,true
L-1118,lu:commune:luxembourg-city,served_by,true
L-1119,lu:commune:luxembourg-city,served_by,true
L-1120,lu:commune:luxembourg-city,served_by,true
L-1121,lu:commune:luxembourg-city,served_by,true
L-1122,lu:commune:luxembourg-city,served_by,true
L-1123,lu:commune:luxembourg-city,served_by,true
L-1124,lu:commune:luxembourg-city,served_by,true
L-1125,lu:commune:luxembourg-city,served_by,true
L-1126,lu:commune:luxembourg-city,served_by,true
L-1127,lu:commune:luxembourg-city,served_by,true
L-1128,lu:commune:luxembourg-city,served_by,true
L-1129,lu:commune:luxembourg-city,served_by,true
L-1130,lu:commune:luxembourg-city,served_by,true
L-1131,lu:commune:luxembourg-city,served_by,true
L-1132,lu:commune:luxembourg-city,served_by,true
L-1133,lu:commune:luxembourg-city,served_by,true
L-1134,lu:commune:luxembourg-city,served_by,true
L-1135,lu:commune:luxembourg-city,served_by,true
L-1136,lu:commune:luxembourg-city,served_by,true
L-1137,lu:commune:hesperange,served_by,true
L-1138,lu:commune:luxembourg-city,served_by,true
L-1139,lu:commune:luxembourg-city,served_by,true
L-1140,lu:commune:luxembourg-city,served_by,true
L-1141,lu:commune:luxembourg-city,served_by,true
L-1142,lu:commune:luxembourg-city,served_by,true
L-1143,lu:commune:luxembourg-city,served_by,true
L-1144,lu:commune:luxembourg-city,served_by,true
L-1145,lu:commune:luxembourg-city,served_by,true
L-1146,lu:commune:luxembourg-city,served_by,true
L-1147,lu:commune:luxembourg-city,served_by,true
L-1148,lu:commune:luxembourg-city,served_by,true
L-1149,lu:commune:luxembourg-city,served_by,true
L-1150,lu:commune:luxembourg-city,served_by,true
L-1151,lu:commune:luxembourg-city,served_by,true
L-1152,lu:commune:luxembourg-city,served_by,true
L-1153,lu:commune:luxembourg-city,served_by,true
L-1159,lu:commune:luxembourg-city,served_by,true
L-1160,lu:commune:luxembourg-city,served_by,true
L-1161,lu:commune:luxembourg-city,served_by,true
L-1208,lu:commune:luxembourg-city,served_by,true
L-1209,lu:commune:niederanven,served_by,true
L-1210,lu:commune:luxembourg-city,served_by,true
L-1210,lu:commune:strassen,served_by,false
L-1211,lu:commune:luxembourg-city,served_by,true
L-1212,lu:commune:luxembourg-city,served_by,true
L-1213,lu:commune:luxembourg-city,served_by,true
L-1214,lu:commune:luxembourg-city,served_by,true
L-1215,lu:commune:luxembourg-city,served_by,true
L-1216,lu:commune:hesperange,served_by,true
L-1217,lu:commune:luxembourg-city,served_by,true
L-1218,lu:commune:luxembourg-city,served_by,true
L-1219,lu:commune:luxembourg-city,served_by,true
L-1220,lu:commune:luxembourg-city,served_by,true
L-1221,lu:commune:luxembourg-city,served_by,true
L-1222,lu:commune:luxembourg-city,served_by,true
L-1223,lu:commune:hesperange,served_by,true
L-1224,lu:commune:luxembourg-city,served_by,true
L-1225,lu:commune:luxembourg-city,served_by,true
L-1226,lu:commune:luxembourg-city,served_by,true
L-1227,lu:commune:luxembourg-city,served_by,true
L-1228,lu:commune:hesperange,served_by,true
L-1229,lu:commune:luxembourg-city,served_by,true
L-1230,lu:commune:luxembourg-city,served_by,true
L-1231,lu:commune:hesperange,served_by,true
L-1232,lu:commune:hesperange,served_by,true
L-1233,lu:commune:luxembourg-city,served_by,true
L-1234,lu:commune:luxembourg-city,served_by,true
L-1235,lu:commune:luxembourg-city,served_by,true
L-1236,lu:commune:luxembourg-city,served_by,true
L-1237,lu:commune:luxembourg-city,served_by,true
L-1238,lu:commune:luxembourg-city,served_by,true
L-1239,lu:commune:niederanven,served_by,true
L-1240,lu:commune:luxembourg-city,served_by,true
L-1241,lu:commune:luxembourg-city,served_by,true
L-1242,lu:commune:luxembourg-city,served_by,true
L-1243,lu:commune:luxembourg-city,served_by,true
L-1244,lu:commune:luxembourg-city,served_by,true
L-1245,lu:commune:niederanven,served_by,true
L-1246,lu:commune:luxembourg-city,served_by,true
L-1247,lu:commune:luxembourg-city,served_by,true
L-1248,lu:commune:luxembourg-city,served_by,true
L-1249,lu:commune:luxembourg-city,served_by,true
L-1250,lu:commune:luxembourg-city,served_by,true
L-1251,lu:commune:luxembourg-city,served_by,true
L-1252,lu:commune:luxembourg-city,served_by,true
L-1253,lu:commune:luxembourg-city,served_by,true
L-1254,lu:commune:luxembourg-city,served_by,true
L-1255,lu:commune:luxembourg-city,served_by,true
L-1256,lu:commune:luxembourg-city,served_by,true
L-1257,lu:commune:luxembourg-city,served_by,true
L-1258,lu:commune:luxembourg-city,served_by,true
L-1259,lu:commune:niederanven,served_by,true
L-1260,lu:commune:luxembourg-city,served_by,true
L-1261,lu:commune:luxembourg-city,served_by,true
L-1262,lu:commune:luxembourg-city,served_by,true
L-1263,lu:commune:luxembourg-city,served_by,true
L-1264,lu:commune:luxembourg-city,served_by,true
L-1265,lu:commune:luxembourg-city,served_by,true
L-1266,lu:commune:luxembourg-city,served_by,true
L-1267,lu:commune:luxembourg-city,served_by,true
L-1268,lu:commune:luxembourg-city,served_by,true
L-1269,lu:commune:luxembourg-city,served_by,true
L-1270,lu:commune:luxembourg-city,served_by,true
L-1271,lu:commune:luxembourg-city,served_by,true
L-1272,lu:commune:luxembourg-city,served_by,true
L-1273,lu:commune:luxembourg-city,served_by,true
L-1274,lu:commune:hesperange,served_by,true
L-1275,lu:commune:luxembourg-city,served_by,true
L-1276,lu:commune:luxembourg-city,served_by,true
L-1277,lu:commune:luxembourg-city,served_by,true
L-1278,lu:commune:luxembourg-city,served_by,true
L-1279,lu:commune:luxembourg-city,served_by,true
L-1280,lu:commune:luxembourg-city,served_by,true
L-1281,lu:commune:luxembourg-city,served_by,true
L-1282,lu:commune:luxembourg-city,served_by,true
L-1283,lu:commune:luxembourg-city,served_by,true
L-1309,lu:commune:luxembourg-city,served_by,true
L-1310,lu:commune:luxembourg-city,served_by,true
L-1311,lu:commune:luxembourg-city,served_by,true
L-1312,lu:commune:luxembourg-city,served_by,true
L-1313,lu:commune:luxembourg-city,served_by,true
L-1314,lu:commune:luxembourg-city,served_by,true
L-1315,lu:commune:luxembourg-city,served_by,true
L-1316,lu:commune:luxembourg-city,served_by,true
L-1317,lu:commune:luxembourg-city,served_by,true
L-1318,lu:commune:luxembourg-city,served_by,true
L-1319,lu:commune:luxembourg-city,served_by,true
L-1320,lu:commune:luxembourg-city,served_by,true
L-1321,lu:commune:luxembourg-city,served_by,true
L-1322,lu:commune:luxembourg-city,served_by,true
L-1323,lu:commune:luxembourg-city,served_by,true
L-1324,lu:commune:luxembourg-city,served_by,true
L-1325,lu:commune:luxembourg-city,served_by,true
L-1326,lu:commune:luxembourg-city,served_by,true
L-1327,lu:commune:luxembourg-city,served_by,true
L-1328,lu:commune:luxembourg-city,served_by,true
L-1329,lu:commune:luxembourg-city,served_by,true
L-1330,lu:commune:luxembourg-city,served_by,true
L-1331,lu:commune:luxembourg-city,served_by,true
L-1332,lu:commune:luxembourg-city,served_by,true
L-1333,lu:commune:luxembourg-city,served_by,true
L-1334,lu:commune:luxembourg-city,served_by,true
L-1335,lu:commune:luxembourg-city,served_by,true
L-1336,lu:commune:luxembourg-city,served_by,true
L-1337,lu:commune:luxembourg-city,served_by,true
L-1338,lu:commune:luxembourg-city,served_by,true
L-1339,lu:commune:luxembourg-city,served_by,true
L-1340,lu:commune:luxembourg-city,served_by,true
L-1341,lu:commune:luxembourg-city,served_by,true
L-1342,lu:commune:luxembourg-city,served_by,true
L-1343,lu:commune:luxembourg-city,served_by,true
L-1344,lu:commune:luxembourg-city,served_by,true
L-1345,lu:commune:luxembourg-city,served_by,true
L-1346,lu:commune:luxembourg-city,served_by,true
L-1347,lu:commune:luxembourg-city,served_by,true
L-1348,lu:commune:luxembourg-city,served_by,true
L-1349,lu:commune:luxembourg-city,served_by,true
L-1350,lu:commune:hesperange,served_by,true
L-1351,lu:commune:luxembourg-city,served_by,true
L-1352,lu:commune:luxembourg-city,served_by,true
L-1353,lu:commune:hesperange,served_by,true
L-1354,lu:commune:luxembourg-city,served_by,true
L-1355,lu:commune:luxembourg-city,served_by,true
L-1356,lu:commune:luxembourg-city,served_by,true
L-1357,lu:commune:luxembourg-city,served_by,true
L-1358,lu:commune:luxembourg-city,served_by,true
L-1359,lu:commune:luxembourg-city,served_by,true
L-1361,lu:commune:luxembourg-city,served_by,true
L-1362,lu:commune:luxembourg-city,served_by,true
L-1363,lu:commune:hesperange,served_by,true
L-1364,lu:commune:luxembourg-city,served_by,true
L-1365,lu:commune:luxembourg-city,served_by,true
L-1366,lu:commune:luxembourg-city,served_by,true
L-1367,lu:commune:luxembourg-city,served_by,true
L-1368,lu:commune:luxembourg-city,served_by,true
L-1369,lu:commune:luxembourg-city,served_by,true
L-1370,lu:commune:luxembourg-city,served_by,true
L-1370,lu:commune:strassen,served_by,false
L-1371,lu:commune:luxembourg-city,served_by,true
L-1372,lu:commune:luxembourg-city,served_by,true
L-1373,lu:commune:luxembourg-city,served_by,true
L-1374,lu:commune:luxembourg-city,served_by,true
L-1375,lu:commune:luxembourg-city,served_by,true
L-1376,lu:commune:luxembourg-city,served_by,true
L-1409,lu:commune:luxembourg-city,served_by,true
L-1411,lu:commune:luxembourg-city,served_by,true
L-1412,lu:commune:luxembourg-city,served_by,true
L-1413,lu:commune:luxembourg-city,served_by,true
L-1414,lu:commune:luxembourg-city,served_by,true
L-1415,lu:commune:luxembourg-city,served_by,true
L-1416,lu:commune:luxembourg-city,served_by,true
L-1417,lu:commune:luxembourg-city,served_by,true
L-1418,lu:commune:luxembourg-city,served_by,true
L-1419,lu:commune:luxembourg-city,served_by,true
L-1420,lu:commune:luxembourg-city,served_by,true
L-1421,lu:commune:luxembourg-city,served_by,true
L-1422,lu:commune:luxembourg-city,served_by,true
L-1423,lu:commune:hesperange,served_by,true
L-1424,lu:commune:luxembourg-city,served_by,true
L-1425,lu:commune:luxembourg-city,served_by,true
L-1426,lu:commune:luxembourg-city,served_by,true
L-1427,lu:commune:luxembourg-city,served_by,true
L-1428,lu:commune:luxembourg-city,served_by,true
L-1429,lu:commune:luxembourg-city,served_by,true
L-1430,lu:commune:luxembourg-city,served_by,true
L-1431,lu:commune:luxembourg-city,served_by,true
L-1432,lu:commune:luxembourg-city,served_by,true
L-1433,lu:commune:luxembourg-city,served_by,true
L-1434,lu:commune:luxembourg-city,served_by,true
L-1445,lu:commune:strassen,served_by,true
L-1448,lu:commune:niederanven,served_by,true
L-1449,lu:commune:luxembourg-city,served_by,true
L-1450,lu:commune:luxembourg-city,served_by,true
L-1451,lu:commune:luxembourg-city,served_by,true
L-1452,lu:commune:luxembourg-city,served_by,true
L-1453,lu:commune:luxembourg-city,served_by,true
L-1454,lu:commune:luxembourg-city,served_by,true
L-1455,lu:commune:hesperange,served_by,true
L-1456,lu:commune:luxembourg-city,served_by,true
L-1457,lu:commune:luxembourg-city,served_by,true
L-1458,lu:commune:luxembourg-city,served_by,true
L-1459,lu:commune:luxembourg-city,served_by,true
L-1460,lu:commune:luxembourg-city,served_by,true
L-1461,lu:commune:luxembourg-city,served_by,true
L-1462,lu:commune:luxembourg-city,served_by,true
L-1463,lu:commune:luxembourg-city,served_by,true
L-1464,lu:commune:luxembourg-city,served_by,true
L-1465,lu:commune:luxembourg-city,served_by,true
L-1466,lu:commune:luxembourg-city,served_by,true
L-1467,lu:commune:hesperange,served_by,true
L-1468,lu:commune:luxembourg-city,served_by,true
L-1469,lu:commune:luxembourg-city,served_by,true
L-1470,lu:commune:luxembourg-city,served_by,true
L-1471,lu:commune:luxembourg-city,served_by,true
L-1472,lu:commune:luxembourg-city,served_by,true
L-1473,lu:commune:luxembourg-city,served_by,true
L-1474,lu:commune:luxembourg-city,served_by,true
L-1475,lu:commune:luxembourg-city,served_by,true
L-1476,lu:commune:luxembourg-city,served_by,true
L-1477,lu:commune:luxembourg-city,served_by,true
L-1478,lu:commune:luxembourg-city,served_by,true
L-1479,lu:commune:luxembourg-city,served_by,true
L-1480,lu:commune:luxembourg-city,served_by,true
L-1481,lu:commune:luxembourg-city,served_by,true
L-1482,lu:commune:luxembourg-city,served_by,true
L-1483,lu:commune:strassen,served_by,true
L-1484,lu:commune:luxembourg-city,served_by,true
L-1490,lu:commune:luxembourg-city,served_by,true
L-1499,lu:commune:luxembourg-city,served_by,true
L-1508,lu:commune:hesperange,served_by,true
L-1509,lu:commune:luxembourg-city,served_by,true
L-1510,lu:commune:luxembourg-city,served_by,true
L-1511,lu:commune:luxembourg-city,served_by,true
L-1512,lu:commune:luxembourg-city,served_by,true
L-1512,lu:commune:strassen,served_by,false
L-1513,lu:commune:luxembourg-city,served_by,true
L-1514,lu:commune:luxembourg-city,served_by,true
L-1515,lu:commune:luxembourg-city,served_by,true
L-1516,lu:commune:luxembourg-city,served_by,true
L-1517,lu:commune:luxembourg-city,served_by,true
L-1518,lu:commune:luxembourg-city,served_by,true
L-1519,lu:commune:luxembourg-city,served_by,true
L-1520,lu:commune:luxembourg-city,served_by,true
L-1521,lu:commune:luxembourg-city,served_by,true
L-1522,lu:commune:luxembourg-city,served_by,true
L-1523,lu:commune:sandweiler,served_by,true
L-1524,lu:commune:luxembourg-city,served_by,true
L-1525,lu:commune:luxembourg-city,served_by,true
L-1525,lu:commune:strassen,served_by,false
L-1526,lu:commune:luxembourg-city,served_by,true
L-1527,lu:commune:luxembourg-city,served_by,true
L-1528,lu:commune:luxembourg-city,served_by,true
L-1529,lu:commune:luxembourg-city,served_by,true
L-1530,lu:commune:luxembourg-city,served_by,true
L-1531,lu:commune:luxembourg-city,served_by,true
L-1532,lu:commune:luxembourg-city,served_by,true
L-1533,lu:commune:luxembourg-city,served_by,true
L-1534,lu:commune:luxembourg-city,served_by,true
L-1535,lu:commune:luxembourg-city,served_by,true
L-1536,lu:commune:luxembourg-city,served_by,true
L-1537,lu:commune:luxembourg-city,served_by,true
L-1538,lu:commune:luxembourg-city,served_by,true
L-1539,lu:commune:luxembourg-city,served_by,true
L-1540,lu:commune:luxembourg-city,served_by,true
L-1541,lu:commune:luxembourg-city,served_by,true
L-1542,lu:commune:luxembourg-city,served_by,true
L-1543,lu:commune:luxembourg-city,served_by,true
L-1544,lu:commune:luxembourg-city,served_by,true
L-1545,lu:commune:luxembourg-city,served_by,true
L-1546,lu:commune:luxembourg-city,served_by,true
L-1547,lu:commune:luxembourg-city,served_by,true
L-1548,lu:commune:luxembourg-city,served_by,true
L-1549,lu:commune:luxembourg-city,served_by,true
L-1550,lu:commune:luxembourg-city,served_by,true
L-1551,lu:commune:luxembourg-city,served_by,true
L-1552,lu:commune:luxembourg-city,served_by,true
L-1553,lu:commune:luxembourg-city,served_by,true
L-1554,lu:commune:luxembourg-city,served_by,true
L-1610,lu:commune:luxembourg-city,served_by,true
L-1611,lu:commune:luxembourg-city,served_by,true
L-1613,lu:commune:luxembourg-city,served_by,true
L-1615,lu:commune:luxembourg-city,served_by,true
L-1616,lu:commune:luxembourg-city,served_by,true
L-1617,lu:commune:luxembourg-city,served_by,true
L-1618,lu:commune:luxembourg-city,served_by,true
L-1619,lu:commune:luxembourg-city,served_by,true
L-1620,lu:commune:luxembourg-city,served_by,true
L-1621,lu:commune:luxembourg-city,served_by,true
L-1622,lu:commune:luxembourg-city,served_by,true
L-1623,lu:commune:luxembourg-city,served_by,true
L-1624,lu:commune:luxembourg-city,served_by,true
L-1625,lu:commune:hesperange,served_by,true
L-1626,lu:commune:luxembourg-city,served_by,true
L-1627,lu:commune:luxembourg-city,served_by,true
L-1628,lu:commune:luxembourg-city,served_by,true
L-1629,lu:commune:luxembourg-city,served_by,true
L-1630,lu:commune:luxembourg-city,served_by,true
L-1631,lu:commune:luxembourg-city,served_by,true
L-1632,lu:commune:luxembourg-city,served_by,true
L-1633,lu:commune:luxembourg-city,served_by,true
L-1634,lu:commune:luxembourg-city,served_by,true
L-1635,lu:commune:luxembourg-city,served_by,true
L-1636,lu:commune:luxembourg-city,served_by,true
L-1637,lu:commune:luxembourg-city,served_by,true
L-1638,lu:commune:niederanven,served_by,true
L-1639,lu:commune:luxembourg-city,served_by,true
L-1640,lu:commune:luxembourg-city,served_by,true
L-1641,lu:commune:luxembourg-city,served_by,true
L-1642,lu:commune:luxembourg-city,served_by,true
L-1643,lu:commune:luxembourg-city,served_by,true
L-1644,lu:commune:luxembourg-city,served_by,true
L-1645,lu:commune:luxembourg-city,served_by,true
L-1646,lu:commune:niederanven,served_by,true
L-1647,lu:commune:luxembourg-city,served_by,true
L-1648,lu:commune:luxembourg-city,served_by,true
L-1649,lu:commune:luxembourg-city,served_by,true
L-1650,lu:commune:luxembourg-city,served_by,true
L-1651,lu:commune:luxembourg-city,served_by,true
L-1652,lu:commune:luxembourg-city,served_by,true
L-1653,lu:commune:luxembourg-city,served_by,true
L-1654,lu:commune:luxembourg-city,served_by,true
L-1655,lu:commune:luxembourg-city,served_by,true
L-1656,lu:commune:luxembourg-city,served_by,true
L-1660,lu:commune:luxembourg-city,served_by,true
L-1661,lu:commune:luxembourg-city,served_by,true
L-1670,lu:commune:niederanven,served_by,true
L-1709,lu:commune:niederanven,served_by,true
L-1710,lu:commune:luxembourg-city,served_by,true
L-1711,lu:commune:luxembourg-city,served_by,true
L-1712,lu:commune:luxembourg-city,served_by,true
L-1713,lu:commune:luxembourg-city,served_by,true
L-1714,lu:commune:luxembourg-city,served_by,true
L-1715,lu:commune:luxembourg-city,served_by,true
L-1716,lu:commune:luxembourg-city,served_by,true
L-1717,lu:commune:luxembourg-city,served_by,true
L-1718,lu:commune:luxembourg-city,served_by,true
L-1719,lu:commune:luxembourg-city,served_by,true
L-1720,lu:commune:luxembourg-city,served_by,true
L-1721,lu:commune:luxembourg-city,served_by,true
L-1722,lu:commune:luxembourg-city,served_by,true
L-1723,lu:commune:luxembourg-city,served_by,true
L-1724,lu:commune:luxembourg-city,served_by,true
L-1725,lu:commune:luxembourg-city,served_by,true
L-1726,lu:commune:luxembourg-city,served_by,true
L-1727,lu:commune:luxembourg-city,served_by,true
L-1728,lu:commune:luxembourg-city,served_by,true
L-1729,lu:commune:luxembourg-city,served_by,true
L-1730,lu:commune:luxembourg-city,served_by,true
L-1731,lu:commune:luxembourg-city,served_by,true
L-1732,lu:commune:luxembourg-city,served_by,true
L-1733,lu:commune:luxembourg-city,served_by,true
L-1734,lu:commune:luxembourg-city,served_by,true
L-1735,lu:commune:luxembourg-city,served_by,true
L-1736,lu:commune:niederanven,served_by,true
L-1737,lu:commune:luxembourg-city,served_by,true
L-1738,lu:commune:luxembourg-city,served_by,true
L-1739,lu:commune:luxembourg-city,served_by,true
L-1740,lu:commune:luxembourg-city,served_by,true
L-1741,lu:commune:luxembourg-city,served_by,true
L-1742,lu:commune:luxembourg-city,served_by,true
L-1743,lu:commune:luxembourg-city,served_by,true
L-1744,lu:commune:luxembourg-city,served_by,true
L-1745,lu:commune:luxembourg-city,served_by,true
L-1746,lu:commune:luxembourg-city,served_by,true
L-1747,lu:commune:luxembourg-city,served_by,true
L-1748,lu:commune:niederanven,served_by,true
L-1749,lu:commune:hesperange,served_by,true
L-1750,lu:commune:luxembourg-city,served_by,true
L-1751,lu:commune:sandweiler,served_by,true
L-1752,lu:commune:luxembourg-city,served_by,true
L-1753,lu:commune:luxembourg-city,served_by,true
L-1754,lu:commune:luxembourg-city,served_by,true
L-1811,lu:commune:luxembourg-city,served_by,true
L-1812,lu:commune:luxembourg-city,served_by,true
L-1813,lu:commune:hesperange,served_by,true
L-1814,lu:commune:luxembourg-city,served_by,true
L-1815,lu:commune:luxembourg-city,served_by,true
L-1816,lu:commune:hesperange,served_by,true
L-1817,lu:commune:luxembourg-city,served_by,true
L-1818,lu:commune:hesperange,served_by,true
L-1820,lu:commune:luxembourg-city,served_by,true
L-1821,lu:commune:luxembourg-city,served_by,true
L-1822,lu:commune:luxembourg-city,served_by,true
L-1831,lu:commune:luxembourg-city,served_by,true
L-1832,lu:commune:luxembourg-city,served_by,true
L-1833,lu:commune:luxembourg-city,served_by,true
L-1834,lu:commune:luxembourg-city,served_by,true
L-1835,lu:commune:luxembourg-city,served_by,true
L-1836,lu:commune:luxembourg-city,served_by,true
L-1837,lu:commune:luxembourg-city,served_by,true
L-1838,lu:commune:luxembourg-city,served_by,true
L-1839,lu:commune:luxembourg-city,served_by,true
L-1840,lu:commune:luxembourg-city,served_by,true
L-1841,lu:commune:luxembourg-city,served_by,true
L-1842,lu:commune:hesperange,served_by,true
L-1845,lu:commune:luxembourg-city,served_by,true
L-1850,lu:commune:luxembourg-city,served_by,true
L-1851,lu:commune:luxembourg-city,served_by,true
L-1852,lu:commune:luxembourg-city,served_by,true
L-1853,lu:commune:luxembourg-city,served_by,true
L-1854,lu:commune:luxembourg-city,served_by,true
L-1855,lu:commune:luxembourg-city,served_by,true
L-1856,lu:commune:luxembourg-city,served_by,true
L-1857,lu:commune:luxembourg-city,served_by,true
L-1858,lu:commune:luxembourg-city,served_by,true
L-1859,lu:commune:luxembourg-city,served_by,true
L-1860,lu:commune:luxembourg-city,served_by,true
L-1861,lu:commune:luxembourg-city,served_by,true
L-1862,lu:commune:luxembourg-city,served_by,true
L-1863,lu:commune:luxembourg-city,served_by,true
L-1864,lu:commune:luxembourg-city,served_by,true
L-1865,lu:commune:luxembourg-city,served_by,true
L-1866,lu:commune:luxembourg-city,served_by,true
L-1867,lu:commune:hesperange,served_by,true
L-1868,lu:commune:luxembourg-city,served_by,true
L-1869,lu:commune:luxembourg-city,served_by,true
L-1870,lu:commune:luxembourg-city,served_by,true
L-1871,lu:commune:luxembourg-city,served_by,true
L-1872,lu:commune:luxembourg-city,served_by,true
L-1873,lu:commune:luxembourg-city,served_by,true
L-1874,lu:commune:luxembourg-city,served_by,true
L-1875,lu:commune:luxembourg-city,served_by,true
L-1880,lu:commune:luxembourg-city,served_by,true
L-1881,lu:commune:luxembourg-city,served_by,true
L-1882,lu:commune:luxembourg-city,served_by,true
L-1896,lu:commune:roeser,served_by,true
L-1897,lu:commune:roeser,served_by,true
L-1898,lu:commune:roeser,served_by,true
L-1899,lu:commune:luxembourg-city,served_by,true
L-1899,lu:commune:roeser,served_by,false
L-1910,lu:commune:luxembourg-city,served_by,true
L-1911,lu:commune:luxembourg-city,served_by,true
L-1912,lu:commune:luxembourg-city,served_by,true
L-1913,lu:commune:luxembourg-city,served_by,true
L-1914,lu:commune:luxembourg-city,served_by,true
L-1915,lu:commune:luxembourg-city,served_by,true
L-1916,lu:commune:luxembourg-city,served_by,true
L-1917,lu:commune:luxembourg-city,served_by,true
L-1918,lu:commune:luxembourg-city,served_by,true
L-1919,lu:commune:luxembourg-city,served_by,true
L-1920,lu:commune:luxembourg-city,served_by,true
L-1921,lu:commune:luxembourg-city,served_by,true
L-1922,lu:commune:luxembourg-city,served_by,true
L-1923,lu:commune:luxembourg-city,served_by,true
L-1924,lu:commune:luxembourg-city,served_by,true
L-1925,lu:commune:luxembourg-city,served_by,true
L-1926,lu:commune:luxembourg-city,served_by,true
L-1927,lu:commune:luxembourg-city,served_by,true
L-1928,lu:commune:luxembourg-city,served_by,true
L-1929,lu:commune:luxembourg-city,served_by,true
L-1930,lu:commune:luxembourg-city,served_by,true
L-1931,lu:commune:luxembourg-city,served_by,true
L-1932,lu:commune:luxembourg-city,served_by,true
L-1933,lu:commune:luxembourg-city,served_by,true
L-1934,lu:commune:luxembourg-city,served_by,true
L-1935,lu:commune:luxembourg-city,served_by,true
L-1936,lu:commune:luxembourg-city,served_by,true
L-1937,lu:commune:luxembourg-city,served_by,true
L-1938,lu:commune:luxembourg-city,served_by,true
L-1939,lu:commune:luxembourg-city,served_by,true
L-1940,lu:commune:luxembourg-city,served_by,true
L-1941,lu:commune:luxembourg-city,served_by,true
L-1942,lu:commune:luxembourg-city,served_by,true
L-1943,lu:commune:luxembourg-city,served_by,true
L-1944,lu:commune:luxembourg-city,served_by,true
L-1945,lu:commune:luxembourg-city,served_by,true
L-1946,lu:commune:luxembourg-city,served_by,true
L-1947,lu:commune:luxembourg-city,served_by,true
L-1948,lu:commune:luxembourg-city,served_by,true
L-1949,lu:commune:hesperange,served_by,true
L-1950,lu:commune:luxembourg-city,served_by,true
L-1951,lu:commune:luxembourg-city,served_by,true
L-1952,lu:commune:luxembourg-city,served_by,true
L-1953,lu:commune:luxembourg-city,served_by,true
L-1954,lu:commune:luxembourg-city,served_by,true
L-1955,lu:commune:luxembourg-city,served_by,true
L-2110,lu:commune:luxembourg-city,served_by,true
L-2111,lu:commune:luxembourg-city,served_by,true
L-2112,lu:commune:hesperange,served_by,true
L-2113,lu:commune:luxembourg-city,served_by,true
L-2114,lu:commune:luxembourg-city,served_by,true
L-2115,lu:commune:luxembourg-city,served_by,true
L-2116,lu:commune:luxembourg-city,served_by,true
L-2117,lu:commune:luxembourg-city,served_by,true
L-2118,lu:commune:luxembourg-city,served_by,true
L-2119,lu:commune:luxembourg-city,served_by,true
L-2120,lu:commune:luxembourg-city,served_by,true
L-2121,lu:commune:luxembourg-city,served_by,true
L-2122,lu:commune:luxembourg-city,served_by,true
L-2123,lu:commune:luxembourg-city,served_by,true
L-2124,lu:commune:luxembourg-city,served_by,true
L-2125,lu:commune:luxembourg-city,served_by,true
L-2127,lu:commune:luxembourg-city,served_by,true
L-2128,lu:commune:luxembourg-city,served_by,true
L-2129,lu:commune:hesperange,served_by,true
L-2130,lu:commune:luxembourg-city,served_by,true
L-2131,lu:commune:luxembourg-city,served_by,true
L-2132,lu:commune:luxembourg-city,served_by,true
L-2133,lu:commune:luxembourg-city,served_by,true
L-2134,lu:commune:luxembourg-city,served_by,true
L-2135,lu:commune:luxembourg-city,served_by,true
L-2136,lu:commune:luxembourg-city,served_by,true
L-2137,lu:commune:luxembourg-city,served_by,true
L-2138,lu:commune:luxembourg-city,served_by,true
L-2139,lu:commune:luxembourg-city,served_by,true
L-2140,lu:commune:luxembourg-city,served_by,true
L-2141,lu:commune:luxembourg-city,served_by,true
L-2142,lu:commune:luxembourg-city,served_by,true
L-2143,lu:commune:luxembourg-city,served_by,true
L-2144,lu:commune:luxembourg-city,served_by,true
L-2145,lu:commune:luxembourg-city,served_by,true
L-2146,lu:commune:luxembourg-city,served_by,true
L-2147,lu:commune:luxembourg-city,served_by,true
L-2148,lu:commune:luxembourg-city,served_by,true
L-2149,lu:commune:luxembourg-city,served_by,true
L-2150,lu:commune:luxembourg-city,served_by,true
L-2151,lu:commune:luxembourg-city,served_by,true
L-2152,lu:commune:luxembourg-city,served_by,true
L-2153,lu:commune:luxembourg-city,served_by,true
L-2154,lu:commune:luxembourg-city,served_by,true
L-2155,lu:commune:luxembourg-city,served_by,true
L-2156,lu:commune:luxembourg-city,served_by,true
L-2157,lu:commune:luxembourg-city,served_by,true
L-2158,lu:commune:luxembourg-city,served_by,true
L-2159,lu:commune:luxembourg-city,served_by,true
L-2160,lu:commune:luxembourg-city,served_by,true
L-2161,lu:commune:luxembourg-city,served_by,true
L-2162,lu:commune:luxembourg-city,served_by,true
L-2163,lu:commune:luxembourg-city,served_by,true
L-2164,lu:commune:luxembourg-city,served_by,true
L-2165,lu:commune:luxembourg-city,served_by,true
L-2166,lu:commune:luxembourg-city,served_by,true
L-2167,lu:commune:luxembourg-city,served_by,true
L-2168,lu:commune:luxembourg-city,served_by,true
L-2169,lu:commune:luxembourg-city,served_by,true
L-2170,lu:commune:niederanven,served_by,true
L-2171,lu:commune:luxembourg-city,served_by,true
L-2172,lu:commune:luxembourg-city,served_by,true
L-2173,lu:commune:luxembourg-city,served_by,true
L-2174,lu:commune:luxembourg-city,served_by,true
L-2175,lu:commune:luxembourg-city,served_by,true
L-2176,lu:commune:luxembourg-city,served_by,true
L-2177,lu:commune:luxembourg-city,served_by,true
L-2178,lu:commune:luxembourg-city,served_by,true
L-2179,lu:commune:luxembourg-city,served_by,true
L-2180,lu:commune:luxembourg-city,served_by,true
L-2181,lu:commune:luxembourg-city,served_by,true
L-2182,lu:commune:luxembourg-city,served_by,true
L-2183,lu:commune:luxembourg-city,served_by,true
L-2184,lu:commune:luxembourg-city,served_by,true
L-2185,lu:commune:luxembourg-city,served_by,true
L-2186,lu:commune:luxembourg-city,served_by,true
L-2210,lu:commune:luxembourg-city,served_by,true
L-2211,lu:commune:luxembourg-city,served_by,true
L-2212,lu:commune:luxembourg-city,served_by,true
L-2213,lu:commune:luxembourg-city,served_by,true
L-2214,lu:commune:luxembourg-city,served_by,true
L-2215,lu:commune:luxembourg-city,served_by,true
L-2220,lu:commune:luxembourg-city,served_by,true
L-2221,lu:commune:luxembourg-city,served_by,true
L-2222,lu:commune:luxembourg-city,served_by,true
L-2223,lu:commune:luxembourg-city,served_by,true
L-2224,lu:commune:luxembourg-city,served_by,true
L-2225,lu:commune:luxembourg-city,served_by,true
L-2226,lu:commune:luxembourg-city,served_by,true
L-2227,lu:commune:luxembourg-city,served_by,true
L-2228,lu:commune:luxembourg-city,served_by,true
L-2229,lu:commune:luxembourg-city,served_by,true
L-2230,lu:commune:luxembourg-city,served_by,true
L-2231,lu:commune:luxembourg-city,served_by,true
L-2232,lu:commune:luxembourg-city,served_by,true
L-2233,lu:commune:luxembourg-city,served_by,true
L-2234,lu:commune:luxembourg-city,served_by,true
L-2240,lu:commune:luxembourg-city,served_by,true
L-2241,lu:commune:luxembourg-city,served_by,true
L-2242,lu:commune:luxembourg-city,served_by,true
L-2243,lu:commune:luxembourg-city,served_by,true
L-2261,lu:commune:luxembourg-city,served_by,true
L-2262,lu:commune:luxembourg-city,served_by,true
L-2263,lu:commune:luxembourg-city,served_by,true
L-2265,lu:commune:luxembourg-city,served_by,true
L-2266,lu:commune:luxembourg-city,served_by,true
L-2267,lu:commune:luxembourg-city,served_by,true
L-2268,lu:commune:luxembourg-city,served_by,true
L-2269,lu:commune:luxembourg-city,served_by,true
L-2270,lu:commune:luxembourg-city,served_by,true
L-2271,lu:commune:luxembourg-city,served_by,true
L-2272,lu:commune:hesperange,served_by,true
L-2273,lu:commune:luxembourg-city,served_by,true
L-2308,lu:commune:luxembourg-city,served_by,true
L-2309,lu:commune:luxembourg-city,served_by,true
L-2310,lu:commune:luxembourg-city,served_by,true
L-2311,lu:commune:luxembourg-city,served_by,true
L-2312,lu:commune:luxembourg-city,served_by,true
L-2313,lu:commune:luxembourg-city,served_by,true
L-2314,lu:commune:luxembourg-city,served_by,true
L-2315,lu:commune:niederanven,served_by,true
L-2316,lu:commune:luxembourg-city,served_by,true
L-2317,lu:commune:hesperange,served_by,true
L-2318,lu:commune:luxembourg-city,served_by,true
L-2319,lu:commune:hesperange,served_by,true
L-2320,lu:commune:luxembourg-city,served_by,true
L-2322,lu:commune:luxembourg-city,served_by,true
L-2323,lu:commune:luxembourg-city,served_by,true
L-2324,lu:commune:luxembourg-city,served_by,true
L-2326,lu:commune:luxembourg-city,served_by,true
L-2327,lu:commune:luxembourg-city,served_by,true
L-2328,lu:commune:luxembourg-city,served_by,true
L-2329,lu:commune:luxembourg-city,served_by,true
L-2330,lu:commune:luxembourg-city,served_by,true
L-2331,lu:commune:luxembourg-city,served_by,true
L-2332,lu:commune:luxembourg-city,served_by,true
L-2333,lu:commune:luxembourg-city,served_by,true
L-2334,lu:commune:luxembourg-city,served_by,true
L-2335,lu:commune:luxembourg-city,served_by,true
L-2336,lu:commune:luxembourg-city,served_by,true
L-2337,lu:commune:luxembourg-city,served_by,true
L-2338,lu:commune:luxembourg-city,served_by,true
L-2339,lu:commune:luxembourg-city,served_by,true
L-2340,lu:commune:luxembourg-city,served_by,true
L-2341,lu:commune:luxembourg-city,served_by,true
L-2342,lu:commune:luxembourg-city,served_by,true
L-2343,lu:commune:luxembourg-city,served_by,true
L-2344,lu:commune:luxembourg-city,served_by,true
L-2345,lu:commune:luxembourg-city,served_by,true
L-2346,lu:commune:luxembourg-city,served_by,true
L-2347,lu:commune:luxembourg-city,served_by,true
L-2348,lu:commune:luxembourg-city,served_by,true
L-2349,lu:commune:luxembourg-city,served_by,true
L-2350,lu:commune:luxembourg-city,served_by,true
L-2351,lu:commune:luxembourg-city,served_by,true
L-2352,lu:commune:luxembourg-city,served_by,true
L-2353,lu:commune:luxembourg-city,served_by,true
L-2354,lu:commune:luxembourg-city,served_by,true
L-2355,lu:commune:luxembourg-city,served_by,true
L-2356,lu:commune:luxembourg-city,served_by,true
L-2357,lu:commune:niederanven,served_by,true
L-2358,lu:commune:luxembourg-city,served_by,true
L-2359,lu:commune:luxembourg-city,served_by,true
L-2360,lu:commune:luxembourg-city,served_by,true
L-2361,lu:commune:strassen,served_by,true
L-2370,lu:commune:hesperange,served_by,true
L-2380,lu:commune:luxembourg-city,served_by,true
L-2381,lu:commune:luxembourg-city,served_by,true
L-2409,lu:commune:strassen,served_by,true
L-2410,lu:commune:luxembourg-city,served_by,true
L-2410,lu:commune:strassen,served_by,false
L-2411,lu:commune:luxembourg-city,served_by,true
L-2412,lu:commune:hesperange,served_by,true
L-2412,lu:commune:luxembourg-city,served_by,false
L-2413,lu:commune:luxembourg-city,served_by,true
L-2414,lu:commune:luxembourg-city,served_by,true
L-2415,lu:commune:luxembourg-city,served_by,true
L-2416,lu:commune:hesperange,served_by,true
L-2417,lu:commune:luxembourg-city,served_by,true
L-2418,lu:commune:luxembourg-city,served_by,true
L-2419,lu:commune:luxembourg-city,served_by,true
L-2420,lu:commune:luxembourg-city,served_by,true
L-2422,lu:commune:luxembourg-city,served_by,true
L-2423,lu:commune:luxembourg-city,served_by,true
L-2424,lu:commune:luxembourg-city,served_by,true
L-2425,lu:commune:hesperange,served_by,true
L-2426,lu:commune:luxembourg-city,served_by,true
L-2427,lu:commune:luxembourg-city,served_by,true
L-2428,lu:commune:luxembourg-city,served_by,true
L-2429,lu:commune:luxembourg-city,served_by,true
L-2430,lu:commune:luxembourg-city,served_by,true
L-2431,lu:commune:luxembourg-city,served_by,true
L-2432,lu:commune:luxembourg-city,served_by,true
L-2433,lu:commune:luxembourg-city,served_by,true
L-2434,lu:commune:niederanven,served_by,true
L-2435,lu:commune:luxembourg-city,served_by,true
L-2436,lu:commune:luxembourg-city,served_by,true
L-2440,lu:commune:luxembourg-city,served_by,true
L-2441,lu:commune:luxembourg-city,served_by,true
L-2442,lu:commune:luxembourg-city,served_by,true
L-2443,lu:commune:niederanven,served_by,true
L-2444,lu:commune:luxembourg-city,served_by,true
L-2445,lu:commune:luxembourg-city,served_by,true
L-2446,lu:commune:hesperange,served_by,true
L-2447,lu:commune:luxembourg-city,served_by,true
L-2448,lu:commune:luxembourg-city,served_by,true
L-2449,lu:commune:luxembourg-city,served_by,true
L-2450,lu:commune:luxembourg-city,served_by,true
L-2451,lu:commune:luxembourg-city,served_by,true
L-2452,lu:commune:luxembourg-city,served_by,true
L-2453,lu:commune:luxembourg-city,served_by,true
L-2454,lu:commune:luxembourg-city,served_by,true
L-2455,lu:commune:luxembourg-city,served_by,true
L-2510,lu:commune:strassen,served_by,true
L-2511,lu:commune:luxembourg-city,served_by,true
L-2512,lu:commune:luxembourg-city,served_by,true
L-2513,lu:commune:niederanven,served_by,true
L-2514,lu:commune:luxembourg-city,served_by,true
L-2515,lu:commune:luxembourg-city,served_by,true
L-2516,lu:commune:luxembourg-city,served_by,true
L-2517,lu:commune:luxembourg-city,served_by,true
L-2518,lu:commune:luxembourg-city,served_by,true
L-2519,lu:commune:luxembourg-city,served_by,true
L-2520,lu:commune:luxembourg-city,served_by,true
L-2521,lu:commune:luxembourg-city,served_by,true
L-2522,lu:commune:luxembourg-city,served_by,true
L-2523,lu:commune:luxembourg-city,served_by,true
L-2524,lu:commune:hesperange,served_by,true
L-2525,lu:commune:luxembourg-city,served_by,true
L-2526,lu:commune:luxembourg-city,served_by,true
L-2527,lu:commune:luxembourg-city,served_by,true
L-2528,lu:commune:luxembourg-city,served_by,true
L-2529,lu:commune:hesperange,served_by,true
L-2530,lu:commune:luxembourg-city,served_by,true
L-2531,lu:commune:luxembourg-city,served_by,true
L-2532,lu:commune:luxembourg-city,served_by,true
L-2533,lu:commune:luxembourg-city,served_by,true
L-2534,lu:commune:luxembourg-city,served_by,true
L-2535,lu:commune:luxembourg-city,served_by,true
L-2536,lu:commune:luxembourg-city,served_by,true
L-2537,lu:commune:luxembourg-city,served_by,true
L-2538,lu:commune:luxembourg-city,served_by,true
L-2539,lu:commune:luxembourg-city,served_by,true
L-2540,lu:commune:luxembourg-city,served_by,true
L-2541,lu:commune:luxembourg-city,served_by,true
L-2542,lu:commune:luxembourg-city,served_by,true
L-2543,lu:commune:luxembourg-city,served_by,true
L-2544,lu:commune:luxembourg-city,served_by,true
L-2545,lu:commune:hesperange,served_by,true
L-2546,lu:commune:luxembourg-city,served_by,true
L-2547,lu:commune:luxembourg-city,served_by,true
L-2548,lu:commune:luxembourg-city,served_by,true
L-2549,lu:commune:luxembourg-city,served_by,true
L-2550,lu:commune:luxembourg-city,served_by,true
L-2551,lu:commune:luxembourg-city,served_by,true
L-2552,lu:commune:luxembourg-city,served_by,true
L-2553,lu:commune:luxembourg-city,served_by,true
L-2554,lu:commune:luxembourg-city,served_by,true
L-2555,lu:commune:luxembourg-city,served_by,true
L-2556,lu:commune:luxembourg-city,served_by,true
L-2557,lu:commune:luxembourg-city,served_by,true
L-2558,lu:commune:luxembourg-city,served_by,true
L-2559,lu:commune:luxembourg-city,served_by,true
L-2560,lu:commune:luxembourg-city,served_by,true
L-2561,lu:commune:luxembourg-city,served_by,true
L-2562,lu:commune:luxembourg-city,served_by,true
L-2563,lu:commune:luxembourg-city,served_by,true
L-2564,lu:commune:luxembourg-city,served_by,true
L-2565,lu:commune:luxembourg-city,served_by,true
L-2566,lu:commune:luxembourg-city,served_by,true
L-2567,lu:commune:luxembourg-city,served_by,true
L-2568,lu:commune:luxembourg-city,served_by,true
L-2607,lu:commune:luxembourg-city,served_by,true
L-2608,lu:commune:luxembourg-city,served_by,true
L-2609,lu:commune:luxembourg-city,served_by,true
L-2610,lu:commune:hesperange,served_by,true
L-2610,lu:commune:luxembourg-city,served_by,false
L-2611,lu:commune:hesperange,served_by,true
L-2611,lu:commune:luxembourg-city,served_by,false
L-2612,lu:commune:luxembourg-city,served_by,true
L-2613,lu:commune:luxembourg-city,served_by,true
L-2614,lu:commune:luxembourg-city,served_by,true
L-2615,lu:commune:luxembourg-city,served_by,true
L-2616,lu:commune:luxembourg-city,served_by,true
L-2617,lu:commune:luxembourg-city,served_by,true
L-2619,lu:commune:luxembourg-city,served_by,true
L-2620,lu:commune:luxembourg-city,served_by,true
L-2621,lu:commune:luxembourg-city,served_by,true
L-2622,lu:commune:luxembourg-city,served_by,true
L-2623,lu:commune:luxembourg-city,served_by,true
L-2624,lu:commune:luxembourg-city,served_by,true
L-2625,lu:commune:luxembourg-city,served_by,true
L-2626,lu:commune:luxembourg-city,served_by,true
L-2627,lu:commune:luxembourg-city,served_by,true
L-2628,lu:commune:luxembourg-city,served_by,true
L-2629,lu:commune:luxembourg-city,served_by,true
L-2630,lu:commune:luxembourg-city,served_by,true
L-2631,lu:commune:luxembourg-city,served_by,true
L-2632,lu:commune:sandweiler,served_by,true
L-2633,lu:commune:niederanven,served_by,true
L-2634,lu:commune:luxembourg-city,served_by,true
L-2635,lu:commune:luxembourg-city,served_by,true
L-2636,lu:commune:luxembourg-city,served_by,true
L-2637,lu:commune:luxembourg-city,served_by,true
L-2651,lu:commune:luxembourg-city,served_by,true
L-2652,lu:commune:luxembourg-city,served_by,true
L-2653,lu:commune:luxembourg-city,served_by,true
L-2654,lu:commune:luxembourg-city,served_by,true
L-2655,lu:commune:luxembourg-city,served_by,true
L-2661,lu:commune:luxembourg-city,served_by,true
L-2662,lu:commune:luxembourg-city,served_by,true
L-2663,lu:commune:luxembourg-city,served_by,true
L-2664,lu:commune:luxembourg-city,served_by,true
L-2665,lu:commune:luxembourg-city,served_by,true
L-2666,lu:commune:luxembourg-city,served_by,true
L-2667,lu:commune:luxembourg-city,served_by,true
L-2668,lu:commune:luxembourg-city,served_by,true
L-2669,lu:commune:luxembourg-city,served_by,true
L-2670,lu:commune:luxembourg-city,served_by,true
L-2671,lu:commune:luxembourg-city,served_by,true
L-2672,lu:commune:luxembourg-city,served_by,true
L-2673,lu:commune:luxembourg-city,served_by,true
L-2674,lu:commune:luxembourg-city,served_by,true
L-2675,lu:commune:luxembourg-city,served_by,true
L-2680,lu:commune:luxembourg-city,served_by,true
L-2681,lu:commune:luxembourg-city,served_by,true
L-2711,lu:commune:luxembourg-city,served_by,true
L-2712,lu:commune:niederanven,served_by,true
L-2713,lu:commune:luxembourg-city,served_by,true
L-2714,lu:commune:luxembourg-city,served_by,true
L-2715,lu:commune:luxembourg-city,served_by,true
L-2716,lu:commune:luxembourg-city,served_by,true
L-2717,lu:commune:luxembourg-city,served_by,true
L-2718,lu:commune:luxembourg-city,served_by,true
L-2719,lu:commune:luxembourg-city,served_by,true
L-2720,lu:commune:luxembourg-city,served_by,true
L-2721,lu:commune:luxembourg-city,served_by,true
L-2722,lu:commune:luxembourg-city,served_by,true
L-2723,lu:commune:hesperange,served_by,true
L-2724,lu:commune:luxembourg-city,served_by,true
L-2725,lu:commune:luxembourg-city,served_by,true
L-2726,lu:commune:luxembourg-city,served_by,true
L-2727,lu:commune:hesperange,served_by,true
L-2728,lu:commune:luxembourg-city,served_by,true
L-2729,lu:commune:luxembourg-city,served_by,true
L-2730,lu:commune:luxembourg-city,served_by,true
L-2731,lu:commune:luxembourg-city,served_by,true
L-2732,lu:commune:luxembourg-city,served_by,true
L-2733,lu:commune:luxembourg-city,served_by,true
L-2734,lu:commune:luxembourg-city,served_by,true
L-2736,lu:commune:luxembourg-city,served_by,true
L-2737,lu:commune:luxembourg-city,served_by,true
L-2738,lu:commune:luxembourg-city,served_by,true
L-2739,lu:commune:luxembourg-city,served_by,true
L-2740,lu:commune:luxembourg-city,served_by,true
L-2741,lu:commune:luxembourg-city,served_by,true
L-2742,lu:commune:strassen,served_by,true
L-2761,lu:commune:luxembourg-city,served_by,true
L-2762,lu:commune:luxembourg-city,served_by,true
L-2763,lu:commune:luxembourg-city,served_by,true
L-2764,lu:commune:luxembourg-city,served_by,true
L-3201,lu:commune:bettembourg,served_by,true
L-3208,lu:commune:bettembourg,served_by,true
L-3209,lu:commune:bettembourg,served_by,true
L-3210,lu:commune:bettembourg,served_by,true
L-3211,lu:commune:bettembourg,served_by,true
L-3212,lu:commune:bettembourg,served_by,true
L-3213,lu:commune:bettembourg,served_by,true
L-3214,lu:commune:bettembourg,served_by,true
L-3215,lu:commune:bettembourg,served_by,true
L-3216,lu:commune:bettembourg,served_by,true
L-3217,lu:commune:bettembourg,served_by,true
L-3218,lu:commune:bettembourg,served_by,true
L-3219,lu:commune:bettembourg,served_by,true
L-3220,lu:commune:bettembourg,served_by,true
L-3221,lu:commune:bettembourg,served_by,true
L-3222,lu:commune:bettembourg,served_by,true
L-3223,lu:commune:bettembourg,served_by,true
L-3224,lu:commune:bettembourg,served_by,true
L-3225,lu:commune:bettembourg,served_by,true
L-3229,lu:commune:bettembourg,served_by,true
L-3230,lu:commune:bettembourg,served_by,true
L-3231,lu:commune:bettembourg,served_by,true
L-3232,lu:commune:bettembourg,served_by,true
L-3233,lu:commune:bettembourg,served_by,true
L-3234,lu:commune:bettembourg,served_by,true
L-3235,lu:commune:bettembourg,served_by,true
L-3236,lu:commune:bettembourg,served_by,true
L-3237,lu:commune:bettembourg,served_by,true
L-3238,lu:commune:bettembourg,served_by,true
L-3239,lu:commune:bettembourg,served_by,true
L-3240,lu:commune:bettembourg,served_by,true
L-3241,lu:commune:bettembourg,served_by,true
L-3242,lu:commune:bettembourg,served_by,true
L-3243,lu:commune:bettembourg,served_by,true
L-3249,lu:commune:bettembourg,served_by,true
L-3250,lu:commune:bettembourg,served_by,true
L-3251,lu:commune:bettembourg,served_by,true
L-3252,lu:commune:bettembourg,served_by,true
L-3253,lu:commune:bettembourg,served_by,true
L-3254,lu:commune:bettembourg,served_by,true
L-3255,lu:commune:bettembourg,served_by,true
L-3256,lu:commune:bettembourg,served_by,true
L-3257,lu:commune:bettembourg,served_by,true
L-3258,lu:commune:bettembourg,served_by,true
L-3259,lu:commune:bettembourg,served_by,true
L-3260,lu:commune:bettembourg,served_by,true
L-3261,lu:commune:bettembourg,served_by,true
L-3265,lu:commune:bettembourg,served_by,true
L-3266,lu:commune:bettembourg,served_by,true
L-3267,lu:commune:bettembourg,served_by,true
L-3269,lu:commune:bettembourg,served_by,true
L-3270,lu:commune:bettembourg,served_by,true
L-3271,lu:commune:bettembourg,served_by,true
L-3272,lu:commune:bettembourg,served_by,true
L-3273,lu:commune:bettembourg,served_by,true
L-3274,lu:commune:bettembourg,served_by,true
L-3275,lu:commune:bettembourg,served_by,true
L-3276,lu:commune:bettembourg,served_by,true
L-3277,lu:commune:bettembourg,served_by,true
L-3278,lu:commune:bettembourg,served_by,true
L-3279,lu:commune:bettembourg,served_by,true
L-3280,lu:commune:bettembourg,served_by,true
L-3281,lu:commune:bettembourg,served_by,true
L-3282,lu:commune:bettembourg,served_by,true
L-3283,lu:commune:bettembourg,served_by,true
L-3284,lu:commune:bettembourg,served_by,true
L-3285,lu:commune:bettembourg,served_by,true
L-3286,lu:commune:bettembourg,served_by,true
L-3287,lu:commune:bettembourg,served_by,true
L-3288,lu:commune:bettembourg,served_by,true
L-3290,lu:commune:bettembourg,served_by,true
L-3311,lu:commune:bettembourg,served_by,true
L-3313,lu:commune:mondercange,served_by,true
L-3314,lu:commune:mondercange,served_by,true
L-3315,lu:commune:mondercange,served_by,true
L-3316,lu:commune:mondercange,served_by,true
L-3317,lu:commune:mondercange,served_by,true
L-3318,lu:commune:mondercange,served_by,true
L-3320,lu:commune:roeser,served_by,true
L-3321,lu:commune:roeser,served_by,true
L-3322,lu:commune:roeser,served_by,true
L-3323,lu:commune:roeser,served_by,true
L-3324,lu:commune:roeser,served_by,true
L-3325,lu:commune:roeser,served_by,true
L-3326,lu:commune:roeser,served_by,true
L-3327,lu:commune:roeser,served_by,true
L-3328,lu:commune:roeser,served_by,true
L-3329,lu:commune:roeser,served_by,true
L-3330,lu:commune:roeser,served_by,true
L-3332,lu:commune:bettembourg,served_by,true
L-3333,lu:commune:frisange,served_by,true
L-3334,lu:commune:frisange,served_by,true
L-3335,lu:commune:frisange,served_by,true
L-3336,lu:commune:frisange,served_by,true
L-3337,lu:commune:frisange,served_by,true
L-3338,lu:commune:frisange,served_by,true
L-3340,lu:commune:bettembourg,served_by,true
L-3341,lu:commune:bettembourg,served_by,true
L-3345,lu:commune:leudelange,served_by,true
L-3346,lu:commune:leudelange,served_by,true
L-3347,lu:commune:leudelange,served_by,true
L-3348,lu:commune:leudelange,served_by,true
L-3349,lu:commune:leudelange,served_by,true
L-3350,lu:commune:leudelange,served_by,true
L-3351,lu:commune:leudelange,served_by,true
L-3352,lu:commune:leudelange,served_by,true
L-3353,lu:commune:leudelange,served_by,true
L-3354,lu:commune:leudelange,served_by,true
L-3355,lu:commune:leudelange,served_by,true
L-3356,lu:commune:leudelange,served_by,true
L-3357,lu:commune:leudelange,served_by,true
L-3358,lu:commune:leudelange,served_by,true
L-3359,lu:commune:leudelange,served_by,true
L-3360,lu:commune:leudelange,served_by,true
L-3361,lu:commune:leudelange,served_by,true
L-3362,lu:commune:leudelange,served_by,true
L-3363,lu:commune:leudelange,served_by,true
L-3364,lu:commune:leudelange,served_by,true
L-3365,lu:commune:leudelange,served_by,true
L-3366,lu:commune:leudelange,served_by,true
L-3367,lu:commune:leudelange,served_by,true
L-3368,lu:commune:leudelange,served_by,true
L-3369,lu:commune:leudelange,served_by,true
L-3370,lu:commune:leudelange,served_by,true
L-3371,lu:commune:leudelange,served_by,true
L-3372,lu:commune:leudelange,served_by,true
L-3373,lu:commune:leudelange,served_by,true
L-3374,lu:commune:leudelange,served_by,true
L-3375,lu:commune:leudelange,served_by,true
L-3376,lu:commune:leudelange,served_by,true
L-3377,lu:commune:leudelange,served_by,true
L-3378,lu:commune:roeser,served_by,true
L-3380,lu:commune:bettembourg,served_by,true
L-3381,lu:commune:roeser,served_by,true
L-3382,lu:commune:bettembourg,served_by,true
L-3383,lu:commune:bettembourg,served_by,true
L-3384,lu:commune:bettembourg,served_by,true
L-3385,lu:commune:bettembourg,served_by,true
L-3386,lu:commune:bettembourg,served_by,true
L-3389,lu:commune:roeser,served_by,true
L-3390,lu:commune:roeser,served_by,true
L-3391,lu:commune:roeser,served_by,true
L-3392,lu:commune:reckange-sur-mess,served_by,true
L-3393,lu:commune:reckange-sur-mess,served_by,true
L-3394,lu:commune:roeser,served_by,true
L-3395,lu:commune:roeser,served_by,true
L-3396,lu:commune:roeser,served_by,true
L-3397,lu:commune:roeser,served_by,true
L-3398,lu:commune:roeser,served_by,true
L-3401,lu:commune:dudelange,served_by,true
L-3402,lu:commune:dudelange,served_by,true
L-3403,lu:commune:dudelange,served_by,true
L-3409,lu:commune:dudelange,served_by,true
L-3410,lu:commune:dudelange,served_by,true
L-3411,lu:commune:dudelange,served_by,true
L-3412,lu:commune:dudelange,served_by,true
L-3413,lu:commune:dudelange,served_by,true
L-3414,lu:commune:dudelange,served_by,true
L-3415,lu:commune:dudelange,served_by,true
L-3416,lu:commune:dudelange,served_by,true
L-3417,lu:commune:dudelange,served_by,true
L-3418,lu:commune:dudelange,served_by,true
L-3419,lu:commune:dudelange,served_by,true
L-3420,lu:commune:dudelange,served_by,true
L-3421,lu:commune:dudelange,served_by,true
L-3422,lu:commune:dudelange,served_by,true
L-3423,lu:commune:dudelange,served_by,true
L-3424,lu:commune:dudelange,served_by,true
L-3425,lu:commune:dudelange,served_by,true
L-3426,lu:commune:dudelange,served_by,true
L-3427,lu:commune:dudelange,served_by,true
L-3428,lu:commune:dudelange,served_by,true
L-3429,lu:commune:dudelange,served_by,true
L-3430,lu:commune:dudelange,served_by,true
L-3431,lu:commune:dudelange,served_by,true
L-3432,lu:commune:dudelange,served_by,true
L-3433,lu:commune:dudelange,served_by,true
L-3434,lu:commune:dudelange,served_by,true
L-3435,lu:commune:dudelange,served_by,true
L-3436,lu:commune:dudelange,served_by,true
L-3437,lu:commune:dudelange,served_by,true
L-3439,lu:commune:dudelange,served_by,true
L-3440,lu:commune:dudelange,served_by,true
L-3441,lu:commune:dudelange,served_by,true
L-3442,lu:commune:dudelange,served_by,true
L-3443,lu:commune:dudelange,served_by,true
L-3444,lu:commune:dudelange,served_by,true
L-3445,lu:commune:dudelange,served_by,true
L-3446,lu:commune:dudelange,served_by,true
L-3447,lu:commune:dudelange,served_by,true
L-3448,lu:commune:dudelange,served_by,true
L-3449,lu:commune:dudelange,served_by,true
L-3450,lu:commune:dudelange,served_by,true
L-3451,lu:commune:dudelange,served_by,true
L-3452,lu:commune:bettembourg,served_by,true
L-3452,lu:commune:dudelange,served_by,false
L-3453,lu:commune:dudelange,served_by,true
L-3454,lu:commune:dudelange,served_by,true
L-3460,lu:commune:dudelange,served_by,true
L-3461,lu:commune:dudelange,served_by,true
L-3462,lu:commune:dudelange,served_by,true
L-3463,lu:commune:dudelange,served_by,true
L-3464,lu:commune:dudelange,served_by,true
L-3465,lu:commune:dudelange,served_by,true
L-3466,lu:commune:dudelange,served_by,true
L-3467,lu:commune:dudelange,served_by,true
L-3468,lu:commune:dudelange,served_by,true
L-3469,lu:commune:dudelange,served_by,true
L-3470,lu:commune:dudelange,served_by,true
L-3471,lu:commune:dudelange,served_by,true
L-3472,lu:commune:dudelange,served_by,true
L-3473,lu:commune:dudelange,served_by,true
L-3474,lu:commune:dudelange,served_by,true
L-3475,lu:commune:dudelange,served_by,true
L-3476,lu:commune:dudelange,served_by,true
L-3480,lu:commune:dudelange,served_by,true
L-3481,lu:commune:dudelange,served_by,true
L-3482,lu:commune:dudelange,served_by,true
L-3483,lu:commune:dudelange,served_by,true
L-3484,lu:commune:dudelange,served_by,true
L-3485,lu:commune:dudelange,served_by,true
L-3486,lu:commune:dudelange,served_by,true
L-3487,lu:commune:dudelange,served_by,true
L-3488,lu:commune:dudelange,served_by,true
L-3489,lu:commune:dudelange,served_by,true
L-3490,lu:commune:dudelange,served_by,true
L-3491,lu:commune:dudelange,served_by,true
L-3492,lu:commune:dudelange,served_by,true
L-3493,lu:commune:dudelange,served_by,true
L-3501,lu:commune:dudelange,served_by,true
L-3502,lu:commune:dudelange,served_by,true
L-3503,lu:commune:dudelange,served_by,true
L-3504,lu:commune:dudelange,served_by,true
L-3505,lu:commune:dudelange,served_by,true
L-3506,lu:commune:dudelange,served_by,true
L-3507,lu:commune:dudelange,served_by,true
L-3508,lu:commune:dudelange,served_by,true
L-3509,lu:commune:dudelange,served_by,true
L-3510,lu:commune:dudelange,served_by,true
L-3511,lu:commune:dudelange,served_by,true
L-3512,lu:commune:dudelange,served_by,true
L-3513,lu:commune:dudelange,served_by,true
L-3514,lu:commune:dudelange,served_by,true
L-3515,lu:commune:dudelange,served_by,true
L-3516,lu:commune:dudelange,served_by,true
L-3517,lu:commune:dudelange,served_by,true
L-3518,lu:commune:dudelange,served_by,true
L-3520,lu:commune:dudelange,served_by,true
L-3521,lu:commune:dudelange,served_by,true
L-3522,lu:commune:dudelange,served_by,true
L-3523,lu:commune:dudelange,served_by,true
L-3524,lu:commune:dudelange,served_by,true
L-3525,lu:commune:dudelange,served_by,true
L-3526,lu:commune:dudelange,served_by,true
L-3529,lu:commune:dudelange,served_by,true
L-3530,lu:commune:dudelange,served_by,true
L-3531,lu:commune:dudelange,served_by,true
L-3532,lu:commune:dudelange,served_by,true
L-3539,lu:commune:dudelange,served_by,true
L-3540,lu:commune:dudelange,served_by,true
L-3541,lu:commune:dudelange,served_by,true
L-3542,lu:commune:dudelange,served_by,true
L-3543,lu:commune:dudelange,served_by,true
L-3544,lu:commune:dudelange,served_by,true
L-3545,lu:commune:dudelange,served_by,true
L-3546,lu:commune:dudelange,served_by,true
L-3547,lu:commune:dudelange,served_by,true
L-3548,lu:commune:dudelange,served_by,true
L-3549,lu:commune:dudelange,served_by,true
L-3550,lu:commune:dudelange,served_by,true
L-3551,lu:commune:dudelange,served_by,true
L-3552,lu:commune:dudelange,served_by,true
L-3553,lu:commune:dudelange,served_by,true
L-3554,lu:commune:dudelange,served_by,true
L-3555,lu:commune:dudelange,served_by,true
L-3556,lu:commune:dudelange,served_by,true
L-3560,lu:commune:dudelange,served_by,true
L-3561,lu:commune:dudelange,served_by,true
L-3562,lu:commune:dudelange,served_by,true
L-3563,lu:commune:dudelange,served_by,true
L-3564,lu:commune:dudelange,served_by,true
L-3565,lu:commune:dudelange,served_by,true
L-3566,lu:commune:dudelange,served_by,true
L-3567,lu:commune:dudelange,served_by,true
L-3568,lu:commune:dudelange,served_by,true
L-3569,lu:commune:dudelange,served_by,true
L-3570,lu:commune:dudelange,served_by,true
L-3571,lu:commune:dudelange,served_by,true
L-3572,lu:commune:dudelange,served_by,true
L-3573,lu:commune:dudelange,served_by,true
L-3574,lu:commune:dudelange,served_by,true
L-3575,lu:commune:dudelange,served_by,true
L-3576,lu:commune:dudelange,served_by,true
L-3582,lu:commune:dudelange,served_by,true
L-3583,lu:commune:dudelange,served_by,true
L-3584,lu:commune:dudelange,served_by,true
L-3585,lu:commune:dudelange,served_by,true
L-3588,lu:commune:dudelange,served_by,true
L-3589,lu:commune:dudelange,served_by,true
L-3590,lu:commune:dudelange,served_by,true
L-3591,lu:commune:dudelange,served_by,true
L-3592,lu:commune:dudelange,served_by,true
L-3593,lu:commune:dudelange,served_by,true
L-3594,lu:commune:dudelange,served_by,true
L-3595,lu:commune:dudelange,served_by,true
L-3596,lu:commune:dudelange,served_by,true
L-3597,lu:commune:dudelange,served_by,true
L-3598,lu:commune:dudelange,served_by,true
L-3601,lu:commune:kayl,served_by,true
L-3611,lu:commune:kayl,served_by,true
L-3612,lu:commune:kayl,served_by,true
L-3613,lu:commune:kayl,served_by,true
L-3614,lu:commune:kayl,served_by,true
L-3615,lu:commune:kayl,served_by,true
L-3616,lu:commune:kayl,served_by,true
L-3617,lu:commune:kayl,served_by,true
L-3620,lu:commune:kayl,served_by,true
L-3621,lu:commune:kayl,served_by,true
L-3622,lu:commune:kayl,served_by,true
L-3630,lu:commune:kayl,served_by,true
L-3631,lu:commune:kayl,served_by,true
L-3635,lu:commune:kayl,served_by,true
L-3636,lu:commune:kayl,served_by,true
L-3637,lu:commune:kayl,served_by,true
L-3638,lu:commune:kayl,served_by,true
L-3640,lu:commune:kayl,served_by,true
L-3641,lu:commune:kayl,served_by,true
L-3642,lu:commune:kayl,served_by,true
L-3643,lu:commune:kayl,served_by,true
L-3644,lu:commune:kayl,served_by,true
L-3650,lu:commune:kayl,served_by,true
L-3651,lu:commune:kayl,served_by,true
L-3652,lu:commune:kayl,served_by,true
L-3653,lu:commune:kayl,served_by,true
L-3654,lu:commune:kayl,served_by,true
L-3655,lu:commune:kayl,served_by,true
L-3656,lu:commune:kayl,served_by,true
L-3657,lu:commune:kayl,served_by,true
L-3658,lu:commune:kayl,served_by,true
L-3660,lu:commune:kayl,served_by,true
L-3670,lu:commune:kayl,served_by,true
L-3671,lu:commune:kayl,served_by,true
L-3672,lu:commune:kayl,served_by,true
L-3673,lu:commune:kayl,served_by,true
L-3674,lu:commune:kayl,served_by,true
L-3675,lu:commune:kayl,served_by,true
L-3676,lu:commune:kayl,served_by,true
L-3677,lu:commune:kayl,served_by,true
L-3678,lu:commune:kayl,served_by,true
L-3679,lu:commune:kayl,served_by,true
L-3680,lu:commune:kayl,served_by,true
L-3681,lu:commune:kayl,served_by,true
L-3682,lu:commune:kayl,served_by,true
L-3701,lu:commune:rumelange,served_by,true
L-3710,lu:commune:rumelange,served_by,true
L-3711,lu:commune:rumelange,served_by,true
L-3712,lu:commune:rumelange,served_by,true
L-3713,lu:commune:rumelange,served_by,true
L-3714,lu:commune:rumelange,served_by,true
L-3715,lu:commune:rumelange,served_by,true
L-3716,lu:commune:rumelange,served_by,true
L-3717,lu:commune:rumelange,served_by,true
L-3718,lu:commune:rumelange,served_by,true
L-3719,lu:commune:rumelange,served_by,true
L-3720,lu:commune:rumelange,served_by,true
L-3721,lu:commune:rumelange,served_by,true
L-3722,lu:commune:rumelange,served_by,true
L-3723,lu:commune:rumelange,served_by,true
L-3724,lu:commune:rumelange,served_by,true
L-3725,lu:commune:rumelange,served_by,true
L-3726,lu:commune:rumelange,served_by,true
L-3727,lu:commune:rumelange,served_by,true
L-3728,lu:commune:rumelange,served_by,true
L-3729,lu:commune:rumelange,served_by,true
L-3730,lu:commune:rumelange,served_by,true
L-3731,lu:commune:rumelange,served_by,true
L-3732,lu:commune:rumelange,served_by,true
L-3733,lu:commune:rumelange,served_by,true
L-3734,lu:commune:rumelange,served_by,true
L-3735,lu:commune:rumelange,served_by,true
L-3736,lu:commune:rumelange,served_by,true
L-3737,lu:commune:rumelange,served_by,true
L-3738,lu:commune:rumelange,served_by,true
L-3739,lu:commune:rumelange,served_by,true
L-3740,lu:commune:rumelange,served_by,true
L-3741,lu:commune:rumelange,served_by,true
L-3742,lu:commune:rumelange,served_by,true
L-3743,lu:commune:rumelange,served_by,true
L-3744,lu:commune:rumelange,served_by,true
L-3750,lu:commune:rumelange,served_by,true
L-3751,lu:commune:rumelange,served_by,true
L-3752,lu:commune:rumelange,served_by,true
L-3753,lu:commune:rumelange,served_by,true
L-3754,lu:commune:rumelange,served_by,true
L-3755,lu:commune:rumelange,served_by,true
L-3761,lu:commune:kayl,served_by,true
L-3762,lu:commune:kayl,served_by,true
L-3763,lu:commune:kayl,served_by,true
L-3764,lu:commune:kayl,served_by,true
L-3765,lu:commune:kayl,served_by,true
L-3766,lu:commune:kayl,served_by,true
L-3767,lu:commune:kayl,served_by,true
L-3768,lu:commune:kayl,served_by,true
L-3770,lu:commune:kayl,served_by,true
L-3771,lu:commune:kayl,served_by,true
L-3772,lu:commune:kayl,served_by,true
L-3773,lu:commune:kayl,served_by,true
L-3774,lu:commune:kayl,served_by,true
L-3775,lu:commune:kayl,served_by,true
L-3776,lu:commune:kayl,served_by,true
L-3780,lu:commune:kayl,served_by,true
L-3781,lu:commune:kayl,served_by,true
L-3782,lu:commune:kayl,served_by,true
L-3784,lu:commune:kayl,served_by,true
L-3786,lu:commune:kayl,served_by,true
L-3787,lu:commune:kayl,served_by,true
L-3788,lu:commune:kayl,served_by,true
L-3789,lu:commune:kayl,served_by,true
L-3790,lu:commune:kayl,served_by,true
L-3801,lu:commune:schifflange,served_by,true
L-3810,lu:commune:schifflange,served_by,true
L-3811,lu:commune:schifflange,served_by,true
L-3812,lu:commune:schifflange,served_by,true
L-3813,lu:commune:schifflange,served_by,true
L-3814,lu:commune:schifflange,served_by,true
L-3815,lu:commune:schifflange,served_by,true
L-3816,lu:commune:schifflange,served_by,true
L-3817,lu:commune:schifflange,served_by,true
L-3818,lu:commune:schifflange,served_by,true
L-3819,lu:commune:schifflange,served_by,true
L-3820,lu:commune:schifflange,served_by,true
L-3821,lu:commune:schifflange,served_by,true
L-3822,lu:commune:schifflange,served_by,true
L-3823,lu:commune:schifflange,served_by,true
L-3824,lu:commune:schifflange,served_by,true
L-3825,lu:commune:schifflange,served_by,true
L-3826,lu:commune:schifflange,served_by,true
L-3830,lu:commune:schifflange,served_by,true
L-3831,lu:commune:schifflange,served_by,true
L-3832,lu:commune:schifflange,served_by,true
L-3833,lu:commune:schifflange,served_by,true
L-3834,lu:commune:schifflange,served_by,true
L-3835,lu:commune:schifflange,served_by,true
L-3836,lu:commune:schifflange,served_by,true
L-3837,lu:commune:schifflange,served_by,true
L-3838,lu:commune:schifflange,served_by,true
L-3839,lu:commune:schifflange,served_by,true
L-3840,lu:commune:schifflange,served_by,true
L-3841,lu:commune:schifflange,served_by,true
L-3842,lu:commune:schifflange,served_by,true
L-3843,lu:commune:schifflange,served_by,true
L-3844,lu:commune:schifflange,served_by,true
L-3850,lu:commune:schifflange,served_by,true
L-3851,lu:commune:schifflange,served_by,true
L-3852,lu:commune:schifflange,served_by,true
L-3853,lu:commune:schifflange,served_by,true
L-3854,lu:commune:schifflange,served_by,true
L-3855,lu:commune:schifflange,served_by,true
L-3856,lu:commune:schifflange,served_by,true
L-3857,lu:commune:schifflange,served_by,true
L-3858,lu:commune:schifflange,served_by,true
L-3859,lu:commune:schifflange,served_by,true
L-3860,lu:commune:schifflange,served_by,true
L-3861,lu:commune:schifflange,served_by,true
L-3862,lu:commune:schifflange,served_by,true
L-3863,lu:commune:schifflange,served_by,true
L-3864,lu:commune:schifflange,served_by,true
L-3870,lu:commune:schifflange,served_by,true
L-3871,lu:commune:schifflange,served_by,true
L-3872,lu:commune:schifflange,served_by,true
L-3873,lu:commune:schifflange,served_by,true
L-3874,lu:commune:schifflange,served_by,true
L-3875,lu:commune:schifflange,served_by,true
L-3876,lu:commune:schifflange,served_by,true
L-3877,lu:commune:schifflange,served_by,true
L-3878,lu:commune:schifflange,served_by,true
L-3879,lu:commune:schifflange,served_by,true
L-3880,lu:commune:schifflange,served_by,true
L-3881,lu:commune:schifflange,served_by,true
L-3882,lu:commune:schifflange,served_by,true
L-3883,lu:commune:schifflange,served_by,true
L-3884,lu:commune:schifflange,served_by,true
L-3885,lu:commune:schifflange,served_by,true
L-3895,lu:commune:mondercange,served_by,true
L-3896,lu:commune:mondercange,served_by,true
L-3897,lu:commune:mondercange,served_by,true
L-3898,lu:commune:mondercange,served_by,true
L-3899,lu:commune:mondercange,served_by,true
L-3901,lu:commune:mondercange,served_by,true
L-3909,lu:commune:mondercange,served_by,true
L-3910,lu:commune:mondercange,served_by,true
L-3911,lu:commune:mondercange,served_by,true
L-3912,lu:commune:mondercange,served_by,true
L-3913,lu:commune:mondercange,served_by,true
L-3914,lu:commune:mondercange,served_by,true
L-3915,lu:commune:mondercange,served_by,true
L-3916,lu:commune:mondercange,served_by,true
L-3917,lu:commune:mondercange,served_by,true
L-3918,lu:commune:mondercange,served_by,true
L-3919,lu:commune:mondercange,served_by,true
L-3920,lu:commune:mondercange,served_by,true
L-3921,lu:commune:mondercange,served_by,true
L-3922,lu:commune:mondercange,served_by,true
L-3923,lu:commune:mondercange,served_by,true
L-3924,lu:commune:mondercange,served_by,true
L-3925,lu:commune:mondercange,served_by,true
L-3926,lu:commune:mondercange,served_by,true
L-3927,lu:commune:mondercange,served_by,true
L-3928,lu:commune:mondercange,served_by,true
L-3929,lu:commune:mondercange,served_by,true
L-3930,lu:commune:mondercange,served_by,true
L-3931,lu:commune:mondercange,served_by,true
L-3932,lu:commune:mondercange,served_by,true
L-3933,lu:commune:mondercange,served_by,true
L-3934,lu:commune:mondercange,served_by,true
L-3935,lu:commune:mondercange,served_by,true
L-3936,lu:commune:mondercange,served_by,true
L-3937,lu:commune:mondercange,served_by,true
L-3938,lu:commune:mondercange,served_by,true
L-3939,lu:commune:mondercange,served_by,true
L-3940,lu:commune:mondercange,served_by,true
L-3941,lu:commune:mondercange,served_by,true
L-3943,lu:commune:mondercange,served_by,true
L-3944,lu:commune:mondercange,served_by,true
L-3945,lu:commune:mondercange,served_by,true
L-3960,lu:commune:reckange-sur-mess,served_by,true
L-3961,lu:commune:reckange-sur-mess,served_by,true
L-3980,lu:commune:reckange-sur-mess,served_by,true
L-3985,lu:commune:reckange-sur-mess,served_by,true
L-4001,lu:commune:esch-sur-alzette,served_by,true
L-4002,lu:commune:esch-sur-alzette,served_by,true
L-4003,lu:commune:esch-sur-alzette,served_by,true
L-4004,lu:commune:esch-sur-alzette,served_by,true
L-4005,lu:commune:esch-sur-alzette,served_by,true
L-4006,lu:commune:esch-sur-alzette,served_by,true
L-4007,lu:commune:esch-sur-alzette,served_by,true
L-4008,lu:commune:esch-sur-alzette,served_by,true
L-4009,lu:commune:esch-sur-alzette,served_by,true
L-4010,lu:commune:esch-sur-alzette,served_by,true
L-4011,lu:commune:esch-sur-alzette,served_by,true
L-4012,lu:commune:esch-sur-alzette,served_by,true
L-4013,lu:commune:esch-sur-alzette,served_by,true
L-4014,lu:commune:esch-sur-alzette,served_by,true
L-4015,lu:commune:esch-sur-alzette,served_by,true
L-4016,lu:commune:esch-sur-alzette,served_by,true
L-4017,lu:commune:esch-sur-alzette,served_by,true
L-4018,lu:commune:esch-sur-alzette,served_by,true
L-4019,lu:commune:esch-sur-alzette,served_by,true
L-4020,lu:commune:esch-sur-alzette,served_by,true
L-4021,lu:commune:esch-sur-alzette,served_by,true
L-4022,lu:commune:esch-sur-alzette,served_by,true
L-4023,lu:commune:esch-sur-alzette,served_by,true
L-4024,lu:commune:esch-sur-alzette,served_by,true
L-4025,lu:commune:esch-sur-alzette,served_by,true
L-4026,lu:commune:esch-sur-alzette,served_by,true
L-4027,lu:commune:esch-sur-alzette,served_by,true
L-4028,lu:commune:esch-sur-alzette,served_by,true
L-4029,lu:commune:esch-sur-alzette,served_by,true
L-4030,lu:commune:esch-sur-alzette,served_by,true
L-4031,lu:commune:esch-sur-alzette,served_by,true
L-4032,lu:commune:esch-sur-alzette,served_by,true
L-4033,lu:commune:esch-sur-alzette,served_by,true
L-4034,lu:commune:esch-sur-alzette,served_by,true
L-4035,lu:commune:esch-sur-alzette,served_by,true
L-4036,lu:commune:esch-sur-alzette,served_by,true
L-4037,lu:commune:esch-sur-alzette,served_by,true
L-4038,lu:commune:esch-sur-alzette,served_by,true
L-4039,lu:commune:esch-sur-alzette,served_by,true
L-4040,lu:commune:esch-sur-alzette,served_by,true
L-4041,lu:commune:esch-sur-alzette,served_by,true
L-4042,lu:commune:esch-sur-alzette,served_by,true
L-4043,lu:commune:esch-sur-alzette,served_by,true
L-4044,lu:commune:esch-sur-alzette,served_by,true
L-4045,lu:commune:esch-sur-alzette,served_by,true
L-4046,lu:commune:esch-sur-alzette,served_by,true
L-4047,lu:commune:esch-sur-alzette,served_by,true
L-4048,lu:commune:esch-sur-alzette,served_by,true
L-4049,lu:commune:esch-sur-alzette,served_by,true
L-4050,lu:commune:esch-sur-alzette,served_by,true
L-4051,lu:commune:esch-sur-alzette,served_by,true
L-4052,lu:commune:esch-sur-alzette,served_by,true
L-4053,lu:commune:esch-sur-alzette,served_by,true
L-4054,lu:commune:esch-sur-alzette,served_by,true
L-4055,lu:commune:esch-sur-alzette,served_by,true
L-4057,lu:commune:esch-sur-alzette,served_by,true
L-4058,lu:commune:esch-sur-alzette,served_by,true
L-4059,lu:commune:esch-sur-alzette,served_by,true
L-4060,lu:commune:esch-sur-alzette,served_by,true
L-4061,lu:commune:esch-sur-alzette,served_by,true
L-4062,lu:commune:esch-sur-alzette,served_by,true
L-4063,lu:commune:esch-sur-alzette,served_by,true
L-4064,lu:commune:esch-sur-alzette,served_by,true
L-4065,lu:commune:esch-sur-alzette,served_by,true
L-4066,lu:commune:esch-sur-alzette,served_by,true
L-4067,lu:commune:esch-sur-alzette,served_by,true
L-4068,lu:commune:esch-sur-alzette,served_by,true
L-4069,lu:commune:esch-sur-alzette,served_by,true
L-4070,lu:commune:esch-sur-alzette,served_by,true
L-4071,lu:commune:esch-sur-alzette,served_by,true
L-4072,lu:commune:esch-sur-alzette,served_by,true
L-4073,lu:commune:esch-sur-alzette,served_by,true
L-4074,lu:commune:esch-sur-alzette,served_by,true
L-4080,lu:commune:esch-sur-alzette,served_by,true
L-4081,lu:commune:esch-sur-alzette,served_by,true
L-4082,lu:commune:esch-sur-alzette,served_by,true
L-4083,lu:commune:esch-sur-alzette,served_by,true
L-4084,lu:commune:esch-sur-alzette,served_by,true
L-4085,lu:commune:esch-sur-alzette,served_by,true
L-4086,lu:commune:esch-sur-alzette,served_by,true
L-4088,lu:commune:esch-sur-alzette,served_by,true
L-4100,lu:commune:esch-sur-alzette,served_by,true
L-4101,lu:commune:esch-sur-alzette,served_by,true
L-4102,lu:commune:esch-sur-alzette,served_by,true
L-4103,lu:commune:esch-sur-alzette,served_by,true
L-4105,lu:commune:esch-sur-alzette,served_by,true
L-4106,lu:commune:esch-sur-alzette,served_by,true
L-4107,lu:commune:esch-sur-alzette,served_by,true
L-4108,lu:commune:esch-sur-alzette,served_by,true
L-4109,lu:commune:esch-sur-alzette,served_by,true
L-4110,lu:commune:esch-sur-alzette,served_by,true
L-4111,lu:commune:esch-sur-alzette,served_by,true
L-4112,lu:commune:esch-sur-alzette,served_by,true
L-4113,lu:commune:esch-sur-alzette,served_by,true
L-4114,lu:commune:esch-sur-alzette,served_by,true
L-4115,lu:commune:esch-sur-alzette,served_by,true
L-4116,lu:commune:esch-sur-alzette,served_by,true
L-4118,lu:commune:esch-sur-alzette,served_by,true
L-4119,lu:commune:esch-sur-alzette,served_by,true
L-4120,lu:commune:esch-sur-alzette,served_by,true
L-4121,lu:commune:esch-sur-alzette,served_by,true
L-4122,lu:commune:esch-sur-alzette,served_by,true
L-4123,lu:commune:esch-sur-alzette,served_by,true
L-4125,lu:commune:esch-sur-alzette,served_by,true
L-4126,lu:commune:esch-sur-alzette,served_by,true
L-4130,lu:commune:esch-sur-alzette,served_by,true
L-4131,lu:commune:esch-sur-alzette,served_by,true
L-4132,lu:commune:esch-sur-alzette,served_by,true
L-4133,lu:commune:esch-sur-alzette,served_by,true
L-4134,lu:commune:esch-sur-alzette,served_by,true
L-4135,lu:commune:esch-sur-alzette,served_by,true
L-4136,lu:commune:esch-sur-alzette,served_by,true
L-4137,lu:commune:esch-sur-alzette,served_by,true
L-4138,lu:commune:esch-sur-alzette,served_by,true
L-4139,lu:commune:esch-sur-alzette,served_by,true
L-4140,lu:commune:esch-sur-alzette,served_by,true
L-4141,lu:commune:esch-sur-alzette,served_by,true
L-4142,lu:commune:esch-sur-alzette,served_by,true
L-4143,lu:commune:esch-sur-alzette,served_by,true
L-4149,lu:commune:esch-sur-alzette,served_by,true
L-4149,lu:commune:mondercange,served_by,false
L-4149,lu:commune:schifflange,served_by,false
L-4150,lu:commune:esch-sur-alzette,served_by,true
L-4151,lu:commune:esch-sur-alzette,served_by,true
L-4152,lu:commune:esch-sur-alzette,served_by,true
L-4153,lu:commune:esch-sur-alzette,served_by,true
L-4154,lu:commune:esch-sur-alzette,served_by,true
L-4155,lu:commune:esch-sur-alzette,served_by,true
L-4156,lu:commune:esch-sur-alzette,served_by,true
L-4164,lu:commune:esch-sur-alzette,served_by,true
L-4165,lu:commune:esch-sur-alzette,served_by,true
L-4166,lu:commune:esch-sur-alzette,served_by,true
L-4167,lu:commune:esch-sur-alzette,served_by,true
L-4168,lu:commune:esch-sur-alzette,served_by,true
L-4169,lu:commune:esch-sur-alzette,served_by,true
L-4170,lu:commune:esch-sur-alzette,served_by,true
L-4171,lu:commune:esch-sur-alzette,served_by,true
L-4172,lu:commune:esch-sur-alzette,served_by,true
L-4173,lu:commune:esch-sur-alzette,served_by,true
L-4174,lu:commune:esch-sur-alzette,served_by,true
L-4175,lu:commune:esch-sur-alzette,served_by,true
L-4176,lu:commune:esch-sur-alzette,served_by,true
L-4177,lu:commune:esch-sur-alzette,served_by,true
L-4178,lu:commune:esch-sur-alzette,served_by,true
L-4179,lu:commune:esch-sur-alzette,served_by,true
L-4180,lu:commune:esch-sur-alzette,served_by,true
L-4201,lu:commune:esch-sur-alzette,served_by,true
L-4202,lu:commune:esch-sur-alzette,served_by,true
L-4203,lu:commune:esch-sur-alzette,served_by,true
L-4204,lu:commune:esch-sur-alzette,served_by,true
L-4205,lu:commune:esch-sur-alzette,served_by,true
L-4206,lu:commune:esch-sur-alzette,served_by,true
L-4207,lu:commune:esch-sur-alzette,served_by,true
L-4208,lu:commune:esch-sur-alzette,served_by,true
L-4209,lu:commune:esch-sur-alzette,served_by,true
L-4210,lu:commune:esch-sur-alzette,served_by,true
L-4211,lu:commune:esch-sur-alzette,served_by,true
L-4213,lu:commune:esch-sur-alzette,served_by,true
L-4214,lu:commune:esch-sur-alzette,served_by,true
L-4216,lu:commune:esch-sur-alzette,served_by,true
L-4217,lu:commune:esch-sur-alzette,served_by,true
L-4220,lu:commune:esch-sur-alzette,served_by,true
L-4221,lu:commune:esch-sur-alzette,served_by,true
L-4222,lu:commune:esch-sur-alzette,served_by,true
L-4230,lu:commune:esch-sur-alzette,served_by,true
L-4231,lu:commune:esch-sur-alzette,served_by,true
L-4232,lu:commune:esch-sur-alzette,served_by,true
L-4233,lu:commune:esch-sur-alzette,served_by,true
L-4234,lu:commune:esch-sur-alzette,served_by,true
L-4235,lu:commune:esch-sur-alzette,served_by,true
L-4236,lu:commune:esch-sur-alzette,served_by,true
L-4237,lu:commune:esch-sur-alzette,served_by,true
L-4238,lu:commune:esch-sur-alzette,served_by,true
L-4239,lu:commune:esch-sur-alzette,served_by,true
L-4240,lu:commune:esch-sur-alzette,served_by,true
L-4241,lu:commune:esch-sur-alzette,served_by,true
L-4242,lu:commune:esch-sur-alzette,served_by,true
L-4243,lu:commune:esch-sur-alzette,served_by,true
L-4244,lu:commune:esch-sur-alzette,served_by,true
L-4245,lu:commune:esch-sur-alzette,served_by,true
L-4246,lu:commune:esch-sur-alzette,served_by,true
L-4247,lu:commune:esch-sur-alzette,served_by,true
L-4248,lu:commune:esch-sur-alzette,served_by,true
L-4249,lu:commune:esch-sur-alzette,served_by,true
L-4250,lu:commune:esch-sur-alzette,served_by,true
L-4251,lu:commune:esch-sur-alzette,served_by,true
L-4252,lu:commune:esch-sur-alzette,served_by,true
L-4253,lu:commune:esch-sur-alzette,served_by,true
L-4254,lu:commune:esch-sur-alzette,served_by,true
L-4255,lu:commune:esch-sur-alzette,served_by,true
L-4256,lu:commune:esch-sur-alzette,served_by,true
L-4260,lu:commune:esch-sur-alzette,served_by,true
L-4261,lu:commune:esch-sur-alzette,served_by,true
L-4262,lu:commune:esch-sur-alzette,served_by,true
L-4263,lu:commune:esch-sur-alzette,served_by,true
L-4264,lu:commune:esch-sur-alzette,served_by,true
L-4265,lu:commune:esch-sur-alzette,served_by,true
L-4266,lu:commune:esch-sur-alzette,served_by,true
L-4267,lu:commune:esch-sur-alzette,served_by,true
L-4268,lu:commune:esch-sur-alzette,served_by,true
L-4270,lu:commune:esch-sur-alzette,served_by,true
L-4271,lu:commune:esch-sur-alzette,served_by,true
L-4272,lu:commune:esch-sur-alzette,served_by,true
L-4275,lu:commune:esch-sur-alzette,served_by,true
L-4276,lu:commune:esch-sur-alzette,served_by,true
L-4277,lu:commune:esch-sur-alzette,served_by,true
L-4278,lu:commune:esch-sur-alzette,served_by,true
L-4279,lu:commune:esch-sur-alzette,served_by,true
L-4280,lu:commune:esch-sur-alzette,served_by,true
L-4281,lu:commune:esch-sur-alzette,served_by,true
L-4282,lu:commune:esch-sur-alzette,served_by,true
L-4283,lu:commune:esch-sur-alzette,served_by,true
L-4289,lu:commune:esch-sur-alzette,served_by,true
L-4301,lu:commune:esch-sur-alzette,served_by,true
L-4302,lu:commune:esch-sur-alzette,served_by,true
L-4303,lu:commune:esch-sur-alzette,served_by,true
L-4304,lu:commune:esch-sur-alzette,served_by,true
L-4305,lu:commune:esch-sur-alzette,served_by,true
L-4306,lu:commune:esch-sur-alzette,served_by,true
L-4307,lu:commune:esch-sur-alzette,served_by,true
L-4308,lu:commune:esch-sur-alzette,served_by,true
L-4309,lu:commune:esch-sur-alzette,served_by,true
L-4310,lu:commune:esch-sur-alzette,served_by,true
L-4314,lu:commune:esch-sur-alzette,served_by,true
L-4315,lu:commune:esch-sur-alzette,served_by,true
L-4316,lu:commune:esch-sur-alzette,served_by,true
L-4317,lu:commune:esch-sur-alzette,served_by,true
L-4318,lu:commune:esch-sur-alzette,served_by,true
L-4319,lu:commune:esch-sur-alzette,served_by,true
L-4320,lu:commune:esch-sur-alzette,served_by,true
L-4321,lu:commune:esch-sur-alzette,served_by,true
L-4322,lu:commune:esch-sur-alzette,served_by,true
L-4323,lu:commune:esch-sur-alzette,served_by,true
L-4324,lu:commune:esch-sur-alzette,served_by,true
L-4325,lu:commune:esch-sur-alzette,served_by,true
L-4326,lu:commune:esch-sur-alzette,served_by,true
L-4327,lu:commune:esch-sur-alzette,served_by,true
L-4328,lu:commune:esch-sur-alzette,served_by,true
L-4330,lu:commune:esch-sur-alzette,served_by,true
L-4331,lu:commune:esch-sur-alzette,served_by,true
L-4332,lu:commune:esch-sur-alzette,served_by,true
L-4333,lu:commune:esch-sur-alzette,served_by,true
L-4334,lu:commune:esch-sur-alzette,served_by,true
L-4335,lu:commune:esch-sur-alzette,served_by,true
L-4336,lu:commune:esch-sur-alzette,served_by,true
L-4337,lu:commune:esch-sur-alzette,served_by,true
L-4340,lu:commune:esch-sur-alzette,served_by,true
L-4341,lu:commune:esch-sur-alzette,served_by,true
L-4342,lu:commune:esch-sur-alzette,served_by,true
L-4343,lu:commune:esch-sur-alzette,served_by,true
L-4344,lu:commune:esch-sur-alzette,served_by,true
L-4345,lu:commune:esch-sur-alzette,served_by,true
L-4346,lu:commune:esch-sur-alzette,served_by,true
L-4347,lu:commune:esch-sur-alzette,served_by,true
L-4348,lu:commune:esch-sur-alzette,served_by,true
L-4349,lu:commune:esch-sur-alzette,served_by,true
L-4350,lu:commune:esch-sur-alzette,served_by,true
L-4351,lu:commune:esch-sur-alzette,served_by,true
L-4352,lu:commune:esch-sur-alzette,served_by,true
L-4353,lu:commune:esch-sur-alzette,served_by,true
L-4354,lu:commune:esch-sur-alzette,served_by,true
L-4355,lu:commune:esch-sur-alzette,served_by,true
L-4359,lu:commune:esch-sur-alzette,served_by,true
L-4360,lu:commune:esch-sur-alzette,served_by,true
L-4361,lu:commune:esch-sur-alzette,served_by,true
L-4362,lu:commune:esch-sur-alzette,served_by,true
L-4363,lu:commune:esch-sur-alzette,served_by,true
L-4364,lu:commune:esch-sur-alzette,served_by,true
L-4365,lu:commune:esch-sur-alzette,served_by,true
L-4366,lu:commune:esch-sur-alzette,served_by,true
L-4367,lu:commune:sanem,served_by,true
L-4368,lu:commune:sanem,served_by,true
L-4369,lu:commune:esch-sur-alzette,served_by,true
L-4369,lu:commune:sanem,served_by,false
L-4370,lu:commune:esch-sur-alzette,served_by,true
L-4370,lu:commune:sanem,served_by,false
L-4371,lu:commune:sanem,served_by,true
L-4372,lu:commune:sanem,served_by,true
L-4373,lu:commune:sanem,served_by,true
L-4374,lu:commune:esch-sur-alzette,served_by,true
L-4375,lu:commune:sanem,served_by,true
L-4380,lu:commune:esch-sur-alzette,served_by,true
L-4380,lu:commune:sanem,served_by,false
L-4381,lu:commune:sanem,served_by,true
L-4382,lu:commune:sanem,served_by,true
L-4383,lu:commune:sanem,served_by,true
L-4384,lu:commune:sanem,served_by,true
L-4385,lu:commune:sanem,served_by,true
L-4390,lu:commune:mondercange,served_by,true
L-4391,lu:commune:mondercange,served_by,true
L-4392,lu:commune:mondercange,served_by,true
L-4393,lu:commune:mondercange,served_by,true
L-4394,lu:commune:mondercange,served_by,true
L-4395,lu:commune:mondercange,served_by,true
L-4396,lu:commune:mondercange,served_by,true
L-4397,lu:commune:mondercange,served_by,true
L-4398,lu:commune:mondercange,served_by,true
L-4401,lu:commune:sanem,served_by,true
L-4402,lu:commune:sanem,served_by,true
L-4405,lu:commune:sanem,served_by,true
L-4406,lu:commune:sanem,served_by,true
L-4407,lu:commune:sanem,served_by,true
L-4408,lu:commune:sanem,served_by,true
L-4409,lu:commune:sanem,served_by,true
L-4410,lu:commune:sanem,served_by,true
L-4411,lu:commune:sanem,served_by,true
L-4412,lu:commune:sanem,served_by,true
L-4413,lu:commune:sanem,served_by,true
L-4414,lu:commune:sanem,served_by,true
L-4415,lu:commune:sanem,served_by,true
L-4416,lu:commune:sanem,served_by,true
L-4417,lu:commune:sanem,served_by,true
L-4418,lu:commune:sanem,served_by,true
L-4419,lu:commune:sanem,served_by,true
L-4420,lu:commune:sanem,served_by,true
L-4421,lu:commune:sanem,served_by,true
L-4422,lu:commune:sanem,served_by,true
L-4423,lu:commune:sanem,served_by,true
L-4424,lu:commune:sanem,served_by,true
L-4425,lu:commune:sanem,served_by,true
L-4426,lu:commune:sanem,served_by,true
L-4427,lu:commune:sanem,served_by,true
L-4428,lu:commune:sanem,served_by,true
L-4429,lu:commune:sanem,served_by,true
L-4430,lu:commune:sanem,served_by,true
L-4431,lu:commune:sanem,served_by,true
L-4432,lu:commune:sanem,served_by,true
L-4433,lu:commune:sanem,served_by,true
L-4434,lu:commune:sanem,served_by,true
L-4435,lu:commune:sanem,served_by,true
L-4436,lu:commune:sanem,served_by,true
L-4437,lu:commune:sanem,served_by,true
L-4438,lu:commune:sanem,served_by,true
L-4439,lu:commune:sanem,served_by,true
L-4440,lu:commune:sanem,served_by,true
L-4441,lu:commune:sanem,served_by,true
L-4442,lu:commune:sanem,served_by,true
L-4443,lu:commune:sanem,served_by,true
L-4444,lu:commune:sanem,served_by,true
L-4445,lu:commune:sanem,served_by,true
L-4446,lu:commune:sanem,served_by,true
L-4447,lu:commune:sanem,served_by,true
L-4448,lu:commune:sanem,served_by,true
L-4449,lu:commune:sanem,served_by,true
L-4450,lu:commune:sanem,served_by,true
L-4451,lu:commune:sanem,served_by,true
L-4452,lu:commune:sanem,served_by,true
L-4453,lu:commune:sanem,served_by,true
L-4454,lu:commune:sanem,served_by,true
L-4455,lu:commune:sanem,served_by,true
L-4456,lu:commune:sanem,served_by,true
L-4457,lu:commune:sanem,served_by,true
L-4459,lu:commune:sanem,served_by,true
L-4460,lu:commune:sanem,served_by,true
L-4461,lu:commune:sanem,served_by,true
L-4462,lu:commune:sanem,served_by,true
L-4463,lu:commune:sanem,served_by,true
L-4464,lu:commune:sanem,served_by,true
L-4465,lu:commune:sanem,served_by,true
L-4466,lu:commune:sanem,served_by,true
L-4467,lu:commune:sanem,served_by,true
L-4468,lu:commune:sanem,served_by,true
L-4469,lu:commune:sanem,served_by,true
L-4470,lu:commune:sanem,served_by,true
L-4471,lu:commune:sanem,served_by,true
L-4472,lu:commune:sanem,served_by,true
L-4473,lu:commune:sanem,served_by,true
L-4474,lu:commune:sanem,served_by,true
L-4475,lu:commune:sanem,served_by,true
L-4476,lu:commune:sanem,served_by,true
L-4477,lu:commune:sanem,served_by,true
L-4478,lu:commune:sanem,served_by,true
L-4479,lu:commune:sanem,served_by,true
L-4480,lu:commune:sanem,served_by,true
L-4481,lu:commune:sanem,served_by,true
L-4482,lu:commune:sanem,served_by,true
L-4483,lu:commune:sanem,served_by,true
L-4484,lu:commune:sanem,served_by,true
L-4485,lu:commune:sanem,served_by,true
L-4486,lu:commune:sanem,served_by,true
L-4487,lu:commune:sanem,served_by,true
L-4488,lu:commune:sanem,served_by,true
L-4489,lu:commune:sanem,served_by,true
L-4490,lu:commune:sanem,served_by,true
L-4491,lu:commune:sanem,served_by,true
L-4492,lu:commune:sanem,served_by,true
L-4493,lu:commune:sanem,served_by,true
L-4494,lu:commune:sanem,served_by,true
L-4498,lu:commune:sanem,served_by,true
L-4499,lu:commune:reckange-sur-mess,served_by,true
L-4501,lu:commune:differdange,served_by,true
L-4502,lu:commune:differdange,served_by,true
L-4503,lu:commune:differdange,served_by,true
L-4504,lu:commune:differdange,served_by,true
L-4505,lu:commune:differdange,served_by,true
L-4506,lu:commune:differdange,served_by,true
L-4507,lu:commune:differdange,served_by,true
L-4508,lu:commune:differdange,served_by,true
L-4509,lu:commune:differdange,served_by,true
L-4510,lu:commune:differdange,served_by,true
L-4511,lu:commune:differdange,served_by,true
L-4512,lu:commune:differdange,served_by,true
L-4513,lu:commune:differdange,served_by,true
L-4514,lu:commune:differdange,served_by,true
L-4515,lu:commune:differdange,served_by,true
L-4516,lu:commune:differdange,served_by,true
L-4517,lu:commune:differdange,served_by,true
L-4518,lu:commune:differdange,served_by,true
L-4519,lu:commune:differdange,served_by,true
L-4520,lu:commune:differdange,served_by,true
L-4521,lu:commune:differdange,served_by,true
L-4521,lu:commune:sanem,served_by,false
L-4522,lu:commune:differdange,served_by,true
L-4523,lu:commune:differdange,served_by,true
L-4524,lu:commune:differdange,served_by,true
L-4525,lu:commune:differdange,served_by,true
L-4526,lu:commune:differdange,served_by,true
L-4527,lu:commune:differdange,served_by,true
L-4528,lu:commune:differdange,served_by,true
L-4529,lu:commune:differdange,served_by,true
L-4530,lu:commune:differdange,served_by,true
L-4531,lu:commune:differdange,served_by,true
L-4532,lu:commune:differdange,served_by,true
L-4533,lu:commune:differdange,served_by,true
L-4534,lu:commune:differdange,served_by,true
L-4535,lu:commune:differdange,served_by,true
L-4536,lu:commune:differdange,served_by,true
L-4537,lu:commune:differdange,served_by,true
L-4538,lu:commune:differdange,served_by,true
L-4539,lu:commune:differdange,served_by,true
L-4540,lu:commune:differdange,served_by,true
L-4541,lu:commune:differdange,served_by,true
L-4542,lu:commune:differdange,served_by,true
L-4543,lu:commune:differdange,served_by,true
L-4544,lu:commune:differdange,served_by,true
L-4545,lu:commune:differdange,served_by,true
L-4546,lu:commune:differdange,served_by,true
L-4547,lu:commune:differdange,served_by,true
L-4548,lu:commune:differdange,served_by,true
L-4549,lu:commune:differdange,served_by,true
L-4550,lu:commune:differdange,served_by,true
L-4551,lu:commune:differdange,served_by,true
L-4552,lu:commune:differdange,served_by,true
L-4553,lu:commune:differdange,served_by,true
L-4554,lu:commune:differdange,served_by,true
L-4555,lu:commune:differdange,served_by,true
L-4556,lu:commune:differdange,served_by,true
L-4557,lu:commune:differdange,served_by,true
L-4558,lu:commune:differdange,served_by,true
L-4559,lu:commune:differdange,served_by,true
L-4559,lu:commune:petange,served_by,false
L-4560,lu:commune:differdange,served_by,true
L-4561,lu:commune:differdange,served_by,true
L-4562,lu:commune:differdange,served_by,true
L-4563,lu:commune:differdange,served_by,true
L-4564,lu:commune:differdange,served_by,true
L-4565,lu:commune:differdange,served_by,true
L-4566,lu:commune:differdange,served_by,true
L-4567,lu:commune:differdange,served_by,true
L-4569,lu:commune:differdange,served_by,true
L-4570,lu:commune:differdange,served_by,true
L-4571,lu:commune:differdange,served_by,true
L-4572,lu:commune:differdange,served_by,true
L-4573,lu:commune:differdange,served_by,true
L-4574,lu:commune:differdange,served_by,true
L-4575,lu:commune:differdange,served_by,true
L-4576,lu:commune:differdange,served_by,true
L-4577,lu:commune:differdange,served_by,true
L-4578,lu:commune:differdange,served_by,true
L-4579,lu:commune:differdange,served_by,true
L-4580,lu:commune:differdange,served_by,true
L-4581,lu:commune:differdange,served_by,true
L-4582,lu:commune:differdange,served_by,true
L-4583,lu:commune:differdange,served_by,true
L-4590,lu:commune:differdange,served_by,true
L-4591,lu:commune:differdange,served_by,true
L-4592,lu:commune:differdange,served_by,true
L-4593,lu:commune:differdange,served_by,true
L-4594,lu:commune:differdange,served_by,true
L-4595,lu:commune:differdange,served_by,true
L-4596,lu:commune:differdange,served_by,true
L-4597,lu:commune:differdange,served_by,true
L-4598,lu:commune:differdange,served_by,true
L-4599,lu:commune:differdange,served_by,true
L-4601,lu:commune:differdange,served_by,true
L-4602,lu:commune:differdange,served_by,true
L-4603,lu:commune:differdange,served_by,true
L-4604,lu:commune:differdange,served_by,true
L-4605,lu:commune:differdange,served_by,true
L-4606,lu:commune:differdange,served_by,true
L-4607,lu:commune:differdange,served_by,true
L-4608,lu:commune:differdange,served_by,true
L-4609,lu:commune:differdange,served_by,true
L-4610,lu:commune:differdange,served_by,true
L-4611,lu:commune:differdange,served_by,true
L-4612,lu:commune:differdange,served_by,true
L-4613,lu:commune:differdange,served_by,true
L-4620,lu:commune:differdange,served_by,true
L-4621,lu:commune:differdange,served_by,true
L-4622,lu:commune:differdange,served_by,true
L-4623,lu:commune:differdange,served_by,true
L-4624,lu:commune:differdange,served_by,true
L-4625,lu:commune:differdange,served_by,true
L-4626,lu:commune:differdange,served_by,true
L-4627,lu:commune:differdange,served_by,true
L-4628,lu:commune:differdange,served_by,true
L-4629,lu:commune:differdange,served_by,true
L-4630,lu:commune:differdange,served_by,true
L-4631,lu:commune:differdange,served_by,true
L-4632,lu:commune:differdange,served_by,true
L-4633,lu:commune:differdange,served_by,true
L-4634,lu:commune:differdange,served_by,true
L-4635,lu:commune:differdange,served_by,true
L-4636,lu:commune:differdange,served_by,true
L-4637,lu:commune:differdange,served_by,true
L-4638,lu:commune:differdange,served_by,true
L-4639,lu:commune:differdange,served_by,true
L-4640,lu:commune:differdange,served_by,true
L-4641,lu:commune:differdange,served_by,true
L-4642,lu:commune:differdange,served_by,true
L-4643,lu:commune:differdange,served_by,true
L-4644,lu:commune:differdange,served_by,true
L-4645,lu:commune:differdange,served_by,true
L-4646,lu:commune:differdange,served_by,true
L-4647,lu:commune:differdange,served_by,true
L-4648,lu:commune:differdange,served_by,true
L-4649,lu:commune:differdange,served_by,true
L-4650,lu:commune:differdange,served_by,true
L-4651,lu:commune:differdange,served_by,true
L-4653,lu:commune:differdange,served_by,true
L-4654,lu:commune:differdange,served_by,true
L-4656,lu:commune:differdange,served_by,true
L-4657,lu:commune:differdange,served_by,true
L-4658,lu:commune:differdange,served_by,true
L-4660,lu:commune:differdange,served_by,true
L-4661,lu:commune:differdange,served_by,true
L-4662,lu:commune:differdange,served_by,true
L-4663,lu:commune:differdange,served_by,true
L-4664,lu:commune:differdange,served_by,true
L-4665,lu:commune:differdange,served_by,true
L-4666,lu:commune:differdange,served_by,true
L-4667,lu:commune:differdange,served_by,true
L-4668,lu:commune:differdange,served_by,true
L-4669,lu:commune:differdange,served_by,true
L-4670,lu:commune:differdange,served_by,true
L-4671,lu:commune:differdange,served_by,true
L-4672,lu:commune:differdange,served_by,true
L-4676,lu:commune:differdange,served_by,true
L-4677,lu:commune:differdange,served_by,true
L-4678,lu:commune:differdange,served_by,true
L-4679,lu:commune:differdange,served_by,true
L-4680,lu:commune:differdange,served_by,true
L-4681,lu:commune:differdange,served_by,true
L-4682,lu:commune:differdange,served_by,true
L-4683,lu:commune:differdange,served_by,true
L-4684,lu:commune:differdange,served_by,true
L-4685,lu:commune:differdange,served_by,true
L-4686,lu:commune:differdange,served_by,true
L-4687,lu:commune:differdange,served_by,true
L-4688,lu:commune:differdange,served_by,true
L-4689,lu:commune:differdange,served_by,true
L-4690,lu:commune:differdange,served_by,true
L-4691,lu:commune:differdange,served_by,true
L-4692,lu:commune:differdange,served_by,true
L-4693,lu:commune:differdange,served_by,true
L-4694,lu:commune:differdange,served_by,true
L-4696,lu:commune:differdange,served_by,true
L-4697,lu:commune:differdange,served_by,true
L-4698,lu:commune:differdange,served_by,true
L-4702,lu:commune:petange,served_by,true
L-4706,lu:commune:petange,served_by,true
L-4707,lu:commune:petange,served_by,true
L-4708,lu:commune:petange,served_by,true
L-4709,lu:commune:petange,served_by,true
L-4710,lu:commune:petange,served_by,true
L-4711,lu:commune:petange,served_by,true
L-4712,lu:commune:petange,served_by,true
L-4713,lu:commune:petange,served_by,true
L-4714,lu:commune:petange,served_by,true
L-4715,lu:commune:petange,served_by,true
L-4716,lu:commune:petange,served_by,true
L-4717,lu:commune:petange,served_by,true
L-4718,lu:commune:petange,served_by,true
L-4719,lu:commune:petange,served_by,true
L-4720,lu:commune:petange,served_by,true
L-4721,lu:commune:petange,served_by,true
L-4722,lu:commune:petange,served_by,true
L-4730,lu:commune:petange,served_by,true
L-4731,lu:commune:petange,served_by,true
L-4732,lu:commune:petange,served_by,true
L-4733,lu:commune:petange,served_by,true
L-4734,lu:commune:petange,served_by,true
L-4735,lu:commune:petange,served_by,true
L-4736,lu:commune:petange,served_by,true
L-4737,lu:commune:petange,served_by,true
L-4738,lu:commune:petange,served_by,true
L-4739,lu:commune:petange,served_by,true
L-4740,lu:commune:petange,served_by,true
L-4741,lu:commune:petange,served_by,true
L-4742,lu:commune:petange,served_by,true
L-4743,lu:commune:petange,served_by,true
L-4744,lu:commune:petange,served_by,true
L-4745,lu:commune:petange,served_by,true
L-4750,lu:commune:petange,served_by,true
L-4751,lu:commune:petange,served_by,true
L-4752,lu:commune:petange,served_by,true
L-4753,lu:commune:petange,served_by,true
L-4754,lu:commune:petange,served_by,true
L-4755,lu:commune:petange,served_by,true
L-4756,lu:commune:petange,served_by,true
L-4757,lu:commune:petange,served_by,true
L-4758,lu:commune:petange,served_by,true
L-4759,lu:commune:petange,served_by,true
L-4760,lu:commune:petange,served_by,true
L-4761,lu:commune:petange,served_by,true
L-4762,lu:commune:petange,served_by,true
L-4763,lu:commune:petange,served_by,true
L-4770,lu:commune:petange,served_by,true
L-4771,lu:commune:petange,served_by,true
L-4772,lu:commune:petange,served_by,true
L-4773,lu:commune:petange,served_by,true
L-4774,lu:commune:petange,served_by,true
L-4775,lu:commune:petange,served_by,true
L-4776,lu:commune:petange,served_by,true
L-4777,lu:commune:petange,served_by,true
L-4778,lu:commune:petange,served_by,true
L-4779,lu:commune:petange,served_by,true
L-4780,lu:commune:petange,served_by,true
L-4781,lu:commune:petange,served_by,true
L-4782,lu:commune:petange,served_by,true
L-4783,lu:commune:petange,served_by,true
L-4784,lu:commune:petange,served_by,true
L-4785,lu:commune:petange,served_by,true
L-4786,lu:commune:petange,served_by,true
L-4795,lu:commune:kaerjeng,served_by,true
L-4796,lu:commune:kaerjeng,served_by,true
L-4797,lu:commune:kaerjeng,served_by,true
L-4798,lu:commune:kaerjeng,served_by,true
L-4801,lu:commune:petange,served_by,true
L-4802,lu:commune:petange,served_by,true
L-4804,lu:commune:petange,served_by,true
L-4805,lu:commune:petange,served_by,true
L-4806,lu:commune:petange,served_by,true
L-4807,lu:commune:petange,served_by,true
L-4808,lu:commune:petange,served_by,true
L-4809,lu:commune:petange,served_by,true
L-4810,lu:commune:petange,served_by,true
L-4811,lu:commune:petange,served_by,true
L-4812,lu:commune:petange,served_by,true
L-4813,lu:commune:petange,served_by,true
L-4814,lu:commune:petange,served_by,true
L-4815,lu:commune:petange,served_by,true
L-4818,lu:commune:petange,served_by,true
L-4819,lu:commune:petange,served_by,true
L-4820,lu:commune:petange,served_by,true
L-4822,lu:commune:petange,served_by,true
L-4823,lu:commune:petange,served_by,true
L-4824,lu:commune:petange,served_by,true
L-4825,lu:commune:petange,served_by,true
L-4826,lu:commune:petange,served_by,true
L-4829,lu:commune:petange,served_by,true
L-4830,lu:commune:petange,served_by,true
L-4831,lu:commune:petange,served_by,true
L-4832,lu:commune:petange,served_by,true
L-4833,lu:commune:petange,served_by,true
L-4834,lu:commune:petange,served_by,true
L-4837,lu:commune:petange,served_by,true
L-4838,lu:commune:petange,served_by,true
L-4839,lu:commune:petange,served_by,true
L-4840,lu:commune:petange,served_by,true
L-4842,lu:commune:petange,served_by,true
L-4843,lu:commune:petange,served_by,true
L-4844,lu:commune:petange,served_by,true
L-4845,lu:commune:petange,served_by,true
L-4846,lu:commune:petange,served_by,true
L-4847,lu:commune:petange,served_by,true
L-4848,lu:commune:petange,served_by,true
L-4849,lu:commune:petange,served_by,true
L-4850,lu:commune:petange,served_by,true
L-4853,lu:commune:petange,served_by,true
L-4870,lu:commune:petange,served_by,true
L-4871,lu:commune:petange,served_by,true
L-4872,lu:commune:petange,served_by,true
L-4873,lu:commune:petange,served_by,true
L-4874,lu:commune:petange,served_by,true
L-4875,lu:commune:petange,served_by,true
L-4876,lu:commune:petange,served_by,true
L-4877,lu:commune:petange,served_by,true
L-4878,lu:commune:petange,served_by,true
L-4879,lu:commune:petange,served_by,true
L-4880,lu:commune:petange,served_by,true
L-4881,lu:commune:petange,served_by,true
L-4882,lu:commune:petange,served_by,true
L-4883,lu:commune:petange,served_by,true
L-4884,lu:commune:petange,served_by,true
L-4885,lu:commune:petange,served_by,true
L-4886,lu:commune:petange,served_by,true
L-4887,lu:commune:petange,served_by,true
L-4888,lu:commune:petange,served_by,true
L-4889,lu:commune:petange,served_by,true
L-4890,lu:commune:petange,served_by,true
L-4891,lu:commune:petange,served_by,true
L-4892,lu:commune:petange,served_by,true
L-4893,lu:commune:petange,served_by,true
L-4894,lu:commune:petange,served_by,true
L-4895,lu:commune:petange,served_by,true
L-4901,lu:commune:kaerjeng,served_by,true
L-4902,lu:commune:kaerjeng,served_by,true
L-4905,lu:commune:kaerjeng,served_by,true
L-4906,lu:commune:kaerjeng,served_by,true
L-4907,lu:commune:kaerjeng,served_by,true
L-4908,lu:commune:kaerjeng,served_by,true
L-4908,lu:commune:petange,served_by,false
L-4909,lu:commune:kaerjeng,served_by,true
L-4910,lu:commune:kaerjeng,served_by,true
L-4911,lu:commune:kaerjeng,served_by,true
L-4912,lu:commune:kaerjeng,served_by,true
L-4913,lu:commune:kaerjeng,served_by,true
L-4914,lu:commune:kaerjeng,served_by,true
L-4915,lu:commune:kaerjeng,served_by,true
L-4916,lu:commune:kaerjeng,served_by,true
L-4917,lu:commune:kaerjeng,served_by,true
L-4918,lu:commune:kaerjeng,served_by,true
L-4919,lu:commune:kaerjeng,served_by,true
L-4920,lu:commune:kaerjeng,served_by,true
L-4921,lu:commune:kaerjeng,served_by,true
L-4922,lu:commune:kaerjeng,served_by,true
L-4923,lu:commune:kaerjeng,served_by,true
L-4924,lu:commune:kaerjeng,served_by,true
L-4925,lu:commune:kaerjeng,served_by,true
L-4926,lu:commune:kaerjeng,served_by,true
L-4927,lu:commune:kaerjeng,served_by,true
L-4928,lu:commune:kaerjeng,served_by,true
L-4929,lu:commune:kaerjeng,served_by,true
L-4930,lu:commune:kaerjeng,served_by,true
L-4931,lu:commune:kaerjeng,served_by,true
L-4932,lu:commune:kaerjeng,served_by,true
L-4933,lu:commune:kaerjeng,served_by,true
L-4934,lu:commune:kaerjeng,served_by,true
L-4935,lu:commune:kaerjeng,served_by,true
L-4936,lu:commune:kaerjeng,served_by,true
L-4937,lu:commune:kaerjeng,served_by,true
L-4938,lu:commune:kaerjeng,served_by,true
L-4939,lu:commune:kaerjeng,served_by,true
L-4940,lu:commune:kaerjeng,served_by,true
L-4941,lu:commune:kaerjeng,served_by,true
L-4942,lu:commune:kaerjeng,served_by,true
L-4943,lu:commune:kaerjeng,served_by,true
L-4944,lu:commune:kaerjeng,served_by,true
L-4945,lu:commune:kaerjeng,served_by,true
L-4946,lu:commune:kaerjeng,served_by,true
L-4947,lu:commune:kaerjeng,served_by,true
L-4948,lu:commune:kaerjeng,served_by,true
L-4949,lu:commune:kaerjeng,served_by,true
L-4950,lu:commune:kaerjeng,served_by,true
L-4951,lu:commune:kaerjeng,served_by,true
L-4952,lu:commune:kaerjeng,served_by,true
L-4953,lu:commune:kaerjeng,served_by,true
L-4954,lu:commune:kaerjeng,served_by,true
L-4955,lu:commune:kaerjeng,served_by,true
L-4956,lu:commune:kaerjeng,served_by,true
L-4957,lu:commune:kaerjeng,served_by,true
L-4958,lu:commune:kaerjeng,served_by,true
L-4959,lu:commune:kaerjeng,served_by,true
L-4960,lu:commune:kaerjeng,served_by,true
L-4961,lu:commune:kaerjeng,served_by,true
L-4962,lu:commune:kaerjeng,served_by,true
L-4963,lu:commune:kaerjeng,served_by,true
L-4964,lu:commune:kaerjeng,served_by,true
L-4965,lu:commune:kaerjeng,served_by,true
L-4966,lu:commune:kaerjeng,served_by,true
L-4967,lu:commune:kaerjeng,served_by,true
L-4968,lu:commune:dippach,served_by,true
L-4969,lu:commune:kaerjeng,served_by,true
L-4970,lu:commune:dippach,served_by,true
L-4971,lu:commune:dippach,served_by,true
L-4972,lu:commune:dippach,served_by,true
L-4973,lu:commune:dippach,served_by,true
L-4974,lu:commune:dippach,served_by,true
L-4975,lu:commune:dippach,served_by,true
L-4976,lu:commune:dippach,served_by,true
L-4977,lu:commune:dippach,served_by,true
L-4978,lu:commune:kaerjeng,served_by,true
L-4979,lu:commune:kaerjeng,served_by,true
L-4980,lu:commune:reckange-sur-mess,served_by,true
L-4981,lu:commune:reckange-sur-mess,served_by,true
L-4982,lu:commune:reckange-sur-mess,served_by,true
L-4984,lu:commune:sanem,served_by,true
L-4985,lu:commune:sanem,served_by,true
L-4986,lu:commune:sanem,served_by,true
L-4987,lu:commune:sanem,served_by,true
L-4988,lu:commune:sanem,served_by,true
L-4989,lu:commune:sanem,served_by,true
L-4990,lu:commune:sanem,served_by,true
L-4991,lu:commune:sanem,served_by,true
L-4992,lu:commune:sanem,served_by,true
L-4993,lu:commune:sanem,served_by,true
L-4994,lu:commune:dippach,served_by,true
L-4995,lu:commune:dippach,served_by,true
L-4996,lu:commune:dippach,served_by,true
L-4997,lu:commune:dippach,served_by,true
L-4998,lu:commune:dippach,served_by,true
L-4999,lu:commune:dippach,served_by,true
L-5201,lu:commune:sandweiler,served_by,true
L-5211,lu:commune:sandweiler,served_by,true
L-5212,lu:commune:sandweiler,served_by,true
L-5213,lu:commune:sandweiler,served_by,true
L-5214,lu:commune:sandweiler,served_by,true
L-5215,lu:commune:sandweiler,served_by,true
L-5216,lu:commune:sandweiler,served_by,true
L-5217,lu:commune:sandweiler,served_by,true
L-5218,lu:commune:sandweiler,served_by,true
L-5219,lu:commune:sandweiler,served_by,true
L-5220,lu:commune:sandweiler,served_by,true
L-5221,lu:commune:sandweiler,served_by,true
L-5222,lu:commune:sandweiler,served_by,true
L-5230,lu:commune:sandweiler,served_by,true
L-5231,lu:commune:sandweiler,served_by,true
L-5232,lu:commune:sandweiler,served_by,true
L-5233,lu:commune:sandweiler,served_by,true
L-5234,lu:commune:sandweiler,served_by,true
L-5236,lu:commune:sandweiler,served_by,true
L-5237,lu:commune:sandweiler,served_by,true
L-5238,lu:commune:sandweiler,served_by,true
L-5239,lu:commune:sandweiler,served_by,true
L-5240,lu:commune:sandweiler,served_by,true
L-5241,lu:commune:sandweiler,served_by,true
L-5243,lu:commune:sandweiler,served_by,true
L-5244,lu:commune:sandweiler,served_by,true
L-5250,lu:commune:sandweiler,served_by,true
L-5251,lu:commune:sandweiler,served_by,true
L-5252,lu:commune:sandweiler,served_by,true
L-5253,lu:commune:sandweiler,served_by,true
L-5254,lu:commune:sandweiler,served_by,true
L-5255,lu:commune:sandweiler,served_by,true
L-5256,lu:commune:sandweiler,served_by,true
L-5280,lu:commune:hesperange,served_by,true
L-5280,lu:commune:sandweiler,served_by,false
L-5290,lu:commune:schuttrange,served_by,true
L-5291,lu:commune:schuttrange,served_by,true
L-5299,lu:commune:schuttrange,served_by,true
L-5310,lu:commune:contern,served_by,true
L-5312,lu:commune:contern,served_by,true
L-5313,lu:commune:contern,served_by,true
L-5314,lu:commune:contern,served_by,true
L-5315,lu:commune:contern,served_by,true
L-5316,lu:commune:contern,served_by,true
L-5317,lu:commune:contern,served_by,true
L-5318,lu:commune:contern,served_by,true
L-5320,lu:commune:contern,served_by,true
L-5322,lu:commune:contern,served_by,true
L-5324,lu:commune:contern,served_by,true
L-5326,lu:commune:contern,served_by,true
L-5328,lu:commune:contern,served_by,true
L-5330,lu:commune:contern,served_by,true
L-5331,lu:commune:contern,served_by,true
L-5332,lu:commune:contern,served_by,true
L-5333,lu:commune:contern,served_by,true
L-5334,lu:commune:contern,served_by,true
L-5335,lu:commune:contern,served_by,true
L-5336,lu:commune:contern,served_by,true
L-5337,lu:commune:contern,served_by,true
L-5339,lu:commune:contern,served_by,true
L-5340,lu:commune:contern,served_by,true
L-5341,lu:commune:contern,served_by,true
L-5342,lu:commune:schuttrange,served_by,true
L-5351,lu:commune:contern,served_by,true
L-5352,lu:commune:contern,served_by,true
L-5353,lu:commune:contern,served_by,true
L-5353,lu:commune:lenningen,served_by,false
L-5355,lu:commune:contern,served_by,true
L-5359,lu:commune:schuttrange,served_by,true
L-5360,lu:commune:schuttrange,served_by,true
L-5361,lu:commune:schuttrange,served_by,true
L-5362,lu:commune:schuttrange,served_by,true
L-5363,lu:commune:schuttrange,served_by,true
L-5364,lu:commune:schuttrange,served_by,true
L-5365,lu:commune:schuttrange,served_by,true
L-5366,lu:commune:schuttrange,served_by,true
L-5367,lu:commune:schuttrange,served_by,true
L-5368,lu:commune:schuttrange,served_by,true
L-5369,lu:commune:schuttrange,served_by,true
L-5370,lu:commune:schuttrange,served_by,true
L-5371,lu:commune:schuttrange,served_by,true
L-5372,lu:commune:schuttrange,served_by,true
L-5373,lu:commune:schuttrange,served_by,true
L-5374,lu:commune:schuttrange,served_by,true
L-5375,lu:commune:schuttrange,served_by,true
L-5376,lu:commune:schuttrange,served_by,true
L-5377,lu:commune:schuttrange,served_by,true
L-5378,lu:commune:schuttrange,served_by,true
L-5380,lu:commune:schuttrange,served_by,true
L-5381,lu:commune:schuttrange,served_by,true
L-5401,lu:commune:wormeldange,served_by,true
L-5402,lu:commune:bous-waldbredimus,served_by,true
L-5403,lu:commune:schengen,served_by,true
L-5404,lu:commune:schengen,served_by,true
L-5405,lu:commune:schengen,served_by,true
L-5407,lu:commune:bous-waldbredimus,served_by,true
L-5408,lu:commune:bous-waldbredimus,served_by,true
L-5410,lu:commune:flaxweiler,served_by,true
L-5411,lu:commune:lenningen,served_by,true
L-5412,lu:commune:lenningen,served_by,true
L-5412,lu:commune:stadtbredimus,served_by,false
L-5413,lu:commune:lenningen,served_by,true
L-5414,lu:commune:lenningen,served_by,true
L-5415,lu:commune:lenningen,served_by,true
L-5416,lu:commune:wormeldange,served_by,true
L-5417,lu:commune:wormeldange,served_by,true
L-5418,lu:commune:wormeldange,served_by,true
L-5419,lu:commune:wormeldange,served_by,true
L-5420,lu:commune:schengen,served_by,true
L-5421,lu:commune:bous-waldbredimus,served_by,true
L-5421,lu:commune:dalheim,served_by,false
L-5422,lu:commune:bous-waldbredimus,served_by,true
L-5423,lu:commune:bous-waldbredimus,served_by,true
L-5424,lu:commune:flaxweiler,served_by,true
L-5425,lu:commune:flaxweiler,served_by,true
L-5426,lu:commune:stadtbredimus,served_by,true
L-5427,lu:commune:stadtbredimus,served_by,true
L-5429,lu:commune:stadtbredimus,served_by,true
L-5430,lu:commune:lenningen,served_by,true
L-5431,lu:commune:lenningen,served_by,true
L-5432,lu:commune:wormeldange,served_by,true
L-5433,lu:commune:flaxweiler,served_by,true
L-5434,lu:commune:flaxweiler,served_by,true
L-5435,lu:commune:flaxweiler,served_by,true
L-5439,lu:commune:schengen,served_by,true
L-5440,lu:commune:schengen,served_by,true
L-5441,lu:commune:schengen,served_by,true
L-5442,lu:commune:bous-waldbredimus,served_by,true
L-5443,lu:commune:bous-waldbredimus,served_by,true
L-5444,lu:commune:schengen,served_by,true
L-5445,lu:commune:schengen,served_by,true
L-5446,lu:commune:schengen,served_by,true
L-5447,lu:commune:schengen,served_by,true
L-5450,lu:commune:stadtbredimus,served_by,true
L-5451,lu:commune:stadtbredimus,served_by,true
L-5460,lu:commune:bous-waldbredimus,served_by,true
L-5465,lu:commune:bous-waldbredimus,served_by,true
L-5466,lu:commune:bous-waldbredimus,served_by,true
L-5470,lu:commune:schengen,served_by,true
L-5471,lu:commune:schengen,served_by,true
L-5480,lu:commune:wormeldange,served_by,true
L-5481,lu:commune:wormeldange,served_by,true
L-5482,lu:commune:wormeldange,served_by,true
L-5483,lu:commune:wormeldange,served_by,true
L-5485,lu:commune:wormeldange,served_by,true
L-5488,lu:commune:wormeldange,served_by,true
L-5489,lu:commune:wormeldange,served_by,true
L-5495,lu:commune:schengen,served_by,true
L-5499,lu:commune:wormeldange,served_by,true
L-5501,lu:commune:remich,served_by,true
L-5511,lu:commune:remich,served_by,true
L-5512,lu:commune:remich,served_by,true
L-5513,lu:commune:remich,served_by,true
L-5514,lu:commune:remich,served_by,true
L-5515,lu:commune:remich,served_by,true
L-5516,lu:commune:remich,served_by,true
L-5517,lu:commune:remich,served_by,true
L-5518,lu:commune:remich,served_by,true
L-5519,lu:commune:remich,served_by,true
L-5520,lu:commune:remich,served_by,true
L-5521,lu:commune:remich,served_by,true
L-5522,lu:commune:remich,served_by,true
L-5523,lu:commune:remich,served_by,true
L-5530,lu:commune:remich,served_by,true
L-5531,lu:commune:remich,served_by,true
L-5532,lu:commune:remich,served_by,true
L-5533,lu:commune:remich,served_by,true
L-5534,lu:commune:remich,served_by,true
L-5535,lu:commune:remich,served_by,true
L-5536,lu:commune:remich,served_by,true
L-5537,lu:commune:remich,served_by,true
L-5538,lu:commune:remich,served_by,true
L-5539,lu:commune:remich,served_by,true
L-5540,lu:commune:remich,served_by,true
L-5544,lu:commune:remich,served_by,true
L-5548,lu:commune:remich,served_by,true
L-5549,lu:commune:remich,served_by,true
L-5550,lu:commune:remich,served_by,true
L-5551,lu:commune:remich,served_by,true
L-5552,lu:commune:remich,served_by,true
L-5553,lu:commune:remich,served_by,true
L-5554,lu:commune:remich,served_by,true
L-5555,lu:commune:remich,served_by,true
L-5556,lu:commune:remich,served_by,true
L-5557,lu:commune:remich,served_by,true
L-5558,lu:commune:remich,served_by,true
L-5559,lu:commune:remich,served_by,true
L-5560,lu:commune:remich,served_by,true
L-5561,lu:commune:remich,served_by,true
L-5570,lu:commune:remich,served_by,true
L-5571,lu:commune:remich,served_by,true
L-5572,lu:commune:remich,served_by,true
L-5573,lu:commune:remich,served_by,true
L-5574,lu:commune:remich,served_by,true
L-5575,lu:commune:remich,served_by,true
L-5576,lu:commune:remich,served_by,true
L-5577,lu:commune:remich,served_by,true
L-5601,lu:commune:mondorf-les-bains,served_by,true
L-5602,lu:commune:mondorf-les-bains,served_by,true
L-5610,lu:commune:mondorf-les-bains,served_by,true
L-5611,lu:commune:mondorf-les-bains,served_by,true
L-5612,lu:commune:mondorf-les-bains,served_by,true
L-5613,lu:commune:mondorf-les-bains,served_by,true
L-5614,lu:commune:mondorf-les-bains,served_by,true
L-5615,lu:commune:mondorf-les-bains,served_by,true
L-5616,lu:commune:mondorf-les-bains,served_by,true
L-5617,lu:commune:mondorf-les-bains,served_by,true
L-5618,lu:commune:mondorf-les-bains,served_by,true
L-5619,lu:commune:mondorf-les-bains,served_by,true
L-5620,lu:commune:mondorf-les-bains,served_by,true
L-5626,lu:commune:mondorf-les-bains,served_by,true
L-5627,lu:commune:mondorf-les-bains,served_by,true
L-5628,lu:commune:mondorf-les-bains,served_by,true
L-5629,lu:commune:mondorf-les-bains,served_by,true
L-5630,lu:commune:mondorf-les-bains,served_by,true
L-5631,lu:commune:mondorf-les-bains,served_by,true
L-5632,lu:commune:mondorf-les-bains,served_by,true
L-5633,lu:commune:mondorf-les-bains,served_by,true
L-5634,lu:commune:mondorf-les-bains,served_by,true
L-5635,lu:commune:mondorf-les-bains,served_by,true
L-5636,lu:commune:mondorf-les-bains,served_by,true
L-5637,lu:commune:mondorf-les-bains,served_by,true
L-5638,lu:commune:mondorf-les-bains,served_by,true
L-5639,lu:commune:mondorf-les-bains,served_by,true
L-5640,lu:commune:mondorf-les-bains,served_by,true
L-5650,lu:commune:mondorf-les-bains,served_by,true
L-5651,lu:commune:mondorf-les-bains,served_by,true
L-5652,lu:commune:mondorf-les-bains,served_by,true
L-5653,lu:commune:mondorf-les-bains,served_by,true
L-5654,lu:commune:mondorf-les-bains,served_by,true
L-5655,lu:commune:mondorf-les-bains,served_by,true
L-5656,lu:commune:mondorf-les-bains,served_by,true
L-5657,lu:commune:mondorf-les-bains,served_by,true
L-5658,lu:commune:mondorf-les-bains,served_by,true
L-5659,lu:commune:mondorf-les-bains,served_by,true
L-5670,lu:commune:mondorf-les-bains,served_by,true
L-5671,lu:commune:mondorf-les-bains,served_by,true
L-5675,lu:commune:schengen,served_by,true
L-5680,lu:commune:dalheim,served_by,true
L-5681,lu:commune:dalheim,served_by,true
L-5682,lu:commune:dalheim,served_by,true
L-5683,lu:commune:dalheim,served_by,true
L-5684,lu:commune:dalheim,served_by,true
L-5685,lu:commune:dalheim,served_by,true
L-5686,lu:commune:dalheim,served_by,true
L-5687,lu:commune:dalheim,served_by,true
L-5690,lu:commune:mondorf-les-bains,served_by,true
L-5691,lu:commune:mondorf-les-bains,served_by,true
L-5692,lu:commune:schengen,served_by,true
L-5693,lu:commune:schengen,served_by,true
L-5695,lu:commune:schengen,served_by,true
L-5698,lu:commune:dalheim,served_by,true
L-5710,lu:commune:frisange,served_by,true
L-5711,lu:commune:frisange,served_by,true
L-5712,lu:commune:frisange,served_by,true
L-5713,lu:commune:frisange,served_by,true
L-5714,lu:commune:frisange,served_by,true
L-5716,lu:commune:frisange,served_by,true
L-5717,lu:commune:frisange,served_by,true
L-5718,lu:commune:frisange,served_by,true
L-5719,lu:commune:frisange,served_by,true
L-5720,lu:commune:frisange,served_by,true
L-5721,lu:commune:frisange,served_by,true
L-5722,lu:commune:frisange,served_by,true
L-5723,lu:commune:frisange,served_by,true
L-5730,lu:commune:dalheim,served_by,true
L-5730,lu:commune:frisange,served_by,false
L-5740,lu:commune:dalheim,served_by,true
L-5741,lu:commune:dalheim,served_by,true
L-5750,lu:commune:frisange,served_by,true
L-5751,lu:commune:frisange,served_by,true
L-5752,lu:commune:frisange,served_by,true
L-5753,lu:commune:frisange,served_by,true
L-5754,lu:commune:frisange,served_by,true
L-5755,lu:commune:frisange,served_by,true
L-5756,lu:commune:frisange,served_by,true
L-5760,lu:commune:weiler-la-tour,served_by,true
L-5761,lu:commune:weiler-la-tour,served_by,true
L-5762,lu:commune:weiler-la-tour,served_by,true
L-5770,lu:commune:weiler-la-tour,served_by,true
L-5771,lu:commune:weiler-la-tour,served_by,true
L-5772,lu:commune:weiler-la-tour,served_by,true
L-5773,lu:commune:weiler-la-tour,served_by,true
L-5774,lu:commune:weiler-la-tour,served_by,true
L-5775,lu:commune:weiler-la-tour,served_by,true
L-5776,lu:commune:weiler-la-tour,served_by,true
L-5801,lu:commune:hesperange,served_by,true
L-5808,lu:commune:hesperange,served_by,true
L-5809,lu:commune:hesperange,served_by,true
L-5810,lu:commune:hesperange,served_by,true
L-5811,lu:commune:hesperange,served_by,true
L-5812,lu:commune:hesperange,served_by,true
L-5813,lu:commune:hesperange,served_by,true
L-5814,lu:commune:hesperange,served_by,true
L-5815,lu:commune:hesperange,served_by,true
L-5816,lu:commune:hesperange,served_by,true
L-5817,lu:commune:hesperange,served_by,true
L-5818,lu:commune:hesperange,served_by,true
L-5819,lu:commune:hesperange,served_by,true
L-5820,lu:commune:hesperange,served_by,true
L-5821,lu:commune:hesperange,served_by,true
L-5822,lu:commune:hesperange,served_by,true
L-5823,lu:commune:hesperange,served_by,true
L-5824,lu:commune:hesperange,served_by,true
L-5825,lu:commune:hesperange,served_by,true
L-5826,lu:commune:hesperange,served_by,true
L-5828,lu:commune:hesperange,served_by,true
L-5829,lu:commune:hesperange,served_by,true
L-5830,lu:commune:hesperange,served_by,true
L-5831,lu:commune:hesperange,served_by,true
L-5832,lu:commune:hesperange,served_by,true
L-5833,lu:commune:hesperange,served_by,true
L-5834,lu:commune:hesperange,served_by,true
L-5835,lu:commune:hesperange,served_by,true
L-5836,lu:commune:hesperange,served_by,true
L-5837,lu:commune:hesperange,served_by,true
L-5838,lu:commune:hesperange,served_by,true
L-5839,lu:commune:hesperange,served_by,true
L-5840,lu:commune:hesperange,served_by,true
L-5841,lu:commune:hesperange,served_by,true
L-5842,lu:commune:hesperange,served_by,true
L-5843,lu:commune:hesperange,served_by,true
L-5844,lu:commune:hesperange,served_by,true
L-5846,lu:commune:hesperange,served_by,true
L-5850,lu:commune:hesperange,served_by,true
L-5852,lu:commune:hesperange,served_by,true
L-5853,lu:commune:hesperange,served_by,true
L-5854,lu:commune:hesperange,served_by,true
L-5855,lu:commune:hesperange,served_by,true
L-5856,lu:commune:hesperange,served_by,true
L-5859,lu:commune:hesperange,served_by,true
L-5860,lu:commune:hesperange,served_by,true
L-5861,lu:commune:hesperange,served_by,true
L-5862,lu:commune:hesperange,served_by,true
L-5863,lu:commune:hesperange,served_by,true
L-5864,lu:commune:hesperange,served_by,true
L-5865,lu:commune:hesperange,served_by,true
L-5866,lu:commune:hesperange,served_by,true
L-5867,lu:commune:hesperange,served_by,true
L-5868,lu:commune:hesperange,served_by,true
L-5869,lu:commune:hesperange,served_by,true
L-5870,lu:commune:hesperange,served_by,true
L-5871,lu:commune:hesperange,served_by,true
L-5872,lu:commune:hesperange,served_by,true
L-5873,lu:commune:hesperange,served_by,true
L-5874,lu:commune:hesperange,served_by,true
L-5875,lu:commune:hesperange,served_by,true
L-5876,lu:commune:hesperange,served_by,true
L-5878,lu:commune:hesperange,served_by,true
L-5880,lu:commune:hesperange,served_by,true
L-5884,lu:commune:hesperange,served_by,true
L-5885,lu:commune:hesperange,served_by,true
L-5886,lu:commune:hesperange,served_by,true
L-5887,lu:commune:hesperange,served_by,true
L-5888,lu:commune:hesperange,served_by,true
L-5889,lu:commune:hesperange,served_by,true
L-5890,lu:commune:hesperange,served_by,true
L-5891,lu:commune:hesperange,served_by,true
L-5892,lu:commune:hesperange,served_by,true
L-5893,lu:commune:hesperange,served_by,true
L-5894,lu:commune:hesperange,served_by,true
L-5895,lu:commune:hesperange,served_by,true
L-5896,lu:commune:hesperange,served_by,true
L-5898,lu:commune:dalheim,served_by,true
L-5898,lu:commune:weiler-la-tour,served_by,false
L-5899,lu:commune:weiler-la-tour,served_by,true
L-5940,lu:commune:hesperange,served_by,true
L-5942,lu:commune:hesperange,served_by,true
L-5943,lu:commune:hesperange,served_by,true
L-5950,lu:commune:hesperange,served_by,true
L-5951,lu:commune:hesperange,served_by,true
L-5952,lu:commune:hesperange,served_by,true
L-5953,lu:commune:hesperange,served_by,true
L-5954,lu:commune:hesperange,served_by,true
L-5955,lu:commune:hesperange,served_by,true
L-5956,lu:commune:hesperange,served_by,true
L-5957,lu:commune:hesperange,served_by,true
L-5958,lu:commune:hesperange,served_by,true
L-5959,lu:commune:hesperange,served_by,true
L-5960,lu:commune:hesperange,served_by,true
L-5961,lu:commune:hesperange,served_by,true
L-5962,lu:commune:hesperange,served_by,true
L-5963,lu:commune:hesperange,served_by,true
L-5964,lu:commune:hesperange,served_by,true
L-5969,lu:commune:hesperange,served_by,true
L-5970,lu:commune:hesperange,served_by,true
L-5971,lu:commune:hesperange,served_by,true
L-5972,lu:commune:hesperange,served_by,true
L-5973,lu:commune:hesperange,served_by,true
L-5974,lu:commune:hesperange,served_by,true
L-5975,lu:commune:hesperange,served_by,true
L-5976,lu:commune:hesperange,served_by,true
L-5977,lu:commune:hesperange,served_by,true
L-5978,lu:commune:hesperange,served_by,true
L-6101,lu:commune:junglinster,served_by,true
L-6111,lu:commune:junglinster,served_by,true
L-6112,lu:commune:junglinster,served_by,true
L-6113,lu:commune:junglinster,served_by,true
L-6114,lu:commune:junglinster,served_by,true
L-6115,lu:commune:junglinster,served_by,true
L-6116,lu:commune:junglinster,served_by,true
L-6117,lu:commune:junglinster,served_by,true
L-6118,lu:commune:junglinster,served_by,true
L-6119,lu:commune:junglinster,served_by,true
L-6120,lu:commune:junglinster,served_by,true
L-6121,lu:commune:junglinster,served_by,true
L-6122,lu:commune:junglinster,served_by,true
L-6123,lu:commune:junglinster,served_by,true
L-6124,lu:commune:junglinster,served_by,true
L-6125,lu:commune:junglinster,served_by,true
L-6129,lu:commune:junglinster,served_by,true
L-6130,lu:commune:junglinster,served_by,true
L-6131,lu:commune:junglinster,served_by,true
L-6132,lu:commune:junglinster,served_by,true
L-6133,lu:commune:junglinster,served_by,true
L-6134,lu:commune:junglinster,served_by,true
L-6135,lu:commune:junglinster,served_by,true
L-6136,lu:commune:junglinster,served_by,true
L-6137,lu:commune:junglinster,served_by,true
L-6138,lu:commune:junglinster,served_by,true
L-6139,lu:commune:junglinster,served_by,true
L-6140,lu:commune:junglinster,served_by,true
L-6141,lu:commune:junglinster,served_by,true
L-6142,lu:commune:junglinster,served_by,true
L-6143,lu:commune:junglinster,served_by,true
L-6144,lu:commune:junglinster,served_by,true
L-6145,lu:commune:junglinster,served_by,true
L-6146,lu:commune:junglinster,served_by,true
L-6147,lu:commune:junglinster,served_by,true
L-6148,lu:commune:junglinster,served_by,true
L-6149,lu:commune:junglinster,served_by,true
L-6150,lu:commune:junglinster,served_by,true
L-6155,lu:commune:fischbach,served_by,true
L-6155,lu:commune:lintgen,served_by,false
L-6160,lu:commune:junglinster,served_by,true
L-6161,lu:commune:junglinster,served_by,true
L-6162,lu:commune:junglinster,served_by,true
L-6163,lu:commune:junglinster,served_by,true
L-6165,lu:commune:niederanven,served_by,true
L-6166,lu:commune:niederanven,served_by,true
L-6169,lu:commune:junglinster,served_by,true
L-6170,lu:commune:junglinster,served_by,true
L-6171,lu:commune:junglinster,served_by,true
L-6175,lu:commune:fischbach,served_by,true
L-6180,lu:commune:junglinster,served_by,true
L-6181,lu:commune:junglinster,served_by,true
L-6182,lu:commune:junglinster,served_by,true
L-6183,lu:commune:junglinster,served_by,true
L-6184,lu:commune:junglinster,served_by,true
L-6185,lu:commune:junglinster,served_by,true
L-6186,lu:commune:junglinster,served_by,true
L-6187,lu:commune:junglinster,served_by,true
L-6188,lu:commune:junglinster,served_by,true
L-6189,lu:commune:junglinster,served_by,true
L-6190,lu:commune:junglinster,served_by,true
L-6195,lu:commune:junglinster,served_by,true
L-6196,lu:commune:junglinster,served_by,true
L-6197,lu:commune:junglinster,served_by,true
L-6210,lu:commune:consdorf,served_by,true
L-6211,lu:commune:consdorf,served_by,true
L-6212,lu:commune:consdorf,served_by,true
L-6213,lu:commune:consdorf,served_by,true
L-6214,lu:commune:berdorf,served_by,true
L-6214,lu:commune:consdorf,served_by,false
L-6215,lu:commune:consdorf,served_by,true
L-6216,lu:commune:consdorf,served_by,true
L-6225,lu:commune:bech,served_by,true
L-6230,lu:commune:bech,served_by,true
L-6231,lu:commune:bech,served_by,true
L-6231,lu:commune:rosport-mompach,served_by,false
L-6235,lu:commune:junglinster,served_by,true
L-6238,lu:commune:consdorf,served_by,true
L-6239,lu:commune:consdorf,served_by,true
L-6240,lu:commune:junglinster,served_by,true
L-6243,lu:commune:bech,served_by,true
L-6245,lu:commune:waldbillig,served_by,true
L-6246,lu:commune:bech,served_by,true
L-6250,lu:commune:consdorf,served_by,true
L-6251,lu:commune:bech,served_by,true
L-6251,lu:commune:consdorf,served_by,false
L-6252,lu:commune:consdorf,served_by,true
L-6255,lu:commune:bech,served_by,true
L-6310,lu:commune:beaufort,served_by,true
L-6311,lu:commune:beaufort,served_by,true
L-6311,lu:commune:reisdorf,served_by,false
L-6312,lu:commune:beaufort,served_by,true
L-6313,lu:commune:beaufort,served_by,true
L-6314,lu:commune:beaufort,served_by,true
L-6315,lu:commune:beaufort,served_by,true
L-6316,lu:commune:beaufort,served_by,true
L-6340,lu:commune:reisdorf,served_by,true
L-6350,lu:commune:beaufort,served_by,true
L-6360,lu:commune:beaufort,served_by,true
L-6360,lu:commune:berdorf,served_by,false
L-6370,lu:commune:waldbillig,served_by,true
L-6380,lu:commune:vallee-de-l-ernz,served_by,true
L-6380,lu:commune:waldbillig,served_by,false
L-6401,lu:commune:echternach,served_by,true
L-6402,lu:commune:echternach,served_by,true
L-6408,lu:commune:echternach,served_by,true
L-6409,lu:commune:echternach,served_by,true
L-6410,lu:commune:echternach,served_by,true
L-6411,lu:commune:echternach,served_by,true
L-6412,lu:commune:echternach,served_by,true
L-6413,lu:commune:echternach,served_by,true
L-6414,lu:commune:echternach,served_by,true
L-6415,lu:commune:echternach,served_by,true
L-6416,lu:commune:echternach,served_by,true
L-6417,lu:commune:echternach,served_by,true
L-6418,lu:commune:echternach,served_by,true
L-6419,lu:commune:echternach,served_by,true
L-6420,lu:commune:echternach,served_by,true
L-6421,lu:commune:echternach,served_by,true
L-6422,lu:commune:echternach,served_by,true
L-6423,lu:commune:echternach,served_by,true
L-6430,lu:commune:echternach,served_by,true
L-6431,lu:commune:echternach,served_by,true
L-6432,lu:commune:echternach,served_by,true
L-6433,lu:commune:echternach,served_by,true
L-6434,lu:commune:echternach,served_by,true
L-6435,lu:commune:echternach,served_by,true
L-6436,lu:commune:echternach,served_by,true
L-6437,lu:commune:echternach,served_by,true
L-6438,lu:commune:echternach,served_by,true
L-6439,lu:commune:echternach,served_by,true
L-6440,lu:commune:echternach,served_by,true
L-6441,lu:commune:echternach,served_by,true
L-6442,lu:commune:echternach,served_by,true
L-6443,lu:commune:echternach,served_by,true
L-6445,lu:commune:echternach,served_by,true
L-6446,lu:commune:echternach,served_by,true
L-6447,lu:commune:echternach,served_by,true
L-6448,lu:commune:echternach,served_by,true
L-6449,lu:commune:echternach,served_by,true
L-6450,lu:commune:echternach,served_by,true
L-6451,lu:commune:echternach,served_by,true
L-6452,lu:commune:echternach,served_by,true
L-6453,lu:commune:echternach,served_by,true
L-6454,lu:commune:echternach,served_by,true
L-6455,lu:commune:echternach,served_by,true
L-6460,lu:commune:echternach,served_by,true
L-6461,lu:commune:echternach,served_by,true
L-6462,lu:commune:echternach,served_by,true
L-6463,lu:commune:echternach,served_by,true
L-6464,lu:commune:echternach,served_by,true
L-6465,lu:commune:echternach,served_by,true
L-6466,lu:commune:echternach,served_by,true
L-6467,lu:commune:echternach,served_by,true
L-6468,lu:commune:echternach,served_by,true
L-6469,lu:commune:echternach,served_by,true
L-6470,lu:commune:echternach,served_by,true
L-6471,lu:commune:echternach,served_by,true
L-6472,lu:commune:echternach,served_by,true
L-6473,lu:commune:echternach,served_by,true
L-6474,lu:commune:echternach,served_by,true
L-6475,lu:commune:echternach,served_by,true
L-6476,lu:commune:echternach,served_by,true
L-6477,lu:commune:echternach,served_by,true
L-6478,lu:commune:echternach,served_by,true
L-6479,lu:commune:echternach,served_by,true
L-6480,lu:commune:echternach,served_by,true
L-6481,lu:commune:echternach,served_by,true
L-6482,lu:commune:echternach,served_by,true
L-6483,lu:commune:echternach,served_by,true
L-6484,lu:commune:echternach,served_by,true
L-6485,lu:commune:echternach,served_by,true
L-6486,lu:commune:echternach,served_by,true
L-6488,lu:commune:echternach,served_by,true
L-6490,lu:commune:echternach,served_by,true
L-6491,lu:commune:echternach,served_by,true
L-6492,lu:commune:echternach,served_by,true
L-6493,lu:commune:echternach,served_by,true
L-6494,lu:commune:echternach,served_by,true
L-6495,lu:commune:echternach,served_by,true
L-6496,lu:commune:echternach,served_by,true
L-6497,lu:commune:echternach,served_by,true
L-6499,lu:commune:echternach,served_by,true
L-6550,lu:commune:berdorf,served_by,true
L-6551,lu:commune:berdorf,served_by,true
L-6552,lu:commune:berdorf,served_by,true
L-6553,lu:commune:berdorf,served_by,true
L-6555,lu:commune:berdorf,served_by,true
L-6557,lu:commune:rosport-mompach,served_by,true
L-6558,lu:commune:rosport-mompach,served_by,true
L-6559,lu:commune:rosport-mompach,served_by,true
L-6560,lu:commune:rosport-mompach,served_by,true
L-6562,lu:commune:berdorf,served_by,true
L-6562,lu:commune:echternach,served_by,false
L-6570,lu:commune:rosport-mompach,served_by,true
L-6571,lu:commune:rosport-mompach,served_by,true
L-6572,lu:commune:echternach,served_by,true
L-6572,lu:commune:rosport-mompach,served_by,false
L-6579,lu:commune:rosport-mompach,served_by,true
L-6580,lu:commune:rosport-mompach,served_by,true
L-6581,lu:commune:rosport-mompach,served_by,true
L-6582,lu:commune:rosport-mompach,served_by,true
L-6583,lu:commune:rosport-mompach,served_by,true
L-6585,lu:commune:rosport-mompach,served_by,true
L-6586,lu:commune:rosport-mompach,served_by,true
L-6587,lu:commune:rosport-mompach,served_by,true
L-6590,lu:commune:berdorf,served_by,true
L-6601,lu:commune:mertert,served_by,true
L-6610,lu:commune:mertert,served_by,true
L-6611,lu:commune:mertert,served_by,true
L-6612,lu:commune:mertert,served_by,true
L-6613,lu:commune:mertert,served_by,true
L-6614,lu:commune:mertert,served_by,true
L-6615,lu:commune:mertert,served_by,true
L-6616,lu:commune:mertert,served_by,true
L-6617,lu:commune:mertert,served_by,true
L-6618,lu:commune:mertert,served_by,true
L-6619,lu:commune:mertert,served_by,true
L-6620,lu:commune:mertert,served_by,true
L-6621,lu:commune:mertert,served_by,true
L-6622,lu:commune:mertert,served_by,true
L-6623,lu:commune:mertert,served_by,true
L-6624,lu:commune:mertert,served_by,true
L-6630,lu:commune:mertert,served_by,true
L-6631,lu:commune:mertert,served_by,true
L-6632,lu:commune:mertert,served_by,true
L-6633,lu:commune:mertert,served_by,true
L-6634,lu:commune:mertert,served_by,true
L-6635,lu:commune:mertert,served_by,true
L-6636,lu:commune:mertert,served_by,true
L-6637,lu:commune:mertert,served_by,true
L-6638,lu:commune:mertert,served_by,true
L-6645,lu:commune:mertert,served_by,true
L-6646,lu:commune:mertert,served_by,true
L-6647,lu:commune:mertert,served_by,true
L-6648,lu:commune:mertert,served_by,true
L-6649,lu:commune:mertert,served_by,true
L-6650,lu:commune:mertert,served_by,true
L-6651,lu:commune:mertert,served_by,true
L-6655,lu:commune:mertert,served_by,true
L-6660,lu:commune:rosport-mompach,served_by,true
L-6661,lu:commune:rosport-mompach,served_by,true
L-6663,lu:commune:rosport-mompach,served_by,true
L-6665,lu:commune:rosport-mompach,served_by,true
L-6666,lu:commune:rosport-mompach,served_by,true
L-6669,lu:commune:mertert,served_by,true
L-6670,lu:commune:mertert,served_by,true
L-6671,lu:commune:mertert,served_by,true
L-6672,lu:commune:mertert,served_by,true
L-6673,lu:commune:mertert,served_by,true
L-6674,lu:commune:mertert,served_by,true
L-6675,lu:commune:mertert,served_by,true
L-6676,lu:commune:mertert,served_by,true
L-6677,lu:commune:mertert,served_by,true
L-6678,lu:commune:mertert,served_by,true
L-6679,lu:commune:mertert,served_by,true
L-6680,lu:commune:mertert,served_by,true
L-6681,lu:commune:mertert,served_by,true
L-6682,lu:commune:mertert,served_by,true
L-6683,lu:commune:mertert,served_by,true
L-6684,lu:commune:mertert,served_by,true
L-6685,lu:commune:mertert,served_by,true
L-6686,lu:commune:mertert,served_by,true
L-6687,lu:commune:mertert,served_by,true
L-6688,lu:commune:mertert,served_by,true
L-6689,lu:commune:mertert,served_by,true
L-6690,lu:commune:rosport-mompach,served_by,true
L-6691,lu:commune:rosport-mompach,served_by,true
L-6692,lu:commune:rosport-mompach,served_by,true
L-6693,lu:commune:mertert,served_by,true
L-6695,lu:commune:rosport-mompach,served_by,true
L-6701,lu:commune:grevenmacher,served_by,true
L-6711,lu:commune:grevenmacher,served_by,true
L-6712,lu:commune:grevenmacher,served_by,true
L-6713,lu:commune:grevenmacher,served_by,true
L-6714,lu:commune:grevenmacher,served_by,true
L-6715,lu:commune:grevenmacher,served_by,true
L-6716,lu:commune:grevenmacher,served_by,true
L-6717,lu:commune:grevenmacher,served_by,true
L-6718,lu:commune:grevenmacher,served_by,true
L-6719,lu:commune:grevenmacher,served_by,true
L-6720,lu:commune:grevenmacher,served_by,true
L-6721,lu:commune:grevenmacher,served_by,true
L-6722,lu:commune:grevenmacher,served_by,true
L-6723,lu:commune:grevenmacher,served_by,true
L-6724,lu:commune:grevenmacher,served_by,true
L-6725,lu:commune:grevenmacher,served_by,true
L-6726,lu:commune:grevenmacher,served_by,true
L-6730,lu:commune:grevenmacher,served_by,true
L-6731,lu:commune:grevenmacher,served_by,true
L-6732,lu:commune:grevenmacher,served_by,true
L-6733,lu:commune:grevenmacher,served_by,true
L-6734,lu:commune:grevenmacher,served_by,true
L-6735,lu:commune:grevenmacher,served_by,true
L-6736,lu:commune:grevenmacher,served_by,true
L-6737,lu:commune:grevenmacher,served_by,true
L-6738,lu:commune:grevenmacher,served_by,true
L-6739,lu:commune:grevenmacher,served_by,true
L-6740,lu:commune:grevenmacher,served_by,true
L-6741,lu:commune:grevenmacher,served_by,true
L-6742,lu:commune:grevenmacher,served_by,true
L-6743,lu:commune:grevenmacher,served_by,true
L-6744,lu:commune:grevenmacher,served_by,true
L-6745,lu:commune:grevenmacher,served_by,true
L-6750,lu:commune:grevenmacher,served_by,true
L-6751,lu:commune:grevenmacher,served_by,true
L-6752,lu:commune:grevenmacher,served_by,true
L-6753,lu:commune:grevenmacher,served_by,true
L-6754,lu:commune:grevenmacher,served_by,true
L-6755,lu:commune:grevenmacher,served_by,true
L-6756,lu:commune:grevenmacher,served_by,true
L-6757,lu:commune:grevenmacher,served_by,true
L-6758,lu:commune:grevenmacher,served_by,true
L-6759,lu:commune:grevenmacher,served_by,true
L-6760,lu:commune:grevenmacher,served_by,true
L-6761,lu:commune:grevenmacher,served_by,true
L-6762,lu:commune:grevenmacher,served_by,true
L-6763,lu:commune:grevenmacher,served_by,true
L-6764,lu:commune:grevenmacher,served_by,true
L-6765,lu:commune:grevenmacher,served_by,true
L-6770,lu:commune:grevenmacher,served_by,true
L-6771,lu:commune:grevenmacher,served_by,true
L-6772,lu:commune:grevenmacher,served_by,true
L-6773,lu:commune:grevenmacher,served_by,true
L-6774,lu:commune:grevenmacher,served_by,true
L-6775,lu:commune:grevenmacher,served_by,true
L-6776,lu:commune:biwer,served_by,true
L-6776,lu:commune:grevenmacher,served_by,false
L-6777,lu:commune:grevenmacher,served_by,true
L-6778,lu:commune:grevenmacher,served_by,true
L-6779,lu:commune:grevenmacher,served_by,true
L-6780,lu:commune:grevenmacher,served_by,true
L-6781,lu:commune:grevenmacher,served_by,true
L-6782,lu:commune:grevenmacher,served_by,true
L-6783,lu:commune:grevenmacher,served_by,true
L-6784,lu:commune:grevenmacher,served_by,true
L-6785,lu:commune:grevenmacher,served_by,true
L-6786,lu:commune:grevenmacher,served_by,true
L-6790,lu:commune:grevenmacher,served_by,true
L-6791,lu:commune:grevenmacher,served_by,true
L-6792,lu:commune:grevenmacher,served_by,true
L-6793,lu:commune:grevenmacher,served_by,true
L-6794,lu:commune:grevenmacher,served_by,true
L-6795,lu:commune:grevenmacher,served_by,true
L-6796,lu:commune:grevenmacher,served_by,true
L-6815,lu:commune:betzdorf,served_by,true
L-6830,lu:commune:manternach,served_by,true
L-6831,lu:commune:manternach,served_by,true
L-6832,lu:commune:betzdorf,served_by,true
L-6833,lu:commune:biwer,served_by,true
L-6834,lu:commune:biwer,served_by,true
L-6835,lu:commune:biwer,served_by,true
L-6836,lu:commune:biwer,served_by,true
L-6837,lu:commune:biwer,served_by,true
L-6838,lu:commune:biwer,served_by,true
L-6839,lu:commune:manternach,served_by,true
L-6840,lu:commune:wormeldange,served_by,true
L-6841,lu:commune:wormeldange,served_by,true
L-6842,lu:commune:wormeldange,served_by,true
L-6850,lu:commune:manternach,served_by,true
L-6851,lu:commune:manternach,served_by,true
L-6852,lu:commune:biwer,served_by,true
L-6858,lu:commune:manternach,served_by,true
L-6868,lu:commune:biwer,served_by,true
L-6869,lu:commune:biwer,served_by,true
L-6870,lu:commune:biwer,served_by,true
L-6871,lu:commune:biwer,served_by,true
L-6880,lu:commune:biwer,served_by,true
L-6905,lu:commune:niederanven,served_by,true
L-6906,lu:commune:niederanven,served_by,true
L-6910,lu:commune:betzdorf,served_by,true
L-6911,lu:commune:betzdorf,served_by,true
L-6912,lu:commune:betzdorf,served_by,true
L-6913,lu:commune:betzdorf,served_by,true
L-6914,lu:commune:betzdorf,served_by,true
L-6915,lu:commune:betzdorf,served_by,true
L-6916,lu:commune:betzdorf,served_by,true
L-6917,lu:commune:betzdorf,served_by,true
L-6919,lu:commune:betzdorf,served_by,true
L-6921,lu:commune:betzdorf,served_by,true
L-6922,lu:commune:betzdorf,served_by,true
L-6923,lu:commune:betzdorf,served_by,true
L-6925,lu:commune:flaxweiler,served_by,true
L-6926,lu:commune:flaxweiler,served_by,true
L-6930,lu:commune:betzdorf,served_by,true
L-6931,lu:commune:betzdorf,served_by,true
L-6933,lu:commune:betzdorf,served_by,true
L-6934,lu:commune:betzdorf,served_by,true
L-6935,lu:commune:betzdorf,served_by,true
L-6939,lu:commune:niederanven,served_by,true
L-6940,lu:commune:niederanven,served_by,true
L-6941,lu:commune:niederanven,served_by,true
L-6942,lu:commune:niederanven,served_by,true
L-6943,lu:commune:niederanven,served_by,true
L-6944,lu:commune:niederanven,served_by,true
L-6945,lu:commune:niederanven,served_by,true
L-6946,lu:commune:niederanven,served_by,true
L-6947,lu:commune:niederanven,served_by,true
L-6948,lu:commune:niederanven,served_by,true
L-6950,lu:commune:betzdorf,served_by,true
L-6951,lu:commune:betzdorf,served_by,true
L-6955,lu:commune:junglinster,served_by,true
L-6956,lu:commune:junglinster,served_by,true
L-6960,lu:commune:niederanven,served_by,true
L-6961,lu:commune:niederanven,served_by,true
L-6962,lu:commune:niederanven,served_by,true
L-6969,lu:commune:niederanven,served_by,true
L-6970,lu:commune:niederanven,served_by,true
L-6971,lu:commune:niederanven,served_by,true
L-6972,lu:commune:niederanven,served_by,true
L-6973,lu:commune:niederanven,served_by,true
L-6974,lu:commune:niederanven,served_by,true
L-6975,lu:commune:niederanven,served_by,true
L-6976,lu:commune:niederanven,served_by,true
L-6977,lu:commune:niederanven,served_by,true
L-6978,lu:commune:niederanven,served_by,true
L-6979,lu:commune:niederanven,served_by,true
L-6980,lu:commune:niederanven,served_by,true
L-6981,lu:commune:niederanven,served_by,true
L-6982,lu:commune:niederanven,served_by,true
L-6985,lu:commune:niederanven,served_by,true
L-6986,lu:commune:niederanven,served_by,true
L-6987,lu:commune:niederanven,served_by,true
L-6988,lu:commune:niederanven,served_by,true
L-6989,lu:commune:niederanven,served_by,true
L-6990,lu:commune:niederanven,served_by,true
L-6991,lu:commune:niederanven,served_by,true
L-6992,lu:commune:niederanven,served_by,true
L-6995,lu:commune:niederanven,served_by,true
L-6996,lu:commune:niederanven,served_by,true
L-6997,lu:commune:niederanven,served_by,true
L-6998,lu:commune:niederanven,served_by,true
L-6999,lu:commune:niederanven,served_by,true
L-7201,lu:commune:walferdange,served_by,true
L-7202,lu:commune:walferdange,served_by,true
L-7209,lu:commune:walferdange,served_by,true
L-7210,lu:commune:walferdange,served_by,true
L-7211,lu:commune:walferdange,served_by,true
L-7212,lu:commune:walferdange,served_by,true
L-7213,lu:commune:walferdange,served_by,true
L-7214,lu:commune:walferdange,served_by,true
L-7215,lu:commune:walferdange,served_by,true
L-7216,lu:commune:walferdange,served_by,true
L-7217,lu:commune:walferdange,served_by,true
L-7218,lu:commune:walferdange,served_by,true
L-7219,lu:commune:walferdange,served_by,true
L-7220,lu:commune:walferdange,served_by,true
L-7221,lu:commune:walferdange,served_by,true
L-7222,lu:commune:walferdange,served_by,true
L-7223,lu:commune:walferdange,served_by,true
L-7224,lu:commune:walferdange,served_by,true
L-7225,lu:commune:walferdange,served_by,true
L-7226,lu:commune:walferdange,served_by,true
L-7227,lu:commune:walferdange,served_by,true
L-7228,lu:commune:walferdange,served_by,true
L-7229,lu:commune:walferdange,served_by,true
L-7230,lu:commune:walferdange,served_by,true
L-7231,lu:commune:walferdange,served_by,true
L-7232,lu:commune:walferdange,served_by,true
L-7233,lu:commune:walferdange,served_by,true
L-7234,lu:commune:walferdange,served_by,true
L-7235,lu:commune:walferdange,served_by,true
L-7236,lu:commune:walferdange,served_by,true
L-7237,lu:commune:walferdange,served_by,true
L-7238,lu:commune:walferdange,served_by,true
L-7239,lu:commune:walferdange,served_by,true
L-7240,lu:commune:walferdange,served_by,true
L-7241,lu:commune:walferdange,served_by,true
L-7242,lu:commune:walferdange,served_by,true
L-7243,lu:commune:walferdange,served_by,true
L-7244,lu:commune:walferdange,served_by,true
L-7245,lu:commune:walferdange,served_by,true
L-7246,lu:commune:walferdange,served_by,true
L-7247,lu:commune:walferdange,served_by,true
L-7248,lu:commune:walferdange,served_by,true
L-7249,lu:commune:walferdange,served_by,true
L-7250,lu:commune:walferdange,served_by,true
L-7251,lu:commune:walferdange,served_by,true
L-7252,lu:commune:walferdange,served_by,true
L-7253,lu:commune:walferdange,served_by,true
L-7254,lu:commune:walferdange,served_by,true
L-7255,lu:commune:walferdange,served_by,true
L-7256,lu:commune:walferdange,served_by,true
L-7257,lu:commune:walferdange,served_by,true
L-7258,lu:commune:walferdange,served_by,true
L-7259,lu:commune:walferdange,served_by,true
L-7260,lu:commune:walferdange,served_by,true
L-7261,lu:commune:walferdange,served_by,true
L-7262,lu:commune:walferdange,served_by,true
L-7263,lu:commune:walferdange,served_by,true
L-7264,lu:commune:walferdange,served_by,true
L-7265,lu:commune:walferdange,served_by,true
L-7266,lu:commune:walferdange,served_by,true
L-7268,lu:commune:walferdange,served_by,true
L-7269,lu:commune:walferdange,served_by,true
L-7270,lu:commune:walferdange,served_by,true
L-7274,lu:commune:walferdange,served_by,true
L-7302,lu:commune:steinsel,served_by,true
L-7303,lu:commune:steinsel,served_by,true
L-7304,lu:commune:steinsel,served_by,true
L-7305,lu:commune:steinsel,served_by,true
L-7306,lu:commune:steinsel,served_by,true
L-7307,lu:commune:steinsel,served_by,true
L-7308,lu:commune:steinsel,served_by,true
L-7309,lu:commune:steinsel,served_by,true
L-7310,lu:commune:steinsel,served_by,true
L-7311,lu:commune:steinsel,served_by,true
L-7312,lu:commune:steinsel,served_by,true
L-7313,lu:commune:steinsel,served_by,true
L-7314,lu:commune:steinsel,served_by,true
L-7315,lu:commune:steinsel,served_by,true
L-7316,lu:commune:steinsel,served_by,true
L-7317,lu:commune:steinsel,served_by,true
L-7318,lu:commune:steinsel,served_by,true
L-7319,lu:commune:steinsel,served_by,true
L-7320,lu:commune:steinsel,served_by,true
L-7321,lu:commune:steinsel,served_by,true
L-7322,lu:commune:steinsel,served_by,true
L-7323,lu:commune:steinsel,served_by,true
L-7324,lu:commune:steinsel,served_by,true
L-7325,lu:commune:steinsel,served_by,true
L-7326,lu:commune:steinsel,served_by,true
L-7327,lu:commune:steinsel,served_by,true
L-7328,lu:commune:steinsel,served_by,true
L-7329,lu:commune:steinsel,served_by,true
L-7330,lu:commune:steinsel,served_by,true
L-7331,lu:commune:steinsel,served_by,true
L-7332,lu:commune:steinsel,served_by,true
L-7333,lu:commune:steinsel,served_by,true
L-7334,lu:commune:steinsel,served_by,true
L-7335,lu:commune:steinsel,served_by,true
L-7336,lu:commune:steinsel,served_by,true
L-7337,lu:commune:steinsel,served_by,true
L-7338,lu:commune:steinsel,served_by,true
L-7339,lu:commune:steinsel,served_by,true
L-7340,lu:commune:steinsel,served_by,true
L-7341,lu:commune:steinsel,served_by,true
L-7342,lu:commune:steinsel,served_by,true
L-7343,lu:commune:steinsel,served_by,true
L-7344,lu:commune:steinsel,served_by,true
L-7345,lu:commune:steinsel,served_by,true
L-7346,lu:commune:steinsel,served_by,true
L-7347,lu:commune:steinsel,served_by,true
L-7348,lu:commune:steinsel,served_by,true
L-7349,lu:commune:steinsel,served_by,true
L-7350,lu:commune:lorentzweiler,served_by,true
L-7351,lu:commune:lorentzweiler,served_by,true
L-7352,lu:commune:lorentzweiler,served_by,true
L-7353,lu:commune:lorentzweiler,served_by,true
L-7354,lu:commune:lorentzweiler,served_by,true
L-7355,lu:commune:lorentzweiler,served_by,true
L-7356,lu:commune:lorentzweiler,served_by,true
L-7357,lu:commune:lorentzweiler,served_by,true
L-7358,lu:commune:lorentzweiler,served_by,true
L-7359,lu:commune:lorentzweiler,served_by,true
L-7360,lu:commune:lorentzweiler,served_by,true
L-7361,lu:commune:lorentzweiler,served_by,true
L-7362,lu:commune:lorentzweiler,served_by,true
L-7363,lu:commune:lorentzweiler,served_by,true
L-7364,lu:commune:lorentzweiler,served_by,true
L-7370,lu:commune:lorentzweiler,served_by,true
L-7371,lu:commune:lorentzweiler,served_by,true
L-7372,lu:commune:lorentzweiler,served_by,true
L-7373,lu:commune:lorentzweiler,served_by,true
L-7374,lu:commune:lorentzweiler,served_by,true
L-7375,lu:commune:lorentzweiler,served_by,true
L-7376,lu:commune:lorentzweiler,served_by,true
L-7377,lu:commune:lorentzweiler,served_by,true
L-7378,lu:commune:lorentzweiler,served_by,true
L-7379,lu:commune:lorentzweiler,served_by,true
L-7380,lu:commune:lorentzweiler,served_by,true
L-7381,lu:commune:lorentzweiler,served_by,true
L-7382,lu:commune:lorentzweiler,served_by,true
L-7383,lu:commune:lorentzweiler,served_by,true
L-7384,lu:commune:lorentzweiler,served_by,true
L-7390,lu:commune:lorentzweiler,served_by,true
L-7391,lu:commune:lorentzweiler,served_by,true
L-7392,lu:commune:lorentzweiler,served_by,true
L-7395,lu:commune:lorentzweiler,served_by,true
L-7396,lu:commune:lorentzweiler,served_by,true
L-7397,lu:commune:lorentzweiler,served_by,true
L-7409,lu:commune:mersch,served_by,true
L-7410,lu:commune:fischbach,served_by,true
L-7410,lu:commune:mersch,served_by,false
L-7411,lu:commune:helperknapp,served_by,true
L-7412,lu:commune:helperknapp,served_by,true
L-7414,lu:commune:helperknapp,served_by,true
L-7415,lu:commune:helperknapp,served_by,true
L-7415,lu:commune:mersch,served_by,false
L-7416,lu:commune:helperknapp,served_by,true
L-7417,lu:commune:helperknapp,served_by,true
L-7418,lu:commune:helperknapp,served_by,true
L-7419,lu:commune:helperknapp,served_by,true
L-7420,lu:commune:nommern,served_by,true
L-7421,lu:commune:nommern,served_by,true
L-7423,lu:commune:kehlen,served_by,true
L-7424,lu:commune:mersch,served_by,true
L-7425,lu:commune:helperknapp,served_by,true
L-7425,lu:commune:mersch,served_by,false
L-7430,lu:commune:fischbach,served_by,true
L-7431,lu:commune:nommern,served_by,true
L-7432,lu:commune:lintgen,served_by,true
L-7433,lu:commune:helperknapp,served_by,true
L-7435,lu:commune:helperknapp,served_by,true
L-7440,lu:commune:lintgen,served_by,true
L-7441,lu:commune:lintgen,served_by,true
L-7442,lu:commune:lintgen,served_by,true
L-7443,lu:commune:lintgen,served_by,true
L-7444,lu:commune:lintgen,served_by,true
L-7445,lu:commune:lintgen,served_by,true
L-7446,lu:commune:lintgen,served_by,true
L-7447,lu:commune:lintgen,served_by,true
L-7448,lu:commune:lintgen,served_by,true
L-7449,lu:commune:lintgen,served_by,true
L-7450,lu:commune:lintgen,served_by,true
L-7451,lu:commune:lintgen,served_by,true
L-7452,lu:commune:lintgen,served_by,true
L-7453,lu:commune:lintgen,served_by,true
L-7454,lu:commune:lintgen,served_by,true
L-7455,lu:commune:lintgen,served_by,true
L-7456,lu:commune:lintgen,served_by,true
L-7457,lu:commune:lintgen,served_by,true
L-7458,lu:commune:lintgen,served_by,true
L-7460,lu:commune:lintgen,served_by,true
L-7462,lu:commune:mersch,served_by,true
L-7463,lu:commune:mersch,served_by,true
L-7464,lu:commune:mersch,served_by,true
L-7465,lu:commune:nommern,served_by,true
L-7470,lu:commune:saeul,served_by,true
L-7471,lu:commune:saeul,served_by,true
L-7473,lu:commune:mersch,served_by,true
L-7475,lu:commune:fischbach,served_by,true
L-7480,lu:commune:helperknapp,served_by,true
L-7481,lu:commune:helperknapp,served_by,true
L-7482,lu:commune:helperknapp,served_by,true
L-7501,lu:commune:mersch,served_by,true
L-7502,lu:commune:mersch,served_by,true
L-7511,lu:commune:mersch,served_by,true
L-7512,lu:commune:mersch,served_by,true
L-7513,lu:commune:mersch,served_by,true
L-7514,lu:commune:mersch,served_by,true
L-7515,lu:commune:mersch,served_by,true
L-7516,lu:commune:mersch,served_by,true
L-7517,lu:commune:mersch,served_by,true
L-7518,lu:commune:mersch,served_by,true
L-7519,lu:commune:mersch,served_by,true
L-7520,lu:commune:mersch,served_by,true
L-7521,lu:commune:mersch,served_by,true
L-7522,lu:commune:mersch,served_by,true
L-7523,lu:commune:mersch,served_by,true
L-7524,lu:commune:mersch,served_by,true
L-7525,lu:commune:mersch,served_by,true
L-7526,lu:commune:mersch,served_by,true
L-7527,lu:commune:mersch,served_by,true
L-7531,lu:commune:mersch,served_by,true
L-7532,lu:commune:mersch,served_by,true
L-7533,lu:commune:mersch,served_by,true
L-7534,lu:commune:mersch,served_by,true
L-7535,lu:commune:mersch,served_by,true
L-7536,lu:commune:mersch,served_by,true
L-7537,lu:commune:mersch,served_by,true
L-7538,lu:commune:mersch,served_by,true
L-7539,lu:commune:mersch,served_by,true
L-7540,lu:commune:mersch,served_by,true
L-7541,lu:commune:mersch,served_by,true
L-7542,lu:commune:mersch,served_by,true
L-7543,lu:commune:mersch,served_by,true
L-7544,lu:commune:mersch,served_by,true
L-7545,lu:commune:mersch,served_by,true
L-7546,lu:commune:mersch,served_by,true
L-7547,lu:commune:mersch,served_by,true
L-7548,lu:commune:mersch,served_by,true
L-7549,lu:commune:mersch,served_by,true
L-7550,lu:commune:mersch,served_by,true
L-7553,lu:commune:mersch,served_by,true
L-7554,lu:commune:mersch,served_by,true
L-7555,lu:commune:mersch,served_by,true
L-7556,lu:commune:mersch,served_by,true
L-7557,lu:commune:mersch,served_by,true
L-7558,lu:commune:mersch,served_by,true
L-7559,lu:commune:mersch,served_by,true
L-7560,lu:commune:mersch,served_by,true
L-7561,lu:commune:mersch,served_by,true
L-7562,lu:commune:mersch,served_by,true
L-7563,lu:commune:mersch,served_by,true
L-7564,lu:commune:mersch,served_by,true
L-7565,lu:commune:mersch,served_by,true
L-7566,lu:commune:mersch,served_by,true
L-7567,lu:commune:mersch,served_by,true
L-7568,lu:commune:mersch,served_by,true
L-7569,lu:commune:mersch,served_by,true
L-7570,lu:commune:mersch,served_by,true
L-7571,lu:commune:mersch,served_by,true
L-7572,lu:commune:mersch,served_by,true
L-7573,lu:commune:mersch,served_by,true
L-7590,lu:commune:mersch,served_by,true
L-7591,lu:commune:mersch,served_by,true
L-7592,lu:commune:mersch,served_by,true
L-7593,lu:commune:mersch,served_by,true
L-7594,lu:commune:mersch,served_by,true
L-7595,lu:commune:mersch,served_by,true
L-7596,lu:commune:mersch,served_by,true
L-7597,lu:commune:mersch,served_by,true
L-7598,lu:commune:mersch,served_by,true
L-7599,lu:commune:mersch,served_by,true
L-7601,lu:commune:larochette,served_by,true
L-7610,lu:commune:larochette,served_by,true
L-7612,lu:commune:larochette,served_by,true
L-7613,lu:commune:larochette,served_by,true
L-7615,lu:commune:larochette,served_by,true
L-7618,lu:commune:larochette,served_by,true
L-7619,lu:commune:larochette,served_by,true
L-7620,lu:commune:larochette,served_by,true
L-7621,lu:commune:larochette,served_by,true
L-7622,lu:commune:larochette,served_by,true
L-7622,lu:commune:vallee-de-l-ernz,served_by,false
L-7623,lu:commune:larochette,served_by,true
L-7624,lu:commune:larochette,served_by,true
L-7625,lu:commune:heffingen,served_by,true
L-7625,lu:commune:larochette,served_by,false
L-7626,lu:commune:larochette,served_by,true
L-7627,lu:commune:larochette,served_by,true
L-7633,lu:commune:larochette,served_by,true
L-7633,lu:commune:vallee-de-l-ernz,served_by,false
L-7634,lu:commune:heffingen,served_by,false
L-7634,lu:commune:larochette,served_by,false
L-7634,lu:commune:vallee-de-l-ernz,served_by,false
L-7634,lu:commune:waldbillig,served_by,true
L-7635,lu:commune:larochette,served_by,true
L-7636,lu:commune:larochette,served_by,true
L-7639,lu:commune:bech,served_by,true
L-7639,lu:commune:heffingen,served_by,false
L-7639,lu:commune:junglinster,served_by,false
L-7640,lu:commune:waldbillig,served_by,true
L-7641,lu:commune:waldbillig,served_by,true
L-7649,lu:commune:waldbillig,served_by,true
L-7650,lu:commune:heffingen,served_by,true
L-7651,lu:commune:heffingen,served_by,true
L-7652,lu:commune:heffingen,served_by,true
L-7653,lu:commune:heffingen,served_by,true
L-7660,lu:commune:vallee-de-l-ernz,served_by,true
L-7661,lu:commune:vallee-de-l-ernz,served_by,true
L-7662,lu:commune:vallee-de-l-ernz,served_by,true
L-7663,lu:commune:vallee-de-l-ernz,served_by,true
L-7664,lu:commune:vallee-de-l-ernz,served_by,true
L-7670,lu:commune:heffingen,served_by,true
L-7673,lu:commune:heffingen,served_by,true
L-7680,lu:commune:waldbillig,served_by,true
L-7681,lu:commune:waldbillig,served_by,true
L-7701,lu:commune:colmar-berg,served_by,true
L-7710,lu:commune:colmar-berg,served_by,true
L-7711,lu:commune:colmar-berg,served_by,true
L-7712,lu:commune:colmar-berg,served_by,true
L-7713,lu:commune:colmar-berg,served_by,true
L-7714,lu:commune:colmar-berg,served_by,true
L-7715,lu:commune:colmar-berg,served_by,true
L-7716,lu:commune:colmar-berg,served_by,true
L-7720,lu:commune:colmar-berg,served_by,true
L-7721,lu:commune:colmar-berg,served_by,true
L-7722,lu:commune:colmar-berg,served_by,true
L-7723,lu:commune:colmar-berg,served_by,true
L-7724,lu:commune:colmar-berg,served_by,true
L-7726,lu:commune:colmar-berg,served_by,true
L-7727,lu:commune:colmar-berg,served_by,true
L-7730,lu:commune:colmar-berg,served_by,true
L-7731,lu:commune:colmar-berg,served_by,true
L-7732,lu:commune:colmar-berg,served_by,true
L-7733,lu:commune:colmar-berg,served_by,true
L-7734,lu:commune:colmar-berg,served_by,true
L-7735,lu:commune:colmar-berg,served_by,true
L-7737,lu:commune:colmar-berg,served_by,true
L-7738,lu:commune:schieren,served_by,true
L-7739,lu:commune:colmar-berg,served_by,true
L-7740,lu:commune:colmar-berg,served_by,true
L-7741,lu:commune:colmar-berg,served_by,true
L-7750,lu:commune:colmar-berg,served_by,true
L-7758,lu:commune:ettelbruck,served_by,true
L-7758,lu:commune:schieren,served_by,false
L-7759,lu:commune:bissen,served_by,true
L-7759,lu:commune:mersch,served_by,false
L-7760,lu:commune:bissen,served_by,true
L-7761,lu:commune:bissen,served_by,true
L-7762,lu:commune:bissen,served_by,true
L-7763,lu:commune:bissen,served_by,true
L-7764,lu:commune:bissen,served_by,true
L-7765,lu:commune:bissen,served_by,true
L-7766,lu:commune:bissen,served_by,true
L-7767,lu:commune:bissen,served_by,true
L-7768,lu:commune:bissen,served_by,true
L-7769,lu:commune:bissen,served_by,true
L-7770,lu:commune:bissen,served_by,true
L-7771,lu:commune:bissen,served_by,true
L-7772,lu:commune:bissen,served_by,true
L-7773,lu:commune:bissen,served_by,true
L-7774,lu:commune:bissen,served_by,true
L-7777,lu:commune:bissen,served_by,true
L-7778,lu:commune:bissen,served_by,true
L-7779,lu:commune:bissen,served_by,true
L-7780,lu:commune:bissen,served_by,true
L-7781,lu:commune:bissen,served_by,true
L-7782,lu:commune:bissen,served_by,true
L-7783,lu:commune:bissen,served_by,true
L-7784,lu:commune:bissen,served_by,true
L-7785,lu:commune:bissen,served_by,true
L-7786,lu:commune:bissen,served_by,true
L-7787,lu:commune:bissen,served_by,true
L-7788,lu:commune:bissen,served_by,true
L-7789,lu:commune:bissen,served_by,true
L-7790,lu:commune:bissen,served_by,true
L-7791,lu:commune:bissen,served_by,true
L-7792,lu:commune:bissen,served_by,true
L-7793,lu:commune:bissen,served_by,true
L-7794,lu:commune:bissen,served_by,true
L-7795,lu:commune:bissen,served_by,true
L-7796,lu:commune:bissen,served_by,true
L-8001,lu:commune:strassen,served_by,true
L-8002,lu:commune:strassen,served_by,true
L-8005,lu:commune:bertrange,served_by,true
L-8006,lu:commune:bertrange,served_by,true
L-8007,lu:commune:bertrange,served_by,true
L-8008,lu:commune:strassen,served_by,true
L-8009,lu:commune:strassen,served_by,true
L-8010,lu:commune:strassen,served_by,true
L-8011,lu:commune:bertrange,served_by,true
L-8011,lu:commune:strassen,served_by,false
L-8012,lu:commune:strassen,served_by,true
L-8013,lu:commune:strassen,served_by,true
L-8014,lu:commune:strassen,served_by,true
L-8015,lu:commune:strassen,served_by,true
L-8016,lu:commune:strassen,served_by,true
L-8017,lu:commune:strassen,served_by,true
L-8018,lu:commune:strassen,served_by,true
L-8019,lu:commune:strassen,served_by,true
L-8020,lu:commune:strassen,served_by,true
L-8021,lu:commune:strassen,served_by,true
L-8022,lu:commune:strassen,served_by,true
L-8023,lu:commune:strassen,served_by,true
L-8024,lu:commune:strassen,served_by,true
L-8025,lu:commune:strassen,served_by,true
L-8026,lu:commune:strassen,served_by,true
L-8027,lu:commune:strassen,served_by,true
L-8028,lu:commune:strassen,served_by,true
L-8029,lu:commune:strassen,served_by,true
L-8030,lu:commune:strassen,served_by,true
L-8031,lu:commune:strassen,served_by,true
L-8032,lu:commune:strassen,served_by,true
L-8033,lu:commune:strassen,served_by,true
L-8034,lu:commune:strassen,served_by,true
L-8035,lu:commune:strassen,served_by,true
L-8036,lu:commune:strassen,served_by,true
L-8037,lu:commune:strassen,served_by,true
L-8038,lu:commune:strassen,served_by,true
L-8039,lu:commune:strassen,served_by,true
L-8040,lu:commune:strassen,served_by,true
L-8041,lu:commune:bertrange,served_by,true
L-8041,lu:commune:strassen,served_by,false
L-8042,lu:commune:strassen,served_by,true
L-8043,lu:commune:strassen,served_by,true
L-8044,lu:commune:strassen,served_by,true
L-8045,lu:commune:strassen,served_by,true
L-8046,lu:commune:strassen,served_by,true
L-8047,lu:commune:strassen,served_by,true
L-8048,lu:commune:strassen,served_by,true
L-8049,lu:commune:strassen,served_by,true
L-8050,lu:commune:bertrange,served_by,true
L-8051,lu:commune:bertrange,served_by,true
L-8052,lu:commune:bertrange,served_by,true
L-8053,lu:commune:bertrange,served_by,true
L-8054,lu:commune:bertrange,served_by,true
L-8055,lu:commune:bertrange,served_by,true
L-8056,lu:commune:strassen,served_by,true
L-8057,lu:commune:bertrange,served_by,true
L-8058,lu:commune:bertrange,served_by,true
L-8059,lu:commune:bertrange,served_by,true
L-8060,lu:commune:bertrange,served_by,true
L-8061,lu:commune:bertrange,served_by,true
L-8062,lu:commune:bertrange,served_by,true
L-8063,lu:commune:bertrange,served_by,true
L-8064,lu:commune:bertrange,served_by,true
L-8065,lu:commune:bertrange,served_by,true
L-8066,lu:commune:bertrange,served_by,true
L-8067,lu:commune:bertrange,served_by,true
L-8068,lu:commune:bertrange,served_by,true
L-8069,lu:commune:bertrange,served_by,true
L-8069,lu:commune:strassen,served_by,false
L-8070,lu:commune:bertrange,served_by,true
L-8070,lu:commune:strassen,served_by,false
L-8071,lu:commune:bertrange,served_by,true
L-8072,lu:commune:bertrange,served_by,true
L-8073,lu:commune:strassen,served_by,true
L-8074,lu:commune:bertrange,served_by,true
L-8075,lu:commune:bertrange,served_by,true
L-8076,lu:commune:bertrange,served_by,true
L-8077,lu:commune:bertrange,served_by,true
L-8078,lu:commune:bertrange,served_by,true
L-8079,lu:commune:bertrange,served_by,true
L-8080,lu:commune:bertrange,served_by,true
L-8081,lu:commune:bertrange,served_by,true
L-8082,lu:commune:bertrange,served_by,true
L-8083,lu:commune:bertrange,served_by,true
L-8084,lu:commune:bertrange,served_by,true
L-8085,lu:commune:bertrange,served_by,true
L-8086,lu:commune:bertrange,served_by,true
L-8087,lu:commune:bertrange,served_by,true
L-8088,lu:commune:bertrange,served_by,true
L-8089,lu:commune:bertrange,served_by,true
L-8090,lu:commune:bertrange,served_by,true
L-8091,lu:commune:bertrange,served_by,true
L-8092,lu:commune:bertrange,served_by,true
L-8093,lu:commune:bertrange,served_by,true
L-8094,lu:commune:bertrange,served_by,true
L-8095,lu:commune:bertrange,served_by,true
L-8096,lu:commune:bertrange,served_by,true
L-8097,lu:commune:strassen,served_by,true
L-8098,lu:commune:strassen,served_by,true
L-8099,lu:commune:strassen,served_by,true
L-8110,lu:commune:strassen,served_by,true
L-8111,lu:commune:strassen,served_by,true
L-8112,lu:commune:strassen,served_by,true
L-8115,lu:commune:strassen,served_by,true
L-8116,lu:commune:kopstal,served_by,true
L-8117,lu:commune:bertrange,served_by,true
L-8118,lu:commune:kopstal,served_by,true
L-8119,lu:commune:kopstal,served_by,true
L-8120,lu:commune:kopstal,served_by,true
L-8121,lu:commune:kopstal,served_by,true
L-8123,lu:commune:kopstal,served_by,true
L-8124,lu:commune:kopstal,served_by,true
L-8125,lu:commune:kopstal,served_by,true
L-8126,lu:commune:kopstal,served_by,true
L-8127,lu:commune:kopstal,served_by,true
L-8128,lu:commune:kopstal,served_by,true
L-8129,lu:commune:kopstal,served_by,true
L-8130,lu:commune:strassen,served_by,true
L-8131,lu:commune:kopstal,served_by,true
L-8132,lu:commune:kopstal,served_by,true
L-8133,lu:commune:kopstal,served_by,true
L-8134,lu:commune:kopstal,served_by,true
L-8135,lu:commune:kopstal,served_by,true
L-8137,lu:commune:kopstal,served_by,true
L-8138,lu:commune:kopstal,served_by,true
L-8139,lu:commune:kopstal,served_by,true
L-8140,lu:commune:kopstal,served_by,true
L-8141,lu:commune:kopstal,served_by,true
L-8142,lu:commune:kopstal,served_by,true
L-8143,lu:commune:kopstal,served_by,true
L-8145,lu:commune:kopstal,served_by,true
L-8146,lu:commune:kopstal,served_by,true
L-8147,lu:commune:kopstal,served_by,true
L-8149,lu:commune:kopstal,served_by,true
L-8150,lu:commune:kopstal,served_by,true
L-8151,lu:commune:kopstal,served_by,true
L-8152,lu:commune:kopstal,served_by,true
L-8153,lu:commune:kopstal,served_by,true
L-8154,lu:commune:kopstal,served_by,true
L-8156,lu:commune:kopstal,served_by,true
L-8157,lu:commune:kopstal,served_by,true
L-8158,lu:commune:kopstal,served_by,true
L-8159,lu:commune:kopstal,served_by,true
L-8160,lu:commune:kopstal,served_by,true
L-8161,lu:commune:kopstal,served_by,true
L-8165,lu:commune:kopstal,served_by,true
L-8166,lu:commune:kopstal,served_by,true
L-8167,lu:commune:kopstal,served_by,true
L-8179,lu:commune:kopstal,served_by,true
L-8180,lu:commune:kopstal,served_by,true
L-8181,lu:commune:kopstal,served_by,true
L-8182,lu:commune:kopstal,served_by,true
L-8183,lu:commune:kopstal,served_by,true
L-8184,lu:commune:kopstal,served_by,true
L-8185,lu:commune:kopstal,served_by,true
L-8186,lu:commune:kopstal,served_by,true
L-8187,lu:commune:kopstal,served_by,true
L-8188,lu:commune:kopstal,served_by,true
L-8189,lu:commune:kopstal,served_by,true
L-8190,lu:commune:kopstal,served_by,true
L-8191,lu:commune:kopstal,served_by,true
L-8198,lu:commune:kehlen,served_by,true
L-8199,lu:commune:kehlen,served_by,true
L-8201,lu:commune:mamer,served_by,true
L-8209,lu:commune:mamer,served_by,true
L-8210,lu:commune:mamer,served_by,true
L-8211,lu:commune:mamer,served_by,true
L-8212,lu:commune:mamer,served_by,true
L-8213,lu:commune:mamer,served_by,true
L-8214,lu:commune:mamer,served_by,true
L-8215,lu:commune:mamer,served_by,true
L-8216,lu:commune:mamer,served_by,true
L-8217,lu:commune:mamer,served_by,true
L-8218,lu:commune:mamer,served_by,true
L-8219,lu:commune:mamer,served_by,true
L-8220,lu:commune:mamer,served_by,true
L-8221,lu:commune:mamer,served_by,true
L-8222,lu:commune:mamer,served_by,true
L-8223,lu:commune:mamer,served_by,true
L-8224,lu:commune:mamer,served_by,true
L-8225,lu:commune:mamer,served_by,true
L-8226,lu:commune:mamer,served_by,true
L-8227,lu:commune:mamer,served_by,true
L-8228,lu:commune:mamer,served_by,true
L-8229,lu:commune:mamer,served_by,true
L-8230,lu:commune:mamer,served_by,true
L-8231,lu:commune:mamer,served_by,true
L-8232,lu:commune:mamer,served_by,true
L-8233,lu:commune:mamer,served_by,true
L-8234,lu:commune:mamer,served_by,true
L-8235,lu:commune:mamer,served_by,true
L-8236,lu:commune:mamer,served_by,true
L-8237,lu:commune:mamer,served_by,true
L-8238,lu:commune:mamer,served_by,true
L-8239,lu:commune:mamer,served_by,true
L-8240,lu:commune:mamer,served_by,true
L-8241,lu:commune:mamer,served_by,true
L-8242,lu:commune:mamer,served_by,true
L-8243,lu:commune:mamer,served_by,true
L-8244,lu:commune:mamer,served_by,true
L-8245,lu:commune:mamer,served_by,true
L-8246,lu:commune:mamer,served_by,true
L-8247,lu:commune:mamer,served_by,true
L-8248,lu:commune:mamer,served_by,true
L-8249,lu:commune:mamer,served_by,true
L-8250,lu:commune:mamer,served_by,true
L-8251,lu:commune:mamer,served_by,true
L-8251,lu:commune:strassen,served_by,false
L-8252,lu:commune:mamer,served_by,true
L-8253,lu:commune:mamer,served_by,true
L-8254,lu:commune:mamer,served_by,true
L-8255,lu:commune:mamer,served_by,true
L-8258,lu:commune:mamer,served_by,true
L-8259,lu:commune:mamer,served_by,true
L-8260,lu:commune:mamer,served_by,true
L-8261,lu:commune:mamer,served_by,true
L-8262,lu:commune:mamer,served_by,true
L-8263,lu:commune:mamer,served_by,true
L-8264,lu:commune:mamer,served_by,true
L-8265,lu:commune:mamer,served_by,true
L-8266,lu:commune:mamer,served_by,true
L-8267,lu:commune:mamer,served_by,true
L-8268,lu:commune:bertrange,served_by,true
L-8268,lu:commune:mamer,served_by,false
L-8269,lu:commune:mamer,served_by,true
L-8270,lu:commune:mamer,served_by,true
L-8271,lu:commune:mamer,served_by,true
L-8272,lu:commune:mamer,served_by,true
L-8273,lu:commune:mamer,served_by,true
L-8274,lu:commune:kehlen,served_by,true
L-8277,lu:commune:mamer,served_by,true
L-8278,lu:commune:mamer,served_by,true
L-8279,lu:commune:mamer,served_by,true
L-8280,lu:commune:kehlen,served_by,true
L-8281,lu:commune:kehlen,served_by,true
L-8282,lu:commune:kehlen,served_by,true
L-8283,lu:commune:kehlen,served_by,true
L-8284,lu:commune:kehlen,served_by,true
L-8285,lu:commune:kehlen,served_by,true
L-8286,lu:commune:kehlen,served_by,true
L-8287,lu:commune:kehlen,served_by,true
L-8288,lu:commune:kehlen,served_by,true
L-8289,lu:commune:kehlen,served_by,true
L-8290,lu:commune:kehlen,served_by,true
L-8291,lu:commune:kehlen,served_by,true
L-8292,lu:commune:kehlen,served_by,true
L-8293,lu:commune:helperknapp,served_by,true
L-8293,lu:commune:kehlen,served_by,false
L-8294,lu:commune:kehlen,served_by,true
L-8295,lu:commune:kehlen,served_by,true
L-8296,lu:commune:kehlen,served_by,true
L-8297,lu:commune:kehlen,served_by,true
L-8298,lu:commune:kehlen,served_by,true
L-8301,lu:commune:mamer,served_by,true
L-8302,lu:commune:mamer,served_by,true
L-8303,lu:commune:mamer,served_by,true
L-8308,lu:commune:mamer,served_by,true
L-8309,lu:commune:mamer,served_by,true
L-8310,lu:commune:mamer,served_by,true
L-8311,lu:commune:mamer,served_by,true
L-8312,lu:commune:kehlen,served_by,true
L-8313,lu:commune:mamer,served_by,true
L-8314,lu:commune:mamer,served_by,true
L-8315,lu:commune:kehlen,served_by,true
L-8316,lu:commune:kehlen,served_by,true
L-8317,lu:commune:kehlen,served_by,true
L-8317,lu:commune:mamer,served_by,false
L-8318,lu:commune:mamer,served_by,true
L-8319,lu:commune:kehlen,served_by,true
L-8320,lu:commune:mamer,served_by,true
L-8321,lu:commune:kehlen,served_by,true
L-8322,lu:commune:kehlen,served_by,true
L-8323,lu:commune:kehlen,served_by,true
L-8323,lu:commune:mamer,served_by,false
L-8324,lu:commune:kehlen,served_by,true
L-8325,lu:commune:mamer,served_by,true
L-8326,lu:commune:mamer,served_by,true
L-8327,lu:commune:kehlen,served_by,true
L-8328,lu:commune:mamer,served_by,true
L-8329,lu:commune:mamer,served_by,true
L-8330,lu:commune:mamer,served_by,true
L-8331,lu:commune:mamer,served_by,true
L-8332,lu:commune:kehlen,served_by,true
L-8333,lu:commune:kehlen,served_by,true
L-8334,lu:commune:mamer,served_by,true
L-8335,lu:commune:mamer,served_by,true
L-8336,lu:commune:mamer,served_by,true
L-8337,lu:commune:mamer,served_by,true
L-8338,lu:commune:kehlen,served_by,true
L-8339,lu:commune:kehlen,served_by,true
L-8340,lu:commune:kehlen,served_by,true
L-8341,lu:commune:kehlen,served_by,true
L-8342,lu:commune:kehlen,served_by,true
L-8343,lu:commune:kehlen,served_by,true
L-8344,lu:commune:kehlen,served_by,true
L-8345,lu:commune:mamer,served_by,true
L-8346,lu:commune:steinfort,served_by,true
L-8347,lu:commune:steinfort,served_by,true
L-8348,lu:commune:mamer,served_by,true
L-8350,lu:commune:garnich,served_by,true
L-8351,lu:commune:garnich,served_by,true
L-8352,lu:commune:garnich,served_by,true
L-8353,lu:commune:garnich,served_by,true
L-8354,lu:commune:garnich,served_by,true
L-8355,lu:commune:garnich,served_by,true
L-8356,lu:commune:garnich,served_by,true
L-8357,lu:commune:koerich,served_by,true
L-8358,lu:commune:koerich,served_by,true
L-8359,lu:commune:koerich,served_by,true
L-8360,lu:commune:koerich,served_by,true
L-8361,lu:commune:koerich,served_by,true
L-8362,lu:commune:beckerich,served_by,true
L-8362,lu:commune:steinfort,served_by,false
L-8363,lu:commune:habscht,served_by,true
L-8364,lu:commune:steinfort,served_by,true
L-8365,lu:commune:steinfort,served_by,true
L-8366,lu:commune:steinfort,served_by,true
L-8367,lu:commune:steinfort,served_by,true
L-8368,lu:commune:steinfort,served_by,true
L-8369,lu:commune:garnich,served_by,true
L-8370,lu:commune:habscht,served_by,true
L-8371,lu:commune:habscht,served_by,true
L-8372,lu:commune:habscht,served_by,true
L-8373,lu:commune:habscht,served_by,true
L-8374,lu:commune:habscht,served_by,true
L-8375,lu:commune:habscht,served_by,true
L-8376,lu:commune:garnich,served_by,true
L-8378,lu:commune:steinfort,served_by,true
L-8379,lu:commune:steinfort,served_by,true
L-8380,lu:commune:steinfort,served_by,true
L-8381,lu:commune:steinfort,served_by,true
L-8383,lu:commune:habscht,served_by,true
L-8383,lu:commune:koerich,served_by,false
L-8384,lu:commune:koerich,served_by,true
L-8385,lu:commune:koerich,served_by,true
L-8386,lu:commune:koerich,served_by,true
L-8387,lu:commune:koerich,served_by,true
L-8388,lu:commune:koerich,served_by,true
L-8389,lu:commune:steinfort,served_by,true
L-8390,lu:commune:kehlen,served_by,true
L-8391,lu:commune:kehlen,served_by,true
L-8392,lu:commune:kehlen,served_by,true
L-8393,lu:commune:kehlen,served_by,true
L-8394,lu:commune:kehlen,served_by,true
L-8395,lu:commune:habscht,served_by,true
L-8396,lu:commune:habscht,served_by,true
L-8398,lu:commune:habscht,served_by,true
L-8399,lu:commune:koerich,served_by,true
L-8401,lu:commune:steinfort,served_by,true
L-8410,lu:commune:steinfort,served_by,true
L-8411,lu:commune:steinfort,served_by,true
L-8412,lu:commune:steinfort,served_by,true
L-8413,lu:commune:steinfort,served_by,true
L-8414,lu:commune:steinfort,served_by,true
L-8415,lu:commune:steinfort,served_by,true
L-8416,lu:commune:steinfort,served_by,true
L-8420,lu:commune:steinfort,served_by,true
L-8421,lu:commune:steinfort,served_by,true
L-8422,lu:commune:steinfort,served_by,true
L-8423,lu:commune:steinfort,served_by,true
L-8424,lu:commune:steinfort,served_by,true
L-8425,lu:commune:steinfort,served_by,true
L-8435,lu:commune:steinfort,served_by,true
L-8436,lu:commune:steinfort,served_by,true
L-8437,lu:commune:steinfort,served_by,true
L-8439,lu:commune:steinfort,served_by,true
L-8440,lu:commune:steinfort,served_by,true
L-8441,lu:commune:steinfort,served_by,true
L-8442,lu:commune:steinfort,served_by,true
L-8443,lu:commune:steinfort,served_by,true
L-8444,lu:commune:steinfort,served_by,true
L-8445,lu:commune:steinfort,served_by,true
L-8447,lu:commune:steinfort,served_by,true
L-8448,lu:commune:steinfort,served_by,true
L-8449,lu:commune:steinfort,served_by,true
L-8450,lu:commune:steinfort,served_by,true
L-8451,lu:commune:steinfort,served_by,true
L-8452,lu:commune:steinfort,served_by,true
L-8453,lu:commune:steinfort,served_by,true
L-8460,lu:commune:habscht,served_by,true
L-8461,lu:commune:habscht,served_by,true
L-8462,lu:commune:habscht,served_by,true
L-8463,lu:commune:habscht,served_by,true
L-8464,lu:commune:habscht,served_by,true
L-8465,lu:commune:habscht,served_by,true
L-8466,lu:commune:habscht,served_by,true
L-8467,lu:commune:habscht,served_by,true
L-8468,lu:commune:habscht,served_by,true
L-8469,lu:commune:habscht,served_by,true
L-8470,lu:commune:habscht,served_by,true
L-8471,lu:commune:habscht,served_by,true
L-8472,lu:commune:habscht,served_by,true
L-8473,lu:commune:habscht,served_by,true
L-8474,lu:commune:habscht,served_by,true
L-8475,lu:commune:habscht,served_by,true
L-8476,lu:commune:habscht,served_by,true
L-8477,lu:commune:habscht,served_by,true
L-8478,lu:commune:habscht,served_by,true
L-8479,lu:commune:habscht,served_by,true
L-8480,lu:commune:habscht,served_by,true
L-8506,lu:commune:redange-sur-attert,served_by,true
L-8507,lu:commune:redange-sur-attert,served_by,true
L-8508,lu:commune:redange-sur-attert,served_by,true
L-8509,lu:commune:redange-sur-attert,served_by,true
L-8510,lu:commune:redange-sur-attert,served_by,true
L-8511,lu:commune:redange-sur-attert,served_by,true
L-8512,lu:commune:redange-sur-attert,served_by,true
L-8521,lu:commune:beckerich,served_by,true
L-8522,lu:commune:beckerich,served_by,true
L-8523,lu:commune:beckerich,served_by,true
L-8525,lu:commune:saeul,served_by,true
L-8526,lu:commune:ell,served_by,true
L-8527,lu:commune:ell,served_by,true
L-8528,lu:commune:ell,served_by,true
L-8529,lu:commune:saeul,served_by,true
L-8530,lu:commune:ell,served_by,true
L-8531,lu:commune:ell,served_by,true
L-8533,lu:commune:beckerich,served_by,true
L-8537,lu:commune:rambrouch,served_by,true
L-8538,lu:commune:beckerich,served_by,true
L-8539,lu:commune:beckerich,served_by,true
L-8540,lu:commune:redange-sur-attert,served_by,true
L-8541,lu:commune:saeul,served_by,true
L-8542,lu:commune:redange-sur-attert,served_by,true
L-8543,lu:commune:beckerich,served_by,true
L-8544,lu:commune:redange-sur-attert,served_by,true
L-8545,lu:commune:redange-sur-attert,served_by,true
L-8546,lu:commune:rambrouch,served_by,true
L-8550,lu:commune:beckerich,served_by,true
L-8551,lu:commune:beckerich,served_by,true
L-8552,lu:commune:beckerich,served_by,true
L-8557,lu:commune:ell,served_by,true
L-8558,lu:commune:preizerdaul,served_by,true
L-8558,lu:commune:redange-sur-attert,served_by,false
L-8560,lu:commune:ell,served_by,true
L-8561,lu:commune:saeul,served_by,true
L-8562,lu:commune:beckerich,served_by,true
L-8606,lu:commune:preizerdaul,served_by,true
L-8609,lu:commune:preizerdaul,served_by,true
L-8610,lu:commune:groussbus-wal,served_by,true
L-8611,lu:commune:preizerdaul,served_by,true
L-8612,lu:commune:preizerdaul,served_by,true
L-8613,lu:commune:preizerdaul,served_by,true
L-8614,lu:commune:preizerdaul,served_by,true
L-8615,lu:commune:preizerdaul,served_by,true
L-8620,lu:commune:useldange,served_by,true
L-8705,lu:commune:useldange,served_by,true
L-8706,lu:commune:useldange,served_by,true
L-8707,lu:commune:useldange,served_by,true
L-8708,lu:commune:useldange,served_by,true
L-8710,lu:commune:helperknapp,served_by,true
L-8711,lu:commune:helperknapp,served_by,true
L-8715,lu:commune:useldange,served_by,true
L-8720,lu:commune:useldange,served_by,true
L-8801,lu:commune:rambrouch,served_by,true
L-8805,lu:commune:rambrouch,served_by,true
L-8806,lu:commune:rambrouch,served_by,true
L-8808,lu:commune:rambrouch,served_by,true
L-8809,lu:commune:rambrouch,served_by,true
L-8811,lu:commune:rambrouch,served_by,true
L-8812,lu:commune:rambrouch,served_by,true
L-8813,lu:commune:rambrouch,served_by,true
L-8814,lu:commune:rambrouch,served_by,true
L-8816,lu:commune:groussbus-wal,served_by,true
L-8817,lu:commune:rambrouch,served_by,true
L-8818,lu:commune:groussbus-wal,served_by,true
L-8819,lu:commune:groussbus-wal,served_by,true
L-8820,lu:commune:rambrouch,served_by,true
L-8821,lu:commune:rambrouch,served_by,true
L-8822,lu:commune:groussbus-wal,served_by,true
L-8823,lu:commune:rambrouch,served_by,true
L-8824,lu:commune:rambrouch,served_by,true
L-8825,lu:commune:rambrouch,served_by,true
L-8826,lu:commune:rambrouch,served_by,true
L-8831,lu:commune:groussbus-wal,served_by,true
L-8832,lu:commune:rambrouch,served_by,true
L-8833,lu:commune:rambrouch,served_by,true
L-8834,lu:commune:rambrouch,served_by,true
L-8835,lu:commune:rambrouch,served_by,true
L-8838,lu:commune:groussbus-wal,served_by,true
L-9001,lu:commune:ettelbruck,served_by,true
L-9002,lu:commune:ettelbruck,served_by,true
L-9003,lu:commune:ettelbruck,served_by,true
L-9004,lu:commune:ettelbruck,served_by,true
L-9010,lu:commune:ettelbruck,served_by,true
L-9011,lu:commune:ettelbruck,served_by,true
L-9012,lu:commune:ettelbruck,served_by,true
L-9013,lu:commune:ettelbruck,served_by,true
L-9014,lu:commune:ettelbruck,served_by,true
L-9015,lu:commune:ettelbruck,served_by,true
L-9016,lu:commune:ettelbruck,served_by,true
L-9017,lu:commune:ettelbruck,served_by,true
L-9018,lu:commune:ettelbruck,served_by,true
L-9019,lu:commune:ettelbruck,served_by,true
L-9020,lu:commune:ettelbruck,served_by,true
L-9021,lu:commune:ettelbruck,served_by,true
L-9022,lu:commune:ettelbruck,served_by,true
L-9023,lu:commune:ettelbruck,served_by,true
L-9024,lu:commune:ettelbruck,served_by,true
L-9025,lu:commune:ettelbruck,served_by,true
L-9026,lu:commune:ettelbruck,served_by,true
L-9027,lu:commune:ettelbruck,served_by,true
L-9028,lu:commune:ettelbruck,served_by,true
L-9029,lu:commune:ettelbruck,served_by,true
L-9030,lu:commune:ettelbruck,served_by,true
L-9031,lu:commune:ettelbruck,served_by,true
L-9032,lu:commune:ettelbruck,served_by,true
L-9033,lu:commune:ettelbruck,served_by,true
L-9040,lu:commune:ettelbruck,served_by,true
L-9041,lu:commune:ettelbruck,served_by,true
L-9042,lu:commune:ettelbruck,served_by,true
L-9043,lu:commune:ettelbruck,served_by,true
L-9044,lu:commune:ettelbruck,served_by,true
L-9045,lu:commune:ettelbruck,served_by,true
L-9045,lu:commune:feulen,served_by,false
L-9046,lu:commune:ettelbruck,served_by,true
L-9047,lu:commune:ettelbruck,served_by,true
L-9048,lu:commune:ettelbruck,served_by,true
L-9050,lu:commune:ettelbruck,served_by,true
L-9051,lu:commune:ettelbruck,served_by,true
L-9052,lu:commune:ettelbruck,served_by,true
L-9053,lu:commune:ettelbruck,served_by,true
L-9054,lu:commune:ettelbruck,served_by,true
L-9055,lu:commune:ettelbruck,served_by,true
L-9056,lu:commune:ettelbruck,served_by,true
L-9057,lu:commune:ettelbruck,served_by,true
L-9060,lu:commune:ettelbruck,served_by,true
L-9061,lu:commune:ettelbruck,served_by,true
L-9062,lu:commune:ettelbruck,served_by,true
L-9063,lu:commune:ettelbruck,served_by,true
L-9064,lu:commune:ettelbruck,served_by,true
L-9065,lu:commune:ettelbruck,served_by,true
L-9066,lu:commune:ettelbruck,served_by,true
L-9067,lu:commune:ettelbruck,served_by,true
L-9068,lu:commune:ettelbruck,served_by,true
L-9069,lu:commune:ettelbruck,served_by,true
L-9070,lu:commune:ettelbruck,served_by,true
L-9071,lu:commune:ettelbruck,served_by,true
L-9072,lu:commune:ettelbruck,served_by,true
L-9079,lu:commune:ettelbruck,served_by,true
L-9080,lu:commune:ettelbruck,served_by,true
L-9081,lu:commune:ettelbruck,served_by,true
L-9082,lu:commune:ettelbruck,served_by,true
L-9083,lu:commune:ettelbruck,served_by,true
L-9084,lu:commune:ettelbruck,served_by,true
L-9085,lu:commune:ettelbruck,served_by,true
L-9086,lu:commune:ettelbruck,served_by,true
L-9087,lu:commune:ettelbruck,served_by,true
L-9088,lu:commune:ettelbruck,served_by,true
L-9089,lu:commune:ettelbruck,served_by,true
L-9090,lu:commune:ettelbruck,served_by,true
L-9091,lu:commune:ettelbruck,served_by,true
L-9092,lu:commune:ettelbruck,served_by,true
L-9094,lu:commune:ettelbruck,served_by,true
L-9099,lu:commune:erpeldange-sur-sure,served_by,true
L-9115,lu:commune:schieren,served_by,true
L-9116,lu:commune:schieren,served_by,true
L-9117,lu:commune:schieren,served_by,true
L-9118,lu:commune:schieren,served_by,true
L-9119,lu:commune:schieren,served_by,true
L-9120,lu:commune:schieren,served_by,true
L-9121,lu:commune:schieren,served_by,true
L-9122,lu:commune:schieren,served_by,true
L-9123,lu:commune:schieren,served_by,true
L-9124,lu:commune:schieren,served_by,true
L-9125,lu:commune:schieren,served_by,true
L-9126,lu:commune:schieren,served_by,true
L-9127,lu:commune:schieren,served_by,true
L-9128,lu:commune:schieren,served_by,true
L-9129,lu:commune:schieren,served_by,true
L-9130,lu:commune:schieren,served_by,true
L-9131,lu:commune:schieren,served_by,true
L-9132,lu:commune:schieren,served_by,true
L-9133,lu:commune:schieren,served_by,true
L-9134,lu:commune:schieren,served_by,true
L-9135,lu:commune:schieren,served_by,true
L-9136,lu:commune:schieren,served_by,true
L-9137,lu:commune:schieren,served_by,true
L-9140,lu:commune:bourscheid,served_by,true
L-9142,lu:commune:erpeldange-sur-sure,served_by,true
L-9144,lu:commune:esch-sur-sure,served_by,false
L-9144,lu:commune:groussbus-wal,served_by,true
L-9145,lu:commune:erpeldange-sur-sure,served_by,true
L-9146,lu:commune:erpeldange-sur-sure,served_by,true
L-9147,lu:commune:erpeldange-sur-sure,served_by,true
L-9148,lu:commune:erpeldange-sur-sure,served_by,true
L-9149,lu:commune:erpeldange-sur-sure,served_by,true
L-9150,lu:commune:esch-sur-sure,served_by,true
L-9151,lu:commune:esch-sur-sure,served_by,true
L-9153,lu:commune:bourscheid,served_by,true
L-9153,lu:commune:goesdorf,served_by,false
L-9154,lu:commune:groussbus-wal,served_by,true
L-9155,lu:commune:groussbus-wal,served_by,true
L-9156,lu:commune:esch-sur-sure,served_by,true
L-9156,lu:commune:feulen,served_by,false
L-9157,lu:commune:esch-sur-sure,served_by,true
L-9158,lu:commune:esch-sur-sure,served_by,true
L-9160,lu:commune:erpeldange-sur-sure,served_by,true
L-9161,lu:commune:erpeldange-sur-sure,served_by,true
L-9163,lu:commune:bourscheid,served_by,true
L-9164,lu:commune:bourscheid,served_by,true
L-9165,lu:commune:esch-sur-sure,served_by,true
L-9166,lu:commune:mertzig,served_by,true
L-9167,lu:commune:mertzig,served_by,true
L-9168,lu:commune:mertzig,served_by,true
L-9169,lu:commune:mertzig,served_by,true
L-9170,lu:commune:mertzig,served_by,true
L-9171,lu:commune:bourscheid,served_by,true
L-9172,lu:commune:bourscheid,served_by,false
L-9172,lu:commune:erpeldange-sur-sure,served_by,true
L-9173,lu:commune:vichten,served_by,true
L-9175,lu:commune:feulen,served_by,true
L-9176,lu:commune:feulen,served_by,true
L-9177,lu:commune:feulen,served_by,true
L-9178,lu:commune:feulen,served_by,true
L-9179,lu:commune:feulen,served_by,true
L-9180,lu:commune:feulen,served_by,true
L-9181,lu:commune:esch-sur-sure,served_by,true
L-9182,lu:commune:bourscheid,served_by,true
L-9183,lu:commune:bourscheid,served_by,true
L-9183,lu:commune:parc-hosingen,served_by,false
L-9184,lu:commune:nommern,served_by,true
L-9184,lu:commune:schieren,served_by,false
L-9185,lu:commune:esch-sur-sure,served_by,true
L-9186,lu:commune:vallee-de-l-ernz,served_by,true
L-9188,lu:commune:vichten,served_by,true
L-9189,lu:commune:vichten,served_by,true
L-9190,lu:commune:vichten,served_by,true
L-9191,lu:commune:bourscheid,served_by,true
L-9191,lu:commune:erpeldange-sur-sure,served_by,false
L-9201,lu:commune:diekirch,served_by,true
L-9202,lu:commune:diekirch,served_by,true
L-9203,lu:commune:diekirch,served_by,true
L-9205,lu:commune:diekirch,served_by,true
L-9206,lu:commune:diekirch,served_by,true
L-9207,lu:commune:diekirch,served_by,true
L-9208,lu:commune:diekirch,served_by,true
L-9209,lu:commune:diekirch,served_by,true
L-9210,lu:commune:diekirch,served_by,true
L-9211,lu:commune:diekirch,served_by,true
L-9212,lu:commune:diekirch,served_by,true
L-9213,lu:commune:diekirch,served_by,true
L-9214,lu:commune:diekirch,served_by,true
L-9215,lu:commune:diekirch,served_by,true
L-9216,lu:commune:diekirch,served_by,true
L-9217,lu:commune:diekirch,served_by,true
L-9218,lu:commune:diekirch,served_by,true
L-9220,lu:commune:diekirch,served_by,true
L-9221,lu:commune:bettendorf,served_by,true
L-9221,lu:commune:diekirch,served_by,false
L-9224,lu:commune:diekirch,served_by,true
L-9225,lu:commune:diekirch,served_by,true
L-9226,lu:commune:diekirch,served_by,true
L-9227,lu:commune:diekirch,served_by,true
L-9228,lu:commune:diekirch,served_by,true
L-9229,lu:commune:diekirch,served_by,true
L-9230,lu:commune:diekirch,served_by,true
L-9231,lu:commune:diekirch,served_by,true
L-9232,lu:commune:diekirch,served_by,true
L-9233,lu:commune:diekirch,served_by,true
L-9234,lu:commune:diekirch,served_by,true
L-9235,lu:commune:diekirch,served_by,true
L-9236,lu:commune:diekirch,served_by,true
L-9237,lu:commune:diekirch,served_by,true
L-9238,lu:commune:diekirch,served_by,true
L-9239,lu:commune:diekirch,served_by,true
L-9240,lu:commune:diekirch,served_by,true
L-9241,lu:commune:diekirch,served_by,true
L-9242,lu:commune:diekirch,served_by,true
L-9243,lu:commune:diekirch,served_by,true
L-9244,lu:commune:diekirch,served_by,true
L-9245,lu:commune:diekirch,served_by,true
L-9249,lu:commune:diekirch,served_by,true
L-9250,lu:commune:diekirch,served_by,true
L-9251,lu:commune:diekirch,served_by,true
L-9252,lu:commune:diekirch,served_by,true
L-9253,lu:commune:diekirch,served_by,true
L-9254,lu:commune:diekirch,served_by,true
L-9255,lu:commune:diekirch,served_by,true
L-9256,lu:commune:diekirch,served_by,true
L-9257,lu:commune:diekirch,served_by,true
L-9258,lu:commune:diekirch,served_by,true
L-9259,lu:commune:diekirch,served_by,true
L-9260,lu:commune:diekirch,served_by,true
L-9261,lu:commune:diekirch,served_by,true
L-9262,lu:commune:diekirch,served_by,true
L-9263,lu:commune:diekirch,served_by,true
L-9264,lu:commune:diekirch,served_by,true
L-9265,lu:commune:diekirch,served_by,true
L-9266,lu:commune:diekirch,served_by,true
L-9267,lu:commune:diekirch,served_by,true
L-9268,lu:commune:diekirch,served_by,true
L-9273,lu:commune:diekirch,served_by,true
L-9275,lu:commune:diekirch,served_by,true
L-9276,lu:commune:diekirch,served_by,true
L-9277,lu:commune:diekirch,served_by,true
L-9278,lu:commune:diekirch,served_by,true
L-9279,lu:commune:diekirch,served_by,true
L-9280,lu:commune:diekirch,served_by,true
L-9281,lu:commune:diekirch,served_by,true
L-9282,lu:commune:diekirch,served_by,true
L-9283,lu:commune:diekirch,served_by,true
L-9284,lu:commune:diekirch,served_by,true
L-9285,lu:commune:diekirch,served_by,true
L-9286,lu:commune:diekirch,served_by,true
L-9287,lu:commune:diekirch,served_by,true
L-9288,lu:commune:diekirch,served_by,true
L-9289,lu:commune:diekirch,served_by,true
L-9290,lu:commune:diekirch,served_by,true
L-9291,lu:commune:diekirch,served_by,true
L-9292,lu:commune:diekirch,served_by,true
L-9293,lu:commune:diekirch,served_by,true
L-9294,lu:commune:diekirch,served_by,true
L-9330,lu:commune:diekirch,served_by,true
L-9340,lu:commune:bourscheid,served_by,true
L-9350,lu:commune:tandel,served_by,true
L-9351,lu:commune:tandel,served_by,true
L-9352,lu:commune:bettendorf,served_by,true
L-9353,lu:commune:bettendorf,served_by,true
L-9354,lu:commune:bettendorf,served_by,true
L-9355,lu:commune:bettendorf,served_by,true
L-9356,lu:commune:bettendorf,served_by,true
L-9357,lu:commune:bettendorf,served_by,true
L-9359,lu:commune:bettendorf,served_by,false
L-9359,lu:commune:tandel,served_by,true
L-9360,lu:commune:tandel,served_by,true
L-9361,lu:commune:tandel,served_by,true
L-9364,lu:commune:bettendorf,served_by,true
L-9364,lu:commune:vallee-de-l-ernz,served_by,false
L-9365,lu:commune:vallee-de-l-ernz,served_by,true
L-9366,lu:commune:vallee-de-l-ernz,served_by,true
L-9368,lu:commune:vallee-de-l-ernz,served_by,true
L-9369,lu:commune:bettendorf,served_by,true
L-9370,lu:commune:bettendorf,served_by,true
L-9370,lu:commune:diekirch,served_by,false
L-9371,lu:commune:bettendorf,served_by,true
L-9372,lu:commune:bettendorf,served_by,true
L-9373,lu:commune:bettendorf,served_by,true
L-9374,lu:commune:bettendorf,served_by,true
L-9375,lu:commune:putscheid,served_by,true
L-9376,lu:commune:parc-hosingen,served_by,true
L-9377,lu:commune:parc-hosingen,served_by,true
L-9378,lu:commune:bourscheid,served_by,true
L-9378,lu:commune:parc-hosingen,served_by,false
L-9378,lu:commune:tandel,served_by,false
L-9379,lu:commune:diekirch,served_by,true
L-9380,lu:commune:putscheid,served_by,true
L-9381,lu:commune:bettendorf,served_by,true
L-9382,lu:commune:bettendorf,served_by,true
L-9390,lu:commune:reisdorf,served_by,true
L-9391,lu:commune:reisdorf,served_by,true
L-9392,lu:commune:reisdorf,served_by,true
L-9395,lu:commune:tandel,served_by,true
L-9401,lu:commune:vianden,served_by,true
L-9405,lu:commune:vianden,served_by,true
L-9406,lu:commune:vianden,served_by,true
L-9407,lu:commune:vianden,served_by,true
L-9408,lu:commune:vianden,served_by,true
L-9409,lu:commune:vianden,served_by,true
L-9410,lu:commune:vianden,served_by,true
L-9411,lu:commune:vianden,served_by,true
L-9412,lu:commune:vianden,served_by,true
L-9414,lu:commune:vianden,served_by,true
L-9415,lu:commune:vianden,served_by,true
L-9416,lu:commune:vianden,served_by,true
L-9417,lu:commune:vianden,served_by,true
L-9418,lu:commune:vianden,served_by,true
L-9419,lu:commune:vianden,served_by,true
L-9420,lu:commune:vianden,served_by,true
L-9421,lu:commune:vianden,served_by,true
L-9422,lu:commune:vianden,served_by,true
L-9423,lu:commune:vianden,served_by,true
L-9424,lu:commune:vianden,served_by,true
L-9425,lu:commune:vianden,served_by,true
L-9426,lu:commune:vianden,served_by,true
L-9440,lu:commune:vianden,served_by,true
L-9451,lu:commune:tandel,served_by,true
L-9452,lu:commune:tandel,served_by,true
L-9453,lu:commune:putscheid,served_by,true
L-9454,lu:commune:tandel,served_by,true
L-9455,lu:commune:tandel,served_by,true
L-9456,lu:commune:reisdorf,served_by,true
L-9457,lu:commune:tandel,served_by,true
L-9458,lu:commune:tandel,served_by,true
L-9459,lu:commune:tandel,served_by,true
L-9461,lu:commune:putscheid,served_by,true
L-9462,lu:commune:putscheid,served_by,true
L-9463,lu:commune:putscheid,served_by,true
L-9464,lu:commune:putscheid,served_by,true
L-9465,lu:commune:tandel,served_by,true
L-9466,lu:commune:putscheid,served_by,true
L-9501,lu:commune:wiltz,served_by,true
L-9502,lu:commune:wiltz,served_by,true
L-9510,lu:commune:wiltz,served_by,true
L-9511,lu:commune:wiltz,served_by,true
L-9512,lu:commune:wiltz,served_by,true
L-9513,lu:commune:wiltz,served_by,true
L-9514,lu:commune:wiltz,served_by,true
L-9515,lu:commune:wiltz,served_by,true
L-9516,lu:commune:wiltz,served_by,true
L-9517,lu:commune:wiltz,served_by,true
L-9518,lu:commune:wiltz,served_by,true
L-9519,lu:commune:wiltz,served_by,true
L-9520,lu:commune:wiltz,served_by,true
L-9521,lu:commune:wiltz,served_by,true
L-9522,lu:commune:wiltz,served_by,true
L-9523,lu:commune:wiltz,served_by,true
L-9524,lu:commune:wiltz,served_by,true
L-9530,lu:commune:wiltz,served_by,true
L-9531,lu:commune:wiltz,served_by,true
L-9532,lu:commune:wiltz,served_by,true
L-9533,lu:commune:wiltz,served_by,true
L-9534,lu:commune:wiltz,served_by,true
L-9535,lu:commune:wiltz,served_by,true
L-9536,lu:commune:wiltz,served_by,true
L-9537,lu:commune:wiltz,served_by,true
L-9538,lu:commune:wiltz,served_by,true
L-9539,lu:commune:wiltz,served_by,true
L-9540,lu:commune:wiltz,served_by,true
L-9541,lu:commune:wiltz,served_by,true
L-9542,lu:commune:wiltz,served_by,true
L-9543,lu:commune:wiltz,served_by,true
L-9544,lu:commune:wiltz,served_by,true
L-9545,lu:commune:wiltz,served_by,true
L-9550,lu:commune:wiltz,served_by,true
L-9551,lu:commune:wiltz,served_by,true
L-9552,lu:commune:wiltz,served_by,true
L-9553,lu:commune:wiltz,served_by,true
L-9554,lu:commune:wiltz,served_by,true
L-9555,lu:commune:wiltz,served_by,true
L-9556,lu:commune:wiltz,served_by,true
L-9557,lu:commune:wiltz,served_by,true
L-9558,lu:commune:wiltz,served_by,true
L-9559,lu:commune:wiltz,served_by,true
L-9560,lu:commune:wiltz,served_by,true
L-9565,lu:commune:wiltz,served_by,true
L-9570,lu:commune:wiltz,served_by,true
L-9571,lu:commune:wiltz,served_by,true
L-9572,lu:commune:wiltz,served_by,true
L-9573,lu:commune:wiltz,served_by,true
L-9574,lu:commune:wiltz,served_by,true
L-9575,lu:commune:wiltz,served_by,true
L-9576,lu:commune:wiltz,served_by,true
L-9577,lu:commune:wiltz,served_by,true
L-9578,lu:commune:wiltz,served_by,true
L-9579,lu:commune:wiltz,served_by,true
L-9631,lu:commune:wincrange,served_by,true
L-9632,lu:commune:kiischpelt,served_by,true
L-9633,lu:commune:boulaide,served_by,true
L-9635,lu:commune:lac-de-la-haute-sure,served_by,true
L-9636,lu:commune:winseler,served_by,true
L-9637,lu:commune:goesdorf,served_by,true
L-9638,lu:commune:winseler,served_by,true
L-9639,lu:commune:boulaide,served_by,true
L-9640,lu:commune:boulaide,served_by,true
L-9641,lu:commune:wincrange,served_by,true
L-9643,lu:commune:goesdorf,served_by,true
L-9644,lu:commune:goesdorf,served_by,true
L-9645,lu:commune:wincrange,served_by,true
L-9647,lu:commune:winseler,served_by,true
L-9648,lu:commune:wiltz,served_by,true
L-9650,lu:commune:esch-sur-sure,served_by,true
L-9651,lu:commune:wiltz,served_by,true
L-9653,lu:commune:goesdorf,served_by,true
L-9654,lu:commune:winseler,served_by,true
L-9655,lu:commune:lac-de-la-haute-sure,served_by,true
L-9656,lu:commune:lac-de-la-haute-sure,served_by,true
L-9657,lu:commune:lac-de-la-haute-sure,served_by,true
L-9659,lu:commune:esch-sur-sure,served_by,true
L-9660,lu:commune:esch-sur-sure,served_by,true
L-9662,lu:commune:lac-de-la-haute-sure,served_by,true
L-9663,lu:commune:kiischpelt,served_by,true
L-9665,lu:commune:lac-de-la-haute-sure,served_by,true
L-9666,lu:commune:esch-sur-sure,served_by,true
L-9668,lu:commune:goesdorf,served_by,true
L-9669,lu:commune:lac-de-la-haute-sure,served_by,true
L-9670,lu:commune:kiischpelt,served_by,true
L-9671,lu:commune:esch-sur-sure,served_by,true
L-9672,lu:commune:wincrange,served_by,true
L-9673,lu:commune:wincrange,served_by,true
L-9674,lu:commune:goesdorf,served_by,true
L-9674,lu:commune:wiltz,served_by,false
L-9676,lu:commune:winseler,served_by,true
L-9678,lu:commune:lac-de-la-haute-sure,served_by,true
L-9681,lu:commune:wiltz,served_by,true
L-9682,lu:commune:wiltz,served_by,true
L-9684,lu:commune:wincrange,served_by,true
L-9687,lu:commune:boulaide,served_by,true
L-9689,lu:commune:lac-de-la-haute-sure,served_by,true
L-9690,lu:commune:lac-de-la-haute-sure,served_by,true
L-9696,lu:commune:winseler,served_by,true
L-9701,lu:commune:clervaux,served_by,true
L-9706,lu:commune:clervaux,served_by,true
L-9707,lu:commune:clervaux,served_by,true
L-9708,lu:commune:clervaux,served_by,true
L-9709,lu:commune:clervaux,served_by,true
L-9710,lu:commune:clervaux,served_by,true
L-9711,lu:commune:clervaux,served_by,true
L-9712,lu:commune:clervaux,served_by,true
L-9713,lu:commune:clervaux,served_by,true
L-9714,lu:commune:clervaux,served_by,true
L-9715,lu:commune:clervaux,served_by,true
L-9737,lu:commune:clervaux,served_by,true
L-9738,lu:commune:clervaux,served_by,true
L-9740,lu:commune:wincrange,served_by,true
L-9742,lu:commune:wincrange,served_by,true
L-9743,lu:commune:wincrange,served_by,true
L-9744,lu:commune:wincrange,served_by,true
L-9745,lu:commune:wincrange,served_by,true
L-9746,lu:commune:clervaux,served_by,true
L-9747,lu:commune:kiischpelt,served_by,true
L-9748,lu:commune:clervaux,served_by,true
L-9749,lu:commune:clervaux,served_by,true
L-9751,lu:commune:clervaux,served_by,true
L-9752,lu:commune:wincrange,served_by,true
L-9753,lu:commune:clervaux,served_by,true
L-9754,lu:commune:wincrange,served_by,true
L-9755,lu:commune:clervaux,served_by,true
L-9756,lu:commune:clervaux,served_by,true
L-9757,lu:commune:clervaux,served_by,true
L-9758,lu:commune:clervaux,served_by,true
L-9759,lu:commune:clervaux,served_by,true
L-9759,lu:commune:wiltz,served_by,false
L-9760,lu:commune:kiischpelt,served_by,true
L-9761,lu:commune:wincrange,served_by,true
L-9762,lu:commune:wincrange,served_by,true
L-9763,lu:commune:clervaux,served_by,true
L-9764,lu:commune:clervaux,served_by,true
L-9765,lu:commune:clervaux,served_by,true
L-9766,lu:commune:clervaux,served_by,true
L-9767,lu:commune:kiischpelt,served_by,true
L-9768,lu:commune:clervaux,served_by,true
L-9769,lu:commune:clervaux,served_by,true
L-9770,lu:commune:wincrange,served_by,true
L-9771,lu:commune:wincrange,served_by,true
L-9772,lu:commune:wincrange,served_by,true
L-9773,lu:commune:wincrange,served_by,true
L-9774,lu:commune:clervaux,served_by,true
L-9775,lu:commune:clervaux,served_by,true
L-9776,lu:commune:kiischpelt,served_by,true
L-9779,lu:commune:clervaux,served_by,true
L-9779,lu:commune:wincrange,served_by,false
L-9780,lu:commune:wincrange,served_by,true
L-9801,lu:commune:parc-hosingen,served_by,true
L-9805,lu:commune:parc-hosingen,served_by,true
L-9806,lu:commune:parc-hosingen,served_by,true
L-9807,lu:commune:parc-hosingen,served_by,true
L-9808,lu:commune:parc-hosingen,served_by,true
L-9809,lu:commune:parc-hosingen,served_by,true
L-9810,lu:commune:parc-hosingen,served_by,true
L-9830,lu:commune:parc-hosingen,served_by,true
L-9831,lu:commune:parc-hosingen,served_by,true
L-9833,lu:commune:parc-hosingen,served_by,true
L-9834,lu:commune:parc-hosingen,served_by,true
L-9835,lu:commune:parc-hosingen,served_by,true
L-9836,lu:commune:parc-hosingen,served_by,true
L-9837,lu:commune:parc-hosingen,served_by,true
L-9838,lu:commune:parc-hosingen,served_by,true
L-9839,lu:commune:parc-hosingen,served_by,true
L-9840,lu:commune:clervaux,served_by,true
L-9841,lu:commune:parc-hosingen,served_by,true
L-9901,lu:commune:troisvierges,served_by,true
L-9902,lu:commune:wincrange,served_by,true
L-9903,lu:commune:troisvierges,served_by,true
L-9905,lu:commune:troisvierges,served_by,true
L-9906,lu:commune:troisvierges,served_by,true
L-9907,lu:commune:troisvierges,served_by,true
L-9908,lu:commune:troisvierges,served_by,true
L-9909,lu:commune:troisvierges,served_by,true
L-9910,lu:commune:troisvierges,served_by,true
L-9911,lu:commune:troisvierges,served_by,true
L-9912,lu:commune:troisvierges,served_by,true
L-9913,lu:commune:troisvierges,served_by,true
L-9940,lu:commune:wincrange,served_by,true
L-9942,lu:commune:troisvierges,served_by,true
L-9943,lu:commune:troisvierges,served_by,true
L-9944,lu:commune:weiswampach,served_by,true
L-9946,lu:commune:weiswampach,served_by,true
L-9948,lu:commune:troisvierges,served_by,true
L-9950,lu:commune:weiswampach,served_by,true
L-9952,lu:commune:troisvierges,served_by,true
L-9954,lu:commune:troisvierges,served_by,true
L-9956,lu:commune:wincrange,served_by,true
L-9960,lu:commune:wincrange,served_by,true
L-9962,lu:commune:weiswampach,served_by,true
L-9964,lu:commune:troisvierges,served_by,true
L-9966,lu:commune:weiswampach,served_by,true
L-9968,lu:commune:clervaux,served_by,false
L-9968,lu:commune:weiswampach,served_by,true
L-9970,lu:commune:weiswampach,served_by,true
L-9972,lu:commune:clervaux,served_by,true
L-9974,lu:commune:wincrange,served_by,true
L-9976,lu:commune:wincrange,served_by,true
L-9980,lu:commune:troisvierges,served_by,true
L-9982,lu:commune:wincrange,served_by,true
L-9990,lu:commune:weiswampach,served_by,true
L-9991,lu:commune:weiswampach,served_by,true
L-9992,lu:commune:weiswampach,served_by,true
L-9993,lu:commune:weiswampach,served_by,true
L-9994,lu:commune:weiswampach,served_by,true
L-9999,lu:commune:weiswampach,served_by,true
