country_code,code
MT,ATD 1000
MT,ATD 1010
MT,ATD 1011
MT,ATD 1013
MT,ATD 1020
MT,ATD 1021
MT,ATD 1022
MT,ATD 1023
MT,ATD 1024
MT,ATD 1025
MT,ATD 1026
MT,ATD 1027
MT,ATD 1028
MT,ATD 1029
MT,ATD 1030
MT,ATD 1040
MT,ATD 1051
MT,ATD 1060
MT,ATD 1061
MT,ATD 1062
MT,ATD 1063
MT,ATD 1070
MT,ATD 1071
MT,ATD 1080
MT,ATD 1081
MT,ATD 1100
MT,ATD 1101
MT,ATD 1102
MT,ATD 1103
MT,ATD 1110
MT,ATD 1111
MT,ATD 1113
MT,ATD 1121
MT,ATD 1123
MT,ATD 1124
MT,ATD 1125
MT,ATD 1132
MT,ATD 1133
MT,ATD 1134
MT,ATD 1135
MT,ATD 1140
MT,ATD 1141
MT,ATD 1151
MT,ATD 1152
MT,ATD 1153
MT,ATD 1154
MT,ATD 1155
MT,ATD 1156
MT,ATD 1160
MT,ATD 1161
MT,ATD 1170
MT,ATD 1171
MT,ATD 1180
MT,ATD 1181
MT,ATD 1191
MT,ATD 1200
MT,ATD 1202
MT,ATD 1203
MT,ATD 1210
MT,ATD 1211
MT,ATD 1212
MT,ATD 1213
MT,ATD 1214
MT,ATD 1215
MT,ATD 1216
MT,ATD 1217
MT,ATD 1221
MT,ATD 1222
MT,ATD 1223
MT,ATD 1230
MT,ATD 1231
MT,ATD 1232
MT,ATD 1233
MT,ATD 1234
MT,ATD 1235
MT,ATD 1236
MT,ATD 1237
MT,ATD 1239
MT,ATD 1240
MT,ATD 1241
MT,ATD 1251
MT,ATD 1253
MT,ATD 1260
MT,ATD 1261
MT,ATD 1282
MT,ATD 1283
MT,ATD 1284
MT,ATD 1285
MT,ATD 1290
MT,ATD 1300
MT,ATD 1301
MT,ATD 1310
MT,ATD 1312
MT,ATD 1313
MT,ATD 1314
MT,ATD 1315
MT,ATD 1320
MT,ATD 1321
MT,ATD 1340
MT,ATD 1341
MT,ATD 1350
MT,ATD 1351
MT,ATD 1360
MT,ATD 1361
MT,ATD 1362
MT,ATD 1363
MT,ATD 1364
MT,ATD 1365
MT,ATD 1366
MT,ATD 1367
MT,ATD 1370
MT,ATD 1371
MT,ATD 1380
MT,ATD 1381
MT,ATD 1390
MT,ATD 1391
MT,ATD 1400
MT,ATD 1401
MT,ATD 1403
MT,ATD 1404
MT,ATD 1405
MT,ATD 1406
MT,ATD 1407
MT,ATD 1408
MT,ATD 1409
MT,ATD 1411
MT,ATD 1412
MT,ATD 1413
MT,ATD 1420
MT,ATD 1421
MT,ATD 1430
MT,ATD 1431
MT,ATD 1432
MT,ATD 1433
MT,ATD 1434
MT,ATD 1437
MT,ATD 1438
MT,ATD 1439
MT,ATD 1440
MT,ATD 1441
MT,ATD 1450
MT,ATD 1451
MT,ATD 1460
MT,ATD 1461
MT,ATD 1470
MT,ATD 1471
MT,ATD 1472
MT,ATD 1473
MT,ATD 1474
MT,ATD 1475
MT,ATD 1480
MT,ATD 1481
MT,ATD 1483
MT,ATD 1484
MT,ATD 1490
MT,ATD 1491
MT,ATD 1492
MT,ATD 1493
MT,ATD 1500
MT,ATD 1501
MT,ATD 1502
MT,ATD 1503
MT,ATD 1504
MT,ATD 1510
MT,ATD 1511
MT,ATD 1520
MT,ATD 1521
MT,ATD 1522
MT,ATD 1523
MT,ATD 1525
MT,ATD 1530
MT,ATD 1531
MT,ATD 1532
MT,ATD 1533
MT,ATD 1540
MT,ATD 1541
MT,ATD 1542
MT,ATD 1543
MT,ATD 1550
MT,ATD 1551
MT,ATD 1552
MT,ATD 1553
MT,ATD 1554
MT,ATD 1555
MT,ATD 1610
MT,ATD 1611
MT,ATD 1612
MT,ATD 1613
MT,ATD 1620
MT,ATD 1621
MT,ATD 1622
MT,ATD 1623
MT,ATD 1624
MT,ATD 1625
MT,ATD 1630
MT,ATD 1631
MT,ATD 1640
MT,ATD 1641
MT,ATD 1643
MT,ATD 1645
MT,ATD 1650
MT,ATD 1651
MT,ATD 1700
MT,ATD 1702
MT,ATD 1710
MT,ATD 1711
MT,ATD 1712
MT,ATD 1713
MT,ATD 1714
MT,ATD 1715
MT,ATD 1720
MT,ATD 1721
MT,ATD 1722
MT,ATD 1723
MT,ATD 1730
MT,ATD 1732
MT,ATD 1734
MT,ATD 1740
MT,ATD 1741
MT,ATD 1760
MT,ATD 1762
MT,ATD 1763
MT,ATD 1800
MT,ATD 1801
MT,ATD 1802
MT,ATD 1803
MT,ATD 1804
MT,ATD 1805
MT,ATD 1810
MT,ATD 1811
MT,ATD 1812
MT,ATD 1820
MT,ATD 1821
MT,ATD 1830
MT,ATD 1831
MT,ATD 1840
MT,ATD 1841
MT,ATD 1842
MT,ATD 1843
MT,ATD 1844
MT,ATD 1850
MT,ATD 1860
MT,ATD 1861
MT,ATD 1862
MT,ATD 1863
MT,ATD 1870
MT,ATD 1871
MT,ATD 1872
MT,ATD 1890
MT,ATD 1891
MT,ATD 1900
MT,ATD 1901
MT,ATD 1902
MT,ATD 1903
MT,ATD 1904
MT,ATD 1905
MT,ATD 1906
MT,ATD 1907
MT,ATD 1910
MT,ATD 1911
MT,ATD 1912
MT,ATD 1913
MT,ATD 1920
MT,ATD 1921
MT,ATD 1922
MT,ATD 1923
MT,ATD 1930
MT,ATD 1931
MT,ATD 1932
MT,ATD 1933
MT,ATD 1940
MT,ATD 1941
MT,ATD 1942
MT,ATD 1943
MT,ATD 1950
MT,ATD 1951
MT,ATD 1960
MT,ATD 1961
MT,ATD 1970
MT,ATD 1971
MT,ATD 1972
MT,ATD 1973
MT,ATD 1974
MT,ATD 1975
MT,ATD 1976
MT,ATD 1977
MT,ATD 1978
MT,ATD 1979
MT,ATD 1980
MT,ATD 1981
MT,ATD 2010
MT,ATD 2011
MT,ATD 2020
MT,ATD 2021
MT,ATD 2022
MT,ATD 2023
MT,ATD 2024
MT,ATD 2025
MT,ATD 2026
MT,ATD 2027
MT,ATD 2029
MT,ATD 2030
MT,ATD 2031
MT,ATD 2040
MT,ATD 2041
MT,ATD 2050
MT,ATD 2051
MT,ATD 2060
MT,ATD 2062
MT,ATD 2064
MT,ATD 2065
MT,ATD 2066
MT,ATD 2067
MT,ATD 2068
MT,ATD 2069
MT,ATD 2073
MT,ATD 2074
MT,ATD 2081
MT,ATD 2083
MT,ATD 2085
MT,ATD 2090
MT,ATD 2091
MT,ATD 2092
MT,ATD 2093
MT,ATD 2100
MT,ATD 2101
MT,ATD 2110
MT,ATD 2111
MT,ATD 2130
MT,ATD 2200
MT,ATD 2213
MT,ATD 2214
MT,ATD 2215
MT,ATD 2216
MT,ATD 2217
MT,ATD 2218
MT,ATD 2219
MT,ATD 2221
MT,ATD 2222
MT,ATD 2223
MT,ATD 2230
MT,ATD 2231
MT,ATD 2232
MT,ATD 2233
MT,ATD 2250
MT,ATD 2251
MT,ATD 2252
MT,ATD 2253
MT,ATD 2260
MT,ATD 2261
MT,ATD 2262
MT,ATD 2270
MT,ATD 2271
MT,ATD 2272
MT,ATD 2273
MT,ATD 2280
MT,ATD 2281
MT,ATD 2282
MT,ATD 2283
MT,ATD 2300
MT,ATD 2301
MT,ATD 2302
MT,ATD 2303
MT,ATD 2311
MT,ATD 2313
MT,ATD 2314
MT,ATD 2315
MT,ATD 2316
MT,ATD 2317
MT,ATD 2320
MT,ATD 2321
MT,ATD 2322
MT,ATD 2323
MT,ATD 2331
MT,ATD 2333
MT,ATD 2335
MT,ATD 2336
MT,ATD 2337
MT,ATD 2338
MT,ATD 2339
MT,ATD 2340
MT,ATD 2341
MT,ATD 2342
MT,ATD 2343
MT,ATD 2344
MT,ATD 2345
MT,ATD 2350
MT,ATD 2351
MT,ATD 2352
MT,ATD 2353
MT,ATD 2354
MT,ATD 2355
MT,ATD 2360
MT,ATD 2361
MT,ATD 2362
MT,ATD 2363
MT,ATD 2364
MT,ATD 2365
MT,ATD 2366
MT,ATD 2370
MT,ATD 2371
MT,ATD 2380
MT,ATD 2382
MT,ATD 2400
MT,ATD 2401
MT,ATD 2410
MT,ATD 2411
MT,ATD 2412
MT,ATD 2415
MT,ATD 2420
MT,ATD 2421
MT,ATD 2430
MT,ATD 2431
MT,ATD 2450
MT,ATD 2452
MT,ATD 2460
MT,ATD 2461
MT,ATD 2462
MT,ATD 2463
MT,ATD 2470
MT,ATD 2471
MT,ATD 2481
MT,ATD 2482
MT,ATD 2483
MT,ATD 2484
MT,ATD 2485
MT,ATD 2486
MT,ATD 2503
MT,ATD 2511
MT,ATD 2520
MT,ATD 2522
MT,ATD 2530
MT,ATD 2531
MT,ATD 2540
MT,ATD 2600
MT,ATD 2601
MT,ATD 2602
MT,ATD 2606
MT,ATD 2607
MT,ATD 2608
MT,ATD 2609
MT,ATD 2610
MT,ATD 2611
MT,ATD 2620
MT,ATD 2621
MT,ATD 2622
MT,ATD 2623
MT,ATD 2630
MT,ATD 2631
MT,ATD 2632
MT,ATD 2633
MT,ATD 2640
MT,ATD 2641
MT,ATD 2650
MT,ATD 2651
MT,ATD 2652
MT,ATD 2653
MT,ATD 2654
MT,ATD 2655
MT,ATD 2657
MT,ATD 2660
MT,ATD 2661
MT,ATD 2662
MT,ATD 2663
MT,ATD 2680
MT,ATD 2681
MT,ATD 2690
MT,ATD 2691
MT,ATD 2692
MT,ATD 2700
MT,ATD 2701
MT,ATD 2702
MT,ATD 2703
MT,ATD 2704
MT,ATD 2705
MT,ATD 2706
MT,ATD 2707
MT,ATD 2711
MT,ATD 2720
MT,ATD 2721
MT,ATD 2730
MT,ATD 2731
MT,ATD 2732
MT,ATD 2733
MT,ATD 2741
MT,ATD 2750
MT,ATD 2752
MT,ATD 2753
MT,ATD 2760
MT,ATD 2761
MT,ATD 2762
MT,ATD 2763
MT,ATD 2770
MT,ATD 2771
MT,ATD 2772
MT,ATD 2773
MT,ATD 2774
MT,ATD 2775
MT,ATD 2776
MT,ATD 2777
MT,ATD 2780
MT,ATD 2781
MT,ATD 2790
MT,ATD 2791
MT,ATD 2800
MT,ATD 2801
MT,ATD 2802
MT,ATD 2803
MT,ATD 2810
MT,ATD 2811
MT,ATD 2821
MT,ATD 2831
MT,ATD 2840
MT,ATD 2841
MT,ATD 2842
MT,ATD 2843
MT,ATD 2850
MT,ATD 2851
MT,ATD 2890
MT,ATD 2900
MT,ATD 2901
MT,ATD 2902
MT,ATD 2903
MT,ATD 2904
MT,ATD 2905
MT,ATD 2906
MT,ATD 2907
MT,ATD 2910
MT,ATD 2911
MT,ATD 2920
MT,ATD 2921
MT,ATD 2922
MT,ATD 2930
MT,ATD 2931
MT,ATD 2941
MT,ATD 2942
MT,ATD 2943
MT,ATD 2944
MT,ATD 2945
MT,ATD 2946
MT,ATD 2950
MT,ATD 2951
MT,ATD 2952
MT,ATD 2953
MT,ATD 2960
MT,ATD 2961
MT,ATD 2962
MT,ATD 2963
MT,ATD 2980
MT,ATD 2990
MT,ATD 3000
MT,ATD 3010
MT,ATD 3011
MT,ATD 3012
MT,ATD 3013
MT,ATD 3014
MT,ATD 3015
MT,ATD 3016
MT,ATD 3017
MT,ATD 3021
MT,ATD 3022
MT,ATD 3023
MT,ATD 3030
MT,ATD 3032
MT,ATD 3034
MT,ATD 3036
MT,ATD 3038
MT,ATD 3050
MT,ATD 3060
MT,ATD 3062
MT,ATD 3063
MT,ATD 3080
MT,ATD 3090
MT,ATD 3100
MT,ATD 3102
MT,ATD 3104
MT,ATD 3110
MT,ATD 3111
MT,ATD 3117
MT,ATD 3120
MT,ATD 3121
MT,ATD 3122
MT,ATD 3123
MT,ATD 3124
MT,ATD 3132
MT,ATD 3134
MT,ATD 3190
MT,ATD 3200
MT,ATD 4000
MT,ATD 4880
MT,ATD 4890
MT,ATD 6930
MT,ATD 9011
MT,ATD 9012
MT,ATD 9013
MT,ATD 9014
MT,ATD 9015
MT,ATD 9020
MT,ATD 9021
MT,ATD 9022
MT,ATD 9023
MT,ATD 9024
MT,ATD 9025
MT,ATD 9027
MT,ATD 9028
MT,ATD 9030
MT,ATD 9031
MT,ATD 9032
MT,ATD 9033
MT,ATD 9034
MT,ATD 9036
MT,ATD 9037
MT,ATD 9038
MT,ATD 9039
MT,ATD 9040
MT,ATD 9041
MT,ATD 9042
MT,ATD 9043
MT,ATD 9044
MT,ATD 9045
MT,ATD 9050
MT,ATD 9051
MT,ATD 9052
MT,ATD 9053
MT,ATD 9055
MT,ATD 9056
MT,ATD 9070
MT,ATD 9081
MT,ATD 9090
MT,BBG 1000
MT,BBG 1010
MT,BBG 1012
MT,BBG 1013
MT,BBG 1014
MT,BBG 1015
MT,BBG 1016
MT,BBG 1017
MT,BBG 1021
MT,BBG 1023
MT,BBG 1031
MT,BBG 1033
MT,BBG 1040
MT,BBG 1041
MT,BBG 1042
MT,BBG 1043
MT,BBG 1050
MT,BBG 1051
MT,BBG 1052
MT,BBG 1053
MT,BBG 1054
MT,BBG 1055
MT,BBG 1057
MT,BBG 1060
MT,BBG 1061
MT,BBG 1062
MT,BBG 1063
MT,BBG 1100
MT,BBG 1101
MT,BBG 1102
MT,BBG 1103
MT,BBG 1110
MT,BBG 1111
MT,BBG 1112
MT,BBG 1120
MT,BBG 1121
MT,BBG 1130
MT,BBG 1131
MT,BBG 1132
MT,BBG 1133
MT,BBG 1134
MT,BBG 1135
MT,BBG 1141
MT,BBG 1142
MT,BBG 1143
MT,BBG 1144
MT,BBG 1145
MT,BBG 1146
MT,BBG 1147
MT,BBG 1151
MT,BBG 1160
MT,BBG 1161
MT,BBG 1162
MT,BBG 1163
MT,BBG 1170
MT,BBG 1180
MT,BBG 1190
MT,BBG 1191
MT,BBG 1200
MT,BBG 1201
MT,BBG 1202
MT,BBG 1203
MT,BBG 1204
MT,BBG 1205
MT,BBG 1207
MT,BBG 1211
MT,BBG 1213
MT,BBG 1215
MT,BBG 1220
MT,BBG 1221
MT,BBG 1222
MT,BBG 1223
MT,BBG 1230
MT,BBG 1231
MT,BBG 1232
MT,BBG 1233
MT,BBG 1234
MT,BBG 1235
MT,BBG 1240
MT,BBG 1242
MT,BBG 1243
MT,BBG 1244
MT,BBG 1245
MT,BBG 1246
MT,BBG 1247
MT,BBG 1250
MT,BBG 1251
MT,BBG 1252
MT,BBG 1253
MT,BBG 1254
MT,BBG 1255
MT,BBG 1260
MT,BBG 1261
MT,BBG 1262
MT,BBG 1263
MT,BBG 1270
MT,BBG 1271
MT,BBG 1272
MT,BBG 1273
MT,BBG 1281
MT,BBG 1282
MT,BBG 1283
MT,BBG 1287
MT,BBG 1290
MT,BBG 1304
MT,BBG 1305
MT,BBG 1306
MT,BBG 1307
MT,BBG 1308
MT,BBG 1310
MT,BBG 1311
MT,BBG 1312
MT,BBG 1402
MT,BBG 1404
MT,BBG 1410
MT,BBG 1420
MT,BBG 1501
MT,BBG 1502
MT,BBG 1503
MT,BBG 1504
MT,BBG 1505
MT,BBG 1506
MT,BBG 1507
MT,BBG 1508
MT,BBG 1509
MT,BBG 1510
MT,BBG 1511
MT,BBG 1512
MT,BBG 1513
MT,BBG 1520
MT,BBG 1521
MT,BBG 1522
MT,BBG 1523
MT,BBG 1524
MT,BBG 1525
MT,BBG 1527
MT,BBG 1530
MT,BBG 1532
MT,BBG 1534
MT,BBG 1542
MT,BBG 1543
MT,BBG 1600
MT,BBG 1601
MT,BBG 1602
MT,BBG 1603
MT,BBG 1604
MT,BBG 1606
MT,BBG 1607
MT,BBG 1612
MT,BBG 1631
MT,BBG 1632
MT,BBG 1633
MT,BBG 1640
MT,BBG 1641
MT,BBG 1642
MT,BBG 1643
MT,BBG 1650
MT,BBG 1651
MT,BBG 1660
MT,BBG 1661
MT,BBG 1662
MT,BBG 1664
MT,BBG 1665
MT,BBG 1667
MT,BBG 1668
MT,BBG 1669
MT,BBG 1670
MT,BBG 1671
MT,BBG 1680
MT,BBG 1681
MT,BBG 1682
MT,BBG 1683
MT,BBG 1684
MT,BBG 1685
MT,BBG 1686
MT,BBG 1687
MT,BBG 1688
MT,BBG 1689
MT,BBG 1690
MT,BBG 1691
MT,BBG 1700
MT,BBG 1701
MT,BBG 1702
MT,BBG 1703
MT,BBG 1710
MT,BBG 1711
MT,BBG 1712
MT,BBG 1713
MT,BBG 1714
MT,BBG 1716
MT,BBG 1718
MT,BBG 1719
MT,BBG 1720
MT,BBG 1721
MT,BBG 1722
MT,BBG 1723
MT,BBG 1724
MT,BBG 1725
MT,BBG 1730
MT,BBG 1731
MT,BBG 1732
MT,BBG 1733
MT,BBG 1740
MT,BBG 1741
MT,BBG 1742
MT,BBG 1743
MT,BBG 1750
MT,BBG 1751
MT,BBG 1752
MT,BBG 1753
MT,BBG 1754
MT,BBG 1755
MT,BBG 1756
MT,BBG 1757
MT,BBG 1758
MT,BBG 1759
MT,BBG 1760
MT,BBG 1761
MT,BBG 1762
MT,BBG 1763
MT,BBG 1764
MT,BBG 1765
MT,BBG 1767
MT,BBG 1770
MT,BBG 1771
MT,BBG 1772
MT,BBG 1773
MT,BBG 1774
MT,BBG 1775
MT,BBG 1780
MT,BBG 1805
MT,BBG 1806
MT,BBG 1807
MT,BBG 1808
MT,BBG 1809
MT,BBG 1810
MT,BBG 1811
MT,BBG 1814
MT,BBG 1820
MT,BBG 1821
MT,BBG 1833
MT,BBG 1835
MT,BBG 1836
MT,BBG 1837
MT,BBG 1840
MT,BBG 1841
MT,BBG 1842
MT,BBG 1843
MT,BBG 1844
MT,BBG 1845
MT,BBG 1846
MT,BBG 1847
MT,BBG 1850
MT,BBG 1851
MT,BBG 1852
MT,BBG 1860
MT,BBG 1870
MT,BBG 1880
MT,BBG 1891
MT,BBG 1892
MT,BBG 1893
MT,BBG 1895
MT,BBG 1900
MT,BBG 1901
MT,BBG 1902
MT,BBG 1903
MT,BBG 1904
MT,BBG 1905
MT,BBG 1906
MT,BBG 1907
MT,BBG 1908
MT,BBG 1909
MT,BBG 1910
MT,BBG 1912
MT,BBG 1913
MT,BBG 1914
MT,BBG 1915
MT,BBG 1920
MT,BBG 1921
MT,BBG 1922
MT,BBG 1923
MT,BBG 1925
MT,BBG 1926
MT,BBG 1928
MT,BBG 1929
MT,BBG 1930
MT,BBG 1931
MT,BBG 1933
MT,BBG 1934
MT,BBG 1935
MT,BBG 1940
MT,BBG 1941
MT,BBG 1942
MT,BBG 1943
MT,BBG 1952
MT,BBG 1953
MT,BBG 1960
MT,BBG 1961
MT,BBG 1962
MT,BBG 1963
MT,BBG 1970
MT,BBG 1971
MT,BBG 2010
MT,BBG 2020
MT,BBG 2021
MT,BBG 2022
MT,BBG 2023
MT,BBG 2024
MT,BBG 2025
MT,BBG 2026
MT,BBG 2027
MT,BBG 2028
MT,BBG 2029
MT,BBG 2030
MT,BBG 2031
MT,BBG 2032
MT,BBG 2040
MT,BBG 2041
MT,BBG 2042
MT,BBG 2043
MT,BBG 2050
MT,BBG 2051
MT,BBG 2052
MT,BBG 2053
MT,BBG 2060
MT,BBG 2061
MT,BBG 2062
MT,BBG 2063
MT,BBG 2100
MT,BBG 2101
MT,BBG 2102
MT,BBG 2104
MT,BBG 2106
MT,BBG 2107
MT,BBG 2108
MT,BBG 2109
MT,BBG 2110
MT,BBG 2111
MT,BBG 2120
MT,BBG 2121
MT,BBG 2122
MT,BBG 2130
MT,BBG 2131
MT,BBG 2140
MT,BBG 2141
MT,BBG 2150
MT,BBG 2151
MT,BBG 2160
MT,BBG 2170
MT,BBG 2171
MT,BBG 2172
MT,BBG 2173
MT,BBG 2200
MT,BBG 2201
MT,BBG 2210
MT,BBG 2211
MT,BBG 2212
MT,BBG 2213
MT,BBG 2220
MT,BBG 2230
MT,BBG 2231
MT,BBG 2232
MT,BBG 2233
MT,BBG 2234
MT,BBG 2235
MT,BBG 2240
MT,BBG 2241
MT,BBG 2242
MT,BBG 2243
MT,BBG 2244
MT,BBG 2245
MT,BBG 2246
MT,BBG 2247
MT,BBG 2248
MT,BBG 2249
MT,BBG 2250
MT,BBG 2251
MT,BBG 2252
MT,BBG 2253
MT,BBG 2254
MT,BBG 2255
MT,BBG 2261
MT,BBG 2262
MT,BBG 2263
MT,BBG 2271
MT,BBG 2273
MT,BBG 2281
MT,BBG 2283
MT,BBG 2290
MT,BBG 2291
MT,BBG 2292
MT,BBG 2294
MT,BBG 2295
MT,BBG 2296
MT,BBG 2297
MT,BBG 2298
MT,BBG 2299
MT,BBG 2300
MT,BBG 2301
MT,BBG 2302
MT,BBG 2303
MT,BBG 2304
MT,BBG 2305
MT,BBG 2306
MT,BBG 2307
MT,BBG 2309
MT,BBG 2310
MT,BBG 2311
MT,BBG 2312
MT,BBG 2320
MT,BBG 2321
MT,BBG 2330
MT,BBG 2331
MT,BBG 2340
MT,BBG 2341
MT,BBG 2342
MT,BBG 2343
MT,BBG 2344
MT,BBG 2345
MT,BBG 2346
MT,BBG 2347
MT,BBG 2348
MT,BBG 2349
MT,BBG 2350
MT,BBG 2351
MT,BBG 2360
MT,BBG 2362
MT,BBG 2364
MT,BBG 2366
MT,BBG 2367
MT,BBG 2368
MT,BBG 2369
MT,BBG 2370
MT,BBG 2371
MT,BBG 2380
MT,BBG 2381
MT,BBG 2382
MT,BBG 2383
MT,BBG 2390
MT,BBG 2391
MT,BBG 2400
MT,BBG 2401
MT,BBG 2402
MT,BBG 2410
MT,BBG 2411
MT,BBG 2412
MT,BBG 2413
MT,BBG 2414
MT,BBG 2415
MT,BBG 2417
MT,BBG 2420
MT,BBG 2422
MT,BBG 2424
MT,BBG 2430
MT,BBG 2431
MT,BBG 2440
MT,BBG 2441
MT,BBG 2442
MT,BBG 2443
MT,BBG 2444
MT,BBG 2445
MT,BBG 2450
MT,BBG 2451
MT,BBG 2452
MT,BBG 2453
MT,BBG 2461
MT,BBG 2462
MT,BBG 2463
MT,BBG 2464
MT,BBG 2465
MT,BBG 2466
MT,BBG 2467
MT,BBG 2470
MT,BBG 2471
MT,BBG 2480
MT,BBG 2481
MT,BBG 2490
MT,BBG 2491
MT,BBG 2492
MT,BBG 2493
MT,BBG 2500
MT,BBG 2501
MT,BBG 2503
MT,BBG 2504
MT,BBG 2505
MT,BBG 2510
MT,BBG 2511
MT,BBG 2520
MT,BBG 2521
MT,BBG 2522
MT,BBG 2523
MT,BBG 2530
MT,BBG 2532
MT,BBG 2540
MT,BBG 2541
MT,BBG 2551
MT,BBG 2553
MT,BBG 2561
MT,BBG 2562
MT,BBG 2563
MT,BBG 2564
MT,BBG 2565
MT,BBG 2566
MT,BBG 2570
MT,BBG 2572
MT,BBG 2574
MT,BBG 2576
MT,BBG 2578
MT,BBG 2580
MT,BBG 2600
MT,BBG 2601
MT,BBG 2603
MT,BBG 2605
MT,BBG 2607
MT,BBG 2608
MT,BBG 2609
MT,BBG 2611
MT,BBG 2621
MT,BBG 2630
MT,BBG 2631
MT,BBG 2632
MT,BBG 2633
MT,BBG 2640
MT,BBG 2642
MT,BBG 2643
MT,BBG 2650
MT,BBG 2651
MT,BBG 2652
MT,BBG 2653
MT,BBG 2660
MT,BBG 2662
MT,BBG 2664
MT,BBG 2669
MT,BBG 2671
MT,BBG 2673
MT,BBG 2681
MT,BBG 2691
MT,BBG 2701
MT,BBG 2702
MT,BBG 2703
MT,BBG 2704
MT,BBG 2705
MT,BBG 2712
MT,BBG 2714
MT,BBG 2720
MT,BBG 2721
MT,BBG 2723
MT,BBG 2730
MT,BBG 2731
MT,BBG 2732
MT,BBG 2733
MT,BBG 2740
MT,BBG 2741
MT,BBG 2750
MT,BBG 2761
MT,BBG 2770
MT,BBG 2771
MT,BBG 2773
MT,BBG 2774
MT,BBG 2775
MT,BBG 2776
MT,BBG 2777
MT,BBG 2779
MT,BBG 2780
MT,BBG 2782
MT,BBG 2793
MT,BBG 3000
MT,BBG 3011
MT,BBG 3043
MT,BBG 3044
MT,BBG 3045
MT,BBG 3050
MT,BBG 3063
MT,BBG 3070
MT,BBG 3071
MT,BBG 3072
MT,BBG 3073
MT,BBG 3075
MT,BBG 3076
MT,BBG 3080
MT,BBG 3081
MT,BBG 3120
MT,BBG 3121
MT,BBG 3141
MT,BBG 3150
MT,BBG 3151
MT,BBG 3200
MT,BBG 3211
MT,BBG 3220
MT,BBG 3300
MT,BBG 9015
MT,BBG 9016
MT,BBG 9018
MT,BBG 9019
MT,BBG 9020
MT,BBG 9021
MT,BBG 9022
MT,BBG 9024
MT,BBG 9031
MT,BBG 9033
MT,BBG 9034
MT,BBG 9035
MT,BKR 1000
MT,BKR 1010
MT,BKR 1011
MT,BKR 1012
MT,BKR 1013
MT,BKR 1014
MT,BKR 1015
MT,BKR 1016
MT,BKR 1017
MT,BKR 1018
MT,BKR 1019
MT,BKR 1020
MT,BKR 1021
MT,BKR 1023
MT,BKR 1030
MT,BKR 1031
MT,BKR 1032
MT,BKR 1033
MT,BKR 1040
MT,BKR 1041
MT,BKR 1042
MT,BKR 1043
MT,BKR 1050
MT,BKR 1051
MT,BKR 1061
MT,BKR 1070
MT,BKR 1071
MT,BKR 1072
MT,BKR 1073
MT,BKR 1100
MT,BKR 1101
MT,BKR 1102
MT,BKR 1103
MT,BKR 1104
MT,BKR 1105
MT,BKR 1106
MT,BKR 1107
MT,BKR 1108
MT,BKR 1109
MT,BKR 1111
MT,BKR 1112
MT,BKR 1113
MT,BKR 1114
MT,BKR 1115
MT,BKR 1116
MT,BKR 1117
MT,BKR 1118
MT,BKR 1119
MT,BKR 1120
MT,BKR 1130
MT,BKR 1131
MT,BKR 1132
MT,BKR 1133
MT,BKR 1134
MT,BKR 1135
MT,BKR 1136
MT,BKR 1137
MT,BKR 1139
MT,BKR 1140
MT,BKR 1141
MT,BKR 1150
MT,BKR 1151
MT,BKR 1152
MT,BKR 1153
MT,BKR 1154
MT,BKR 1155
MT,BKR 1156
MT,BKR 1157
MT,BKR 1158
MT,BKR 1170
MT,BKR 1171
MT,BKR 1172
MT,BKR 1173
MT,BKR 1174
MT,BKR 1175
MT,BKR 1176
MT,BKR 1177
MT,BKR 1179
MT,BKR 1180
MT,BKR 1181
MT,BKR 1182
MT,BKR 1183
MT,BKR 1200
MT,BKR 1201
MT,BKR 1202
MT,BKR 1203
MT,BKR 1204
MT,BKR 1205
MT,BKR 1206
MT,BKR 1207
MT,BKR 1208
MT,BKR 1209
MT,BKR 1210
MT,BKR 1211
MT,BKR 1212
MT,BKR 1213
MT,BKR 1214
MT,BKR 1215
MT,BKR 1216
MT,BKR 1217
MT,BKR 1218
MT,BKR 1219
MT,BKR 1220
MT,BKR 1221
MT,BKR 1222
MT,BKR 1223
MT,BKR 1230
MT,BKR 1231
MT,BKR 1232
MT,BKR 1233
MT,BKR 1234
MT,BKR 1235
MT,BKR 1236
MT,BKR 1237
MT,BKR 1238
MT,BKR 1239
MT,BKR 1240
MT,BKR 1241
MT,BKR 1242
MT,BKR 1243
MT,BKR 1244
MT,BKR 1245
MT,BKR 1246
MT,BKR 1247
MT,BKR 1248
MT,BKR 1249
MT,BKR 1250
MT,BKR 1251
MT,BKR 1252
MT,BKR 1253
MT,BKR 1254
MT,BKR 1255
MT,BKR 1256
MT,BKR 1257
MT,BKR 1258
MT,BKR 1259
MT,BKR 1260
MT,BKR 1261
MT,BKR 1262
MT,BKR 1263
MT,BKR 1264
MT,BKR 1265
MT,BKR 1266
MT,BKR 1267
MT,BKR 1268
MT,BKR 1269
MT,BKR 1270
MT,BKR 1271
MT,BKR 1273
MT,BKR 1274
MT,BKR 1275
MT,BKR 1276
MT,BKR 1277
MT,BKR 1280
MT,BKR 1281
MT,BKR 1282
MT,BKR 1283
MT,BKR 1284
MT,BKR 1285
MT,BKR 1286
MT,BKR 1287
MT,BKR 1288
MT,BKR 1289
MT,BKR 1310
MT,BKR 1311
MT,BKR 1320
MT,BKR 1330
MT,BKR 1331
MT,BKR 1350
MT,BKR 1360
MT,BKR 1361
MT,BKR 1362
MT,BKR 1363
MT,BKR 1400
MT,BKR 1401
MT,BKR 1402
MT,BKR 1403
MT,BKR 1404
MT,BKR 1405
MT,BKR 1406
MT,BKR 1407
MT,BKR 1410
MT,BKR 1411
MT,BKR 1412
MT,BKR 1413
MT,BKR 1420
MT,BKR 1421
MT,BKR 1422
MT,BKR 1423
MT,BKR 1424
MT,BKR 1425
MT,BKR 1426
MT,BKR 1427
MT,BKR 1434
MT,BKR 1435
MT,BKR 1436
MT,BKR 1437
MT,BKR 1440
MT,BKR 1441
MT,BKR 1442
MT,BKR 1461
MT,BKR 1470
MT,BKR 1471
MT,BKR 1472
MT,BKR 1473
MT,BKR 1474
MT,BKR 1480
MT,BKR 1481
MT,BKR 1501
MT,BKR 1504
MT,BKR 1510
MT,BKR 1511
MT,BKR 1512
MT,BKR 1513
MT,BKR 1514
MT,BKR 1520
MT,BKR 1521
MT,BKR 1522
MT,BKR 1523
MT,BKR 1530
MT,BKR 1531
MT,BKR 1532
MT,BKR 1541
MT,BKR 1542
MT,BKR 1550
MT,BKR 1551
MT,BKR 1560
MT,BKR 1570
MT,BKR 1571
MT,BKR 1572
MT,BKR 1573
MT,BKR 1574
MT,BKR 1575
MT,BKR 1576
MT,BKR 1577
MT,BKR 1580
MT,BKR 1581
MT,BKR 1582
MT,BKR 1583
MT,BKR 1590
MT,BKR 1591
MT,BKR 1600
MT,BKR 1602
MT,BKR 1603
MT,BKR 1604
MT,BKR 1610
MT,BKR 1614
MT,BKR 1615
MT,BKR 1616
MT,BKR 1617
MT,BKR 1618
MT,BKR 1619
MT,BKR 1620
MT,BKR 1621
MT,BKR 1622
MT,BKR 1623
MT,BKR 1631
MT,BKR 1632
MT,BKR 1633
MT,BKR 1641
MT,BKR 1642
MT,BKR 1643
MT,BKR 1645
MT,BKR 1646
MT,BKR 1647
MT,BKR 1648
MT,BKR 1649
MT,BKR 1650
MT,BKR 1651
MT,BKR 1660
MT,BKR 1661
MT,BKR 1662
MT,BKR 1663
MT,BKR 1664
MT,BKR 1665
MT,BKR 1670
MT,BKR 1671
MT,BKR 1680
MT,BKR 1681
MT,BKR 1682
MT,BKR 1683
MT,BKR 1690
MT,BKR 1691
MT,BKR 1692
MT,BKR 1693
MT,BKR 1700
MT,BKR 1701
MT,BKR 1702
MT,BKR 1704
MT,BKR 1705
MT,BKR 1706
MT,BKR 1707
MT,BKR 1708
MT,BKR 1709
MT,BKR 1710
MT,BKR 1711
MT,BKR 1712
MT,BKR 1713
MT,BKR 1721
MT,BKR 1730
MT,BKR 1732
MT,BKR 1733
MT,BKR 1735
MT,BKR 1736
MT,BKR 1737
MT,BKR 1740
MT,BKR 1741
MT,BKR 1750
MT,BKR 1751
MT,BKR 1752
MT,BKR 1753
MT,BKR 1754
MT,BKR 1755
MT,BKR 1760
MT,BKR 1762
MT,BKR 1763
MT,BKR 1770
MT,BKR 1772
MT,BKR 1780
MT,BKR 1781
MT,BKR 1782
MT,BKR 1783
MT,BKR 1784
MT,BKR 1785
MT,BKR 1791
MT,BKR 1800
MT,BKR 1802
MT,BKR 1803
MT,BKR 1804
MT,BKR 1805
MT,BKR 1806
MT,BKR 1807
MT,BKR 1808
MT,BKR 1809
MT,BKR 1810
MT,BKR 1811
MT,BKR 1812
MT,BKR 1813
MT,BKR 1820
MT,BKR 1821
MT,BKR 1822
MT,BKR 1830
MT,BKR 1831
MT,BKR 1832
MT,BKR 1833
MT,BKR 1840
MT,BKR 1841
MT,BKR 1842
MT,BKR 1843
MT,BKR 1844
MT,BKR 1845
MT,BKR 1846
MT,BKR 1847
MT,BKR 1850
MT,BKR 1851
MT,BKR 1852
MT,BKR 1853
MT,BKR 1854
MT,BKR 1855
MT,BKR 1860
MT,BKR 1861
MT,BKR 1862
MT,BKR 1864
MT,BKR 1866
MT,BKR 1867
MT,BKR 1868
MT,BKR 1870
MT,BKR 1871
MT,BKR 1872
MT,BKR 1873
MT,BKR 1875
MT,BKR 1876
MT,BKR 1880
MT,BKR 1881
MT,BKR 1882
MT,BKR 1883
MT,BKR 1890
MT,BKR 1900
MT,BKR 1901
MT,BKR 1902
MT,BKR 1903
MT,BKR 1904
MT,BKR 1905
MT,BKR 1906
MT,BKR 1907
MT,BKR 1908
MT,BKR 1909
MT,BKR 1910
MT,BKR 1911
MT,BKR 1913
MT,BKR 1920
MT,BKR 1921
MT,BKR 1922
MT,BKR 1923
MT,BKR 1930
MT,BKR 1931
MT,BKR 1932
MT,BKR 1933
MT,BKR 1940
MT,BKR 1941
MT,BKR 1942
MT,BKR 1943
MT,BKR 1944
MT,BKR 1950
MT,BKR 1951
MT,BKR 1952
MT,BKR 1953
MT,BKR 1954
MT,BKR 1956
MT,BKR 1957
MT,BKR 1960
MT,BKR 1961
MT,BKR 1962
MT,BKR 1963
MT,BKR 1965
MT,BKR 1970
MT,BKR 1971
MT,BKR 1972
MT,BKR 1973
MT,BKR 1974
MT,BKR 1975
MT,BKR 1976
MT,BKR 1977
MT,BKR 1980
MT,BKR 1981
MT,BKR 1982
MT,BKR 1990
MT,BKR 2010
MT,BKR 2011
MT,BKR 2012
MT,BKR 2013
MT,BKR 2014
MT,BKR 2015
MT,BKR 2016
MT,BKR 2017
MT,BKR 2018
MT,BKR 2019
MT,BKR 2020
MT,BKR 2030
MT,BKR 2031
MT,BKR 2032
MT,BKR 2033
MT,BKR 2041
MT,BKR 2042
MT,BKR 2043
MT,BKR 2044
MT,BKR 2045
MT,BKR 2051
MT,BKR 2060
MT,BKR 2061
MT,BKR 2062
MT,BKR 2063
MT,BKR 2064
MT,BKR 2065
MT,BKR 2066
MT,BKR 2067
MT,BKR 2072
MT,BKR 2073
MT,BKR 2080
MT,BKR 2081
MT,BKR 2082
MT,BKR 2090
MT,BKR 2091
MT,BKR 2092
MT,BKR 2093
MT,BKR 2100
MT,BKR 2101
MT,BKR 2102
MT,BKR 2103
MT,BKR 2104
MT,BKR 2105
MT,BKR 2106
MT,BKR 2107
MT,BKR 2108
MT,BKR 2109
MT,BKR 2110
MT,BKR 2111
MT,BKR 2112
MT,BKR 2113
MT,BKR 2120
MT,BKR 2121
MT,BKR 2122
MT,BKR 2123
MT,BKR 2130
MT,BKR 2131
MT,BKR 2140
MT,BKR 2141
MT,BKR 2150
MT,BKR 2151
MT,BKR 2152
MT,BKR 2153
MT,BKR 2154
MT,BKR 2155
MT,BKR 2160
MT,BKR 2161
MT,BKR 2162
MT,BKR 2163
MT,BKR 2164
MT,BKR 2165
MT,BKR 2170
MT,BKR 2171
MT,BKR 2172
MT,BKR 2173
MT,BKR 2180
MT,BKR 2181
MT,BKR 2190
MT,BKR 2191
MT,BKR 2200
MT,BKR 2201
MT,BKR 2202
MT,BKR 2203
MT,BKR 2204
MT,BKR 2205
MT,BKR 2206
MT,BKR 2207
MT,BKR 2208
MT,BKR 2209
MT,BKR 2210
MT,BKR 2211
MT,BKR 2220
MT,BKR 2221
MT,BKR 2232
MT,BKR 2243
MT,BKR 2250
MT,BKR 2251
MT,BKR 2252
MT,BKR 2253
MT,BKR 2254
MT,BKR 2255
MT,BKR 2257
MT,BKR 2260
MT,BKR 2261
MT,BKR 2270
MT,BKR 2271
MT,BKR 2272
MT,BKR 2273
MT,BKR 2274
MT,BKR 2275
MT,BKR 2276
MT,BKR 2277
MT,BKR 2280
MT,BKR 2281
MT,BKR 2282
MT,BKR 2283
MT,BKR 2284
MT,BKR 2285
MT,BKR 2286
MT,BKR 2287
MT,BKR 2290
MT,BKR 2291
MT,BKR 2302
MT,BKR 2304
MT,BKR 2310
MT,BKR 2311
MT,BKR 2320
MT,BKR 2321
MT,BKR 2322
MT,BKR 2323
MT,BKR 2324
MT,BKR 2325
MT,BKR 2326
MT,BKR 2330
MT,BKR 2340
MT,BKR 2341
MT,BKR 2350
MT,BKR 2351
MT,BKR 2352
MT,BKR 2353
MT,BKR 2355
MT,BKR 2356
MT,BKR 2360
MT,BKR 2361
MT,BKR 2362
MT,BKR 2363
MT,BKR 2370
MT,BKR 2372
MT,BKR 2400
MT,BKR 2401
MT,BKR 2402
MT,BKR 2403
MT,BKR 2404
MT,BKR 2405
MT,BKR 2410
MT,BKR 2411
MT,BKR 2412
MT,BKR 2413
MT,BKR 2420
MT,BKR 2421
MT,BKR 2430
MT,BKR 2431
MT,BKR 2440
MT,BKR 2451
MT,BKR 2460
MT,BKR 2461
MT,BKR 2470
MT,BKR 2471
MT,BKR 2472
MT,BKR 2473
MT,BKR 2474
MT,BKR 2475
MT,BKR 2476
MT,BKR 2477
MT,BKR 2480
MT,BKR 2481
MT,BKR 2482
MT,BKR 2483
MT,BKR 2484
MT,BKR 2485
MT,BKR 2486
MT,BKR 2487
MT,BKR 2488
MT,BKR 2489
MT,BKR 2501
MT,BKR 2520
MT,BKR 2521
MT,BKR 2522
MT,BKR 2523
MT,BKR 2524
MT,BKR 2525
MT,BKR 2526
MT,BKR 2527
MT,BKR 2529
MT,BKR 2530
MT,BKR 2531
MT,BKR 2550
MT,BKR 2551
MT,BKR 2552
MT,BKR 2553
MT,BKR 2560
MT,BKR 2570
MT,BKR 2571
MT,BKR 2572
MT,BKR 2573
MT,BKR 2600
MT,BKR 2610
MT,BKR 2611
MT,BKR 2620
MT,BKR 2621
MT,BKR 2622
MT,BKR 2623
MT,BKR 2630
MT,BKR 2631
MT,BKR 2640
MT,BKR 2644
MT,BKR 2648
MT,BKR 2649
MT,BKR 2650
MT,BKR 2651
MT,BKR 2652
MT,BKR 2653
MT,BKR 2655
MT,BKR 2660
MT,BKR 2661
MT,BKR 2690
MT,BKR 2691
MT,BKR 2693
MT,BKR 2694
MT,BKR 2695
MT,BKR 2696
MT,BKR 2697
MT,BKR 2698
MT,BKR 2699
MT,BKR 2700
MT,BKR 2701
MT,BKR 2702
MT,BKR 2703
MT,BKR 2704
MT,BKR 2705
MT,BKR 2706
MT,BKR 2707
MT,BKR 2708
MT,BKR 2709
MT,BKR 2710
MT,BKR 2711
MT,BKR 2720
MT,BKR 2730
MT,BKR 2731
MT,BKR 2740
MT,BKR 2741
MT,BKR 2760
MT,BKR 2761
MT,BKR 2762
MT,BKR 2763
MT,BKR 2776
MT,BKR 2777
MT,BKR 2780
MT,BKR 2781
MT,BKR 2782
MT,BKR 2783
MT,BKR 2800
MT,BKR 2801
MT,BKR 2802
MT,BKR 2803
MT,BKR 2804
MT,BKR 2805
MT,BKR 2806
MT,BKR 2807
MT,BKR 2808
MT,BKR 2809
MT,BKR 2810
MT,BKR 2821
MT,BKR 2822
MT,BKR 2823
MT,BKR 2830
MT,BKR 2831
MT,BKR 2833
MT,BKR 2834
MT,BKR 2835
MT,BKR 2840
MT,BKR 2841
MT,BKR 2850
MT,BKR 2852
MT,BKR 2853
MT,BKR 2870
MT,BKR 2872
MT,BKR 2890
MT,BKR 2891
MT,BKR 2892
MT,BKR 2900
MT,BKR 2901
MT,BKR 2902
MT,BKR 2903
MT,BKR 2905
MT,BKR 2906
MT,BKR 2907
MT,BKR 2910
MT,BKR 2911
MT,BKR 2913
MT,BKR 2920
MT,BKR 2921
MT,BKR 2940
MT,BKR 2941
MT,BKR 2942
MT,BKR 2943
MT,BKR 2950
MT,BKR 2960
MT,BKR 2961
MT,BKR 2962
MT,BKR 2963
MT,BKR 2970
MT,BKR 2971
MT,BKR 3000
MT,BKR 3010
MT,BKR 4010
MT,BKR 4011
MT,BKR 4012
MT,BKR 4013
MT,BKR 4015
MT,BKR 4016
MT,BKR 4018
MT,BKR 4019
MT,BKR 4020
MT,BKR 4021
MT,BKR 4022
MT,BKR 4023
MT,BKR 4030
MT,BKR 4031
MT,BKR 4040
MT,BKR 4041
MT,BKR 4042
MT,BKR 4043
MT,BKR 4044
MT,BKR 4050
MT,BKR 4051
MT,BKR 4052
MT,BKR 4053
MT,BKR 4060
MT,BKR 4061
MT,BKR 4062
MT,BKR 4063
MT,BKR 4064
MT,BKR 4065
MT,BKR 4070
MT,BKR 4071
MT,BKR 4072
MT,BKR 4073
MT,BKR 4090
MT,BKR 4091
MT,BKR 4092
MT,BKR 4093
MT,BKR 4100
MT,BKR 4101
MT,BKR 4110
MT,BKR 4111
MT,BKR 4112
MT,BKR 4113
MT,BKR 4114
MT,BKR 4115
MT,BKR 4120
MT,BKR 4121
MT,BKR 4122
MT,BKR 4130
MT,BKR 4131
MT,BKR 4132
MT,BKR 4133
MT,BKR 4141
MT,BKR 4143
MT,BKR 4150
MT,BKR 4151
MT,BKR 4152
MT,BKR 4153
MT,BKR 4154
MT,BKR 4155
MT,BKR 4156
MT,BKR 4157
MT,BKR 4162
MT,BKR 4163
MT,BKR 4172
MT,BKR 4173
MT,BKR 4200
MT,BKR 4202
MT,BKR 4203
MT,BKR 4210
MT,BKR 4211
MT,BKR 4212
MT,BKR 4213
MT,BKR 4214
MT,BKR 4220
MT,BKR 4222
MT,BKR 4223
MT,BKR 4230
MT,BKR 4231
MT,BKR 4232
MT,BKR 4233
MT,BKR 4244
MT,BKR 4245
MT,BKR 4246
MT,BKR 4247
MT,BKR 4250
MT,BKR 4251
MT,BKR 4252
MT,BKR 4253
MT,BKR 4260
MT,BKR 4261
MT,BKR 4262
MT,BKR 4263
MT,BKR 4270
MT,BKR 4271
MT,BKR 4272
MT,BKR 4273
MT,BKR 4280
MT,BKR 4281
MT,BKR 4300
MT,BKR 4301
MT,BKR 4302
MT,BKR 4303
MT,BKR 4304
MT,BKR 4305
MT,BKR 4306
MT,BKR 4307
MT,BKR 4310
MT,BKR 4311
MT,BKR 4312
MT,BKR 4313
MT,BKR 4314
MT,BKR 4315
MT,BKR 4320
MT,BKR 4321
MT,BKR 4323
MT,BKR 4330
MT,BKR 4331
MT,BKR 4340
MT,BKR 4341
MT,BKR 4342
MT,BKR 4343
MT,BKR 4350
MT,BKR 4351
MT,BKR 4352
MT,BKR 4353
MT,BKR 4360
MT,BKR 4361
MT,BKR 4362
MT,BKR 4363
MT,BKR 4370
MT,BKR 4371
MT,BKR 4372
MT,BKR 4373
MT,BKR 4400
MT,BKR 4401
MT,BKR 4402
MT,BKR 4403
MT,BKR 4405
MT,BKR 4406
MT,BKR 4407
MT,BKR 4408
MT,BKR 4409
MT,BKR 4410
MT,BKR 4411
MT,BKR 4420
MT,BKR 4421
MT,BKR 4422
MT,BKR 4424
MT,BKR 4425
MT,BKR 4426
MT,BKR 4427
MT,BKR 4428
MT,BKR 4429
MT,BKR 4430
MT,BKR 4431
MT,BKR 4432
MT,BKR 4433
MT,BKR 4441
MT,BKR 4442
MT,BKR 4443
MT,BKR 4444
MT,BKR 4445
MT,BKR 4450
MT,BKR 4451
MT,BKR 4452
MT,BKR 4453
MT,BKR 4455
MT,BKR 4460
MT,BKR 4462
MT,BKR 4463
MT,BKR 4465
MT,BKR 4467
MT,BKR 4471
MT,BKR 4472
MT,BKR 4473
MT,BKR 4491
MT,BKR 4500
MT,BKR 4501
MT,BKR 4502
MT,BKR 4503
MT,BKR 4510
MT,BKR 4511
MT,BKR 4512
MT,BKR 4513
MT,BKR 4514
MT,BKR 4515
MT,BKR 4516
MT,BKR 4517
MT,BKR 4518
MT,BKR 4519
MT,BKR 4520
MT,BKR 4521
MT,BKR 4522
MT,BKR 4523
MT,BKR 4530
MT,BKR 4531
MT,BKR 4532
MT,BKR 4533
MT,BKR 4534
MT,BKR 4535
MT,BKR 4536
MT,BKR 4537
MT,BKR 4538
MT,BKR 4550
MT,BKR 4551
MT,BKR 4560
MT,BKR 4562
MT,BKR 4570
MT,BKR 4571
MT,BKR 4580
MT,BKR 4581
MT,BKR 4582
MT,BKR 4583
MT,BKR 4584
MT,BKR 4585
MT,BKR 4590
MT,BKR 4600
MT,BKR 4601
MT,BKR 4610
MT,BKR 4611
MT,BKR 4612
MT,BKR 4614
MT,BKR 4615
MT,BKR 4616
MT,BKR 4617
MT,BKR 4620
MT,BKR 4621
MT,BKR 4622
MT,BKR 4623
MT,BKR 4631
MT,BKR 4632
MT,BKR 4633
MT,BKR 4634
MT,BKR 4650
MT,BKR 4651
MT,BKR 4653
MT,BKR 4655
MT,BKR 4657
MT,BKR 4658
MT,BKR 4659
MT,BKR 4660
MT,BKR 4661
MT,BKR 4662
MT,BKR 4663
MT,BKR 4664
MT,BKR 4665
MT,BKR 4666
MT,BKR 4667
MT,BKR 4670
MT,BKR 4680
MT,BKR 4681
MT,BKR 4682
MT,BKR 4683
MT,BKR 4684
MT,BKR 4685
MT,BKR 4686
MT,BKR 4687
MT,BKR 4700
MT,BKR 4701
MT,BKR 4702
MT,BKR 4703
MT,BKR 4704
MT,BKR 4705
MT,BKR 4706
MT,BKR 4707
MT,BKR 4710
MT,BKR 4711
MT,BKR 4712
MT,BKR 4713
MT,BKR 4714
MT,BKR 4715
MT,BKR 4720
MT,BKR 4721
MT,BKR 4730
MT,BKR 4731
MT,BKR 4732
MT,BKR 4733
MT,BKR 4740
MT,BKR 4741
MT,BKR 4742
MT,BKR 4743
MT,BKR 4750
MT,BKR 4751
MT,BKR 4752
MT,BKR 4753
MT,BKR 4754
MT,BKR 4755
MT,BKR 4756
MT,BKR 4757
MT,BKR 4758
MT,BKR 4759
MT,BKR 4760
MT,BKR 4761
MT,BKR 4762
MT,BKR 4770
MT,BKR 4771
MT,BKR 4800
MT,BKR 4801
MT,BKR 4802
MT,BKR 4803
MT,BKR 4810
MT,BKR 4811
MT,BKR 4812
MT,BKR 4813
MT,BKR 4814
MT,BKR 4815
MT,BKR 4820
MT,BKR 4821
MT,BKR 4840
MT,BKR 4841
MT,BKR 4850
MT,BKR 4851
MT,BKR 4852
MT,BKR 4853
MT,BKR 4860
MT,BKR 4861
MT,BKR 4900
MT,BKR 4901
MT,BKR 4910
MT,BKR 4911
MT,BKR 4912
MT,BKR 4913
MT,BKR 4914
MT,BKR 4915
MT,BKR 4916
MT,BKR 4917
MT,BKR 4918
MT,BKR 4919
MT,BKR 4920
MT,BKR 4921
MT,BKR 4931
MT,BKR 4940
MT,BKR 4941
MT,BKR 4942
MT,BKR 4944
MT,BKR 4945
MT,BKR 4950
MT,BKR 4951
MT,BKR 4952
MT,BKR 4953
MT,BKR 4954
MT,BKR 4955
MT,BKR 4960
MT,BKR 4961
MT,BKR 4962
MT,BKR 4963
MT,BKR 4964
MT,BKR 4965
MT,BKR 9010
MT,BKR 9011
MT,BKR 9012
MT,BKR 9013
MT,BKR 9014
MT,BKR 9015
MT,BKR 9016
MT,BKR 9017
MT,BKR 9020
MT,BKR 9021
MT,BKR 9022
MT,BKR 9023
MT,BKR 9024
MT,BKR 9025
MT,BKR 9030
MT,BKR 9031
MT,BKR 9032
MT,BKR 9033
MT,BKR 9034
MT,BKR 9035
MT,BKR 9037
MT,BKR 9038
MT,BKR 9039
MT,BKR 9040
MT,BKR 9041
MT,BKR 9042
MT,BKR 9043
MT,BKR 9044
MT,BKR 9045
MT,BKR 9046
MT,BKR 9047
MT,BKR 9048
MT,BKR 9049
MT,BKR 9060
MT,BKR 9061
MT,BKR 9062
MT,BKR 9063
MT,BKR 9064
MT,BKR 9065
MT,BKR 9066
MT,BKR 9067
MT,BKR 9068
MT,BKR 9069
MT,BKR 9070
MT,BKR 9071
MT,BKR 9072
MT,BKR 9073
MT,BKR 9074
MT,BKR 9075
MT,BKR 9076
MT,BKR 9077
MT,BKR 9078
MT,BKR 9079
MT,BKR 9080
MT,BKR 9081
MT,BKR 9082
MT,BKR 9083
MT,BKR 9084
MT,BKR 9085
MT,BML 1000
MT,BML 1016
MT,BML 1022
MT,BML 1023
MT,BML 1024
MT,BML 1025
MT,BML 1026
MT,BML 1027
MT,BML 1030
MT,BML 1031
MT,BML 1040
MT,BML 1041
MT,BML 1042
MT,BML 1043
MT,BML 1050
MT,BML 1060
MT,BML 1061
MT,BML 1070
MT,BML 1071
MT,BML 1080
MT,BML 1091
MT,BML 1100
MT,BML 1102
MT,BML 1104
MT,BML 1110
MT,BML 1112
MT,BML 1113
MT,BML 1114
MT,BML 1115
MT,BML 1120
MT,BML 1121
MT,BML 1130
MT,BML 1131
MT,BML 1140
MT,BML 1141
MT,BML 1142
MT,BML 1143
MT,BML 1144
MT,BML 1145
MT,BML 1146
MT,BML 1147
MT,BML 1149
MT,BML 1150
MT,BML 1151
MT,BML 1152
MT,BML 1153
MT,BML 1154
MT,BML 1155
MT,BML 1156
MT,BML 1157
MT,BML 1160
MT,BML 1161
MT,BML 1162
MT,BML 1163
MT,BML 1164
MT,BML 1166
MT,BML 1167
MT,BML 1168
MT,BML 1169
MT,BML 1170
MT,BML 1180
MT,BML 1181
MT,BML 1190
MT,BML 1191
MT,BML 1192
MT,BML 1194
MT,BML 1201
MT,BML 1202
MT,BML 1203
MT,BML 1211
MT,BML 1212
MT,BML 1213
MT,BML 1214
MT,BML 1215
MT,BML 1220
MT,BML 1221
MT,BML 1230
MT,BML 1231
MT,BML 1232
MT,BML 1233
MT,BML 1234
MT,BML 1235
MT,BML 1240
MT,BML 1241
MT,BML 1250
MT,BML 1251
MT,BML 1252
MT,BML 1253
MT,BML 1260
MT,BML 1261
MT,BML 1270
MT,BML 1271
MT,BML 1300
MT,BML 1301
MT,BML 1302
MT,BML 1303
MT,BML 1304
MT,BML 1305
MT,BML 1307
MT,BML 1309
MT,BML 1310
MT,BML 1312
MT,BML 1313
MT,BML 1320
MT,BML 1321
MT,BML 1323
MT,BML 1325
MT,BML 1330
MT,BML 1331
MT,BML 1340
MT,BML 1341
MT,BML 1350
MT,BML 1370
MT,BML 1371
MT,BML 1372
MT,BML 1373
MT,BML 1374
MT,BML 1375
MT,BML 1402
MT,BML 1410
MT,BML 1411
MT,BML 1412
MT,BML 1413
MT,BML 1430
MT,BML 1431
MT,BML 1432
MT,BML 1434
MT,BML 1435
MT,BML 1500
MT,BML 1502
MT,BML 1503
MT,BML 1504
MT,BML 1505
MT,BML 1506
MT,BML 1507
MT,BML 1508
MT,BML 1509
MT,BML 1510
MT,BML 1511
MT,BML 1520
MT,BML 1531
MT,BML 1540
MT,BML 1541
MT,BML 1550
MT,BML 1551
MT,BML 1553
MT,BML 1555
MT,BML 1557
MT,BML 1558
MT,BML 1559
MT,BML 1560
MT,BML 1561
MT,BML 1562
MT,BML 1563
MT,BML 1564
MT,BML 1565
MT,BML 1571
MT,BML 1572
MT,BML 1574
MT,BML 1575
MT,BML 1577
MT,BML 1580
MT,BML 1581
MT,BML 1582
MT,BML 1583
MT,BML 1584
MT,BML 1585
MT,BML 1586
MT,BML 1588
MT,BML 1601
MT,BML 1602
MT,BML 1603
MT,BML 1611
MT,BML 1612
MT,BML 1613
MT,BML 1614
MT,BML 1616
MT,BML 1618
MT,BML 1620
MT,BML 1621
MT,BML 1622
MT,BML 1623
MT,BML 1630
MT,BML 1631
MT,BML 1634
MT,BML 1635
MT,BML 1636
MT,BML 1638
MT,BML 1640
MT,BML 1641
MT,BML 1642
MT,BML 1643
MT,BML 1650
MT,BML 1660
MT,BML 1661
MT,BML 1670
MT,BML 1671
MT,BML 1681
MT,BML 1683
MT,BML 1684
MT,BML 1686
MT,BML 1687
MT,BML 1688
MT,BML 1690
MT,BML 1691
MT,BML 1710
MT,BML 1711
MT,BML 1713
MT,BML 1730
MT,BML 1732
MT,BML 1733
MT,BML 1734
MT,BML 1735
MT,BML 1736
MT,BML 1750
MT,BML 1751
MT,BML 1753
MT,BML 1800
MT,BML 1802
MT,BML 1810
MT,BML 1811
MT,BML 1812
MT,BML 1813
MT,BML 1821
MT,BML 1822
MT,BML 1832
MT,BML 1833
MT,BML 1834
MT,BML 1842
MT,BML 1843
MT,BML 1844
MT,BML 1845
MT,BML 1846
MT,BML 1847
MT,BML 1848
MT,BML 1849
MT,BML 1860
MT,BML 1861
MT,BML 1870
MT,BML 1871
MT,BML 1880
MT,BML 1881
MT,BML 1900
MT,BML 1910
MT,BML 1911
MT,BML 1913
MT,BML 1920
MT,BML 1921
MT,BML 1922
MT,BML 1923
MT,BML 1924
MT,BML 1925
MT,BML 1941
MT,BML 1950
MT,BML 1960
MT,BML 1961
MT,BML 1970
MT,BML 1971
MT,BML 1972
MT,BML 1973
MT,BML 1980
MT,BML 1990
MT,BML 2010
MT,BML 2011
MT,BML 2012
MT,BML 2013
MT,BML 2014
MT,BML 2015
MT,BML 2021
MT,BML 2031
MT,BML 2040
MT,BML 2041
MT,BML 2042
MT,BML 2043
MT,BML 2050
MT,BML 2060
MT,BML 2061
MT,BML 2062
MT,BML 2063
MT,BML 2064
MT,BML 2065
MT,BML 2070
MT,BML 2071
MT,BML 2082
MT,BML 2083
MT,BML 2084
MT,BML 2085
MT,BML 2086
MT,BML 2087
MT,BML 2088
MT,BML 2090
MT,BML 2091
MT,BML 2100
MT,BML 2101
MT,BML 2102
MT,BML 2103
MT,BML 2104
MT,BML 2105
MT,BML 2110
MT,BML 2111
MT,BML 2112
MT,BML 2113
MT,BML 2114
MT,BML 2115
MT,BML 2116
MT,BML 2117
MT,BML 2118
MT,BML 2119
MT,BML 2120
MT,BML 2121
MT,BML 2131
MT,BML 2140
MT,BML 2141
MT,BML 2142
MT,BML 2150
MT,BML 2151
MT,BML 2152
MT,BML 2153
MT,BML 2154
MT,BML 2155
MT,BML 2156
MT,BML 2157
MT,BML 2160
MT,BML 2161
MT,BML 2162
MT,BML 2163
MT,BML 2171
MT,BML 2172
MT,BML 2173
MT,BML 2200
MT,BML 2212
MT,BML 2214
MT,BML 2221
MT,BML 2232
MT,BML 2234
MT,BML 2235
MT,BML 2236
MT,BML 2250
MT,BML 2260
MT,BML 2261
MT,BML 2300
MT,BML 2310
MT,BML 2320
MT,BML 2321
MT,BML 2322
MT,BML 2330
MT,BML 2331
MT,BML 2340
MT,BML 2341
MT,BML 2342
MT,BML 2343
MT,BML 9020
MT,BML 9034
MT,BML 9035
MT,BML 9040
MT,BML 9050
MT,BML 9051
MT,BML 9052
MT,BML 9053
MT,BML 9054
MT,BML 9055
MT,BML 9057
MT,BML 9061
MT,BML 9062
MT,BML 9063
MT,BML 9064
MT,BML 9065
MT,BML 9066
MT,BML 9071
MT,BML 9081
MT,BML 9082
MT,BML 9083
MT,BML 9084
MT,BML 9085
MT,BML 9092
MT,BRG 1010
MT,BRG 1020
MT,BRG 1021
MT,BRG 1022
MT,BRG 1023
MT,BRG 1024
MT,BRG 1025
MT,BRG 1026
MT,BRG 1027
MT,BRG 1028
MT,BRG 1040
MT,BRG 1042
MT,BRG 1050
MT,BRG 1051
MT,BRG 1060
MT,BRG 1061
MT,BRG 1070
MT,BRG 1071
MT,BRG 1073
MT,BRG 1080
MT,BRG 1081
MT,BRG 1082
MT,BRG 1083
MT,BRG 1090
MT,BRG 1091
MT,BRG 1092
MT,BRG 1093
MT,BRG 1094
MT,BRG 1101
MT,BRG 1102
MT,BRG 1103
MT,BRG 1104
MT,BRG 1105
MT,BRG 1114
MT,BRG 1116
MT,BRG 1120
MT,BRG 1121
MT,BRG 1130
MT,BRG 1131
MT,BRG 1140
MT,BRG 1141
MT,BRG 1142
MT,BRG 1152
MT,BRG 1153
MT,BRG 1160
MT,BRG 1161
MT,BRG 1162
MT,BRG 1163
MT,BRG 1170
MT,BRG 1171
MT,BRG 1172
MT,BRG 1173
MT,BRG 1174
MT,BRG 1180
MT,BRG 1181
MT,BRG 1182
MT,BRG 1183
MT,BRG 1190
MT,BRG 1191
MT,BRG 1192
MT,BRG 1193
MT,BRG 1204
MT,BRG 1205
MT,BRG 1210
MT,BRG 1211
MT,BRG 1212
MT,BRG 1220
MT,BRG 1230
MT,BRG 1231
MT,BRG 1240
MT,BRG 1241
MT,BRG 1243
MT,BRG 1250
MT,BRG 1251
MT,BRG 1252
MT,BRG 1253
MT,BRG 1254
MT,BRG 1255
MT,BRG 1256
MT,BRG 1257
MT,BRG 1260
MT,BRG 1261
MT,BRG 1262
MT,BRG 1263
MT,BRG 1264
MT,BRG 1265
MT,BRG 1270
MT,BRG 1271
MT,BRG 1272
MT,BRG 1273
MT,BRG 1280
MT,BRG 1282
MT,BRG 1290
MT,BRG 1291
MT,BRG 1300
MT,BRG 1310
MT,BRG 1311
MT,BRG 1312
MT,BRG 1313
MT,BRG 1320
MT,BRG 1321
MT,BRG 1330
MT,BRG 1340
MT,BRG 1342
MT,BRG 1343
MT,BRG 1344
MT,BRG 1345
MT,BRG 1352
MT,BRG 1353
MT,BRG 1354
MT,BRG 1355
MT,BRG 1364
MT,BRG 1365
MT,BRG 1366
MT,BRG 1367
MT,BRG 1370
MT,BRG 1380
MT,BRG 1382
MT,BRG 1384
MT,BRG 1386
MT,BRG 1388
MT,BRG 1390
MT,BRG 1400
MT,BRG 1402
MT,BRG 1403
MT,BRG 1404
MT,BRG 1405
MT,BRG 1406
MT,BRG 1407
MT,BRG 1410
MT,BRG 1411
MT,BRG 1420
MT,BRG 1421
MT,BRG 1422
MT,BRG 1423
MT,BRG 1425
MT,BRG 1430
MT,BRG 1442
MT,BRG 1443
MT,BRG 1444
MT,BRG 1445
MT,BRG 1446
MT,BRG 1447
MT,BRG 1450
MT,BRG 1460
MT,BRG 1461
MT,BRG 1470
MT,BRG 1471
MT,BRG 1472
MT,BRG 1473
MT,BRG 1476
MT,BRG 1480
MT,BRG 1481
MT,BRG 1482
MT,BRG 1483
MT,BRG 1484
MT,BRG 1490
MT,BRG 1491
MT,BRG 1498
MT,BRG 1500
MT,BRG 1501
MT,BRG 1502
MT,BRG 1510
MT,BRG 1511
MT,BRG 1520
MT,BRG 1521
MT,BRG 1570
MT,BRG 1600
MT,BRG 1601
MT,BRG 1611
MT,BRG 1690
MT,BRG 1691
MT,BRG 1721
MT,BRG 1723
MT,BRG 1730
MT,BRG 1740
MT,BRG 1751
MT,BRG 1800
MT,BRG 1810
MT,BRG 1830
MT,BRG 1831
MT,BRG 1833
MT,BRG 1840
MT,BRG 1841
MT,BRG 1900
MT,BRG 1910
MT,BRG 1920
MT,BRG 1921
MT,BRG 1931
MT,BRG 1932
MT,BRG 2020
MT,BRG 2031
MT,BRG 2101
MT,BRG 2102
MT,BRG 2103
MT,BRG 2111
MT,BRG 2112
MT,BRG 2113
MT,BRG 2120
MT,BRG 2121
MT,BRG 2122
MT,BRG 2124
MT,BRG 2130
MT,BRG 2132
MT,BRG 2134
MT,BRG 2140
MT,BRG 2150
MT,BRG 2160
MT,BRG 2171
MT,BRG 2173
MT,BRG 9021
MT,BRG 9023
MT,BRG 9030
MT,BRG 9031
MT,BRG 9032
MT,BRG 9033
MT,BRG 9034
MT,BRG 9039
MT,BZN 1020
MT,BZN 1030
MT,BZN 1031
MT,BZN 1032
MT,BZN 1040
MT,BZN 1041
MT,BZN 1042
MT,BZN 1043
MT,BZN 1050
MT,BZN 1051
MT,BZN 1052
MT,BZN 1053
MT,BZN 1055
MT,BZN 1060
MT,BZN 1061
MT,BZN 1062
MT,BZN 1063
MT,BZN 1070
MT,BZN 1080
MT,BZN 1081
MT,BZN 1100
MT,BZN 1101
MT,BZN 1110
MT,BZN 1111
MT,BZN 1120
MT,BZN 1121
MT,BZN 1130
MT,BZN 1131
MT,BZN 1140
MT,BZN 1141
MT,BZN 1143
MT,BZN 1145
MT,BZN 1150
MT,BZN 1151
MT,BZN 1152
MT,BZN 1153
MT,BZN 1160
MT,BZN 1161
MT,BZN 1162
MT,BZN 1163
MT,BZN 1164
MT,BZN 1165
MT,BZN 1170
MT,BZN 1171
MT,BZN 1172
MT,BZN 1173
MT,BZN 1174
MT,BZN 1175
MT,BZN 1176
MT,BZN 1177
MT,BZN 1200
MT,BZN 1201
MT,BZN 1210
MT,BZN 1211
MT,BZN 1212
MT,BZN 1213
MT,BZN 1214
MT,BZN 1215
MT,BZN 1216
MT,BZN 1220
MT,BZN 1230
MT,BZN 1231
MT,BZN 1241
MT,BZN 1250
MT,BZN 1251
MT,BZN 1252
MT,BZN 1253
MT,BZN 1254
MT,BZN 1255
MT,BZN 1256
MT,BZN 1257
MT,BZN 1258
MT,BZN 1259
MT,BZN 1260
MT,BZN 1270
MT,BZN 1271
MT,BZN 1280
MT,BZN 1281
MT,BZN 1291
MT,BZN 1300
MT,BZN 1301
MT,BZN 1302
MT,BZN 1303
MT,BZN 1304
MT,BZN 1305
MT,BZN 1306
MT,BZN 1307
MT,BZN 1308
MT,BZN 1309
MT,BZN 1311
MT,BZN 1321
MT,BZN 1330
MT,BZN 1331
MT,BZN 1333
MT,BZN 1335
MT,BZN 1341
MT,BZN 1342
MT,BZN 1343
MT,BZN 1344
MT,BZN 1345
MT,BZN 1351
MT,BZN 1361
MT,BZN 1401
MT,BZN 1402
MT,BZN 1403
MT,BZN 1404
MT,BZN 1405
MT,BZN 1406
MT,BZN 1407
MT,BZN 1408
MT,BZN 1409
MT,BZN 1410
MT,BZN 1411
MT,BZN 1420
MT,BZN 1421
MT,BZN 1422
MT,BZN 1423
MT,BZN 1424
MT,BZN 1425
MT,BZN 1426
MT,BZN 1427
MT,BZN 1428
MT,BZN 1429
MT,BZN 1430
MT,BZN 1431
MT,BZN 1432
MT,BZN 1433
MT,BZN 1434
MT,BZN 1435
MT,BZN 1450
MT,BZN 1451
MT,BZN 1500
MT,BZN 1501
MT,BZN 1502
MT,BZN 1504
MT,BZN 1505
MT,BZN 1510
MT,BZN 1511
MT,BZN 1520
MT,BZN 1521
MT,BZN 1522
MT,BZN 1523
MT,BZN 1524
MT,BZN 1526
MT,BZN 1527
MT,BZN 1530
MT,BZN 1531
MT,BZN 1532
MT,BZN 1533
MT,BZN 1535
MT,BZN 1540
MT,BZN 1541
MT,BZN 1560
MT,BZN 1561
MT,BZN 1600
MT,BZN 1601
MT,BZN 1602
MT,BZN 1603
MT,BZN 1610
MT,BZN 1611
MT,BZN 1612
MT,BZN 1613
MT,BZN 1614
MT,BZN 1615
MT,BZN 1616
MT,BZN 1617
MT,BZN 1618
MT,BZN 1619
MT,BZN 1620
MT,BZN 1621
MT,BZN 1622
MT,BZN 1623
MT,BZN 1630
MT,BZN 1631
MT,BZN 1632
MT,BZN 1633
MT,BZN 1634
MT,BZN 1635
MT,BZN 1640
MT,BZN 1641
MT,BZN 1642
MT,BZN 1643
MT,BZN 1660
MT,BZN 1661
MT,BZN 1700
MT,BZN 1701
MT,BZN 1702
MT,BZN 1703
MT,BZN 1704
MT,BZN 1705
MT,BZN 1706
MT,BZN 1707
MT,BZN 1708
MT,BZN 1710
MT,BZN 1711
MT,BZN 1712
MT,BZN 1713
MT,BZN 1720
MT,BZN 1721
MT,BZN 1730
MT,BZN 1731
MT,BZN 9010
MT,BZN 9011
MT,BZN 9012
MT,BZN 9013
MT,BZN 9014
MT,BZN 9015
MT,BZN 9016
MT,BZN 9017
MT,BZN 9018
MT,BZN 9019
MT,BZN 9021
MT,BZN 9022
MT,BZN 9023
MT,BZN 9030
MT,BZN 9031
MT,BZN 9032
MT,BZN 9033
MT,BZN 9034
MT,CBD 1010
MT,CBD 1020
MT,CBD 1030
MT,CBD 1040
MT,CBD 1050
MT,CBD 1060
MT,CBD 1070
MT,CBD 2010
MT,CBD 2020
MT,CBD 2040
MT,CBD 2050
MT,CBD 2060
MT,CBD 2070
MT,CBD 2080
MT,CBD 2090
MT,CBD 3010
MT,CBD 3020
MT,CBD 3030
MT,CBD 3031
MT,CBD 3040
MT,CBD 3050
MT,CBD 3060
MT,CBD 3070
MT,CBD 3080
MT,CBD 3090
MT,CBD 3100
MT,CBD 3101
MT,CBD 3110
MT,CBD 3120
MT,CBD 4010
MT,CBD 4020
MT,CBD 4030
MT,CBD 4040
MT,CBD 4050
MT,CBD 4060
MT,CBD 4070
MT,CBD 4080
MT,CBD 5020
MT,CBD 5030
MT,CBD 5040
MT,CBD 5050
MT,CBD 5060
MT,CBD 5070
MT,CBD 5080
MT,CBD 5090
MT,CBD 5100
MT,CBD 5110
MT,DGL 1010
MT,DGL 1011
MT,DGL 1012
MT,DGL 1013
MT,DGL 1014
MT,DGL 1020
MT,DGL 1030
MT,DGL 1031
MT,DGL 1032
MT,DGL 1033
MT,DGL 1040
MT,DGL 1041
MT,DGL 1050
MT,DGL 1051
MT,DGL 1052
MT,DGL 1053
MT,DGL 1054
MT,DGL 1060
MT,DGL 1061
MT,DGL 1070
MT,DGL 1071
MT,DGL 1072
MT,DGL 1073
MT,DGL 1080
MT,DGL 1081
MT,DGL 1083
MT,DGL 1090
MT,DGL 1091
MT,DGL 1100
MT,DGL 1101
MT,DGL 1110
MT,DGL 1111
MT,DGL 1112
MT,DGL 1113
MT,DGL 1114
MT,DGL 1115
MT,DGL 1116
MT,DGL 1117
MT,DGL 1118
MT,DGL 1119
MT,DGL 1130
MT,DGL 1136
MT,DGL 1137
MT,DGL 1141
MT,DGL 1152
MT,DGL 1153
MT,DGL 1172
MT,DGL 1173
MT,DGL 1175
MT,DGL 1200
MT,DGL 1201
MT,DGL 1220
MT,DGL 1221
MT,DGL 1222
MT,DGL 1223
MT,DGL 1230
MT,DGL 1231
MT,DGL 1232
MT,DGL 1233
MT,DGL 1234
MT,DGL 1235
MT,DGL 1236
MT,DGL 1239
MT,DGL 1240
MT,DGL 1241
MT,DGL 1280
MT,DGL 1281
MT,DGL 1282
MT,DGL 1290
MT,DGL 1301
MT,DGL 1303
MT,DGL 1305
MT,DGL 1307
MT,DGL 1309
MT,DGL 1311
MT,DGL 1313
MT,DGL 1314
MT,DGL 1315
MT,DGL 1320
MT,DGL 1321
MT,DGL 1330
MT,DGL 1331
MT,DGL 1340
MT,DGL 1342
MT,DGL 1343
MT,DGL 1344
MT,DGL 1346
MT,DGL 1350
MT,DGL 1351
MT,DGL 1354
MT,DGL 1361
MT,DGL 1362
MT,DGL 1363
MT,DGL 1365
MT,DGL 1367
MT,DGL 1370
MT,DGL 1371
MT,DGL 1380
MT,DGL 1382
MT,DGL 1384
MT,DGL 1386
MT,DGL 1388
MT,DGL 1390
MT,DGL 1391
MT,DGL 1441
MT,DGL 1500
MT,DGL 1501
MT,DGL 1503
MT,DGL 1505
MT,DGL 1510
MT,DGL 1512
MT,DGL 1521
MT,DGL 1530
MT,DGL 1531
MT,DGL 1532
MT,DGL 1533
MT,DGL 1540
MT,DGL 1541
MT,DGL 1542
MT,DGL 1543
MT,DGL 1551
MT,DGL 1552
MT,DGL 1553
MT,DGL 1554
MT,DGL 1555
MT,DGL 1557
MT,DGL 1561
MT,DGL 1570
MT,DGL 1572
MT,DGL 1574
MT,DGL 1575
MT,DGL 1576
MT,DGL 1577
MT,DGL 1579
MT,DGL 1580
MT,DGL 1582
MT,DGL 1583
MT,DGL 1585
MT,DGL 1586
MT,DGL 1587
MT,DGL 1594
MT,DGL 1595
MT,DGL 1601
MT,DGL 1670
MT,DGL 1690
MT,DGL 1715
MT,DGL 1716
MT,DGL 1717
MT,DGL 1718
MT,DGL 1719
MT,DGL 1720
MT,DGL 1722
MT,DGL 1723
MT,DGL 1730
MT,DGL 1731
MT,DGL 1732
MT,DGL 1734
MT,DGL 1741
MT,DGL 1743
MT,DGL 1750
MT,DGL 1751
MT,DGL 1755
MT,DGL 1756
MT,DGL 1757
MT,DGL 1758
MT,DGL 1760
MT,DGL 1790
MT,DGL 1802
MT,DGL 1803
MT,DGL 1810
MT,DGL 1811
MT,DGL 1812
MT,DGL 1813
MT,DGL 1820
MT,DGL 1821
MT,DGL 1830
MT,DGL 1831
MT,DGL 1832
MT,DGL 1833
MT,DGL 1834
MT,DGL 1835
MT,DGL 1836
MT,DGL 1837
MT,DGL 1838
MT,DGL 1839
MT,DGL 1840
MT,DGL 1841
MT,DGL 1842
MT,DGL 1850
MT,DGL 1860
MT,DGL 1861
MT,DGL 1870
MT,DGL 1871
MT,DGL 1880
MT,DGL 1881
MT,DGL 1890
MT,DGL 1892
MT,DGL 1894
MT,DGL 1895
MT,DGL 1900
MT,DGL 1901
MT,DGL 1903
MT,DGL 1907
MT,DGL 1920
MT,DGL 1921
MT,DGL 1940
MT,DGL 1942
MT,DGL 1943
MT,DGL 1951
MT,DGL 1960
MT,DGL 1961
MT,DGL 1980
MT,DGL 2025
MT,DGL 2029
MT,DGL 2030
MT,DGL 2040
MT,DGL 2041
MT,DGL 2060
MT,DGL 2101
MT,DGL 2102
MT,DGL 2103
MT,DGL 2104
MT,DGL 2110
MT,DGL 2111
MT,DGL 2120
MT,DGL 2130
MT,DGL 2141
MT,DGL 2150
MT,DGL 2151
MT,DGL 2170
MT,DGL 2171
MT,DGL 2180
MT,DGL 2190
MT,DGL 2402
MT,DGL 2410
MT,DGL 2411
MT,DGL 2412
MT,DGL 2413
MT,DGL 2420
MT,DGL 2430
MT,DGL 2700
MT,DGL 2701
MT,DGL 2702
MT,DGL 2706
MT,DGL 2707
MT,DGL 2708
MT,DGL 2709
MT,DGL 3500
MT,DGL 3501
MT,DGL 3502
MT,DGL 3504
MT,DGL 3507
MT,DGL 3508
MT,DGL 3509
MT,DGL 3510
MT,DGL 9012
MT,DGL 9013
MT,DGL 9014
MT,DGL 9015
MT,DGL 9016
MT,DGL 9017
MT,DGL 9018
MT,DGL 9019
MT,DGL 9020
MT,DGL 9030
MT,FGR 1000
MT,FGR 1010
MT,FGR 1011
MT,FGR 1012
MT,FGR 1013
MT,FGR 1014
MT,FGR 1015
MT,FGR 1016
MT,FGR 1017
MT,FGR 1018
MT,FGR 1019
MT,FGR 1020
MT,FGR 1021
MT,FGR 1022
MT,FGR 1023
MT,FGR 1024
MT,FGR 1025
MT,FGR 1026
MT,FGR 1027
MT,FGR 1028
MT,FGR 1029
MT,FGR 1030
MT,FGR 1031
MT,FGR 1032
MT,FGR 1033
MT,FGR 1034
MT,FGR 1035
MT,FGR 1036
MT,FGR 1037
MT,FGR 1038
MT,FGR 1039
MT,FGR 1040
MT,FGR 1042
MT,FGR 1043
MT,FGR 1044
MT,FGR 1045
MT,FGR 1050
MT,FGR 1052
MT,FGR 1053
MT,FGR 1060
MT,FGR 1061
MT,FGR 1062
MT,FGR 1063
MT,FGR 1064
MT,FGR 1065
MT,FGR 1066
MT,FGR 1067
MT,FGR 1070
MT,FGR 1071
MT,FGR 1080
MT,FGR 1081
MT,FGR 1082
MT,FGR 1083
MT,FGR 1084
MT,FGR 1085
MT,FGR 1090
MT,FGR 1091
MT,FGR 1093
MT,FGR 1100
MT,FGR 1101
MT,FGR 1110
MT,FGR 1112
MT,FGR 1113
MT,FGR 1114
MT,FGR 1115
MT,FGR 1120
MT,FGR 1121
MT,FGR 1122
MT,FGR 1123
MT,FGR 1131
MT,FGR 1133
MT,FGR 1135
MT,FGR 1136
MT,FGR 1137
MT,FGR 1139
MT,FGR 1160
MT,FGR 1161
MT,FGR 1163
MT,FGR 1170
MT,FGR 1171
MT,FGR 1172
MT,FGR 1173
MT,FGR 1200
MT,FGR 1201
MT,FGR 1202
MT,FGR 1203
MT,FGR 1204
MT,FGR 1205
MT,FGR 1210
MT,FGR 1211
MT,FGR 1212
MT,FGR 1220
MT,FGR 1221
MT,FGR 1222
MT,FGR 1223
MT,FGR 1231
MT,FGR 1240
MT,FGR 1241
MT,FGR 1242
MT,FGR 1243
MT,FGR 1244
MT,FGR 1246
MT,FGR 1247
MT,FGR 1248
MT,FGR 1249
MT,FGR 1250
MT,FGR 1251
MT,FGR 1253
MT,FGR 1254
MT,FGR 1260
MT,FGR 1261
MT,FGR 1262
MT,FGR 1263
MT,FGR 1264
MT,FGR 1265
MT,FGR 1266
MT,FGR 1271
MT,FGR 1280
MT,FGR 1281
MT,FGR 1290
MT,FGR 1291
MT,FGR 1292
MT,FGR 1293
MT,FGR 1300
MT,FGR 1301
MT,FGR 1302
MT,FGR 1303
MT,FGR 1311
MT,FGR 1320
MT,FGR 1321
MT,FGR 1330
MT,FGR 1331
MT,FGR 1332
MT,FGR 1333
MT,FGR 1341
MT,FGR 1342
MT,FGR 1343
MT,FGR 1344
MT,FGR 1345
MT,FGR 1350
MT,FGR 1351
MT,FGR 1352
MT,FGR 1353
MT,FGR 1360
MT,FGR 1361
MT,FGR 1370
MT,FGR 1371
MT,FGR 1372
MT,FGR 1373
MT,FGR 1380
MT,FGR 1381
MT,FGR 1382
MT,FGR 1383
MT,FGR 1384
MT,FGR 1385
MT,FGR 1386
MT,FGR 1387
MT,FGR 1388
MT,FGR 1389
MT,FGR 1390
MT,FGR 1400
MT,FGR 1401
MT,FGR 1402
MT,FGR 1403
MT,FGR 1404
MT,FGR 1405
MT,FGR 1410
MT,FGR 1411
MT,FGR 1420
MT,FGR 1421
MT,FGR 1422
MT,FGR 1424
MT,FGR 1425
MT,FGR 1432
MT,FGR 1440
MT,FGR 1441
MT,FGR 1442
MT,FGR 1443
MT,FGR 1444
MT,FGR 1445
MT,FGR 1446
MT,FGR 1447
MT,FGR 1450
MT,FGR 1451
MT,FGR 1460
MT,FGR 1462
MT,FGR 1463
MT,FGR 1470
MT,FGR 1472
MT,FGR 1474
MT,FGR 1480
MT,FGR 1481
MT,FGR 1483
MT,FGR 1490
MT,FGR 1500
MT,FGR 1501
MT,FGR 1510
MT,FGR 1511
MT,FGR 1512
MT,FGR 1513
MT,FGR 1514
MT,FGR 1515
MT,FGR 1516
MT,FGR 1517
MT,FGR 1518
MT,FGR 1519
MT,FGR 1520
MT,FGR 1521
MT,FGR 1531
MT,FGR 1540
MT,FGR 1541
MT,FGR 1550
MT,FGR 1551
MT,FGR 1552
MT,FGR 1553
MT,FGR 1554
MT,FGR 1555
MT,FGR 1556
MT,FGR 1557
MT,FGR 1558
MT,FGR 1559
MT,FGR 1561
MT,FGR 1600
MT,FGR 1601
MT,FGR 1602
MT,FGR 1603
MT,FGR 1604
MT,FGR 1605
MT,FGR 1606
MT,FGR 1607
MT,FGR 1608
MT,FGR 1609
MT,FGR 1610
MT,FGR 1611
MT,FGR 1612
MT,FGR 1613
MT,FGR 1614
MT,FGR 1615
MT,FGR 1616
MT,FGR 1617
MT,FGR 1618
MT,FGR 1619
MT,FGR 1620
MT,FGR 1621
MT,FGR 1631
MT,FGR 1640
MT,FGR 1641
MT,FGR 1650
MT,FGR 1660
MT,FGR 1661
MT,FGR 1662
MT,FGR 1663
MT,FGR 1671
MT,FGR 1680
MT,FGR 1681
MT,FGR 1682
MT,FGR 1683
MT,FGR 1690
MT,FGR 1691
MT,FGR 1692
MT,FGR 1693
MT,FGR 1694
MT,FGR 1695
MT,FGR 1696
MT,FGR 1697
MT,FGR 1698
MT,FGR 1699
MT,FGR 1700
MT,FGR 1702
MT,FGR 1703
MT,FGR 1710
MT,FGR 1712
MT,FGR 1720
MT,FGR 1721
MT,FGR 1731
MT,FGR 1732
MT,FGR 1740
MT,FGR 1751
MT,FGR 1760
MT,FGR 1761
MT,FGR 1770
MT,FGR 1771
MT,FGR 1772
MT,FGR 1774
MT,FGR 1775
MT,FGR 1776
MT,FGR 1777
MT,FGR 1778
MT,FGR 1779
MT,FGR 1780
MT,FGR 1781
MT,FGR 1782
MT,FGR 1783
MT,FGR 1800
MT,FGR 1801
MT,FGR 1802
MT,FGR 1810
MT,FGR 1811
MT,FGR 1812
MT,FGR 1813
MT,FGR 1815
MT,FGR 1820
MT,FGR 1821
MT,FGR 1830
MT,FGR 1831
MT,FGR 1832
MT,FGR 1833
MT,FGR 1834
MT,FGR 1835
MT,FGR 1836
MT,FGR 1837
MT,FGR 1838
MT,FGR 1840
MT,FGR 1841
MT,FGR 1842
MT,FGR 1843
MT,FGR 1850
MT,FGR 1851
MT,FGR 1852
MT,FGR 1853
MT,FGR 1854
MT,FGR 1855
MT,FGR 1856
MT,FGR 1857
MT,FGR 1860
MT,FGR 1861
MT,FGR 1870
MT,FGR 1871
MT,FGR 1890
MT,FGR 1900
MT,FGR 1901
MT,FGR 1902
MT,FGR 1903
MT,FGR 1904
MT,FGR 1905
MT,FGR 1907
MT,FGR 1911
MT,FGR 1920
MT,FGR 1921
MT,FGR 1930
MT,FGR 1931
MT,FGR 1932
MT,FGR 1933
MT,FGR 1934
MT,FGR 1935
MT,FGR 1940
MT,FGR 1941
MT,FGR 1942
MT,FGR 1943
MT,FGR 1944
MT,FGR 1945
MT,FGR 1946
MT,FGR 1947
MT,FGR 1948
MT,FGR 1950
MT,FGR 1951
MT,FGR 1952
MT,FGR 1953
MT,FGR 1960
MT,FGR 1961
MT,FGR 1962
MT,FGR 1963
MT,FGR 1970
MT,FGR 1971
MT,FGR 1972
MT,FGR 1980
MT,FGR 1981
MT,FGR 1982
MT,FGR 1983
MT,FGR 2010
MT,FGR 2011
MT,FGR 2012
MT,FGR 2013
MT,FGR 2014
MT,FGR 2015
MT,FGR 2016
MT,FGR 2017
MT,FGR 2018
MT,FGR 2019
MT,FGR 2020
MT,FGR 2021
MT,FGR 2022
MT,FGR 2023
MT,FGR 2024
MT,FGR 2025
MT,FGR 2026
MT,FGR 2027
MT,FGR 2040
MT,FGR 2041
MT,FGR 2042
MT,FGR 2043
MT,FGR 2050
MT,FGR 2051
MT,FGR 2052
MT,FGR 2053
MT,FGR 2054
MT,FGR 2055
MT,FGR 2060
MT,FGR 2061
MT,FGR 2062
MT,FGR 2063
MT,FGR 2070
MT,FGR 2071
MT,FGR 2072
MT,FGR 2073
MT,FGR 2080
MT,FGR 2081
MT,FGR 2100
MT,FGR 2101
MT,FGR 2103
MT,FGR 2104
MT,FGR 2105
MT,FGR 2106
MT,FGR 2107
MT,FGR 2108
MT,FGR 2109
MT,FGR 2110
MT,FGR 2111
MT,FGR 2112
MT,FGR 2121
MT,FGR 2122
MT,FGR 2123
MT,FGR 2130
MT,FGR 2131
MT,FGR 2140
MT,FGR 2141
MT,FGR 2143
MT,FGR 2150
MT,FGR 2151
MT,FGR 2152
MT,FGR 2153
MT,FGR 2154
MT,FGR 2155
MT,FGR 2160
MT,FGR 2161
MT,FGR 2162
MT,FGR 2163
MT,FGR 2170
MT,FGR 2171
MT,FGR 2172
MT,FGR 2173
MT,FGR 2174
MT,FGR 2175
MT,FGR 2181
MT,FGR 9030
MT,FGR 9032
MT,FGR 9035
MT,FGR 9036
MT,FGR 9037
MT,FGR 9038
MT,FGR 9039
MT,FNT 1010
MT,FNT 1011
MT,FNT 1012
MT,FNT 1013
MT,FNT 1020
MT,FNT 1030
MT,FNT 1031
MT,FNT 1040
MT,FNT 1041
MT,FNT 1050
MT,FNT 1060
MT,FNT 1061
MT,FNT 1070
MT,FNT 1080
MT,FNT 1081
MT,FNT 1082
MT,FNT 1083
MT,FNT 1100
MT,FNT 1110
MT,FNT 1111
MT,FNT 1112
MT,FNT 1113
MT,FNT 1120
MT,FNT 1121
MT,FNT 1130
MT,FNT 1140
MT,FNT 1150
MT,FNT 1151
MT,FNT 1160
MT,FNT 1170
MT,FNT 1172
MT,FNT 1173
MT,FNT 1180
MT,FNT 1181
MT,FNT 1190
MT,FNT 1400
MT,FNT 1401
MT,FNT 1411
MT,FNT 1420
MT,FNT 1421
MT,FNT 1422
MT,FNT 1430
MT,FNT 1491
MT,FNT 1500
MT,FNT 9011
MT,FNT 9012
MT,FNT 9013
MT,FNT 9020
MT,FNT 9021
MT,FNT 9022
MT,FNT 9023
MT,FNT 9024
MT,FNT 9025
MT,FNT 9026
MT,FNT 9027
MT,FNT 9028
MT,FNT 9029
MT,FRN 1000
MT,FRN 1030
MT,FRN 1031
MT,FRN 1032
MT,FRN 1033
MT,FRN 1034
MT,FRN 1040
MT,FRN 1050
MT,FRN 1051
MT,FRN 1052
MT,FRN 1053
MT,FRN 1060
MT,FRN 1061
MT,FRN 1070
MT,FRN 1080
MT,FRN 1081
MT,FRN 1082
MT,FRN 1083
MT,FRN 1090
MT,FRN 1091
MT,FRN 1100
MT,FRN 1101
MT,FRN 1102
MT,FRN 1103
MT,FRN 1104
MT,FRN 1105
MT,FRN 1106
MT,FRN 1107
MT,FRN 1108
MT,FRN 1109
MT,FRN 1110
MT,FRN 1111
MT,FRN 1112
MT,FRN 1113
MT,FRN 1114
MT,FRN 1115
MT,FRN 1116
MT,FRN 1117
MT,FRN 1118
MT,FRN 1119
MT,FRN 1120
MT,FRN 1121
MT,FRN 1122
MT,FRN 1123
MT,FRN 1124
MT,FRN 1125
MT,FRN 1126
MT,FRN 1127
MT,FRN 1130
MT,FRN 1131
MT,FRN 1132
MT,FRN 1133
MT,FRN 1134
MT,FRN 1135
MT,FRN 1136
MT,FRN 1137
MT,FRN 1140
MT,FRN 1141
MT,FRN 1142
MT,FRN 1143
MT,FRN 1150
MT,FRN 1151
MT,FRN 1152
MT,FRN 1153
MT,FRN 1154
MT,FRN 1155
MT,FRN 1160
MT,FRN 1161
MT,FRN 1170
MT,FRN 1171
MT,FRN 1172
MT,FRN 1173
MT,FRN 1176
MT,FRN 1177
MT,FRN 1178
MT,FRN 1180
MT,FRN 1181
MT,FRN 1182
MT,FRN 1183
MT,FRN 1200
MT,FRN 1201
MT,FRN 1210
MT,FRN 1211
MT,FRN 1230
MT,FRN 1231
MT,FRN 1270
MT,FRN 1281
MT,FRN 1290
MT,FRN 1400
MT,FRN 1411
MT,FRN 1412
MT,FRN 1413
MT,FRN 1420
MT,FRN 1421
MT,FRN 1441
MT,FRN 1450
MT,FRN 1451
MT,FRN 1453
MT,FRN 1455
MT,FRN 1460
MT,FRN 1461
MT,FRN 1470
MT,FRN 1472
MT,FRN 1474
MT,FRN 1475
MT,FRN 1478
MT,FRN 1480
MT,FRN 1481
MT,FRN 1483
MT,FRN 1500
MT,FRN 1501
MT,FRN 1502
MT,FRN 1503
MT,FRN 1504
MT,FRN 1510
MT,FRN 1511
MT,FRN 1512
MT,FRN 1513
MT,FRN 1514
MT,FRN 1515
MT,FRN 1520
MT,FRN 1521
MT,FRN 1522
MT,FRN 1523
MT,FRN 1530
MT,FRN 1531
MT,FRN 1533
MT,FRN 1535
MT,FRN 1550
MT,FRN 1551
MT,FRN 1553
MT,FRN 1562
MT,FRN 1563
MT,FRN 1571
MT,FRN 1601
MT,FRN 1610
MT,FRN 1611
MT,FRN 1612
MT,FRN 1613
MT,FRN 1614
MT,FRN 1615
MT,FRN 1700
MT,FRN 1710
MT,FRN 1800
MT,FRN 1810
MT,FRN 1820
MT,FRN 1900
MT,FRN 1910
MT,FRN 1913
MT,FRN 1914
MT,FRN 1915
MT,FRN 1920
MT,FRN 1921
MT,FRN 1930
MT,FRN 1931
MT,FRN 1940
MT,FRN 1941
MT,FRN 1980
MT,FRN 9010
MT,FRN 9011
MT,FRN 9012
MT,FRN 9013
MT,FRN 9020
MT,FRN 9021
MT,FRN 9090
MT,GDJ 1010
MT,GDJ 1011
MT,GDJ 1012
MT,GDJ 1013
MT,GDJ 1014
MT,GDJ 1015
MT,GDJ 1020
MT,GDJ 1021
MT,GDJ 1030
MT,GDJ 1031
MT,GDJ 1040
MT,GDJ 1041
MT,GDJ 1050
MT,GDJ 1051
MT,GDJ 1060
MT,GDJ 1061
MT,GDJ 1062
MT,GDJ 1063
MT,GDJ 1064
MT,GDJ 1065
MT,GDJ 1066
MT,GDJ 1067
MT,GDJ 1068
MT,GDJ 1070
MT,GDJ 1080
MT,GDJ 1081
MT,GDJ 1090
MT,GDJ 1091
MT,GDJ 1100
MT,GDJ 1101
MT,GDJ 1110
MT,GDJ 1111
MT,GDJ 1112
MT,GDJ 1113
MT,GDJ 1114
MT,GDJ 1120
MT,GDJ 1130
MT,GDJ 1131
MT,GDJ 1140
MT,GDJ 1141
MT,GDJ 1150
MT,GDJ 1152
MT,GDJ 1153
MT,GDJ 1154
MT,GDJ 1155
MT,GDJ 1161
MT,GDJ 1170
MT,GDJ 1172
MT,GDJ 1173
MT,GDJ 1200
MT,GDJ 1201
MT,GDJ 1202
MT,GDJ 1203
MT,GDJ 1204
MT,GDJ 1205
MT,GDJ 1206
MT,GDJ 1207
MT,GDJ 1209
MT,GDJ 1210
MT,GDJ 1211
MT,GDJ 1220
MT,GDJ 1231
MT,GDJ 1240
MT,GDJ 1243
MT,GDJ 1251
MT,GDJ 1252
MT,GDJ 1253
MT,GDJ 1260
MT,GDJ 1261
MT,GDJ 1264
MT,GDJ 1265
MT,GDJ 1280
MT,GDJ 1281
MT,GDJ 1282
MT,GDJ 1283
MT,GDJ 1300
MT,GDJ 1302
MT,GDJ 1303
MT,GDJ 1304
MT,GDJ 1305
MT,GDJ 1310
MT,GDJ 1321
MT,GDJ 1330
MT,GDJ 1340
MT,GDJ 1341
MT,GDJ 1343
MT,GDJ 1344
MT,GDJ 1345
MT,GDJ 1350
MT,GDJ 1351
MT,GDJ 1361
MT,GDJ 1390
MT,GDJ 1402
MT,GDJ 1403
MT,GDJ 1404
MT,GDJ 1405
MT,GDJ 1406
MT,GDJ 1407
MT,GDJ 1408
MT,GDJ 1409
MT,GDJ 1410
MT,GDJ 1411
MT,GDJ 1412
MT,GDJ 1413
MT,GDJ 1414
MT,GDJ 1415
MT,GDJ 1420
MT,GDJ 1421
MT,GDJ 1430
MT,GDJ 1431
MT,GDJ 1441
MT,GDJ 1443
MT,GDJ 1445
MT,GDJ 1447
MT,GDJ 1449
MT,GDJ 1450
MT,GDJ 1451
MT,GDJ 1452
MT,GDJ 1453
MT,GDJ 1460
MT,GDJ 1461
MT,GDJ 1521
MT,GDJ 1523
MT,GDJ 1530
MT,GDJ 1531
MT,GDJ 1532
MT,GDJ 1534
MT,GDJ 1550
MT,GDJ 1551
MT,GDJ 1560
MT,GDJ 1562
MT,GDJ 1563
MT,GDJ 1564
MT,GDJ 1565
MT,GDJ 1650
MT,GDJ 1651
MT,GDJ 1654
MT,GDJ 1655
MT,GDJ 1660
MT,GDJ 1681
MT,GDJ 1700
MT,GDJ 1701
MT,GDJ 1702
MT,GDJ 1703
MT,GDJ 1704
MT,GDJ 1705
MT,GDJ 1706
MT,GDJ 1707
MT,GDJ 1708
MT,GDJ 1710
MT,GDJ 1711
MT,GDJ 1712
MT,GDJ 1713
MT,GDJ 1721
MT,GDJ 1730
MT,GDJ 1731
MT,GDJ 1760
MT,GDJ 1761
MT,GDJ 1772
MT,GDJ 1774
MT,GDJ 1775
MT,GDJ 1800
MT,GDJ 1801
MT,GDJ 1802
MT,GDJ 1803
MT,GDJ 1811
MT,GDJ 1812
MT,GDJ 1813
MT,GDJ 1820
MT,GDJ 1821
MT,GDJ 1831
MT,GDJ 1844
MT,GDJ 1846
MT,GDJ 1850
MT,GDJ 1851
MT,GDJ 1852
MT,GDJ 1902
MT,GDJ 1903
MT,GDJ 1905
MT,GDJ 1907
MT,GDJ 1910
MT,GDJ 1920
MT,GDJ 1921
MT,GDJ 1930
MT,GDJ 1931
MT,GDJ 1940
MT,GDJ 1941
MT,GDJ 1951
MT,GDJ 2011
MT,GDJ 2012
MT,GDJ 2013
MT,GDJ 2015
MT,GDJ 2017
MT,GDJ 2020
MT,GDJ 2021
MT,GDJ 2030
MT,GDJ 2031
MT,GDJ 2033
MT,GDJ 2040
MT,GDJ 9035
MT,GHR 1010
MT,GHR 1011
MT,GHR 1012
MT,GHR 1013
MT,GHR 1014
MT,GHR 1015
MT,GHR 1022
MT,GHR 1023
MT,GHR 1024
MT,GHR 1025
MT,GHR 1030
MT,GHR 1032
MT,GHR 1033
MT,GHR 1040
MT,GHR 1050
MT,GHR 1051
MT,GHR 1053
MT,GHR 1054
MT,GHR 1055
MT,GHR 1100
MT,GHR 1101
MT,GHR 1102
MT,GHR 1103
MT,GHR 1110
MT,GHR 1111
MT,GHR 1120
MT,GHR 1121
MT,GHR 1122
MT,GHR 1123
MT,GHR 1131
MT,GHR 1140
MT,GHR 1141
MT,GHR 1142
MT,GHR 1143
MT,GHR 1150
MT,GHR 1151
MT,GHR 1152
MT,GHR 1153
MT,GHR 1154
MT,GHR 1161
MT,GHR 1162
MT,GHR 1163
MT,GHR 1164
MT,GHR 1165
MT,GHR 1170
MT,GHR 1171
MT,GHR 1200
MT,GHR 1201
MT,GHR 1202
MT,GHR 1203
MT,GHR 1210
MT,GHR 1211
MT,GHR 1220
MT,GHR 1221
MT,GHR 1222
MT,GHR 1224
MT,GHR 1225
MT,GHR 1230
MT,GHR 1231
MT,GHR 1232
MT,GHR 1233
MT,GHR 1240
MT,GHR 1241
MT,GHR 1242
MT,GHR 1243
MT,GHR 1250
MT,GHR 1251
MT,GHR 1260
MT,GHR 1261
MT,GHR 1262
MT,GHR 1263
MT,GHR 1264
MT,GHR 1265
MT,GHR 1266
MT,GHR 1267
MT,GHR 1271
MT,GHR 1283
MT,GHR 1290
MT,GHR 1300
MT,GHR 1301
MT,GHR 1302
MT,GHR 1303
MT,GHR 1304
MT,GHR 1305
MT,GHR 1310
MT,GHR 1311
MT,GHR 1320
MT,GHR 1321
MT,GHR 1351
MT,GHR 1352
MT,GHR 1353
MT,GHR 1400
MT,GHR 1401
MT,GHR 1402
MT,GHR 1403
MT,GHR 1404
MT,GHR 1405
MT,GHR 1410
MT,GHR 1412
MT,GHR 1414
MT,GHR 1420
MT,GHR 1430
MT,GHR 1440
MT,GHR 1441
MT,GHR 1450
MT,GHR 1451
MT,GHR 1452
MT,GHR 1453
MT,GHR 1460
MT,GHR 1461
MT,GHR 1462
MT,GHR 1463
MT,GHR 1500
MT,GHR 1501
MT,GHR 1510
MT,GHR 1511
MT,GHR 1512
MT,GHR 1513
MT,GHR 1514
MT,GHR 1515
MT,GHR 1520
MT,GHR 1521
MT,GHR 1531
MT,GHR 1533
MT,GHR 1534
MT,GHR 1535
MT,GHR 1540
MT,GHR 1541
MT,GHR 1560
MT,GHR 1561
MT,GHR 1570
MT,GHR 1571
MT,GHR 1580
MT,GHR 1581
MT,GHR 1582
MT,GHR 1583
MT,GHR 1584
MT,GHR 1585
MT,GHR 1600
MT,GHR 1601
MT,GHR 1602
MT,GHR 1603
MT,GHR 1604
MT,GHR 1605
MT,GHR 1606
MT,GHR 1607
MT,GHR 1609
MT,GHR 1610
MT,GHR 1611
MT,GHR 1620
MT,GHR 1621
MT,GHR 1622
MT,GHR 1623
MT,GHR 1630
MT,GHR 1631
MT,GHR 1640
MT,GHR 1641
MT,GHR 1650
MT,GHR 1651
MT,GHR 1660
MT,GHR 1662
MT,GHR 1664
MT,GHR 1665
MT,GHR 1680
MT,GHR 1700
MT,GHR 1701
MT,GHR 1724
MT,GHR 1725
MT,GHR 1726
MT,GHR 1801
MT,GHR 1802
MT,GHR 1804
MT,GHR 1806
MT,GHR 1807
MT,GHR 1810
MT,GHR 1812
MT,GHR 1813
MT,GHR 1814
MT,GHR 1815
MT,GHR 1821
MT,GHR 2020
MT,GHR 2021
MT,GHR 2023
MT,GHR 2031
MT,GHR 2033
MT,GHR 2035
MT,GHR 2040
MT,GHR 2041
MT,GHR 2050
MT,GHR 2052
MT,GHR 2053
MT,GHR 2054
MT,GHR 2060
MT,GHR 2070
MT,GHR 9014
MT,GRB 1000
MT,GRB 1010
MT,GRB 1011
MT,GRB 1012
MT,GRB 1013
MT,GRB 1014
MT,GRB 1015
MT,GRB 1020
MT,GRB 1021
MT,GRB 1022
MT,GRB 1023
MT,GRB 1025
MT,GRB 1031
MT,GRB 1033
MT,GRB 1040
MT,GRB 1041
MT,GRB 1042
MT,GRB 1043
MT,GRB 1044
MT,GRB 1045
MT,GRB 1046
MT,GRB 1050
MT,GRB 1052
MT,GRB 1053
MT,GRB 1054
MT,GRB 1055
MT,GRB 1060
MT,GRB 1061
MT,GRB 1062
MT,GRB 1063
MT,GRB 1064
MT,GRB 1065
MT,GRB 1070
MT,GRB 1071
MT,GRB 1072
MT,GRB 1073
MT,GRB 1080
MT,GRB 1081
MT,GRB 1082
MT,GRB 1083
MT,GRB 1102
MT,GRB 1103
MT,GRB 1110
MT,GRB 1120
MT,GRB 1121
MT,GRB 1122
MT,GRB 1123
MT,GRB 1130
MT,GRB 1131
MT,GRB 1140
MT,GRB 1141
MT,GRB 1151
MT,GRB 1161
MT,GRB 1170
MT,GRB 1200
MT,GRB 1201
MT,GRB 1202
MT,GRB 1203
MT,GRB 1210
MT,GRB 1211
MT,GRB 1212
MT,GRB 1213
MT,GRB 1220
MT,GRB 1221
MT,GRB 1230
MT,GRB 1231
MT,GRB 1240
MT,GRB 1241
MT,GRB 1242
MT,GRB 1243
MT,GRB 1244
MT,GRB 1245
MT,GRB 1250
MT,GRB 1251
MT,GRB 1253
MT,GRB 1260
MT,GRB 1261
MT,GRB 1262
MT,GRB 1263
MT,GRB 1264
MT,GRB 1270
MT,GRB 1271
MT,GRB 1280
MT,GRB 1300
MT,GRB 1301
MT,GRB 1310
MT,GRB 1311
MT,GRB 1312
MT,GRB 1320
MT,GRB 1321
MT,GRB 1322
MT,GRB 1323
MT,GRB 1324
MT,GRB 1325
MT,GRB 1340
MT,GRB 1350
MT,GRB 1351
MT,GRB 1400
MT,GRB 1401
MT,GRB 1402
MT,GRB 1403
MT,GRB 1404
MT,GRB 1405
MT,GRB 1410
MT,GRB 1430
MT,GRB 1431
MT,GRB 1432
MT,GRB 1433
MT,GRB 1434
MT,GRB 1435
MT,GRB 1436
MT,GRB 1437
MT,GRB 1440
MT,GRB 1441
MT,GRB 1450
MT,GRB 1451
MT,GRB 1460
MT,GRB 1500
MT,GRB 1501
MT,GRB 1502
MT,GRB 1503
MT,GRB 1504
MT,GRB 1505
MT,GRB 1506
MT,GRB 1507
MT,GRB 1520
MT,GRB 1521
MT,GRB 1523
MT,GRB 1540
MT,GRB 1541
MT,GRB 1544
MT,GRB 1545
MT,GRB 1701
MT,GRB 1704
MT,GRB 1705
MT,GRB 1710
MT,GRB 4000
MT,GSM 1000
MT,GSM 1010
MT,GSM 1011
MT,GSM 1012
MT,GSM 1013
MT,GSM 1021
MT,GSM 1022
MT,GSM 1023
MT,GSM 1024
MT,GSM 1030
MT,GSM 1031
MT,GSM 1040
MT,GSM 1041
MT,GSM 1050
MT,GSM 1051
MT,GSM 1053
MT,GSM 1055
MT,GSM 1061
MT,GSM 1070
MT,GSM 1071
MT,GSM 1072
MT,GSM 1073
MT,GSM 1080
MT,GSM 1081
MT,GSM 1100
MT,GSM 1102
MT,GSM 1103
MT,GSM 1104
MT,GSM 1105
MT,GSM 1106
MT,GSM 1107
MT,GSM 1120
MT,GSM 1121
MT,GSM 1122
MT,GSM 1123
MT,GSM 1130
MT,GSM 1131
MT,GSM 1132
MT,GSM 1133
MT,GSM 1160
MT,GSM 1170
MT,GSM 1171
MT,GSM 1180
MT,GSM 1181
MT,GSM 1182
MT,GSM 1183
MT,GSM 1184
MT,GSM 1185
MT,GSM 1201
MT,GSM 1211
MT,GSM 1213
MT,GSM 1220
MT,GSM 1221
MT,GSM 1222
MT,GSM 1223
MT,GSM 1230
MT,GSM 1231
MT,GSM 1232
MT,GSM 1233
MT,GSM 1240
MT,GSM 1241
MT,GSM 1242
MT,GSM 1243
MT,GSM 1244
MT,GSM 1245
MT,GSM 1246
MT,GSM 1248
MT,GSM 1249
MT,GSM 1250
MT,GSM 1260
MT,GSM 1280
MT,GSM 1282
MT,GSM 1283
MT,GSM 1284
MT,GSM 1285
MT,GSM 1300
MT,GSM 1311
MT,GSM 1321
MT,GSM 1323
MT,GSM 1325
MT,GSM 1326
MT,GSM 1327
MT,GSM 1328
MT,GSM 1329
MT,GSM 1330
MT,GSM 1331
MT,GSM 1340
MT,GSM 1341
MT,GSM 1350
MT,GSM 1351
MT,GSM 1352
MT,GSM 1353
MT,GSM 1410
MT,GSM 1411
MT,GSM 1412
MT,GSM 1413
MT,GSM 1415
MT,GSM 1420
MT,GSM 1421
MT,GSM 1422
MT,GSM 1430
MT,GSM 1431
MT,GSM 1432
MT,GSM 1433
MT,GSM 1450
MT,GSM 1451
MT,GSM 1500
MT,GSM 1501
MT,GSM 1502
MT,GSM 1520
MT,GSM 1521
MT,GSM 1530
MT,GSM 1531
MT,GSM 1532
MT,GSM 1533
MT,GSM 1534
MT,GSM 1535
MT,GSM 1536
MT,GSM 1537
MT,GSM 1538
MT,GSM 1539
MT,GSM 1540
MT,GSM 1550
MT,GSM 1551
MT,GSM 1552
MT,GSM 1553
MT,GSM 1560
MT,GSM 1561
MT,GSM 1570
MT,GSM 1571
MT,GSM 1572
MT,GSM 1573
MT,GSM 1600
MT,GSM 1601
MT,GSM 1610
MT,GSM 1611
MT,GSM 1612
MT,GSM 1613
MT,GSM 1621
MT,GSM 1622
MT,GSM 1623
MT,GSM 1624
MT,GSM 1625
MT,GSM 1626
MT,GSM 1627
MT,GSM 1628
MT,GSM 1629
MT,GSM 1630
MT,GSM 1631
MT,GSM 1640
MT,GSM 1641
MT,GSM 1642
MT,GSM 1643
MT,GSM 1701
MT,GSM 1714
MT,GSM 1715
MT,GSM 1720
MT,GSM 1721
MT,GSM 1731
MT,GSM 1800
MT,GSM 1801
MT,GSM 1802
MT,GSM 1803
MT,GSM 1804
MT,GSM 1805
MT,GSM 1806
MT,GSM 1807
MT,GSM 1808
MT,GSM 1809
MT,GSM 1810
MT,GSM 1811
MT,GSM 1820
MT,GSM 1821
MT,GSM 1880
MT,GSM 1901
MT,GSM 1903
MT,GSM 1905
MT,GSM 1913
MT,GSM 1915
MT,GSM 1916
MT,GSM 1930
MT,GSM 1931
MT,GSM 1950
MT,GSM 1951
MT,GSM 1971
MT,GSM 1974
MT,GSM 1980
MT,GSM 1990
MT,GSM 2010
MT,GSM 2011
MT,GSM 2012
MT,GSM 2013
MT,GSM 2014
MT,GSM 2015
MT,GSM 2016
MT,GSM 2017
MT,GSM 2018
MT,GSM 2019
MT,GSM 2020
MT,GSM 2021
MT,GSM 2031
MT,GSM 2040
MT,GSM 2041
MT,GSM 2050
MT,GSM 2051
MT,GSM 2055
MT,GSM 2065
MT,GSM 2067
MT,GSM 2080
MT,GSM 2081
MT,GSM 2091
MT,GSM 2200
MT,GSM 2270
MT,GSM 2280
MT,GSM 2290
MT,GSM 2400
MT,GSM 2411
MT,GSM 2413
MT,GSM 2420
MT,GSM 2421
MT,GSM 2480
MT,GSM 2481
MT,GSM 2482
MT,GSM 9010
MT,GSM 9011
MT,GSM 9012
MT,GSM 9013
MT,GSM 9014
MT,GSM 9015
MT,GSM 9016
MT,GSM 9017
MT,GSM 9018
MT,GSM 9019
MT,GSM 9022
MT,GSM 9024
MT,GSM 9025
MT,GSM 9026
MT,GSM 9027
MT,GSM 9030
MT,GSM 9031
MT,GSM 9033
MT,GSM 9034
MT,GSM 9041
MT,GSM 9053
MT,GSR 1011
MT,GSR 1012
MT,GSR 1013
MT,GSR 1020
MT,GSR 1021
MT,GSR 1022
MT,GSR 1023
MT,GSR 1030
MT,GSR 1031
MT,GSR 1040
MT,GSR 1041
MT,GSR 1051
MT,GSR 1060
MT,GSR 1090
MT,GSR 1100
MT,GSR 1101
MT,GSR 1102
MT,GSR 1103
MT,GSR 1104
MT,GSR 1107
MT,GSR 1111
MT,GSR 1120
MT,GSR 1130
MT,GSR 1140
MT,GSR 1141
MT,GSR 1145
MT,GSR 1150
MT,GSR 1152
MT,GSR 1153
MT,GSR 1154
MT,GSR 1155
MT,GSR 1200
MT,GSR 1201
MT,GSR 1202
MT,GSR 1203
MT,GSR 1205
MT,GSR 1206
MT,GSR 1207
MT,GSR 1208
MT,GSR 1209
MT,GSR 1210
MT,GSR 1250
MT,GSR 1251
MT,GSR 1252
MT,GSR 1253
MT,GSR 1300
MT,GSR 1301
MT,GSR 1302
MT,GSR 1303
MT,GSR 1304
MT,GSR 1306
MT,GSR 1307
MT,GSR 1312
MT,GSR 1313
MT,GSR 1320
MT,GSR 1321
MT,GSR 1330
MT,GSR 1340
MT,GSR 1350
MT,GSR 2961
MT,GSR 2962
MT,GXQ 1010
MT,GXQ 1013
MT,GXQ 1014
MT,GXQ 1015
MT,GXQ 1016
MT,GXQ 1017
MT,GXQ 1020
MT,GXQ 1021
MT,GXQ 1022
MT,GXQ 1023
MT,GXQ 1024
MT,GXQ 1025
MT,GXQ 1030
MT,GXQ 1031
MT,GXQ 1032
MT,GXQ 1040
MT,GXQ 1042
MT,GXQ 1043
MT,GXQ 1044
MT,GXQ 1052
MT,GXQ 1053
MT,GXQ 1054
MT,GXQ 1055
MT,GXQ 1060
MT,GXQ 1061
MT,GXQ 1062
MT,GXQ 1063
MT,GXQ 1070
MT,GXQ 1071
MT,GXQ 1072
MT,GXQ 1073
MT,GXQ 1075
MT,GXQ 1076
MT,GXQ 1077
MT,GXQ 1078
MT,GXQ 1079
MT,GXQ 1081
MT,GXQ 1083
MT,GXQ 1092
MT,GXQ 1093
MT,GXQ 1100
MT,GXQ 1101
MT,GXQ 1102
MT,GXQ 1110
MT,GXQ 1111
MT,GXQ 1113
MT,GXQ 1121
MT,GXQ 1130
MT,GXQ 1140
MT,GXQ 1141
MT,GXQ 1150
MT,GXQ 1151
MT,GXQ 1161
MT,GXQ 1162
MT,GXQ 1163
MT,GXQ 1170
MT,GXQ 1171
MT,GXQ 1180
MT,GXQ 1182
MT,GXQ 1183
MT,GXQ 1184
MT,GXQ 1186
MT,GXQ 1187
MT,GXQ 1190
MT,GXQ 1192
MT,GXQ 1200
MT,GXQ 1202
MT,GXQ 1203
MT,GXQ 1204
MT,GXQ 1205
MT,GXQ 1206
MT,GXQ 1207
MT,GXQ 1210
MT,GXQ 1220
MT,GXQ 1221
MT,GXQ 1230
MT,GXQ 1231
MT,GXQ 1232
MT,GXQ 1233
MT,GXQ 1240
MT,GXQ 1241
MT,GXQ 1242
MT,GXQ 1250
MT,GXQ 1252
MT,GXQ 1253
MT,GXQ 1254
MT,GXQ 1255
MT,GXQ 1260
MT,GXQ 1300
MT,GXQ 1301
MT,GXQ 1310
MT,GXQ 1312
MT,GXQ 1314
MT,GXQ 1321
MT,GXQ 1330
MT,GXQ 1331
MT,GXQ 1332
MT,GXQ 1333
MT,GXQ 1340
MT,GXQ 1341
MT,GXQ 1343
MT,GXQ 1350
MT,GXQ 1360
MT,GXQ 1361
MT,GXQ 1362
MT,GXQ 1363
MT,GXQ 1381
MT,GXQ 1383
MT,GXQ 1384
MT,GXQ 1385
MT,GXQ 1387
MT,GXQ 1389
MT,GXQ 1394
MT,GXQ 1400
MT,GXQ 1401
MT,GXQ 1402
MT,GXQ 1403
MT,GXQ 1404
MT,GXQ 1480
MT,GXQ 1500
MT,GXQ 1501
MT,GXQ 1511
MT,GXQ 1512
MT,GXQ 1515
MT,GXQ 1519
MT,GXQ 1520
MT,GXQ 1521
MT,GXQ 1530
MT,GXQ 1532
MT,GXQ 1534
MT,GXQ 1541
MT,GXQ 1554
MT,GXQ 1560
MT,GXQ 1561
MT,GXQ 1562
MT,GXQ 1571
MT,GXQ 1583
MT,GXQ 1600
MT,GXQ 1601
MT,GXQ 1611
MT,GXQ 1613
MT,GXQ 1620
MT,GXQ 1621
MT,GXQ 1622
MT,GXQ 1623
MT,GXQ 1630
MT,GXQ 1631
MT,GXQ 1632
MT,GXQ 1633
MT,GXQ 1634
MT,GXQ 1635
MT,GXQ 1636
MT,GXQ 1650
MT,GXQ 1651
MT,GXQ 1660
MT,GXQ 1661
MT,GXQ 1662
MT,GXQ 1663
MT,GXQ 1664
MT,GXQ 1665
MT,GXQ 1700
MT,GXQ 1701
MT,GXQ 1702
MT,GXQ 1703
MT,GXQ 1710
MT,GXQ 1711
MT,GXQ 1712
MT,GXQ 1713
MT,GXQ 1714
MT,GXQ 1715
MT,GXQ 1716
MT,GXQ 1717
MT,GXQ 1718
MT,GXQ 1719
MT,GXQ 1720
MT,GXQ 1721
MT,GXQ 1730
MT,GXQ 1731
MT,GXQ 1751
MT,GXQ 1752
MT,GXQ 1761
MT,GXQ 1771
MT,GXQ 1780
MT,GXQ 1781
MT,GXQ 1782
MT,GXQ 1783
MT,GXQ 1790
MT,GXQ 1791
MT,GXQ 1800
MT,GXQ 1801
MT,GXQ 1802
MT,GXQ 1803
MT,GXQ 1804
MT,GXQ 1805
MT,GXQ 1810
MT,GXQ 1812
MT,GXQ 1813
MT,GXQ 1814
MT,GXQ 1820
MT,GXQ 1821
MT,GXQ 1822
MT,GXQ 1824
MT,GXQ 1830
MT,GXQ 1831
MT,GXQ 1832
MT,GXQ 1833
MT,GXQ 1834
MT,GXQ 1835
MT,GXQ 1836
MT,GXQ 1840
MT,GXQ 1841
MT,GXQ 1842
MT,GXQ 1843
MT,GXQ 1850
MT,GXQ 1851
MT,GXQ 1852
MT,GXQ 1854
MT,GXQ 1864
MT,GXQ 1865
MT,GXQ 1870
MT,GXQ 1871
MT,GXQ 1872
MT,GXQ 1873
MT,GXQ 1874
MT,GXQ 1875
MT,GXQ 1880
MT,GXQ 1890
MT,GXQ 1891
MT,GXQ 1892
MT,GXQ 1901
MT,GXQ 1902
MT,GXQ 1903
MT,GXQ 1904
MT,GXQ 1905
MT,GXQ 1906
MT,GXQ 1908
MT,GXQ 1910
MT,GXQ 1911
MT,GXQ 1920
MT,GXQ 1921
MT,GXQ 1930
MT,GXQ 1932
MT,GXQ 1933
MT,GXQ 1934
MT,GXQ 1940
MT,GXQ 1950
MT,GXQ 1951
MT,GXQ 1960
MT,GXQ 1961
MT,GXQ 1970
MT,GXQ 1971
MT,GXQ 1972
MT,GXQ 1973
MT,GXQ 1980
MT,GXQ 1990
MT,GXQ 2010
MT,GXQ 2011
MT,GXQ 2012
MT,GXQ 2013
MT,GXQ 2021
MT,GXQ 2022
MT,GXQ 2023
MT,GXQ 2030
MT,GXQ 2031
MT,GXQ 2032
MT,GXQ 2033
MT,GXQ 2035
MT,GXQ 2040
MT,GXQ 2041
MT,GXQ 2050
MT,GXQ 2051
MT,GXQ 2052
MT,GXQ 2053
MT,GXQ 2061
MT,GXQ 2062
MT,GXQ 2070
MT,GXQ 2071
MT,GXQ 2100
MT,GXQ 2101
MT,GXQ 2102
MT,GXQ 2103
MT,GXQ 2104
MT,GXQ 2105
MT,GXQ 2106
MT,GXQ 2107
MT,GXQ 2108
MT,GXQ 2109
MT,GXQ 2111
MT,GXQ 2120
MT,GXQ 2131
MT,GXQ 2140
MT,GXQ 2141
MT,GXQ 2150
MT,GXQ 2151
MT,GXQ 2160
MT,GXQ 2161
MT,GXQ 2162
MT,GXQ 2163
MT,GXQ 2170
MT,GXQ 2171
MT,GXQ 2172
MT,GXQ 2173
MT,GXQ 2174
MT,GXQ 2175
MT,GXQ 2177
MT,GXQ 2180
MT,GXQ 2181
MT,GXQ 2182
MT,GXQ 2183
MT,GXQ 2184
MT,GXQ 2185
MT,GXQ 2190
MT,GXQ 2191
MT,GXQ 2200
MT,GXQ 2201
MT,GXQ 2202
MT,GXQ 2203
MT,GXQ 2211
MT,GXQ 2213
MT,GXQ 2220
MT,GXQ 2221
MT,GXQ 2222
MT,GXQ 2230
MT,GXQ 2242
MT,GXQ 2243
MT,GXQ 2244
MT,GXQ 2247
MT,GXQ 2248
MT,GXQ 2251
MT,GXQ 2253
MT,GXQ 2270
MT,GXQ 2281
MT,GXQ 2290
MT,GXQ 2300
MT,GXQ 2301
MT,GXQ 2310
MT,GXQ 2311
MT,GXQ 2320
MT,GXQ 2321
MT,GXQ 2322
MT,GXQ 2323
MT,GXQ 2324
MT,GXQ 2325
MT,GXQ 2330
MT,GXQ 2331
MT,GXQ 2340
MT,GXQ 2341
MT,GXQ 2350
MT,GXQ 2351
MT,GXQ 2360
MT,GXQ 2361
MT,GXQ 2363
MT,GXQ 2371
MT,GXQ 2373
MT,GXQ 2375
MT,GXQ 2390
MT,GXQ 2391
MT,GXQ 2400
MT,GXQ 2401
MT,GXQ 2800
MT,GXQ 2901
MT,GXQ 2902
MT,GXQ 2903
MT,GXQ 9010
MT,GXQ 9011
MT,GXQ 9012
MT,GXQ 9013
MT,GXQ 9014
MT,GXQ 9015
MT,GXQ 9016
MT,GXQ 9017
MT,GXQ 9018
MT,GXQ 9020
MT,GXQ 9021
MT,GXQ 9022
MT,GXQ 9040
MT,GXQ 9042
MT,GXQ 9044
MT,GXQ 9050
MT,GZR 1000
MT,GZR 1010
MT,GZR 1011
MT,GZR 1012
MT,GZR 1013
MT,GZR 1014
MT,GZR 1015
MT,GZR 1016
MT,GZR 1017
MT,GZR 1018
MT,GZR 1019
MT,GZR 1020
MT,GZR 1022
MT,GZR 1023
MT,GZR 1024
MT,GZR 1025
MT,GZR 1026
MT,GZR 1027
MT,GZR 1028
MT,GZR 1029
MT,GZR 1030
MT,GZR 1032
MT,GZR 1033
MT,GZR 1034
MT,GZR 1035
MT,GZR 1036
MT,GZR 1037
MT,GZR 1038
MT,GZR 1039
MT,GZR 1040
MT,GZR 1041
MT,GZR 1042
MT,GZR 1043
MT,GZR 1044
MT,GZR 1045
MT,GZR 1046
MT,GZR 1047
MT,GZR 1049
MT,GZR 1050
MT,GZR 1051
MT,GZR 1052
MT,GZR 1053
MT,GZR 1054
MT,GZR 1055
MT,GZR 1060
MT,GZR 1061
MT,GZR 1062
MT,GZR 1063
MT,GZR 1064
MT,GZR 1065
MT,GZR 1067
MT,GZR 1068
MT,GZR 1070
MT,GZR 1071
MT,GZR 1072
MT,GZR 1073
MT,GZR 1074
MT,GZR 1075
MT,GZR 1076
MT,GZR 1100
MT,GZR 1101
MT,GZR 1110
MT,GZR 1111
MT,GZR 1112
MT,GZR 1113
MT,GZR 1114
MT,GZR 1115
MT,GZR 1116
MT,GZR 1117
MT,GZR 1120
MT,GZR 1123
MT,GZR 1124
MT,GZR 1125
MT,GZR 1130
MT,GZR 1131
MT,GZR 1132
MT,GZR 1133
MT,GZR 1134
MT,GZR 1135
MT,GZR 1136
MT,GZR 1139
MT,GZR 1140
MT,GZR 1141
MT,GZR 1150
MT,GZR 1151
MT,GZR 1152
MT,GZR 1153
MT,GZR 1154
MT,GZR 1155
MT,GZR 1156
MT,GZR 1157
MT,GZR 1158
MT,GZR 1159
MT,GZR 1162
MT,GZR 1163
MT,GZR 1180
MT,GZR 1200
MT,GZR 1201
MT,GZR 1210
MT,GZR 1211
MT,GZR 1212
MT,GZR 1213
MT,GZR 1220
MT,GZR 1221
MT,GZR 1222
MT,GZR 1225
MT,GZR 1300
MT,GZR 1301
MT,GZR 1302
MT,GZR 1303
MT,GZR 1311
MT,GZR 1312
MT,GZR 1313
MT,GZR 1314
MT,GZR 1315
MT,GZR 1320
MT,GZR 1321
MT,GZR 1322
MT,GZR 1323
MT,GZR 1324
MT,GZR 1325
MT,GZR 1326
MT,GZR 1327
MT,GZR 1328
MT,GZR 1329
MT,GZR 1330
MT,GZR 1331
MT,GZR 1332
MT,GZR 1333
MT,GZR 1336
MT,GZR 1338
MT,GZR 1339
MT,GZR 1350
MT,GZR 1351
MT,GZR 1352
MT,GZR 1353
MT,GZR 1360
MT,GZR 1361
MT,GZR 1362
MT,GZR 1363
MT,GZR 1364
MT,GZR 1365
MT,GZR 1366
MT,GZR 1367
MT,GZR 1368
MT,GZR 1380
MT,GZR 1401
MT,GZR 1402
MT,GZR 1403
MT,GZR 1405
MT,GZR 1410
MT,GZR 1411
MT,GZR 1430
MT,GZR 1451
MT,GZR 1500
MT,GZR 1501
MT,GZR 1502
MT,GZR 1503
MT,GZR 1504
MT,GZR 1505
MT,GZR 1506
MT,GZR 1508
MT,GZR 1509
MT,GZR 1510
MT,GZR 1511
MT,GZR 1522
MT,GZR 1523
MT,GZR 1530
MT,GZR 1531
MT,GZR 1540
MT,GZR 1541
MT,GZR 1542
MT,GZR 1543
MT,GZR 1544
MT,GZR 1545
MT,GZR 1550
MT,GZR 1551
MT,GZR 1560
MT,GZR 1561
MT,GZR 1562
MT,GZR 1563
MT,GZR 1564
MT,GZR 1565
MT,GZR 1566
MT,GZR 1567
MT,GZR 1570
MT,GZR 1571
MT,GZR 1580
MT,GZR 1581
MT,GZR 1600
MT,GZR 1601
MT,GZR 1602
MT,GZR 1603
MT,GZR 1610
MT,GZR 1611
MT,GZR 1620
MT,GZR 1621
MT,GZR 1622
MT,GZR 1623
MT,GZR 1624
MT,GZR 1625
MT,GZR 1626
MT,GZR 1627
MT,GZR 1628
MT,GZR 1629
MT,GZR 1630
MT,GZR 1633
MT,GZR 1634
MT,GZR 1635
MT,GZR 1636
MT,GZR 1637
MT,GZR 1639
MT,GZR 1640
MT,GZR 1641
MT,GZR 1642
MT,GZR 1644
MT,GZR 1645
MT,GZR 1650
MT,GZR 1651
MT,GZR 1652
MT,GZR 1653
MT,GZR 1655
MT,GZR 1660
MT,GZR 1661
MT,GZR 1663
MT,GZR 1670
MT,GZR 1671
MT,GZR 1690
MT,GZR 1691
MT,GZR 1700
MT,GZR 1701
MT,GZR 1702
MT,GZR 1703
MT,GZR 1705
MT,GZR 1707
MT,GZR 1709
MT,GZR 1711
MT,GZR 1712
MT,GZR 1713
MT,GZR 1721
MT,GZR 1723
MT,GZR 1730
MT,GZR 1731
MT,GZR 3010
MT,GZR 3011
MT,GZR 3012
MT,GZR 3013
MT,GZR 3014
MT,GZR 3016
MT,GZR 3017
MT,GZR 3018
MT,GZR 3019
MT,GZR 9011
MT,HMR 1000
MT,HMR 1010
MT,HMR 1011
MT,HMR 1012
MT,HMR 1013
MT,HMR 1014
MT,HMR 1015
MT,HMR 1016
MT,HMR 1017
MT,HMR 1018
MT,HMR 1019
MT,HMR 1020
MT,HMR 1021
MT,HMR 1022
MT,HMR 1023
MT,HMR 1030
MT,HMR 1031
MT,HMR 1032
MT,HMR 1033
MT,HMR 1034
MT,HMR 1035
MT,HMR 1037
MT,HMR 1040
MT,HMR 1041
MT,HMR 1050
MT,HMR 1051
MT,HMR 1052
MT,HMR 1053
MT,HMR 1054
MT,HMR 1056
MT,HMR 1057
MT,HMR 1058
MT,HMR 1059
MT,HMR 1060
MT,HMR 1061
MT,HMR 1062
MT,HMR 1063
MT,HMR 1064
MT,HMR 1066
MT,HMR 1067
MT,HMR 1070
MT,HMR 1071
MT,HMR 1072
MT,HMR 1073
MT,HMR 1074
MT,HMR 1075
MT,HMR 1076
MT,HMR 1077
MT,HMR 1080
MT,HMR 1081
MT,HMR 1082
MT,HMR 1083
MT,HMR 1084
MT,HMR 1085
MT,HMR 1090
MT,HMR 1091
MT,HMR 1092
MT,HMR 1093
MT,HMR 1100
MT,HMR 1101
MT,HMR 1102
MT,HMR 1103
MT,HMR 1110
MT,HMR 1111
MT,HMR 1122
MT,HMR 1123
MT,HMR 1124
MT,HMR 1125
MT,HMR 1126
MT,HMR 1127
MT,HMR 1128
MT,HMR 1129
MT,HMR 1130
MT,HMR 1131
MT,HMR 1132
MT,HMR 1133
MT,HMR 1134
MT,HMR 1135
MT,HMR 1136
MT,HMR 1140
MT,HMR 1141
MT,HMR 1142
MT,HMR 1143
MT,HMR 1150
MT,HMR 1160
MT,HMR 1161
MT,HMR 1162
MT,HMR 1163
MT,HMR 1180
MT,HMR 1181
MT,HMR 1182
MT,HMR 1183
MT,HMR 1190
MT,HMR 1191
MT,HMR 1192
MT,HMR 1193
MT,HMR 1201
MT,HMR 1203
MT,HMR 1210
MT,HMR 1211
MT,HMR 1220
MT,HMR 1221
MT,HMR 1231
MT,HMR 1233
MT,HMR 1235
MT,HMR 1240
MT,HMR 1241
MT,HMR 1242
MT,HMR 1260
MT,HMR 1262
MT,HMR 1263
MT,HMR 1270
MT,HMR 1271
MT,HMR 1273
MT,HMR 1280
MT,HMR 1281
MT,HMR 1300
MT,HMR 1303
MT,HMR 1304
MT,HMR 1305
MT,HMR 1312
MT,HMR 1313
MT,HMR 1314
MT,HMR 1315
MT,HMR 1316
MT,HMR 1317
MT,HMR 1318
MT,HMR 1319
MT,HMR 1321
MT,HMR 1322
MT,HMR 1323
MT,HMR 1324
MT,HMR 1325
MT,HMR 1330
MT,HMR 1331
MT,HMR 1332
MT,HMR 1333
MT,HMR 1334
MT,HMR 1335
MT,HMR 1336
MT,HMR 1337
MT,HMR 1338
MT,HMR 1339
MT,HMR 1342
MT,HMR 1343
MT,HMR 1350
MT,HMR 1351
MT,HMR 1352
MT,HMR 1353
MT,HMR 1360
MT,HMR 1361
MT,HMR 1362
MT,HMR 1363
MT,HMR 1364
MT,HMR 1365
MT,HMR 1366
MT,HMR 1367
MT,HMR 1368
MT,HMR 1369
MT,HMR 1370
MT,HMR 1371
MT,HMR 1380
MT,HMR 1381
MT,HMR 1382
MT,HMR 1383
MT,HMR 1390
MT,HMR 1391
MT,HMR 1392
MT,HMR 1393
MT,HMR 1394
MT,HMR 1395
MT,HMR 1400
MT,HMR 1401
MT,HMR 1410
MT,HMR 1411
MT,HMR 1413
MT,HMR 1420
MT,HMR 1422
MT,HMR 1423
MT,HMR 1430
MT,HMR 1431
MT,HMR 1432
MT,HMR 1433
MT,HMR 1434
MT,HMR 1435
MT,HMR 1440
MT,HMR 1441
MT,HMR 1450
MT,HMR 1451
MT,HMR 1461
MT,HMR 1463
MT,HMR 1464
MT,HMR 1465
MT,HMR 1470
MT,HMR 1481
MT,HMR 1483
MT,HMR 1490
MT,HMR 1491
MT,HMR 1500
MT,HMR 1501
MT,HMR 1511
MT,HMR 1512
MT,HMR 1513
MT,HMR 1514
MT,HMR 1515
MT,HMR 1520
MT,HMR 1521
MT,HMR 1523
MT,HMR 1524
MT,HMR 1530
MT,HMR 1531
MT,HMR 1533
MT,HMR 1540
MT,HMR 1541
MT,HMR 1542
MT,HMR 1544
MT,HMR 1545
MT,HMR 1550
MT,HMR 1551
MT,HMR 1552
MT,HMR 1553
MT,HMR 1555
MT,HMR 1556
MT,HMR 1557
MT,HMR 1560
MT,HMR 1561
MT,HMR 1570
MT,HMR 1571
MT,HMR 1572
MT,HMR 1574
MT,HMR 1575
MT,HMR 1576
MT,HMR 1577
MT,HMR 1579
MT,HMR 1580
MT,HMR 1600
MT,HMR 1602
MT,HMR 1603
MT,HMR 1604
MT,HMR 1605
MT,HMR 1606
MT,HMR 1610
MT,HMR 1611
MT,HMR 1613
MT,HMR 1615
MT,HMR 1616
MT,HMR 1620
MT,HMR 1621
MT,HMR 1622
MT,HMR 1623
MT,HMR 1630
MT,HMR 1631
MT,HMR 1632
MT,HMR 1633
MT,HMR 1640
MT,HMR 1641
MT,HMR 1680
MT,HMR 1700
MT,HMR 1701
MT,HMR 1711
MT,HMR 1712
MT,HMR 1713
MT,HMR 1715
MT,HMR 1716
MT,HMR 1717
MT,HMR 1718
MT,HMR 1719
MT,HMR 1720
MT,HMR 1730
MT,HMR 1731
MT,HMR 1740
MT,HMR 1741
MT,HMR 1751
MT,HMR 1753
MT,HMR 1760
MT,HMR 1770
MT,HMR 1771
MT,HMR 1781
MT,HMR 1782
MT,HMR 1783
MT,HMR 1800
MT,HMR 1801
MT,HMR 1802
MT,HMR 1803
MT,HMR 1810
MT,HMR 1811
MT,HMR 1820
MT,HMR 1821
MT,HMR 1822
MT,HMR 1823
MT,HMR 1830
MT,HMR 1831
MT,HMR 1840
MT,HMR 1841
MT,HMR 1842
MT,HMR 1843
MT,HMR 1850
MT,HMR 1852
MT,HMR 1854
MT,HMR 1855
MT,HMR 1856
MT,HMR 1857
MT,HMR 1858
MT,HMR 1859
MT,HMR 1870
MT,HMR 1871
MT,HMR 1872
MT,HMR 1873
MT,HMR 1880
MT,HMR 1881
MT,HMR 1890
MT,HMR 1891
MT,HMR 1892
MT,HMR 1893
MT,HMR 1900
MT,HMR 1901
MT,HMR 1902
MT,HMR 1910
MT,HMR 1911
MT,HMR 1912
MT,HMR 1913
MT,HMR 1914
MT,HMR 1915
MT,HMR 1920
MT,HMR 1921
MT,HMR 1922
MT,HMR 1923
MT,HMR 1924
MT,HMR 1925
MT,HMR 1926
MT,HMR 1927
MT,HMR 1928
MT,HMR 1929
MT,HMR 1930
MT,HMR 1931
MT,HMR 1940
MT,HMR 1941
MT,HMR 1950
MT,HMR 1951
MT,HMR 1952
MT,HMR 1953
MT,HMR 1961
MT,HMR 2010
MT,HMR 2011
MT,HMR 2012
MT,HMR 2013
MT,HMR 2014
MT,HMR 2015
MT,HMR 2020
MT,HMR 2021
MT,HMR 2022
MT,HMR 2023
MT,HMR 2024
MT,HMR 2025
MT,HMR 2030
MT,HMR 2031
MT,HMR 2032
MT,HMR 2033
MT,HMR 2034
MT,HMR 2035
MT,HMR 2040
MT,HMR 2042
MT,HMR 2043
MT,HMR 2050
MT,HMR 2051
MT,HMR 2052
MT,HMR 2053
MT,HMR 2054
MT,HMR 2055
MT,HMR 2056
MT,HMR 2057
MT,HMR 2060
MT,HMR 2061
MT,HMR 2062
MT,HMR 2063
MT,HMR 2064
MT,HMR 2065
MT,HMR 2066
MT,HMR 2100
MT,HMR 2101
MT,HMR 2102
MT,HMR 2103
MT,HMR 2110
MT,HMR 2111
MT,HMR 2112
MT,HMR 2113
MT,HMR 2114
MT,HMR 2115
MT,HMR 2120
MT,HMR 2121
MT,HMR 2122
MT,HMR 2123
MT,HMR 2124
MT,HMR 2125
MT,HMR 2127
MT,HMR 2128
MT,HMR 2129
MT,HMR 2130
MT,HMR 2131
MT,HMR 2132
MT,HMR 2133
MT,HMR 2140
MT,HMR 2141
MT,HMR 2142
MT,HMR 2143
MT,HMR 2150
MT,HMR 2151
MT,HMR 2160
MT,HMR 2161
MT,HMR 2170
MT,HMR 2180
MT,HMR 2181
MT,HMR 2182
MT,HMR 2183
MT,HMR 2191
MT,HMR 2200
MT,HMR 2201
MT,HMR 2202
MT,HMR 2203
MT,HMR 2210
MT,HMR 2211
MT,HMR 2212
MT,HMR 2213
MT,HMR 2220
MT,HMR 2221
MT,HMR 2222
MT,HMR 2223
MT,HMR 2230
MT,HMR 2231
MT,HMR 2232
MT,HMR 2233
MT,HMR 2240
MT,HMR 2241
MT,HMR 2250
MT,HMR 2251
MT,HMR 2252
MT,HMR 2253
MT,HMR 2254
MT,HMR 2255
MT,HMR 2260
MT,HMR 2261
MT,HMR 2262
MT,HMR 2263
MT,HMR 2270
MT,HMR 2272
MT,HMR 2273
MT,HMR 2274
MT,HMR 2275
MT,HMR 2280
MT,HMR 2281
MT,HMR 2283
MT,HMR 2284
MT,HMR 2300
MT,HMR 2301
MT,HMR 2302
MT,HMR 2303
MT,HMR 2400
MT,HMR 9010
MT,HMR 9011
MT,HMR 9020
MT,IKL 1011
MT,IKL 1013
MT,IKL 1020
MT,IKL 1021
MT,IKL 1022
MT,IKL 1023
MT,IKL 1030
MT,IKL 1031
MT,IKL 1032
MT,IKL 1033
MT,IKL 1040
MT,IKL 1041
MT,IKL 1042
MT,IKL 1043
MT,IKL 1050
MT,IKL 1051
MT,IKL 1060
MT,IKL 1061
MT,IKL 1070
MT,IKL 1071
MT,IKL 1080
MT,IKL 1081
MT,IKL 1090
MT,IKL 1091
MT,IKL 1200
MT,IKL 1201
MT,IKL 1202
MT,IKL 1203
MT,IKL 1204
MT,IKL 1206
MT,IKL 1207
MT,IKL 1209
MT,IKL 1210
MT,IKL 1212
MT,IKL 1214
MT,IKL 1220
MT,IKL 1221
MT,IKL 1222
MT,IKL 1223
MT,IKL 1230
MT,IKL 1231
MT,IKL 1232
MT,IKL 1233
MT,IKL 1240
MT,IKL 1241
MT,IKL 1242
MT,IKL 1243
MT,IKL 1250
MT,IKL 1251
MT,IKL 1252
MT,IKL 1253
MT,IKL 1260
MT,IKL 1261
MT,IKL 1262
MT,IKL 1263
MT,IKL 1270
MT,IKL 1271
MT,IKL 1290
MT,IKL 1302
MT,IKL 1304
MT,IKL 1305
MT,IKL 1307
MT,IKL 1310
MT,IKL 1311
MT,IKL 1320
MT,IKL 1321
MT,IKL 1330
MT,IKL 1331
MT,IKL 1332
MT,IKL 1333
MT,IKL 1334
MT,IKL 1340
MT,IKL 1341
MT,IKL 1350
MT,IKL 1351
MT,IKL 1352
MT,IKL 1360
MT,IKL 1361
MT,IKL 1371
MT,IKL 1373
MT,IKL 1380
MT,IKL 1383
MT,IKL 1400
MT,IKL 1401
MT,IKL 1402
MT,IKL 1411
MT,IKL 1420
MT,IKL 1421
MT,IKL 1430
MT,IKL 1431
MT,IKL 1440
MT,IKL 1441
MT,IKL 1450
MT,IKL 1460
MT,IKL 1600
MT,IKL 1601
MT,IKL 1610
MT,IKL 1620
MT,IKL 1621
MT,IKL 1630
MT,IKL 1640
MT,IKL 1641
MT,IKL 1650
MT,IKL 1651
MT,IKL 1680
MT,IKL 1681
MT,IKL 1800
MT,IKL 1801
MT,IKL 1802
MT,IKL 1803
MT,IKL 1804
MT,IKL 1805
MT,IKL 1806
MT,IKL 1807
MT,IKL 1808
MT,IKL 1809
MT,IKL 1810
MT,IKL 1812
MT,IKL 1813
MT,IKL 1814
MT,IKL 1815
MT,IKL 1820
MT,IKL 1821
MT,IKL 1822
MT,IKL 1823
MT,IKL 1830
MT,IKL 1832
MT,IKL 1833
MT,IKL 1840
MT,IKL 1842
MT,IKL 1850
MT,IKL 1880
MT,IKL 1890
MT,IKL 1900
MT,IKL 1901
MT,IKL 1910
MT,IKL 1911
MT,IKL 1930
MT,IKL 1931
MT,IKL 1940
MT,IKL 1950
MT,IKL 1951
MT,IKL 1952
MT,IKL 1953
MT,IKL 1955
MT,IKL 1956
MT,IKL 1957
MT,IKL 1958
MT,IKL 1959
MT,IKL 1960
MT,IKL 1961
MT,IKL 1980
MT,IKL 2112
MT,IKL 2900
MT,IKL 2901
MT,IKL 2902
MT,IKL 2903
MT,IKL 2904
MT,IKL 2905
MT,IKL 9011
MT,IKL 9013
MT,IKL 9015
MT,IKL 9020
MT,IKL 9022
MT,IKL 9024
MT,IKL 9026
MT,IKL 9030
MT,IKL 9031
MT,IKL 9032
MT,IKL 9033
MT,ISL 1030
MT,ISL 1031
MT,ISL 1032
MT,ISL 1040
MT,ISL 1041
MT,ISL 1050
MT,ISL 1051
MT,ISL 1053
MT,ISL 1055
MT,ISL 1056
MT,ISL 1057
MT,ISL 1058
MT,ISL 1059
MT,ISL 1060
MT,ISL 1062
MT,ISL 1063
MT,ISL 1070
MT,ISL 1071
MT,ISL 1081
MT,ISL 1082
MT,ISL 1083
MT,ISL 1100
MT,ISL 1101
MT,ISL 1110
MT,ISL 1111
MT,ISL 1112
MT,ISL 1113
MT,ISL 1114
MT,ISL 1116
MT,ISL 1117
MT,ISL 1118
MT,ISL 1120
MT,ISL 1121
MT,ISL 1122
MT,ISL 1123
MT,ISL 1124
MT,ISL 1125
MT,ISL 1126
MT,ISL 1127
MT,ISL 1128
MT,ISL 1129
MT,ISL 1130
MT,ISL 1131
MT,ISL 1132
MT,ISL 1133
MT,ISL 1134
MT,ISL 1135
MT,ISL 1136
MT,ISL 1137
MT,ISL 1138
MT,ISL 1139
MT,ISL 1140
MT,ISL 1141
MT,ISL 1142
MT,ISL 1143
MT,ISL 1144
MT,ISL 1145
MT,ISL 1146
MT,ISL 1150
MT,ISL 1151
MT,ISL 1152
MT,ISL 1153
MT,ISL 1154
MT,ISL 1155
MT,ISL 1156
MT,ISL 1157
MT,ISL 1158
MT,ISL 1159
MT,ISL 1160
MT,ISL 1161
MT,ISL 1162
MT,ISL 1163
MT,ISL 1164
MT,ISL 1166
MT,ISL 1167
MT,ISL 1168
MT,ISL 1169
MT,ISL 1171
MT,ISL 1172
MT,ISL 1173
MT,ISL 1174
MT,ISL 1175
MT,ISL 1176
MT,ISL 1177
MT,ISL 1180
MT,ISL 1181
MT,ISL 1182
MT,ISL 1190
MT,ISL 1191
MT,ISL 1200
MT,ISL 1201
MT,ISL 1202
MT,ISL 1203
MT,ISL 1204
MT,ISL 1205
MT,ISL 1206
MT,ISL 1207
MT,ISL 1208
MT,ISL 1209
MT,ISL 1210
MT,ISL 1211
MT,ISL 1212
MT,ISL 1213
MT,ISL 1220
MT,ISL 1221
MT,ISL 1222
MT,ISL 1223
MT,ISL 1224
MT,ISL 1225
MT,ISL 1226
MT,ISL 1228
MT,ISL 1229
MT,ISL 1230
MT,ISL 1231
MT,ISL 1232
MT,ISL 1233
MT,ISL 1234
MT,ISL 1235
MT,ISL 1236
MT,ISL 1240
MT,ISL 1241
MT,ISL 1250
MT,ISL 1251
MT,ISL 1253
MT,ISL 1260
MT,ISL 1261
MT,ISL 1262
MT,ISL 1263
MT,ISL 1269
MT,ISL 1280
MT,ISL 1300
MT,ISL 1301
MT,ISL 1302
MT,ISL 1303
MT,ISL 1311
MT,ISL 1312
MT,ISL 1320
MT,ISL 1321
MT,ISL 1322
MT,ISL 1323
MT,ISL 1324
MT,ISL 1325
MT,ISL 1326
MT,ISL 1327
MT,ISL 1328
MT,ISL 1329
MT,ISL 1330
MT,ISL 1332
MT,ISL 1333
MT,ISL 1350
MT,ISL 1351
MT,ISL 1352
MT,ISL 1353
MT,ISL 1354
MT,ISL 1355
MT,ISL 1356
MT,ISL 1357
MT,ISL 1358
MT,ISL 1359
MT,ISL 1360
MT,ISL 1370
MT,ISL 1371
MT,ISL 1400
MT,ISL 1401
MT,ISL 1410
MT,ISL 1411
MT,ISL 1420
MT,ISL 1421
MT,ISL 1430
MT,ISL 1431
MT,ISL 1432
MT,ISL 1433
MT,ISL 1434
MT,ISL 1435
MT,ISL 1436
MT,ISL 1437
MT,ISL 1441
MT,ISL 1442
MT,ISL 1450
MT,ISL 1451
MT,ISL 1452
MT,ISL 1453
MT,ISL 1454
MT,ISL 1456
MT,ISL 1457
MT,ISL 1460
MT,ISL 1461
MT,ISL 1462
MT,ISL 1463
MT,ISL 1464
MT,ISL 1465
MT,ISL 1466
MT,ISL 1468
MT,ISL 1500
MT,ISL 1510
MT,ISL 1511
MT,ISL 1512
MT,ISL 1513
MT,ISL 1514
MT,ISL 1515
MT,ISL 1530
MT,ISL 1531
MT,ISL 1532
MT,ISL 1533
MT,ISL 1534
MT,ISL 1536
MT,ISL 1537
MT,ISL 1540
MT,ISL 1541
MT,ISL 1551
MT,ISL 1560
MT,ISL 1561
MT,KCM 1010
MT,KCM 1011
MT,KCM 1013
MT,KCM 1014
MT,KCM 1015
MT,KCM 1021
MT,KCM 1030
MT,KCM 1040
MT,KCM 1041
MT,KCM 1050
MT,KCM 1051
MT,KCM 1052
MT,KCM 1053
MT,KCM 1063
MT,KCM 1070
MT,KCM 1071
MT,KCM 1080
MT,KCM 1081
MT,KCM 1082
MT,KCM 1083
MT,KCM 1100
MT,KCM 1101
MT,KCM 1110
MT,KCM 1111
MT,KCM 1112
MT,KCM 1113
MT,KCM 1114
MT,KCM 1115
MT,KCM 1120
MT,KCM 1121
MT,KCM 1123
MT,KCM 1124
MT,KCM 1125
MT,KCM 1130
MT,KCM 1131
MT,KCM 1141
MT,KCM 1143
MT,KCM 1144
MT,KCM 1145
MT,KCM 1154
MT,KCM 1155
MT,KCM 1156
MT,KCM 1157
MT,KCM 1160
MT,KCM 1161
MT,KCM 1162
MT,KCM 1163
MT,KCM 1170
MT,KCM 1180
MT,KCM 1181
MT,KCM 1190
MT,KCM 1191
MT,KCM 1192
MT,KCM 1193
MT,KCM 1195
MT,KCM 1200
MT,KCM 1201
MT,KCM 1202
MT,KCM 1210
MT,KCM 1220
MT,KCM 1221
MT,KCM 1230
MT,KCM 1231
MT,KCM 1232
MT,KCM 1233
MT,KCM 1234
MT,KCM 1235
MT,KCM 1240
MT,KCM 1241
MT,KCM 1250
MT,KCM 1251
MT,KCM 1252
MT,KCM 1253
MT,KCM 1254
MT,KCM 1260
MT,KCM 1261
MT,KCM 1262
MT,KCM 1264
MT,KCM 1265
MT,KCM 1280
MT,KCM 1281
MT,KCM 1300
MT,KCM 1301
MT,KCM 1302
MT,KCM 1310
MT,KCM 1311
MT,KCM 1312
MT,KCM 1313
MT,KCM 1314
MT,KCM 1315
MT,KCM 1321
MT,KCM 1323
MT,KCM 1331
MT,KCM 1340
MT,KCM 1341
MT,KCM 1343
MT,KCM 1350
MT,KCM 1352
MT,KCM 1360
MT,KCM 1361
MT,KCM 1401
MT,KCM 1403
MT,KCM 1410
MT,KCM 1411
MT,KCM 1412
MT,KCM 1413
MT,KCM 1420
MT,KCM 1421
MT,KCM 1422
MT,KCM 1423
MT,KCM 1424
MT,KCM 1425
MT,KCM 1427
MT,KCM 1430
MT,KCM 1431
MT,KCM 1433
MT,KCM 1700
MT,KCM 1701
MT,KCM 1702
MT,KCM 1704
MT,KCM 1721
MT,KCM 1900
MT,KCM 3010
MT,KCM 3011
MT,KCM 3012
MT,KCM 3013
MT,KCM 3014
MT,KCM 3015
MT,KCM 3016
MT,KCM 3017
MT,KCM 3020
MT,KCM 3021
MT,KCM 3040
MT,KCM 3041
MT,KCM 3042
MT,KCM 3050
MT,KCM 3052
MT,KCM 3060
MT,KCM 3061
MT,KCM 3062
MT,KCM 3063
MT,KCM 3065
MT,KCM 3100
MT,KCM 3101
MT,KCM 3110
MT,KCM 3111
MT,KCM 3121
MT,KCM 3140
MT,KCM 3141
MT,KCM 3151
MT,KCM 3200
MT,KCM 3201
MT,KCM 3202
MT,KCM 3203
MT,KCM 3210
MT,KCM 3221
MT,KCM 3300
MT,KCM 3301
MT,KCM 3302
MT,KCM 3303
MT,KCM 3310
MT,KCM 3500
MT,KCM 3501
MT,KCM 4010
MT,KCM 9010
MT,KCM 9011
MT,KKP 1010
MT,KKP 1011
MT,KKP 1021
MT,KKP 1022
MT,KKP 1023
MT,KKP 1031
MT,KKP 1040
MT,KKP 1041
MT,KKP 1042
MT,KKP 1043
MT,KKP 1050
MT,KKP 1051
MT,KKP 1060
MT,KKP 1061
MT,KKP 1062
MT,KKP 1063
MT,KKP 1071
MT,KKP 1080
MT,KKP 1081
MT,KKP 1090
MT,KKP 1100
MT,KKP 1101
MT,KKP 1102
MT,KKP 1104
MT,KKP 1110
MT,KKP 1111
MT,KKP 1112
MT,KKP 1113
MT,KKP 1124
MT,KKP 1130
MT,KKP 1131
MT,KKP 1150
MT,KKP 1151
MT,KKP 1160
MT,KKP 1162
MT,KKP 1170
MT,KKP 1171
MT,KKP 1180
MT,KKP 1181
MT,KKP 1210
MT,KKP 1211
MT,KKP 1212
MT,KKP 1213
MT,KKP 1214
MT,KKP 1216
MT,KKP 1217
MT,KKP 1218
MT,KKP 1219
MT,KKP 1220
MT,KKP 1221
MT,KKP 1230
MT,KKP 1231
MT,KKP 1240
MT,KKP 1241
MT,KKP 1242
MT,KKP 1243
MT,KKP 1244
MT,KKP 1245
MT,KKP 1246
MT,KKP 1247
MT,KKP 1248
MT,KKP 1249
MT,KKP 1250
MT,KKP 1251
MT,KKP 1252
MT,KKP 1260
MT,KKP 1261
MT,KKP 1270
MT,KKP 1271
MT,KKP 1291
MT,KKP 1300
MT,KKP 1301
MT,KKP 1302
MT,KKP 1311
MT,KKP 1320
MT,KKP 1322
MT,KKP 1330
MT,KKP 1341
MT,KKP 1351
MT,KKP 1360
MT,KKP 1361
MT,KKP 1370
MT,KKP 1371
MT,KKP 1502
MT,KKP 1503
MT,KKP 1504
MT,KKP 1505
MT,KKP 1506
MT,KKP 1507
MT,KKP 1508
MT,KKP 1509
MT,KKP 1510
MT,KKP 1511
MT,KKP 1512
MT,KKP 1513
MT,KKP 1520
MT,KKP 1521
MT,KKP 1522
MT,KKP 1523
MT,KKP 1525
MT,KKP 1526
MT,KKP 1527
MT,KKP 1528
MT,KKP 1529
MT,KKP 1530
MT,KKP 1531
MT,KKP 1532
MT,KKP 1533
MT,KKP 1544
MT,KKP 1551
MT,KKP 1571
MT,KKP 1590
MT,KKP 1591
MT,KKP 1601
MT,KKP 1603
MT,KKP 1605
MT,KKP 1610
MT,KKP 1611
MT,KKP 1612
MT,KKP 1613
MT,KKP 1614
MT,KKP 1615
MT,KKP 1616
MT,KKP 1617
MT,KKP 1630
MT,KKP 1631
MT,KKP 1650
MT,KKP 1651
MT,KKP 1701
MT,KKP 1703
MT,KKP 1705
MT,KKP 1709
MT,KKP 1710
MT,KKP 1711
MT,KKP 1720
MT,KKP 1721
MT,KKP 1722
MT,KKP 1723
MT,KKP 1724
MT,KKP 1725
MT,KKP 1726
MT,KKP 1727
MT,KKP 1730
MT,KKP 1731
MT,KKP 1740
MT,KKP 1741
MT,KKP 1742
MT,KKP 1743
MT,KKP 1750
MT,KKP 1751
MT,KKP 1761
MT,KKP 1762
MT,KKP 1770
MT,KKP 1771
MT,KKP 1790
MT,KKP 1791
MT,KKP 1792
MT,KKP 1793
MT,KKP 1801
MT,KKP 1805
MT,KKP 1810
MT,KKP 1811
MT,KKP 1812
MT,KKP 1813
MT,KKP 1814
MT,KKP 1815
MT,KKP 1861
MT,KKP 1870
MT,KKP 1871
MT,KKP 1900
MT,KKP 1901
MT,KKP 1902
MT,KKP 1903
MT,KKP 1910
MT,KKP 1911
MT,KKP 1913
MT,KKP 9010
MT,KKP 9011
MT,KKP 9012
MT,KKP 9013
MT,KKP 9022
MT,KKP 9041
MT,KKP 9042
MT,KKP 9044
MT,KKP 9050
MT,KKP 9080
MT,KKR 1010
MT,KKR 1012
MT,KKR 1013
MT,KKR 1014
MT,KKR 1015
MT,KKR 1020
MT,KKR 1021
MT,KKR 1022
MT,KKR 1030
MT,KKR 1031
MT,KKR 1032
MT,KKR 1033
MT,KKR 1034
MT,KKR 1035
MT,KKR 1036
MT,KKR 1037
MT,KKR 1038
MT,KKR 1040
MT,KKR 1050
MT,KKR 1051
MT,KKR 1060
MT,KKR 1061
MT,KKR 1062
MT,KKR 1063
MT,KKR 1064
MT,KKR 1065
MT,KKR 1070
MT,KKR 1072
MT,KKR 1073
MT,KKR 1080
MT,KKR 1082
MT,KKR 1100
MT,KKR 1102
MT,KKR 1103
MT,KKR 1104
MT,KKR 1105
MT,KKR 1106
MT,KKR 1107
MT,KKR 1108
MT,KKR 1110
MT,KKR 1111
MT,KKR 1120
MT,KKR 1122
MT,KKR 1130
MT,KKR 1131
MT,KKR 1132
MT,KKR 1133
MT,KKR 1140
MT,KKR 1141
MT,KKR 1151
MT,KKR 1152
MT,KKR 1153
MT,KKR 1160
MT,KKR 1161
MT,KKR 1162
MT,KKR 1163
MT,KKR 1171
MT,KKR 1180
MT,KKR 1181
MT,KKR 1182
MT,KKR 1183
MT,KKR 1184
MT,KKR 1186
MT,KKR 1187
MT,KKR 1188
MT,KKR 1189
MT,KKR 1201
MT,KKR 1210
MT,KKR 1211
MT,KKR 1212
MT,KKR 1220
MT,KKR 1221
MT,KKR 1230
MT,KKR 1231
MT,KKR 1232
MT,KKR 1233
MT,KKR 1234
MT,KKR 1235
MT,KKR 1236
MT,KKR 1237
MT,KKR 1250
MT,KKR 1251
MT,KKR 1252
MT,KKR 1271
MT,KKR 1280
MT,KKR 1281
MT,KKR 1301
MT,KKR 1310
MT,KKR 1311
MT,KKR 1323
MT,KKR 1331
MT,KKR 1340
MT,KKR 1341
MT,KKR 1342
MT,KKR 1344
MT,KKR 1350
MT,KKR 1351
MT,KKR 1360
MT,KKR 1370
MT,KKR 1380
MT,KKR 1390
MT,KKR 1400
MT,KKR 1501
MT,KKR 1502
MT,KKR 1503
MT,KKR 1504
MT,KKR 1510
MT,KKR 1511
MT,KKR 1513
MT,KKR 1530
MT,KKR 1531
MT,KKR 1540
MT,KKR 1541
MT,KKR 1550
MT,KKR 1551
MT,KKR 1560
MT,KKR 1561
MT,KKR 1563
MT,KKR 1570
MT,KKR 1580
MT,KKR 1581
MT,KKR 1590
MT,KKR 1591
MT,KKR 1592
MT,KKR 1593
MT,KKR 1605
MT,KKR 1606
MT,KKR 1607
MT,KKR 1608
MT,KKR 1612
MT,KKR 1615
MT,KKR 1618
MT,KKR 1619
MT,KKR 1620
MT,KKR 1701
MT,KKR 1703
MT,KKR 1705
MT,KKR 1707
MT,KKR 1709
MT,KKR 1740
MT,KKR 1741
MT,KKR 1750
MT,KKR 1751
MT,KKR 1762
MT,KKR 1763
MT,KKR 1764
MT,KKR 1765
MT,KKR 1766
MT,KKR 1767
MT,KKR 1770
MT,KKR 1771
MT,KKR 1780
MT,KKR 1801
MT,KKR 1802
MT,KKR 1803
MT,KKR 1810
MT,KKR 1860
MT,KKR 1861
MT,KKR 1900
MT,KKR 1910
MT,KKR 1920
MT,KKR 1921
MT,KKR 1931
MT,KKR 1932
MT,KKR 1933
MT,KKR 1934
MT,KKR 1935
MT,KKR 2300
MT,KKR 2302
MT,KKR 9040
MT,KKR 9062
MT,KKR 9063
MT,KKR 9065
MT,KMN 1010
MT,KMN 1030
MT,KMN 1040
MT,LJA 1011
MT,LJA 1012
MT,LJA 1013
MT,LJA 1015
MT,LJA 1016
MT,LJA 1017
MT,LJA 1018
MT,LJA 1019
MT,LJA 1021
MT,LJA 1023
MT,LJA 1030
MT,LJA 1031
MT,LJA 1033
MT,LJA 1034
MT,LJA 1040
MT,LJA 1050
MT,LJA 1051
MT,LJA 1052
MT,LJA 1053
MT,LJA 1054
MT,LJA 1055
MT,LJA 1056
MT,LJA 1059
MT,LJA 1061
MT,LJA 1070
MT,LJA 1080
MT,LJA 1090
MT,LJA 1100
MT,LJA 1101
MT,LJA 1103
MT,LJA 1104
MT,LJA 1110
MT,LJA 1112
MT,LJA 1113
MT,LJA 1114
MT,LJA 1116
MT,LJA 1118
MT,LJA 1130
MT,LJA 1140
MT,LJA 1141
MT,LJA 1142
MT,LJA 1143
MT,LJA 1150
MT,LJA 1151
MT,LJA 1152
MT,LJA 1153
MT,LJA 1162
MT,LJA 1163
MT,LJA 1164
MT,LJA 1165
MT,LJA 1170
MT,LJA 1171
MT,LJA 1172
MT,LJA 1176
MT,LJA 1181
MT,LJA 1200
MT,LJA 1201
MT,LJA 1202
MT,LJA 1203
MT,LJA 1204
MT,LJA 1205
MT,LJA 1206
MT,LJA 1207
MT,LJA 1208
MT,LJA 1209
MT,LJA 1210
MT,LJA 1211
MT,LJA 1220
MT,LJA 1230
MT,LJA 1231
MT,LJA 1240
MT,LJA 1250
MT,LJA 1251
MT,LJA 1261
MT,LJA 1270
MT,LJA 1271
MT,LJA 1272
MT,LJA 1273
MT,LJA 1274
MT,LJA 1275
MT,LJA 1281
MT,LJA 1290
MT,LJA 1291
MT,LJA 1300
MT,LJA 1301
MT,LJA 1311
MT,LJA 1312
MT,LJA 1321
MT,LJA 1322
MT,LJA 1323
MT,LJA 1324
MT,LJA 1325
MT,LJA 1330
MT,LJA 1331
MT,LJA 1341
MT,LJA 1400
MT,LJA 1401
MT,LJA 1403
MT,LJA 1404
MT,LJA 1405
MT,LJA 1407
MT,LJA 1408
MT,LJA 1409
MT,LJA 1410
MT,LJA 1411
MT,LJA 1420
MT,LJA 1431
MT,LJA 1432
MT,LJA 1433
MT,LJA 1440
MT,LJA 1441
MT,LJA 1451
MT,LJA 1452
MT,LJA 1460
MT,LJA 1461
MT,LJA 1502
MT,LJA 1503
MT,LJA 1504
MT,LJA 1505
MT,LJA 1506
MT,LJA 1507
MT,LJA 1508
MT,LJA 1509
MT,LJA 1510
MT,LJA 1520
MT,LJA 1521
MT,LJA 1522
MT,LJA 1523
MT,LJA 1524
MT,LJA 1525
MT,LJA 1530
MT,LJA 1531
MT,LJA 1540
MT,LJA 1541
MT,LJA 1550
MT,LJA 1551
MT,LJA 1562
MT,LJA 1563
MT,LJA 1564
MT,LJA 1565
MT,LJA 1566
MT,LJA 1567
MT,LJA 1600
MT,LJA 1601
MT,LJA 1602
MT,LJA 1603
MT,LJA 1604
MT,LJA 1605
MT,LJA 1610
MT,LJA 1611
MT,LJA 1612
MT,LJA 1613
MT,LJA 1614
MT,LJA 1620
MT,LJA 1621
MT,LJA 1622
MT,LJA 1623
MT,LJA 1624
MT,LJA 1630
MT,LJA 1631
MT,LJA 1632
MT,LJA 1633
MT,LJA 1640
MT,LJA 1643
MT,LJA 1700
MT,LJA 1701
MT,LJA 1710
MT,LJA 1711
MT,LJA 1720
MT,LJA 1721
MT,LJA 1722
MT,LJA 1730
MT,LJA 1731
MT,LJA 1740
MT,LJA 1741
MT,LJA 1743
MT,LJA 1750
MT,LJA 1751
MT,LJA 1760
MT,LJA 1762
MT,LJA 1763
MT,LJA 1801
MT,LJA 1803
MT,LJA 1804
MT,LJA 1805
MT,LJA 1806
MT,LJA 1807
MT,LJA 1820
MT,LJA 1821
MT,LJA 1831
MT,LJA 1833
MT,LJA 1840
MT,LJA 1851
MT,LJA 1870
MT,LJA 1871
MT,LJA 1875
MT,LJA 1900
MT,LJA 1901
MT,LJA 1910
MT,LJA 1911
MT,LJA 1913
MT,LJA 1914
MT,LJA 1915
MT,LJA 1916
MT,LJA 1917
MT,LJA 1918
MT,LJA 1919
MT,LJA 1920
MT,LJA 1921
MT,LJA 1930
MT,LJA 1931
MT,LJA 1932
MT,LJA 1933
MT,LJA 1940
MT,LJA 1990
MT,LJA 2013
MT,LJA 2020
MT,LJA 2021
MT,LJA 2041
MT,LJA 2100
MT,LJA 2101
MT,LJA 2110
MT,LJA 2120
MT,LJA 2140
MT,LJA 2141
MT,LJA 2150
MT,LJA 2151
MT,LJA 2160
MT,LJA 2161
MT,LJA 9010
MT,LJA 9011
MT,LJA 9012
MT,LJA 9016
MT,LJA 9021
MT,LQA 1000
MT,LQA 1010
MT,LQA 1011
MT,LQA 1020
MT,LQA 1021
MT,LQA 1023
MT,LQA 1024
MT,LQA 1025
MT,LQA 1027
MT,LQA 1028
MT,LQA 1030
MT,LQA 1031
MT,LQA 1040
MT,LQA 1041
MT,LQA 1051
MT,LQA 1060
MT,LQA 1061
MT,LQA 1071
MT,LQA 1080
MT,LQA 1081
MT,LQA 1091
MT,LQA 1092
MT,LQA 1093
MT,LQA 1100
MT,LQA 1101
MT,LQA 1102
MT,LQA 1103
MT,LQA 1105
MT,LQA 1110
MT,LQA 1111
MT,LQA 1112
MT,LQA 1120
MT,LQA 1121
MT,LQA 1130
MT,LQA 1131
MT,LQA 1140
MT,LQA 1141
MT,LQA 1151
MT,LQA 1152
MT,LQA 1153
MT,LQA 1154
MT,LQA 1170
MT,LQA 1172
MT,LQA 1173
MT,LQA 1180
MT,LQA 1181
MT,LQA 1190
MT,LQA 1191
MT,LQA 1200
MT,LQA 1201
MT,LQA 1202
MT,LQA 1203
MT,LQA 1204
MT,LQA 1205
MT,LQA 1210
MT,LQA 1211
MT,LQA 1220
MT,LQA 1221
MT,LQA 1222
MT,LQA 1223
MT,LQA 1230
MT,LQA 1231
MT,LQA 1240
MT,LQA 1241
MT,LQA 1250
MT,LQA 1251
MT,LQA 1252
MT,LQA 1253
MT,LQA 1260
MT,LQA 1261
MT,LQA 1270
MT,LQA 1271
MT,LQA 1272
MT,LQA 1273
MT,LQA 1274
MT,LQA 1275
MT,LQA 1277
MT,LQA 1280
MT,LQA 1281
MT,LQA 1291
MT,LQA 1300
MT,LQA 1301
MT,LQA 1310
MT,LQA 1311
MT,LQA 1312
MT,LQA 1313
MT,LQA 1314
MT,LQA 1315
MT,LQA 1316
MT,LQA 1317
MT,LQA 1318
MT,LQA 1319
MT,LQA 1320
MT,LQA 1321
MT,LQA 1330
MT,LQA 1331
MT,LQA 1340
MT,LQA 1341
MT,LQA 1342
MT,LQA 1343
MT,LQA 1344
MT,LQA 1351
MT,LQA 1360
MT,LQA 1370
MT,LQA 1371
MT,LQA 1372
MT,LQA 1373
MT,LQA 1381
MT,LQA 1383
MT,LQA 1384
MT,LQA 1385
MT,LQA 1387
MT,LQA 1400
MT,LQA 1401
MT,LQA 1402
MT,LQA 1403
MT,LQA 1404
MT,LQA 1405
MT,LQA 1406
MT,LQA 1407
MT,LQA 1410
MT,LQA 1411
MT,LQA 1420
MT,LQA 1421
MT,LQA 1422
MT,LQA 1423
MT,LQA 1430
MT,LQA 1431
MT,LQA 1432
MT,LQA 1433
MT,LQA 1440
MT,LQA 1441
MT,LQA 1450
MT,LQA 1460
MT,LQA 1461
MT,LQA 1462
MT,LQA 1463
MT,LQA 1470
MT,LQA 1471
MT,LQA 1472
MT,LQA 1473
MT,LQA 1480
MT,LQA 1481
MT,LQA 1490
MT,LQA 1491
MT,LQA 1492
MT,LQA 1493
MT,LQA 1495
MT,LQA 1496
MT,LQA 1500
MT,LQA 1501
MT,LQA 1510
MT,LQA 1511
MT,LQA 1513
MT,LQA 1514
MT,LQA 1515
MT,LQA 1516
MT,LQA 1517
MT,LQA 1521
MT,LQA 1530
MT,LQA 1531
MT,LQA 1532
MT,LQA 1533
MT,LQA 1534
MT,LQA 1535
MT,LQA 1540
MT,LQA 1550
MT,LQA 1551
MT,LQA 1552
MT,LQA 1553
MT,LQA 1554
MT,LQA 1555
MT,LQA 1556
MT,LQA 1557
MT,LQA 1558
MT,LQA 1559
MT,LQA 1560
MT,LQA 1561
MT,LQA 1582
MT,LQA 1583
MT,LQA 1600
MT,LQA 1601
MT,LQA 1602
MT,LQA 1603
MT,LQA 1610
MT,LQA 1611
MT,LQA 1612
MT,LQA 1613
MT,LQA 1620
MT,LQA 1621
MT,LQA 1622
MT,LQA 1623
MT,LQA 1630
MT,LQA 1631
MT,LQA 1632
MT,LQA 1633
MT,LQA 1634
MT,LQA 1635
MT,LQA 1640
MT,LQA 1641
MT,LQA 1642
MT,LQA 1643
MT,LQA 1650
MT,LQA 1660
MT,LQA 1661
MT,LQA 1670
MT,LQA 1671
MT,LQA 1672
MT,LQA 1673
MT,LQA 1674
MT,LQA 1676
MT,LQA 1677
MT,LQA 1681
MT,LQA 1700
MT,LQA 1701
MT,LQA 1702
MT,LQA 1710
MT,LQA 1711
MT,LQA 1712
MT,LQA 1713
MT,LQA 1720
MT,LQA 1721
MT,LQA 1722
MT,LQA 1723
MT,LQA 1724
MT,LQA 1725
MT,LQA 1730
MT,LQA 1731
MT,LQA 1751
MT,LQA 1760
MT,LQA 1761
MT,LQA 1762
MT,LQA 1763
MT,LQA 1766
MT,LQA 1771
MT,LQA 1780
MT,LQA 1790
MT,LQA 1791
MT,LQA 1792
MT,LQA 1793
MT,LQA 1801
MT,LQA 1802
MT,LQA 1803
MT,LQA 1804
MT,LQA 1805
MT,LQA 1810
MT,LQA 1811
MT,LQA 1812
MT,LQA 1813
MT,LQA 1814
MT,LQA 1815
MT,LQA 1820
MT,LQA 1821
MT,LQA 1822
MT,LQA 1823
MT,LQA 1830
MT,LQA 1840
MT,LQA 1841
MT,LQA 1850
MT,LQA 1851
MT,LQA 1853
MT,LQA 1855
MT,LQA 1857
MT,LQA 1860
MT,LQA 1865
MT,LQA 1870
MT,LQA 1871
MT,LQA 1873
MT,LQA 1880
MT,LQA 1881
MT,LQA 1882
MT,LQA 1883
MT,LQA 1890
MT,LQA 1891
MT,LQA 1892
MT,LQA 1893
MT,LQA 2021
MT,LQA 2022
MT,LQA 2023
MT,LQA 2024
MT,LQA 3000
MT,LQA 3010
MT,LQA 3021
MT,LQA 3023
MT,LQA 3031
MT,LQA 3040
MT,LQA 3042
MT,LQA 3050
MT,LQA 3051
MT,LQA 3060
MT,LQA 3061
MT,LQA 3070
MT,LQA 3071
MT,LQA 3076
MT,LQA 3078
MT,LQA 3079
MT,LQA 3080
MT,LQA 3090
MT,LQA 3091
MT,LQA 3092
MT,LQA 3093
MT,LQA 3095
MT,LQA 3101
MT,LQA 3111
MT,LQA 3120
MT,LQA 3130
MT,LQA 3140
MT,LQA 3141
MT,LQA 3151
MT,LQA 3153
MT,LQA 3160
MT,LQA 3161
MT,LQA 3162
MT,LQA 3164
MT,LQA 3170
MT,LQA 3172
MT,LQA 3183
MT,LQA 3200
MT,LQA 3201
MT,LQA 3211
MT,LQA 3213
MT,LQA 3220
MT,LQA 3230
MT,LQA 3232
MT,LQA 3241
MT,LQA 3290
MT,LQA 3300
MT,LQA 3301
MT,LQA 3304
MT,LQA 3310
MT,LQA 3311
MT,LQA 3320
MT,LQA 4000
MT,LQA 4001
MT,LQA 5000
MT,LQA 5001
MT,LQA 6000
MT,LQA 9010
MT,LQA 9013
MT,LQA 9014
MT,LQA 9015
MT,LQA 9021
MT,LQA 9023
MT,LQA 9031
MT,LQA 9033
MT,LQA 9035
MT,LQA 9036
MT,LQA 9040
MT,LQA 9041
MT,LQA 9042
MT,LQA 9043
MT,LQA 9044
MT,LQA 9060
MT,LQA 9061
MT,LQA 9062
MT,LQA 9063
MT,LQA 9070
MT,LQA 9080
MT,LQA 9090
MT,MDN 1010
MT,MDN 1011
MT,MDN 1020
MT,MDN 1021
MT,MDN 1030
MT,MDN 1040
MT,MDN 1050
MT,MDN 1061
MT,MDN 1063
MT,MDN 1071
MT,MDN 1072
MT,MDN 1073
MT,MDN 1074
MT,MDN 1075
MT,MDN 1080
MT,MDN 1081
MT,MDN 1082
MT,MDN 1083
MT,MDN 1091
MT,MDN 1100
MT,MDN 1101
MT,MDN 1110
MT,MDN 1120
MT,MDN 1121
MT,MDN 1131
MT,MDN 1140
MT,MDN 1141
MT,MDN 1150
MT,MDN 1160
MT,MDN 1170
MT,MDN 1180
MT,MDN 1181
MT,MDN 1190
MT,MDN 1191
MT,MDN 1192
MT,MDN 1193
MT,MDN 1200
MT,MDN 1201
MT,MDN 1210
MT,MDN 1220
MT,MDN 1221
MT,MDN 1230
MT,MDN 1240
MT,MDN 1241
MT,MDN 1260
MT,MDN 1270
MT,MDN 1271
MT,MDN 1280
MT,MDN 1400
MT,MDN 1420
MT,MDN 1430
MT,MDN 1440
MT,MDN 1450
MT,MDN 6940
MT,MDN 6970
MT,MDN 6971
MT,MDN 9020
MT,MDN 9060
MT,MDN 9070
MT,MEC 0001
MT,MFN 1010
MT,MFN 1011
MT,MFN 1012
MT,MFN 1013
MT,MFN 1014
MT,MFN 1020
MT,MFN 1021
MT,MFN 1022
MT,MFN 1023
MT,MFN 1030
MT,MFN 1031
MT,MFN 1032
MT,MFN 1034
MT,MFN 1041
MT,MFN 1050
MT,MFN 1051
MT,MFN 1052
MT,MFN 1100
MT,MFN 1101
MT,MFN 1102
MT,MFN 1103
MT,MFN 1104
MT,MFN 1105
MT,MFN 1106
MT,MFN 1107
MT,MFN 1110
MT,MFN 1111
MT,MFN 1112
MT,MFN 1121
MT,MFN 1122
MT,MFN 1123
MT,MFN 1124
MT,MFN 1125
MT,MFN 1126
MT,MFN 1127
MT,MFN 1128
MT,MFN 1130
MT,MFN 1131
MT,MFN 1132
MT,MFN 1133
MT,MFN 1141
MT,MFN 1142
MT,MFN 1143
MT,MFN 1144
MT,MFN 1145
MT,MFN 1147
MT,MFN 1200
MT,MFN 1201
MT,MFN 1202
MT,MFN 1203
MT,MFN 1211
MT,MFN 1212
MT,MFN 1213
MT,MFN 1214
MT,MFN 1215
MT,MFN 1220
MT,MFN 1221
MT,MFN 1222
MT,MFN 1230
MT,MFN 1240
MT,MFN 1241
MT,MFN 1242
MT,MFN 1243
MT,MFN 1250
MT,MFN 1252
MT,MFN 1261
MT,MFN 1270
MT,MFN 1271
MT,MFN 1272
MT,MFN 1273
MT,MFN 1281
MT,MFN 1301
MT,MFN 1303
MT,MFN 1304
MT,MFN 1305
MT,MFN 1312
MT,MFN 1316
MT,MFN 1320
MT,MFN 1321
MT,MFN 1322
MT,MFN 1323
MT,MFN 1324
MT,MFN 1325
MT,MFN 1326
MT,MFN 1327
MT,MFN 1328
MT,MFN 1340
MT,MFN 1341
MT,MFN 1400
MT,MFN 1401
MT,MFN 1402
MT,MFN 1403
MT,MFN 1404
MT,MFN 1405
MT,MFN 1410
MT,MFN 1411
MT,MFN 1420
MT,MFN 1421
MT,MFN 1422
MT,MFN 1423
MT,MFN 1424
MT,MFN 1425
MT,MFN 1430
MT,MFN 1431
MT,MFN 1432
MT,MFN 1433
MT,MFN 1440
MT,MFN 1441
MT,MFN 1442
MT,MFN 1443
MT,MFN 1450
MT,MFN 1451
MT,MFN 1452
MT,MFN 1453
MT,MFN 1454
MT,MFN 1455
MT,MFN 1456
MT,MFN 1457
MT,MFN 1501
MT,MFN 1510
MT,MFN 1511
MT,MFN 1512
MT,MFN 1513
MT,MFN 1514
MT,MFN 1515
MT,MFN 1516
MT,MFN 1518
MT,MFN 1600
MT,MFN 1601
MT,MFN 1610
MT,MFN 1611
MT,MFN 1613
MT,MFN 1620
MT,MFN 1631
MT,MFN 1634
MT,MFN 9010
MT,MFN 9011
MT,MFN 9012
MT,MFN 9013
MT,MFN 9014
MT,MFN 9018
MT,MGR 1010
MT,MGR 1020
MT,MGR 1021
MT,MGR 1030
MT,MGR 1031
MT,MGR 1033
MT,MGR 1040
MT,MGR 1050
MT,MGR 1052
MT,MGR 1053
MT,MGR 1060
MT,MGR 1061
MT,MGR 1063
MT,MGR 1100
MT,MGR 1110
MT,MGR 1111
MT,MGR 1112
MT,MGR 1113
MT,MGR 1114
MT,MGR 1115
MT,MGR 1116
MT,MGR 1117
MT,MGR 1121
MT,MGR 1130
MT,MGR 1132
MT,MGR 1140
MT,MGR 1150
MT,MGR 1160
MT,MGR 1180
MT,MGR 1181
MT,MGR 1201
MT,MGR 1202
MT,MGR 1203
MT,MGR 1210
MT,MGR 1211
MT,MGR 1212
MT,MGR 1213
MT,MGR 1240
MT,MGR 1241
MT,MGR 1271
MT,MGR 1300
MT,MGR 1301
MT,MGR 1310
MT,MGR 1311
MT,MGR 1312
MT,MGR 1313
MT,MGR 1314
MT,MGR 1315
MT,MGR 1316
MT,MGR 1317
MT,MGR 1330
MT,MGR 1331
MT,MGR 1340
MT,MGR 1341
MT,MGR 1342
MT,MGR 1343
MT,MGR 1350
MT,MGR 1360
MT,MGR 1361
MT,MGR 1362
MT,MGR 1363
MT,MGR 1371
MT,MGR 1372
MT,MGR 1373
MT,MGR 1374
MT,MGR 1375
MT,MGR 1376
MT,MGR 1378
MT,MGR 1379
MT,MGR 1380
MT,MGR 1381
MT,MGR 1383
MT,MGR 1390
MT,MGR 1400
MT,MGR 1401
MT,MGR 1405
MT,MGR 1407
MT,MGR 1410
MT,MGR 1420
MT,MGR 1423
MT,MGR 1424
MT,MGR 1426
MT,MGR 1430
MT,MGR 1431
MT,MGR 1440
MT,MGR 1441
MT,MGR 1450
MT,MGR 1451
MT,MGR 1490
MT,MGR 1491
MT,MGR 1501
MT,MGR 1502
MT,MGR 1503
MT,MGR 1504
MT,MGR 1505
MT,MGR 1506
MT,MGR 1507
MT,MGR 1508
MT,MGR 1509
MT,MGR 1510
MT,MGR 1511
MT,MGR 1512
MT,MGR 1513
MT,MGR 1514
MT,MGR 1516
MT,MGR 1517
MT,MGR 1520
MT,MGR 1521
MT,MGR 1522
MT,MGR 1523
MT,MGR 1524
MT,MGR 1525
MT,MGR 1526
MT,MGR 1527
MT,MGR 1528
MT,MGR 1529
MT,MGR 1540
MT,MGR 1541
MT,MGR 1542
MT,MGR 1544
MT,MGR 1545
MT,MGR 1546
MT,MGR 1547
MT,MGR 1548
MT,MGR 1549
MT,MGR 1550
MT,MGR 1560
MT,MGR 1561
MT,MGR 1563
MT,MGR 1570
MT,MGR 1580
MT,MGR 1581
MT,MGR 1600
MT,MGR 1700
MT,MGR 1701
MT,MGR 1704
MT,MGR 1705
MT,MGR 1711
MT,MGR 1731
MT,MGR 1733
MT,MGR 1740
MT,MGR 1741
MT,MGR 1742
MT,MGR 1743
MT,MGR 1744
MT,MGR 1745
MT,MGR 1750
MT,MGR 1760
MT,MGR 1761
MT,MGR 1762
MT,MGR 1763
MT,MGR 1780
MT,MGR 1800
MT,MGR 1810
MT,MGR 1920
MT,MGR 1950
MT,MGR 1951
MT,MGR 1970
MT,MGR 1980
MT,MGR 2010
MT,MGR 2011
MT,MGR 2013
MT,MGR 2014
MT,MGR 2015
MT,MGR 2020
MT,MGR 2021
MT,MGR 2022
MT,MGR 2030
MT,MGR 2031
MT,MGR 2040
MT,MGR 2041
MT,MGR 2051
MT,MGR 2052
MT,MGR 2053
MT,MGR 2054
MT,MGR 2055
MT,MGR 2056
MT,MGR 2057
MT,MGR 2058
MT,MGR 2059
MT,MGR 2060
MT,MGR 2061
MT,MGR 2062
MT,MGR 2063
MT,MGR 2070
MT,MGR 2071
MT,MGR 2080
MT,MGR 2090
MT,MGR 2110
MT,MGR 2111
MT,MGR 2113
MT,MGR 2120
MT,MGR 2121
MT,MGR 2125
MT,MGR 2132
MT,MGR 2141
MT,MGR 2142
MT,MGR 2143
MT,MGR 2160
MT,MGR 2161
MT,MGR 2200
MT,MGR 2220
MT,MGR 2221
MT,MGR 2240
MT,MGR 2241
MT,MGR 2250
MT,MGR 2251
MT,MGR 2252
MT,MGR 2253
MT,MGR 2255
MT,MGR 2300
MT,MGR 2302
MT,MGR 2310
MT,MGR 2311
MT,MGR 2320
MT,MGR 2321
MT,MGR 2330
MT,MGR 2331
MT,MGR 2350
MT,MGR 2351
MT,MGR 2352
MT,MGR 2353
MT,MGR 2354
MT,MGR 2355
MT,MGR 2361
MT,MGR 2370
MT,MGR 2380
MT,MGR 2401
MT,MGR 2403
MT,MGR 2404
MT,MGR 2410
MT,MGR 2411
MT,MGR 2420
MT,MGR 2421
MT,MGR 2430
MT,MGR 2431
MT,MGR 2442
MT,MGR 2450
MT,MGR 2461
MT,MGR 2462
MT,MGR 2463
MT,MGR 2471
MT,MGR 2473
MT,MGR 2490
MT,MGR 2600
MT,MGR 2601
MT,MGR 2602
MT,MGR 2603
MT,MGR 2605
MT,MGR 2606
MT,MGR 2610
MT,MGR 2690
MT,MGR 2810
MT,MGR 2850
MT,MGR 2900
MT,MGR 2901
MT,MGR 2903
MT,MGR 2910
MT,MGR 2911
MT,MGR 2912
MT,MGR 2920
MT,MGR 2950
MT,MGR 2960
MT,MGR 5570
MT,MGR 9020
MT,MGR 9022
MT,MGR 9023
MT,MGR 9024
MT,MGR 9025
MT,MGR 9030
MT,MGR 9032
MT,MGR 9034
MT,MGR 9036
MT,MGR 9038
MT,MGR 9040
MT,MGR 9041
MT,MGR 9045
MT,MGR 9050
MT,MGR 9051
MT,MGR 9052
MT,MGR 9053
MT,MGR 9054
MT,MGR 9055
MT,MGR 9056
MT,MGR 9057
MT,MGR 9059
MT,MGR 9060
MT,MGR 9070
MT,MGR 9080
MT,MGR 9081
MT,MGR 9090
MT,MLH 1000
MT,MLH 1010
MT,MLH 1011
MT,MLH 1012
MT,MLH 1020
MT,MLH 1021
MT,MLH 1022
MT,MLH 1023
MT,MLH 1024
MT,MLH 1025
MT,MLH 1026
MT,MLH 1027
MT,MLH 1030
MT,MLH 1031
MT,MLH 1032
MT,MLH 1033
MT,MLH 1040
MT,MLH 1041
MT,MLH 1042
MT,MLH 1043
MT,MLH 1044
MT,MLH 1045
MT,MLH 1046
MT,MLH 1047
MT,MLH 1048
MT,MLH 1049
MT,MLH 1050
MT,MLH 1051
MT,MLH 1054
MT,MLH 1055
MT,MLH 1060
MT,MLH 1061
MT,MLH 1062
MT,MLH 1063
MT,MLH 1064
MT,MLH 1065
MT,MLH 1066
MT,MLH 1067
MT,MLH 1068
MT,MLH 1069
MT,MLH 1070
MT,MLH 1071
MT,MLH 1072
MT,MLH 1073
MT,MLH 1080
MT,MLH 1090
MT,MLH 1091
MT,MLH 1094
MT,MLH 1095
MT,MLH 1100
MT,MLH 1101
MT,MLH 1102
MT,MLH 1103
MT,MLH 1104
MT,MLH 1105
MT,MLH 1106
MT,MLH 1107
MT,MLH 1108
MT,MLH 1109
MT,MLH 1110
MT,MLH 1112
MT,MLH 1116
MT,MLH 1118
MT,MLH 1120
MT,MLH 1121
MT,MLH 1122
MT,MLH 1123
MT,MLH 1124
MT,MLH 1125
MT,MLH 1126
MT,MLH 1127
MT,MLH 1128
MT,MLH 1129
MT,MLH 1130
MT,MLH 1132
MT,MLH 1133
MT,MLH 1134
MT,MLH 1136
MT,MLH 1137
MT,MLH 1140
MT,MLH 1142
MT,MLH 1144
MT,MLH 1150
MT,MLH 1151
MT,MLH 1152
MT,MLH 1153
MT,MLH 1154
MT,MLH 1155
MT,MLH 1172
MT,MLH 1173
MT,MLH 1174
MT,MLH 1175
MT,MLH 1176
MT,MLH 1177
MT,MLH 1180
MT,MLH 1190
MT,MLH 1191
MT,MLH 1192
MT,MLH 1193
MT,MLH 1194
MT,MLH 1195
MT,MLH 1200
MT,MLH 1201
MT,MLH 1202
MT,MLH 1203
MT,MLH 1205
MT,MLH 1207
MT,MLH 1208
MT,MLH 1209
MT,MLH 1210
MT,MLH 1211
MT,MLH 1212
MT,MLH 1213
MT,MLH 1214
MT,MLH 1215
MT,MLH 1216
MT,MLH 1220
MT,MLH 1221
MT,MLH 1241
MT,MLH 1245
MT,MLH 1252
MT,MLH 1253
MT,MLH 1254
MT,MLH 1255
MT,MLH 1260
MT,MLH 1261
MT,MLH 1301
MT,MLH 1302
MT,MLH 1303
MT,MLH 1304
MT,MLH 1305
MT,MLH 1308
MT,MLH 1309
MT,MLH 1310
MT,MLH 1311
MT,MLH 1312
MT,MLH 1313
MT,MLH 1315
MT,MLH 1320
MT,MLH 1321
MT,MLH 1322
MT,MLH 1323
MT,MLH 1330
MT,MLH 1331
MT,MLH 1332
MT,MLH 1333
MT,MLH 1334
MT,MLH 1335
MT,MLH 1336
MT,MLH 1337
MT,MLH 1340
MT,MLH 1341
MT,MLH 1342
MT,MLH 1343
MT,MLH 1344
MT,MLH 1345
MT,MLH 1346
MT,MLH 1347
MT,MLH 1349
MT,MLH 1350
MT,MLH 1351
MT,MLH 1352
MT,MLH 1353
MT,MLH 1354
MT,MLH 1355
MT,MLH 1356
MT,MLH 1357
MT,MLH 1358
MT,MLH 1359
MT,MLH 1360
MT,MLH 1361
MT,MLH 1362
MT,MLH 1363
MT,MLH 1372
MT,MLH 1373
MT,MLH 1382
MT,MLH 1384
MT,MLH 1400
MT,MLH 1404
MT,MLH 1405
MT,MLH 1420
MT,MLH 1421
MT,MLH 1422
MT,MLH 1423
MT,MLH 1424
MT,MLH 1426
MT,MLH 1427
MT,MLH 1430
MT,MLH 1431
MT,MLH 1432
MT,MLH 1433
MT,MLH 1434
MT,MLH 1436
MT,MLH 1437
MT,MLH 1438
MT,MLH 1439
MT,MLH 1440
MT,MLH 1442
MT,MLH 1450
MT,MLH 1451
MT,MLH 1452
MT,MLH 1453
MT,MLH 1454
MT,MLH 1456
MT,MLH 1459
MT,MLH 1460
MT,MLH 1471
MT,MLH 1472
MT,MLH 1473
MT,MLH 1474
MT,MLH 1480
MT,MLH 1483
MT,MLH 1490
MT,MLH 1491
MT,MLH 1500
MT,MLH 1501
MT,MLH 1502
MT,MLH 1505
MT,MLH 1511
MT,MLH 1512
MT,MLH 1513
MT,MLH 1514
MT,MLH 1515
MT,MLH 1516
MT,MLH 1517
MT,MLH 1518
MT,MLH 1519
MT,MLH 1520
MT,MLH 1521
MT,MLH 1522
MT,MLH 1523
MT,MLH 1525
MT,MLH 1530
MT,MLH 1531
MT,MLH 1532
MT,MLH 1533
MT,MLH 1540
MT,MLH 1541
MT,MLH 1550
MT,MLH 1551
MT,MLH 1552
MT,MLH 1560
MT,MLH 1561
MT,MLH 1562
MT,MLH 1563
MT,MLH 1570
MT,MLH 1571
MT,MLH 1580
MT,MLH 1581
MT,MLH 1590
MT,MLH 1600
MT,MLH 1601
MT,MLH 1610
MT,MLH 1611
MT,MLH 1612
MT,MLH 1613
MT,MLH 1614
MT,MLH 1615
MT,MLH 1616
MT,MLH 1617
MT,MLH 1630
MT,MLH 1632
MT,MLH 1633
MT,MLH 1634
MT,MLH 1635
MT,MLH 1636
MT,MLH 1637
MT,MLH 1638
MT,MLH 1639
MT,MLH 1640
MT,MLH 1641
MT,MLH 1650
MT,MLH 1651
MT,MLH 1652
MT,MLH 1653
MT,MLH 1655
MT,MLH 1656
MT,MLH 1660
MT,MLH 1670
MT,MLH 1680
MT,MLH 1681
MT,MLH 1692
MT,MLH 1700
MT,MLH 1702
MT,MLH 1703
MT,MLH 1704
MT,MLH 1705
MT,MLH 1706
MT,MLH 1707
MT,MLH 1708
MT,MLH 1709
MT,MLH 1720
MT,MLH 1721
MT,MLH 1722
MT,MLH 1723
MT,MLH 1724
MT,MLH 1726
MT,MLH 1727
MT,MLH 1729
MT,MLH 1734
MT,MLH 1750
MT,MLH 1760
MT,MLH 1761
MT,MLH 1762
MT,MLH 1770
MT,MLH 1771
MT,MLH 1781
MT,MLH 1790
MT,MLH 1801
MT,MLH 1803
MT,MLH 1804
MT,MLH 1805
MT,MLH 1806
MT,MLH 1807
MT,MLH 1808
MT,MLH 1809
MT,MLH 1811
MT,MLH 1813
MT,MLH 1823
MT,MLH 1825
MT,MLH 1827
MT,MLH 1835
MT,MLH 1900
MT,MLH 1901
MT,MLH 1902
MT,MLH 1903
MT,MLH 1904
MT,MLH 1905
MT,MLH 1906
MT,MLH 1907
MT,MLH 1908
MT,MLH 1910
MT,MLH 1911
MT,MLH 1912
MT,MLH 1913
MT,MLH 1914
MT,MLH 1915
MT,MLH 1916
MT,MLH 1917
MT,MLH 1920
MT,MLH 1921
MT,MLH 1930
MT,MLH 1931
MT,MLH 1970
MT,MLH 1982
MT,MLH 1991
MT,MLH 2020
MT,MLH 2021
MT,MLH 2022
MT,MLH 2023
MT,MLH 2024
MT,MLH 2025
MT,MLH 2026
MT,MLH 2027
MT,MLH 2028
MT,MLH 2029
MT,MLH 2030
MT,MLH 2032
MT,MLH 2033
MT,MLH 2040
MT,MLH 2042
MT,MLH 2050
MT,MLH 2052
MT,MLH 2053
MT,MLH 2060
MT,MLH 2061
MT,MLH 2062
MT,MLH 2063
MT,MLH 2064
MT,MLH 2065
MT,MLH 2066
MT,MLH 2067
MT,MLH 2068
MT,MLH 2069
MT,MLH 2070
MT,MLH 2071
MT,MLH 2090
MT,MLH 2091
MT,MLH 2102
MT,MLH 2103
MT,MLH 2104
MT,MLH 2105
MT,MLH 2107
MT,MLH 2109
MT,MLH 2110
MT,MLH 2111
MT,MLH 2120
MT,MLH 2130
MT,MLH 2131
MT,MLH 2132
MT,MLH 2133
MT,MLH 2135
MT,MLH 2137
MT,MLH 2139
MT,MLH 2140
MT,MLH 2151
MT,MLH 2161
MT,MLH 2162
MT,MLH 2164
MT,MLH 2166
MT,MLH 2167
MT,MLH 2168
MT,MLH 2169
MT,MLH 2170
MT,MLH 2171
MT,MLH 2172
MT,MLH 2200
MT,MLH 2201
MT,MLH 2202
MT,MLH 2203
MT,MLH 2204
MT,MLH 2205
MT,MLH 2206
MT,MLH 2207
MT,MLH 2208
MT,MLH 2211
MT,MLH 2212
MT,MLH 2221
MT,MLH 2222
MT,MLH 2223
MT,MLH 2224
MT,MLH 2225
MT,MLH 2226
MT,MLH 2227
MT,MLH 2228
MT,MLH 2229
MT,MLH 2240
MT,MLH 2241
MT,MLH 2242
MT,MLH 2244
MT,MLH 2245
MT,MLH 2247
MT,MLH 2249
MT,MLH 2250
MT,MLH 2260
MT,MLH 2261
MT,MLH 2264
MT,MLH 2266
MT,MLH 2270
MT,MLH 2271
MT,MLH 2280
MT,MLH 2281
MT,MLH 2282
MT,MLH 2283
MT,MLH 2284
MT,MLH 2285
MT,MLH 2286
MT,MLH 2287
MT,MLH 2300
MT,MLH 2301
MT,MLH 2302
MT,MLH 2303
MT,MLH 2304
MT,MLH 2305
MT,MLH 2306
MT,MLH 2307
MT,MLH 2308
MT,MLH 2309
MT,MLH 2310
MT,MLH 2311
MT,MLH 2312
MT,MLH 2313
MT,MLH 2314
MT,MLH 2315
MT,MLH 2316
MT,MLH 2317
MT,MLH 2320
MT,MLH 2321
MT,MLH 2322
MT,MLH 2323
MT,MLH 2324
MT,MLH 2325
MT,MLH 2326
MT,MLH 2327
MT,MLH 2328
MT,MLH 2329
MT,MLH 2330
MT,MLH 2331
MT,MLH 2340
MT,MLH 2341
MT,MLH 2350
MT,MLH 2351
MT,MLH 2360
MT,MLH 2361
MT,MLH 2370
MT,MLH 2371
MT,MLH 2380
MT,MLH 2382
MT,MLH 2383
MT,MLH 2400
MT,MLH 2402
MT,MLH 2406
MT,MLH 2410
MT,MLH 2412
MT,MLH 2420
MT,MLH 2430
MT,MLH 2431
MT,MLH 2433
MT,MLH 2442
MT,MLH 2444
MT,MLH 2445
MT,MLH 2446
MT,MLH 2447
MT,MLH 2448
MT,MLH 2450
MT,MLH 2451
MT,MLH 2452
MT,MLH 2453
MT,MLH 2460
MT,MLH 2461
MT,MLH 2470
MT,MLH 2471
MT,MLH 2472
MT,MLH 2473
MT,MLH 2480
MT,MLH 2481
MT,MLH 2491
MT,MLH 2493
MT,MLH 2500
MT,MLH 2501
MT,MLH 2502
MT,MLH 2504
MT,MLH 2506
MT,MLH 2507
MT,MLH 2509
MT,MLH 2510
MT,MLH 2511
MT,MLH 2512
MT,MLH 2513
MT,MLH 2520
MT,MLH 2530
MT,MLH 2541
MT,MLH 2542
MT,MLH 2543
MT,MLH 2544
MT,MLH 2545
MT,MLH 2546
MT,MLH 2547
MT,MLH 2550
MT,MLH 2551
MT,MLH 2552
MT,MLH 2570
MT,MLH 2571
MT,MLH 2572
MT,MLH 2573
MT,MLH 2574
MT,MLH 2600
MT,MLH 2601
MT,MLH 2602
MT,MLH 2603
MT,MLH 2610
MT,MLH 2611
MT,MLH 2612
MT,MLH 2613
MT,MLH 2620
MT,MLH 2621
MT,MLH 2622
MT,MLH 2623
MT,MLH 2624
MT,MLH 2625
MT,MLH 2631
MT,MLH 2632
MT,MLH 2633
MT,MLH 2640
MT,MLH 2641
MT,MLH 2650
MT,MLH 2651
MT,MLH 2661
MT,MLH 2670
MT,MLH 2671
MT,MLH 2700
MT,MLH 2701
MT,MLH 2702
MT,MLH 2703
MT,MLH 2704
MT,MLH 2705
MT,MLH 2707
MT,MLH 2708
MT,MLH 2709
MT,MLH 2720
MT,MLH 2721
MT,MLH 2722
MT,MLH 2723
MT,MLH 2724
MT,MLH 2725
MT,MLH 2732
MT,MLH 2733
MT,MLH 2740
MT,MLH 2741
MT,MLH 2742
MT,MLH 2743
MT,MLH 2744
MT,MLH 2745
MT,MLH 2746
MT,MLH 2747
MT,MLH 2748
MT,MLH 2749
MT,MLH 2750
MT,MLH 2751
MT,MLH 2752
MT,MLH 2753
MT,MLH 2754
MT,MLH 2755
MT,MLH 2756
MT,MLH 2757
MT,MLH 2760
MT,MLH 2761
MT,MLH 2762
MT,MLH 2763
MT,MLH 2764
MT,MLH 2765
MT,MLH 2771
MT,MLH 2773
MT,MLH 2775
MT,MLH 2777
MT,MLH 2800
MT,MLH 2801
MT,MLH 2802
MT,MLH 2803
MT,MLH 2804
MT,MLH 2805
MT,MLH 2810
MT,MLH 2811
MT,MLH 2812
MT,MLH 2813
MT,MLH 2814
MT,MLH 2815
MT,MLH 2822
MT,MLH 2823
MT,MLH 2824
MT,MLH 2825
MT,MLH 2830
MT,MLH 2831
MT,MLH 2832
MT,MLH 2833
MT,MLH 2840
MT,MLH 2841
MT,MLH 2843
MT,MLH 2850
MT,MLH 2851
MT,MLH 2900
MT,MLH 2990
MT,MLH 4020
MT,MLH 4021
MT,MLH 4023
MT,MLH 4042
MT,MLH 4043
MT,MLH 4050
MT,MLH 4060
MT,MLH 4061
MT,MLH 4064
MT,MLH 4065
MT,MLH 4100
MT,MLH 4101
MT,MLH 4102
MT,MLH 4103
MT,MLH 4104
MT,MLH 4105
MT,MLH 4110
MT,MLH 4111
MT,MLH 4114
MT,MLH 4115
MT,MLH 4120
MT,MLH 4121
MT,MLH 4122
MT,MLH 4123
MT,MLH 4130
MT,MLH 4131
MT,MLH 4133
MT,MLH 4135
MT,MLH 4141
MT,MLH 4142
MT,MLH 4143
MT,MLH 4144
MT,MLH 4150
MT,MLH 4151
MT,MLH 4152
MT,MLH 4153
MT,MLH 4162
MT,MLH 4163
MT,MLH 4171
MT,MLH 4172
MT,MLH 4173
MT,MLH 4174
MT,MLH 4175
MT,MLH 4179
MT,MLH 4180
MT,MLH 4210
MT,MLH 4212
MT,MLH 4213
MT,MLH 4214
MT,MLH 4215
MT,MLH 4216
MT,MLH 4218
MT,MLH 4219
MT,MLH 4220
MT,MLH 4222
MT,MLH 4225
MT,MLH 4230
MT,MLH 4231
MT,MLH 4233
MT,MLH 4235
MT,MLH 4250
MT,MLH 4260
MT,MLH 4261
MT,MLH 4262
MT,MLH 4263
MT,MLH 4264
MT,MLH 4265
MT,MLH 4401
MT,MLH 4806
MT,MLH 4808
MT,MLH 4820
MT,MLH 5011
MT,MLH 5013
MT,MLH 5014
MT,MLH 5015
MT,MLH 5031
MT,MLH 5040
MT,MLH 5050
MT,MLH 5051
MT,MLH 5052
MT,MLH 5053
MT,MLH 5060
MT,MLH 5061
MT,MLH 5062
MT,MLH 5063
MT,MLH 5070
MT,MLH 5111
MT,MLH 5120
MT,MLH 5121
MT,MLH 5122
MT,MLH 5123
MT,MLH 5130
MT,MLH 5132
MT,MLH 5134
MT,MLH 5135
MT,MLH 5140
MT,MLH 5141
MT,MLH 5150
MT,MLH 5152
MT,MLH 5153
MT,MLH 5160
MT,MLH 5170
MT,MLH 5200
MT,MLH 5201
MT,MLH 5202
MT,MLH 5210
MT,MLH 5211
MT,MLH 5212
MT,MLH 5280
MT,MLH 5300
MT,MLH 5301
MT,MLH 5302
MT,MLH 5303
MT,MLH 5310
MT,MLH 5380
MT,MLH 5390
MT,MLH 5391
MT,MLH 5500
MT,MLH 5503
MT,MLH 5530
MT,MLH 5700
MT,MLH 5900
MT,MLH 5930
MT,MLH 5931
MT,MLH 5940
MT,MLH 5941
MT,MLH 5960
MT,MLH 5990
MT,MLH 5991
MT,MLH 6010
MT,MLH 7100
MT,MLH 7200
MT,MLH 7290
MT,MLH 7300
MT,MLH 7400
MT,MLH 7401
MT,MLH 7402
MT,MLH 7405
MT,MLH 7406
MT,MLH 7407
MT,MLH 7500
MT,MLH 7700
MT,MLH 7730
MT,MLH 7770
MT,MLH 8010
MT,MLH 9040
MT,MLH 9068
MT,MLH 9080
MT,MQB 1010
MT,MQB 1011
MT,MQB 1012
MT,MQB 1013
MT,MQB 1020
MT,MQB 1021
MT,MQB 1030
MT,MQB 1031
MT,MQB 1032
MT,MQB 1033
MT,MQB 1034
MT,MQB 1035
MT,MQB 1036
MT,MQB 1037
MT,MQB 1038
MT,MQB 1039
MT,MQB 1040
MT,MQB 1041
MT,MQB 1050
MT,MQB 1051
MT,MQB 1052
MT,MQB 1053
MT,MQB 1060
MT,MQB 1061
MT,MQB 1062
MT,MQB 1063
MT,MQB 1070
MT,MQB 1071
MT,MQB 1080
MT,MQB 1081
MT,MQB 1090
MT,MQB 1091
MT,MQB 1092
MT,MQB 1093
MT,MQB 1094
MT,MQB 1095
MT,MQB 1100
MT,MQB 1101
MT,MQB 1102
MT,MQB 1103
MT,MQB 1104
MT,MQB 1105
MT,MQB 1110
MT,MQB 1111
MT,MQB 1112
MT,MQB 1120
MT,MQB 1122
MT,MQB 1123
MT,MQB 1124
MT,MQB 1125
MT,MQB 1130
MT,MQB 1131
MT,MQB 1140
MT,MQB 1141
MT,MQB 1142
MT,MQB 1143
MT,MQB 1150
MT,MQB 1151
MT,MQB 1160
MT,MQB 1170
MT,MQB 1171
MT,MQB 1172
MT,MQB 1173
MT,MQB 1200
MT,MQB 1201
MT,MQB 1202
MT,MQB 1203
MT,MQB 1204
MT,MQB 1205
MT,MQB 1206
MT,MQB 1207
MT,MQB 1211
MT,MQB 1220
MT,MQB 1221
MT,MQB 1230
MT,MQB 1231
MT,MQB 1240
MT,MQB 1241
MT,MQB 1243
MT,MQB 1260
MT,MQB 1261
MT,MQB 1271
MT,MQB 1300
MT,MQB 1301
MT,MQB 1302
MT,MQB 1303
MT,MQB 1304
MT,MQB 1305
MT,MQB 1306
MT,MQB 1307
MT,MQB 1309
MT,MQB 1310
MT,MQB 1320
MT,MQB 1321
MT,MQB 1322
MT,MQB 1323
MT,MQB 1332
MT,MQB 1333
MT,MQB 1334
MT,MQB 1335
MT,MQB 1340
MT,MQB 1341
MT,MQB 1350
MT,MQB 1351
MT,MQB 1370
MT,MQB 1371
MT,MQB 1381
MT,MQB 1410
MT,MQB 1422
MT,MQB 1423
MT,MQB 1431
MT,MQB 1432
MT,MQB 1433
MT,MQB 1434
MT,MQB 1440
MT,MQB 1441
MT,MQB 1450
MT,MQB 1451
MT,MQB 1460
MT,MQB 1461
MT,MQB 1462
MT,MQB 1470
MT,MQB 1471
MT,MQB 1480
MT,MQB 1481
MT,MQB 1483
MT,MQB 1492
MT,MQB 1500
MT,MQB 1510
MT,MQB 1511
MT,MQB 1512
MT,MQB 1513
MT,MQB 1514
MT,MQB 1515
MT,MQB 1516
MT,MQB 1517
MT,MQB 1518
MT,MQB 1519
MT,MQB 1520
MT,MQB 1521
MT,MQB 1530
MT,MQB 1531
MT,MQB 1540
MT,MQB 1541
MT,MQB 1551
MT,MQB 1560
MT,MQB 1561
MT,MQB 1562
MT,MQB 1563
MT,MQB 1570
MT,MQB 1580
MT,MQB 1581
MT,MQB 1590
MT,MQB 1600
MT,MQB 1612
MT,MQB 1613
MT,MQB 1616
MT,MQB 1617
MT,MQB 1651
MT,MQB 1690
MT,MQB 1691
MT,MQB 1700
MT,MQB 1701
MT,MQB 1702
MT,MQB 1800
MT,MQB 1801
MT,MQB 1810
MT,MQB 1811
MT,MQB 1812
MT,MQB 1813
MT,MQB 1814
MT,MQB 1816
MT,MQB 1820
MT,MQB 1821
MT,MQB 1830
MT,MQB 1831
MT,MQB 1840
MT,MQB 1841
MT,MQB 1842
MT,MQB 1843
MT,MQB 1850
MT,MQB 1851
MT,MQB 1853
MT,MQB 1854
MT,MQB 1860
MT,MQB 1862
MT,MQB 1870
MT,MQB 1872
MT,MQB 1882
MT,MQB 1883
MT,MQB 1890
MT,MQB 1892
MT,MQB 1900
MT,MQB 1901
MT,MQB 1910
MT,MQB 1911
MT,MQB 1912
MT,MQB 1913
MT,MQB 1920
MT,MQB 1921
MT,MQB 1922
MT,MQB 1923
MT,MQB 1930
MT,MQB 1931
MT,MQB 1940
MT,MQB 1942
MT,MQB 1944
MT,MQB 1950
MT,MQB 1951
MT,MQB 1961
MT,MQB 1971
MT,MQB 2010
MT,MQB 2011
MT,MQB 2013
MT,MQB 2020
MT,MQB 2021
MT,MQB 2022
MT,MQB 2023
MT,MQB 2030
MT,MQB 2032
MT,MQB 2040
MT,MQB 2042
MT,MQB 2052
MT,MQB 2053
MT,MQB 2090
MT,MQB 2319
MT,MQB 2350
MT,MQB 2390
MT,MQB 2400
MT,MQB 2410
MT,MQB 9010
MT,MQB 9011
MT,MQB 9012
MT,MQB 9013
MT,MQB 9014
MT,MQB 9015
MT,MQB 9016
MT,MQB 9018
MT,MQB 9019
MT,MQB 9020
MT,MQB 9021
MT,MQB 9022
MT,MQB 9023
MT,MQB 9024
MT,MQB 9025
MT,MQB 9026
MT,MQB 9030
MT,MQB 9031
MT,MQB 9033
MT,MQB 9040
MT,MQB 9041
MT,MQB 9053
MT,MQB 9054
MT,MQB 9057
MT,MQB 9060
MT,MQB 9070
MT,MQB 9080
MT,MQB 9090
MT,MRS 1010
MT,MRS 1022
MT,MRS 1030
MT,MRS 1031
MT,MRS 1040
MT,MRS 1041
MT,MRS 1042
MT,MRS 1043
MT,MRS 1044
MT,MRS 1045
MT,MRS 1046
MT,MRS 1050
MT,MRS 1051
MT,MRS 1060
MT,MRS 1061
MT,MRS 1062
MT,MRS 1063
MT,MRS 1064
MT,MRS 1065
MT,MRS 1066
MT,MRS 1070
MT,MRS 1071
MT,MRS 1092
MT,MRS 1113
MT,MRS 1114
MT,MRS 1120
MT,MRS 1121
MT,MRS 1123
MT,MRS 1125
MT,MRS 1130
MT,MRS 1151
MT,MRS 1152
MT,MRS 1301
MT,MRS 1304
MT,MRS 1306
MT,MRS 1307
MT,MRS 1308
MT,MRS 1309
MT,MRS 1310
MT,MRS 1311
MT,MRS 1312
MT,MRS 1330
MT,MRS 1331
MT,MRS 1332
MT,MRS 1333
MT,MRS 1400
MT,MRS 1410
MT,MRS 1420
MT,MRS 1421
MT,MRS 1440
MT,MRS 1442
MT,MRS 1443
MT,MRS 1450
MT,MRS 1451
MT,MRS 1470
MT,MRS 1500
MT,MRS 1501
MT,MRS 1502
MT,MRS 1503
MT,MRS 1504
MT,MRS 1505
MT,MRS 1510
MT,MRS 1511
MT,MRS 1512
MT,MRS 1513
MT,MRS 1514
MT,MRS 1515
MT,MRS 1521
MT,MRS 1523
MT,MRS 1524
MT,MRS 1525
MT,MRS 1530
MT,MRS 1531
MT,MRS 1540
MT,MRS 1541
MT,MRS 1542
MT,MRS 1543
MT,MRS 1544
MT,MRS 1545
MT,MRS 1547
MT,MRS 1548
MT,MRS 1549
MT,MRS 1550
MT,MRS 1551
MT,MRS 1552
MT,MRS 1553
MT,MRS 1554
MT,MRS 1560
MT,MRS 1561
MT,MRS 1562
MT,MRS 1563
MT,MRS 1570
MT,MRS 1571
MT,MRS 1600
MT,MRS 1601
MT,MRS 1602
MT,MRS 1603
MT,MRS 1604
MT,MRS 1606
MT,MRS 1607
MT,MRS 1611
MT,MRS 1612
MT,MRS 1620
MT,MRS 1621
MT,MRS 1651
MT,MRS 1653
MT,MRS 1654
MT,MRS 1655
MT,MRS 1658
MT,MRS 1660
MT,MRS 1661
MT,MRS 1670
MT,MRS 1680
MT,MRS 1681
MT,MRS 1682
MT,MRS 1700
MT,MRS 1701
MT,MRS 1702
MT,MRS 1703
MT,MRS 1704
MT,MRS 1705
MT,MRS 1706
MT,MRS 1707
MT,MRS 1709
MT,MRS 1710
MT,MRS 1711
MT,MRS 1720
MT,MRS 1722
MT,MRS 1732
MT,MRS 1733
MT,MRS 1741
MT,MRS 1750
MT,MRS 1751
MT,MRS 1752
MT,MRS 1760
MT,MRS 1800
MT,MRS 1802
MT,MRS 1803
MT,MRS 1810
MT,MRS 1811
MT,MRS 1812
MT,MRS 1813
MT,MRS 1814
MT,MRS 1815
MT,MRS 1816
MT,MRS 1817
MT,MRS 1820
MT,MRS 1821
MT,MRS 1822
MT,MRS 1824
MT,MRS 1831
MT,MRS 1832
MT,MRS 1840
MT,MRS 1850
MT,MRS 1851
MT,MRS 1900
MT,MRS 1910
MT,MRS 1911
MT,MRS 1912
MT,MRS 1917
MT,MRS 1932
MT,MRS 1934
MT,MRS 1935
MT,MRS 1940
MT,MRS 1950
MT,MRS 1951
MT,MRS 1952
MT,MRS 1953
MT,MRS 1956
MT,MRS 1957
MT,MRS 1971
MT,MRS 1981
MT,MRS 1987
MT,MRS 2010
MT,MRS 2011
MT,MRS 2012
MT,MRS 2013
MT,MRS 2014
MT,MRS 2015
MT,MRS 2016
MT,MRS 2017
MT,MRS 2018
MT,MRS 2019
MT,MRS 2020
MT,MRS 2021
MT,MRS 2030
MT,MRS 2031
MT,MRS 2032
MT,MRS 2033
MT,MRS 2035
MT,MRS 2040
MT,MRS 2041
MT,MRS 2042
MT,MRS 2043
MT,MRS 2044
MT,MRS 2050
MT,MRS 2051
MT,MRS 2052
MT,MRS 2053
MT,MRS 2054
MT,MRS 2055
MT,MRS 2056
MT,MRS 2057
MT,MRS 2058
MT,MRS 2059
MT,MRS 2060
MT,MRS 2061
MT,MRS 2062
MT,MRS 2063
MT,MRS 2100
MT,MRS 2101
MT,MRS 2102
MT,MRS 2104
MT,MRS 2105
MT,MRS 2106
MT,MRS 2107
MT,MRS 2110
MT,MRS 2111
MT,MRS 2112
MT,MRS 2113
MT,MRS 2114
MT,MRS 2115
MT,MRS 2116
MT,MRS 2117
MT,MRS 2120
MT,MRS 2121
MT,MRS 2122
MT,MRS 2123
MT,MRS 2130
MT,MRS 2131
MT,MRS 2132
MT,MRS 2133
MT,MRS 2140
MT,MRS 2141
MT,MRS 2200
MT,MRS 2201
MT,MRS 2202
MT,MRS 2203
MT,MRS 2212
MT,MRS 2213
MT,MRS 2214
MT,MRS 2215
MT,MRS 2216
MT,MRS 2217
MT,MRS 2220
MT,MRS 2221
MT,MRS 2222
MT,MRS 2223
MT,MRS 2224
MT,MRS 2225
MT,MRS 2230
MT,MRS 2231
MT,MRS 2234
MT,MRS 2240
MT,MRS 2252
MT,MRS 2253
MT,MRS 2254
MT,MRS 2255
MT,MRS 2256
MT,MRS 2257
MT,MRS 2258
MT,MRS 2259
MT,MRS 2260
MT,MRS 2261
MT,MRS 2270
MT,MRS 2271
MT,MRS 2280
MT,MRS 2290
MT,MRS 2292
MT,MRS 2293
MT,MRS 2294
MT,MRS 2400
MT,MRS 2401
MT,MRS 2402
MT,MRS 2403
MT,MRS 2410
MT,MRS 2411
MT,MRS 2412
MT,MRS 2413
MT,MRS 2414
MT,MRS 2430
MT,MRS 2432
MT,MRS 2450
MT,MRS 2451
MT,MRS 2452
MT,MRS 2453
MT,MRS 2881
MT,MRS 2890
MT,MRS 2892
MT,MRS 2912
MT,MRS 2914
MT,MRS 2915
MT,MRS 2916
MT,MRS 2918
MT,MRS 2919
MT,MRS 2920
MT,MRS 2921
MT,MRS 2931
MT,MRS 2932
MT,MRS 2933
MT,MRS 2934
MT,MRS 2935
MT,MRS 2936
MT,MRS 2937
MT,MRS 2951
MT,MRS 2953
MT,MRS 2961
MT,MRS 2963
MT,MRS 2970
MT,MRS 2971
MT,MRS 2973
MT,MRS 2974
MT,MRS 2990
MT,MRS 2991
MT,MRS 2992
MT,MRS 2994
MT,MRS 2996
MT,MRS 2998
MT,MRS 3000
MT,MRS 3303
MT,MRS 9030
MT,MRS 9032
MT,MRS 9040
MT,MRS 9041
MT,MRS 9042
MT,MRS 9043
MT,MRS 9044
MT,MRS 9045
MT,MRS 9046
MT,MRS 9047
MT,MRS 9049
MT,MRS 9062
MT,MRS 9064
MT,MRS 9065
MT,MRS 9077
MT,MRS 9082
MT,MRS 9083
MT,MRS 9090
MT,MRS 9092
MT,MSD 1000
MT,MSD 1010
MT,MSD 1011
MT,MSD 1012
MT,MSD 1013
MT,MSD 1032
MT,MSD 1034
MT,MSD 1035
MT,MSD 1040
MT,MSD 1041
MT,MSD 1042
MT,MSD 1043
MT,MSD 1062
MT,MSD 1063
MT,MSD 1070
MT,MSD 1072
MT,MSD 1080
MT,MSD 1090
MT,MSD 1091
MT,MSD 1092
MT,MSD 1093
MT,MSD 1094
MT,MSD 1095
MT,MSD 1096
MT,MSD 1097
MT,MSD 1100
MT,MSD 1101
MT,MSD 1102
MT,MSD 1103
MT,MSD 1104
MT,MSD 1105
MT,MSD 1106
MT,MSD 1107
MT,MSD 1108
MT,MSD 1109
MT,MSD 1112
MT,MSD 1113
MT,MSD 1120
MT,MSD 1121
MT,MSD 1140
MT,MSD 1141
MT,MSD 1142
MT,MSD 1143
MT,MSD 1144
MT,MSD 1150
MT,MSD 1160
MT,MSD 1161
MT,MSD 1162
MT,MSD 1171
MT,MSD 1173
MT,MSD 1180
MT,MSD 1181
MT,MSD 1190
MT,MSD 1191
MT,MSD 1200
MT,MSD 1201
MT,MSD 1202
MT,MSD 1203
MT,MSD 1210
MT,MSD 1211
MT,MSD 1212
MT,MSD 1214
MT,MSD 1216
MT,MSD 1220
MT,MSD 1223
MT,MSD 1230
MT,MSD 1231
MT,MSD 1232
MT,MSD 1233
MT,MSD 1234
MT,MSD 1235
MT,MSD 1240
MT,MSD 1241
MT,MSD 1250
MT,MSD 1251
MT,MSD 1252
MT,MSD 1253
MT,MSD 1260
MT,MSD 1261
MT,MSD 1262
MT,MSD 1263
MT,MSD 1264
MT,MSD 1265
MT,MSD 1270
MT,MSD 1280
MT,MSD 1281
MT,MSD 1282
MT,MSD 1290
MT,MSD 1291
MT,MSD 1292
MT,MSD 1293
MT,MSD 1300
MT,MSD 1301
MT,MSD 1302
MT,MSD 1303
MT,MSD 1304
MT,MSD 1305
MT,MSD 1306
MT,MSD 1307
MT,MSD 1310
MT,MSD 1311
MT,MSD 1313
MT,MSD 1315
MT,MSD 1316
MT,MSD 1317
MT,MSD 1318
MT,MSD 1319
MT,MSD 1320
MT,MSD 1321
MT,MSD 1322
MT,MSD 1323
MT,MSD 1324
MT,MSD 1325
MT,MSD 1326
MT,MSD 1327
MT,MSD 1330
MT,MSD 1331
MT,MSD 1332
MT,MSD 1333
MT,MSD 1340
MT,MSD 1341
MT,MSD 1342
MT,MSD 1343
MT,MSD 1344
MT,MSD 1345
MT,MSD 1346
MT,MSD 1347
MT,MSD 1350
MT,MSD 1351
MT,MSD 1352
MT,MSD 1353
MT,MSD 1354
MT,MSD 1355
MT,MSD 1356
MT,MSD 1360
MT,MSD 1362
MT,MSD 1363
MT,MSD 1364
MT,MSD 1365
MT,MSD 1366
MT,MSD 1367
MT,MSD 1368
MT,MSD 1369
MT,MSD 1370
MT,MSD 1371
MT,MSD 1373
MT,MSD 1380
MT,MSD 1381
MT,MSD 1382
MT,MSD 1401
MT,MSD 1410
MT,MSD 1411
MT,MSD 1412
MT,MSD 1413
MT,MSD 1414
MT,MSD 1415
MT,MSD 1420
MT,MSD 1421
MT,MSD 1422
MT,MSD 1423
MT,MSD 1430
MT,MSD 1431
MT,MSD 1432
MT,MSD 1433
MT,MSD 1440
MT,MSD 1441
MT,MSD 1442
MT,MSD 1443
MT,MSD 1450
MT,MSD 1451
MT,MSD 1462
MT,MSD 1463
MT,MSD 1464
MT,MSD 1465
MT,MSD 1466
MT,MSD 1467
MT,MSD 1469
MT,MSD 1481
MT,MSD 1483
MT,MSD 1484
MT,MSD 1485
MT,MSD 1490
MT,MSD 1493
MT,MSD 1500
MT,MSD 1501
MT,MSD 1502
MT,MSD 1510
MT,MSD 1512
MT,MSD 1513
MT,MSD 1514
MT,MSD 1515
MT,MSD 1516
MT,MSD 1521
MT,MSD 1530
MT,MSD 1531
MT,MSD 1532
MT,MSD 1533
MT,MSD 1534
MT,MSD 1535
MT,MSD 1536
MT,MSD 1537
MT,MSD 1538
MT,MSD 1539
MT,MSD 1540
MT,MSD 1550
MT,MSD 1600
MT,MSD 1601
MT,MSD 1602
MT,MSD 1603
MT,MSD 1604
MT,MSD 1605
MT,MSD 1610
MT,MSD 1611
MT,MSD 1612
MT,MSD 1613
MT,MSD 1614
MT,MSD 1615
MT,MSD 1620
MT,MSD 1621
MT,MSD 1630
MT,MSD 1631
MT,MSD 1632
MT,MSD 1633
MT,MSD 1640
MT,MSD 1641
MT,MSD 1651
MT,MSD 1653
MT,MSD 1660
MT,MSD 1661
MT,MSD 1670
MT,MSD 1671
MT,MSD 1672
MT,MSD 1673
MT,MSD 1674
MT,MSD 1675
MT,MSD 1700
MT,MSD 1701
MT,MSD 1702
MT,MSD 1703
MT,MSD 1704
MT,MSD 1705
MT,MSD 1706
MT,MSD 1707
MT,MSD 1709
MT,MSD 1710
MT,MSD 1711
MT,MSD 1712
MT,MSD 1713
MT,MSD 1714
MT,MSD 1720
MT,MSD 1721
MT,MSD 1722
MT,MSD 1723
MT,MSD 1730
MT,MSD 1731
MT,MSD 1740
MT,MSD 1741
MT,MSD 1742
MT,MSD 1743
MT,MSD 1751
MT,MSD 1752
MT,MSD 1753
MT,MSD 1800
MT,MSD 1802
MT,MSD 1803
MT,MSD 1804
MT,MSD 1805
MT,MSD 1806
MT,MSD 1807
MT,MSD 1810
MT,MSD 1811
MT,MSD 1820
MT,MSD 1821
MT,MSD 1822
MT,MSD 1823
MT,MSD 1824
MT,MSD 1825
MT,MSD 1826
MT,MSD 1827
MT,MSD 1830
MT,MSD 1831
MT,MSD 1832
MT,MSD 1833
MT,MSD 1834
MT,MSD 1835
MT,MSD 1836
MT,MSD 1837
MT,MSD 1838
MT,MSD 1839
MT,MSD 1840
MT,MSD 1841
MT,MSD 1850
MT,MSD 1860
MT,MSD 1900
MT,MSD 1901
MT,MSD 1902
MT,MSD 1904
MT,MSD 1906
MT,MSD 1907
MT,MSD 1908
MT,MSD 1909
MT,MSD 1911
MT,MSD 1930
MT,MSD 1931
MT,MSD 1933
MT,MSD 1934
MT,MSD 1935
MT,MSD 2010
MT,MSD 2011
MT,MSD 2012
MT,MSD 2013
MT,MSD 2020
MT,MSD 2023
MT,MSD 2030
MT,MSD 2031
MT,MSD 2032
MT,MSD 2033
MT,MSD 2070
MT,MSD 2080
MT,MSD 2100
MT,MSD 2102
MT,MSD 2103
MT,MSD 2110
MT,MSD 2201
MT,MSD 2203
MT,MSD 2205
MT,MSD 2207
MT,MSD 2212
MT,MSD 2213
MT,MSD 2223
MT,MSD 2224
MT,MSD 2226
MT,MSD 2228
MT,MSD 2243
MT,MSD 2244
MT,MSD 2245
MT,MSD 2247
MT,MSD 2250
MT,MSD 2253
MT,MSD 2255
MT,MSD 2256
MT,MSD 2257
MT,MSD 2261
MT,MSD 2270
MT,MSD 2300
MT,MSD 2301
MT,MSD 2302
MT,MSD 2304
MT,MSD 2305
MT,MSD 2310
MT,MSD 2311
MT,MSD 2312
MT,MSD 2313
MT,MSD 2314
MT,MSD 2316
MT,MSD 2317
MT,MSD 2318
MT,MSD 2319
MT,MSD 2320
MT,MSD 2321
MT,MSD 2332
MT,MSD 2334
MT,MSD 2336
MT,MSD 2338
MT,MSD 2340
MT,MSD 2341
MT,MSD 2342
MT,MSD 2343
MT,MSD 2350
MT,MSD 2360
MT,MSD 2361
MT,MSD 2500
MT,MSD 9011
MT,MSD 9020
MT,MSD 9021
MT,MSD 9022
MT,MSD 9023
MT,MSD 9024
MT,MSD 9026
MT,MSD 9027
MT,MSD 9028
MT,MSD 9029
MT,MSD 9032
MT,MSD 9040
MT,MSD 9041
MT,MSD 9043
MT,MSD 9045
MT,MSD 9047
MT,MSD 9070
MT,MSD 9080
MT,MSD 9090
MT,MSK 1000
MT,MSK 1010
MT,MSK 1011
MT,MSK 1012
MT,MSK 1013
MT,MSK 1014
MT,MSK 1015
MT,MSK 1016
MT,MSK 1017
MT,MSK 1018
MT,MSK 1019
MT,MSK 1020
MT,MSK 1030
MT,MSK 1044
MT,MSK 1045
MT,MSK 1050
MT,MSK 1052
MT,MSK 1053
MT,MSK 1054
MT,MSK 1055
MT,MSK 1060
MT,MSK 1062
MT,MSK 1063
MT,MSK 1064
MT,MSK 1065
MT,MSK 1072
MT,MSK 1073
MT,MSK 1074
MT,MSK 1075
MT,MSK 1076
MT,MSK 1077
MT,MSK 1078
MT,MSK 1079
MT,MSK 1080
MT,MSK 1081
MT,MSK 1082
MT,MSK 1083
MT,MSK 1093
MT,MSK 1095
MT,MSK 1111
MT,MSK 1121
MT,MSK 1122
MT,MSK 1123
MT,MSK 1124
MT,MSK 1125
MT,MSK 1130
MT,MSK 1132
MT,MSK 1140
MT,MSK 1143
MT,MSK 1160
MT,MSK 1161
MT,MSK 1162
MT,MSK 1164
MT,MSK 1165
MT,MSK 1170
MT,MSK 1172
MT,MSK 1181
MT,MSK 1190
MT,MSK 1191
MT,MSK 1200
MT,MSK 1202
MT,MSK 1203
MT,MSK 1204
MT,MSK 1205
MT,MSK 1206
MT,MSK 1207
MT,MSK 1208
MT,MSK 1209
MT,MSK 1211
MT,MSK 1213
MT,MSK 1220
MT,MSK 1221
MT,MSK 1222
MT,MSK 1223
MT,MSK 1224
MT,MSK 1225
MT,MSK 1226
MT,MSK 1227
MT,MSK 1228
MT,MSK 1229
MT,MSK 1230
MT,MSK 1231
MT,MSK 1232
MT,MSK 1233
MT,MSK 1241
MT,MSK 1243
MT,MSK 1245
MT,MSK 1250
MT,MSK 1251
MT,MSK 1252
MT,MSK 1253
MT,MSK 1301
MT,MSK 1311
MT,MSK 1312
MT,MSK 1313
MT,MSK 1322
MT,MSK 1331
MT,MSK 1350
MT,MSK 1401
MT,MSK 1403
MT,MSK 1405
MT,MSK 1407
MT,MSK 1411
MT,MSK 1421
MT,MSK 1423
MT,MSK 1430
MT,MSK 1440
MT,MSK 1441
MT,MSK 1443
MT,MSK 1450
MT,MSK 1451
MT,MSK 1460
MT,MSK 1461
MT,MSK 1462
MT,MSK 1463
MT,MSK 1465
MT,MSK 1466
MT,MSK 1467
MT,MSK 1480
MT,MSK 1481
MT,MSK 1500
MT,MSK 1502
MT,MSK 1512
MT,MSK 1514
MT,MSK 1515
MT,MSK 1518
MT,MSK 1519
MT,MSK 1521
MT,MSK 1523
MT,MSK 1525
MT,MSK 1530
MT,MSK 1531
MT,MSK 1532
MT,MSK 1533
MT,MSK 1570
MT,MSK 1571
MT,MSK 1612
MT,MSK 1615
MT,MSK 1616
MT,MSK 1617
MT,MSK 2110
MT,MSK 2111
MT,MSK 2113
MT,MSK 2120
MT,MSK 2121
MT,MSK 2122
MT,MSK 2123
MT,MSK 2124
MT,MSK 2125
MT,MSK 2126
MT,MSK 2127
MT,MSK 2130
MT,MSK 2131
MT,MSK 2132
MT,MSK 2133
MT,MSK 2134
MT,MSK 2135
MT,MSK 2136
MT,MSK 2137
MT,MSK 2138
MT,MSK 2143
MT,MSK 2160
MT,MSK 2170
MT,MSK 2171
MT,MSK 2172
MT,MSK 2180
MT,MSK 2181
MT,MSK 2182
MT,MSK 2183
MT,MSK 2184
MT,MSK 2185
MT,MSK 2200
MT,MSK 2202
MT,MSK 2203
MT,MSK 2204
MT,MSK 2205
MT,MSK 2206
MT,MSK 2207
MT,MSK 2208
MT,MSK 2209
MT,MSK 2210
MT,MSK 2211
MT,MSK 2212
MT,MSK 2213
MT,MSK 2214
MT,MSK 2215
MT,MSK 2216
MT,MSK 2217
MT,MSK 2218
MT,MSK 2219
MT,MSK 2220
MT,MSK 2221
MT,MSK 2223
MT,MSK 2224
MT,MSK 2225
MT,MSK 2230
MT,MSK 2231
MT,MSK 2232
MT,MSK 2233
MT,MSK 2234
MT,MSK 2235
MT,MSK 2241
MT,MSK 2242
MT,MSK 2243
MT,MSK 2250
MT,MSK 2251
MT,MSK 2252
MT,MSK 2253
MT,MSK 2254
MT,MSK 2255
MT,MSK 2256
MT,MSK 2257
MT,MSK 2258
MT,MSK 2259
MT,MSK 2260
MT,MSK 2261
MT,MSK 2270
MT,MSK 2271
MT,MSK 2272
MT,MSK 2273
MT,MSK 2274
MT,MSK 2275
MT,MSK 2281
MT,MSK 2282
MT,MSK 2283
MT,MSK 2291
MT,MSK 2310
MT,MSK 2320
MT,MSK 2321
MT,MSK 2330
MT,MSK 2331
MT,MSK 2332
MT,MSK 2333
MT,MSK 2340
MT,MSK 2341
MT,MSK 2350
MT,MSK 2352
MT,MSK 2361
MT,MSK 2500
MT,MSK 2700
MT,MSK 2702
MT,MSK 2704
MT,MSK 2710
MT,MSK 2711
MT,MSK 2720
MT,MSK 2721
MT,MSK 2722
MT,MSK 2723
MT,MSK 2724
MT,MSK 2725
MT,MSK 2726
MT,MSK 2727
MT,MSK 2730
MT,MSK 2740
MT,MSK 2741
MT,MSK 2742
MT,MSK 2743
MT,MSK 2750
MT,MSK 2751
MT,MSK 2752
MT,MSK 2753
MT,MSK 2761
MT,MSK 2765
MT,MSK 2767
MT,MSK 2770
MT,MSK 2771
MT,MSK 2772
MT,MSK 2773
MT,MSK 2790
MT,MSK 2791
MT,MSK 2792
MT,MSK 3010
MT,MSK 3011
MT,MSK 3012
MT,MSK 3014
MT,MSK 3015
MT,MSK 3016
MT,MSK 3017
MT,MSK 3018
MT,MSK 3019
MT,MSK 3021
MT,MSK 3030
MT,MSK 3033
MT,MSK 3034
MT,MSK 3035
MT,MSK 3036
MT,MSK 3037
MT,MSK 3040
MT,MSK 3041
MT,MSK 3042
MT,MSK 3043
MT,MSK 3051
MT,MSK 3060
MT,MSK 3061
MT,MSK 3062
MT,MSK 3063
MT,MSK 3070
MT,MSK 3071
MT,MSK 3072
MT,MSK 3073
MT,MSK 3074
MT,MSK 3075
MT,MSK 3077
MT,MSK 3081
MT,MSK 3082
MT,MSK 3083
MT,MSK 3084
MT,MSK 3085
MT,MSK 3086
MT,MSK 3100
MT,MSK 3101
MT,MSK 3102
MT,MSK 3103
MT,MSK 3104
MT,MSK 3105
MT,MSK 3106
MT,MSK 3107
MT,MSK 3108
MT,MSK 3109
MT,MSK 3110
MT,MSK 3111
MT,MSK 3112
MT,MSK 3113
MT,MSK 3121
MT,MSK 3122
MT,MSK 3123
MT,MSK 3130
MT,MSK 3131
MT,MSK 3132
MT,MSK 3133
MT,MSK 3140
MT,MSK 3141
MT,MSK 3142
MT,MSK 3150
MT,MSK 3151
MT,MSK 3160
MT,MSK 3161
MT,MSK 3162
MT,MSK 3163
MT,MSK 3170
MT,MSK 3171
MT,MSK 3172
MT,MSK 3173
MT,MSK 3180
MT,MSK 3181
MT,MSK 3200
MT,MSK 3201
MT,MSK 3202
MT,MSK 3203
MT,MSK 3211
MT,MSK 3212
MT,MSK 3213
MT,MSK 3221
MT,MSK 3222
MT,MSK 3223
MT,MSK 3224
MT,MSK 3225
MT,MSK 3226
MT,MSK 3230
MT,MSK 3231
MT,MSK 3232
MT,MSK 3233
MT,MSK 3260
MT,MSK 3261
MT,MSK 3262
MT,MSK 3263
MT,MSK 3270
MT,MSK 3271
MT,MSK 3272
MT,MSK 3273
MT,MSK 3274
MT,MSK 3275
MT,MSK 3300
MT,MSK 3301
MT,MSK 3302
MT,MSK 3303
MT,MSK 3310
MT,MSK 3311
MT,MSK 3312
MT,MSK 3313
MT,MSK 3314
MT,MSK 3315
MT,MSK 3316
MT,MSK 3317
MT,MSK 3318
MT,MSK 3319
MT,MSK 3320
MT,MSK 3321
MT,MSK 3322
MT,MSK 3323
MT,MSK 3324
MT,MSK 3325
MT,MSK 3326
MT,MSK 3330
MT,MSK 3331
MT,MSK 3332
MT,MSK 3333
MT,MSK 3340
MT,MSK 3341
MT,MSK 3352
MT,MSK 3353
MT,MSK 3354
MT,MSK 3355
MT,MSK 3356
MT,MSK 3357
MT,MSK 3360
MT,MSK 3361
MT,MSK 3370
MT,MSK 3371
MT,MSK 3372
MT,MSK 3373
MT,MSK 3380
MT,MSK 3381
MT,MSK 3382
MT,MSK 3383
MT,MSK 3391
MT,MSK 3392
MT,MSK 3393
MT,MSK 3400
MT,MSK 3401
MT,MSK 3402
MT,MSK 3403
MT,MSK 3404
MT,MSK 3405
MT,MSK 3406
MT,MSK 3407
MT,MSK 3408
MT,MSK 3409
MT,MSK 3410
MT,MSK 3411
MT,MSK 3420
MT,MSK 3421
MT,MSK 3422
MT,MSK 3423
MT,MSK 3424
MT,MSK 3425
MT,MSK 3426
MT,MSK 3427
MT,MSK 3430
MT,MSK 3431
MT,MSK 3440
MT,MSK 3441
MT,MSK 3450
MT,MSK 3451
MT,MSK 3460
MT,MSK 3461
MT,MSK 3470
MT,MSK 3471
MT,MSK 3472
MT,MSK 3473
MT,MSK 3500
MT,MSK 3501
MT,MSK 3502
MT,MSK 3503
MT,MSK 3510
MT,MSK 3511
MT,MSK 3513
MT,MSK 3514
MT,MSK 3515
MT,MSK 3520
MT,MSK 3521
MT,MSK 3522
MT,MSK 3523
MT,MSK 3524
MT,MSK 3525
MT,MSK 3526
MT,MSK 3528
MT,MSK 3530
MT,MSK 3531
MT,MSK 3532
MT,MSK 3533
MT,MSK 3534
MT,MSK 3535
MT,MSK 3541
MT,MSK 3542
MT,MSK 3543
MT,MSK 3550
MT,MSK 3551
MT,MSK 3552
MT,MSK 3553
MT,MSK 3554
MT,MSK 3555
MT,MSK 3560
MT,MSK 3561
MT,MSK 3562
MT,MSK 3563
MT,MSK 3570
MT,MSK 3571
MT,MSK 3572
MT,MSK 3573
MT,MSK 3574
MT,MSK 3575
MT,MSK 3577
MT,MSK 3600
MT,MSK 3601
MT,MSK 3610
MT,MSK 3611
MT,MSK 3612
MT,MSK 3613
MT,MSK 3614
MT,MSK 3615
MT,MSK 3616
MT,MSK 3617
MT,MSK 3619
MT,MSK 3620
MT,MSK 3621
MT,MSK 3622
MT,MSK 3623
MT,MSK 3630
MT,MSK 3631
MT,MSK 3640
MT,MSK 3641
MT,MSK 3642
MT,MSK 3643
MT,MSK 3644
MT,MSK 3645
MT,MSK 3646
MT,MSK 3647
MT,MSK 3648
MT,MSK 3649
MT,MSK 3650
MT,MSK 3651
MT,MSK 3652
MT,MSK 3654
MT,MSK 3660
MT,MSK 3661
MT,MSK 3670
MT,MSK 3671
MT,MSK 3672
MT,MSK 3673
MT,MSK 3674
MT,MSK 3675
MT,MSK 3690
MT,MSK 3692
MT,MSK 3693
MT,MSK 3694
MT,MSK 3695
MT,MSK 3700
MT,MSK 3701
MT,MSK 3703
MT,MSK 3710
MT,MSK 3711
MT,MSK 3712
MT,MSK 3713
MT,MSK 3714
MT,MSK 3715
MT,MSK 3716
MT,MSK 3717
MT,MSK 3718
MT,MSK 3719
MT,MSK 3720
MT,MSK 3723
MT,MSK 3725
MT,MSK 3726
MT,MSK 3727
MT,MSK 3728
MT,MSK 3731
MT,MSK 3732
MT,MSK 3733
MT,MSK 3734
MT,MSK 3735
MT,MSK 3740
MT,MSK 3742
MT,MSK 3750
MT,MSK 3751
MT,MSK 3752
MT,MSK 3753
MT,MSK 3760
MT,MSK 3761
MT,MSK 3801
MT,MSK 3803
MT,MSK 3804
MT,MSK 3805
MT,MSK 3806
MT,MSK 3807
MT,MSK 3808
MT,MSK 3809
MT,MSK 3810
MT,MSK 3811
MT,MSK 3820
MT,MSK 3821
MT,MSK 3823
MT,MSK 3825
MT,MSK 3826
MT,MSK 3827
MT,MSK 3831
MT,MSK 3840
MT,MSK 3841
MT,MSK 3843
MT,MSK 3844
MT,MSK 3845
MT,MSK 3846
MT,MSK 3847
MT,MSK 3850
MT,MSK 3851
MT,MSK 3860
MT,MSK 3861
MT,MSK 3862
MT,MSK 3863
MT,MSK 3864
MT,MSK 3865
MT,MSK 4020
MT,MSK 4021
MT,MSK 4022
MT,MSK 4024
MT,MSK 4025
MT,MSK 4026
MT,MSK 4027
MT,MSK 4030
MT,MSK 4040
MT,MSK 4041
MT,MSK 4042
MT,MSK 4043
MT,MSK 4044
MT,MSK 4045
MT,MSK 4046
MT,MSK 4047
MT,MSK 4064
MT,MSK 4065
MT,MSK 4070
MT,MSK 4071
MT,MSK 4073
MT,MSK 4090
MT,MSK 4300
MT,MSK 4301
MT,MSK 4600
MT,MSK 4610
MT,MSK 4611
MT,MSK 4612
MT,MSK 4613
MT,MSK 9050
MT,MSK 9051
MT,MSK 9052
MT,MSK 9053
MT,MSK 9054
MT,MSK 9055
MT,MSK 9056
MT,MSK 9057
MT,MSK 9058
MT,MSK 9059
MT,MST 1000
MT,MST 1010
MT,MST 1011
MT,MST 1012
MT,MST 1013
MT,MST 1021
MT,MST 1030
MT,MST 1031
MT,MST 1041
MT,MST 1050
MT,MST 1060
MT,MST 1061
MT,MST 1062
MT,MST 1070
MT,MST 1080
MT,MST 1081
MT,MST 1082
MT,MST 1083
MT,MST 1090
MT,MST 1091
MT,MST 1092
MT,MST 1093
MT,MST 1096
MT,MST 1101
MT,MST 1102
MT,MST 1103
MT,MST 1104
MT,MST 1105
MT,MST 1106
MT,MST 1107
MT,MST 1108
MT,MST 1109
MT,MST 1110
MT,MST 1111
MT,MST 1112
MT,MST 1113
MT,MST 1120
MT,MST 1121
MT,MST 1122
MT,MST 1123
MT,MST 1124
MT,MST 1125
MT,MST 1130
MT,MST 1131
MT,MST 1132
MT,MST 1133
MT,MST 1134
MT,MST 1135
MT,MST 1136
MT,MST 1137
MT,MST 1140
MT,MST 1141
MT,MST 1142
MT,MST 1143
MT,MST 1144
MT,MST 1145
MT,MST 1151
MT,MST 1152
MT,MST 1153
MT,MST 1160
MT,MST 1162
MT,MST 1163
MT,MST 1164
MT,MST 1165
MT,MST 1170
MT,MST 1171
MT,MST 1172
MT,MST 1173
MT,MST 1174
MT,MST 1175
MT,MST 1176
MT,MST 1177
MT,MST 1180
MT,MST 1181
MT,MST 1201
MT,MST 1209
MT,MST 1220
MT,MST 1221
MT,MST 1222
MT,MST 1223
MT,MST 1224
MT,MST 1225
MT,MST 1240
MT,MST 1241
MT,MST 1242
MT,MST 1243
MT,MST 1260
MT,MST 1261
MT,MST 1262
MT,MST 1263
MT,MST 1264
MT,MST 1265
MT,MST 1266
MT,MST 1267
MT,MST 1268
MT,MST 1269
MT,MST 1270
MT,MST 1300
MT,MST 1301
MT,MST 1302
MT,MST 1303
MT,MST 1304
MT,MST 1305
MT,MST 1306
MT,MST 1307
MT,MST 1308
MT,MST 1309
MT,MST 1311
MT,MST 1331
MT,MST 1340
MT,MST 1341
MT,MST 1342
MT,MST 1350
MT,MST 1351
MT,MST 1352
MT,MST 1353
MT,MST 1360
MT,MST 1361
MT,MST 1370
MT,MST 1400
MT,MST 1402
MT,MST 1433
MT,MST 1440
MT,MST 1441
MT,MST 1460
MT,MST 1461
MT,MST 1470
MT,MST 1472
MT,MST 1474
MT,MST 1476
MT,MST 1478
MT,MST 1481
MT,MST 1483
MT,MST 1485
MT,MST 1486
MT,MST 1488
MT,MST 1489
MT,MST 1490
MT,MST 1491
MT,MST 1492
MT,MST 1493
MT,MST 1495
MT,MST 1497
MT,MST 1501
MT,MST 1503
MT,MST 1504
MT,MST 1505
MT,MST 1511
MT,MST 1521
MT,MST 1541
MT,MST 1543
MT,MST 1550
MT,MST 1570
MT,MST 1572
MT,MST 1600
MT,MST 1602
MT,MST 1603
MT,MST 1604
MT,MST 1605
MT,MST 1610
MT,MST 1611
MT,MST 1612
MT,MST 1613
MT,MST 1621
MT,MST 1622
MT,MST 1623
MT,MST 1625
MT,MST 1626
MT,MST 1627
MT,MST 1631
MT,MST 1633
MT,MST 1636
MT,MST 1640
MT,MST 1641
MT,MST 1651
MT,MST 1652
MT,MST 1653
MT,MST 1660
MT,MST 1661
MT,MST 1662
MT,MST 1663
MT,MST 1670
MT,MST 1671
MT,MST 1672
MT,MST 1673
MT,MST 1680
MT,MST 1681
MT,MST 1682
MT,MST 1683
MT,MST 1690
MT,MST 1691
MT,MST 1692
MT,MST 1700
MT,MST 1701
MT,MST 1712
MT,MST 1713
MT,MST 1720
MT,MST 1735
MT,MST 1741
MT,MST 1742
MT,MST 1743
MT,MST 1750
MT,MST 1751
MT,MST 1752
MT,MST 1753
MT,MST 1754
MT,MST 1755
MT,MST 1757
MT,MST 1760
MT,MST 1761
MT,MST 1762
MT,MST 1764
MT,MST 1766
MT,MST 1767
MT,MST 1769
MT,MST 1770
MT,MST 1771
MT,MST 1772
MT,MST 1773
MT,MST 1780
MT,MST 1781
MT,MST 1782
MT,MST 1783
MT,MST 1784
MT,MST 1792
MT,MST 1793
MT,MST 1800
MT,MST 1801
MT,MST 1803
MT,MST 1804
MT,MST 1805
MT,MST 1806
MT,MST 1807
MT,MST 1810
MT,MST 1811
MT,MST 1812
MT,MST 1813
MT,MST 1820
MT,MST 1821
MT,MST 1822
MT,MST 1823
MT,MST 1824
MT,MST 1840
MT,MST 1841
MT,MST 1842
MT,MST 1843
MT,MST 1850
MT,MST 1851
MT,MST 1852
MT,MST 1853
MT,MST 1854
MT,MST 1855
MT,MST 1856
MT,MST 1857
MT,MST 1858
MT,MST 1859
MT,MST 1862
MT,MST 1863
MT,MST 1870
MT,MST 1871
MT,MST 1872
MT,MST 1873
MT,MST 1880
MT,MST 1881
MT,MST 1882
MT,MST 1883
MT,MST 1884
MT,MST 1885
MT,MST 1890
MT,MST 2015
MT,MST 2020
MT,MST 2021
MT,MST 2022
MT,MST 2023
MT,MST 2024
MT,MST 2025
MT,MST 2030
MT,MST 2040
MT,MST 2041
MT,MST 2045
MT,MST 2061
MT,MST 2062
MT,MST 2064
MT,MST 2072
MT,MST 2073
MT,MST 2074
MT,MST 2075
MT,MST 2076
MT,MST 2077
MT,MST 2078
MT,MST 2081
MT,MST 2090
MT,MST 2091
MT,MST 2102
MT,MST 2103
MT,MST 2104
MT,MST 2105
MT,MST 2106
MT,MST 2107
MT,MST 2108
MT,MST 2110
MT,MST 2130
MT,MST 2131
MT,MST 2132
MT,MST 2133
MT,MST 2134
MT,MST 2135
MT,MST 2136
MT,MST 2137
MT,MST 2141
MT,MST 2142
MT,MST 2143
MT,MST 2144
MT,MST 2145
MT,MST 2151
MT,MST 2160
MT,MST 2170
MT,MST 2171
MT,MST 2172
MT,MST 2173
MT,MST 2174
MT,MST 2175
MT,MST 2176
MT,MST 2177
MT,MST 2178
MT,MST 2179
MT,MST 2180
MT,MST 2181
MT,MST 2182
MT,MST 2183
MT,MST 2184
MT,MST 2185
MT,MST 2200
MT,MST 2201
MT,MST 2202
MT,MST 2203
MT,MST 2210
MT,MST 2211
MT,MST 2220
MT,MST 2221
MT,MST 2230
MT,MST 2231
MT,MST 2233
MT,MST 2240
MT,MST 2241
MT,MST 2242
MT,MST 2243
MT,MST 2250
MT,MST 2251
MT,MST 2252
MT,MST 2253
MT,MST 2270
MT,MST 2271
MT,MST 2272
MT,MST 2273
MT,MST 2274
MT,MST 2280
MT,MST 2281
MT,MST 2282
MT,MST 2283
MT,MST 2308
MT,MST 2309
MT,MST 2312
MT,MST 2313
MT,MST 2314
MT,MST 2315
MT,MST 2320
MT,MST 2321
MT,MST 2322
MT,MST 2323
MT,MST 2324
MT,MST 2325
MT,MST 2326
MT,MST 2327
MT,MST 2330
MT,MST 2331
MT,MST 2332
MT,MST 2333
MT,MST 2340
MT,MST 2341
MT,MST 2343
MT,MST 2350
MT,MST 2351
MT,MST 2352
MT,MST 2353
MT,MST 2354
MT,MST 2355
MT,MST 2357
MT,MST 2358
MT,MST 2359
MT,MST 2360
MT,MST 2361
MT,MST 2362
MT,MST 2363
MT,MST 2370
MT,MST 2371
MT,MST 2390
MT,MST 2391
MT,MST 2393
MT,MST 2400
MT,MST 2401
MT,MST 2402
MT,MST 2403
MT,MST 2404
MT,MST 2410
MT,MST 2411
MT,MST 2412
MT,MST 2413
MT,MST 2430
MT,MST 2432
MT,MST 2433
MT,MST 2440
MT,MST 2441
MT,MST 2450
MT,MST 2451
MT,MST 2462
MT,MST 2463
MT,MST 2464
MT,MST 2465
MT,MST 2466
MT,MST 2467
MT,MST 2468
MT,MST 2469
MT,MST 2470
MT,MST 2471
MT,MST 2480
MT,MST 2481
MT,MST 2482
MT,MST 2483
MT,MST 2485
MT,MST 2501
MT,MST 2503
MT,MST 2510
MT,MST 2511
MT,MST 2512
MT,MST 2513
MT,MST 2514
MT,MST 2515
MT,MST 2517
MT,MST 2519
MT,MST 2520
MT,MST 2521
MT,MST 2522
MT,MST 2523
MT,MST 2530
MT,MST 2531
MT,MST 2532
MT,MST 2533
MT,MST 2540
MT,MST 2541
MT,MST 2542
MT,MST 2543
MT,MST 2550
MT,MST 2551
MT,MST 2552
MT,MST 2553
MT,MST 2560
MT,MST 2561
MT,MST 2563
MT,MST 2600
MT,MST 2602
MT,MST 2610
MT,MST 2611
MT,MST 2612
MT,MST 2613
MT,MST 2620
MT,MST 2621
MT,MST 2622
MT,MST 2623
MT,MST 2624
MT,MST 2625
MT,MST 2630
MT,MST 2631
MT,MST 2632
MT,MST 2633
MT,MST 2634
MT,MST 2636
MT,MST 2640
MT,MST 2641
MT,MST 2642
MT,MST 2643
MT,MST 2650
MT,MST 2651
MT,MST 2652
MT,MST 2653
MT,MST 2654
MT,MST 2655
MT,MST 2660
MT,MST 2661
MT,MST 2662
MT,MST 2663
MT,MST 2671
MT,MST 2701
MT,MST 2702
MT,MST 2703
MT,MST 2704
MT,MST 2705
MT,MST 2720
MT,MST 2721
MT,MST 2722
MT,MST 2723
MT,MST 2724
MT,MST 2725
MT,MST 2726
MT,MST 2727
MT,MST 2730
MT,MST 2732
MT,MST 2733
MT,MST 2740
MT,MST 2741
MT,MST 2742
MT,MST 2743
MT,MST 2760
MT,MST 2762
MT,MST 2764
MT,MST 2766
MT,MST 2770
MT,MST 2771
MT,MST 2772
MT,MST 2773
MT,MST 2780
MT,MST 2781
MT,MST 2782
MT,MST 2783
MT,MST 2792
MT,MST 2794
MT,MST 2900
MT,MST 3000
MT,MST 3010
MT,MST 3011
MT,MST 3020
MT,MST 3021
MT,MST 3023
MT,MST 3030
MT,MST 3031
MT,MST 3032
MT,MST 3033
MT,MST 3040
MT,MST 3041
MT,MST 3050
MT,MST 3060
MT,MST 3061
MT,MST 3062
MT,MST 3063
MT,MST 3064
MT,MST 3065
MT,MST 3066
MT,MST 3067
MT,MST 3068
MT,MST 3069
MT,MST 3070
MT,MST 3071
MT,MST 3072
MT,MST 3073
MT,MST 3090
MT,MST 3091
MT,MST 3100
MT,MST 3101
MT,MST 3102
MT,MST 3103
MT,MST 3104
MT,MST 3105
MT,MST 3106
MT,MST 3107
MT,MST 3108
MT,MST 3109
MT,MST 3111
MT,MST 3120
MT,MST 3130
MT,MST 3131
MT,MST 3140
MT,MST 3141
MT,MST 3152
MT,MST 3153
MT,MST 3154
MT,MST 3155
MT,MST 3156
MT,MST 3157
MT,MST 3160
MT,MST 3161
MT,MST 3162
MT,MST 3163
MT,MST 3172
MT,MST 3173
MT,MST 3190
MT,MST 3202
MT,MST 3203
MT,MST 3204
MT,MST 3205
MT,MST 3210
MT,MST 3211
MT,MST 3212
MT,MST 3213
MT,MST 3214
MT,MST 3215
MT,MST 3216
MT,MST 3217
MT,MST 3220
MT,MST 3221
MT,MST 3222
MT,MST 3223
MT,MST 3230
MT,MST 3231
MT,MST 3232
MT,MST 3233
MT,MST 3241
MT,MST 3242
MT,MST 3250
MT,MST 3251
MT,MST 3252
MT,MST 3253
MT,MST 3254
MT,MST 3255
MT,MST 3260
MT,MST 3261
MT,MST 3262
MT,MST 3263
MT,MST 3270
MT,MST 3271
MT,MST 3280
MT,MST 3281
MT,MST 3282
MT,MST 3283
MT,MST 3290
MT,MST 3291
MT,MST 3292
MT,MST 3293
MT,MST 3300
MT,MST 3302
MT,MST 3303
MT,MST 3310
MT,MST 3311
MT,MST 3312
MT,MST 3313
MT,MST 3314
MT,MST 3315
MT,MST 3317
MT,MST 3320
MT,MST 3331
MT,MST 3340
MT,MST 3341
MT,MST 3342
MT,MST 3350
MT,MST 3351
MT,MST 3352
MT,MST 3353
MT,MST 3355
MT,MST 3400
MT,MST 3401
MT,MST 3402
MT,MST 3403
MT,MST 3404
MT,MST 3405
MT,MST 3406
MT,MST 3407
MT,MST 3408
MT,MST 3410
MT,MST 3411
MT,MST 3420
MT,MST 3421
MT,MST 3422
MT,MST 3423
MT,MST 3424
MT,MST 3430
MT,MST 3431
MT,MST 3432
MT,MST 3433
MT,MST 3440
MT,MST 3441
MT,MST 3450
MT,MST 3451
MT,MST 3460
MT,MST 3500
MT,MST 3501
MT,MST 3502
MT,MST 3503
MT,MST 3504
MT,MST 3505
MT,MST 3506
MT,MST 3507
MT,MST 3508
MT,MST 3509
MT,MST 3510
MT,MST 3520
MT,MST 3540
MT,MST 3541
MT,MST 3550
MT,MST 3551
MT,MST 3560
MT,MST 3580
MT,MST 3581
MT,MST 3582
MT,MST 3583
MT,MST 3584
MT,MST 3585
MT,MST 3600
MT,MST 3601
MT,MST 3602
MT,MST 3603
MT,MST 3604
MT,MST 3605
MT,MST 3610
MT,MST 3611
MT,MST 3612
MT,MST 3613
MT,MST 3620
MT,MST 3621
MT,MST 3622
MT,MST 3623
MT,MST 3624
MT,MST 3625
MT,MST 3640
MT,MST 3641
MT,MST 3642
MT,MST 3643
MT,MST 3650
MT,MST 3651
MT,MST 3660
MT,MST 3661
MT,MST 3670
MT,MST 3671
MT,MST 3672
MT,MST 3673
MT,MST 3674
MT,MST 3675
MT,MST 3680
MT,MST 3681
MT,MST 3690
MT,MST 3691
MT,MST 3692
MT,MST 3700
MT,MST 3702
MT,MST 3703
MT,MST 3704
MT,MST 3705
MT,MST 3706
MT,MST 3707
MT,MST 3710
MT,MST 3711
MT,MST 3712
MT,MST 3713
MT,MST 3714
MT,MST 3715
MT,MST 3716
MT,MST 3717
MT,MST 3719
MT,MST 3730
MT,MST 3731
MT,MST 3732
MT,MST 3733
MT,MST 3740
MT,MST 3741
MT,MST 3750
MT,MST 3751
MT,MST 3753
MT,MST 3760
MT,MST 3761
MT,MST 3762
MT,MST 3763
MT,MST 3764
MT,MST 3765
MT,MST 3766
MT,MST 3767
MT,MST 3780
MT,MST 3781
MT,MST 3782
MT,MST 3783
MT,MST 3784
MT,MST 3785
MT,MST 3790
MT,MST 3802
MT,MST 3804
MT,MST 3810
MT,MST 3812
MT,MST 3821
MT,MST 3823
MT,MST 3824
MT,MST 3830
MT,MST 3831
MT,MST 3832
MT,MST 3840
MT,MST 3841
MT,MST 3850
MT,MST 3851
MT,MST 3852
MT,MST 3853
MT,MST 3855
MT,MST 3861
MT,MST 3873
MT,MST 3875
MT,MST 3877
MT,MST 3879
MT,MST 3880
MT,MST 3881
MT,MST 3890
MT,MST 4000
MT,MST 4001
MT,MST 4003
MT,MST 4010
MT,MST 4011
MT,MST 4012
MT,MST 4014
MT,MST 4015
MT,MST 4017
MT,MST 4019
MT,MST 4021
MT,MST 4022
MT,MST 4023
MT,MST 4024
MT,MST 4025
MT,MST 4026
MT,MST 4027
MT,MST 4030
MT,MST 4031
MT,MST 4032
MT,MST 4033
MT,MST 4034
MT,MST 4035
MT,MST 4036
MT,MST 4037
MT,MST 4038
MT,MST 4039
MT,MST 4040
MT,MST 4042
MT,MST 4043
MT,MST 4044
MT,MST 4045
MT,MST 4046
MT,MST 4047
MT,MST 4052
MT,MST 4053
MT,MST 4054
MT,MST 4055
MT,MST 4060
MT,MST 4061
MT,MST 4062
MT,MST 4063
MT,MST 4082
MT,MST 4084
MT,MST 4085
MT,MST 4100
MT,MST 4101
MT,MST 4102
MT,MST 4103
MT,MST 4104
MT,MST 4105
MT,MST 4106
MT,MST 4107
MT,MST 4108
MT,MST 4109
MT,MST 4110
MT,MST 4111
MT,MST 4112
MT,MST 4113
MT,MST 4114
MT,MST 4115
MT,MST 4116
MT,MST 4117
MT,MST 4118
MT,MST 4119
MT,MST 4120
MT,MST 4121
MT,MST 4122
MT,MST 4123
MT,MST 4124
MT,MST 4125
MT,MST 4126
MT,MST 4127
MT,MST 4128
MT,MST 4129
MT,MST 4130
MT,MST 4131
MT,MST 4132
MT,MST 4133
MT,MST 4134
MT,MST 4135
MT,MST 4140
MT,MST 4141
MT,MST 4142
MT,MST 4143
MT,MST 4150
MT,MST 4151
MT,MST 4152
MT,MST 4153
MT,MST 4154
MT,MST 4155
MT,MST 4156
MT,MST 4157
MT,MST 4160
MT,MST 4161
MT,MST 4162
MT,MST 4171
MT,MST 4172
MT,MST 4173
MT,MST 4180
MT,MST 4181
MT,MST 4182
MT,MST 4183
MT,MST 4185
MT,MST 4200
MT,MST 4201
MT,MST 4203
MT,MST 4204
MT,MST 4205
MT,MST 4207
MT,MST 4211
MT,MST 4213
MT,MST 4215
MT,MST 4220
MT,MST 4222
MT,MST 4223
MT,MST 4224
MT,MST 4226
MT,MST 4227
MT,MST 4230
MT,MST 4231
MT,MST 4232
MT,MST 4233
MT,MST 4241
MT,MST 4243
MT,MST 4250
MT,MST 4252
MT,MST 4253
MT,MST 4261
MT,MST 4263
MT,MST 4270
MT,MST 4271
MT,MST 4272
MT,MST 4280
MT,MST 4281
MT,MST 4303
MT,MST 4305
MT,MST 4307
MT,MST 4310
MT,MST 4311
MT,MST 4312
MT,MST 4316
MT,MST 4318
MT,MST 4320
MT,MST 4321
MT,MST 4322
MT,MST 4323
MT,MST 4331
MT,MST 4332
MT,MST 4334
MT,MST 4337
MT,MST 4340
MT,MST 4341
MT,MST 4342
MT,MST 4343
MT,MST 4350
MT,MST 4351
MT,MST 4352
MT,MST 4354
MT,MST 4355
MT,MST 4356
MT,MST 4357
MT,MST 4358
MT,MST 4360
MT,MST 4361
MT,MST 4362
MT,MST 4363
MT,MST 4380
MT,MST 4381
MT,MST 4383
MT,MST 4390
MT,MST 4400
MT,MST 4401
MT,MST 4402
MT,MST 4403
MT,MST 4404
MT,MST 4405
MT,MST 4406
MT,MST 4407
MT,MST 4408
MT,MST 4409
MT,MST 4410
MT,MST 4411
MT,MST 4412
MT,MST 4413
MT,MST 4420
MT,MST 4421
MT,MST 4422
MT,MST 4423
MT,MST 4440
MT,MST 4441
MT,MST 4442
MT,MST 4460
MT,MST 4461
MT,MST 4462
MT,MST 4463
MT,MST 4464
MT,MST 4465
MT,MST 4466
MT,MST 4467
MT,MST 4468
MT,MST 4469
MT,MST 4470
MT,MST 4471
MT,MST 4472
MT,MST 4473
MT,MST 4480
MT,MST 4482
MT,MST 4484
MT,MST 4486
MT,MST 4488
MT,MST 4500
MT,MST 4501
MT,MST 4502
MT,MST 4503
MT,MST 4504
MT,MST 4505
MT,MST 4506
MT,MST 4507
MT,MST 4508
MT,MST 4509
MT,MST 4510
MT,MST 4511
MT,MST 4512
MT,MST 4513
MT,MST 4514
MT,MST 4515
MT,MST 4517
MT,MST 4531
MT,MST 4533
MT,MST 4534
MT,MST 4535
MT,MST 4540
MT,MST 4541
MT,MST 4542
MT,MST 4543
MT,MST 4550
MT,MST 4552
MT,MST 4562
MT,MST 4563
MT,MST 4570
MT,MST 4571
MT,MST 4572
MT,MST 4573
MT,MST 4590
MT,MST 4591
MT,MST 4592
MT,MST 4593
MT,MST 4594
MT,MST 4595
MT,MST 4596
MT,MST 4600
MT,MST 4601
MT,MST 4602
MT,MST 4603
MT,MST 4604
MT,MST 4605
MT,MST 4606
MT,MST 4607
MT,MST 4610
MT,MST 4611
MT,MST 4612
MT,MST 4613
MT,MST 4620
MT,MST 4621
MT,MST 4622
MT,MST 4623
MT,MST 4630
MT,MST 4631
MT,MST 4632
MT,MST 4633
MT,MST 4800
MT,MST 4810
MT,MST 4811
MT,MST 4812
MT,MST 4814
MT,MST 4815
MT,MST 4816
MT,MST 4818
MT,MST 4819
MT,MST 4841
MT,MST 4850
MT,MST 4851
MT,MST 4891
MT,MST 4900
MT,MST 4910
MT,MST 4912
MT,MST 4921
MT,MST 4923
MT,MST 4931
MT,MST 4941
MT,MST 4943
MT,MST 4945
MT,MST 4960
MT,MST 4962
MT,MST 4964
MT,MST 5010
MT,MST 5011
MT,MST 5014
MT,MST 5015
MT,MST 5016
MT,MST 5018
MT,MST 5020
MT,MST 5030
MT,MST 5031
MT,MST 5050
MT,MST 5051
MT,MST 5052
MT,MST 5053
MT,MST 5054
MT,MST 5055
MT,MST 5073
MT,MST 5074
MT,MST 5075
MT,MST 5080
MT,MST 5081
MT,MST 5100
MT,MST 5101
MT,MST 5102
MT,MST 5105
MT,MST 5112
MT,MST 5113
MT,MST 5520
MT,MST 5530
MT,MST 5540
MT,MST 5541
MT,MST 5570
MT,MST 5582
MT,MST 9010
MT,MST 9011
MT,MST 9012
MT,MST 9013
MT,MST 9017
MT,MST 9020
MT,MST 9022
MT,MST 9023
MT,MST 9024
MT,MST 9025
MT,MST 9026
MT,MST 9027
MT,MST 9028
MT,MST 9029
MT,MST 9030
MT,MST 9031
MT,MST 9032
MT,MST 9033
MT,MST 9034
MT,MST 9035
MT,MST 9036
MT,MST 9037
MT,MST 9038
MT,MST 9039
MT,MST 9040
MT,MST 9042
MT,MST 9050
MT,MST 9051
MT,MST 9052
MT,MST 9053
MT,MST 9054
MT,MST 9055
MT,MST 9056
MT,MST 9057
MT,MST 9058
MT,MST 9059
MT,MST 9063
MT,MST 9070
MT,MST 9071
MT,MST 9072
MT,MST 9080
MT,MST 9081
MT,MST 9091
MT,MST 9094
MT,MST 9096
MT,MST 9098
MT,MST 9099
MT,MTF 1010
MT,MTF 1011
MT,MTF 1017
MT,MTF 1020
MT,MTF 1021
MT,MTF 1030
MT,MTF 1031
MT,MTF 1040
MT,MTF 1041
MT,MTF 1042
MT,MTF 1051
MT,MTF 1060
MT,MTF 1071
MT,MTF 1080
MT,MTF 1081
MT,MTF 1100
MT,MTF 1110
MT,MTF 1111
MT,MTF 1120
MT,MTF 1121
MT,MTF 1122
MT,MTF 1123
MT,MTF 1130
MT,MTF 1131
MT,MTF 1132
MT,MTF 1133
MT,MTF 1140
MT,MTF 1141
MT,MTF 1142
MT,MTF 1143
MT,MTF 1150
MT,MTF 1151
MT,MTF 1152
MT,MTF 1153
MT,MTF 1154
MT,MTF 1155
MT,MTF 1160
MT,MTF 1161
MT,MTF 1171
MT,MTF 1200
MT,MTF 1201
MT,MTF 1202
MT,MTF 1203
MT,MTF 1204
MT,MTF 1205
MT,MTF 1210
MT,MTF 1221
MT,MTF 1222
MT,MTF 1230
MT,MTF 1231
MT,MTF 1240
MT,MTF 1241
MT,MTF 1250
MT,MTF 1251
MT,MTF 1260
MT,MTF 1261
MT,MTF 1270
MT,MTF 1271
MT,MTF 1281
MT,MTF 1290
MT,MTF 1300
MT,MTF 1301
MT,MTF 1302
MT,MTF 1303
MT,MTF 1305
MT,MTF 1310
MT,MTF 1311
MT,MTF 1330
MT,MTF 1340
MT,MTF 1350
MT,MTF 1370
MT,MTF 1371
MT,MTF 1381
MT,MTF 1400
MT,MTF 1401
MT,MTF 1403
MT,MTF 1405
MT,MTF 1410
MT,MTF 1420
MT,MTF 1421
MT,MTF 1430
MT,MTF 1432
MT,MTF 1440
MT,MTF 1441
MT,MTF 1450
MT,MTF 1461
MT,MTF 1470
MT,MTF 1472
MT,MTF 1480
MT,MTF 1490
MT,MTF 1500
MT,MTF 1501
MT,MTF 1510
MT,MTF 1540
MT,MTF 1541
MT,MTF 1542
MT,MTF 1550
MT,MTF 1551
MT,MTF 1560
MT,MTF 1561
MT,MTF 1562
MT,MTF 1564
MT,MTF 1570
MT,MTF 1571
MT,MTF 1600
MT,MTF 1700
MT,MTF 1790
MT,MTF 1900
MT,MTP 1000
MT,MTP 1001
MT,MXK 1010
MT,MXK 1011
MT,MXK 1012
MT,MXK 1013
MT,MXK 1014
MT,MXK 1015
MT,MXK 1016
MT,MXK 1017
MT,MXK 1018
MT,MXK 1019
MT,MXK 1020
MT,MXK 1021
MT,MXK 1022
MT,MXK 1023
MT,MXK 1030
MT,MXK 1032
MT,MXK 1033
MT,MXK 1034
MT,MXK 1035
MT,MXK 1042
MT,MXK 1043
MT,MXK 1050
MT,MXK 1051
MT,MXK 1062
MT,MXK 1063
MT,MXK 1064
MT,MXK 1065
MT,MXK 1066
MT,MXK 1067
MT,MXK 1072
MT,MXK 1073
MT,MXK 1080
MT,MXK 1081
MT,MXK 1082
MT,MXK 1085
MT,MXK 1086
MT,MXK 1087
MT,MXK 1100
MT,MXK 1101
MT,MXK 1102
MT,MXK 1110
MT,MXK 1111
MT,MXK 1121
MT,MXK 1122
MT,MXK 1123
MT,MXK 1130
MT,MXK 1131
MT,MXK 1140
MT,MXK 1141
MT,MXK 1142
MT,MXK 1143
MT,MXK 1144
MT,MXK 1145
MT,MXK 1151
MT,MXK 1152
MT,MXK 1153
MT,MXK 1160
MT,MXK 1161
MT,MXK 1162
MT,MXK 1163
MT,MXK 1170
MT,MXK 1171
MT,MXK 1172
MT,MXK 1173
MT,MXK 1180
MT,MXK 1181
MT,MXK 1190
MT,MXK 1200
MT,MXK 1210
MT,MXK 1220
MT,MXK 1221
MT,MXK 1230
MT,MXK 1232
MT,MXK 1246
MT,MXK 1247
MT,MXK 1249
MT,MXK 1260
MT,MXK 1261
MT,MXK 1301
MT,MXK 1302
MT,MXK 1303
MT,MXK 1304
MT,MXK 1305
MT,MXK 1306
MT,MXK 1307
MT,MXK 1310
MT,MXK 1311
MT,MXK 1320
MT,MXK 1330
MT,MXK 1331
MT,MXK 1332
MT,MXK 1333
MT,MXK 1340
MT,MXK 1350
MT,MXK 1351
MT,MXK 1360
MT,MXK 1361
MT,MXK 1400
MT,MXK 1401
MT,MXK 1403
MT,MXK 1404
MT,MXK 1405
MT,MXK 1406
MT,MXK 1407
MT,MXK 1408
MT,MXK 1409
MT,MXK 1412
MT,MXK 1413
MT,MXK 1422
MT,MXK 1423
MT,MXK 1431
MT,MXK 1432
MT,MXK 1433
MT,MXK 1435
MT,MXK 1436
MT,MXK 1437
MT,MXK 1440
MT,MXK 1441
MT,MXK 1442
MT,MXK 1443
MT,MXK 1445
MT,MXK 1446
MT,MXK 1447
MT,MXK 1448
MT,MXK 1449
MT,MXK 1450
MT,MXK 1451
MT,MXK 1452
MT,MXK 1453
MT,MXK 1460
MT,MXK 1461
MT,MXK 1462
MT,MXK 1463
MT,MXK 1464
MT,MXK 1465
MT,MXK 1470
MT,MXK 1471
MT,MXK 1472
MT,MXK 1473
MT,MXK 1474
MT,MXK 1475
MT,MXK 1476
MT,MXK 1477
MT,MXK 1480
MT,MXK 1481
MT,MXK 1482
MT,MXK 1483
MT,MXK 1484
MT,MXK 1485
MT,MXK 1486
MT,MXK 1487
MT,MXK 1490
MT,MXK 1491
MT,MXK 1492
MT,MXK 1493
MT,MXK 1494
MT,MXK 1495
MT,MXK 1496
MT,MXK 1497
MT,MXK 1498
MT,MXK 1499
MT,MXK 1500
MT,MXK 1510
MT,MXK 1512
MT,MXK 1514
MT,MXK 1515
MT,MXK 1516
MT,MXK 1521
MT,MXK 1522
MT,MXK 1523
MT,MXK 1530
MT,MXK 1531
MT,MXK 1532
MT,MXK 1533
MT,MXK 1534
MT,MXK 1535
MT,MXK 1536
MT,MXK 1537
MT,MXK 1538
MT,MXK 1539
MT,MXK 1540
MT,MXK 1550
MT,MXK 1601
MT,MXK 1602
MT,MXK 1603
MT,MXK 1604
MT,MXK 1610
MT,MXK 1620
MT,MXK 1630
MT,MXK 1631
MT,MXK 1640
MT,MXK 1641
MT,MXK 1642
MT,MXK 1643
MT,MXK 1650
MT,MXK 1651
MT,MXK 1652
MT,MXK 1655
MT,MXK 1657
MT,MXK 1661
MT,MXK 1663
MT,MXK 1670
MT,MXK 1671
MT,MXK 1672
MT,MXK 1675
MT,MXK 1681
MT,MXK 1700
MT,MXK 1702
MT,MXK 1710
MT,MXK 1711
MT,MXK 1714
MT,MXK 1720
MT,MXK 1722
MT,MXK 1730
MT,MXK 1731
MT,MXK 1740
MT,MXK 1741
MT,MXK 1742
MT,MXK 1750
MT,MXK 1751
MT,MXK 1752
MT,MXK 1753
MT,MXK 1760
MT,MXK 1761
MT,MXK 1762
MT,MXK 1764
MT,MXK 1765
MT,MXK 1770
MT,MXK 1772
MT,MXK 1780
MT,MXK 1782
MT,MXK 1785
MT,MXK 1790
MT,MXK 1792
MT,MXK 1807
MT,MXK 1821
MT,MXK 1823
MT,MXK 1824
MT,MXK 1825
MT,MXK 1826
MT,MXK 1827
MT,MXK 1830
MT,MXK 1831
MT,MXK 1840
MT,MXK 1842
MT,MXK 1860
MT,MXK 1861
MT,MXK 1901
MT,MXK 1911
MT,MXK 2010
MT,MXK 2011
MT,MXK 2031
MT,MXK 2112
MT,MXK 2210
MT,MXK 2220
MT,MXK 3013
MT,MXK 4080
MT,MXK 4082
MT,MXK 4083
MT,MXK 4084
MT,MXK 9020
MT,MXK 9021
MT,MXK 9022
MT,MXK 9023
MT,MXK 9024
MT,MXK 9025
MT,MXK 9026
MT,MXK 9027
MT,MXK 9031
MT,MXK 9033
MT,MXK 9035
MT,MXK 9036
MT,MXK 9040
MT,MXK 9041
MT,MXK 9042
MT,MXK 9043
MT,MXK 9044
MT,MXK 9045
MT,MXK 9046
MT,MXK 9047
MT,MXK 9052
MT,MXK 9053
MT,MXK 9054
MT,MXK 9055
MT,MXK 9063
MT,MXK 9064
MT,MXK 9065
MT,MXR 1010
MT,MXR 1011
MT,MXR 1012
MT,MXR 1013
MT,MXR 1014
MT,MXR 1040
MT,MXR 1051
MT,MXR 1053
MT,MXR 1060
MT,MXR 1061
MT,MXR 1070
MT,MXR 1071
MT,MXR 1100
MT,MXR 1101
MT,MXR 1102
MT,MXR 1103
MT,MXR 1104
MT,MXR 1105
MT,MXR 1106
MT,MXR 1110
MT,MXR 1111
MT,MXR 1120
MT,MXR 1121
MT,MXR 1300
MT,MXR 1301
MT,MXR 1302
MT,MXR 1303
MT,MXR 1310
MT,MXR 1311
MT,MXR 1320
MT,MXR 1321
MT,MXR 1330
MT,MXR 1331
MT,MXR 1340
MT,MXR 1341
MT,MXR 1342
MT,MXR 1343
MT,MXR 1350
MT,MXR 1360
MT,MXR 1361
MT,MXR 1362
MT,MXR 1363
MT,MXR 1370
MT,MXR 1380
MT,MXR 1381
MT,MXR 1391
MT,MXR 1410
MT,MXR 1411
MT,MXR 1420
MT,MXR 1421
MT,MXR 1422
MT,MXR 1423
MT,MXR 1450
MT,MXR 1451
MT,MXR 1452
MT,MXR 1453
MT,MXR 1460
MT,MXR 1461
MT,MXR 1470
MT,MXR 1471
MT,MXR 1472
MT,MXR 1480
MT,MXR 1481
MT,MXR 1482
MT,MXR 1483
MT,MXR 1484
MT,MXR 1485
MT,MXR 1500
MT,MXR 1501
MT,MXR 1530
MT,MXR 1560
MT,MXR 1561
MT,MXR 9010
MT,MXR 9011
MT,MXR 9030
MT,MXR 9043
MT,MXR 9044
MT,MXR 9045
MT,NDR 1000
MT,NDR 1010
MT,NDR 1011
MT,NDR 1012
MT,NDR 1020
MT,NDR 1021
MT,NDR 1022
MT,NDR 1031
MT,NDR 1032
MT,NDR 1033
MT,NDR 1034
MT,NDR 1035
MT,NDR 1040
MT,NDR 1041
MT,NDR 1050
MT,NDR 1051
MT,NDR 1052
MT,NDR 1053
MT,NDR 1060
MT,NDR 1061
MT,NDR 1070
MT,NDR 1071
MT,NDR 1072
MT,NDR 1073
MT,NDR 1074
MT,NDR 1075
MT,NDR 1076
MT,NDR 1077
MT,NDR 1078
MT,NDR 1079
MT,NDR 1080
MT,NDR 1081
MT,NDR 1082
MT,NDR 1083
MT,NDR 1100
MT,NDR 1101
MT,NDR 1102
MT,NDR 1103
MT,NDR 1104
MT,NDR 1105
MT,NDR 1110
MT,NDR 1111
MT,NDR 1112
MT,NDR 1113
MT,NDR 1114
MT,NDR 1115
MT,NDR 1116
MT,NDR 1117
MT,NDR 1140
MT,NDR 1142
MT,NDR 1143
MT,NDR 1160
MT,NDR 1161
MT,NDR 1162
MT,NDR 1163
MT,NDR 1180
MT,NDR 1181
MT,NDR 1182
MT,NDR 1183
MT,NDR 1210
MT,NDR 1211
MT,NDR 1212
MT,NDR 1213
MT,NDR 1214
MT,NDR 1215
MT,NDR 1216
MT,NDR 1217
MT,NDR 1220
MT,NDR 1221
MT,NDR 1222
MT,NDR 1223
MT,NDR 1230
MT,NDR 1231
MT,NDR 1232
MT,NDR 1233
MT,NDR 1234
MT,NDR 1235
MT,NDR 1236
MT,NDR 1237
MT,NDR 1238
MT,NDR 1239
MT,NDR 1240
MT,NDR 1241
MT,NDR 1242
MT,NDR 1243
MT,NDR 1250
MT,NDR 1252
MT,NDR 1253
MT,NDR 1262
MT,NDR 1263
MT,NDR 1265
MT,NDR 1303
MT,NDR 1310
MT,NDR 1311
MT,NDR 1312
MT,NDR 1313
MT,NDR 1330
MT,NDR 1331
MT,NDR 1332
MT,NDR 1333
MT,NDR 1334
MT,NDR 1335
MT,NDR 1340
MT,NDR 1341
MT,NDR 1342
MT,NDR 1343
MT,NDR 1350
MT,NDR 1351
MT,NDR 1352
MT,NDR 1353
MT,NDR 1354
MT,NDR 1355
MT,NDR 1356
MT,NDR 1357
MT,NDR 1358
MT,NDR 1359
MT,NDR 1360
MT,NDR 1361
MT,NDR 1362
MT,NDR 1363
MT,NDR 1370
MT,NDR 1371
MT,NDR 1390
MT,NDR 1392
MT,NDR 1394
MT,NDR 1396
MT,NDR 1398
MT,NDR 1399
MT,NDR 1400
MT,NDR 1401
MT,NDR 1402
MT,NDR 1403
MT,NDR 1404
MT,NDR 1405
MT,NDR 1406
MT,NDR 1407
MT,NDR 1408
MT,NDR 1410
MT,NDR 1411
MT,NDR 1420
MT,NDR 1421
MT,NDR 1422
MT,NDR 1434
MT,NDR 1436
MT,NDR 1438
MT,NDR 1450
MT,NDR 1451
MT,NDR 1452
MT,NDR 1453
MT,NDR 1461
MT,NDR 1463
MT,NDR 1465
MT,NDR 1467
MT,NDR 1469
MT,NDR 1480
MT,NDR 1481
MT,NDR 1482
MT,NDR 1483
MT,NDR 1600
MT,NDR 1601
MT,NDR 1602
MT,NDR 1603
MT,NDR 1604
MT,NDR 1605
MT,NDR 1606
MT,NDR 1607
MT,NDR 1608
MT,NDR 1609
MT,NDR 1610
MT,NDR 1611
MT,NDR 1613
MT,NDR 1630
MT,NDR 1631
MT,NDR 1633
MT,NDR 1640
MT,NDR 1641
MT,NDR 1642
MT,NDR 1643
MT,NDR 1650
MT,NDR 1651
MT,NDR 1660
MT,NDR 1661
MT,NDR 1662
MT,NDR 1663
MT,NDR 1664
MT,NDR 1665
MT,NDR 1666
MT,NDR 1667
MT,NDR 1669
MT,NDR 1670
MT,NDR 1700
MT,NDR 1703
MT,NDR 1704
MT,NDR 1705
MT,NDR 1710
MT,NDR 1711
MT,NDR 1712
MT,NDR 1715
MT,NDR 1720
MT,NDR 1800
MT,NDR 1802
MT,NDR 1811
MT,NDR 1830
MT,NDR 1831
MT,NDR 1840
MT,NDR 1842
MT,NDR 1843
MT,NDR 1844
MT,NDR 1845
MT,NDR 1846
MT,NDR 1847
MT,NDR 1850
MT,NDR 1851
MT,NDR 1861
MT,NDR 1863
MT,NDR 1870
MT,NDR 1871
MT,NDR 1900
MT,NDR 1901
MT,NDR 1930
MT,NDR 1931
MT,NDR 1940
MT,NDR 1941
MT,NDR 1960
MT,NDR 1971
MT,NDR 2010
MT,NDR 2011
MT,NDR 2012
MT,NDR 2013
MT,NDR 2015
MT,NDR 2016
MT,NDR 2017
MT,NDR 2018
MT,NDR 2019
MT,NDR 2020
MT,NDR 2030
MT,NDR 2031
MT,NDR 2032
MT,NDR 2033
MT,NDR 2034
MT,NDR 2035
MT,NDR 2036
MT,NDR 2037
MT,NDR 2038
MT,NDR 2039
MT,NDR 2040
MT,NDR 2042
MT,NDR 2043
MT,NDR 2060
MT,NDR 2061
MT,NDR 2062
MT,NDR 2063
MT,NDR 2064
MT,NDR 2065
MT,NDR 2066
MT,NDR 2067
MT,NDR 2068
MT,NDR 2069
MT,NDR 2070
MT,NDR 2071
MT,NDR 2110
MT,NDR 2111
MT,NDR 2130
MT,NDR 2131
MT,NDR 2132
MT,NDR 2133
MT,NDR 2134
MT,NDR 2135
MT,NDR 2136
MT,NDR 2137
MT,NDR 2138
MT,NDR 2139
MT,NDR 2140
MT,NDR 2141
MT,NDR 2142
MT,NDR 2150
MT,NDR 2152
MT,NDR 2153
MT,NDR 2160
MT,NDR 2161
MT,NDR 2170
MT,NDR 2171
MT,NDR 2172
MT,NDR 2173
MT,NDR 2174
MT,NDR 2175
MT,NDR 2176
MT,NDR 2177
MT,NDR 2180
MT,NDR 2181
MT,NDR 2200
MT,NDR 2201
MT,NDR 2204
MT,NDR 2210
MT,NDR 2211
MT,NDR 2220
MT,NDR 2221
MT,NDR 2222
MT,NDR 2223
MT,NDR 2224
MT,NDR 2225
MT,NDR 2230
MT,NDR 2231
MT,NDR 2232
MT,NDR 2233
MT,NDR 2234
MT,NDR 2235
MT,NDR 2240
MT,NDR 2241
MT,NDR 2242
MT,NDR 2244
MT,NDR 2245
MT,NDR 2246
MT,NDR 2250
MT,NDR 2251
MT,NDR 2280
MT,NDR 2281
MT,NDR 2300
MT,NDR 2301
MT,NDR 2302
MT,NDR 2303
MT,NDR 2304
MT,NDR 2305
MT,NDR 2306
MT,NDR 2307
MT,NDR 2310
MT,NDR 2311
MT,NDR 2320
MT,NDR 2321
MT,NDR 2322
MT,NDR 2323
MT,NDR 2330
MT,NDR 2350
MT,NDR 2352
MT,NDR 2360
MT,NDR 2361
MT,NDR 2362
MT,NDR 2363
MT,NDR 2371
MT,NDR 2382
MT,NDR 9010
MT,NDR 9011
MT,NDR 9012
MT,NDR 9013
MT,NDR 9014
MT,NDR 9015
MT,NDR 9016
MT,NDR 9017
MT,NDR 9018
MT,NDR 9019
MT,NDR 9021
MT,NDR 9022
MT,NDR 9023
MT,NDR 9030
MT,NDR 9031
MT,NDR 9032
MT,NDR 9033
MT,NDR 9034
MT,NDR 9035
MT,NDR 9036
MT,NDR 9040
MT,NDR 9041
MT,NDR 9042
MT,NDR 9043
MT,NDR 9044
MT,NDR 9045
MT,NDR 9046
MT,NDR 9047
MT,NDR 9048
MT,NDR 9049
MT,NDR 9050
MT,NDR 9051
MT,NDR 9053
MT,NDR 9060
MT,NDR 9061
MT,NDR 9062
MT,NDR 9063
MT,NDR 9070
MT,NDR 9071
MT,NDR 9073
MT,NDR 9074
MT,NDR 9075
MT,NDR 9076
MT,NDR 9077
MT,NDR 9078
MT,NDR 9079
MT,NDR 9080
MT,NDR 9081
MT,NDR 9083
MT,NDR 9088
MT,NXR 1000
MT,NXR 1010
MT,NXR 1011
MT,NXR 1012
MT,NXR 1013
MT,NXR 1014
MT,NXR 1015
MT,NXR 1016
MT,NXR 1017
MT,NXR 1018
MT,NXR 1019
MT,NXR 1020
MT,NXR 1021
MT,NXR 1030
MT,NXR 1031
MT,NXR 1032
MT,NXR 1040
MT,NXR 1041
MT,NXR 1050
MT,NXR 1052
MT,NXR 1053
MT,NXR 1054
MT,NXR 1055
MT,NXR 1060
MT,NXR 1061
MT,NXR 1062
MT,NXR 1063
MT,NXR 1064
MT,NXR 1070
MT,NXR 1071
MT,NXR 1080
MT,NXR 1081
MT,NXR 1090
MT,NXR 1091
MT,NXR 1100
MT,NXR 1101
MT,NXR 1102
MT,NXR 1103
MT,NXR 1110
MT,NXR 1112
MT,NXR 1120
MT,NXR 1121
MT,NXR 1122
MT,NXR 1123
MT,NXR 1124
MT,NXR 1126
MT,NXR 1127
MT,NXR 1130
MT,NXR 1131
MT,NXR 1132
MT,NXR 1133
MT,NXR 1140
MT,NXR 1141
MT,NXR 1153
MT,NXR 1154
MT,NXR 1155
MT,NXR 1156
MT,NXR 1170
MT,NXR 1171
MT,NXR 1180
MT,NXR 1181
MT,NXR 1190
MT,NXR 1191
MT,NXR 1193
MT,NXR 1202
MT,NXR 1203
MT,NXR 1204
MT,NXR 1205
MT,NXR 1206
MT,NXR 1207
MT,NXR 1210
MT,NXR 1211
MT,NXR 1212
MT,NXR 1213
MT,NXR 1221
MT,NXR 1223
MT,NXR 1230
MT,NXR 1232
MT,NXR 1233
MT,NXR 1235
MT,NXR 1240
MT,NXR 1241
MT,NXR 1242
MT,NXR 1243
MT,NXR 1252
MT,NXR 1253
MT,NXR 1254
MT,NXR 1255
MT,NXR 1262
MT,NXR 1263
MT,NXR 1271
MT,NXR 1272
MT,NXR 1273
MT,NXR 1280
MT,NXR 1281
MT,NXR 1282
MT,NXR 1283
MT,NXR 1302
MT,NXR 1303
MT,NXR 1305
MT,NXR 1310
MT,NXR 1312
MT,NXR 1313
MT,NXR 1321
MT,NXR 1323
MT,NXR 1333
MT,NXR 1340
MT,NXR 1341
MT,NXR 1342
MT,NXR 1343
MT,NXR 1350
MT,NXR 1351
MT,NXR 1352
MT,NXR 1360
MT,NXR 1361
MT,NXR 1362
MT,NXR 1363
MT,NXR 1370
MT,NXR 1371
MT,NXR 1380
MT,NXR 1381
MT,NXR 1382
MT,NXR 1383
MT,NXR 1402
MT,NXR 1404
MT,NXR 1405
MT,NXR 1406
MT,NXR 1407
MT,NXR 1408
MT,NXR 1409
MT,NXR 1410
MT,NXR 1411
MT,NXR 1420
MT,NXR 1421
MT,NXR 1422
MT,NXR 1423
MT,NXR 1430
MT,NXR 1431
MT,NXR 1440
MT,NXR 1441
MT,NXR 1442
MT,NXR 1443
MT,NXR 1444
MT,NXR 1445
MT,NXR 1450
MT,NXR 1451
MT,NXR 1460
MT,NXR 1461
MT,NXR 1462
MT,NXR 1463
MT,NXR 1470
MT,NXR 1490
MT,NXR 1500
MT,NXR 1501
MT,NXR 1502
MT,NXR 1503
MT,NXR 1504
MT,NXR 1505
MT,NXR 1506
MT,NXR 1507
MT,NXR 1508
MT,NXR 1509
MT,NXR 1510
MT,NXR 1511
MT,NXR 1530
MT,NXR 1531
MT,NXR 1540
MT,NXR 1541
MT,NXR 1550
MT,NXR 1551
MT,NXR 1560
MT,NXR 1561
MT,NXR 1570
MT,NXR 1571
MT,NXR 1572
MT,NXR 1573
MT,NXR 1580
MT,NXR 1581
MT,NXR 1590
MT,NXR 1591
MT,NXR 1600
MT,NXR 1601
MT,NXR 1610
MT,NXR 1611
MT,NXR 1620
MT,NXR 1621
MT,NXR 1630
MT,NXR 1640
MT,NXR 1641
MT,NXR 1700
MT,NXR 1702
MT,NXR 1705
MT,NXR 1706
MT,NXR 1710
MT,NXR 1711
MT,NXR 1712
MT,NXR 1713
MT,NXR 1720
MT,NXR 1721
MT,NXR 1730
MT,NXR 1731
MT,NXR 1740
MT,NXR 1741
MT,NXR 1742
MT,NXR 1743
MT,NXR 1750
MT,NXR 1751
MT,NXR 1760
MT,NXR 1761
MT,NXR 1762
MT,NXR 1763
MT,NXR 1770
MT,NXR 1771
MT,NXR 1772
MT,NXR 1773
MT,NXR 1774
MT,NXR 1775
MT,NXR 1780
MT,NXR 1781
MT,NXR 1800
MT,NXR 1801
MT,NXR 1802
MT,NXR 1803
MT,NXR 1804
MT,NXR 1805
MT,NXR 1806
MT,NXR 1807
MT,NXR 1808
MT,NXR 1809
MT,NXR 1820
MT,NXR 1821
MT,NXR 1830
MT,NXR 1831
MT,NXR 1841
MT,NXR 1851
MT,NXR 1852
MT,NXR 1853
MT,NXR 1860
MT,NXR 1861
MT,NXR 1862
MT,NXR 1863
MT,NXR 1864
MT,NXR 1865
MT,NXR 1866
MT,NXR 1867
MT,NXR 1870
MT,NXR 1871
MT,NXR 1880
MT,NXR 1881
MT,NXR 1900
MT,NXR 1901
MT,NXR 1902
MT,NXR 1903
MT,NXR 1904
MT,NXR 1905
MT,NXR 1906
MT,NXR 1907
MT,NXR 1910
MT,NXR 1911
MT,NXR 1920
MT,NXR 1921
MT,NXR 1922
MT,NXR 1923
MT,NXR 1930
MT,NXR 1931
MT,NXR 1932
MT,NXR 1933
MT,NXR 1940
MT,NXR 1941
MT,NXR 1942
MT,NXR 1943
MT,NXR 1944
MT,NXR 1945
MT,NXR 1950
MT,NXR 1951
MT,NXR 1971
MT,NXR 1980
MT,NXR 1981
MT,NXR 1991
MT,NXR 2011
MT,NXR 2012
MT,NXR 2013
MT,NXR 2020
MT,NXR 2030
MT,NXR 2032
MT,NXR 2040
MT,NXR 2041
MT,NXR 2053
MT,NXR 2061
MT,NXR 2063
MT,NXR 2066
MT,NXR 2067
MT,NXR 2068
MT,NXR 2069
MT,NXR 2070
MT,NXR 2080
MT,NXR 2081
MT,NXR 2090
MT,NXR 2101
MT,NXR 2102
MT,NXR 2103
MT,NXR 2104
MT,NXR 2105
MT,NXR 2107
MT,NXR 2109
MT,NXR 2110
MT,NXR 2111
MT,NXR 2121
MT,NXR 2122
MT,NXR 2123
MT,NXR 2130
MT,NXR 2132
MT,NXR 2135
MT,NXR 2140
MT,NXR 2141
MT,NXR 2142
MT,NXR 2143
MT,NXR 2152
MT,NXR 2153
MT,NXR 2154
MT,NXR 2170
MT,NXR 2171
MT,NXR 2200
MT,NXR 2201
MT,NXR 2202
MT,NXR 2205
MT,NXR 2208
MT,NXR 2209
MT,NXR 2212
MT,NXR 2213
MT,NXR 2214
MT,NXR 2216
MT,NXR 2217
MT,NXR 2219
MT,NXR 2220
MT,NXR 2221
MT,NXR 2222
MT,NXR 2223
MT,NXR 2230
MT,NXR 2231
MT,NXR 2232
MT,NXR 2240
MT,NXR 2241
MT,NXR 2250
MT,NXR 2251
MT,NXR 2260
MT,NXR 2261
MT,NXR 2262
MT,NXR 2263
MT,NXR 2270
MT,NXR 2271
MT,NXR 2273
MT,NXR 2280
MT,NXR 2281
MT,NXR 2282
MT,NXR 2290
MT,NXR 2291
MT,NXR 2292
MT,NXR 2293
MT,NXR 2294
MT,NXR 2295
MT,NXR 2297
MT,NXR 2301
MT,NXR 2303
MT,NXR 2305
MT,NXR 2313
MT,NXR 2314
MT,NXR 2315
MT,NXR 2316
MT,NXR 2317
MT,NXR 2318
MT,NXR 2319
MT,NXR 2320
MT,NXR 2321
MT,NXR 2322
MT,NXR 2323
MT,NXR 2324
MT,NXR 2325
MT,NXR 2326
MT,NXR 2330
MT,NXR 2332
MT,NXR 2340
MT,NXR 2341
MT,NXR 2342
MT,NXR 2343
MT,NXR 2351
MT,NXR 2352
MT,NXR 2355
MT,NXR 2357
MT,NXR 2360
MT,NXR 2361
MT,NXR 2362
MT,NXR 2363
MT,NXR 2364
MT,NXR 2365
MT,NXR 2366
MT,NXR 2367
MT,NXR 2368
MT,NXR 2369
MT,NXR 2371
MT,NXR 2372
MT,NXR 2373
MT,NXR 2390
MT,NXR 2401
MT,NXR 2402
MT,NXR 2403
MT,NXR 2404
MT,NXR 2405
MT,NXR 2406
MT,NXR 2407
MT,NXR 2408
MT,NXR 2409
MT,NXR 2411
MT,NXR 2420
MT,NXR 2421
MT,NXR 2430
MT,NXR 2431
MT,NXR 2440
MT,NXR 2441
MT,NXR 2460
MT,NXR 2461
MT,NXR 2462
MT,NXR 2463
MT,NXR 2470
MT,NXR 2471
MT,NXR 2472
MT,NXR 2473
MT,NXR 2474
MT,NXR 2480
MT,NXR 2481
MT,NXR 2482
MT,NXR 2483
MT,NXR 2490
MT,NXR 2500
MT,NXR 2501
MT,NXR 2502
MT,NXR 2503
MT,NXR 2504
MT,NXR 2505
MT,NXR 2506
MT,NXR 2510
MT,NXR 2511
MT,NXR 2520
MT,NXR 2521
MT,NXR 2522
MT,NXR 2523
MT,NXR 2525
MT,NXR 2530
MT,NXR 2531
MT,NXR 2532
MT,NXR 2533
MT,NXR 2540
MT,NXR 2541
MT,NXR 2542
MT,NXR 2543
MT,NXR 2545
MT,NXR 2548
MT,NXR 2549
MT,NXR 2552
MT,NXR 2553
MT,NXR 2554
MT,NXR 2555
MT,NXR 2556
MT,NXR 2557
MT,NXR 2558
MT,NXR 2559
MT,NXR 2560
MT,NXR 2561
MT,NXR 2562
MT,NXR 2570
MT,NXR 2571
MT,NXR 2580
MT,NXR 2581
MT,NXR 2590
MT,NXR 2592
MT,NXR 2600
MT,NXR 2602
MT,NXR 2603
MT,NXR 2604
MT,NXR 2605
MT,NXR 2606
MT,NXR 2607
MT,NXR 2608
MT,NXR 2609
MT,NXR 2611
MT,NXR 2620
MT,NXR 2622
MT,NXR 2623
MT,NXR 2624
MT,NXR 2625
MT,NXR 2626
MT,NXR 2628
MT,NXR 2630
MT,NXR 2640
MT,NXR 2641
MT,NXR 2650
MT,NXR 2651
MT,NXR 2652
MT,NXR 2653
MT,NXR 2654
MT,NXR 2655
MT,NXR 2660
MT,NXR 2670
MT,NXR 2671
MT,NXR 2680
MT,NXR 2681
MT,NXR 2700
MT,NXR 3020
MT,NXR 3021
MT,NXR 3022
MT,NXR 3024
MT,NXR 3025
MT,NXR 3026
MT,NXR 3027
MT,NXR 3028
MT,NXR 3029
MT,NXR 3030
MT,NXR 3040
MT,NXR 3043
MT,NXR 3050
MT,NXR 3051
MT,NXR 3071
MT,NXR 3080
MT,NXR 3100
MT,NXR 3101
MT,NXR 3102
MT,NXR 3120
MT,NXR 3131
MT,NXR 3140
MT,NXR 3141
MT,NXR 3150
MT,NXR 3151
MT,NXR 3160
MT,NXR 3161
MT,NXR 3162
MT,NXR 3170
MT,NXR 3171
MT,NXR 3172
MT,NXR 3173
MT,NXR 3182
MT,NXR 3183
MT,NXR 3184
MT,NXR 3185
MT,NXR 3187
MT,NXR 3200
MT,NXR 3201
MT,NXR 3202
MT,NXR 3203
MT,NXR 3204
MT,NXR 3205
MT,NXR 3206
MT,NXR 3210
MT,NXR 3211
MT,NXR 3212
MT,NXR 3213
MT,NXR 3220
MT,NXR 3221
MT,NXR 3223
MT,NXR 3224
MT,NXR 3227
MT,NXR 3228
MT,NXR 3229
MT,NXR 3230
MT,NXR 3231
MT,NXR 3232
MT,NXR 3233
MT,NXR 3240
MT,NXR 3241
MT,NXR 3242
MT,NXR 3243
MT,NXR 3250
MT,NXR 3251
MT,NXR 3252
MT,NXR 3253
MT,NXR 3254
MT,NXR 3255
MT,NXR 3260
MT,NXR 3261
MT,NXR 3262
MT,NXR 3263
MT,NXR 3271
MT,NXR 3273
MT,NXR 3280
MT,NXR 3300
MT,NXR 3301
MT,NXR 3310
MT,NXR 3312
MT,NXR 3320
MT,NXR 3321
MT,NXR 3330
MT,NXR 3331
MT,NXR 3332
MT,NXR 3334
MT,NXR 3335
MT,NXR 3336
MT,NXR 3337
MT,NXR 3339
MT,NXR 3340
MT,NXR 3342
MT,NXR 3343
MT,NXR 3354
MT,NXR 3355
MT,NXR 3356
MT,NXR 3357
MT,NXR 3359
MT,NXR 3360
MT,NXR 3362
MT,NXR 3363
MT,NXR 3370
MT,NXR 3371
MT,NXR 3372
MT,NXR 3373
MT,NXR 3380
MT,NXR 3381
MT,NXR 3391
MT,NXR 3400
MT,NXR 3402
MT,NXR 3404
MT,NXR 3405
MT,NXR 3406
MT,NXR 3407
MT,NXR 3408
MT,NXR 3409
MT,NXR 3410
MT,NXR 3411
MT,NXR 3412
MT,NXR 3413
MT,NXR 3420
MT,NXR 3421
MT,NXR 3422
MT,NXR 3423
MT,NXR 3430
MT,NXR 3432
MT,NXR 3433
MT,NXR 3434
MT,NXR 3435
MT,NXR 3436
MT,NXR 3437
MT,NXR 3450
MT,NXR 3451
MT,NXR 3452
MT,NXR 3453
MT,NXR 3460
MT,NXR 3461
MT,NXR 3462
MT,NXR 3463
MT,NXR 3470
MT,NXR 3472
MT,NXR 3480
MT,NXR 3482
MT,NXR 3500
MT,NXR 3501
MT,NXR 3510
MT,NXR 3512
MT,NXR 3513
MT,NXR 3520
MT,NXR 3522
MT,NXR 3523
MT,NXR 3531
MT,NXR 3540
MT,NXR 3542
MT,NXR 3543
MT,NXR 3550
MT,NXR 3552
MT,NXR 3553
MT,NXR 3561
MT,NXR 3562
MT,NXR 3563
MT,NXR 3570
MT,NXR 3571
MT,NXR 3572
MT,NXR 3573
MT,NXR 3574
MT,NXR 3575
MT,NXR 3576
MT,NXR 3577
MT,NXR 3578
MT,NXR 3579
MT,NXR 3590
MT,NXR 3600
MT,NXR 3601
MT,NXR 3603
MT,NXR 3610
MT,NXR 3611
MT,NXR 3612
MT,NXR 3613
MT,NXR 3622
MT,NXR 3623
MT,NXR 3624
MT,NXR 3625
MT,NXR 3626
MT,NXR 3627
MT,NXR 3630
MT,NXR 3631
MT,NXR 3632
MT,NXR 3633
MT,NXR 3640
MT,NXR 3641
MT,NXR 3642
MT,NXR 3643
MT,NXR 3644
MT,NXR 3645
MT,NXR 3647
MT,NXR 3650
MT,NXR 3651
MT,NXR 3652
MT,NXR 3660
MT,NXR 3661
MT,NXR 3663
MT,NXR 3670
MT,NXR 3671
MT,NXR 3680
MT,NXR 3681
MT,NXR 3682
MT,NXR 3683
MT,NXR 3685
MT,NXR 4010
MT,NXR 4011
MT,NXR 4012
MT,NXR 4013
MT,NXR 4014
MT,NXR 4015
MT,NXR 4016
MT,NXR 4017
MT,NXR 4018
MT,NXR 4019
MT,NXR 4020
MT,NXR 4022
MT,NXR 4036
MT,NXR 4038
MT,NXR 4040
MT,NXR 4041
MT,NXR 4042
MT,NXR 4043
MT,NXR 4050
MT,NXR 4051
MT,NXR 4052
MT,NXR 4053
MT,NXR 4054
MT,NXR 4055
MT,NXR 4056
MT,NXR 4058
MT,NXR 4059
MT,NXR 4060
MT,NXR 4061
MT,NXR 4062
MT,NXR 4063
MT,NXR 4071
MT,NXR 4072
MT,NXR 4073
MT,NXR 4074
MT,NXR 4080
MT,NXR 4081
MT,NXR 4082
MT,NXR 4083
MT,NXR 4090
MT,NXR 4100
MT,NXR 4101
MT,NXR 4102
MT,NXR 4103
MT,NXR 4105
MT,NXR 4106
MT,NXR 4107
MT,NXR 4108
MT,NXR 4109
MT,NXR 4110
MT,NXR 4112
MT,NXR 4113
MT,NXR 4120
MT,NXR 4121
MT,NXR 4122
MT,NXR 4123
MT,NXR 4124
MT,NXR 4125
MT,NXR 4130
MT,NXR 4131
MT,NXR 4132
MT,NXR 4133
MT,NXR 4135
MT,NXR 4140
MT,NXR 4141
MT,NXR 4142
MT,NXR 4143
MT,NXR 4150
MT,NXR 4151
MT,NXR 4162
MT,NXR 4163
MT,NXR 4164
MT,NXR 4165
MT,NXR 4190
MT,NXR 4200
MT,NXR 4201
MT,NXR 4210
MT,NXR 4212
MT,NXR 4220
MT,NXR 4221
MT,NXR 4222
MT,NXR 4230
MT,NXR 4231
MT,NXR 4232
MT,NXR 4233
MT,NXR 4240
MT,NXR 4250
MT,NXR 4254
MT,NXR 4260
MT,NXR 4300
MT,NXR 4301
MT,NXR 4310
MT,NXR 4311
MT,NXR 4320
MT,NXR 4321
MT,NXR 4322
MT,NXR 4323
MT,NXR 4400
MT,NXR 4402
MT,NXR 4403
MT,NXR 4411
MT,NXR 4414
MT,NXR 4415
MT,NXR 4420
MT,NXR 4421
MT,NXR 4422
MT,NXR 4423
MT,NXR 4424
MT,NXR 4431
MT,NXR 4433
MT,NXR 4600
MT,NXR 4602
MT,NXR 4604
MT,NXR 4606
MT,NXR 4607
MT,NXR 4608
MT,NXR 4609
MT,NXR 4610
MT,NXR 4612
MT,NXR 4613
MT,NXR 4620
MT,NXR 5011
MT,NXR 5013
MT,NXR 5021
MT,NXR 5023
MT,NXR 5027
MT,NXR 5031
MT,NXR 5032
MT,NXR 5033
MT,NXR 5034
MT,NXR 5035
MT,NXR 5036
MT,NXR 5040
MT,NXR 5041
MT,NXR 5042
MT,NXR 5050
MT,NXR 5051
MT,NXR 5061
MT,NXR 5062
MT,NXR 5063
MT,NXR 5070
MT,NXR 5072
MT,NXR 5073
MT,NXR 5074
MT,NXR 5075
MT,NXR 5077
MT,NXR 5100
MT,NXR 5101
MT,NXR 5110
MT,NXR 5118
MT,NXR 5120
MT,NXR 5121
MT,NXR 5122
MT,NXR 5130
MT,NXR 5131
MT,NXR 5132
MT,NXR 5133
MT,NXR 5134
MT,NXR 5135
MT,NXR 5136
MT,NXR 5138
MT,NXR 5139
MT,NXR 5140
MT,NXR 5141
MT,NXR 5143
MT,NXR 5150
MT,NXR 5151
MT,NXR 5160
MT,NXR 5161
MT,NXR 5162
MT,NXR 5163
MT,NXR 5164
MT,NXR 5166
MT,NXR 5167
MT,NXR 5169
MT,NXR 5172
MT,NXR 5173
MT,NXR 5181
MT,NXR 5183
MT,NXR 5185
MT,NXR 5190
MT,NXR 5192
MT,NXR 5201
MT,NXR 5203
MT,NXR 5205
MT,NXR 5206
MT,NXR 5208
MT,NXR 5211
MT,NXR 5212
MT,NXR 5213
MT,NXR 5217
MT,NXR 5218
MT,NXR 5219
MT,NXR 5220
MT,NXR 5221
MT,NXR 5222
MT,NXR 5230
MT,NXR 5231
MT,NXR 5232
MT,NXR 5233
MT,NXR 5240
MT,NXR 5241
MT,NXR 5242
MT,NXR 5243
MT,NXR 5250
MT,NXR 5251
MT,NXR 5254
MT,NXR 5260
MT,NXR 5270
MT,NXR 5271
MT,NXR 5272
MT,NXR 5273
MT,NXR 5275
MT,NXR 5281
MT,NXR 5290
MT,NXR 5291
MT,NXR 5300
MT,NXR 5301
MT,NXR 5314
MT,NXR 5315
MT,NXR 5324
MT,NXR 5325
MT,NXR 5330
MT,NXR 5331
MT,NXR 5334
MT,NXR 5336
MT,NXR 5401
MT,NXR 6011
MT,NXR 6013
MT,NXR 6015
MT,NXR 6017
MT,NXR 6021
MT,NXR 6023
MT,NXR 6025
MT,NXR 6030
MT,NXR 6031
MT,NXR 6032
MT,NXR 6040
MT,NXR 6041
MT,NXR 6050
MT,NXR 6051
MT,NXR 6052
MT,NXR 6056
MT,NXR 6061
MT,NXR 6071
MT,NXR 6110
MT,NXR 6111
MT,NXR 6311
MT,NXR 6330
MT,NXR 6331
MT,NXR 6335
MT,NXR 6336
MT,NXR 6337
MT,NXR 6338
MT,NXR 6343
MT,NXR 6345
MT,NXR 6347
MT,NXR 6351
MT,NXR 6353
MT,NXR 6354
MT,NXR 6355
MT,NXR 6364
MT,NXR 6365
MT,NXR 6370
MT,NXR 6403
MT,NXR 6404
MT,NXR 6405
MT,NXR 6407
MT,NXR 6410
MT,NXR 6412
MT,NXR 6430
MT,NXR 6431
MT,NXR 6432
MT,NXR 6433
MT,NXR 6439
MT,NXR 6440
MT,NXR 6441
MT,NXR 6443
MT,NXR 6451
MT,NXR 6476
MT,NXR 6477
MT,NXR 6500
MT,NXR 6501
MT,NXR 6503
MT,NXR 6504
MT,NXR 6510
MT,NXR 6511
MT,NXR 6512
MT,NXR 6513
MT,NXR 6514
MT,NXR 6515
MT,NXR 6516
MT,NXR 6517
MT,NXR 6518
MT,NXR 6519
MT,NXR 6520
MT,NXR 6521
MT,NXR 6530
MT,NXR 6531
MT,NXR 6540
MT,NXR 6541
MT,NXR 6542
MT,NXR 6543
MT,NXR 6544
MT,NXR 6570
MT,NXR 6601
MT,NXR 6611
MT,NXR 6613
MT,NXR 6616
MT,NXR 6617
MT,NXR 6633
MT,NXR 6700
MT,NXR 6701
MT,NXR 6710
MT,NXR 6712
MT,NXR 6713
MT,NXR 6790
MT,NXR 9020
MT,NXR 9021
MT,NXR 9022
MT,NXR 9023
MT,NXR 9025
MT,NXR 9027
MT,NXR 9038
MT,NXR 9039
MT,PBK 1010
MT,PBK 1012
MT,PBK 1014
MT,PBK 1016
MT,PBK 1020
MT,PBK 1022
MT,PBK 1030
MT,PBK 1031
MT,PBK 1041
MT,PBK 1043
MT,PBK 1044
MT,PBK 1060
MT,PBK 1061
MT,PBK 1073
MT,PBK 1081
MT,PBK 1092
MT,PBK 1094
MT,PBK 1100
MT,PBK 1101
MT,PBK 1103
MT,PBK 1110
MT,PBK 1111
MT,PBK 1112
MT,PBK 1113
MT,PBK 1121
MT,PBK 1123
MT,PBK 1130
MT,PBK 1131
MT,PBK 1132
MT,PBK 1133
MT,PBK 1140
MT,PBK 1141
MT,PBK 1142
MT,PBK 1143
MT,PBK 1150
MT,PBK 1151
MT,PBK 1160
MT,PBK 1162
MT,PBK 1163
MT,PBK 1164
MT,PBK 1165
MT,PBK 1166
MT,PBK 1167
MT,PBK 1168
MT,PBK 1169
MT,PBK 1200
MT,PBK 1201
MT,PBK 1202
MT,PBK 1203
MT,PBK 1204
MT,PBK 1210
MT,PBK 1220
MT,PBK 1221
MT,PBK 1222
MT,PBK 1224
MT,PBK 1230
MT,PBK 1231
MT,PBK 1241
MT,PBK 1251
MT,PBK 1253
MT,PBK 1255
MT,PBK 1257
MT,PBK 1259
MT,PBK 1260
MT,PBK 1261
MT,PBK 1300
MT,PBK 1301
MT,PBK 1302
MT,PBK 1303
MT,PBK 1310
MT,PBK 1311
MT,PBK 1312
MT,PBK 1313
MT,PBK 1314
MT,PBK 1315
MT,PBK 1316
MT,PBK 1318
MT,PBK 1319
MT,PBK 1320
MT,PBK 1321
MT,PBK 1330
MT,PBK 1331
MT,PBK 1332
MT,PBK 1333
MT,PBK 1340
MT,PBK 1342
MT,PBK 1343
MT,PBK 1344
MT,PBK 1345
MT,PBK 1352
MT,PBK 1360
MT,PBK 1370
MT,PBK 1372
MT,PBK 1400
MT,PBK 1402
MT,PBK 1404
MT,PBK 1412
MT,PBK 1413
MT,PBK 1414
MT,PBK 1420
MT,PBK 1422
MT,PBK 1430
MT,PBK 1440
MT,PBK 1441
MT,PBK 1451
MT,PBK 1460
MT,PBK 1461
MT,PBK 1480
MT,PBK 1501
MT,PBK 1502
MT,PBK 1503
MT,PBK 1505
MT,PBK 1506
MT,PBK 1512
MT,PBK 1531
MT,PBK 1532
MT,PBK 1533
MT,PBK 1550
MT,PBK 1551
MT,PBK 1560
MT,PBK 1561
MT,PBK 1602
MT,PBK 1622
MT,PBK 1624
MT,PBK 1634
MT,PBK 1641
MT,PBK 1652
MT,PBK 1660
MT,PBK 1663
MT,PBK 1667
MT,PBK 1670
MT,PBK 1700
MT,PBK 1701
MT,PBK 1710
MT,PBK 1720
MT,PBK 1721
MT,PBK 1730
MT,PBK 1740
MT,PBK 1750
MT,PBK 1770
MT,PBK 1772
MT,PBK 1773
MT,PBK 1776
MT,PBK 1777
MT,PBK 1800
MT,PBK 1810
MT,PBK 1820
MT,PBK 1831
MT,PBK 1840
MT,PBK 1841
MT,PBK 1901
MT,PBK 1910
MT,PBK 1920
MT,PBK 1930
MT,PBK 1931
MT,PBK 1940
MT,PBK 1950
MT,PBK 1960
MT,PBK 1973
MT,PBK 1980
MT,PBK 1990
MT,PBK 2010
MT,PBK 2011
MT,PLA 1000
MT,PLA 1010
MT,PLA 1011
MT,PLA 1012
MT,PLA 1013
MT,PLA 1014
MT,PLA 1015
MT,PLA 1016
MT,PLA 1017
MT,PLA 1020
MT,PLA 1021
MT,PLA 1022
MT,PLA 1023
MT,PLA 1024
MT,PLA 1025
MT,PLA 1026
MT,PLA 1027
MT,PLA 1028
MT,PLA 1030
MT,PLA 1031
MT,PLA 1040
MT,PLA 1041
MT,PLA 1042
MT,PLA 1043
MT,PLA 1044
MT,PLA 1045
MT,PLA 1046
MT,PLA 1049
MT,PLA 1050
MT,PLA 1051
MT,PLA 1052
MT,PLA 1053
MT,PLA 1054
MT,PLA 1055
MT,PLA 1056
MT,PLA 1057
MT,PLA 1058
MT,PLA 1059
MT,PLA 1060
MT,PLA 1062
MT,PLA 1063
MT,PLA 1070
MT,PLA 1072
MT,PLA 1073
MT,PLA 1074
MT,PLA 1075
MT,PLA 1076
MT,PLA 1077
MT,PLA 1078
MT,PLA 1079
MT,PLA 1090
MT,PLA 1091
MT,PLA 1092
MT,PLA 1093
MT,PLA 1100
MT,PLA 1101
MT,PLA 1102
MT,PLA 1103
MT,PLA 1104
MT,PLA 1105
MT,PLA 1106
MT,PLA 1107
MT,PLA 1108
MT,PLA 1109
MT,PLA 1110
MT,PLA 1111
MT,PLA 1112
MT,PLA 1113
MT,PLA 1114
MT,PLA 1115
MT,PLA 1117
MT,PLA 1118
MT,PLA 1119
MT,PLA 1120
MT,PLA 1121
MT,PLA 1122
MT,PLA 1123
MT,PLA 1124
MT,PLA 1125
MT,PLA 1126
MT,PLA 1127
MT,PLA 1128
MT,PLA 1129
MT,PLA 1130
MT,PLA 1131
MT,PLA 1132
MT,PLA 1133
MT,PLA 1135
MT,PLA 1137
MT,PLA 1138
MT,PLA 1139
MT,PLA 1140
MT,PLA 1141
MT,PLA 1142
MT,PLA 1143
MT,PLA 1144
MT,PLA 1145
MT,PLA 1146
MT,PLA 1147
MT,PLA 1148
MT,PLA 1149
MT,PLA 1150
MT,PLA 1160
MT,PLA 1161
MT,PLA 1162
MT,PLA 1163
MT,PLA 1164
MT,PLA 1165
MT,PLA 1167
MT,PLA 1171
MT,PLA 1210
MT,PLA 1211
MT,PLA 1212
MT,PLA 1213
MT,PLA 1214
MT,PLA 1215
MT,PLA 1216
MT,PLA 1217
MT,PLA 1218
MT,PLA 1219
MT,PLA 1220
MT,PLA 1221
MT,PLA 1222
MT,PLA 1223
MT,PLA 1225
MT,PLA 1226
MT,PLA 1227
MT,PLA 1228
MT,PLA 1229
MT,PLA 1230
MT,PLA 1231
MT,PLA 1232
MT,PLA 1233
MT,PLA 1234
MT,PLA 1235
MT,PLA 1236
MT,PLA 1237
MT,PLA 1238
MT,PLA 1239
MT,PLA 1240
MT,PLA 1242
MT,PLA 1243
MT,PLA 1245
MT,PLA 1246
MT,PLA 1247
MT,PLA 1248
MT,PLA 1249
MT,PLA 1250
MT,PLA 1251
MT,PLA 1252
MT,PLA 1253
MT,PLA 1254
MT,PLA 1255
MT,PLA 1256
MT,PLA 1257
MT,PLA 1260
MT,PLA 1261
MT,PLA 1262
MT,PLA 1263
MT,PLA 1264
MT,PLA 1266
MT,PLA 1267
MT,PLA 1268
MT,PLA 1269
MT,PLA 1270
MT,PLA 1273
MT,PLA 1290
MT,PLA 1291
MT,PLA 1293
MT,PLA 1300
MT,PLA 1301
MT,PLA 1302
MT,PLA 1303
MT,PLA 1310
MT,PLA 1312
MT,PLA 1313
MT,PLA 1314
MT,PLA 1315
MT,PLA 1320
MT,PLA 1321
MT,PLA 1322
MT,PLA 1323
MT,PLA 1331
MT,PLA 1333
MT,PLA 1340
MT,PLA 1341
MT,PLA 1343
MT,PLA 1350
MT,PLA 1352
MT,PLA 1353
MT,PLA 1360
MT,PLA 1362
MT,PLA 1363
MT,PLA 1364
MT,PLA 1370
MT,PLA 1371
MT,PLA 1372
MT,PLA 1373
MT,PLA 1400
MT,PLA 1402
MT,PLA 1403
MT,PLA 1404
MT,PLA 1405
MT,PLA 1406
MT,PLA 1407
MT,PLA 1408
MT,PLA 1409
MT,PLA 1410
MT,PLA 1411
MT,PLA 1412
MT,PLA 1413
MT,PLA 1414
MT,PLA 1415
MT,PLA 1416
MT,PLA 1417
MT,PLA 1418
MT,PLA 1419
MT,PLA 1420
MT,PLA 1421
MT,PLA 1422
MT,PLA 1423
MT,PLA 1424
MT,PLA 1425
MT,PLA 1426
MT,PLA 1427
MT,PLA 1428
MT,PLA 1429
MT,PLA 1430
MT,PLA 1431
MT,PLA 1440
MT,PLA 1441
MT,PLA 1450
MT,PLA 1451
MT,PLA 1452
MT,PLA 1453
MT,PLA 1454
MT,PLA 1460
MT,PLA 1461
MT,PLA 1462
MT,PLA 1463
MT,PLA 1465
MT,PLA 1466
MT,PLA 1467
MT,PLA 1468
MT,PLA 1469
MT,PLA 1470
MT,PLA 1480
MT,PLA 1481
MT,PLA 1482
MT,PLA 1483
MT,PLA 1500
MT,PLA 1501
MT,PLA 1510
MT,PLA 1511
MT,PLA 1512
MT,PLA 1513
MT,PLA 1514
MT,PLA 1515
MT,PLA 1517
MT,PLA 1520
MT,PLA 1531
MT,PLA 1532
MT,PLA 1533
MT,PLA 1534
MT,PLA 1535
MT,PLA 1540
MT,PLA 1541
MT,PLA 1543
MT,PLA 1550
MT,PLA 1551
MT,PLA 1552
MT,PLA 1553
MT,PLA 1554
MT,PLA 1555
MT,PLA 1556
MT,PLA 1557
MT,PLA 1558
MT,PLA 1559
MT,PLA 1560
MT,PLA 1561
MT,PLA 1570
MT,PLA 1572
MT,PLA 1573
MT,PLA 1574
MT,PLA 1575
MT,PLA 1576
MT,PLA 1577
MT,PLA 1578
MT,PLA 1579
MT,PLA 1580
MT,PLA 1581
MT,PLA 1583
MT,PLA 1590
MT,PLA 1600
MT,PLA 1602
MT,PLA 1603
MT,PLA 1604
MT,PLA 1605
MT,PLA 1606
MT,PLA 1607
MT,PLA 1608
MT,PLA 1609
MT,PLA 1610
MT,PLA 1611
MT,PLA 1612
MT,PLA 1613
MT,PLA 1615
MT,PLA 1616
MT,PLA 1620
MT,PLA 1621
MT,PLA 1622
MT,PLA 1623
MT,PLA 1630
MT,PLA 1631
MT,PLA 1632
MT,PLA 1633
MT,PLA 1640
MT,PLA 1642
MT,PLA 1643
MT,PLA 1650
MT,PLA 1651
MT,PLA 1652
MT,PLA 1653
MT,PLA 1660
MT,PLA 1661
MT,PLA 1663
MT,PLA 1671
MT,PLA 1673
MT,PLA 1674
MT,PLA 1675
MT,PLA 1677
MT,PLA 1680
MT,PLA 1681
MT,PLA 1691
MT,PLA 1702
MT,PLA 1704
MT,PLA 1705
MT,PLA 1706
MT,PLA 1708
MT,PLA 1722
MT,PLA 1723
MT,PLA 1724
MT,PLA 1725
MT,PLA 1726
MT,PLA 1729
MT,PLA 1730
MT,PLA 1732
MT,PLA 1733
MT,PLA 1740
MT,PLA 1741
MT,PLA 1750
MT,PLA 1752
MT,PLA 1753
MT,PLA 1760
MT,PLA 1761
MT,PLA 1762
MT,PLA 1763
MT,PLA 1764
MT,PLA 1765
MT,PLA 1770
MT,PLA 1771
MT,PLA 1772
MT,PLA 1773
MT,PLA 1780
MT,PLA 1781
MT,PLA 1790
MT,PLA 1791
MT,PLA 1801
MT,PLA 1803
MT,PLA 1804
MT,PLA 1805
MT,PLA 1810
MT,PLA 1811
MT,PLA 1820
MT,PLA 1822
MT,PLA 1823
MT,PLA 1831
MT,PLA 1832
MT,PLA 1833
MT,PLA 1834
MT,PLA 1835
MT,PLA 1900
MT,PLA 1901
MT,PLA 1902
MT,PLA 1903
MT,PLA 1904
MT,PLA 1905
MT,PLA 1906
MT,PLA 1907
MT,PLA 1920
MT,PLA 1930
MT,PLA 1950
MT,PLA 1951
MT,PLA 1952
MT,PLA 1953
MT,PLA 1960
MT,PLA 1961
MT,PLA 1962
MT,PLA 1970
MT,PLA 2013
MT,PLA 2014
MT,PLA 2015
MT,PLA 2020
MT,PLA 2021
MT,PLA 2030
MT,PLA 2034
MT,PLA 2036
MT,PLA 2038
MT,PLA 2040
MT,PLA 2041
MT,PLA 2060
MT,PLA 2061
MT,PLA 2100
MT,PLA 2101
MT,PLA 2112
MT,PLA 2114
MT,PLA 2115
MT,PLA 2120
MT,PLA 2143
MT,PLA 2150
MT,PLA 2151
MT,PLA 2152
MT,PLA 2154
MT,PLA 2213
MT,PLA 2232
MT,PLA 2233
MT,PLA 2271
MT,PLA 2291
MT,PLA 2292
MT,PLA 2293
MT,PLA 2300
MT,PLA 2301
MT,PLA 2310
MT,PLA 2311
MT,PLA 2400
MT,PLA 2430
MT,PLA 3000
MT,PLA 9010
MT,PLA 9011
MT,PLA 9013
MT,PLA 9019
MT,PLA 9021
MT,PLA 9023
MT,PLA 9024
MT,PLA 9025
MT,PLA 9030
MT,PLA 9031
MT,PLA 9032
MT,PLA 9040
MT,PLA 9041
MT,PLA 9042
MT,PLA 9043
MT,PLA 9044
MT,PLA 9045
MT,PLA 9048
MT,PLA 9050
MT,PLA 9051
MT,PLA 9052
MT,PLA 9053
MT,PLA 9054
MT,PLA 9055
MT,PLA 9056
MT,PLA 9062
MT,PLA 9063
MT,PLA 9080
MT,PTA 1000
MT,PTA 1010
MT,PTA 1011
MT,PTA 1020
MT,PTA 1021
MT,PTA 1022
MT,PTA 1023
MT,PTA 1024
MT,PTA 1025
MT,PTA 1026
MT,PTA 1027
MT,PTA 1030
MT,PTA 1031
MT,PTA 1032
MT,PTA 1033
MT,PTA 1042
MT,PTA 1043
MT,PTA 1044
MT,PTA 1045
MT,PTA 1050
MT,PTA 1051
MT,PTA 1052
MT,PTA 1053
MT,PTA 1054
MT,PTA 1055
MT,PTA 1056
MT,PTA 1057
MT,PTA 1100
MT,PTA 1101
MT,PTA 1102
MT,PTA 1103
MT,PTA 1104
MT,PTA 1105
MT,PTA 1106
MT,PTA 1107
MT,PTA 1108
MT,PTA 1109
MT,PTA 1110
MT,PTA 1111
MT,PTA 1112
MT,PTA 1113
MT,PTA 1114
MT,PTA 1115
MT,PTA 1116
MT,PTA 1117
MT,PTA 1120
MT,PTA 1140
MT,PTA 1141
MT,PTA 1142
MT,PTA 1143
MT,PTA 1144
MT,PTA 1145
MT,PTA 1146
MT,PTA 1147
MT,PTA 1200
MT,PTA 1201
MT,PTA 1202
MT,PTA 1203
MT,PTA 1204
MT,PTA 1205
MT,PTA 1207
MT,PTA 1209
MT,PTA 1210
MT,PTA 1211
MT,PTA 1220
MT,PTA 1221
MT,PTA 1222
MT,PTA 1223
MT,PTA 1224
MT,PTA 1225
MT,PTA 1226
MT,PTA 1227
MT,PTA 1228
MT,PTA 1229
MT,PTA 1230
MT,PTA 1231
MT,PTA 1232
MT,PTA 1233
MT,PTA 1235
MT,PTA 1236
MT,PTA 1240
MT,PTA 1290
MT,PTA 1291
MT,PTA 1292
MT,PTA 1293
MT,PTA 1294
MT,PTA 1297
MT,PTA 1300
MT,PTA 1310
MT,PTA 1311
MT,PTA 1312
MT,PTA 1313
MT,PTA 1314
MT,PTA 1315
MT,PTA 1316
MT,PTA 1317
MT,PTA 1318
MT,PTA 1319
MT,PTA 1320
MT,PTA 1331
MT,PTA 1400
MT,PTA 1401
MT,PTA 1402
MT,PTA 1403
MT,PTA 1410
MT,PTA 1411
MT,PTA 1420
MT,PTA 1421
MT,PTA 1422
MT,PTA 1423
MT,PTA 1424
MT,PTA 1425
MT,PTA 1426
MT,PTA 1427
MT,PTA 1428
MT,PTA 1430
MT,PTA 1435
MT,PTA 1436
MT,PTA 1438
MT,PTA 1450
MT,PTA 1451
MT,PTA 1470
MT,PTA 1471
MT,PTA 1500
MT,PTA 1501
MT,PTA 1502
MT,PTA 1503
MT,PTA 1510
MT,PTA 1511
MT,PTA 1512
MT,PTA 1513
MT,PTA 1530
MT,PTA 1531
MT,PTA 1532
MT,PTA 1533
MT,PTA 1540
MT,PTA 1541
MT,PTA 1542
MT,PTA 1543
MT,PTA 1550
MT,PTA 1551
MT,PTA 1552
MT,PTA 1553
MT,PTA 1600
MT,PTA 1601
MT,PTA 1611
MT,PTA 1621
MT,PTA 1630
MT,PTA 1631
MT,PTA 1632
MT,PTA 1633
MT,PTA 1634
MT,PTA 1635
MT,PTA 1640
MT,PTA 1641
MT,PTA 9040
MT,PTA 9041
MT,PTA 9042
MT,PTA 9043
MT,PTA 9044
MT,PTA 9045
MT,PTA 9046
MT,PTA 9047
MT,QLA 1010
MT,QLA 1011
MT,QLA 1020
MT,QLA 1021
MT,QLA 1024
MT,QLA 1025
MT,QLA 1026
MT,QLA 1027
MT,QLA 1028
MT,QLA 1029
MT,QLA 1030
MT,QLA 1031
MT,QLA 1032
MT,QLA 1033
MT,QLA 1040
MT,QLA 1041
MT,QLA 1042
MT,QLA 1043
MT,QLA 1045
MT,QLA 1050
MT,QLA 1051
MT,QLA 1052
MT,QLA 1053
MT,QLA 1054
MT,QLA 1060
MT,QLA 1061
MT,QLA 1062
MT,QLA 1063
MT,QLA 1071
MT,QLA 1072
MT,QLA 1073
MT,QLA 1075
MT,QLA 1080
MT,QLA 1081
MT,QLA 1082
MT,QLA 1083
MT,QLA 1090
MT,QLA 1091
MT,QLA 1110
MT,QLA 1111
MT,QLA 1112
MT,QLA 1113
MT,QLA 1114
MT,QLA 1115
MT,QLA 1120
MT,QLA 1122
MT,QLA 1123
MT,QLA 1124
MT,QLA 1125
MT,QLA 1140
MT,QLA 1141
MT,QLA 1142
MT,QLA 1143
MT,QLA 1180
MT,QLA 1181
MT,QLA 1182
MT,QLA 1183
MT,QLA 1200
MT,QLA 1201
MT,QLA 1202
MT,QLA 1203
MT,QLA 1206
MT,QLA 1208
MT,QLA 1209
MT,QLA 1210
MT,QLA 1211
MT,QLA 1240
MT,QLA 1241
MT,QLA 1242
MT,QLA 1245
MT,QLA 1247
MT,QLA 1250
MT,QLA 1251
MT,QLA 1270
MT,QLA 1271
MT,QLA 1272
MT,QLA 1300
MT,QLA 1302
MT,QLA 1303
MT,QLA 1310
MT,QLA 1311
MT,QLA 1312
MT,QLA 1313
MT,QLA 1314
MT,QLA 1315
MT,QLA 1316
MT,QLA 1317
MT,QLA 1320
MT,QLA 1321
MT,QLA 1330
MT,QLA 1331
MT,QLA 1332
MT,QLA 1333
MT,QLA 1334
MT,QLA 1335
MT,QLA 1370
MT,QLA 1400
MT,QLA 1401
MT,QLA 1402
MT,QLA 1410
MT,QLA 1411
MT,QLA 1420
MT,QLA 1421
MT,QLA 1422
MT,QLA 1431
MT,QLA 1432
MT,QLA 1433
MT,QLA 1434
MT,QLA 1435
MT,QLA 1500
MT,QLA 1501
MT,QLA 1502
MT,QLA 1503
MT,QLA 1504
MT,QLA 1600
MT,QLA 1601
MT,QLA 1610
MT,QLA 1611
MT,QLA 1612
MT,QLA 1613
MT,QLA 1622
MT,QLA 1630
MT,QLA 1631
MT,QLA 1632
MT,QLA 1641
MT,QLA 1643
MT,QLA 1645
MT,QLA 1650
MT,QLA 1651
MT,QLA 1660
MT,QLA 1662
MT,QLA 1664
MT,QLA 1670
MT,QLA 1700
MT,QLA 1701
MT,QLA 1702
MT,QLA 1703
MT,QLA 1704
MT,QLA 1705
MT,QLA 1706
MT,QLA 1708
MT,QLA 1709
MT,QLA 1760
MT,QLA 1770
MT,QLA 1771
MT,QLA 1800
MT,QLA 1801
MT,QLA 1802
MT,QLA 1810
MT,QLA 1811
MT,QLA 1812
MT,QLA 1813
MT,QLA 1820
MT,QLA 1821
MT,QLA 1822
MT,QLA 1823
MT,QLA 1830
MT,QLA 1901
MT,QLA 1910
MT,QLA 1911
MT,QLA 1912
MT,QLA 1913
MT,QLA 1914
MT,QLA 1915
MT,QLA 1916
MT,QLA 1917
MT,QLA 1930
MT,QLA 1932
MT,QLA 1933
MT,QLA 1934
MT,QLA 1935
MT,QLA 1936
MT,QLA 1950
MT,QLA 1951
MT,QLA 2010
MT,QLA 2011
MT,QLA 2012
MT,QLA 2014
MT,QLA 2015
MT,QLA 2017
MT,QLA 2019
MT,QLA 2020
MT,QLA 2021
MT,QLA 2022
MT,QLA 2023
MT,QLA 2024
MT,QLA 2025
MT,QLA 2031
MT,QLA 2040
MT,QLA 2041
MT,QLA 2050
MT,QLA 2130
MT,QLA 2131
MT,QLA 2132
MT,QLA 2133
MT,QLA 9010
MT,QLA 9011
MT,QLA 9012
MT,QLA 9013
MT,QLA 9015
MT,QLA 9016
MT,QLA 9017
MT,QLA 9018
MT,QLA 9019
MT,QLA 9020
MT,QLA 9021
MT,QLA 9022
MT,QLA 9023
MT,QLA 9030
MT,QLA 9031
MT,QLA 9032
MT,QLA 9033
MT,QLA 9041
MT,QLA 9042
MT,QLA 9043
MT,QRD 1010
MT,QRD 1011
MT,QRD 1012
MT,QRD 1013
MT,QRD 1014
MT,QRD 1020
MT,QRD 1021
MT,QRD 1022
MT,QRD 1023
MT,QRD 1024
MT,QRD 1025
MT,QRD 1030
MT,QRD 1031
MT,QRD 1040
MT,QRD 1050
MT,QRD 1051
MT,QRD 1060
MT,QRD 1070
MT,QRD 1072
MT,QRD 1080
MT,QRD 1090
MT,QRD 1100
MT,QRD 1101
MT,QRD 1102
MT,QRD 1103
MT,QRD 1110
MT,QRD 1111
MT,QRD 1120
MT,QRD 1121
MT,QRD 1122
MT,QRD 1123
MT,QRD 1124
MT,QRD 1125
MT,QRD 1126
MT,QRD 1127
MT,QRD 1128
MT,QRD 1129
MT,QRD 1130
MT,QRD 1140
MT,QRD 1150
MT,QRD 1160
MT,QRD 1161
MT,QRD 1162
MT,QRD 1163
MT,QRD 1170
MT,QRD 1171
MT,QRD 1180
MT,QRD 1181
MT,QRD 1200
MT,QRD 1201
MT,QRD 1202
MT,QRD 1203
MT,QRD 1212
MT,QRD 1213
MT,QRD 1214
MT,QRD 1215
MT,QRD 1216
MT,QRD 1217
MT,QRD 1220
MT,QRD 1221
MT,QRD 1230
MT,QRD 1231
MT,QRD 1240
MT,QRD 1241
MT,QRD 1242
MT,QRD 1250
MT,QRD 1251
MT,QRD 1252
MT,QRD 1253
MT,QRD 1254
MT,QRD 1255
MT,QRD 1260
MT,QRD 1261
MT,QRD 1270
MT,QRD 1301
MT,QRD 1303
MT,QRD 1305
MT,QRD 1311
MT,QRD 1313
MT,QRD 1315
MT,QRD 1330
MT,QRD 1340
MT,QRD 1342
MT,QRD 1343
MT,QRD 1350
MT,QRD 1351
MT,QRD 1352
MT,QRD 1353
MT,QRD 1354
MT,QRD 1355
MT,QRD 1356
MT,QRD 1357
MT,QRD 1360
MT,QRD 1361
MT,QRD 1371
MT,QRD 1380
MT,QRD 1381
MT,QRD 1400
MT,QRD 1401
MT,QRD 1402
MT,QRD 1403
MT,QRD 1404
MT,QRD 1405
MT,QRD 1410
MT,QRD 1411
MT,QRD 1412
MT,QRD 1413
MT,QRD 1420
MT,QRD 1421
MT,QRD 1430
MT,QRD 1433
MT,QRD 1440
MT,QRD 1441
MT,QRD 1442
MT,QRD 1443
MT,QRD 1444
MT,QRD 1445
MT,QRD 1447
MT,QRD 1450
MT,QRD 1451
MT,QRD 1461
MT,QRD 1471
MT,QRD 1490
MT,QRD 1491
MT,QRD 1492
MT,QRD 1493
MT,QRD 1501
MT,QRD 1503
MT,QRD 1510
MT,QRD 1511
MT,QRD 1520
MT,QRD 1521
MT,QRD 1522
MT,QRD 1530
MT,QRD 1531
MT,QRD 1532
MT,QRD 1533
MT,QRD 1535
MT,QRD 1540
MT,QRD 1550
MT,QRD 1552
MT,QRD 1554
MT,QRD 1560
MT,QRD 1580
MT,QRD 1581
MT,QRD 1600
MT,QRD 1601
MT,QRD 1603
MT,QRD 1610
MT,QRD 1611
MT,QRD 1612
MT,QRD 1620
MT,QRD 1621
MT,QRD 1622
MT,QRD 1630
MT,QRD 1631
MT,QRD 1633
MT,QRD 1640
MT,QRD 1641
MT,QRD 1650
MT,QRD 1651
MT,QRD 1652
MT,QRD 1653
MT,QRD 1655
MT,QRD 1661
MT,QRD 1670
MT,QRD 1671
MT,QRD 1680
MT,QRD 1681
MT,QRD 1690
MT,QRD 1691
MT,QRD 1700
MT,QRD 1701
MT,QRD 1702
MT,QRD 1703
MT,QRD 1705
MT,QRD 1710
MT,QRD 1711
MT,QRD 1720
MT,QRD 1721
MT,QRD 1741
MT,QRD 1742
MT,QRD 1743
MT,QRD 1744
MT,QRD 1745
MT,QRD 1746
MT,QRD 1747
MT,QRD 1760
MT,QRD 1761
MT,QRD 1762
MT,QRD 1764
MT,QRD 1765
MT,QRD 1770
MT,QRD 1771
MT,QRD 1772
MT,QRD 1773
MT,QRD 1781
MT,QRD 1783
MT,QRD 1800
MT,QRD 1801
MT,QRD 1802
MT,QRD 1810
MT,QRD 1811
MT,QRD 1812
MT,QRD 1813
MT,QRD 1814
MT,QRD 1815
MT,QRD 1816
MT,QRD 1817
MT,QRD 1830
MT,QRD 1831
MT,QRD 1832
MT,QRD 1833
MT,QRD 1840
MT,QRD 1841
MT,QRD 1850
MT,QRD 1860
MT,QRD 1861
MT,QRD 1871
MT,QRD 1900
MT,QRD 1901
MT,QRD 1902
MT,QRD 1910
MT,QRD 1920
MT,QRD 1921
MT,QRD 1922
MT,QRD 1923
MT,QRD 1932
MT,QRD 1940
MT,QRD 1941
MT,QRD 1942
MT,QRD 1943
MT,QRD 1945
MT,QRD 1950
MT,QRD 1951
MT,QRD 2010
MT,QRD 2011
MT,QRD 2020
MT,QRD 2021
MT,QRD 2022
MT,QRD 2023
MT,QRD 2030
MT,QRD 2031
MT,QRD 2033
MT,QRD 2042
MT,QRD 2050
MT,QRD 2071
MT,QRD 2100
MT,QRD 2110
MT,QRD 2113
MT,QRD 2132
MT,QRD 2133
MT,QRD 2134
MT,QRD 2140
MT,QRD 2141
MT,QRD 2151
MT,QRD 2152
MT,QRD 2162
MT,QRD 2400
MT,QRD 2402
MT,QRD 2403
MT,QRD 2404
MT,QRD 2405
MT,QRD 2406
MT,QRD 2408
MT,QRD 2420
MT,QRD 2421
MT,QRD 2422
MT,QRD 2425
MT,QRD 2501
MT,QRD 2515
MT,QRD 2516
MT,QRD 2520
MT,QRD 2538
MT,QRD 2540
MT,QRD 2550
MT,QRD 2551
MT,QRD 2552
MT,QRD 2553
MT,QRD 2560
MT,QRD 2570
MT,QRD 2580
MT,QRD 2590
MT,QRD 2631
MT,QRD 2650
MT,QRD 2660
MT,QRD 3010
MT,QRD 3021
MT,QRD 3030
MT,QRD 3031
MT,QRD 3042
MT,QRD 3043
MT,QRD 3050
MT,QRD 3051
MT,QRD 3060
MT,QRD 3061
MT,QRD 3070
MT,QRD 3080
MT,QRD 3090
MT,QRD 3102
MT,QRD 3103
MT,QRD 3110
MT,QRD 3111
MT,QRD 3120
MT,QRD 3190
MT,QRM 1000
MT,QRM 1010
MT,QRM 1011
MT,QRM 1012
MT,QRM 1013
MT,QRM 1020
MT,QRM 1021
MT,QRM 1022
MT,QRM 1023
MT,QRM 1024
MT,QRM 1025
MT,QRM 1030
MT,QRM 1031
MT,QRM 1032
MT,QRM 1033
MT,QRM 1040
MT,QRM 1041
MT,QRM 1042
MT,QRM 1043
MT,QRM 1050
MT,QRM 1051
MT,QRM 1052
MT,QRM 1053
MT,QRM 1054
MT,QRM 1055
MT,QRM 1056
MT,QRM 1057
MT,QRM 1058
MT,QRM 1059
MT,QRM 1060
MT,QRM 1061
MT,QRM 1070
MT,QRM 1071
MT,QRM 1080
MT,QRM 1081
MT,QRM 1082
MT,QRM 1083
MT,QRM 1090
MT,QRM 1100
MT,QRM 1101
MT,QRM 1102
MT,QRM 1103
MT,QRM 1104
MT,QRM 1105
MT,QRM 1106
MT,QRM 1107
MT,QRM 1108
MT,QRM 1109
MT,QRM 1111
MT,QRM 1120
MT,QRM 1121
MT,QRM 1122
MT,QRM 1123
MT,QRM 1130
MT,QRM 1140
MT,QRM 1142
MT,QRM 1143
MT,QRM 1150
MT,QRM 1151
MT,QRM 1160
MT,QRM 1161
MT,QRM 1190
MT,QRM 1191
MT,QRM 1192
MT,QRM 1193
MT,QRM 1200
MT,QRM 1201
MT,QRM 1202
MT,QRM 1203
MT,QRM 1204
MT,QRM 1205
MT,QRM 1206
MT,QRM 1207
MT,QRM 1208
MT,QRM 1209
MT,QRM 1210
MT,QRM 1211
MT,QRM 1220
MT,QRM 1221
MT,QRM 1230
MT,QRM 1231
MT,QRM 1232
MT,QRM 1233
MT,QRM 1234
MT,QRM 1235
MT,QRM 1236
MT,QRM 1237
MT,QRM 1238
MT,QRM 1239
MT,QRM 1240
MT,QRM 1241
MT,QRM 1260
MT,QRM 1261
MT,QRM 1280
MT,QRM 1281
MT,QRM 1282
MT,QRM 1284
MT,QRM 1286
MT,QRM 1287
MT,QRM 1291
MT,QRM 1300
MT,QRM 1301
MT,QRM 1302
MT,QRM 1303
MT,QRM 1304
MT,QRM 1305
MT,QRM 1307
MT,QRM 1309
MT,QRM 1311
MT,QRM 1320
MT,QRM 1321
MT,QRM 1330
MT,QRM 1350
MT,QRM 1351
MT,QRM 1352
MT,QRM 1353
MT,QRM 1361
MT,QRM 1370
MT,QRM 1371
MT,QRM 1400
MT,QRM 1401
MT,QRM 1402
MT,QRM 1403
MT,QRM 1404
MT,QRM 1405
MT,QRM 1406
MT,QRM 1407
MT,QRM 1408
MT,QRM 1409
MT,QRM 1410
MT,QRM 1411
MT,QRM 1420
MT,QRM 1421
MT,QRM 1440
MT,QRM 1441
MT,QRM 1450
MT,QRM 1451
MT,QRM 1460
MT,QRM 1461
MT,QRM 1470
MT,QRM 1471
MT,QRM 1481
MT,QRM 1482
MT,QRM 1483
MT,QRM 1484
MT,QRM 1485
MT,QRM 1503
MT,QRM 1504
MT,QRM 1505
MT,QRM 1506
MT,QRM 1507
MT,QRM 1509
MT,QRM 1510
MT,QRM 1512
MT,QRM 1513
MT,QRM 1515
MT,QRM 1516
MT,QRM 1517
MT,QRM 1518
MT,QRM 1519
MT,QRM 1520
MT,QRM 1530
MT,QRM 1531
MT,QRM 1532
MT,QRM 1533
MT,QRM 1540
MT,QRM 1541
MT,QRM 1542
MT,QRM 1543
MT,QRM 1550
MT,QRM 1551
MT,QRM 1552
MT,QRM 1553
MT,QRM 1560
MT,QRM 1562
MT,QRM 1563
MT,QRM 1570
MT,QRM 1571
MT,QRM 1580
MT,QRM 1581
MT,QRM 1582
MT,QRM 1583
MT,QRM 1591
MT,QRM 1600
MT,QRM 1601
MT,QRM 1602
MT,QRM 1620
MT,QRM 1630
MT,QRM 1631
MT,QRM 1640
MT,QRM 1641
MT,QRM 1650
MT,QRM 1651
MT,QRM 1660
MT,QRM 1670
MT,QRM 1671
MT,QRM 1680
MT,QRM 1681
MT,QRM 1690
MT,QRM 1691
MT,QRM 1700
MT,QRM 1701
MT,QRM 1710
MT,QRM 1711
MT,QRM 1712
MT,QRM 1713
MT,QRM 1714
MT,QRM 1715
MT,QRM 1717
MT,QRM 1718
MT,QRM 1719
MT,QRM 1730
MT,QRM 1731
MT,QRM 1732
MT,QRM 1733
MT,QRM 1740
MT,QRM 1750
MT,QRM 1751
MT,QRM 1760
MT,QRM 1761
MT,QRM 1772
MT,QRM 1773
MT,QRM 1774
MT,QRM 1780
MT,QRM 1781
MT,QRM 1790
MT,QRM 1792
MT,QRM 1801
MT,QRM 1802
MT,QRM 1803
MT,QRM 1804
MT,QRM 1805
MT,QRM 1806
MT,QRM 1807
MT,QRM 1810
MT,QRM 1820
MT,QRM 1821
MT,QRM 1830
MT,QRM 1831
MT,QRM 1832
MT,QRM 1833
MT,QRM 1834
MT,QRM 1835
MT,QRM 1836
MT,QRM 1837
MT,QRM 1838
MT,QRM 1839
MT,QRM 1840
MT,QRM 1841
MT,QRM 1850
MT,QRM 1851
MT,QRM 1852
MT,QRM 1853
MT,QRM 1854
MT,QRM 1855
MT,QRM 1856
MT,QRM 1857
MT,QRM 1858
MT,QRM 1859
MT,QRM 1860
MT,QRM 1861
MT,QRM 1863
MT,QRM 1870
MT,QRM 1871
MT,QRM 1880
MT,QRM 1881
MT,QRM 1890
MT,QRM 1891
MT,QRM 1900
MT,QRM 1901
MT,QRM 1902
MT,QRM 1903
MT,QRM 1904
MT,QRM 1905
MT,QRM 1906
MT,QRM 1907
MT,QRM 1908
MT,QRM 1909
MT,QRM 1910
MT,QRM 1911
MT,QRM 1912
MT,QRM 1913
MT,QRM 1915
MT,QRM 1917
MT,QRM 1919
MT,QRM 1920
MT,QRM 1921
MT,QRM 1922
MT,QRM 1923
MT,QRM 1930
MT,QRM 1931
MT,QRM 1933
MT,QRM 1940
MT,QRM 1942
MT,QRM 1943
MT,QRM 1944
MT,QRM 1945
MT,QRM 1950
MT,QRM 1951
MT,QRM 1952
MT,QRM 1953
MT,QRM 2010
MT,QRM 2011
MT,QRM 2012
MT,QRM 2013
MT,QRM 2014
MT,QRM 2015
MT,QRM 2016
MT,QRM 2017
MT,QRM 2020
MT,QRM 2021
MT,QRM 2022
MT,QRM 2023
MT,QRM 2030
MT,QRM 2031
MT,QRM 2032
MT,QRM 2033
MT,QRM 2034
MT,QRM 2035
MT,QRM 2036
MT,QRM 2037
MT,QRM 2050
MT,QRM 2051
MT,QRM 2060
MT,QRM 2061
MT,QRM 2070
MT,QRM 2071
MT,QRM 2080
MT,QRM 2081
MT,QRM 2082
MT,QRM 2083
MT,QRM 2084
MT,QRM 2085
MT,QRM 2086
MT,QRM 2087
MT,QRM 2088
MT,QRM 2089
MT,QRM 2090
MT,QRM 2091
MT,QRM 2100
MT,QRM 2101
MT,QRM 2102
MT,QRM 2103
MT,QRM 2104
MT,QRM 2105
MT,QRM 2106
MT,QRM 2107
MT,QRM 2111
MT,QRM 2112
MT,QRM 2113
MT,QRM 2120
MT,QRM 2121
MT,QRM 2122
MT,QRM 2123
MT,QRM 2124
MT,QRM 2125
MT,QRM 2126
MT,QRM 2127
MT,QRM 2130
MT,QRM 2131
MT,QRM 2132
MT,QRM 2133
MT,QRM 2134
MT,QRM 2135
MT,QRM 2136
MT,QRM 2137
MT,QRM 2138
MT,QRM 2139
MT,QRM 2140
MT,QRM 2141
MT,QRM 2142
MT,QRM 2143
MT,QRM 2150
MT,QRM 2151
MT,QRM 2160
MT,QRM 2161
MT,QRM 2162
MT,QRM 2163
MT,QRM 2164
MT,QRM 2165
MT,QRM 2166
MT,QRM 2167
MT,QRM 2170
MT,QRM 2172
MT,QRM 2180
MT,QRM 2181
MT,QRM 2182
MT,QRM 2183
MT,QRM 2190
MT,QRM 2191
MT,QRM 2192
MT,QRM 2193
MT,QRM 2200
MT,QRM 2202
MT,QRM 2203
MT,QRM 2204
MT,QRM 2205
MT,QRM 2206
MT,QRM 2207
MT,QRM 2208
MT,QRM 2209
MT,QRM 2210
MT,QRM 2211
MT,QRM 2220
MT,QRM 2221
MT,QRM 2230
MT,QRM 2231
MT,QRM 2250
MT,QRM 2251
MT,QRM 2290
MT,QRM 2291
MT,QRM 2292
MT,QRM 2293
MT,QRM 2300
MT,QRM 2301
MT,QRM 2302
MT,QRM 2303
MT,QRM 2310
MT,QRM 2311
MT,QRM 2312
MT,QRM 2313
MT,QRM 2314
MT,QRM 2315
MT,QRM 2316
MT,QRM 2317
MT,QRM 2320
MT,QRM 2321
MT,QRM 2322
MT,QRM 2323
MT,QRM 2330
MT,QRM 2331
MT,QRM 2332
MT,QRM 2333
MT,QRM 2334
MT,QRM 2335
MT,QRM 2336
MT,QRM 2337
MT,QRM 2338
MT,QRM 2339
MT,QRM 2340
MT,QRM 2341
MT,QRM 2342
MT,QRM 2343
MT,QRM 2344
MT,QRM 2345
MT,QRM 2350
MT,QRM 2351
MT,QRM 2361
MT,QRM 2370
MT,QRM 2371
MT,QRM 2372
MT,QRM 2373
MT,QRM 2374
MT,QRM 2375
MT,QRM 2376
MT,QRM 2377
MT,QRM 2378
MT,QRM 2379
MT,QRM 2380
MT,QRM 2400
MT,QRM 2403
MT,QRM 2404
MT,QRM 2410
MT,QRM 2411
MT,QRM 2412
MT,QRM 2413
MT,QRM 2420
MT,QRM 2421
MT,QRM 2430
MT,QRM 2440
MT,QRM 2441
MT,QRM 2442
MT,QRM 2443
MT,QRM 2445
MT,QRM 2450
MT,QRM 2452
MT,QRM 2456
MT,QRM 2458
MT,QRM 2460
MT,QRM 2461
MT,QRM 2463
MT,QRM 2465
MT,QRM 2471
MT,QRM 2490
MT,QRM 2500
MT,QRM 2501
MT,QRM 2502
MT,QRM 2503
MT,QRM 2504
MT,QRM 2505
MT,QRM 2506
MT,QRM 2507
MT,QRM 2508
MT,QRM 2509
MT,QRM 2511
MT,QRM 2530
MT,QRM 2540
MT,QRM 2541
MT,QRM 2550
MT,QRM 2551
MT,QRM 2560
MT,QRM 2561
MT,QRM 2571
MT,QRM 2580
MT,QRM 2581
MT,QRM 2582
MT,QRM 2583
MT,QRM 2590
MT,QRM 2591
MT,QRM 2592
MT,QRM 2593
MT,QRM 2594
MT,QRM 2595
MT,QRM 2610
MT,QRM 2611
MT,QRM 2612
MT,QRM 2613
MT,QRM 2614
MT,QRM 2615
MT,QRM 2621
MT,QRM 2631
MT,QRM 2632
MT,QRM 2633
MT,QRM 2634
MT,QRM 2635
MT,QRM 2636
MT,QRM 2637
MT,QRM 2638
MT,QRM 2639
MT,QRM 2640
MT,QRM 2641
MT,QRM 2643
MT,QRM 2650
MT,QRM 2651
MT,QRM 2652
MT,QRM 2653
MT,QRM 2660
MT,QRM 2661
MT,QRM 2662
MT,QRM 2663
MT,QRM 2665
MT,QRM 2666
MT,QRM 2667
MT,QRM 2670
MT,QRM 2672
MT,QRM 2673
MT,QRM 2680
MT,QRM 2681
MT,QRM 2682
MT,QRM 2683
MT,QRM 2684
MT,QRM 2685
MT,QRM 2686
MT,QRM 2687
MT,QRM 2688
MT,QRM 2689
MT,QRM 2690
MT,QRM 2691
MT,QRM 2700
MT,QRM 2701
MT,QRM 2702
MT,QRM 2703
MT,QRM 2704
MT,QRM 2705
MT,QRM 2706
MT,QRM 2707
MT,QRM 2708
MT,QRM 2709
MT,QRM 2710
MT,QRM 2711
MT,QRM 2720
MT,QRM 2730
MT,QRM 2731
MT,QRM 2732
MT,QRM 2733
MT,QRM 2734
MT,QRM 2735
MT,QRM 2736
MT,QRM 2737
MT,QRM 2738
MT,QRM 2739
MT,QRM 2740
MT,QRM 2741
MT,QRM 2750
MT,QRM 2761
MT,QRM 2762
MT,QRM 2763
MT,QRM 2770
MT,QRM 2771
MT,QRM 2790
MT,QRM 2791
MT,QRM 2800
MT,QRM 2801
MT,QRM 2802
MT,QRM 2803
MT,QRM 2804
MT,QRM 2805
MT,QRM 2810
MT,QRM 2811
MT,QRM 2820
MT,QRM 2821
MT,QRM 2822
MT,QRM 2823
MT,QRM 2830
MT,QRM 2831
MT,QRM 2833
MT,QRM 2840
MT,QRM 2841
MT,QRM 2842
MT,QRM 2843
MT,QRM 2844
MT,QRM 2845
MT,QRM 2846
MT,QRM 2847
MT,QRM 2850
MT,QRM 2851
MT,QRM 2852
MT,QRM 2853
MT,QRM 2900
MT,QRM 2901
MT,QRM 2902
MT,QRM 2903
MT,QRM 2904
MT,QRM 2905
MT,QRM 2906
MT,QRM 2907
MT,QRM 2908
MT,QRM 2909
MT,QRM 2910
MT,QRM 2911
MT,QRM 2912
MT,QRM 2913
MT,QRM 2920
MT,QRM 2921
MT,QRM 2931
MT,QRM 2932
MT,QRM 2933
MT,QRM 2934
MT,QRM 2935
MT,QRM 2936
MT,QRM 2938
MT,QRM 2940
MT,QRM 2941
MT,QRM 2942
MT,QRM 2943
MT,QRM 2944
MT,QRM 2945
MT,QRM 2946
MT,QRM 2947
MT,QRM 2950
MT,QRM 2951
MT,QRM 2952
MT,QRM 2953
MT,QRM 2960
MT,QRM 2961
MT,QRM 2962
MT,QRM 2963
MT,QRM 2971
MT,QRM 3011
MT,QRM 3013
MT,QRM 3014
MT,QRM 3015
MT,QRM 3021
MT,QRM 3030
MT,QRM 3031
MT,QRM 3032
MT,QRM 3033
MT,QRM 3038
MT,QRM 3039
MT,QRM 3040
MT,QRM 3041
MT,QRM 3060
MT,QRM 3100
MT,QRM 3101
MT,QRM 3102
MT,QRM 3103
MT,QRM 3104
MT,QRM 3105
MT,QRM 3120
MT,QRM 3121
MT,QRM 3122
MT,QRM 3190
MT,QRM 3200
MT,QRM 3201
MT,QRM 3202
MT,QRM 3203
MT,QRM 3217
MT,QRM 3220
MT,QRM 3230
MT,QRM 3232
MT,QRM 3234
MT,QRM 3236
MT,QRM 3242
MT,QRM 3243
MT,QRM 3252
MT,QRM 3254
MT,QRM 3255
MT,QRM 3256
MT,QRM 3261
MT,QRM 3272
MT,QRM 3274
MT,QRM 3281
MT,QRM 3290
MT,QRM 3291
MT,QRM 3292
MT,QRM 3293
MT,QRM 3300
MT,QRM 3310
MT,QRM 3400
MT,QRM 3401
MT,QRM 3402
MT,QRM 3403
MT,QRM 3404
MT,QRM 3405
MT,QRM 3406
MT,QRM 3407
MT,QRM 3410
MT,QRM 3411
MT,QRM 3412
MT,QRM 3413
MT,QRM 3414
MT,QRM 3415
MT,QRM 3420
MT,QRM 3421
MT,QRM 3422
MT,QRM 3423
MT,QRM 3424
MT,QRM 3425
MT,QRM 3430
MT,QRM 3431
MT,QRM 3432
MT,QRM 3433
MT,QRM 3502
MT,QRM 3503
MT,QRM 3504
MT,QRM 3505
MT,QRM 3506
MT,QRM 3507
MT,QRM 3511
MT,QRM 3512
MT,QRM 3513
MT,QRM 3514
MT,QRM 3515
MT,QRM 3520
MT,QRM 3521
MT,QRM 3522
MT,QRM 3523
MT,QRM 3530
MT,QRM 3531
MT,QRM 3532
MT,QRM 3533
MT,QRM 3540
MT,QRM 3541
MT,QRM 3542
MT,QRM 3543
MT,QRM 3550
MT,QRM 3552
MT,QRM 3554
MT,QRM 3560
MT,QRM 3561
MT,QRM 3562
MT,QRM 3563
MT,QRM 3570
MT,QRM 3571
MT,QRM 3572
MT,QRM 3573
MT,QRM 3580
MT,QRM 3581
MT,QRM 3582
MT,QRM 3583
MT,QRM 3584
MT,QRM 3585
MT,QRM 3600
MT,QRM 3602
MT,QRM 3605
MT,QRM 3610
MT,QRM 3615
MT,QRM 3616
MT,QRM 3617
MT,QRM 3618
MT,QRM 3619
MT,QRM 3620
MT,QRM 3621
MT,QRM 3622
MT,QRM 3623
MT,QRM 3632
MT,QRM 3633
MT,QRM 3640
MT,QRM 3641
MT,QRM 3642
MT,QRM 3643
MT,QRM 3650
MT,QRM 3660
MT,QRM 3661
MT,QRM 3670
MT,QRM 3680
MT,QRM 3681
MT,QRM 3691
MT,QRM 3693
MT,QRM 3694
MT,QRM 3695
MT,QRM 3800
MT,QRM 3810
MT,QRM 3900
MT,QRM 3901
MT,QRM 3902
MT,QRM 3904
MT,QRM 3905
MT,QRM 3906
MT,QRM 3908
MT,QRM 3910
MT,QRM 3911
MT,QRM 3912
MT,QRM 3913
MT,QRM 3930
MT,QRM 3931
MT,QRM 3932
MT,QRM 3933
MT,QRM 3950
MT,QRM 3951
MT,QRM 3952
MT,QRM 3953
MT,QRM 4000
MT,QRM 4003
MT,QRM 4010
MT,QRM 4021
MT,QRM 4023
MT,QRM 4025
MT,QRM 4501
MT,QRM 4511
MT,QRM 4513
MT,QRM 4515
MT,QRM 4517
MT,QRM 4520
MT,QRM 4521
MT,QRM 4522
MT,QRM 4523
MT,QRM 4525
MT,QRM 4530
MT,QRM 4531
MT,QRM 4532
MT,QRM 4533
MT,QRM 4534
MT,QRM 4535
MT,QRM 4536
MT,QRM 4537
MT,QRM 4540
MT,QRM 4550
MT,QRM 4551
MT,QRM 4552
MT,QRM 4553
MT,QRM 4560
MT,QRM 4561
MT,QRM 4562
MT,QRM 4564
MT,QRM 4566
MT,QRM 4600
MT,QRM 4601
MT,QRM 4602
MT,QRM 4603
MT,QRM 4620
MT,QRM 4621
MT,QRM 4622
MT,QRM 4623
MT,QRM 4630
MT,QRM 4631
MT,QRM 4632
MT,QRM 4633
MT,QRM 4640
MT,QRM 4642
MT,QRM 4650
MT,QRM 4652
MT,QRM 4654
MT,QRM 4660
MT,QRM 4661
MT,QRM 4663
MT,QRM 4675
MT,QRM 4810
MT,QRM 4890
MT,QRM 5019
MT,QRM 5020
MT,QRM 5021
MT,QRM 5030
MT,QRM 5100
MT,QRM 5121
MT,QRM 5123
MT,QRM 5124
MT,QRM 5125
MT,QRM 5126
MT,QRM 5127
MT,QRM 5128
MT,QRM 5129
MT,QRM 5130
MT,QRM 5131
MT,QRM 5132
MT,QRM 5133
MT,QRM 5134
MT,QRM 5140
MT,QRM 5141
MT,QRM 5142
MT,QRM 5143
MT,QRM 5144
MT,QRM 5145
MT,QRM 5146
MT,QRM 5147
MT,QRM 5150
MT,QRM 5151
MT,QRM 5152
MT,QRM 5153
MT,QRM 5154
MT,QRM 5155
MT,QRM 5156
MT,QRM 5157
MT,QRM 5160
MT,QRM 5162
MT,QRM 5163
MT,QRM 5164
MT,QRM 5165
MT,QRM 5166
MT,QRM 5167
MT,QRM 5190
MT,QRM 5200
MT,QRM 5201
MT,QRM 5202
MT,QRM 5203
MT,QRM 5210
MT,QRM 5211
MT,QRM 5212
MT,QRM 5213
MT,QRM 5214
MT,QRM 5220
MT,QRM 5222
MT,QRM 5225
MT,QRM 5230
MT,QRM 5231
MT,QRM 5232
MT,QRM 5233
MT,QRM 5234
MT,QRM 5510
MT,QRM 5520
MT,QRM 9010
MT,QRM 9011
MT,QRM 9012
MT,QRM 9014
MT,QRM 9016
MT,QRM 9018
MT,QRM 9019
MT,QRM 9032
MT,QRM 9033
MT,QRM 9034
MT,QRM 9035
MT,QRM 9036
MT,QRM 9037
MT,QRM 9038
MT,QRM 9039
MT,QRM 9052
MT,QRM 9053
MT,QRM 9055
MT,QRM 9061
MT,QRM 9063
MT,QRM 9064
MT,QRM 9065
MT,QRM 9070
MT,QRM 9071
MT,QRM 9072
MT,QRM 9073
MT,QRM 9084
MT,QRM 9086
MT,QRM 9088
MT,QRM 9090
MT,RBT 1000
MT,RBT 1010
MT,RBT 1012
MT,RBT 1013
MT,RBT 1014
MT,RBT 1015
MT,RBT 1016
MT,RBT 1017
MT,RBT 1020
MT,RBT 1021
MT,RBT 1030
MT,RBT 1031
MT,RBT 1040
MT,RBT 1041
MT,RBT 1042
MT,RBT 1043
MT,RBT 1050
MT,RBT 1051
MT,RBT 1060
MT,RBT 1061
MT,RBT 1062
MT,RBT 1063
MT,RBT 1064
MT,RBT 1070
MT,RBT 1071
MT,RBT 1080
MT,RBT 1081
MT,RBT 1082
MT,RBT 1083
MT,RBT 1090
MT,RBT 1091
MT,RBT 1100
MT,RBT 1101
MT,RBT 1102
MT,RBT 1103
MT,RBT 1111
MT,RBT 1112
MT,RBT 1113
MT,RBT 1114
MT,RBT 1115
MT,RBT 1116
MT,RBT 1117
MT,RBT 1120
MT,RBT 1121
MT,RBT 1130
MT,RBT 1131
MT,RBT 1132
MT,RBT 1133
MT,RBT 1140
MT,RBT 1141
MT,RBT 1151
MT,RBT 1153
MT,RBT 1160
MT,RBT 1170
MT,RBT 1171
MT,RBT 1172
MT,RBT 1173
MT,RBT 1180
MT,RBT 1181
MT,RBT 1182
MT,RBT 1190
MT,RBT 1192
MT,RBT 1200
MT,RBT 1201
MT,RBT 1202
MT,RBT 1210
MT,RBT 1211
MT,RBT 1212
MT,RBT 1220
MT,RBT 1221
MT,RBT 1230
MT,RBT 1232
MT,RBT 1240
MT,RBT 1241
MT,RBT 1242
MT,RBT 1243
MT,RBT 1244
MT,RBT 1245
MT,RBT 1246
MT,RBT 1247
MT,RBT 1248
MT,RBT 1250
MT,RBT 1251
MT,RBT 1260
MT,RBT 1270
MT,RBT 1271
MT,RBT 1280
MT,RBT 1290
MT,RBT 1291
MT,RBT 1300
MT,RBT 1301
MT,RBT 1302
MT,RBT 1303
MT,RBT 1304
MT,RBT 1305
MT,RBT 1310
MT,RBT 1311
MT,RBT 1320
MT,RBT 1321
MT,RBT 1322
MT,RBT 1323
MT,RBT 1324
MT,RBT 1325
MT,RBT 1326
MT,RBT 1327
MT,RBT 1328
MT,RBT 1329
MT,RBT 1330
MT,RBT 1331
MT,RBT 1332
MT,RBT 1333
MT,RBT 1334
MT,RBT 1340
MT,RBT 1341
MT,RBT 1350
MT,RBT 1360
MT,RBT 1361
MT,RBT 1362
MT,RBT 1363
MT,RBT 1364
MT,RBT 1365
MT,RBT 1366
MT,RBT 1367
MT,RBT 1368
MT,RBT 1370
MT,RBT 1371
MT,RBT 1380
MT,RBT 1391
MT,RBT 1393
MT,RBT 1400
MT,RBT 1401
MT,RBT 1402
MT,RBT 1403
MT,RBT 1404
MT,RBT 1405
MT,RBT 1406
MT,RBT 1407
MT,RBT 1408
MT,RBT 1409
MT,RBT 1410
MT,RBT 1411
MT,RBT 1420
MT,RBT 1421
MT,RBT 1430
MT,RBT 1431
MT,RBT 1432
MT,RBT 1433
MT,RBT 1440
MT,RBT 1450
MT,RBT 1451
MT,RBT 1452
MT,RBT 1453
MT,RBT 1454
MT,RBT 1455
MT,RBT 1456
MT,RBT 1457
MT,RBT 1460
MT,RBT 1461
MT,RBT 1463
MT,RBT 1464
MT,RBT 1465
MT,RBT 1466
MT,RBT 1467
MT,RBT 1468
MT,RBT 1469
MT,RBT 1470
MT,RBT 1471
MT,RBT 1472
MT,RBT 1473
MT,RBT 1474
MT,RBT 1475
MT,RBT 1476
MT,RBT 1477
MT,RBT 1502
MT,RBT 1503
MT,RBT 1504
MT,RBT 1505
MT,RBT 1506
MT,RBT 1510
MT,RBT 1520
MT,RBT 1521
MT,RBT 1522
MT,RBT 1523
MT,RBT 1524
MT,RBT 1526
MT,RBT 1527
MT,RBT 1528
MT,RBT 1529
MT,RBT 1530
MT,RBT 1531
MT,RBT 1533
MT,RBT 1540
MT,RBT 1541
MT,RBT 1542
MT,RBT 1543
MT,RBT 1551
MT,RBT 1552
MT,RBT 1553
MT,RBT 1555
MT,RBT 1560
MT,RBT 1561
MT,RBT 1570
MT,RBT 1580
MT,RBT 1581
MT,RBT 1582
MT,RBT 1583
MT,RBT 1584
MT,RBT 1585
MT,RBT 1586
MT,RBT 1587
MT,RBT 1588
MT,RBT 1590
MT,RBT 1591
MT,RBT 1600
MT,RBT 1601
MT,RBT 1602
MT,RBT 1603
MT,RBT 1604
MT,RBT 1605
MT,RBT 1606
MT,RBT 1607
MT,RBT 1608
MT,RBT 1609
MT,RBT 1610
MT,RBT 1611
MT,RBT 1620
MT,RBT 1621
MT,RBT 1630
MT,RBT 1631
MT,RBT 1640
MT,RBT 1641
MT,RBT 1650
MT,RBT 1651
MT,RBT 1660
MT,RBT 1661
MT,RBT 1662
MT,RBT 1663
MT,RBT 1670
MT,RBT 1671
MT,RBT 1680
MT,RBT 1681
MT,RBT 1682
MT,RBT 1684
MT,RBT 1686
MT,RBT 1688
MT,RBT 1700
MT,RBT 1702
MT,RBT 1703
MT,RBT 1704
MT,RBT 1705
MT,RBT 1710
MT,RBT 1711
MT,RBT 1720
MT,RBT 1730
MT,RBT 1732
MT,RBT 1733
MT,RBT 1740
MT,RBT 1741
MT,RBT 1742
MT,RBT 1743
MT,RBT 1750
MT,RBT 1751
MT,RBT 1752
MT,RBT 1753
MT,RBT 1760
MT,RBT 1761
MT,RBT 1762
MT,RBT 1763
MT,RBT 1765
MT,RBT 1766
MT,RBT 1767
MT,RBT 1769
MT,RBT 1801
MT,RBT 1803
MT,RBT 1810
MT,RBT 1811
MT,RBT 1820
MT,RBT 1821
MT,RBT 1822
MT,RBT 1823
MT,RBT 1831
MT,RBT 1832
MT,RBT 1833
MT,RBT 1834
MT,RBT 1835
MT,RBT 1836
MT,RBT 1837
MT,RBT 1841
MT,RBT 1842
MT,RBT 1843
MT,RBT 1844
MT,RBT 1845
MT,RBT 1846
MT,RBT 1847
MT,RBT 1848
MT,RBT 1849
MT,RBT 1850
MT,RBT 1851
MT,RBT 1852
MT,RBT 1853
MT,RBT 1854
MT,RBT 1860
MT,RBT 1862
MT,RBT 1863
MT,RBT 1864
MT,RBT 1865
MT,RBT 1870
MT,RBT 1871
MT,RBT 1872
MT,RBT 1873
MT,RBT 1880
MT,RBT 1901
MT,RBT 1910
MT,RBT 1911
MT,RBT 1920
MT,RBT 1930
MT,RBT 1931
MT,RBT 1940
MT,RBT 1950
MT,RBT 1951
MT,RBT 1952
MT,RBT 1953
MT,RBT 1954
MT,RBT 1960
MT,RBT 1961
MT,RBT 1970
MT,RBT 1971
MT,RBT 1972
MT,RBT 1973
MT,RBT 1975
MT,RBT 1977
MT,RBT 1980
MT,RBT 1981
MT,RBT 1982
MT,RBT 1983
MT,RBT 1990
MT,RBT 1991
MT,RBT 2010
MT,RBT 2011
MT,RBT 2012
MT,RBT 2014
MT,RBT 2020
MT,RBT 2021
MT,RBT 2030
MT,RBT 2031
MT,RBT 2032
MT,RBT 2033
MT,RBT 2034
MT,RBT 2035
MT,RBT 2036
MT,RBT 2037
MT,RBT 2040
MT,RBT 2050
MT,RBT 2051
MT,RBT 2060
MT,RBT 2070
MT,RBT 2072
MT,RBT 2073
MT,RBT 2081
MT,RBT 2090
MT,RBT 2091
MT,RBT 2092
MT,RBT 2093
MT,RBT 2100
MT,RBT 2101
MT,RBT 2110
MT,RBT 2112
MT,RBT 2130
MT,RBT 2131
MT,RBT 2132
MT,RBT 2133
MT,RBT 2140
MT,RBT 2141
MT,RBT 2142
MT,RBT 2144
MT,RBT 2145
MT,RBT 2146
MT,RBT 2147
MT,RBT 2150
MT,RBT 2151
MT,RBT 2152
MT,RBT 2153
MT,RBT 2160
MT,RBT 2161
MT,RBT 2162
MT,RBT 2171
MT,RBT 2172
MT,RBT 2173
MT,RBT 2180
MT,RBT 2182
MT,RBT 2183
MT,RBT 2190
MT,RBT 2191
MT,RBT 2192
MT,RBT 2193
MT,RBT 2211
MT,RBT 2220
MT,RBT 2221
MT,RBT 2222
MT,RBT 2223
MT,RBT 2224
MT,RBT 2225
MT,RBT 2226
MT,RBT 2230
MT,RBT 2231
MT,RBT 2232
MT,RBT 2233
MT,RBT 2234
MT,RBT 2235
MT,RBT 2236
MT,RBT 2237
MT,RBT 2240
MT,RBT 2241
MT,RBT 2242
MT,RBT 2243
MT,RBT 2244
MT,RBT 2245
MT,RBT 2246
MT,RBT 2247
MT,RBT 2250
MT,RBT 2251
MT,RBT 2252
MT,RBT 2253
MT,RBT 2254
MT,RBT 2255
MT,RBT 2256
MT,RBT 2257
MT,RBT 2260
MT,RBT 2261
MT,RBT 2270
MT,RBT 2272
MT,RBT 2273
MT,RBT 2280
MT,RBT 2281
MT,RBT 2282
MT,RBT 2283
MT,RBT 2284
MT,RBT 2285
MT,RBT 2286
MT,RBT 2287
MT,RBT 2288
MT,RBT 2289
MT,RBT 2300
MT,RBT 2301
MT,RBT 2302
MT,RBT 2303
MT,RBT 2305
MT,RBT 2307
MT,RBT 2310
MT,RBT 2311
MT,RBT 2320
MT,RBT 2321
MT,RBT 2330
MT,RBT 2400
MT,RBT 2401
MT,RBT 2402
MT,RBT 2403
MT,RBT 2404
MT,RBT 2405
MT,RBT 2410
MT,RBT 2411
MT,RBT 2412
MT,RBT 2413
MT,RBT 2414
MT,RBT 2415
MT,RBT 2416
MT,RBT 2417
MT,RBT 2418
MT,RBT 2420
MT,RBT 2421
MT,RBT 2422
MT,RBT 2423
MT,RBT 2424
MT,RBT 2425
MT,RBT 2426
MT,RBT 2427
MT,RBT 2430
MT,RBT 2431
MT,RBT 2432
MT,RBT 2433
MT,RBT 2434
MT,RBT 2435
MT,RBT 2436
MT,RBT 2437
MT,RBT 2440
MT,RBT 2441
MT,RBT 2442
MT,RBT 2443
MT,RBT 2444
MT,RBT 2445
MT,RBT 2447
MT,RBT 2450
MT,RBT 2451
MT,RBT 2452
MT,RBT 2453
MT,RBT 2460
MT,RBT 2461
MT,RBT 2462
MT,RBT 2463
MT,RBT 2464
MT,RBT 2465
MT,RBT 2466
MT,RBT 2467
MT,RBT 2470
MT,RBT 2471
MT,RBT 2480
MT,RBT 2482
MT,RBT 2483
MT,RBT 2484
MT,RBT 2485
MT,RBT 2486
MT,RBT 2487
MT,RBT 2500
MT,RBT 2501
MT,RBT 2502
MT,RBT 2503
MT,RBT 2504
MT,RBT 2510
MT,RBT 2511
MT,RBT 2520
MT,RBT 2521
MT,RBT 2522
MT,RBT 2523
MT,RBT 2530
MT,RBT 2532
MT,RBT 2534
MT,RBT 2536
MT,RBT 2600
MT,RBT 2601
MT,RBT 2602
MT,RBT 2604
MT,RBT 2610
MT,RBT 2611
MT,RBT 2612
MT,RBT 2613
MT,RBT 2614
MT,RBT 2615
MT,RBT 2620
MT,RBT 2621
MT,RBT 2622
MT,RBT 2623
MT,RBT 2630
MT,RBT 2631
MT,RBT 2632
MT,RBT 2633
MT,RBT 2634
MT,RBT 2635
MT,RBT 2640
MT,RBT 2641
MT,RBT 2642
MT,RBT 2644
MT,RBT 2646
MT,RBT 2648
MT,RBT 2650
MT,RBT 2651
MT,RBT 2652
MT,RBT 2653
MT,RBT 2660
MT,RBT 2661
MT,RBT 2662
MT,RBT 2663
MT,RBT 2664
MT,RBT 2665
MT,RBT 2670
MT,RBT 2671
MT,RBT 2672
MT,RBT 2673
MT,RBT 2680
MT,RBT 2690
MT,RBT 2700
MT,RBT 2701
MT,RBT 2702
MT,RBT 2704
MT,RBT 2705
MT,RBT 2706
MT,RBT 2707
MT,RBT 2708
MT,RBT 2709
MT,RBT 2711
MT,RBT 2712
MT,RBT 2731
MT,RBT 2733
MT,RBT 2735
MT,RBT 2740
MT,RBT 2741
MT,RBT 2750
MT,RBT 2800
MT,RBT 2801
MT,RBT 2810
MT,RBT 2811
MT,RBT 2812
MT,RBT 2813
MT,RBT 2900
MT,RBT 2901
MT,RBT 2902
MT,RBT 2903
MT,RBT 2905
MT,RBT 3011
MT,RBT 3024
MT,RBT 3026
MT,RBT 3027
MT,RBT 3030
MT,RBT 3031
MT,RBT 3043
MT,RBT 3045
MT,RBT 3046
MT,RBT 3047
MT,RBT 3048
MT,RBT 3049
MT,RBT 3100
MT,RBT 3101
MT,RBT 3102
MT,RBT 3103
MT,RBT 3112
MT,RBT 3113
MT,RBT 3115
MT,RBT 3121
MT,RBT 3123
MT,RBT 3130
MT,RBT 3131
MT,RBT 3132
MT,RBT 3133
MT,RBT 3140
MT,RBT 3141
MT,RBT 3142
MT,RBT 3144
MT,RBT 3146
MT,RBT 3148
MT,RBT 3210
MT,RBT 3211
MT,RBT 3212
MT,RBT 3213
MT,RBT 3216
MT,RBT 3217
MT,RBT 3219
MT,RBT 3240
MT,RBT 3242
MT,RBT 3243
MT,RBT 3244
MT,RBT 3245
MT,RBT 3246
MT,RBT 3247
MT,RBT 3430
MT,RBT 3432
MT,RBT 3434
MT,RBT 3435
MT,RBT 3500
MT,RBT 3501
MT,RBT 3502
MT,RBT 3503
MT,RBT 3510
MT,RBT 3530
MT,RBT 3531
MT,RBT 3990
MT,RBT 3991
MT,RBT 3992
MT,RBT 3993
MT,RBT 4010
MT,RBT 4011
MT,RBT 4012
MT,RBT 4013
MT,RBT 4021
MT,RBT 4022
MT,RBT 4023
MT,RBT 4030
MT,RBT 4031
MT,RBT 4050
MT,RBT 4062
MT,RBT 4070
MT,RBT 4080
MT,RBT 4081
MT,RBT 4082
MT,RBT 4090
MT,RBT 4100
MT,RBT 4101
MT,RBT 4103
MT,RBT 4104
MT,RBT 4105
MT,RBT 4106
MT,RBT 4107
MT,RBT 4110
MT,RBT 4111
MT,RBT 4112
MT,RBT 4113
MT,RBT 4151
MT,RBT 4152
MT,RBT 4161
MT,RBT 4162
MT,RBT 4190
MT,RBT 4200
MT,RBT 4201
MT,RBT 4202
MT,RBT 4204
MT,RBT 4206
MT,RBT 4207
MT,RBT 4210
MT,RBT 4211
MT,RBT 4212
MT,RBT 4213
MT,RBT 4214
MT,RBT 4215
MT,RBT 4222
MT,RBT 4224
MT,RBT 4225
MT,RBT 4226
MT,RBT 4230
MT,RBT 4240
MT,RBT 4242
MT,RBT 4250
MT,RBT 4260
MT,RBT 4270
MT,RBT 4280
MT,RBT 4290
MT,RBT 4291
MT,RBT 4302
MT,RBT 4304
MT,RBT 4308
MT,RBT 4311
MT,RBT 4312
MT,RBT 4320
MT,RBT 4330
MT,RBT 4331
MT,RBT 4332
MT,RBT 4340
MT,RBT 4342
MT,RBT 4344
MT,RBT 4380
MT,RBT 4390
MT,RBT 4400
MT,RBT 4410
MT,RBT 4420
MT,RBT 4440
MT,RBT 4480
MT,RBT 4500
MT,RBT 4510
MT,RBT 4520
MT,RBT 4530
MT,RBT 4540
MT,RBT 4560
MT,RBT 4601
MT,RBT 4602
MT,RBT 4603
MT,RBT 4605
MT,RBT 4607
MT,RBT 4608
MT,RBT 4609
MT,RBT 4616
MT,RBT 4618
MT,RBT 4620
MT,RBT 4630
MT,RBT 4631
MT,RBT 4632
MT,RBT 4633
MT,RBT 4635
MT,RBT 4637
MT,RBT 4638
MT,RBT 4639
MT,RBT 4641
MT,RBT 4650
MT,RBT 4700
MT,RBT 4701
MT,RBT 4702
MT,RBT 4703
MT,RBT 4705
MT,RBT 4711
MT,RBT 4721
MT,RBT 4722
MT,RBT 4723
MT,RBT 4950
MT,RBT 4960
MT,RBT 4970
MT,RBT 5010
MT,RBT 5016
MT,RBT 5100
MT,RBT 5130
MT,RBT 5240
MT,RBT 5241
MT,RBT 5300
MT,RBT 5310
MT,RBT 5312
MT,RBT 5320
MT,RBT 5400
MT,RBT 5960
MT,RBT 5970
MT,RBT 5980
MT,RBT 5990
MT,RBT 6010
MT,RBT 6011
MT,RBT 6012
MT,RBT 6013
MT,RBT 6014
MT,RBT 6015
MT,RBT 6016
MT,RBT 6017
MT,RBT 6019
MT,RBT 6021
MT,RBT 6022
MT,RBT 6023
MT,RBT 6030
MT,RBT 6031
MT,RBT 6032
MT,RBT 6033
MT,RBT 6035
MT,RBT 6040
MT,RBT 6041
MT,RBT 6042
MT,RBT 6043
MT,RBT 6050
MT,RBT 6051
MT,RBT 6052
MT,RBT 6055
MT,RBT 6057
MT,RBT 6061
MT,RBT 6080
MT,RBT 6081
MT,RBT 6087
MT,RBT 6100
MT,RBT 6121
MT,RBT 6130
MT,RBT 6141
MT,RBT 6160
MT,RBT 6161
MT,RBT 6210
MT,RBT 6220
MT,RBT 6300
MT,RBT 6302
MT,RBT 6303
MT,RBT 6310
MT,RBT 6320
MT,RBT 6350
MT,RBT 6370
MT,RBT 6380
MT,RBT 6401
MT,RBT 6402
MT,RBT 6403
MT,RBT 6404
MT,RBT 6405
MT,RBT 6406
MT,RBT 6407
MT,RBT 6410
MT,RBT 6411
MT,RBT 6413
MT,RBT 6420
MT,RBT 6421
MT,RBT 6422
MT,RBT 6430
MT,RBT 6431
MT,RBT 6440
MT,RBT 6441
MT,RBT 6442
MT,RBT 6443
MT,RBT 6450
MT,RBT 6451
MT,RBT 6452
MT,RBT 6460
MT,RBT 6461
MT,RBT 6470
MT,RBT 6471
MT,RBT 6482
MT,RBT 6484
MT,RBT 6500
MT,RBT 6511
MT,RBT 6513
MT,RBT 6520
MT,RBT 6521
MT,RBT 6522
MT,RBT 6523
MT,RBT 6528
MT,RBT 6531
MT,RBT 6540
MT,RBT 6550
MT,RBT 6590
MT,RBT 6603
MT,RBT 6604
MT,RBT 6605
MT,RBT 6606
MT,RBT 6607
MT,RBT 6630
MT,RBT 6640
MT,RBT 6680
MT,RBT 6700
MT,RBT 6701
MT,RBT 6702
MT,RBT 6703
MT,RBT 6705
MT,RBT 6706
MT,RBT 6708
MT,RBT 6800
MT,RBT 6801
MT,RBT 6802
MT,RBT 6803
MT,RBT 6900
MT,RBT 6901
MT,RBT 6902
MT,RBT 6903
MT,RBT 6904
MT,RBT 6910
MT,RBT 6920
MT,RBT 6930
MT,RBT 6940
MT,RBT 6950
MT,RBT 6990
MT,RBT 7050
MT,RBT 9020
MT,RBT 9021
MT,RBT 9022
MT,RBT 9023
MT,RBT 9025
MT,RBT 9028
MT,RBT 9029
MT,RBT 9030
MT,RBT 9031
MT,RBT 9032
MT,RBT 9033
MT,RBT 9034
MT,RBT 9035
MT,RBT 9037
MT,RBT 9038
MT,RBT 9039
MT,RBT 9040
MT,RBT 9041
MT,RBT 9042
MT,RBT 9043
MT,RBT 9044
MT,RBT 9045
MT,RBT 9046
MT,RBT 9047
MT,RBT 9048
MT,RBT 9049
MT,RBT 9050
MT,RBT 9052
MT,RBT 9053
MT,SCM 1001
MT,SFI 1010
MT,SFI 1011
MT,SFI 1012
MT,SFI 1013
MT,SFI 1020
MT,SFI 1021
MT,SFI 1031
MT,SFI 1040
MT,SFI 1041
MT,SFI 1042
MT,SFI 1043
MT,SFI 1044
MT,SFI 1045
MT,SFI 1046
MT,SFI 1047
MT,SFI 1050
MT,SFI 1060
MT,SFI 1061
MT,SFI 1070
MT,SFI 1071
MT,SFI 1100
MT,SFI 1101
MT,SFI 1110
MT,SFI 1111
MT,SFI 1112
MT,SFI 1113
MT,SFI 1120
MT,SFI 1121
MT,SFI 1122
MT,SFI 1123
MT,SFI 1124
MT,SFI 1125
MT,SFI 1126
MT,SFI 1127
MT,SFI 1130
MT,SFI 1141
MT,SFI 1151
MT,SFI 1152
MT,SFI 1153
MT,SFI 1160
MT,SFI 1161
MT,SFI 1162
MT,SFI 1163
MT,SFI 1171
MT,SFI 1173
MT,SFI 1180
MT,SFI 1181
MT,SFI 1182
MT,SFI 1184
MT,SFI 1185
MT,SFI 1191
MT,SFI 1201
MT,SFI 1202
MT,SFI 1204
MT,SFI 1205
MT,SFI 1210
MT,SFI 1211
MT,SFI 1212
MT,SFI 1213
MT,SFI 1220
MT,SFI 1221
MT,SFI 1230
MT,SFI 1231
MT,SFI 1232
MT,SFI 1233
MT,SFI 1234
MT,SFI 1235
MT,SFI 1236
MT,SFI 1237
MT,SFI 1241
MT,SFI 1250
MT,SFI 1251
MT,SFI 1260
MT,SFI 1261
MT,SFI 1270
MT,SFI 1271
MT,SFI 1272
MT,SFI 1273
MT,SFI 1280
MT,SFI 1281
MT,SFI 1282
MT,SFI 1290
MT,SFI 1292
MT,SFI 1293
MT,SFI 1294
MT,SFI 1300
MT,SFI 1301
MT,SFI 1302
MT,SFI 1310
MT,SFI 1320
MT,SFI 1321
MT,SFI 1322
MT,SFI 1324
MT,SFI 1360
MT,SFI 1370
MT,SFI 1400
MT,SFI 1401
MT,SFI 1402
MT,SFI 1403
MT,SFI 1404
MT,SFI 1405
MT,SFI 1406
MT,SFI 1407
MT,SFI 1410
MT,SFI 1411
MT,SFI 1412
MT,SFI 1413
MT,SFI 1414
MT,SFI 1415
MT,SFI 1416
MT,SFI 1420
MT,SFI 1421
MT,SFI 1422
MT,SFI 1423
MT,SFI 1430
MT,SFI 1431
MT,SFI 1432
MT,SFI 1433
MT,SFI 1434
MT,SFI 1440
MT,SFI 1450
MT,SFI 1452
MT,SFI 1453
MT,SFI 1500
MT,SFI 1501
MT,SFI 1503
MT,SFI 1505
MT,SFI 1507
MT,SFI 1509
MT,SFI 1510
MT,SFI 1511
MT,SFI 1512
MT,SFI 1513
MT,SFI 1514
MT,SFI 1520
MT,SFI 1521
MT,SFI 1531
MT,SFI 1532
MT,SFI 1533
MT,SFI 1534
MT,SFI 1535
MT,SFI 1537
MT,SFI 1540
MT,SFI 1541
MT,SFI 1560
MT,SFI 1561
MT,SFI 1600
MT,SFI 1610
MT,SFI 1611
MT,SFI 1613
MT,SFI 1615
MT,SFI 1617
MT,SFI 1620
MT,SFI 1621
MT,SFI 1633
MT,SFI 1634
MT,SFI 1635
MT,SFI 1636
MT,SFI 1637
MT,SFI 1638
MT,SFI 1640
MT,SFI 1641
MT,SFI 1660
MT,SFI 1661
MT,SFI 1670
MT,SFI 1671
MT,SFI 1681
MT,SFI 1721
MT,SFI 1724
MT,SFI 1730
MT,SFI 2600
MT,SFI 2601
MT,SFI 2610
MT,SFI 2630
MT,SFI 2640
MT,SFI 2650
MT,SFI 2690
MT,SFI 9010
MT,SFI 9012
MT,SFI 9014
MT,SFI 9015
MT,SFI 9020
MT,SGN 1000
MT,SGN 1010
MT,SGN 1030
MT,SGN 1032
MT,SGN 1033
MT,SGN 1034
MT,SGN 1035
MT,SGN 1036
MT,SGN 1037
MT,SGN 1039
MT,SGN 1041
MT,SGN 1050
MT,SGN 1051
MT,SGN 1052
MT,SGN 1061
MT,SGN 1070
MT,SGN 1071
MT,SGN 1072
MT,SGN 1073
MT,SGN 1080
MT,SGN 1081
MT,SGN 1100
MT,SGN 1102
MT,SGN 1103
MT,SGN 1120
MT,SGN 1121
MT,SGN 1122
MT,SGN 1123
MT,SGN 1131
MT,SGN 1135
MT,SGN 1136
MT,SGN 1137
MT,SGN 1140
MT,SGN 1141
MT,SGN 1142
MT,SGN 1143
MT,SGN 1150
MT,SGN 1151
MT,SGN 1152
MT,SGN 1161
MT,SGN 1163
MT,SGN 1200
MT,SGN 1202
MT,SGN 1210
MT,SGN 1212
MT,SGN 1220
MT,SGN 1222
MT,SGN 1231
MT,SGN 1232
MT,SGN 1233
MT,SGN 1253
MT,SGN 1254
MT,SGN 1280
MT,SGN 1281
MT,SGN 1282
MT,SGN 1290
MT,SGN 1291
MT,SGN 1292
MT,SGN 1293
MT,SGN 1300
MT,SGN 1302
MT,SGN 1303
MT,SGN 1304
MT,SGN 1305
MT,SGN 1306
MT,SGN 1307
MT,SGN 1308
MT,SGN 1309
MT,SGN 1310
MT,SGN 1311
MT,SGN 1312
MT,SGN 1313
MT,SGN 1320
MT,SGN 1321
MT,SGN 1323
MT,SGN 1330
MT,SGN 1331
MT,SGN 1343
MT,SGN 1345
MT,SGN 1346
MT,SGN 1350
MT,SGN 1351
MT,SGN 1352
MT,SGN 1353
MT,SGN 1362
MT,SGN 1370
MT,SGN 1371
MT,SGN 1372
MT,SGN 1373
MT,SGN 1374
MT,SGN 1381
MT,SGN 1390
MT,SGN 1391
MT,SGN 1392
MT,SGN 1393
MT,SGN 1394
MT,SGN 1400
MT,SGN 1401
MT,SGN 1402
MT,SGN 1403
MT,SGN 1404
MT,SGN 1405
MT,SGN 1410
MT,SGN 1420
MT,SGN 1421
MT,SGN 1422
MT,SGN 1423
MT,SGN 1424
MT,SGN 1425
MT,SGN 1432
MT,SGN 1433
MT,SGN 1434
MT,SGN 1435
MT,SGN 1436
MT,SGN 1437
MT,SGN 1438
MT,SGN 1439
MT,SGN 1440
MT,SGN 1441
MT,SGN 1442
MT,SGN 1443
MT,SGN 1444
MT,SGN 1445
MT,SGN 1450
MT,SGN 1451
MT,SGN 1460
MT,SGN 1461
MT,SGN 1462
MT,SGN 1463
MT,SGN 1464
MT,SGN 1465
MT,SGN 1466
MT,SGN 1467
MT,SGN 1469
MT,SGN 1470
MT,SGN 1471
MT,SGN 1490
MT,SGN 1500
MT,SGN 1501
MT,SGN 1502
MT,SGN 1504
MT,SGN 1510
MT,SGN 1511
MT,SGN 1520
MT,SGN 1521
MT,SGN 1530
MT,SGN 1531
MT,SGN 1532
MT,SGN 1533
MT,SGN 1540
MT,SGN 1550
MT,SGN 1551
MT,SGN 1552
MT,SGN 1553
MT,SGN 1554
MT,SGN 1555
MT,SGN 1556
MT,SGN 1557
MT,SGN 1560
MT,SGN 1561
MT,SGN 1570
MT,SGN 1571
MT,SGN 1572
MT,SGN 1573
MT,SGN 1574
MT,SGN 1576
MT,SGN 1577
MT,SGN 1578
MT,SGN 1579
MT,SGN 1590
MT,SGN 1591
MT,SGN 1600
MT,SGN 1601
MT,SGN 1602
MT,SGN 1603
MT,SGN 1604
MT,SGN 1605
MT,SGN 1606
MT,SGN 1607
MT,SGN 1608
MT,SGN 1609
MT,SGN 1610
MT,SGN 1611
MT,SGN 1612
MT,SGN 1613
MT,SGN 1614
MT,SGN 1616
MT,SGN 1620
MT,SGN 1621
MT,SGN 1630
MT,SGN 1631
MT,SGN 1632
MT,SGN 1633
MT,SGN 1640
MT,SGN 1641
MT,SGN 1642
MT,SGN 1643
MT,SGN 1652
MT,SGN 1660
MT,SGN 1661
MT,SGN 1670
MT,SGN 1671
MT,SGN 1672
MT,SGN 1673
MT,SGN 1674
MT,SGN 1675
MT,SGN 1676
MT,SGN 1677
MT,SGN 1678
MT,SGN 1679
MT,SGN 1680
MT,SGN 1681
MT,SGN 1682
MT,SGN 1684
MT,SGN 1700
MT,SGN 1701
MT,SGN 1711
MT,SGN 1712
MT,SGN 1713
MT,SGN 1714
MT,SGN 1715
MT,SGN 1716
MT,SGN 1717
MT,SGN 1718
MT,SGN 1719
MT,SGN 1720
MT,SGN 1721
MT,SGN 1722
MT,SGN 1723
MT,SGN 1730
MT,SGN 1731
MT,SGN 1732
MT,SGN 1733
MT,SGN 1740
MT,SGN 1741
MT,SGN 1750
MT,SGN 1751
MT,SGN 1752
MT,SGN 1753
MT,SGN 1764
MT,SGN 1765
MT,SGN 1766
MT,SGN 1767
MT,SGN 1768
MT,SGN 1769
MT,SGN 1801
MT,SGN 1802
MT,SGN 1803
MT,SGN 1810
MT,SGN 1811
MT,SGN 1812
MT,SGN 1813
MT,SGN 1820
MT,SGN 1821
MT,SGN 1830
MT,SGN 1831
MT,SGN 1832
MT,SGN 1833
MT,SGN 1840
MT,SGN 1841
MT,SGN 1850
MT,SGN 1851
MT,SGN 1852
MT,SGN 1853
MT,SGN 1854
MT,SGN 1855
MT,SGN 1860
MT,SGN 1862
MT,SGN 1870
MT,SGN 1871
MT,SGN 1872
MT,SGN 1873
MT,SGN 1881
MT,SGN 1883
MT,SGN 1885
MT,SGN 1903
MT,SGN 1905
MT,SGN 1906
MT,SGN 1907
MT,SGN 1908
MT,SGN 1910
MT,SGN 1912
MT,SGN 1914
MT,SGN 1923
MT,SGN 1925
MT,SGN 1927
MT,SGN 1929
MT,SGN 1930
MT,SGN 1931
MT,SGN 1932
MT,SGN 1940
MT,SGN 1941
MT,SGN 1942
MT,SGN 1943
MT,SGN 1950
MT,SGN 1952
MT,SGN 1953
MT,SGN 1980
MT,SGN 2010
MT,SGN 2020
MT,SGN 2021
MT,SGN 2022
MT,SGN 2023
MT,SGN 2025
MT,SGN 2026
MT,SGN 2027
MT,SGN 2030
MT,SGN 2031
MT,SGN 2040
MT,SGN 2042
MT,SGN 2043
MT,SGN 2050
MT,SGN 2051
MT,SGN 2052
MT,SGN 2060
MT,SGN 2061
MT,SGN 2070
MT,SGN 2072
MT,SGN 2073
MT,SGN 2074
MT,SGN 2090
MT,SGN 2091
MT,SGN 2092
MT,SGN 2093
MT,SGN 2100
MT,SGN 2101
MT,SGN 2120
MT,SGN 2121
MT,SGN 2122
MT,SGN 2123
MT,SGN 2125
MT,SGN 2130
MT,SGN 2140
MT,SGN 2141
MT,SGN 2142
MT,SGN 2143
MT,SGN 2200
MT,SGN 2201
MT,SGN 2202
MT,SGN 2203
MT,SGN 2210
MT,SGN 2211
MT,SGN 2212
MT,SGN 2213
MT,SGN 2214
MT,SGN 2215
MT,SGN 2216
MT,SGN 2220
MT,SGN 2221
MT,SGN 2230
MT,SGN 2231
MT,SGN 2232
MT,SGN 2233
MT,SGN 2240
MT,SGN 2241
MT,SGN 2251
MT,SGN 2260
MT,SGN 2261
MT,SGN 2301
MT,SGN 2302
MT,SGN 2303
MT,SGN 2304
MT,SGN 2305
MT,SGN 2310
MT,SGN 2311
MT,SGN 2320
MT,SGN 2321
MT,SGN 2330
MT,SGN 2331
MT,SGN 2332
MT,SGN 2333
MT,SGN 2340
MT,SGN 2341
MT,SGN 2350
MT,SGN 2351
MT,SGN 2352
MT,SGN 2353
MT,SGN 2360
MT,SGN 2361
MT,SGN 2362
MT,SGN 2363
MT,SGN 2370
MT,SGN 2400
MT,SGN 2402
MT,SGN 2403
MT,SGN 2410
MT,SGN 2411
MT,SGN 2413
MT,SGN 2415
MT,SGN 2416
MT,SGN 2417
MT,SGN 2422
MT,SGN 2430
MT,SGN 2432
MT,SGN 2433
MT,SGN 2441
MT,SGN 2450
MT,SGN 2461
MT,SGN 2471
MT,SGN 2473
MT,SGN 2500
MT,SGN 2502
MT,SGN 2520
MT,SGN 2521
MT,SGN 2523
MT,SGN 2524
MT,SGN 2526
MT,SGN 2527
MT,SGN 2529
MT,SGN 2532
MT,SGN 2550
MT,SGN 2551
MT,SGN 2552
MT,SGN 2571
MT,SGN 2601
MT,SGN 2602
MT,SGN 2605
MT,SGN 2606
MT,SGN 2621
MT,SGN 2630
MT,SGN 2640
MT,SGN 2660
MT,SGN 2670
MT,SGN 2680
MT,SGN 2681
MT,SGN 2683
MT,SGN 2690
MT,SGN 2691
MT,SGN 2698
MT,SGN 2699
MT,SGN 2711
MT,SGN 2721
MT,SGN 2731
MT,SGN 2750
MT,SGN 2751
MT,SGN 2770
MT,SGN 2771
MT,SGN 2800
MT,SGN 2801
MT,SGN 2802
MT,SGN 2803
MT,SGN 2804
MT,SGN 2805
MT,SGN 2810
MT,SGN 2902
MT,SGN 2904
MT,SGN 2905
MT,SGN 2910
MT,SGN 2927
MT,SGN 2934
MT,SGN 2935
MT,SGN 2950
MT,SGN 2951
MT,SGN 3000
MT,SGN 3016
MT,SGN 3018
MT,SGN 3021
MT,SGN 3023
MT,SGN 3025
MT,SGN 3027
MT,SGN 3030
MT,SGN 3031
MT,SGN 3032
MT,SGN 3033
MT,SGN 3034
MT,SGN 3050
MT,SGN 3051
MT,SGN 3052
MT,SGN 3053
MT,SGN 3054
MT,SGN 3055
MT,SGN 3056
MT,SGN 3057
MT,SGN 3060
MT,SGN 3061
MT,SGN 3070
MT,SGN 3071
MT,SGN 3072
MT,SGN 3073
MT,SGN 3074
MT,SGN 3075
MT,SGN 3080
MT,SGN 3081
MT,SGN 3101
MT,SGN 3102
MT,SGN 3103
MT,SGN 3120
MT,SGN 3121
MT,SGN 3131
MT,SGN 3150
MT,SGN 3151
MT,SGN 3152
MT,SGN 3153
MT,SGN 3155
MT,SGN 3160
MT,SGN 3161
MT,SGN 3162
MT,SGN 3163
MT,SGN 3170
MT,SGN 3171
MT,SGN 3180
MT,SGN 3181
MT,SGN 3182
MT,SGN 3183
MT,SGN 3200
MT,SGN 3201
MT,SGN 3203
MT,SGN 3210
MT,SGN 3211
MT,SGN 3212
MT,SGN 3213
MT,SGN 3220
MT,SGN 3231
MT,SGN 3232
MT,SGN 3233
MT,SGN 3250
MT,SGN 3251
MT,SGN 3253
MT,SGN 3500
MT,SGN 3502
MT,SGN 3504
MT,SGN 3510
MT,SGN 3511
MT,SGN 3530
MT,SGN 3531
MT,SGN 3533
MT,SGN 3540
MT,SGN 3541
MT,SGN 3543
MT,SGN 3600
MT,SGN 3601
MT,SGN 4011
MT,SGN 4012
MT,SGN 4013
MT,SGN 4014
MT,SGN 4020
MT,SGN 4021
MT,SGN 4031
MT,SGN 4032
MT,SGN 4033
MT,SGN 4034
MT,SGN 4035
MT,SGN 4036
MT,SGN 4037
MT,SGN 4038
MT,SGN 4039
MT,SGN 4040
MT,SGN 4041
MT,SGN 4042
MT,SGN 4043
MT,SGN 4051
MT,SGN 4053
MT,SGN 4055
MT,SGN 4070
MT,SGN 4071
MT,SGN 4072
MT,SGN 4073
MT,SGN 4074
MT,SGN 4075
MT,SGN 4100
MT,SGN 4101
MT,SGN 4102
MT,SGN 4103
MT,SGN 4104
MT,SGN 4106
MT,SGN 4110
MT,SGN 4111
MT,SGN 4112
MT,SGN 4113
MT,SGN 4114
MT,SGN 4115
MT,SGN 4116
MT,SGN 4117
MT,SGN 4118
MT,SGN 4119
MT,SGN 4120
MT,SGN 4121
MT,SGN 4122
MT,SGN 4123
MT,SGN 4130
MT,SGN 4131
MT,SGN 4132
MT,SGN 4133
MT,SGN 4134
MT,SGN 4135
MT,SGN 4136
MT,SGN 4137
MT,SGN 4138
MT,SGN 4139
MT,SGN 4150
MT,SGN 4152
MT,SGN 4153
MT,SGN 4154
MT,SGN 4155
MT,SGN 4161
MT,SGN 4172
MT,SGN 4173
MT,SGN 4181
MT,SGN 4190
MT,SGN 4191
MT,SGN 4192
MT,SGN 4193
MT,SGN 4194
MT,SGN 4195
MT,SGN 4196
MT,SGN 4197
MT,SGN 4200
MT,SGN 4201
MT,SGN 4202
MT,SGN 4203
MT,SGN 4210
MT,SGN 4211
MT,SGN 4212
MT,SGN 4213
MT,SGN 4230
MT,SGN 4231
MT,SGN 4232
MT,SGN 4233
MT,SGN 4234
MT,SGN 4235
MT,SGN 4236
MT,SGN 4237
MT,SGN 4238
MT,SGN 4239
MT,SGN 4240
MT,SGN 4250
MT,SGN 4251
MT,SGN 4252
MT,SGN 4253
MT,SGN 4254
MT,SGN 4255
MT,SGN 4260
MT,SGN 4261
MT,SGN 4270
MT,SGN 4271
MT,SGN 4280
MT,SGN 4290
MT,SGN 4300
MT,SGN 4301
MT,SGN 4302
MT,SGN 4303
MT,SGN 4312
MT,SGN 4313
MT,SGN 4314
MT,SGN 4315
MT,SGN 4316
MT,SGN 4317
MT,SGN 4318
MT,SGN 4319
MT,SGN 4320
MT,SGN 4321
MT,SGN 4322
MT,SGN 4323
MT,SGN 4330
MT,SGN 4331
MT,SGN 4332
MT,SGN 4333
MT,SGN 4334
MT,SGN 4335
MT,SGN 4340
MT,SGN 4341
MT,SGN 4342
MT,SGN 4343
MT,SGN 4350
MT,SGN 4351
MT,SGN 4352
MT,SGN 4353
MT,SGN 4354
MT,SGN 4355
MT,SGN 4360
MT,SGN 4371
MT,SGN 4410
MT,SGN 4411
MT,SGN 4412
MT,SGN 4413
MT,SGN 4414
MT,SGN 4415
MT,SGN 4416
MT,SGN 4417
MT,SGN 4418
MT,SGN 4419
MT,SGN 4420
MT,SGN 4421
MT,SGN 4430
MT,SGN 4431
MT,SGN 4432
MT,SGN 4433
MT,SGN 4434
MT,SGN 4435
MT,SGN 4436
MT,SGN 4440
MT,SGN 4441
MT,SGN 4460
MT,SGN 4461
MT,SGN 4462
MT,SGN 4463
MT,SGN 4464
MT,SGN 4465
MT,SGN 4467
MT,SGN 4468
MT,SGN 4469
MT,SGN 9010
MT,SGN 9014
MT,SGN 9016
MT,SGN 9017
MT,SGN 9018
MT,SGN 9019
MT,SGN 9020
MT,SGN 9021
MT,SGN 9023
MT,SGN 9024
MT,SGN 9025
MT,SGN 9027
MT,SGN 9030
MT,SGN 9031
MT,SGN 9032
MT,SGN 9033
MT,SGN 9040
MT,SGW 1014
MT,SGW 1015
MT,SGW 1016
MT,SGW 1017
MT,SGW 1018
MT,SGW 1019
MT,SGW 1020
MT,SGW 1030
MT,SGW 1040
MT,SGW 1041
MT,SGW 1042
MT,SGW 1043
MT,SGW 1044
MT,SGW 1045
MT,SGW 1046
MT,SGW 1047
MT,SGW 1048
MT,SGW 1049
MT,SGW 1050
MT,SGW 1060
MT,SGW 1061
MT,SGW 1070
MT,SGW 1071
MT,SGW 1072
MT,SGW 1073
MT,SGW 1080
MT,SGW 1081
MT,SGW 1082
MT,SGW 1083
MT,SGW 1090
MT,SGW 1091
MT,SGW 1092
MT,SGW 1093
MT,SGW 1095
MT,SGW 1100
MT,SGW 1101
MT,SGW 1102
MT,SGW 1103
MT,SGW 1104
MT,SGW 1116
MT,SGW 1117
MT,SGW 1120
MT,SGW 1121
MT,SGW 1132
MT,SGW 1140
MT,SGW 1141
MT,SGW 1150
MT,SGW 1151
MT,SGW 1152
MT,SGW 1153
MT,SGW 1160
MT,SGW 1161
MT,SGW 1162
MT,SGW 1163
MT,SGW 1164
MT,SGW 1165
MT,SGW 1166
MT,SGW 1167
MT,SGW 1170
MT,SGW 1171
MT,SGW 1180
MT,SGW 1181
MT,SGW 1190
MT,SGW 1191
MT,SGW 1201
MT,SGW 1202
MT,SGW 1203
MT,SGW 1204
MT,SGW 1205
MT,SGW 1206
MT,SGW 1207
MT,SGW 1209
MT,SGW 1210
MT,SGW 1220
MT,SGW 1221
MT,SGW 1230
MT,SGW 1231
MT,SGW 1240
MT,SGW 1241
MT,SGW 1250
MT,SGW 1251
MT,SGW 1252
MT,SGW 1253
MT,SGW 1260
MT,SGW 1261
MT,SGW 1262
MT,SGW 1263
MT,SGW 1270
MT,SGW 1271
MT,SGW 1280
MT,SGW 1281
MT,SGW 1300
MT,SGW 1301
MT,SGW 1302
MT,SGW 1303
MT,SGW 1304
MT,SGW 1305
MT,SGW 1306
MT,SGW 1307
MT,SGW 1308
MT,SGW 1309
MT,SGW 1310
MT,SGW 1320
MT,SGW 1321
MT,SGW 1330
MT,SGW 1340
MT,SGW 1341
MT,SGW 1350
MT,SGW 1351
MT,SGW 1352
MT,SGW 1353
MT,SGW 1360
MT,SGW 1361
MT,SGW 1362
MT,SGW 1363
MT,SGW 1364
MT,SGW 1365
MT,SGW 1366
MT,SGW 1367
MT,SGW 1370
MT,SGW 1390
MT,SGW 1391
MT,SGW 1404
MT,SGW 1405
MT,SGW 1406
MT,SGW 1407
MT,SGW 1408
MT,SGW 1409
MT,SGW 1411
MT,SGW 1412
MT,SGW 1413
MT,SGW 1421
MT,SGW 1422
MT,SGW 1423
MT,SGW 1440
MT,SGW 1450
MT,SGW 1451
MT,SGW 1452
MT,SGW 1453
MT,SGW 1454
MT,SGW 1455
MT,SGW 1460
MT,SGW 1461
MT,SGW 1470
MT,SGW 1471
MT,SGW 1480
MT,SGW 1490
MT,SGW 1491
MT,SGW 1492
MT,SGW 1500
MT,SGW 1501
MT,SGW 1502
MT,SGW 1503
MT,SGW 1504
MT,SGW 1505
MT,SGW 1510
MT,SGW 1511
MT,SGW 1520
MT,SGW 1521
MT,SGW 1530
MT,SGW 1531
MT,SGW 1532
MT,SGW 1533
MT,SGW 1534
MT,SGW 1535
MT,SGW 1536
MT,SGW 1537
MT,SGW 1539
MT,SGW 1540
MT,SGW 1541
MT,SGW 1550
MT,SGW 1560
MT,SGW 1561
MT,SGW 1570
MT,SGW 1571
MT,SGW 1600
MT,SGW 1601
MT,SGW 1602
MT,SGW 1603
MT,SGW 1604
MT,SGW 1605
MT,SGW 1606
MT,SGW 1607
MT,SGW 1609
MT,SGW 1610
MT,SGW 1611
MT,SGW 1620
MT,SGW 1621
MT,SGW 1630
MT,SGW 1640
MT,SGW 1651
MT,SGW 1660
MT,SGW 1670
MT,SGW 1671
MT,SGW 1672
MT,SGW 1673
MT,SGW 1674
MT,SGW 1675
MT,SGW 1680
MT,SGW 1681
MT,SGW 1700
MT,SGW 1701
MT,SGW 1702
MT,SGW 1703
MT,SGW 1704
MT,SGW 1705
MT,SGW 1710
MT,SGW 1720
MT,SGW 1730
MT,SGW 1731
MT,SGW 1751
MT,SGW 1752
MT,SGW 1753
MT,SGW 1760
MT,SGW 1761
MT,SGW 1770
MT,SGW 1771
MT,SGW 1772
MT,SGW 1773
MT,SGW 1774
MT,SGW 1775
MT,SGW 1780
MT,SGW 1782
MT,SGW 1783
MT,SGW 1791
MT,SGW 1792
MT,SGW 1793
MT,SGW 1800
MT,SGW 1801
MT,SGW 1802
MT,SGW 1803
MT,SGW 1804
MT,SGW 1812
MT,SGW 1820
MT,SGW 1821
MT,SGW 1822
MT,SGW 1823
MT,SGW 1824
MT,SGW 1825
MT,SGW 1826
MT,SGW 1827
MT,SGW 1829
MT,SGW 1830
MT,SGW 1831
MT,SGW 1840
MT,SGW 1841
MT,SGW 1842
MT,SGW 1843
MT,SGW 1844
MT,SGW 1845
MT,SGW 1850
MT,SGW 1851
MT,SGW 1852
MT,SGW 1853
MT,SGW 1854
MT,SGW 1855
MT,SGW 1859
MT,SGW 1860
MT,SGW 1861
MT,SGW 1870
MT,SGW 1871
MT,SGW 1900
MT,SGW 1901
MT,SGW 1910
MT,SGW 1911
MT,SGW 1913
MT,SGW 1920
MT,SGW 1921
MT,SGW 1922
MT,SGW 1923
MT,SGW 1930
MT,SGW 1940
MT,SGW 1941
MT,SGW 1950
MT,SGW 1952
MT,SGW 1953
MT,SGW 1960
MT,SGW 1961
MT,SGW 1962
MT,SGW 1963
MT,SGW 1964
MT,SGW 1965
MT,SGW 1967
MT,SGW 1968
MT,SGW 1969
MT,SGW 1970
MT,SGW 2010
MT,SGW 2011
MT,SGW 2012
MT,SGW 2013
MT,SGW 2014
MT,SGW 2016
MT,SGW 2018
MT,SGW 2019
MT,SGW 2020
MT,SGW 2021
MT,SGW 2022
MT,SGW 2023
MT,SGW 2031
MT,SGW 2032
MT,SGW 2040
MT,SGW 2042
MT,SGW 2043
MT,SGW 2045
MT,SGW 2050
MT,SGW 2051
MT,SGW 2060
MT,SGW 2061
MT,SGW 2062
MT,SGW 2063
MT,SGW 2071
MT,SGW 2072
MT,SGW 2073
MT,SGW 2080
MT,SGW 2090
MT,SGW 2091
MT,SGW 2092
MT,SGW 2093
MT,SGW 2094
MT,SGW 2095
MT,SGW 2096
MT,SGW 2097
MT,SGW 2101
MT,SGW 2102
MT,SGW 2103
MT,SGW 2105
MT,SGW 2110
MT,SGW 2111
MT,SGW 2112
MT,SGW 2113
MT,SGW 2114
MT,SGW 2115
MT,SGW 2121
MT,SGW 2123
MT,SGW 2131
MT,SGW 2140
MT,SGW 2141
MT,SGW 2150
MT,SGW 2151
MT,SGW 2152
MT,SGW 2160
MT,SGW 2161
MT,SGW 2163
MT,SGW 2165
MT,SGW 2170
MT,SGW 2171
MT,SGW 2180
MT,SGW 2182
MT,SGW 2200
MT,SGW 2201
MT,SGW 2202
MT,SGW 2204
MT,SGW 2209
MT,SGW 2220
MT,SGW 2230
MT,SGW 2240
MT,SGW 2251
MT,SGW 2270
MT,SGW 2280
MT,SGW 2410
MT,SGW 2430
MT,SGW 2500
MT,SGW 2501
MT,SGW 2510
MT,SGW 2511
MT,SGW 2512
MT,SGW 2513
MT,SGW 2520
MT,SGW 2521
MT,SGW 2530
MT,SGW 2531
MT,SGW 2532
MT,SGW 2533
MT,SGW 2534
MT,SGW 2540
MT,SGW 2541
MT,SGW 2542
MT,SGW 2543
MT,SGW 2550
MT,SGW 2560
MT,SGW 2570
MT,SGW 2571
MT,SGW 2572
MT,SGW 2573
MT,SGW 2574
MT,SGW 2575
MT,SGW 2580
MT,SGW 2590
MT,SGW 2600
MT,SGW 2601
MT,SGW 2602
MT,SGW 2603
MT,SGW 2604
MT,SGW 2606
MT,SGW 2607
MT,SGW 2609
MT,SGW 2616
MT,SGW 2620
MT,SGW 2621
MT,SGW 2632
MT,SGW 2633
MT,SGW 2634
MT,SGW 2635
MT,SGW 2643
MT,SGW 2646
MT,SGW 2651
MT,SGW 2662
MT,SGW 2663
MT,SGW 2680
MT,SGW 2683
MT,SGW 2700
MT,SGW 2702
MT,SGW 2704
MT,SGW 2705
MT,SGW 2724
MT,SGW 2760
MT,SGW 2770
MT,SGW 2780
MT,SGW 2790
MT,SGW 2800
MT,SGW 2813
MT,SGW 2820
MT,SGW 2821
MT,SGW 2822
MT,SGW 2823
MT,SGW 2824
MT,SGW 2825
MT,SGW 2830
MT,SGW 2831
MT,SGW 2838
MT,SGW 2840
MT,SGW 2850
MT,SGW 2860
MT,SGW 2870
MT,SGW 2880
MT,SGW 2890
MT,SGW 2900
MT,SGW 2910
MT,SGW 2920
MT,SGW 2930
MT,SGW 2940
MT,SGW 2950
MT,SGW 2960
MT,SGW 3011
MT,SGW 3012
MT,SGW 3013
MT,SGW 3014
MT,SGW 3015
MT,SGW 3016
MT,SGW 3017
MT,SGW 3019
MT,SGW 3020
MT,SGW 3021
MT,SGW 3030
MT,SGW 3031
MT,SGW 3032
MT,SGW 3033
MT,SGW 3040
MT,SGW 3041
MT,SGW 3043
MT,SGW 3050
MT,SGW 3052
MT,SGW 3060
MT,SGW 3061
MT,SGW 3062
MT,SGW 3070
MT,SGW 3071
MT,SGW 3072
MT,SGW 3073
MT,SGW 3074
MT,SGW 3075
MT,SGW 3076
MT,SGW 3077
MT,SGW 3078
MT,SGW 3079
MT,SGW 3080
MT,SGW 3081
MT,SGW 3082
MT,SGW 3083
MT,SGW 3090
MT,SGW 3091
MT,SGW 3111
MT,SGW 3130
MT,SGW 3190
MT,SGW 3202
MT,SGW 3204
MT,SGW 3205
MT,SGW 3206
MT,SGW 3207
MT,SGW 3210
MT,SGW 3211
MT,SGW 3212
MT,SGW 3213
MT,SGW 3220
MT,SGW 3233
MT,SGW 3235
MT,SGW 3236
MT,SGW 3237
MT,SGW 3240
MT,SGW 3253
MT,SGW 3255
MT,SGW 3257
MT,SGW 3260
MT,SGW 3261
MT,SGW 3262
MT,SGW 3263
MT,SGW 3264
MT,SGW 3265
MT,SGW 3270
MT,SGW 3272
MT,SGW 3273
MT,SGW 3290
MT,SGW 3300
MT,SGW 3301
MT,SGW 3302
MT,SGW 3303
MT,SGW 3310
MT,SGW 3311
MT,SGW 3312
MT,SGW 3313
MT,SGW 3321
MT,SGW 3323
MT,SGW 3330
MT,SGW 3331
MT,SGW 3332
MT,SGW 3333
MT,SGW 3334
MT,SGW 3335
MT,SGW 3336
MT,SGW 3337
MT,SGW 3339
MT,SGW 3340
MT,SGW 3341
MT,SGW 3342
MT,SGW 3350
MT,SGW 3351
MT,SGW 3400
MT,SGW 3401
MT,SGW 3402
MT,SGW 3403
MT,SGW 3404
MT,SGW 3405
MT,SGW 3410
MT,SGW 3411
MT,SGW 3412
MT,SGW 3413
MT,SGW 3421
MT,SGW 3423
MT,SGW 3424
MT,SGW 3425
MT,SGW 3426
MT,SGW 3427
MT,SGW 3430
MT,SGW 3431
MT,SGW 3432
MT,SGW 3440
MT,SGW 3505
MT,SGW 3507
MT,SGW 3509
MT,SGW 3530
MT,SGW 3532
MT,SGW 3533
MT,SGW 3534
MT,SGW 3540
MT,SGW 3600
MT,SGW 3610
MT,SGW 3700
MT,SGW 3710
MT,SGW 3901
MT,SGW 3902
MT,SGW 3903
MT,SGW 3904
MT,SGW 3908
MT,SGW 3909
MT,SGW 3910
MT,SGW 3920
MT,SGW 3930
MT,SGW 3940
MT,SGW 3953
MT,SGW 3954
MT,SGW 3957
MT,SGW 3963
MT,SGW 3970
MT,SGW 3990
MT,SGW 3996
MT,SGW 3997
MT,SGW 3999
MT,SGW 4010
MT,SGW 4020
MT,SGW 4040
MT,SGW 4051
MT,SGW 4060
MT,SGW 4070
MT,SGW 4075
MT,SGW 4080
MT,SGW 4090
MT,SGW 4092
MT,SGW 4095
MT,SGW 4600
MT,SGW 4610
MT,SGW 4612
MT,SGW 4616
MT,SGW 4620
MT,SGW 4628
MT,SGW 4650
MT,SGW 4700
MT,SGW 4800
MT,SGW 4820
MT,SGW 4830
MT,SGW 4840
MT,SGW 5010
MT,SGW 5020
MT,SLC 1010
MT,SLC 1012
MT,SLC 1014
MT,SLC 1016
MT,SLC 1017
MT,SLC 1018
MT,SLC 1019
MT,SLC 1020
MT,SLC 1022
MT,SLC 1024
MT,SLC 1031
MT,SLC 1032
MT,SLC 1033
MT,SLC 1034
MT,SLC 1035
MT,SLC 1036
MT,SLC 1037
MT,SLC 1041
MT,SLC 1042
MT,SLC 1043
MT,SLC 1050
MT,SLC 1054
MT,SLC 1055
MT,SLC 1056
MT,SLC 1100
MT,SLC 1101
MT,SLC 1110
MT,SLC 1111
MT,SLC 1130
MT,SLC 1131
MT,SLC 1150
MT,SLC 1151
MT,SLC 1160
MT,SLC 1170
MT,SLC 1171
MT,SLC 1180
MT,SLC 1190
MT,SLC 1191
MT,SLC 1192
MT,SLC 1193
MT,SLC 1194
MT,SLC 1195
MT,SLC 1196
MT,SLC 1197
MT,SLC 1198
MT,SLC 1199
MT,SLC 1200
MT,SLC 1201
MT,SLC 1202
MT,SLC 1203
MT,SLC 1204
MT,SLC 1206
MT,SLC 1208
MT,SLC 1210
MT,SLC 1220
MT,SLC 1230
MT,SLC 1231
MT,SLC 1241
MT,SLC 1251
MT,SLC 1260
MT,SLC 1270
MT,SLC 1280
MT,SLC 1290
MT,SLC 1300
MT,SLC 1302
MT,SLC 1304
MT,SLC 1331
MT,SLC 1333
MT,SLC 1401
MT,SLC 1410
MT,SLC 1411
MT,SLC 1440
MT,SLC 1441
MT,SLC 1450
MT,SLC 1451
MT,SLC 1500
MT,SLC 1501
MT,SLC 1502
MT,SLC 1510
MT,SLC 1520
MT,SLC 1521
MT,SLC 1522
MT,SLC 1523
MT,SLC 1530
MT,SLC 1531
MT,SLC 1540
MT,SLC 1541
MT,SLC 1550
MT,SLC 1551
MT,SLC 1571
MT,SLC 1581
MT,SLC 1590
MT,SLC 1600
MT,SLC 1602
MT,SLC 1610
MT,SLC 1611
MT,SLC 1620
MT,SLC 1622
MT,SLC 1631
MT,SLC 1633
MT,SLC 1640
MT,SLC 1650
MT,SLC 1651
MT,SLC 1660
MT,SLC 1661
MT,SLC 1670
MT,SLC 1681
MT,SLC 1701
MT,SLC 1702
MT,SLC 1720
MT,SLC 1721
MT,SLC 1722
MT,SLC 1723
MT,SLC 1734
MT,SLC 1735
MT,SLC 1740
MT,SLC 1742
MT,SLC 1744
MT,SLC 1750
MT,SLC 1751
MT,SLC 1760
MT,SLC 1761
MT,SLC 1770
MT,SLC 1772
MT,SLC 1774
MT,SLC 1800
MT,SLC 1801
MT,SLC 1803
MT,SLC 1805
MT,SLC 1810
MT,SLC 1812
MT,SLC 1813
MT,SLC 1820
MT,SLC 1821
MT,SLC 1831
MT,SLC 1832
MT,SLC 1833
MT,SLC 1841
MT,SLC 1860
MT,SLC 1862
MT,SLC 1870
MT,SLC 2510
MT,SLC 2511
MT,SLM 1000
MT,SLM 1011
MT,SLM 1012
MT,SLM 1013
MT,SLM 1014
MT,SLM 1015
MT,SLM 1020
MT,SLM 1021
MT,SLM 1022
MT,SLM 1023
MT,SLM 1024
MT,SLM 1025
MT,SLM 1026
MT,SLM 1027
MT,SLM 1030
MT,SLM 1032
MT,SLM 1033
MT,SLM 1040
MT,SLM 1041
MT,SLM 1042
MT,SLM 1043
MT,SLM 1050
MT,SLM 1051
MT,SLM 1052
MT,SLM 1053
MT,SLM 1054
MT,SLM 1055
MT,SLM 1056
MT,SLM 1057
MT,SLM 1058
MT,SLM 1059
MT,SLM 1060
MT,SLM 1061
MT,SLM 1070
MT,SLM 1071
MT,SLM 1072
MT,SLM 1073
MT,SLM 1074
MT,SLM 1075
MT,SLM 1080
MT,SLM 1081
MT,SLM 1090
MT,SLM 1091
MT,SLM 1092
MT,SLM 1093
MT,SLM 1100
MT,SLM 1101
MT,SLM 1102
MT,SLM 1103
MT,SLM 1104
MT,SLM 1105
MT,SLM 1106
MT,SLM 1107
MT,SLM 1108
MT,SLM 1109
MT,SLM 1110
MT,SLM 1111
MT,SLM 1113
MT,SLM 1114
MT,SLM 1115
MT,SLM 1116
MT,SLM 1117
MT,SLM 1118
MT,SLM 1119
MT,SLM 1120
MT,SLM 1121
MT,SLM 1122
MT,SLM 1123
MT,SLM 1124
MT,SLM 1125
MT,SLM 1126
MT,SLM 1127
MT,SLM 1130
MT,SLM 1131
MT,SLM 1140
MT,SLM 1141
MT,SLM 1142
MT,SLM 1143
MT,SLM 1150
MT,SLM 1151
MT,SLM 1152
MT,SLM 1153
MT,SLM 1154
MT,SLM 1155
MT,SLM 1156
MT,SLM 1157
MT,SLM 1158
MT,SLM 1159
MT,SLM 1160
MT,SLM 1161
MT,SLM 1162
MT,SLM 1163
MT,SLM 1170
MT,SLM 1171
MT,SLM 1180
MT,SLM 1182
MT,SLM 1183
MT,SLM 1184
MT,SLM 1185
MT,SLM 1190
MT,SLM 1191
MT,SLM 1200
MT,SLM 1201
MT,SLM 1202
MT,SLM 1203
MT,SLM 1204
MT,SLM 1205
MT,SLM 1210
MT,SLM 1211
MT,SLM 1220
MT,SLM 1222
MT,SLM 1223
MT,SLM 1224
MT,SLM 1225
MT,SLM 1227
MT,SLM 1230
MT,SLM 1231
MT,SLM 1240
MT,SLM 1241
MT,SLM 1250
MT,SLM 1251
MT,SLM 1252
MT,SLM 1253
MT,SLM 1254
MT,SLM 1255
MT,SLM 1256
MT,SLM 1257
MT,SLM 1258
MT,SLM 1259
MT,SLM 1260
MT,SLM 1261
MT,SLM 1270
MT,SLM 1271
MT,SLM 1272
MT,SLM 1273
MT,SLM 1274
MT,SLM 1275
MT,SLM 1276
MT,SLM 1277
MT,SLM 1278
MT,SLM 1279
MT,SLM 1280
MT,SLM 1281
MT,SLM 1282
MT,SLM 1283
MT,SLM 1290
MT,SLM 1300
MT,SLM 1301
MT,SLM 1302
MT,SLM 1303
MT,SLM 1310
MT,SLM 1311
MT,SLM 1312
MT,SLM 1313
MT,SLM 1314
MT,SLM 1315
MT,SLM 1316
MT,SLM 1317
MT,SLM 1320
MT,SLM 1321
MT,SLM 1322
MT,SLM 1323
MT,SLM 1324
MT,SLM 1325
MT,SLM 1330
MT,SLM 1331
MT,SLM 1332
MT,SLM 1333
MT,SLM 1334
MT,SLM 1335
MT,SLM 1340
MT,SLM 1341
MT,SLM 1342
MT,SLM 1343
MT,SLM 1344
MT,SLM 1345
MT,SLM 1350
MT,SLM 1351
MT,SLM 1352
MT,SLM 1353
MT,SLM 1360
MT,SLM 1361
MT,SLM 1362
MT,SLM 1370
MT,SLM 1371
MT,SLM 1372
MT,SLM 1373
MT,SLM 1374
MT,SLM 1375
MT,SLM 1376
MT,SLM 1377
MT,SLM 1378
MT,SLM 1379
MT,SLM 1380
MT,SLM 1381
MT,SLM 1382
MT,SLM 1383
MT,SLM 1384
MT,SLM 1385
MT,SLM 1390
MT,SLM 1391
MT,SLM 1400
MT,SLM 1401
MT,SLM 1402
MT,SLM 1403
MT,SLM 1404
MT,SLM 1405
MT,SLM 1406
MT,SLM 1407
MT,SLM 1410
MT,SLM 1411
MT,SLM 1412
MT,SLM 1415
MT,SLM 1420
MT,SLM 1421
MT,SLM 1422
MT,SLM 1423
MT,SLM 1424
MT,SLM 1425
MT,SLM 1426
MT,SLM 1427
MT,SLM 1430
MT,SLM 1431
MT,SLM 1440
MT,SLM 1441
MT,SLM 1442
MT,SLM 1443
MT,SLM 1444
MT,SLM 1445
MT,SLM 1446
MT,SLM 1447
MT,SLM 1448
MT,SLM 1449
MT,SLM 1450
MT,SLM 1451
MT,SLM 1460
MT,SLM 1461
MT,SLM 1462
MT,SLM 1463
MT,SLM 1464
MT,SLM 1465
MT,SLM 1466
MT,SLM 1467
MT,SLM 1468
MT,SLM 1469
MT,SLM 1470
MT,SLM 1471
MT,SLM 1472
MT,SLM 1473
MT,SLM 1480
MT,SLM 1482
MT,SLM 1483
MT,SLM 1484
MT,SLM 1485
MT,SLM 1486
MT,SLM 1487
MT,SLM 1500
MT,SLM 1501
MT,SLM 1502
MT,SLM 1503
MT,SLM 1510
MT,SLM 1511
MT,SLM 1512
MT,SLM 1513
MT,SLM 1514
MT,SLM 1515
MT,SLM 1520
MT,SLM 1521
MT,SLM 1522
MT,SLM 1523
MT,SLM 1524
MT,SLM 1525
MT,SLM 1526
MT,SLM 1527
MT,SLM 1530
MT,SLM 1531
MT,SLM 1532
MT,SLM 1533
MT,SLM 1540
MT,SLM 1541
MT,SLM 1542
MT,SLM 1543
MT,SLM 1544
MT,SLM 1545
MT,SLM 1546
MT,SLM 1547
MT,SLM 1548
MT,SLM 1549
MT,SLM 1551
MT,SLM 1560
MT,SLM 1561
MT,SLM 1562
MT,SLM 1563
MT,SLM 1570
MT,SLM 1571
MT,SLM 1572
MT,SLM 1573
MT,SLM 1600
MT,SLM 1601
MT,SLM 1602
MT,SLM 1603
MT,SLM 1604
MT,SLM 1605
MT,SLM 1606
MT,SLM 1607
MT,SLM 1608
MT,SLM 1609
MT,SLM 1610
MT,SLM 1611
MT,SLM 1620
MT,SLM 1630
MT,SLM 1631
MT,SLM 1632
MT,SLM 1633
MT,SLM 1640
MT,SLM 1641
MT,SLM 1642
MT,SLM 1643
MT,SLM 1651
MT,SLM 1652
MT,SLM 1670
MT,SLM 1671
MT,SLM 1700
MT,SLM 1701
MT,SLM 1702
MT,SLM 1703
MT,SLM 1704
MT,SLM 1705
MT,SLM 1706
MT,SLM 1707
MT,SLM 1708
MT,SLM 1709
MT,SLM 1710
MT,SLM 1711
MT,SLM 1712
MT,SLM 1713
MT,SLM 1720
MT,SLM 1721
MT,SLM 1722
MT,SLM 1723
MT,SLM 1724
MT,SLM 1725
MT,SLM 1726
MT,SLM 1727
MT,SLM 1730
MT,SLM 1731
MT,SLM 1732
MT,SLM 1733
MT,SLM 1741
MT,SLM 1750
MT,SLM 1751
MT,SLM 1752
MT,SLM 1753
MT,SLM 1754
MT,SLM 1755
MT,SLM 1756
MT,SLM 1757
MT,SLM 1758
MT,SLM 1759
MT,SLM 1760
MT,SLM 1761
MT,SLM 1762
MT,SLM 1763
MT,SLM 1764
MT,SLM 1765
MT,SLM 1766
MT,SLM 1767
MT,SLM 1768
MT,SLM 1769
MT,SLM 1770
MT,SLM 1771
MT,SLM 1774
MT,SLM 1775
MT,SLM 1781
MT,SLM 1782
MT,SLM 1783
MT,SLM 1791
MT,SLM 1800
MT,SLM 1801
MT,SLM 1802
MT,SLM 1803
MT,SLM 1804
MT,SLM 1805
MT,SLM 1806
MT,SLM 1807
MT,SLM 1811
MT,SLM 1830
MT,SLM 1831
MT,SLM 1832
MT,SLM 1833
MT,SLM 1835
MT,SLM 1840
MT,SLM 1841
MT,SLM 1842
MT,SLM 1843
MT,SLM 1844
MT,SLM 1845
MT,SLM 1846
MT,SLM 1847
MT,SLM 1848
MT,SLM 1849
MT,SLM 1850
MT,SLM 1851
MT,SLM 1852
MT,SLM 1853
MT,SLM 1854
MT,SLM 1855
MT,SLM 1856
MT,SLM 1857
MT,SLM 1858
MT,SLM 1859
MT,SLM 1860
MT,SLM 1861
MT,SLM 1862
MT,SLM 1863
MT,SLM 1864
MT,SLM 1865
MT,SLM 1866
MT,SLM 1867
MT,SLM 1868
MT,SLM 1869
MT,SLM 1870
MT,SLM 1871
MT,SLM 1872
MT,SLM 1873
MT,SLM 1874
MT,SLM 1875
MT,SLM 1881
MT,SLM 1882
MT,SLM 1883
MT,SLM 1900
MT,SLM 1901
MT,SLM 1902
MT,SLM 1903
MT,SLM 1904
MT,SLM 1905
MT,SLM 1906
MT,SLM 1907
MT,SLM 1908
MT,SLM 1909
MT,SLM 1910
MT,SLM 1912
MT,SLM 1920
MT,SLM 1921
MT,SLM 1922
MT,SLM 1924
MT,SLM 1925
MT,SLM 1926
MT,SLM 1927
MT,SLM 1930
MT,SLM 1931
MT,SLM 1933
MT,SLM 1934
MT,SLM 1935
MT,SLM 1940
MT,SLM 1941
MT,SLM 1942
MT,SLM 1943
MT,SLM 1944
MT,SLM 1945
MT,SLM 1951
MT,SLM 1952
MT,SLM 1953
MT,SLM 1960
MT,SLM 1961
MT,SLM 1962
MT,SLM 1964
MT,SLM 1965
MT,SLM 1966
MT,SLM 1967
MT,SLM 1971
MT,SLM 1974
MT,SLM 1975
MT,SLM 1976
MT,SLM 1977
MT,SLM 1978
MT,SLM 1979
MT,SLM 1980
MT,SLM 1981
MT,SLM 1982
MT,SLM 1983
MT,SLM 1985
MT,SLM 1986
MT,SLM 1987
MT,SLM 1988
MT,SLM 1989
MT,SLM 2010
MT,SLM 2011
MT,SLM 2012
MT,SLM 2013
MT,SLM 2014
MT,SLM 2015
MT,SLM 2016
MT,SLM 2017
MT,SLM 2018
MT,SLM 2019
MT,SLM 2022
MT,SLM 2023
MT,SLM 2024
MT,SLM 2026
MT,SLM 2027
MT,SLM 2030
MT,SLM 2031
MT,SLM 2032
MT,SLM 2033
MT,SLM 2034
MT,SLM 2035
MT,SLM 2036
MT,SLM 2037
MT,SLM 2038
MT,SLM 2039
MT,SLM 2040
MT,SLM 2041
MT,SLM 2050
MT,SLM 2051
MT,SLM 2052
MT,SLM 2053
MT,SLM 2054
MT,SLM 2055
MT,SLM 2056
MT,SLM 2057
MT,SLM 2058
MT,SLM 2059
MT,SLM 2060
MT,SLM 2061
MT,SLM 2062
MT,SLM 2063
MT,SLM 2064
MT,SLM 2065
MT,SLM 2066
MT,SLM 2067
MT,SLM 2068
MT,SLM 2069
MT,SLM 2070
MT,SLM 2071
MT,SLM 2072
MT,SLM 2073
MT,SLM 2074
MT,SLM 2075
MT,SLM 2080
MT,SLM 2081
MT,SLM 2082
MT,SLM 2083
MT,SLM 2084
MT,SLM 2085
MT,SLM 2086
MT,SLM 2087
MT,SLM 2088
MT,SLM 2089
MT,SLM 2111
MT,SLM 2112
MT,SLM 2113
MT,SLM 2114
MT,SLM 2120
MT,SLM 2121
MT,SLM 2130
MT,SLM 2131
MT,SLM 2132
MT,SLM 2133
MT,SLM 2134
MT,SLM 2135
MT,SLM 2136
MT,SLM 2137
MT,SLM 2138
MT,SLM 2139
MT,SLM 2141
MT,SLM 2150
MT,SLM 2151
MT,SLM 2152
MT,SLM 2153
MT,SLM 2160
MT,SLM 2161
MT,SLM 2162
MT,SLM 2163
MT,SLM 2164
MT,SLM 2165
MT,SLM 2166
MT,SLM 2167
MT,SLM 2170
MT,SLM 2171
MT,SLM 2172
MT,SLM 2174
MT,SLM 2175
MT,SLM 2176
MT,SLM 2177
MT,SLM 2180
MT,SLM 2182
MT,SLM 2183
MT,SLM 2210
MT,SLM 2212
MT,SLM 2213
MT,SLM 2214
MT,SLM 2215
MT,SLM 2221
MT,SLM 2230
MT,SLM 2231
MT,SLM 2232
MT,SLM 2233
MT,SLM 2234
MT,SLM 2235
MT,SLM 2236
MT,SLM 2237
MT,SLM 2238
MT,SLM 2239
MT,SLM 2240
MT,SLM 2241
MT,SLM 2242
MT,SLM 2243
MT,SLM 2244
MT,SLM 2245
MT,SLM 3010
MT,SLM 3011
MT,SLM 3012
MT,SLM 3020
MT,SLM 3021
MT,SLM 3022
MT,SLM 3023
MT,SLM 3030
MT,SLM 3031
MT,SLM 3032
MT,SLM 3033
MT,SLM 3040
MT,SLM 3041
MT,SLM 3050
MT,SLM 3051
MT,SLM 3052
MT,SLM 3053
MT,SLM 3054
MT,SLM 3055
MT,SLM 3060
MT,SLM 3061
MT,SLM 3062
MT,SLM 3064
MT,SLM 3070
MT,SLM 3071
MT,SLM 3072
MT,SLM 3073
MT,SLM 3074
MT,SLM 3075
MT,SLM 3100
MT,SLM 3102
MT,SLM 3110
MT,SLM 3111
MT,SLM 3112
MT,SLM 3113
MT,SLM 3114
MT,SLM 3120
MT,SLM 3121
MT,SLM 3122
MT,SLM 3123
MT,SLM 3124
MT,SLM 3125
MT,SLM 3130
MT,SLM 3131
MT,SLM 3132
MT,SLM 3140
MT,SLM 3141
MT,SLM 3142
MT,SLM 3143
MT,SLM 3144
MT,SLM 3145
MT,SLM 3150
MT,SLM 3151
MT,SLM 3152
MT,SLM 3153
MT,SLM 3160
MT,SLM 3161
MT,SLM 3170
MT,SLM 3171
MT,SLM 3172
MT,SLM 3173
MT,SLM 3180
MT,SLM 3190
MT,SLM 3200
MT,SLM 3202
MT,SLM 3204
MT,SLM 3206
MT,SLM 5000
MT,SLZ 1010
MT,SLZ 1011
MT,SLZ 1012
MT,SLZ 1013
MT,SLZ 1020
MT,SLZ 1031
MT,SLZ 1040
MT,SLZ 1041
MT,SLZ 1043
MT,SLZ 1044
MT,SLZ 1045
MT,SLZ 1050
MT,SLZ 1060
MT,SLZ 1070
MT,SLZ 1081
MT,SLZ 1100
MT,SLZ 1101
MT,SLZ 1102
MT,SLZ 1110
MT,SLZ 1111
MT,SLZ 1120
MT,SLZ 1121
MT,SLZ 1122
MT,SLZ 1123
MT,SLZ 1200
MT,SLZ 1201
MT,SLZ 1211
MT,SLZ 1213
MT,SLZ 1221
MT,SLZ 1230
MT,SLZ 1231
MT,SLZ 1232
MT,SLZ 1233
MT,SLZ 1240
MT,SLZ 1241
MT,SLZ 1250
MT,SLZ 1260
MT,SLZ 1261
MT,SLZ 1262
MT,SLZ 1263
MT,SLZ 1270
MT,SLZ 1280
MT,SLZ 1290
MT,SLZ 1300
MT,SLZ 1301
MT,SLZ 1320
MT,SLZ 1321
MT,SLZ 1322
MT,SLZ 1323
MT,SLZ 1350
MT,SLZ 1351
MT,SLZ 1360
MT,SLZ 1552
MT,SNT 1030
MT,SNT 1100
MT,SNT 1101
MT,SNT 1102
MT,SNT 1103
MT,SNT 1110
MT,SNT 1111
MT,SNT 1113
MT,SNT 1115
MT,SNT 1117
MT,SNT 1120
MT,SNT 1121
MT,SNT 1122
MT,SNT 1123
MT,SNT 1130
MT,SNT 1131
MT,SNT 1132
MT,SNT 1133
MT,SNT 1140
MT,SNT 1141
MT,SNT 1150
MT,SNT 1151
MT,SNT 1152
MT,SNT 1153
MT,SNT 1154
MT,SNT 1156
MT,SNT 1157
MT,SNT 1161
MT,SNT 1210
MT,SNT 1211
MT,SNT 1213
MT,SNT 1220
MT,SNT 1221
MT,SNT 1230
MT,SNT 1240
MT,SNT 1241
MT,SNT 1250
MT,SNT 1251
MT,SNT 1260
MT,SNT 1261
MT,SNT 1262
MT,SNT 1263
MT,SNT 1264
MT,SNT 1265
MT,SNT 1270
MT,SNT 1271
MT,SNT 1280
MT,SNT 1281
MT,SNT 1282
MT,SNT 1283
MT,SNT 1290
MT,SNT 1291
MT,SNT 1300
MT,SNT 1301
MT,SNT 1302
MT,SNT 1303
MT,SNT 1304
MT,SNT 1305
MT,SNT 1306
MT,SNT 1320
MT,SNT 1321
MT,SNT 1322
MT,SNT 1323
MT,SNT 1324
MT,SNT 1325
MT,SNT 1330
MT,SNT 1331
MT,SNT 1332
MT,SNT 1333
MT,SNT 1340
MT,SNT 1341
MT,SNT 1342
MT,SNT 1343
MT,SNT 1350
MT,SNT 1351
MT,SNT 1352
MT,SNT 1353
MT,SNT 1360
MT,SNT 1361
MT,SNT 1362
MT,SNT 1363
MT,SNT 1400
MT,SNT 1401
MT,SNT 1402
MT,SNT 1403
MT,SNT 1404
MT,SNT 1405
MT,SNT 1406
MT,SNT 1407
MT,SNT 1408
MT,SNT 1409
MT,SNT 1410
MT,SNT 1411
MT,SNT 1420
MT,SNT 1421
MT,SNT 1422
MT,SNT 1423
MT,SNT 1424
MT,SNT 1430
MT,SNT 1431
MT,SNT 1432
MT,SNT 1433
MT,SNT 1440
MT,SNT 1442
MT,SNT 1443
MT,SNT 1444
MT,SNT 1445
MT,SNT 1450
MT,SNT 1451
MT,SNT 1452
MT,SNT 1460
MT,SNT 1461
MT,SNT 1462
MT,SNT 1463
MT,SNT 1465
MT,SNT 1470
MT,SNT 1510
MT,SNT 1511
MT,SNT 1512
MT,SNT 1513
MT,SNT 1514
MT,SNT 1515
MT,SNT 1516
MT,SNT 1517
MT,SNT 1521
MT,SNT 1522
MT,SNT 1523
MT,SNT 1524
MT,SNT 1525
MT,SNT 1530
MT,SNT 1532
MT,SNT 1540
MT,SNT 1541
MT,SNT 1542
MT,SNT 1550
MT,SNT 1552
MT,SNT 1561
MT,SNT 1570
MT,SNT 1571
MT,SNT 1580
MT,SNT 1581
MT,SNT 1582
MT,SNT 1583
MT,SNT 1590
MT,SNT 1591
MT,SNT 1610
MT,SNT 1611
MT,SNT 1612
MT,SNT 1613
MT,SNT 1620
MT,SNT 1900
MT,SNT 1902
MT,SNT 1905
MT,SNT 1906
MT,SNT 1910
MT,SNT 2010
MT,SNT 9020
MT,SNT 9021
MT,SNT 9022
MT,SNT 9023
MT,SNT 9030
MT,SNT 9031
MT,SNT 9032
MT,SNT 9033
MT,SNT 9034
MT,SNT 9035
MT,SNT 9040
MT,SNT 9041
MT,SNT 9042
MT,SNT 9043
MT,SNT 9044
MT,SNT 9045
MT,SNT 9046
MT,SNT 9047
MT,SNT 9048
MT,SNT 9049
MT,SNT 9051
MT,SPB 1000
MT,SPB 1010
MT,SPB 1011
MT,SPB 1012
MT,SPB 1013
MT,SPB 1015
MT,SPB 1016
MT,SPB 1017
MT,SPB 1020
MT,SPB 1021
MT,SPB 1022
MT,SPB 1023
MT,SPB 1024
MT,SPB 1025
MT,SPB 1026
MT,SPB 1027
MT,SPB 1028
MT,SPB 1029
MT,SPB 1030
MT,SPB 1031
MT,SPB 1032
MT,SPB 1033
MT,SPB 1035
MT,SPB 1036
MT,SPB 1037
MT,SPB 1041
MT,SPB 1050
MT,SPB 1051
MT,SPB 1053
MT,SPB 1061
MT,SPB 1062
MT,SPB 1070
MT,SPB 1071
MT,SPB 1072
MT,SPB 1080
MT,SPB 1081
MT,SPB 1082
MT,SPB 1083
MT,SPB 1092
MT,SPB 1101
MT,SPB 1102
MT,SPB 1103
MT,SPB 1104
MT,SPB 1105
MT,SPB 1106
MT,SPB 1107
MT,SPB 1110
MT,SPB 1111
MT,SPB 1112
MT,SPB 1113
MT,SPB 1120
MT,SPB 1121
MT,SPB 1122
MT,SPB 1123
MT,SPB 1124
MT,SPB 1125
MT,SPB 1131
MT,SPB 1132
MT,SPB 1133
MT,SPB 1140
MT,SPB 1141
MT,SPB 1142
MT,SPB 1143
MT,SPB 1144
MT,SPB 1145
MT,SPB 1146
MT,SPB 1147
MT,SPB 1148
MT,SPB 1149
MT,SPB 1150
MT,SPB 1151
MT,SPB 1152
MT,SPB 1153
MT,SPB 1160
MT,SPB 1161
MT,SPB 1162
MT,SPB 1170
MT,SPB 1171
MT,SPB 1172
MT,SPB 1173
MT,SPB 1181
MT,SPB 1190
MT,SPB 1191
MT,SPB 1192
MT,SPB 1193
MT,SPB 1194
MT,SPB 1195
MT,SPB 1210
MT,SPB 1211
MT,SPB 1212
MT,SPB 1215
MT,SPB 1216
MT,SPB 1217
MT,SPB 1220
MT,SPB 1221
MT,SPB 1230
MT,SPB 1231
MT,SPB 1232
MT,SPB 1233
MT,SPB 1240
MT,SPB 1241
MT,SPB 1242
MT,SPB 1243
MT,SPB 1252
MT,SPB 1253
MT,SPB 1254
MT,SPB 1256
MT,SPB 1257
MT,SPB 1259
MT,SPB 1260
MT,SPB 1270
MT,SPB 1271
MT,SPB 1272
MT,SPB 1273
MT,SPB 1280
MT,SPB 1281
MT,SPB 1282
MT,SPB 1283
MT,SPB 1284
MT,SPB 1285
MT,SPB 1286
MT,SPB 1287
MT,SPB 1288
MT,SPB 1289
MT,SPB 1291
MT,SPB 1300
MT,SPB 1301
MT,SPB 1302
MT,SPB 1303
MT,SPB 1304
MT,SPB 1305
MT,SPB 1310
MT,SPB 1311
MT,SPB 1312
MT,SPB 1313
MT,SPB 1320
MT,SPB 1321
MT,SPB 1322
MT,SPB 1323
MT,SPB 1330
MT,SPB 1331
MT,SPB 1333
MT,SPB 1334
MT,SPB 1335
MT,SPB 1336
MT,SPB 1337
MT,SPB 1340
MT,SPB 1341
MT,SPB 1342
MT,SPB 1343
MT,SPB 1350
MT,SPB 1351
MT,SPB 1352
MT,SPB 1353
MT,SPB 1354
MT,SPB 1356
MT,SPB 1357
MT,SPB 1360
MT,SPB 1361
MT,SPB 1370
MT,SPB 1371
MT,SPB 1372
MT,SPB 1373
MT,SPB 1374
MT,SPB 1375
MT,SPB 1380
MT,SPB 1390
MT,SPB 1400
MT,SPB 1401
MT,SPB 1402
MT,SPB 1403
MT,SPB 1406
MT,SPB 1411
MT,SPB 1430
MT,SPB 1431
MT,SPB 1440
MT,SPB 1441
MT,SPB 1442
MT,SPB 1452
MT,SPB 1453
MT,SPB 1462
MT,SPB 1470
MT,SPB 1472
MT,SPB 1480
MT,SPB 1481
MT,SPB 1482
MT,SPB 1484
MT,SPB 1485
MT,SPB 1486
MT,SPB 1500
MT,SPB 1501
MT,SPB 1510
MT,SPB 1511
MT,SPB 1512
MT,SPB 1513
MT,SPB 1520
MT,SPB 1521
MT,SPB 1522
MT,SPB 1523
MT,SPB 1530
MT,SPB 1541
MT,SPB 1542
MT,SPB 1543
MT,SPB 1544
MT,SPB 1545
MT,SPB 1551
MT,SPB 1552
MT,SPB 1553
MT,SPB 1555
MT,SPB 1560
MT,SPB 1561
MT,SPB 1562
MT,SPB 1563
MT,SPB 1564
MT,SPB 1565
MT,SPB 1570
MT,SPB 1571
MT,SPB 1572
MT,SPB 1573
MT,SPB 1574
MT,SPB 1575
MT,SPB 1576
MT,SPB 1577
MT,SPB 1580
MT,SPB 1581
MT,SPB 1582
MT,SPB 1583
MT,SPB 1590
MT,SPB 1591
MT,SPB 1592
MT,SPB 1593
MT,SPB 1600
MT,SPB 1601
MT,SPB 1602
MT,SPB 1603
MT,SPB 1604
MT,SPB 1605
MT,SPB 1611
MT,SPB 1620
MT,SPB 1621
MT,SPB 1622
MT,SPB 1623
MT,SPB 1624
MT,SPB 1625
MT,SPB 1641
MT,SPB 1642
MT,SPB 1643
MT,SPB 1670
MT,SPB 1672
MT,SPB 1674
MT,SPB 1675
MT,SPB 1701
MT,SPB 1703
MT,SPB 1705
MT,SPB 1708
MT,SPB 1709
MT,SPB 1710
MT,SPB 1711
MT,SPB 1720
MT,SPB 1721
MT,SPB 1722
MT,SPB 1723
MT,SPB 1731
MT,SPB 1732
MT,SPB 1733
MT,SPB 1740
MT,SPB 1741
MT,SPB 1742
MT,SPB 1743
MT,SPB 1744
MT,SPB 1745
MT,SPB 1746
MT,SPB 1747
MT,SPB 1750
MT,SPB 1751
MT,SPB 1752
MT,SPB 1753
MT,SPB 1760
MT,SPB 1761
MT,SPB 1763
MT,SPB 1770
MT,SPB 1771
MT,SPB 1772
MT,SPB 1773
MT,SPB 1775
MT,SPB 1776
MT,SPB 1777
MT,SPB 1780
MT,SPB 1781
MT,SPB 1782
MT,SPB 1783
MT,SPB 1790
MT,SPB 1800
MT,SPB 1801
MT,SPB 1802
MT,SPB 1811
MT,SPB 1820
MT,SPB 1821
MT,SPB 1822
MT,SPB 1823
MT,SPB 1830
MT,SPB 1831
MT,SPB 1833
MT,SPB 1840
MT,SPB 1841
MT,SPB 1842
MT,SPB 1850
MT,SPB 1851
MT,SPB 1853
MT,SPB 1860
MT,SPB 1861
MT,SPB 1862
MT,SPB 1863
MT,SPB 1900
MT,SPB 1901
MT,SPB 1902
MT,SPB 1903
MT,SPB 1904
MT,SPB 1905
MT,SPB 1906
MT,SPB 1908
MT,SPB 1909
MT,SPB 1910
MT,SPB 1920
MT,SPB 1922
MT,SPB 1923
MT,SPB 1924
MT,SPB 1925
MT,SPB 1930
MT,SPB 1932
MT,SPB 1940
MT,SPB 1941
MT,SPB 1942
MT,SPB 1943
MT,SPB 1950
MT,SPB 1951
MT,SPB 1960
MT,SPB 1981
MT,SPB 1982
MT,SPB 1983
MT,SPB 1984
MT,SPB 1985
MT,SPB 1990
MT,SPB 2400
MT,SPB 2401
MT,SPB 2402
MT,SPB 2410
MT,SPB 2411
MT,SPB 2412
MT,SPB 2413
MT,SPB 2421
MT,SPB 2430
MT,SPB 2431
MT,SPB 2440
MT,SPB 2442
MT,SPB 2443
MT,SPB 2444
MT,SPB 2445
MT,SPB 2447
MT,SPB 2450
MT,SPB 2451
MT,SPB 2452
MT,SPB 2453
MT,SPB 2461
MT,SPB 2470
MT,SPB 2471
MT,SPB 2472
MT,SPB 2473
MT,SPB 2490
MT,SPB 2500
MT,SPB 2501
MT,SPB 2502
MT,SPB 2503
MT,SPB 2504
MT,SPB 2505
MT,SPB 2506
MT,SPB 2507
MT,SPB 2508
MT,SPB 2510
MT,SPB 2511
MT,SPB 2520
MT,SPB 2521
MT,SPB 2522
MT,SPB 2523
MT,SPB 2524
MT,SPB 2525
MT,SPB 2526
MT,SPB 2527
MT,SPB 2528
MT,SPB 2529
MT,SPB 2530
MT,SPB 2531
MT,SPB 2532
MT,SPB 2533
MT,SPB 2540
MT,SPB 2541
MT,SPB 2543
MT,SPB 2550
MT,SPB 2551
MT,SPB 2560
MT,SPB 2561
MT,SPB 2562
MT,SPB 2563
MT,SPB 2570
MT,SPB 2571
MT,SPB 2572
MT,SPB 2573
MT,SPB 2574
MT,SPB 2575
MT,SPB 2576
MT,SPB 2577
MT,SPB 2580
MT,SPB 2581
MT,SPB 2582
MT,SPB 2583
MT,SPB 2584
MT,SPB 2585
MT,SPB 2586
MT,SPB 2587
MT,SPB 2600
MT,SPB 2601
MT,SPB 2602
MT,SPB 2603
MT,SPB 2610
MT,SPB 2611
MT,SPB 2612
MT,SPB 2613
MT,SPB 2614
MT,SPB 2615
MT,SPB 2617
MT,SPB 2620
MT,SPB 2621
MT,SPB 2622
MT,SPB 2623
MT,SPB 2624
MT,SPB 2625
MT,SPB 2626
MT,SPB 2627
MT,SPB 2630
MT,SPB 2631
MT,SPB 2640
MT,SPB 2641
MT,SPB 2650
MT,SPB 2651
MT,SPB 2652
MT,SPB 2653
MT,SPB 2654
MT,SPB 2655
MT,SPB 2656
MT,SPB 2657
MT,SPB 2658
MT,SPB 2659
MT,SPB 2660
MT,SPB 2661
MT,SPB 2662
MT,SPB 2670
MT,SPB 2671
MT,SPB 2680
MT,SPB 2681
MT,SPB 2690
MT,SPB 2691
MT,SPB 2692
MT,SPB 2693
MT,SPB 2700
MT,SPB 2701
MT,SPB 2702
MT,SPB 2703
MT,SPB 2710
MT,SPB 2711
MT,SPB 2712
MT,SPB 2713
MT,SPB 2714
MT,SPB 2715
MT,SPB 2716
MT,SPB 2717
MT,SPB 2718
MT,SPB 2719
MT,SPB 2720
MT,SPB 2721
MT,SPB 2722
MT,SPB 2723
MT,SPB 2724
MT,SPB 2725
MT,SPB 2730
MT,SPB 2731
MT,SPB 2732
MT,SPB 2733
MT,SPB 2734
MT,SPB 2735
MT,SPB 2740
MT,SPB 2741
MT,SPB 2742
MT,SPB 2743
MT,SPB 2750
MT,SPB 2752
MT,SPB 2753
MT,SPB 2754
MT,SPB 2755
MT,SPB 2756
MT,SPB 2757
MT,SPB 2758
MT,SPB 2760
MT,SPB 2770
MT,SPB 2771
MT,SPB 2772
MT,SPB 2780
MT,SPB 2800
MT,SPB 2801
MT,SPB 2808
MT,SPB 2809
MT,SPB 2810
MT,SPB 2812
MT,SPB 2814
MT,SPB 2816
MT,SPB 2820
MT,SPB 2821
MT,SPB 2822
MT,SPB 2823
MT,SPB 2824
MT,SPB 2825
MT,SPB 2826
MT,SPB 2827
MT,SPB 2828
MT,SPB 2829
MT,SPB 2830
MT,SPB 2831
MT,SPB 2840
MT,SPB 2841
MT,SPB 2842
MT,SPB 2843
MT,SPB 2844
MT,SPB 2845
MT,SPB 2846
MT,SPB 2847
MT,SPB 2848
MT,SPB 2849
MT,SPB 2850
MT,SPB 2851
MT,SPB 2853
MT,SPB 2860
MT,SPB 2861
MT,SPB 2862
MT,SPB 2863
MT,SPB 2871
MT,SPB 2873
MT,SPB 2880
MT,SPB 2882
MT,SPB 2890
MT,SPB 2891
MT,SPB 2892
MT,SPB 2893
MT,SPB 3010
MT,SPB 3011
MT,SPB 3012
MT,SPB 3013
MT,SPB 3014
MT,SPB 3015
MT,SPB 3016
MT,SPB 3017
MT,SPB 3020
MT,SPB 3023
MT,SPB 3025
MT,SPB 3026
MT,SPB 3027
MT,SPB 3028
MT,SPB 3029
MT,SPB 3032
MT,SPB 3033
MT,SPB 3034
MT,SPB 3035
MT,SPB 3040
MT,SPB 3041
MT,SPB 3042
MT,SPB 3043
MT,SPB 3044
MT,SPB 3051
MT,SPB 3052
MT,SPB 3053
MT,SPB 3054
MT,SPB 3055
MT,SPB 3060
MT,SPB 3061
MT,SPB 3062
MT,SPB 3063
MT,SPB 3064
MT,SPB 3065
MT,SPB 3066
MT,SPB 3070
MT,SPB 3071
MT,SPB 3072
MT,SPB 3073
MT,SPB 3080
MT,SPB 3081
MT,SPB 3082
MT,SPB 3083
MT,SPB 3100
MT,SPB 3101
MT,SPB 3102
MT,SPB 3103
MT,SPB 3110
MT,SPB 3111
MT,SPB 3112
MT,SPB 3113
MT,SPB 3114
MT,SPB 3115
MT,SPB 3116
MT,SPB 3119
MT,SPB 3130
MT,SPB 3136
MT,SPB 3138
MT,SPB 3140
MT,SPB 3141
MT,SPB 3142
MT,SPB 3150
MT,SPB 3151
MT,SPB 3160
MT,SPB 3181
MT,SPB 3182
MT,SPB 3183
MT,SPB 3184
MT,SPB 3200
MT,SPB 3201
MT,SPB 3202
MT,SPB 3203
MT,SPB 3204
MT,SPB 3205
MT,SPB 3206
MT,SPB 3207
MT,SPB 3210
MT,SPB 3211
MT,SPB 3212
MT,SPB 3213
MT,SPB 3214
MT,SPB 3215
MT,SPB 3220
MT,SPB 3221
MT,SPB 3222
MT,SPB 3223
MT,SPB 3224
MT,SPB 3225
MT,SPB 3226
MT,SPB 3227
MT,SPB 3230
MT,SPB 3231
MT,SPB 3232
MT,SPB 3233
MT,SPB 3234
MT,SPB 3235
MT,SPB 3240
MT,SPB 3241
MT,SPB 3250
MT,SPB 3251
MT,SPB 3252
MT,SPB 3253
MT,SPB 3254
MT,SPB 3255
MT,SPB 3256
MT,SPB 3257
MT,SPB 3260
MT,SPB 3261
MT,SPB 3262
MT,SPB 3263
MT,SPB 3270
MT,SPB 3300
MT,SPB 3301
MT,SPB 3302
MT,SPB 3303
MT,SPB 3310
MT,SPB 3311
MT,SPB 3313
MT,SPB 3315
MT,SPB 3320
MT,SPB 3340
MT,SPB 3341
MT,SPB 3342
MT,SPB 3343
MT,SPB 3351
MT,SPB 3360
MT,SPB 3361
MT,SPB 3362
MT,SPB 3363
MT,SPB 3364
MT,SPB 3365
MT,SPB 3366
MT,SPB 3367
MT,SPB 3371
MT,SPB 3373
MT,SPB 3375
MT,SPB 3377
MT,SPB 3402
MT,SPB 3403
MT,SPB 3410
MT,SPB 3411
MT,SPB 3412
MT,SPB 3413
MT,SPB 3414
MT,SPB 3415
MT,SPB 3416
MT,SPB 3417
MT,SPB 3418
MT,SPB 3419
MT,SPB 3420
MT,SPB 3421
MT,SPB 3422
MT,SPB 3424
MT,SPB 3425
MT,SPB 3426
MT,SPB 3427
MT,SPB 3428
MT,SPB 3429
MT,SPB 3430
MT,SPB 3431
MT,SPB 3432
MT,SPB 3433
MT,SPB 3434
MT,SPB 3435
MT,SPB 3436
MT,SPB 3437
MT,SPB 3438
MT,SPB 3439
MT,SPB 3440
MT,SPB 3450
MT,SPB 3451
MT,SPB 3456
MT,SPB 3457
MT,SPB 3460
MT,SPB 3461
MT,SPB 3462
MT,SPB 3463
MT,SPB 3470
MT,SPB 3472
MT,SPB 3474
MT,SPB 3475
MT,SPB 3476
MT,SPB 3477
MT,SPB 3478
MT,SPB 3479
MT,SPB 3480
MT,SPB 3481
MT,SPB 3500
MT,SPB 3501
MT,SPB 3502
MT,SPB 3503
MT,SPB 3504
MT,SPB 3505
MT,SPB 3506
MT,SPB 3507
MT,SPB 3512
MT,SPB 3513
MT,SPB 3514
MT,SPB 3515
MT,SPB 3516
MT,SPB 3517
MT,SPB 3523
MT,SPB 3524
MT,SPB 3525
MT,SPB 3526
MT,SPB 3530
MT,SPB 3531
MT,SPB 3540
MT,SPB 3541
MT,SPB 3542
MT,SPB 3543
MT,SPB 3551
MT,SPB 3570
MT,SPB 3571
MT,SPB 3572
MT,SPB 3573
MT,SPB 3601
MT,SPB 3602
MT,SPB 3603
MT,SPB 3610
MT,SPB 3611
MT,SPB 3612
MT,SPB 3613
MT,SPB 3620
MT,SPB 3621
MT,SPB 3622
MT,SPB 3623
MT,SPB 3630
MT,SPB 3631
MT,SPB 3640
MT,SPB 3641
MT,SPB 3642
MT,SPB 3652
MT,SPB 3653
MT,SPB 3655
MT,SPB 3660
MT,SPB 3661
MT,SPB 3663
MT,SPB 3670
MT,SPB 3671
MT,SPB 3673
MT,SPB 3675
MT,SPB 3801
MT,SPB 3920
MT,SPB 3921
MT,SPB 3922
MT,SPB 3971
MT,SPB 4000
MT,SPB 4010
MT,SPB 4011
MT,SPB 4012
MT,SPB 4013
MT,SPB 4014
MT,SPB 4020
MT,SPB 4021
MT,SPB 4030
MT,SPB 4031
MT,SPB 4033
MT,SPB 4041
MT,SPB 4042
MT,SPB 4043
MT,SPB 4044
MT,SPB 4045
MT,SPB 4050
MT,SPB 4051
MT,SPB 4052
MT,SPB 4053
MT,SPB 4056
MT,SPB 4057
MT,SPB 4060
MT,SPB 4100
MT,SPB 4101
MT,SPB 4110
MT,SPB 4111
MT,SPB 4112
MT,SPB 4114
MT,SPB 4115
MT,SPB 4117
MT,SPB 4200
MT,SPB 4202
MT,SPB 4210
MT,SPB 4211
MT,SPB 4221
MT,SPB 4223
MT,SPB 4230
MT,SPB 4233
MT,SPB 4234
MT,SPB 4235
MT,SPB 4260
MT,SPB 4262
MT,SPB 4800
MT,SPB 4801
MT,SPB 4804
MT,SPB 4810
MT,SPB 4811
MT,SPB 4813
MT,SPB 4814
MT,SPB 4900
MT,SPB 4904
MT,SPB 5017
MT,SPB 5030
MT,SPB 5031
MT,SPB 5032
MT,SPB 5033
MT,SPB 5050
MT,SPB 5103
MT,SPB 5120
MT,SPB 6010
MT,SPB 6011
MT,SPB 6012
MT,SPB 6013
MT,SPB 6020
MT,SPB 6021
MT,SPB 6022
MT,SPB 6023
MT,SPB 6024
MT,SPB 6025
MT,SPB 6026
MT,SPB 6027
MT,SPB 6030
MT,SPB 6031
MT,SPB 6040
MT,SPB 6041
MT,SPB 6042
MT,SPB 6043
MT,SPB 6050
MT,SPB 6051
MT,SPB 6052
MT,SPB 6053
MT,SPB 6055
MT,SPB 6057
MT,SPB 6072
MT,SPB 6073
MT,SPB 6080
MT,SPB 6081
MT,SPB 6093
MT,SPB 6095
MT,SPB 6101
MT,SPB 6102
MT,SPB 6103
MT,SPB 6110
MT,SPB 6112
MT,SPB 6113
MT,SPB 6115
MT,SPB 6130
MT,SPB 6131
MT,SPB 6132
MT,SPB 6133
MT,SPB 6150
MT,SPB 6151
MT,SPB 6160
MT,SPB 6161
MT,SPB 6162
MT,SPB 6167
MT,SPB 6168
MT,SPB 6169
MT,SPB 6200
MT,SPB 6300
MT,SPB 6302
MT,SPB 6310
MT,SPB 6311
MT,SPB 6341
MT,SPB 6343
MT,SPB 6410
MT,SPB 6411
MT,SPB 6500
MT,SPB 6501
MT,SPB 6502
MT,SPB 6504
MT,SPB 6505
MT,SPB 6506
MT,SPB 6507
MT,SPB 6510
MT,SPB 6511
MT,SPB 6531
MT,SPB 6532
MT,SPB 6533
MT,SPB 6534
MT,SPB 6535
MT,SPB 6537
MT,SPB 6540
MT,SPB 6600
MT,SPB 6602
MT,SPB 6603
MT,SPB 6604
MT,SPB 6610
MT,SPB 6611
MT,SPB 6621
MT,SPB 6640
MT,SPB 6642
MT,SPB 6645
MT,SPB 6647
MT,SPB 6690
MT,SPB 6702
MT,SPB 6703
MT,SPB 6706
MT,SPB 6708
MT,SPB 6720
MT,SPB 6730
MT,SPB 6733
MT,SPB 6801
MT,SPB 6810
MT,SPB 6930
MT,SPB 6931
MT,SPB 9020
MT,SPB 9021
MT,SPB 9023
MT,SPB 9024
MT,SPB 9025
MT,SPB 9026
MT,SPB 9028
MT,SPB 9040
MT,SPB 9060
MT,SPB 9061
MT,SPB 9062
MT,SPB 9063
MT,SPB 9064
MT,SPB 9065
MT,SPB 9066
MT,SPB 9067
MT,SPB 9068
MT,SPB 9069
MT,SPB 9082
MT,SPB 9083
MT,SPB 9090
MT,SPB 9092
MT,SPB 9093
MT,SPB 9095
MT,SPK 1000
MT,STJ 1000
MT,STJ 1010
MT,STJ 1011
MT,STJ 1014
MT,STJ 1015
MT,STJ 1016
MT,STJ 1017
MT,STJ 1020
MT,STJ 1021
MT,STJ 1022
MT,STJ 1023
MT,STJ 1034
MT,STJ 1035
MT,STJ 1040
MT,STJ 1041
MT,STJ 1042
MT,STJ 1043
MT,STJ 1051
MT,STJ 1052
MT,STJ 1053
MT,STJ 1054
MT,STJ 1055
MT,STJ 1062
MT,STJ 1070
MT,STJ 1071
MT,STJ 1080
MT,STJ 1081
MT,STJ 1082
MT,STJ 1083
MT,STJ 1084
MT,STJ 1091
MT,STJ 1100
MT,STJ 1101
MT,STJ 1102
MT,STJ 1103
MT,STJ 1104
MT,STJ 1105
MT,STJ 1110
MT,STJ 1111
MT,STJ 1113
MT,STJ 1114
MT,STJ 1115
MT,STJ 1116
MT,STJ 1117
MT,STJ 1120
MT,STJ 1121
MT,STJ 1123
MT,STJ 1124
MT,STJ 1125
MT,STJ 1130
MT,STJ 1132
MT,STJ 1133
MT,STJ 1140
MT,STJ 1141
MT,STJ 1142
MT,STJ 1143
MT,STJ 1144
MT,STJ 1145
MT,STJ 1146
MT,STJ 1147
MT,STJ 1148
MT,STJ 1149
MT,STJ 1150
MT,STJ 1151
MT,STJ 1152
MT,STJ 1153
MT,STJ 1160
MT,STJ 1161
MT,STJ 1162
MT,STJ 1170
MT,STJ 1171
MT,STJ 1180
MT,STJ 1181
MT,STJ 1190
MT,STJ 1216
MT,STJ 1217
MT,STJ 1218
MT,STJ 1219
MT,STJ 1220
MT,STJ 1221
MT,STJ 1230
MT,STJ 1231
MT,STJ 1232
MT,STJ 1233
MT,STJ 1240
MT,STJ 1250
MT,STJ 1251
MT,STJ 1253
MT,STJ 1260
MT,STJ 1261
MT,STJ 1262
MT,STJ 1263
MT,STJ 1264
MT,STJ 1265
MT,STJ 1266
MT,STJ 1267
MT,STJ 1268
MT,STJ 1269
MT,STJ 1270
MT,STJ 1280
MT,STJ 1282
MT,STJ 1290
MT,STJ 1291
MT,STJ 1300
MT,STJ 1301
MT,STJ 1302
MT,STJ 1303
MT,STJ 1304
MT,STJ 1305
MT,STJ 1306
MT,STJ 1307
MT,STJ 1308
MT,STJ 1309
MT,STJ 1310
MT,STJ 1311
MT,STJ 1322
MT,STJ 1323
MT,STJ 1325
MT,STJ 1330
MT,STJ 1331
MT,STJ 1341
MT,STJ 1342
MT,STJ 1343
MT,STJ 1350
MT,STJ 1352
MT,STJ 1361
MT,STJ 1362
MT,STJ 1363
MT,STJ 1364
MT,STJ 1365
MT,STJ 1370
MT,STJ 1371
MT,STJ 1372
MT,STJ 1373
MT,STJ 1380
MT,STJ 1381
MT,STJ 1390
MT,STJ 1401
MT,STJ 1402
MT,STJ 1403
MT,STJ 1410
MT,STJ 1411
MT,STJ 1412
MT,STJ 1413
MT,STJ 1420
MT,STJ 1422
MT,STJ 1430
MT,STJ 1431
MT,STJ 1432
MT,STJ 1433
MT,STJ 1434
MT,STJ 1435
MT,STJ 1436
MT,STJ 1437
MT,STJ 1440
MT,STJ 1441
MT,STJ 1450
MT,STJ 1451
MT,STJ 1470
MT,STJ 1471
MT,STJ 1491
MT,STJ 1501
MT,STJ 1510
MT,STJ 1511
MT,STJ 1520
MT,STJ 1522
MT,STJ 1523
MT,STJ 1524
MT,STJ 1533
MT,STJ 1540
MT,STJ 1542
MT,STJ 1544
MT,STJ 1550
MT,STJ 1561
MT,STJ 1563
MT,STJ 1570
MT,STJ 1572
MT,STJ 1573
MT,STJ 1575
MT,STJ 1580
MT,STJ 1582
MT,STJ 1590
MT,STJ 1594
MT,STJ 1599
MT,STJ 1600
MT,STJ 1602
MT,STJ 1603
MT,STJ 1610
MT,STJ 1611
MT,STJ 1612
MT,STJ 1613
MT,STJ 1614
MT,STJ 1615
MT,STJ 1617
MT,STJ 1620
MT,STJ 1621
MT,STJ 1623
MT,STJ 1630
MT,STJ 1631
MT,STJ 1632
MT,STJ 1640
MT,STJ 1650
MT,STJ 1652
MT,STJ 1653
MT,STJ 1660
MT,STJ 1661
MT,STJ 1662
MT,STJ 1670
MT,STJ 1671
MT,STJ 1672
MT,STJ 1673
MT,STJ 1674
MT,STJ 1675
MT,STJ 1680
MT,STJ 1681
MT,STJ 1700
MT,STJ 1701
MT,STJ 1710
MT,STJ 1711
MT,STJ 1713
MT,STJ 1790
MT,STJ 1791
MT,STJ 1800
MT,STJ 1801
MT,STJ 1802
MT,STJ 1803
MT,STJ 1810
MT,STJ 1811
MT,STJ 1812
MT,STJ 1813
MT,STJ 1814
MT,STJ 1815
MT,STJ 1816
MT,STJ 1817
MT,STJ 1820
MT,STJ 1821
MT,STJ 1830
MT,STJ 1831
MT,STJ 1832
MT,STJ 1833
MT,STJ 1840
MT,STJ 1841
MT,STJ 1850
MT,STJ 1851
MT,STJ 1852
MT,STJ 1853
MT,STJ 1860
MT,STJ 1861
MT,STJ 1863
MT,STJ 1865
MT,STJ 1866
MT,STJ 1867
MT,STJ 1868
MT,STJ 1869
MT,STJ 1870
MT,STJ 1871
MT,STJ 1873
MT,STJ 1881
MT,STJ 1900
MT,STJ 1902
MT,STJ 1903
MT,STJ 1904
MT,STJ 1905
MT,STJ 1907
MT,STJ 1910
MT,STJ 1911
MT,STJ 1912
MT,STJ 1913
MT,STJ 1920
MT,STJ 1921
MT,STJ 1922
MT,STJ 1923
MT,STJ 1924
MT,STJ 1925
MT,STJ 1930
MT,STJ 1931
MT,STJ 1932
MT,STJ 1933
MT,STJ 1940
MT,STJ 1941
MT,STJ 1942
MT,STJ 1943
MT,STJ 1950
MT,STJ 1951
MT,STJ 1952
MT,STJ 1953
MT,STJ 1954
MT,STJ 1955
MT,STJ 1956
MT,STJ 1957
MT,STJ 1960
MT,STJ 1961
MT,STJ 1962
MT,STJ 1963
MT,STJ 1964
MT,STJ 1965
MT,STJ 1966
MT,STJ 1968
MT,STJ 1969
MT,STJ 1970
MT,STJ 1971
MT,STJ 2010
MT,STJ 2013
MT,STJ 2030
MT,STJ 2031
MT,STJ 2032
MT,STJ 2033
MT,STJ 2036
MT,STJ 2037
MT,STJ 2040
MT,STJ 2041
MT,STJ 2043
MT,STJ 2045
MT,STJ 2046
MT,STJ 2050
MT,STJ 2100
MT,STJ 3011
MT,STJ 3012
MT,STJ 3013
MT,STJ 3014
MT,STJ 3015
MT,STJ 3016
MT,STJ 3017
MT,STJ 3018
MT,STJ 3019
MT,STJ 3020
MT,STJ 3021
MT,STJ 3034
MT,STJ 3040
MT,STJ 3041
MT,STJ 3042
MT,STJ 3043
MT,STJ 3044
MT,STJ 3048
MT,STJ 3049
MT,STJ 3050
MT,STJ 3051
MT,STJ 3060
MT,STJ 3063
MT,STJ 3064
MT,STJ 3065
MT,STJ 3070
MT,STJ 3071
MT,STJ 3080
MT,STJ 3081
MT,STJ 3100
MT,STJ 3101
MT,STJ 3102
MT,STJ 3103
MT,STJ 3104
MT,STJ 3105
MT,STJ 3106
MT,STJ 3107
MT,STJ 3108
MT,STJ 3109
MT,STJ 3110
MT,STJ 3111
MT,STJ 3112
MT,STJ 3113
MT,STJ 3114
MT,STJ 3115
MT,STJ 3116
MT,STJ 3117
MT,STJ 3119
MT,STJ 3120
MT,STJ 3121
MT,STJ 3122
MT,STJ 3123
MT,STJ 3124
MT,STJ 3125
MT,STJ 3140
MT,STJ 3141
MT,STJ 3142
MT,STJ 3143
MT,STJ 3144
MT,STJ 3148
MT,STJ 3149
MT,STJ 3150
MT,STJ 3151
MT,STJ 3152
MT,STJ 3153
MT,STJ 3154
MT,STJ 3155
MT,STJ 3170
MT,STJ 3171
MT,STJ 3172
MT,STJ 3173
MT,STJ 3174
MT,STJ 3175
MT,STJ 3180
MT,STJ 3181
MT,STJ 3200
MT,STJ 3201
MT,STJ 3202
MT,STJ 3203
MT,STJ 3204
MT,STJ 3205
MT,STJ 3206
MT,STJ 3207
MT,STJ 3208
MT,STJ 3209
MT,STJ 3210
MT,STJ 3211
MT,STJ 3223
MT,STJ 3225
MT,STJ 3227
MT,STJ 3240
MT,STJ 3241
MT,STJ 3242
MT,STJ 3243
MT,STJ 3246
MT,STJ 3254
MT,STJ 3255
MT,STJ 3256
MT,STJ 3257
MT,STJ 3300
MT,STJ 3301
MT,STJ 3302
MT,STJ 3303
MT,STJ 3304
MT,STJ 3310
MT,STJ 3311
MT,STJ 3313
MT,STJ 3332
MT,STJ 3333
MT,STJ 3340
MT,STJ 3341
MT,STJ 3350
MT,STJ 3351
MT,STJ 3391
MT,STJ 3401
MT,STJ 4010
MT,STJ 4011
MT,STJ 4012
MT,STJ 4013
MT,STJ 4014
MT,STJ 4015
MT,STJ 4016
MT,STJ 4017
MT,STJ 4018
MT,STJ 4019
MT,STJ 9020
MT,STJ 9021
MT,STJ 9022
MT,STJ 9023
MT,SVR 1010
MT,SVR 1011
MT,SVR 1012
MT,SVR 1013
MT,SVR 1014
MT,SVR 1015
MT,SVR 1016
MT,SVR 1017
MT,SVR 1018
MT,SVR 1019
MT,SVR 1020
MT,SVR 1021
MT,SVR 1022
MT,SVR 1023
MT,SVR 1024
MT,SVR 1025
MT,SVR 1026
MT,SVR 1027
MT,SVR 1030
MT,SVR 1031
MT,SVR 1032
MT,SVR 1033
MT,SVR 1034
MT,SVR 1035
MT,SVR 1041
MT,SVR 1042
MT,SVR 1043
MT,SVR 1044
MT,SVR 1045
MT,SVR 1046
MT,SVR 1047
MT,SVR 1050
MT,SVR 1051
MT,SVR 1052
MT,SVR 1053
MT,SVR 1060
MT,SVR 1061
MT,SVR 1062
MT,SVR 1063
MT,SVR 1070
MT,SVR 1071
MT,SVR 1072
MT,SVR 1073
MT,SVR 1081
MT,SVR 1082
MT,SVR 1083
MT,SVR 1084
MT,SVR 1085
MT,SVR 1090
MT,SVR 1091
MT,SVR 1093
MT,SVR 1100
MT,SVR 1101
MT,SVR 1102
MT,SVR 1103
MT,SVR 1104
MT,SVR 1105
MT,SVR 1106
MT,SVR 1107
MT,SVR 1108
MT,SVR 1109
MT,SVR 1110
MT,SVR 1111
MT,SVR 1120
MT,SVR 1121
MT,SVR 1122
MT,SVR 1123
MT,SVR 1130
MT,SVR 1131
MT,SVR 1132
MT,SVR 1133
MT,SVR 1134
MT,SVR 1135
MT,SVR 1136
MT,SVR 1137
MT,SVR 1140
MT,SVR 1141
MT,SVR 1142
MT,SVR 1143
MT,SVR 1150
MT,SVR 1151
MT,SVR 1152
MT,SVR 1153
MT,SVR 1160
MT,SVR 1161
MT,SVR 1162
MT,SVR 1170
MT,SVR 1171
MT,SVR 1180
MT,SVR 1190
MT,SVR 1191
MT,SVR 1192
MT,SVR 1200
MT,SVR 1201
MT,SVR 1220
MT,SVR 1221
MT,SVR 1241
MT,SVR 1250
MT,SVR 1251
MT,SVR 1252
MT,SVR 1253
MT,SVR 1254
MT,SVR 1255
MT,SVR 1256
MT,SVR 1257
MT,SVR 1260
MT,SVR 1261
MT,SVR 1262
MT,SVR 1263
MT,SVR 1301
MT,SVR 1302
MT,SVR 1303
MT,SVR 1304
MT,SVR 1305
MT,SVR 1307
MT,SVR 1310
MT,SVR 1311
MT,SVR 1312
MT,SVR 1314
MT,SVR 1315
MT,SVR 1320
MT,SVR 1321
MT,SVR 1330
MT,SVR 1331
MT,SVR 1332
MT,SVR 1333
MT,SVR 1334
MT,SVR 1335
MT,SVR 1336
MT,SVR 1340
MT,SVR 1341
MT,SVR 1360
MT,SVR 1361
MT,SVR 1370
MT,SVR 1371
MT,SVR 1372
MT,SVR 1373
MT,SVR 1380
MT,SVR 1381
MT,SVR 1382
MT,SVR 1383
MT,SVR 1384
MT,SVR 1385
MT,SVR 1390
MT,SVR 1391
MT,SVR 1401
MT,SVR 1402
MT,SVR 1403
MT,SVR 1404
MT,SVR 1405
MT,SVR 1406
MT,SVR 1407
MT,SVR 1410
MT,SVR 1411
MT,SVR 1412
MT,SVR 1413
MT,SVR 1420
MT,SVR 1421
MT,SVR 1430
MT,SVR 1431
MT,SVR 1432
MT,SVR 1433
MT,SVR 1434
MT,SVR 1435
MT,SVR 1450
MT,SVR 1451
MT,SVR 1452
MT,SVR 1453
MT,SVR 1454
MT,SVR 1464
MT,SVR 1465
MT,SVR 1481
MT,SVR 1491
MT,SVR 1492
MT,SVR 1493
MT,SVR 1500
MT,SVR 1501
MT,SVR 1511
MT,SVR 1520
MT,SVR 1521
MT,SVR 1530
MT,SVR 1531
MT,SVR 1541
MT,SVR 1551
MT,SVR 1553
MT,SVR 1560
MT,SVR 1561
MT,SVR 1563
MT,SVR 1570
MT,SVR 1580
MT,SVR 1581
MT,SVR 1582
MT,SVR 1583
MT,SVR 1584
MT,SVR 1585
MT,SVR 1586
MT,SVR 1587
MT,SVR 1590
MT,SVR 1600
MT,SVR 1601
MT,SVR 1602
MT,SVR 1606
MT,SVR 1610
MT,SVR 1611
MT,SVR 1622
MT,SVR 1623
MT,SVR 1624
MT,SVR 1625
MT,SVR 1626
MT,SVR 1627
MT,SVR 1630
MT,SVR 1632
MT,SVR 1640
MT,SVR 1641
MT,SVR 1650
MT,SVR 1651
MT,SVR 1652
MT,SVR 1653
MT,SVR 1660
MT,SVR 1661
MT,SVR 1670
MT,SVR 1671
MT,SVR 1680
MT,SVR 1681
MT,SVR 1682
MT,SVR 1683
MT,SVR 1690
MT,SVR 1691
MT,SVR 1694
MT,SVR 1700
MT,SVR 1701
MT,SVR 1702
MT,SVR 1704
MT,SVR 1705
MT,SVR 1710
MT,SVR 1711
MT,SVR 1721
MT,SVR 1723
MT,SVR 1724
MT,SVR 1725
MT,SVR 1732
MT,SVR 1733
MT,SVR 1750
MT,SVR 1751
MT,SVR 1752
MT,SVR 1753
MT,SVR 1754
MT,SVR 1755
MT,SVR 1756
MT,SVR 1757
MT,SVR 1758
MT,SVR 1759
MT,SVR 1800
MT,SVR 1802
MT,SVR 1803
MT,SVR 1804
MT,SVR 1805
MT,SVR 1810
MT,SVR 1811
MT,SVR 1812
MT,SVR 1813
MT,SVR 1814
MT,SVR 1815
MT,SVR 1816
MT,SVR 1820
MT,SVR 1830
MT,SVR 1831
MT,SVR 1832
MT,SVR 1833
MT,SVR 1834
MT,SVR 1835
MT,SVR 1836
MT,SVR 1837
MT,SVR 1840
MT,SVR 1841
MT,SVR 1843
MT,SVR 1850
MT,SVR 1851
MT,SVR 1852
MT,SVR 1853
MT,SVR 1900
MT,SVR 1901
MT,SVR 1902
MT,SVR 1903
MT,SVR 1910
MT,SVR 1911
MT,SVR 1920
MT,SVR 1921
MT,SVR 1930
MT,SVR 1931
MT,SVR 1932
MT,SVR 1933
MT,SVR 1934
MT,SVR 1935
MT,SVR 1936
MT,SVR 1937
MT,SVR 1939
MT,SVR 1940
MT,SVR 1941
MT,SVR 1950
MT,SVR 1951
MT,SVR 1952
MT,SVR 1953
MT,SVR 9010
MT,SVR 9012
MT,SVR 9013
MT,SVR 9014
MT,SVR 9015
MT,SVR 9016
MT,SVR 9017
MT,SVR 9018
MT,SVR 9019
MT,SVR 9022
MT,SVR 9023
MT,SVR 9024
MT,SVR 9025
MT,SVR 9026
MT,SVR 9027
MT,SVR 9028
MT,SVR 9029
MT,SVR 9030
MT,SVR 9031
MT,SVR 9033
MT,SVR 9034
MT,SVR 9035
MT,SVR 9036
MT,SVR 9037
MT,SVR 9038
MT,SVR 9039
MT,SVR 9090
MT,SWQ 1000
MT,SWQ 1012
MT,SWQ 1013
MT,SWQ 1014
MT,SWQ 1015
MT,SWQ 1016
MT,SWQ 1017
MT,SWQ 1018
MT,SWQ 1019
MT,SWQ 1020
MT,SWQ 1021
MT,SWQ 1050
MT,SWQ 1051
MT,SWQ 1052
MT,SWQ 1053
MT,SWQ 1060
MT,SWQ 1062
MT,SWQ 1063
MT,SWQ 1064
MT,SWQ 1065
MT,SWQ 1085
MT,SWQ 1104
MT,SWQ 1107
MT,SWQ 1108
MT,SWQ 1109
MT,SWQ 1110
MT,SWQ 1111
MT,SWQ 1112
MT,SWQ 1113
MT,SWQ 1114
MT,SWQ 1115
MT,SWQ 1120
MT,SWQ 1121
MT,SWQ 1130
MT,SWQ 1131
MT,SWQ 1141
MT,SWQ 1150
MT,SWQ 1152
MT,SWQ 1153
MT,SWQ 1160
MT,SWQ 1161
MT,SWQ 1162
MT,SWQ 1163
MT,SWQ 1164
MT,SWQ 1165
MT,SWQ 1167
MT,SWQ 1172
MT,SWQ 1173
MT,SWQ 1200
MT,SWQ 1201
MT,SWQ 1202
MT,SWQ 1203
MT,SWQ 1210
MT,SWQ 1211
MT,SWQ 1212
MT,SWQ 1213
MT,SWQ 1214
MT,SWQ 1220
MT,SWQ 1221
MT,SWQ 1230
MT,SWQ 1231
MT,SWQ 1232
MT,SWQ 1234
MT,SWQ 1235
MT,SWQ 1240
MT,SWQ 1241
MT,SWQ 1242
MT,SWQ 1243
MT,SWQ 1254
MT,SWQ 1255
MT,SWQ 1258
MT,SWQ 1259
MT,SWQ 1266
MT,SWQ 1267
MT,SWQ 1270
MT,SWQ 1300
MT,SWQ 1301
MT,SWQ 1302
MT,SWQ 1303
MT,SWQ 1305
MT,SWQ 1312
MT,SWQ 1313
MT,SWQ 1314
MT,SWQ 1315
MT,SWQ 1316
MT,SWQ 1317
MT,SWQ 1320
MT,SWQ 1322
MT,SWQ 1323
MT,SWQ 1325
MT,SWQ 1326
MT,SWQ 1327
MT,SWQ 1328
MT,SWQ 1330
MT,SWQ 1331
MT,SWQ 1340
MT,SWQ 1341
MT,SWQ 1342
MT,SWQ 1343
MT,SWQ 1344
MT,SWQ 1345
MT,SWQ 1370
MT,SWQ 1371
MT,SWQ 1372
MT,SWQ 1373
MT,SWQ 1374
MT,SWQ 1375
MT,SWQ 1400
MT,SWQ 1401
MT,SWQ 1402
MT,SWQ 1403
MT,SWQ 1412
MT,SWQ 1413
MT,SWQ 1414
MT,SWQ 1415
MT,SWQ 1416
MT,SWQ 1417
MT,SWQ 1418
MT,SWQ 1419
MT,SWQ 1420
MT,SWQ 1421
MT,SWQ 1422
MT,SWQ 1423
MT,SWQ 1430
MT,SWQ 1432
MT,SWQ 1433
MT,SWQ 1435
MT,SWQ 1436
MT,SWQ 1440
MT,SWQ 1441
MT,SWQ 1442
MT,SWQ 1450
MT,SWQ 1451
MT,SWQ 1460
MT,SWQ 1470
MT,SWQ 1471
MT,SWQ 1490
MT,SWQ 1500
MT,SWQ 1501
MT,SWQ 1502
MT,SWQ 1503
MT,SWQ 1507
MT,SWQ 1510
MT,SWQ 1511
MT,SWQ 1520
MT,SWQ 1521
MT,SWQ 1522
MT,SWQ 1524
MT,SWQ 1525
MT,SWQ 1526
MT,SWQ 1527
MT,SWQ 1530
MT,SWQ 1532
MT,SWQ 1544
MT,SWQ 1551
MT,SWQ 1562
MT,SWQ 1563
MT,SWQ 1570
MT,SWQ 1580
MT,SWQ 1600
MT,SWQ 1601
MT,SWQ 1602
MT,SWQ 1603
MT,SWQ 1610
MT,SWQ 1630
MT,SWQ 1631
MT,SWQ 1641
MT,SWQ 1642
MT,SWQ 1643
MT,SWQ 1645
MT,SWQ 2010
MT,SWQ 2011
MT,SWQ 2013
MT,SWQ 2014
MT,SWQ 2020
MT,SWQ 2030
MT,SWQ 2031
MT,SWQ 2032
MT,SWQ 2033
MT,SWQ 2034
MT,SWQ 2035
MT,SWQ 2036
MT,SWQ 2037
MT,SWQ 2038
MT,SWQ 2039
MT,SWQ 2041
MT,SWQ 2042
MT,SWQ 2043
MT,SWQ 2044
MT,SWQ 2045
MT,SWQ 2050
MT,SWQ 2051
MT,SWQ 2061
MT,SWQ 2062
MT,SWQ 2064
MT,SWQ 2065
MT,SWQ 2066
MT,SWQ 2067
MT,SWQ 2070
MT,SWQ 2071
MT,SWQ 2080
MT,SWQ 2081
MT,SWQ 2082
MT,SWQ 2083
MT,SWQ 2084
MT,SWQ 2090
MT,SWQ 2101
MT,SWQ 2110
MT,SWQ 2111
MT,SWQ 2112
MT,SWQ 2113
MT,SWQ 2114
MT,SWQ 2115
MT,SWQ 2120
MT,SWQ 2121
MT,SWQ 2130
MT,SWQ 2132
MT,SWQ 2134
MT,SWQ 2136
MT,SWQ 2138
MT,SWQ 2160
MT,SWQ 2161
MT,SWQ 2162
MT,SWQ 2163
MT,SWQ 2170
MT,SWQ 2171
MT,SWQ 2172
MT,SWQ 2173
MT,SWQ 2180
MT,SWQ 2181
MT,SWQ 2200
MT,SWQ 2201
MT,SWQ 2202
MT,SWQ 2203
MT,SWQ 2204
MT,SWQ 2205
MT,SWQ 2210
MT,SWQ 2211
MT,SWQ 2220
MT,SWQ 2221
MT,SWQ 2222
MT,SWQ 2223
MT,SWQ 2225
MT,SWQ 2226
MT,SWQ 2227
MT,SWQ 2228
MT,SWQ 2229
MT,SWQ 2230
MT,SWQ 2231
MT,SWQ 2232
MT,SWQ 2233
MT,SWQ 2240
MT,SWQ 2241
MT,SWQ 2250
MT,SWQ 2251
MT,SWQ 2252
MT,SWQ 2253
MT,SWQ 2255
MT,SWQ 2256
MT,SWQ 2257
MT,SWQ 2258
MT,SWQ 2259
MT,SWQ 2260
MT,SWQ 2261
MT,SWQ 2270
MT,SWQ 2271
MT,SWQ 2272
MT,SWQ 2273
MT,SWQ 2274
MT,SWQ 2282
MT,SWQ 2283
MT,SWQ 2300
MT,SWQ 2301
MT,SWQ 2302
MT,SWQ 2303
MT,SWQ 2310
MT,SWQ 2312
MT,SWQ 2313
MT,SWQ 2314
MT,SWQ 2315
MT,SWQ 2320
MT,SWQ 2321
MT,SWQ 2322
MT,SWQ 2323
MT,SWQ 2331
MT,SWQ 2333
MT,SWQ 2334
MT,SWQ 2335
MT,SWQ 2336
MT,SWQ 2337
MT,SWQ 2340
MT,SWQ 2341
MT,SWQ 2350
MT,SWQ 2351
MT,SWQ 2352
MT,SWQ 2353
MT,SWQ 2354
MT,SWQ 2355
MT,SWQ 2356
MT,SWQ 2357
MT,SWQ 2361
MT,SWQ 2370
MT,SWQ 2371
MT,SWQ 2372
MT,SWQ 2373
MT,SWQ 2380
MT,SWQ 2381
MT,SWQ 2382
MT,SWQ 2383
MT,SWQ 2393
MT,SWQ 2400
MT,SWQ 2401
MT,SWQ 2402
MT,SWQ 2403
MT,SWQ 2404
MT,SWQ 2405
MT,SWQ 2406
MT,SWQ 2410
MT,SWQ 2420
MT,SWQ 2421
MT,SWQ 2422
MT,SWQ 2423
MT,SWQ 2434
MT,SWQ 2440
MT,SWQ 2441
MT,SWQ 2442
MT,SWQ 2443
MT,SWQ 2451
MT,SWQ 2453
MT,SWQ 2454
MT,SWQ 2455
MT,SWQ 2456
MT,SWQ 2457
MT,SWQ 2460
MT,SWQ 2461
MT,SWQ 2470
MT,SWQ 2471
MT,SWQ 2472
MT,SWQ 2473
MT,SWQ 2481
MT,SWQ 2483
MT,SWQ 2491
MT,SWQ 2493
MT,SWQ 2495
MT,SWQ 2500
MT,SWQ 2501
MT,SWQ 2502
MT,SWQ 2504
MT,SWQ 2506
MT,SWQ 2507
MT,SWQ 2508
MT,SWQ 2509
MT,SWQ 2543
MT,SWQ 2545
MT,SWQ 2547
MT,SWQ 2550
MT,SWQ 2551
MT,SWQ 2600
MT,SWQ 2602
MT,SWQ 2603
MT,SWQ 2610
MT,SWQ 2611
MT,SWQ 2612
MT,SWQ 2613
MT,SWQ 2615
MT,SWQ 2630
MT,SWQ 2631
MT,SWQ 2632
MT,SWQ 2633
MT,SWQ 2634
MT,SWQ 2635
MT,SWQ 2636
MT,SWQ 2637
MT,SWQ 2644
MT,SWQ 2645
MT,SWQ 2646
MT,SWQ 2647
MT,SWQ 2648
MT,SWQ 2649
MT,SWQ 2651
MT,SWQ 2710
MT,SWQ 2713
MT,SWQ 2730
MT,SWQ 2732
MT,SWQ 2740
MT,SWQ 2741
MT,SWQ 2742
MT,SWQ 2743
MT,SWQ 2750
MT,SWQ 2751
MT,SWQ 2752
MT,SWQ 2800
MT,SWQ 2801
MT,SWQ 2802
MT,SWQ 2803
MT,SWQ 2810
MT,SWQ 2811
MT,SWQ 2812
MT,SWQ 2820
MT,SWQ 2852
MT,SWQ 3010
MT,SWQ 3011
MT,SWQ 3012
MT,SWQ 3013
MT,SWQ 3020
MT,SWQ 3021
MT,SWQ 3022
MT,SWQ 3023
MT,SWQ 3024
MT,SWQ 3025
MT,SWQ 3026
MT,SWQ 3027
MT,SWQ 3028
MT,SWQ 3029
MT,SWQ 3030
MT,SWQ 3031
MT,SWQ 3032
MT,SWQ 3033
MT,SWQ 3034
MT,SWQ 3035
MT,SWQ 3036
MT,SWQ 3037
MT,SWQ 3038
MT,SWQ 3039
MT,SWQ 3040
MT,SWQ 3041
MT,SWQ 3042
MT,SWQ 3043
MT,SWQ 3050
MT,SWQ 3052
MT,SWQ 3053
MT,SWQ 3054
MT,SWQ 3055
MT,SWQ 3056
MT,SWQ 3057
MT,SWQ 3058
MT,SWQ 3059
MT,SWQ 3062
MT,SWQ 3063
MT,SWQ 3064
MT,SWQ 3070
MT,SWQ 3071
MT,SWQ 3081
MT,SWQ 3082
MT,SWQ 3083
MT,SWQ 3090
MT,SWQ 3091
MT,SWQ 3093
MT,SWQ 3100
MT,SWQ 3101
MT,SWQ 3110
MT,SWQ 3111
MT,SWQ 3112
MT,SWQ 3113
MT,SWQ 3120
MT,SWQ 3121
MT,SWQ 3122
MT,SWQ 3123
MT,SWQ 3124
MT,SWQ 3125
MT,SWQ 3126
MT,SWQ 3127
MT,SWQ 3130
MT,SWQ 3131
MT,SWQ 3132
MT,SWQ 3133
MT,SWQ 3134
MT,SWQ 3135
MT,SWQ 3140
MT,SWQ 3141
MT,SWQ 3150
MT,SWQ 3152
MT,SWQ 3153
MT,SWQ 3154
MT,SWQ 3155
MT,SWQ 3156
MT,SWQ 3157
MT,SWQ 3158
MT,SWQ 3159
MT,SWQ 3160
MT,SWQ 3161
MT,SWQ 3162
MT,SWQ 3163
MT,SWQ 3200
MT,SWQ 3201
MT,SWQ 3202
MT,SWQ 3203
MT,SWQ 3210
MT,SWQ 3211
MT,SWQ 3212
MT,SWQ 3213
MT,SWQ 3214
MT,SWQ 3215
MT,SWQ 3216
MT,SWQ 3217
MT,SWQ 3218
MT,SWQ 3219
MT,SWQ 3220
MT,SWQ 3221
MT,SWQ 3222
MT,SWQ 3223
MT,SWQ 3230
MT,SWQ 3231
MT,SWQ 3240
MT,SWQ 3241
MT,SWQ 3250
MT,SWQ 3251
MT,SWQ 3260
MT,SWQ 3261
MT,SWQ 3270
MT,SWQ 3271
MT,SWQ 3272
MT,SWQ 3273
MT,SWQ 3274
MT,SWQ 3275
MT,SWQ 3276
MT,SWQ 3277
MT,SWQ 3278
MT,SWQ 3279
MT,SWQ 3301
MT,SWQ 3302
MT,SWQ 3303
MT,SWQ 3310
MT,SWQ 3312
MT,SWQ 3320
MT,SWQ 3321
MT,SWQ 3323
MT,SWQ 3330
MT,SWQ 3331
MT,SWQ 3332
MT,SWQ 3333
MT,SWQ 3334
MT,SWQ 3335
MT,SWQ 3340
MT,SWQ 3341
MT,SWQ 3342
MT,SWQ 3343
MT,SWQ 3344
MT,SWQ 3400
MT,SWQ 3401
MT,SWQ 3402
MT,SWQ 3410
MT,SWQ 3411
MT,SWQ 3412
MT,SWQ 3413
MT,SWQ 3414
MT,SWQ 3415
MT,SWQ 3416
MT,SWQ 3417
MT,SWQ 3418
MT,SWQ 3419
MT,SWQ 3420
MT,SWQ 3421
MT,SWQ 3422
MT,SWQ 3423
MT,SWQ 3430
MT,SWQ 3431
MT,SWQ 3432
MT,SWQ 3433
MT,SWQ 3434
MT,SWQ 3435
MT,SWQ 3440
MT,SWQ 3441
MT,SWQ 3460
MT,SWQ 3461
MT,SWQ 3462
MT,SWQ 3463
MT,SWQ 3490
MT,SWQ 3491
MT,SWQ 3500
MT,SWQ 3501
MT,SWQ 3502
MT,SWQ 3503
MT,SWQ 3504
MT,SWQ 3505
MT,SWQ 3510
MT,SWQ 3512
MT,SWQ 3513
MT,SWQ 3514
MT,SWQ 3515
MT,SWQ 3520
MT,SWQ 3521
MT,SWQ 3522
MT,SWQ 3523
MT,SWQ 3524
MT,SWQ 3525
MT,SWQ 3526
MT,SWQ 3527
MT,SWQ 3530
MT,SWQ 3531
MT,SWQ 3532
MT,SWQ 3533
MT,SWQ 3534
MT,SWQ 3535
MT,SWQ 3536
MT,SWQ 3537
MT,SWQ 3540
MT,SWQ 3541
MT,SWQ 3542
MT,SWQ 3543
MT,SWQ 3544
MT,SWQ 3545
MT,SWQ 3546
MT,SWQ 3547
MT,SWQ 3550
MT,SWQ 3552
MT,SWQ 3554
MT,SWQ 3555
MT,SWQ 3560
MT,SWQ 3570
MT,SWQ 9020
MT,SWQ 9022
MT,SWQ 9024
MT,SWQ 9026
MT,SWQ 9040
MT,TXN 1010
MT,TXN 1011
MT,TXN 1020
MT,TXN 1021
MT,TXN 1022
MT,TXN 1023
MT,TXN 1024
MT,TXN 1025
MT,TXN 1030
MT,TXN 1031
MT,TXN 1032
MT,TXN 1033
MT,TXN 1040
MT,TXN 1041
MT,TXN 1042
MT,TXN 1043
MT,TXN 1044
MT,TXN 1045
MT,TXN 1046
MT,TXN 1047
MT,TXN 1048
MT,TXN 1049
MT,TXN 1050
MT,TXN 1051
MT,TXN 1052
MT,TXN 1053
MT,TXN 1054
MT,TXN 1055
MT,TXN 1060
MT,TXN 1061
MT,TXN 1062
MT,TXN 1063
MT,TXN 1064
MT,TXN 1065
MT,TXN 1066
MT,TXN 1067
MT,TXN 1068
MT,TXN 1069
MT,TXN 1070
MT,TXN 1071
MT,TXN 1073
MT,TXN 1080
MT,TXN 1090
MT,TXN 1091
MT,TXN 1092
MT,TXN 1093
MT,TXN 1095
MT,TXN 1111
MT,TXN 1112
MT,TXN 1113
MT,TXN 1114
MT,TXN 1115
MT,TXN 1120
MT,TXN 1121
MT,TXN 1122
MT,TXN 1123
MT,TXN 1124
MT,TXN 1125
MT,TXN 1130
MT,TXN 1131
MT,TXN 1133
MT,TXN 1134
MT,TXN 1135
MT,TXN 1136
MT,TXN 1137
MT,TXN 1138
MT,TXN 1139
MT,TXN 1140
MT,TXN 1141
MT,TXN 1142
MT,TXN 1143
MT,TXN 1144
MT,TXN 1145
MT,TXN 1150
MT,TXN 1151
MT,TXN 1152
MT,TXN 1153
MT,TXN 1154
MT,TXN 1155
MT,TXN 1160
MT,TXN 1161
MT,TXN 1163
MT,TXN 1164
MT,TXN 1165
MT,TXN 1166
MT,TXN 1170
MT,TXN 1171
MT,TXN 1172
MT,TXN 1173
MT,TXN 1175
MT,TXN 1180
MT,TXN 1181
MT,TXN 1200
MT,TXN 1201
MT,TXN 1202
MT,TXN 1203
MT,TXN 1204
MT,TXN 1210
MT,TXN 1211
MT,TXN 1212
MT,TXN 1213
MT,TXN 1221
MT,TXN 1223
MT,TXN 1230
MT,TXN 1232
MT,TXN 1233
MT,TXN 1240
MT,TXN 1241
MT,TXN 1242
MT,TXN 1243
MT,TXN 1244
MT,TXN 1245
MT,TXN 1250
MT,TXN 1251
MT,TXN 1260
MT,TXN 1261
MT,TXN 1270
MT,TXN 1272
MT,TXN 1273
MT,TXN 1275
MT,TXN 1280
MT,TXN 1282
MT,TXN 1283
MT,TXN 1284
MT,TXN 1287
MT,TXN 1291
MT,TXN 1300
MT,TXN 1301
MT,TXN 1303
MT,TXN 1304
MT,TXN 1305
MT,TXN 1310
MT,TXN 1311
MT,TXN 1312
MT,TXN 1313
MT,TXN 1314
MT,TXN 1315
MT,TXN 1316
MT,TXN 1317
MT,TXN 1318
MT,TXN 1319
MT,TXN 1320
MT,TXN 1321
MT,TXN 1322
MT,TXN 1330
MT,TXN 1331
MT,TXN 1332
MT,TXN 1333
MT,TXN 1340
MT,TXN 1341
MT,TXN 1350
MT,TXN 1351
MT,TXN 1352
MT,TXN 1353
MT,TXN 1354
MT,TXN 1355
MT,TXN 1356
MT,TXN 1357
MT,TXN 1360
MT,TXN 1361
MT,TXN 1370
MT,TXN 1371
MT,TXN 1372
MT,TXN 1373
MT,TXN 1374
MT,TXN 1375
MT,TXN 1376
MT,TXN 1377
MT,TXN 1380
MT,TXN 1381
MT,TXN 1400
MT,TXN 1401
MT,TXN 1410
MT,TXN 1411
MT,TXN 1412
MT,TXN 1413
MT,TXN 1415
MT,TXN 1420
MT,TXN 1421
MT,TXN 1430
MT,TXN 1431
MT,TXN 1432
MT,TXN 1440
MT,TXN 1442
MT,TXN 1443
MT,TXN 1450
MT,TXN 1451
MT,TXN 1452
MT,TXN 1453
MT,TXN 1460
MT,TXN 1461
MT,TXN 1462
MT,TXN 1463
MT,TXN 1470
MT,TXN 1471
MT,TXN 1473
MT,TXN 1500
MT,TXN 1501
MT,TXN 1502
MT,TXN 1503
MT,TXN 1520
MT,TXN 1521
MT,TXN 1523
MT,TXN 1530
MT,TXN 1531
MT,TXN 1532
MT,TXN 1533
MT,TXN 1534
MT,TXN 1535
MT,TXN 1536
MT,TXN 1537
MT,TXN 1538
MT,TXN 1539
MT,TXN 1540
MT,TXN 1541
MT,TXN 1543
MT,TXN 1550
MT,TXN 1551
MT,TXN 1552
MT,TXN 1553
MT,TXN 1560
MT,TXN 1561
MT,TXN 1570
MT,TXN 1571
MT,TXN 1572
MT,TXN 1573
MT,TXN 1600
MT,TXN 1601
MT,TXN 1602
MT,TXN 1603
MT,TXN 1604
MT,TXN 1605
MT,TXN 1606
MT,TXN 1607
MT,TXN 1608
MT,TXN 1609
MT,TXN 1610
MT,TXN 1612
MT,TXN 1613
MT,TXN 1620
MT,TXN 1621
MT,TXN 1622
MT,TXN 1623
MT,TXN 1630
MT,TXN 1633
MT,TXN 1641
MT,TXN 1642
MT,TXN 1643
MT,TXN 1700
MT,TXN 1701
MT,TXN 1703
MT,TXN 1704
MT,TXN 1705
MT,TXN 1706
MT,TXN 1707
MT,TXN 1708
MT,TXN 1709
MT,TXN 1710
MT,TXN 1711
MT,TXN 1721
MT,TXN 1730
MT,TXN 1731
MT,TXN 1740
MT,TXN 1750
MT,TXN 1760
MT,TXN 1761
MT,TXN 1770
MT,TXN 1800
MT,TXN 1801
MT,TXN 1802
MT,TXN 1803
MT,TXN 1804
MT,TXN 1805
MT,TXN 1806
MT,TXN 1807
MT,TXN 1809
MT,TXN 1810
MT,TXN 1811
MT,TXN 1812
MT,TXN 1813
MT,TXN 1814
MT,TXN 1815
MT,TXN 1820
MT,TXN 1821
MT,TXN 1822
MT,TXN 1823
MT,TXN 1824
MT,TXN 1825
MT,TXN 1830
MT,TXN 1831
MT,TXN 1832
MT,TXN 1833
MT,TXN 1834
MT,TXN 1835
MT,TXN 1840
MT,TXN 1841
MT,TXN 1850
MT,TXN 1851
MT,TXN 1861
MT,TXN 1870
MT,TXN 1871
MT,TXN 1872
MT,TXN 1873
MT,TXN 1874
MT,TXN 1875
MT,TXN 1900
MT,TXN 1910
MT,TXN 1911
MT,TXN 1912
MT,TXN 1913
MT,TXN 1914
MT,TXN 1915
MT,TXN 1916
MT,TXN 1917
MT,TXN 1918
MT,TXN 1919
MT,TXN 1920
MT,TXN 1921
MT,TXN 1930
MT,TXN 1931
MT,TXN 1940
MT,TXN 1941
MT,TXN 1950
MT,TXN 1951
MT,TXN 1960
MT,TXN 1961
MT,TXN 1970
MT,TXN 1971
MT,TXN 2010
MT,TXN 2011
MT,TXN 2012
MT,TXN 2013
MT,TXN 2021
MT,TXN 2030
MT,TXN 2031
MT,TXN 2040
MT,TXN 2041
MT,TXN 2050
MT,TXN 2051
MT,TXN 2053
MT,TXN 2060
MT,TXN 2061
MT,TXN 2073
MT,TXN 2080
MT,TXN 2081
MT,TXN 2082
MT,TXN 2083
MT,TXN 2085
MT,TXN 2100
MT,TXN 2110
MT,TXN 2111
MT,TXN 2120
MT,TXN 2121
MT,TXN 2130
MT,TXN 2131
MT,TXN 2140
MT,TXN 2141
MT,TXN 2142
MT,TXN 2143
MT,TXN 2144
MT,TXN 2145
MT,TXN 2146
MT,TXN 2151
MT,TXN 2170
MT,TXN 2200
MT,TXN 2201
MT,TXN 2202
MT,TXN 2203
MT,TXN 2210
MT,TXN 2211
MT,TXN 2220
MT,TXN 2221
MT,TXN 2231
MT,TXN 2233
MT,TXN 2240
MT,TXN 2241
MT,TXN 2242
MT,TXN 2243
MT,TXN 2244
MT,TXN 2245
MT,TXN 2246
MT,TXN 2247
MT,TXN 2250
MT,TXN 2251
MT,TXN 2260
MT,TXN 2261
MT,TXN 2270
MT,TXN 2271
MT,TXN 2280
MT,TXN 2281
MT,TXN 2291
MT,TXN 2300
MT,TXN 2310
MT,TXN 2311
MT,TXN 2312
MT,TXN 2313
MT,TXN 2314
MT,TXN 2315
MT,TXN 2316
MT,TXN 2317
MT,TXN 2318
MT,TXN 2319
MT,TXN 2321
MT,TXN 2330
MT,TXN 2332
MT,TXN 2333
MT,TXN 2335
MT,TXN 2340
MT,TXN 2350
MT,TXN 2352
MT,TXN 2353
MT,TXN 2355
MT,TXN 2361
MT,TXN 2370
MT,TXN 2371
MT,TXN 2372
MT,TXN 2373
MT,TXN 2400
MT,TXN 2401
MT,TXN 2402
MT,TXN 2403
MT,TXN 2404
MT,TXN 2405
MT,TXN 2406
MT,TXN 2407
MT,TXN 2408
MT,TXN 2409
MT,TXN 2410
MT,TXN 2411
MT,TXN 2412
MT,TXN 2413
MT,TXN 2420
MT,TXN 2421
MT,TXN 2422
MT,TXN 2423
MT,TXN 2425
MT,TXN 2430
MT,TXN 2431
MT,TXN 2440
MT,TXN 2441
MT,TXN 2470
MT,TXN 2471
MT,TXN 2472
MT,TXN 2473
MT,TXN 2474
MT,TXN 2475
MT,TXN 2477
MT,TXN 2500
MT,TXN 2501
MT,TXN 2510
MT,TXN 2511
MT,TXN 2512
MT,TXN 2513
MT,TXN 2514
MT,TXN 2515
MT,TXN 2530
MT,TXN 2540
MT,TXN 2541
MT,TXN 2550
MT,TXN 2551
MT,TXN 2552
MT,TXN 2553
MT,TXN 2554
MT,TXN 2555
MT,TXN 2556
MT,TXN 2557
MT,TXN 2560
MT,TXN 2561
MT,TXN 2562
MT,TXN 2563
MT,TXN 2564
MT,TXN 2565
MT,TXN 2570
MT,TXN 2571
MT,TXN 2572
MT,TXN 2573
MT,TXN 2580
MT,TXN 2581
MT,TXN 2600
MT,TXN 2601
MT,TXN 2610
MT,TXN 2611
MT,TXN 2612
MT,TXN 2613
MT,TXN 2614
MT,TXN 2615
MT,TXN 2620
MT,TXN 2621
MT,TXN 2622
MT,TXN 2623
MT,TXN 2624
MT,TXN 2625
MT,TXN 2630
MT,TXN 2631
MT,TXN 2650
MT,TXN 9010
MT,TXN 9011
MT,TXN 9012
MT,TXN 9014
MT,TXN 9016
MT,TXN 9018
MT,TXN 9020
MT,TXN 9021
MT,TXN 9022
MT,TXN 9030
MT,TXN 9031
MT,TXN 9032
MT,TXN 9033
MT,TXN 9034
MT,TXN 9035
MT,TXN 9036
MT,TXN 9037
MT,TXN 9038
MT,TXN 9039
MT,TXN 9041
MT,TXN 9043
MT,TXN 9044
MT,TXN 9045
MT,TXN 9046
MT,TXN 9047
MT,TXN 9048
MT,VCT 1000
MT,VCT 1010
MT,VCT 1011
MT,VCT 1012
MT,VCT 1013
MT,VCT 1014
MT,VCT 1015
MT,VCT 1016
MT,VCT 1017
MT,VCT 1018
MT,VCT 1020
MT,VCT 1021
MT,VCT 1022
MT,VCT 1023
MT,VCT 1030
MT,VCT 1031
MT,VCT 1032
MT,VCT 1033
MT,VCT 1034
MT,VCT 1035
MT,VCT 1040
MT,VCT 1041
MT,VCT 1050
MT,VCT 1060
MT,VCT 1062
MT,VCT 1063
MT,VCT 1071
MT,VCT 1073
MT,VCT 1080
MT,VCT 1081
MT,VCT 1082
MT,VCT 1083
MT,VCT 1084
MT,VCT 1100
MT,VCT 1101
MT,VCT 1102
MT,VCT 1103
MT,VCT 1110
MT,VCT 1111
MT,VCT 1112
MT,VCT 1113
MT,VCT 1114
MT,VCT 1115
MT,VCT 1116
MT,VCT 1117
MT,VCT 1118
MT,VCT 1119
MT,VCT 1120
MT,VCT 1121
MT,VCT 1130
MT,VCT 1131
MT,VCT 1140
MT,VCT 1141
MT,VCT 1150
MT,VCT 1151
MT,VCT 1160
MT,VCT 1170
MT,VCT 1171
MT,VCT 1172
MT,VCT 1173
MT,VCT 1174
MT,VCT 1175
MT,VCT 1180
MT,VCT 1181
MT,VCT 1200
MT,VCT 1201
MT,VCT 1202
MT,VCT 1203
MT,VCT 1204
MT,VCT 1205
MT,VCT 1206
MT,VCT 1207
MT,VCT 1208
MT,VCT 1209
MT,VCT 1220
MT,VCT 1230
MT,VCT 1231
MT,VCT 1240
MT,VCT 1241
MT,VCT 1250
MT,VCT 1251
MT,VCT 1260
MT,VCT 1261
MT,VCT 1262
MT,VCT 1263
MT,VCT 1270
MT,VCT 1273
MT,VCT 1280
MT,VCT 1281
MT,VCT 1282
MT,VCT 1283
MT,VCT 1284
MT,VCT 1285
MT,VCT 1300
MT,VCT 1301
MT,VCT 1302
MT,VCT 1303
MT,VCT 1304
MT,VCT 1305
MT,VCT 1306
MT,VCT 1307
MT,VCT 1308
MT,VCT 1309
MT,VCT 1310
MT,VCT 1311
MT,VCT 1312
MT,VCT 1313
MT,VCT 1314
MT,VCT 1315
MT,VCT 1316
MT,VCT 1317
MT,VCT 1318
MT,VCT 1319
MT,VCT 1320
MT,VCT 1321
MT,VCT 1330
MT,VCT 1331
MT,VCT 1332
MT,VCT 1334
MT,VCT 1335
MT,VCT 1340
MT,VCT 1341
MT,VCT 1342
MT,VCT 1344
MT,VCT 1346
MT,VCT 1347
MT,VCT 1350
MT,VCT 1360
MT,VCT 1361
MT,VCT 1370
MT,VCT 1371
MT,VCT 1372
MT,VCT 1373
MT,VCT 1390
MT,VCT 1392
MT,VCT 1393
MT,VCT 1400
MT,VCT 1401
MT,VCT 1402
MT,VCT 1403
MT,VCT 1404
MT,VCT 1405
MT,VCT 1406
MT,VCT 1407
MT,VCT 1408
MT,VCT 1409
MT,VCT 1410
MT,VCT 1411
MT,VCT 1420
MT,VCT 1421
MT,VCT 1422
MT,VCT 1423
MT,VCT 1430
MT,VCT 1432
MT,VCT 1433
MT,VCT 1434
MT,VCT 1435
MT,VCT 1440
MT,VCT 1441
MT,VCT 1450
MT,VCT 1451
MT,VCT 1452
MT,VCT 1453
MT,VCT 1460
MT,VCT 1461
MT,VCT 1462
MT,VCT 1463
MT,VCT 1470
MT,VCT 1471
MT,VCT 1472
MT,VCT 1473
MT,VCT 1500
MT,VCT 1501
MT,VCT 1502
MT,VCT 1503
MT,VCT 1504
MT,VCT 1505
MT,VCT 1506
MT,VCT 1507
MT,VCT 1511
MT,VCT 1520
MT,VCT 1521
MT,VCT 1530
MT,VCT 1531
MT,VCT 1532
MT,VCT 1533
MT,VCT 1534
MT,VCT 1535
MT,VCT 1536
MT,VCT 1537
MT,VCT 1538
MT,VCT 1539
MT,VCT 1540
MT,VCT 1541
MT,VCT 1542
MT,VCT 1543
MT,VCT 1600
MT,VCT 1601
MT,VCT 1610
MT,VCT 1611
MT,VCT 1612
MT,VCT 1613
MT,VCT 1614
MT,VCT 1615
MT,VCT 1620
MT,VCT 1621
MT,VCT 1622
MT,VCT 1623
MT,VCT 1640
MT,VCT 1641
MT,VCT 1650
MT,VCT 1652
MT,VCT 1660
MT,VCT 1661
MT,VCT 1662
MT,VCT 1663
MT,VCT 1670
MT,VCT 1671
MT,VCT 1672
MT,VCT 1673
MT,VCT 1674
MT,VCT 1675
MT,VCT 1676
MT,VCT 1677
MT,VCT 1680
MT,VCT 1690
MT,VCT 1700
MT,VCT 1701
MT,VCT 1702
MT,VCT 1703
MT,VCT 1710
MT,VCT 1711
MT,VCT 1712
MT,VCT 1713
MT,VCT 1723
MT,VCT 1730
MT,VCT 1731
MT,VCT 1740
MT,VCT 1741
MT,VCT 1742
MT,VCT 1743
MT,VCT 1750
MT,VCT 1751
MT,VCT 1752
MT,VCT 1753
MT,VCT 1760
MT,VCT 1761
MT,VCT 1762
MT,VCT 1763
MT,VCT 1770
MT,VCT 1771
MT,VCT 1772
MT,VCT 1774
MT,VCT 1775
MT,VCT 1776
MT,VCT 1777
MT,VCT 1802
MT,VCT 1804
MT,VCT 1805
MT,VCT 1810
MT,VCT 1811
MT,VCT 1812
MT,VCT 1813
MT,VCT 1820
MT,VCT 1821
MT,VCT 1822
MT,VCT 1831
MT,VCT 1832
MT,VCT 1833
MT,VCT 1834
MT,VCT 1840
MT,VCT 1843
MT,VCT 1850
MT,VCT 1851
MT,VCT 1860
MT,VCT 1871
MT,VCT 1882
MT,VCT 1883
MT,VCT 1903
MT,VCT 1904
MT,VCT 1905
MT,VCT 1906
MT,VCT 1907
MT,VCT 1908
MT,VCT 2020
MT,VCT 2021
MT,VCT 2022
MT,VCT 2023
MT,VCT 2024
MT,VCT 2025
MT,VCT 2030
MT,VCT 2031
MT,VCT 2032
MT,VCT 2033
MT,VCT 2034
MT,VCT 2035
MT,VCT 2040
MT,VCT 2041
MT,VCT 2042
MT,VCT 2043
MT,VCT 2044
MT,VCT 2045
MT,VCT 2046
MT,VCT 2047
MT,VCT 2049
MT,VCT 2050
MT,VCT 2051
MT,VCT 2052
MT,VCT 2053
MT,VCT 2054
MT,VCT 2055
MT,VCT 2060
MT,VCT 2061
MT,VCT 2062
MT,VCT 2063
MT,VCT 2064
MT,VCT 2065
MT,VCT 2066
MT,VCT 2067
MT,VCT 2068
MT,VCT 2069
MT,VCT 2070
MT,VCT 2071
MT,VCT 2072
MT,VCT 2073
MT,VCT 2074
MT,VCT 2075
MT,VCT 2080
MT,VCT 2081
MT,VCT 2082
MT,VCT 2083
MT,VCT 2090
MT,VCT 2091
MT,VCT 2092
MT,VCT 2093
MT,VCT 2100
MT,VCT 2101
MT,VCT 2102
MT,VCT 2103
MT,VCT 2104
MT,VCT 2105
MT,VCT 2106
MT,VCT 2107
MT,VCT 2108
MT,VCT 2109
MT,VCT 2110
MT,VCT 2111
MT,VCT 2112
MT,VCT 2113
MT,VCT 2114
MT,VCT 2115
MT,VCT 2116
MT,VCT 2117
MT,VCT 2120
MT,VCT 2122
MT,VCT 2123
MT,VCT 2124
MT,VCT 2125
MT,VCT 2130
MT,VCT 2131
MT,VCT 2132
MT,VCT 2133
MT,VCT 2134
MT,VCT 2135
MT,VCT 2136
MT,VCT 2137
MT,VCT 2141
MT,VCT 2142
MT,VCT 2143
MT,VCT 2150
MT,VCT 2151
MT,VCT 2152
MT,VCT 2153
MT,VCT 2160
MT,VCT 2162
MT,VCT 2163
MT,VCT 2170
MT,VCT 2171
MT,VCT 2172
MT,VCT 2173
MT,VCT 2174
MT,VCT 2180
MT,VCT 2181
MT,VCT 2200
MT,VCT 2201
MT,VCT 2203
MT,VCT 2210
MT,VCT 2211
MT,VCT 2212
MT,VCT 2213
MT,VCT 2220
MT,VCT 2221
MT,VCT 2222
MT,VCT 2224
MT,VCT 2225
MT,VCT 2230
MT,VCT 2231
MT,VCT 2232
MT,VCT 2233
MT,VCT 2240
MT,VCT 2241
MT,VCT 2242
MT,VCT 2243
MT,VCT 2244
MT,VCT 2245
MT,VCT 2250
MT,VCT 2251
MT,VCT 2252
MT,VCT 2253
MT,VCT 2260
MT,VCT 2270
MT,VCT 2271
MT,VCT 2272
MT,VCT 2273
MT,VCT 2274
MT,VCT 2275
MT,VCT 2276
MT,VCT 2277
MT,VCT 2280
MT,VCT 2281
MT,VCT 2282
MT,VCT 2283
MT,VCT 2284
MT,VCT 2285
MT,VCT 2286
MT,VCT 2287
MT,VCT 2500
MT,VCT 2501
MT,VCT 2502
MT,VCT 2503
MT,VCT 2504
MT,VCT 2506
MT,VCT 2508
MT,VCT 2514
MT,VCT 2515
MT,VCT 2516
MT,VCT 2517
MT,VCT 2518
MT,VCT 2519
MT,VCT 2520
MT,VCT 2530
MT,VCT 2531
MT,VCT 2532
MT,VCT 2533
MT,VCT 2540
MT,VCT 2541
MT,VCT 2550
MT,VCT 2551
MT,VCT 2552
MT,VCT 2561
MT,VCT 2563
MT,VCT 2571
MT,VCT 2572
MT,VCT 2573
MT,VCT 2574
MT,VCT 2575
MT,VCT 2576
MT,VCT 2577
MT,VCT 2578
MT,VCT 2579
MT,VCT 2580
MT,VCT 2581
MT,VCT 2582
MT,VCT 2590
MT,VCT 2600
MT,VCT 2601
MT,VCT 2602
MT,VCT 2603
MT,VCT 2604
MT,VCT 2605
MT,VCT 2611
MT,VCT 2621
MT,VCT 2622
MT,VCT 2625
MT,VCT 2630
MT,VCT 2631
MT,VCT 2640
MT,VCT 2641
MT,VCT 2642
MT,VCT 2643
MT,VCT 2644
MT,VCT 2645
MT,VCT 2660
MT,VCT 2661
MT,VCT 2662
MT,VCT 2663
MT,VCT 2664
MT,VCT 2665
MT,VCT 2680
MT,VCT 2681
MT,VCT 2682
MT,VCT 2683
MT,VCT 2684
MT,VCT 2685
MT,VCT 2687
MT,VCT 2692
MT,VCT 2700
MT,VCT 2701
MT,VCT 2703
MT,VCT 2704
MT,VCT 2705
MT,VCT 2706
MT,VCT 2707
MT,VCT 2710
MT,VCT 2711
MT,VCT 2712
MT,VCT 2713
MT,VCT 2720
MT,VCT 2721
MT,VCT 2722
MT,VCT 2723
MT,VCT 2730
MT,VCT 2731
MT,VCT 2732
MT,VCT 2733
MT,VCT 2734
MT,VCT 2735
MT,VCT 2736
MT,VCT 2737
MT,VCT 2738
MT,VCT 2739
MT,VCT 2741
MT,VCT 2742
MT,VCT 2743
MT,VCT 2750
MT,VCT 2751
MT,VCT 2752
MT,VCT 2753
MT,VCT 2761
MT,VCT 2763
MT,VCT 2764
MT,VCT 2770
MT,VCT 2771
MT,VCT 2772
MT,VCT 2773
MT,VCT 2780
MT,VCT 2781
MT,VCT 2782
MT,VCT 2786
MT,VCT 2787
MT,VCT 2788
MT,VCT 2789
MT,VCT 2791
MT,VCT 2800
MT,VCT 2801
MT,VCT 2802
MT,VCT 2803
MT,VCT 2804
MT,VCT 2805
MT,VCT 2806
MT,VCT 2807
MT,VCT 2808
MT,VCT 2809
MT,VCT 2810
MT,VCT 2811
MT,VCT 2812
MT,VCT 2813
MT,VCT 2820
MT,VCT 2821
MT,VCT 2822
MT,VCT 2823
MT,VCT 2830
MT,VCT 2831
MT,VCT 2832
MT,VCT 2833
MT,VCT 2840
MT,VCT 2841
MT,VCT 2842
MT,VCT 2843
MT,VCT 2851
MT,VCT 2853
MT,VCT 2860
MT,VCT 2861
MT,VCT 2871
MT,VCT 2900
MT,VCT 2901
MT,VCT 2903
MT,VCT 2906
MT,VCT 2907
MT,VCT 2908
MT,VCT 2909
MT,VCT 2911
MT,VCT 2912
MT,VCT 2913
MT,VCT 2960
MT,VCT 2961
MT,VCT 2963
MT,VCT 2965
MT,VCT 2980
MT,VCT 2981
MT,VCT 9010
MT,VCT 9011
MT,VCT 9020
MT,VCT 9021
MT,VCT 9022
MT,VCT 9023
MT,VCT 9024
MT,VCT 9025
MT,VCT 9026
MT,VCT 9027
MT,VCT 9028
MT,VCT 9029
MT,VCT 9030
MT,VCT 9031
MT,VCT 9032
MT,VCT 9033
MT,VCT 9034
MT,VCT 9035
MT,VCT 9037
MT,VCT 9038
MT,VCT 9039
MT,VCT 9040
MT,VCT 9045
MT,VCT 9046
MT,VCT 9047
MT,VCT 9048
MT,VCT 9049
MT,VCT 9050
MT,VCT 9051
MT,VCT 9052
MT,VCT 9053
MT,VCT 9055
MT,VCT 9056
MT,VCT 9057
MT,VCT 9058
MT,VCT 9059
MT,VCT 9060
MT,VCT 9061
MT,VCT 9063
MT,VCT 9064
MT,VCT 9065
MT,VCT 9066
MT,VCT 9067
MT,VCT 9070
MT,VCT 9080
MT,VCT 9081
MT,VCT 9082
MT,VCT 9083
MT,VCT 9084
MT,VCT 9085
MT,VCT 9086
MT,VCT 9087
MT,VCT 9088
MT,VCT 9089
MT,VCT 9091
MT,VLT 1000
MT,VLT 1010
MT,VLT 1011
MT,VLT 1020
MT,VLT 1021
MT,VLT 1030
MT,VLT 1040
MT,VLT 1041
MT,VLT 1050
MT,VLT 1060
MT,VLT 1061
MT,VLT 1062
MT,VLT 1063
MT,VLT 1100
MT,VLT 1101
MT,VLT 1102
MT,VLT 1103
MT,VLT 1104
MT,VLT 1105
MT,VLT 1110
MT,VLT 1111
MT,VLT 1112
MT,VLT 1113
MT,VLT 1114
MT,VLT 1115
MT,VLT 1116
MT,VLT 1117
MT,VLT 1118
MT,VLT 1119
MT,VLT 1120
MT,VLT 1121
MT,VLT 1122
MT,VLT 1123
MT,VLT 1124
MT,VLT 1125
MT,VLT 1126
MT,VLT 1127
MT,VLT 1128
MT,VLT 1129
MT,VLT 1130
MT,VLT 1131
MT,VLT 1132
MT,VLT 1133
MT,VLT 1150
MT,VLT 1151
MT,VLT 1152
MT,VLT 1153
MT,VLT 1155
MT,VLT 1156
MT,VLT 1157
MT,VLT 1160
MT,VLT 1161
MT,VLT 1162
MT,VLT 1163
MT,VLT 1164
MT,VLT 1165
MT,VLT 1168
MT,VLT 1169
MT,VLT 1170
MT,VLT 1171
MT,VLT 1172
MT,VLT 1173
MT,VLT 1174
MT,VLT 1175
MT,VLT 1176
MT,VLT 1177
MT,VLT 1178
MT,VLT 1179
MT,VLT 1180
MT,VLT 1181
MT,VLT 1182
MT,VLT 1183
MT,VLT 1185
MT,VLT 1186
MT,VLT 1187
MT,VLT 1188
MT,VLT 1189
MT,VLT 1190
MT,VLT 1191
MT,VLT 1210
MT,VLT 1211
MT,VLT 1212
MT,VLT 1213
MT,VLT 1214
MT,VLT 1215
MT,VLT 1216
MT,VLT 1217
MT,VLT 1218
MT,VLT 1220
MT,VLT 1221
MT,VLT 1222
MT,VLT 1223
MT,VLT 1230
MT,VLT 1231
MT,VLT 1232
MT,VLT 1233
MT,VLT 1234
MT,VLT 1235
MT,VLT 1236
MT,VLT 1237
MT,VLT 1238
MT,VLT 1239
MT,VLT 1240
MT,VLT 1250
MT,VLT 1251
MT,VLT 1252
MT,VLT 1253
MT,VLT 1254
MT,VLT 1261
MT,VLT 1270
MT,VLT 1271
MT,VLT 1272
MT,VLT 1305
MT,VLT 1310
MT,VLT 1311
MT,VLT 1320
MT,VLT 1321
MT,VLT 1322
MT,VLT 1323
MT,VLT 1330
MT,VLT 1340
MT,VLT 1341
MT,VLT 1350
MT,VLT 1351
MT,VLT 1353
MT,VLT 1355
MT,VLT 1360
MT,VLT 1361
MT,VLT 1362
MT,VLT 1363
MT,VLT 1364
MT,VLT 1365
MT,VLT 1367
MT,VLT 1370
MT,VLT 1371
MT,VLT 1372
MT,VLT 1373
MT,VLT 1390
MT,VLT 1391
MT,VLT 1400
MT,VLT 1410
MT,VLT 1411
MT,VLT 1412
MT,VLT 1413
MT,VLT 1420
MT,VLT 1421
MT,VLT 1423
MT,VLT 1424
MT,VLT 1425
MT,VLT 1426
MT,VLT 1427
MT,VLT 1428
MT,VLT 1429
MT,VLT 1430
MT,VLT 1431
MT,VLT 1432
MT,VLT 1433
MT,VLT 1434
MT,VLT 1435
MT,VLT 1436
MT,VLT 1437
MT,VLT 1438
MT,VLT 1439
MT,VLT 1440
MT,VLT 1442
MT,VLT 1443
MT,VLT 1444
MT,VLT 1445
MT,VLT 1446
MT,VLT 1447
MT,VLT 1448
MT,VLT 1449
MT,VLT 1450
MT,VLT 1451
MT,VLT 1452
MT,VLT 1453
MT,VLT 1454
MT,VLT 1455
MT,VLT 1456
MT,VLT 1457
MT,VLT 1458
MT,VLT 1459
MT,VLT 1460
MT,VLT 1461
MT,VLT 1462
MT,VLT 1463
MT,VLT 1464
MT,VLT 1465
MT,VLT 1466
MT,VLT 1467
MT,VLT 1468
MT,VLT 1469
MT,VLT 1470
MT,VLT 1471
MT,VLT 1472
MT,VLT 1473
MT,VLT 1480
MT,VLT 1481
MT,VLT 1490
MT,VLT 1491
MT,VLT 1500
MT,VLT 1501
MT,VLT 1510
MT,VLT 1511
MT,VLT 1512
MT,VLT 1513
MT,VLT 1514
MT,VLT 1515
MT,VLT 1516
MT,VLT 1517
MT,VLT 1518
MT,VLT 1519
MT,VLT 1520
MT,VLT 1521
MT,VLT 1522
MT,VLT 1530
MT,VLT 1531
MT,VLT 1532
MT,VLT 1533
MT,VLT 1534
MT,VLT 1535
MT,VLT 1536
MT,VLT 1537
MT,VLT 1538
MT,VLT 1539
MT,VLT 1540
MT,VLT 1541
MT,VLT 1550
MT,VLT 1560
MT,VLT 1561
MT,VLT 1570
MT,VLT 1571
MT,VLT 1580
MT,VLT 1581
MT,VLT 1600
MT,VLT 1601
MT,VLT 1602
MT,VLT 1603
MT,VLT 1604
MT,VLT 1605
MT,VLT 1606
MT,VLT 1607
MT,VLT 1610
MT,VLT 1611
MT,VLT 1613
MT,VLT 1614
MT,VLT 1615
MT,VLT 1617
MT,VLT 1620
MT,VLT 1622
MT,VLT 1623
MT,VLT 1624
MT,VLT 1625
MT,VLT 1626
MT,VLT 1627
MT,VLT 1630
MT,VLT 1633
MT,VLT 1640
MT,VLT 1641
MT,VLT 1642
MT,VLT 1643
MT,VLT 1644
MT,VLT 1645
MT,VLT 1646
MT,VLT 1647
MT,VLT 1650
MT,VLT 1651
MT,VLT 1661
MT,VLT 1662
MT,VLT 1663
MT,VLT 1664
MT,VLT 1665
MT,VLT 1670
MT,VLT 1671
MT,VLT 1700
MT,VLT 1720
MT,VLT 1721
MT,VLT 1722
MT,VLT 1723
MT,VLT 1725
MT,VLT 1740
MT,VLT 1741
MT,VLT 1750
MT,VLT 1761
MT,VLT 1762
MT,VLT 1770
MT,VLT 1771
MT,VLT 1811
MT,VLT 1812
MT,VLT 1820
MT,VLT 1821
MT,VLT 1830
MT,VLT 1831
MT,VLT 1850
MT,VLT 1851
MT,VLT 1852
MT,VLT 1853
MT,VLT 1854
MT,VLT 1855
MT,VLT 1910
MT,VLT 1920
MT,VLT 1921
MT,VLT 1930
MT,VLT 1932
MT,VLT 1933
MT,VLT 1940
MT,VLT 1941
MT,VLT 1950
MT,VLT 1961
MT,VLT 1971
MT,VLT 1980
MT,VLT 5000
MT,XBX 1011
MT,XBX 1012
MT,XBX 1013
MT,XBX 1015
MT,XBX 1016
MT,XBX 1020
MT,XBX 1021
MT,XBX 1024
MT,XBX 1025
MT,XBX 1026
MT,XBX 1027
MT,XBX 1028
MT,XBX 1029
MT,XBX 1030
MT,XBX 1031
MT,XBX 1033
MT,XBX 1034
MT,XBX 1035
MT,XBX 1040
MT,XBX 1041
MT,XBX 1042
MT,XBX 1050
MT,XBX 1052
MT,XBX 1060
MT,XBX 1061
MT,XBX 1063
MT,XBX 1065
MT,XBX 1071
MT,XBX 1072
MT,XBX 1073
MT,XBX 1074
MT,XBX 1075
MT,XBX 1076
MT,XBX 1077
MT,XBX 1081
MT,XBX 1084
MT,XBX 1085
MT,XBX 1086
MT,XBX 1087
MT,XBX 1088
MT,XBX 1091
MT,XBX 1092
MT,XBX 1093
MT,XBX 1094
MT,XBX 1095
MT,XBX 1098
MT,XBX 1099
MT,XBX 1100
MT,XBX 1101
MT,XBX 1102
MT,XBX 1103
MT,XBX 1104
MT,XBX 1105
MT,XBX 1111
MT,XBX 1112
MT,XBX 1113
MT,XBX 1120
MT,XBX 1121
MT,XBX 1122
MT,XBX 1124
MT,XBX 1125
MT,XBX 1126
MT,XBX 1127
MT,XBX 1128
MT,XBX 1129
MT,XBX 1130
MT,XBX 1131
MT,XBX 1150
MT,XBX 1153
MT,XBX 1155
MT,XBX 1202
MT,XBX 1210
MT,XBX 1212
MT,XBX 1222
MT,XBX 1223
MT,XBX 1230
MT,XBX 1231
MT,XBX 1232
MT,XBX 1233
MT,XBX 1290
MT,XBX 1300
MT,XBX 1301
MT,XBX 1302
MT,XBX 1303
MT,XBX 1311
MT,XBX 1320
MT,XBX 1321
MT,XBX 1322
MT,XBX 1325
MT,XBX 1343
MT,XBX 1344
MT,XBX 1345
MT,XBX 1352
MT,XBX 1353
MT,XBX 1354
MT,XBX 1355
MT,XBX 1361
MT,XBX 1362
MT,XBX 1363
MT,XBX 1364
MT,XBX 1381
MT,XBX 1382
MT,XBX 1391
MT,XBX 1392
MT,XBX 1393
MT,XBX 1394
MT,XBX 1395
MT,XBX 1396
MT,XBX 1400
MT,XBX 1401
MT,XBX 1402
MT,XBX 1403
MT,XBX 1405
MT,XBX 1406
MT,XBX 1407
MT,XBX 1410
MT,XBX 1412
MT,XBX 1420
MT,XBX 1421
MT,XBX 1422
MT,XBX 1423
MT,XBX 1424
MT,XBX 1425
MT,XBX 1427
MT,XBX 1430
MT,XBX 1431
MT,XBX 1432
MT,XBX 1433
MT,XBX 1435
MT,XBX 1436
MT,XBX 1437
MT,XBX 1439
MT,XBX 1452
MT,XBX 1453
MT,XBX 1470
MT,XBX 1471
MT,XBX 1473
MT,XBX 1530
MT,XBX 1531
MT,XJR 1010
MT,XJR 1020
MT,XJR 1021
MT,XJR 1022
MT,XJR 1023
MT,XJR 1024
MT,XJR 1025
MT,XJR 1026
MT,XJR 1027
MT,XJR 1030
MT,XJR 1031
MT,XJR 1040
MT,XJR 1052
MT,XJR 1060
MT,XJR 1061
MT,XJR 1070
MT,XJR 1071
MT,XJR 1072
MT,XJR 1073
MT,XJR 1080
MT,XJR 1081
MT,XJR 1082
MT,XJR 1083
MT,XJR 1084
MT,XJR 1085
MT,XJR 1100
MT,XJR 1101
MT,XJR 1110
MT,XJR 1111
MT,XJR 1112
MT,XJR 1113
MT,XJR 1121
MT,XJR 1123
MT,XJR 1124
MT,XJR 1125
MT,XJR 1126
MT,XJR 1127
MT,XJR 1130
MT,XJR 1131
MT,XJR 1132
MT,XJR 1133
MT,XJR 1141
MT,XJR 1150
MT,XJR 1200
MT,XJR 1201
MT,XJR 1202
MT,XJR 1203
MT,XJR 1204
MT,XJR 1205
MT,XJR 1206
MT,XJR 1207
MT,XJR 1210
MT,XJR 1211
MT,XJR 1212
MT,XJR 1220
MT,XJR 1230
MT,XJR 1231
MT,XJR 1241
MT,XJR 1251
MT,XJR 1260
MT,XJR 1261
MT,XJR 1270
MT,XJR 1271
MT,XJR 1280
MT,XJR 1281
MT,XJR 1291
MT,XJR 1300
MT,XJR 1301
MT,XJR 1302
MT,XJR 1303
MT,XJR 1306
MT,XJR 1307
MT,XJR 1308
MT,XJR 1309
MT,XJR 1310
MT,XJR 1312
MT,XJR 1314
MT,XJR 1320
MT,XJR 1322
MT,XJR 1331
MT,XJR 1340
MT,XJR 1341
MT,XJR 1360
MT,XJR 1362
MT,XJR 1363
MT,XJR 1371
MT,XJR 1380
MT,XJR 1381
MT,XJR 1402
MT,XJR 1403
MT,XJR 1404
MT,XJR 1405
MT,XJR 1410
MT,XJR 1412
MT,XJR 1420
MT,XJR 1432
MT,XJR 1434
MT,XJR 1441
MT,XJR 1450
MT,XJR 1451
MT,XJR 1831
MT,XJR 1833
MT,XJR 1861
MT,XJR 1865
MT,XJR 2390
MT,XLN 1010
MT,XLN 1011
MT,XLN 1020
MT,XLN 1021
MT,XLN 1030
MT,XLN 1031
MT,XLN 1040
MT,XLN 1041
MT,XLN 1050
MT,XLN 1051
MT,XLN 1060
MT,XLN 1061
MT,XLN 1070
MT,XLN 1071
MT,XLN 1080
MT,XLN 1081
MT,XLN 1082
MT,XLN 1083
MT,XLN 1100
MT,XLN 1101
MT,XLN 1103
MT,XLN 1110
MT,XLN 1111
MT,XLN 1120
MT,XLN 1121
MT,XLN 1150
MT,XLN 1210
MT,XLN 1300
MT,XLN 1301
MT,XLN 1302
MT,XLN 1303
MT,XLN 1310
MT,XLN 1320
MT,XLN 1321
MT,XLN 1330
MT,XLN 1400
MT,XLN 1401
MT,XLN 1402
MT,XLN 1403
MT,XLN 1404
MT,XLN 1410
MT,XLN 1411
MT,XLN 1412
MT,XLN 1420
MT,XLN 1421
MT,XLN 1430
MT,XLN 1431
MT,XLN 1450
MT,XLN 1451
MT,XLN 9040
MT,XRA 1000
MT,XRA 1010
MT,XRA 1011
MT,XRA 1012
MT,XRA 1020
MT,XRA 1021
MT,XRA 1030
MT,XRA 1031
MT,XRA 1032
MT,XRA 1033
MT,XRA 1034
MT,XRA 1035
MT,XRA 1040
MT,XRA 1041
MT,XRA 1100
MT,XRA 1103
MT,XRA 1110
MT,XRA 1111
MT,XRA 1112
MT,XRA 1113
MT,XRA 1114
MT,XRA 1115
MT,XRA 1116
MT,XRA 1117
MT,XRA 1118
MT,XRA 1140
MT,XRA 1141
MT,XRA 1142
MT,XRA 1160
MT,XRA 1161
MT,XRA 1162
MT,XRA 1163
MT,XRA 1164
MT,XRA 1165
MT,XRA 1200
MT,XRA 1201
MT,XRA 1202
MT,XRA 1203
MT,XRA 1204
MT,XRA 1205
MT,XRA 1206
MT,XRA 1210
MT,XRA 1220
MT,XRA 1230
MT,XRA 1232
MT,XRA 1233
MT,XRA 1234
MT,XRA 1235
MT,XRA 1236
MT,XRA 1237
MT,XRA 1238
MT,XRA 1239
MT,XRA 1240
MT,XRA 1250
MT,XRA 1251
MT,XRA 1271
MT,XRA 1300
MT,XRA 1301
MT,XRA 1310
MT,XRA 1311
MT,XRA 1313
MT,XRA 1314
MT,XRA 1315
MT,XRA 1320
MT,XRA 1322
MT,XRA 1330
MT,XRA 1346
MT,XRA 1347
MT,XRA 1348
MT,XRA 1349
MT,XRA 1400
MT,XRA 1401
MT,XRA 1402
MT,XRA 1403
MT,XRA 1406
MT,XRA 1407
MT,XRA 1410
MT,XRA 1411
MT,XRA 1520
MT,XRA 1521
MT,XRA 1522
MT,XRA 1523
MT,XRA 1524
MT,XRA 1525
MT,XRA 1527
MT,XRA 1528
MT,XRA 1529
MT,XRA 1602
MT,XRA 1603
MT,XRA 1604
MT,XRA 1605
MT,XRA 1610
MT,XRA 1611
MT,XRA 1612
MT,XRA 1622
MT,XRA 1623
MT,XRA 1651
MT,XRA 1652
MT,XRA 1653
MT,XRA 1660
MT,XRA 1661
MT,XRA 1662
MT,XRA 1663
MT,XRA 1702
MT,XRA 1703
MT,XRA 1704
MT,XRA 1705
MT,XRA 1706
MT,XRA 1707
MT,XRA 1708
MT,XRA 1709
MT,XRA 1710
MT,XRA 1711
MT,XRA 1712
MT,XRA 1713
MT,XRA 1715
MT,XRA 1720
MT,XRA 1721
MT,XRA 1751
MT,XRA 1753
MT,XRA 1800
MT,XRA 1801
MT,XRA 1802
MT,XRA 1803
MT,XRA 1804
MT,XRA 1805
MT,XRA 1806
MT,XRA 1807
MT,XRA 1808
MT,XRA 1809
MT,XRA 1810
MT,XRA 1812
MT,XRA 1813
MT,XRA 1814
MT,XRA 1815
MT,XRA 1816
MT,XRA 1820
MT,XRA 1821
MT,XRA 1822
MT,XRA 1823
MT,XRA 1824
MT,XRA 1880
MT,XRA 1881
MT,XRA 2010
MT,XRA 2011
MT,XRA 2012
MT,XRA 2013
MT,XRA 2014
MT,XRA 2015
MT,XRA 2016
MT,XRA 2017
MT,XRA 2018
MT,XRA 2019
MT,XRA 2020
MT,XRA 2021
MT,XRA 2030
MT,XRA 2031
MT,XRA 2040
MT,XRA 2041
MT,XRA 2042
MT,XRA 2043
MT,XRA 2044
MT,XRA 2050
MT,XRA 2051
MT,XRA 2052
MT,XRA 2053
MT,XRA 2054
MT,XRA 2055
MT,XRA 2060
MT,XRA 2061
MT,XRA 2080
MT,XRA 2081
MT,XRA 2082
MT,XRA 2083
MT,XRA 2084
MT,XRA 2085
MT,XRA 2100
MT,XRA 2101
MT,XRA 2102
MT,XRA 2103
MT,XRA 2110
MT,XRA 2111
MT,XRA 2112
MT,XRA 2113
MT,XRA 2120
MT,XRA 2130
MT,XRA 2131
MT,XRA 2132
MT,XRA 2133
MT,XRA 2140
MT,XRA 2141
MT,XRA 2144
MT,XRA 2145
MT,XRA 2147
MT,XRA 2151
MT,XRA 2153
MT,XRA 2155
MT,XRA 2160
MT,XRA 2161
MT,XRA 2162
MT,XRA 2170
MT,XRA 2171
MT,XRA 2172
MT,XRA 2173
MT,XRA 2174
MT,XRA 2175
MT,XRA 2190
MT,XRA 2191
MT,XRA 2192
MT,XRA 2193
MT,XRA 2200
MT,XRA 2201
MT,XRA 2202
MT,XRA 2203
MT,XRA 2204
MT,XRA 2205
MT,XRA 2206
MT,XRA 2207
MT,XRA 2220
MT,XRA 2221
MT,XRA 2222
MT,XRA 2223
MT,XRA 2230
MT,XRA 2231
MT,XRA 2233
MT,XRA 2234
MT,XRA 2235
MT,XRA 2236
MT,XRA 2240
MT,XRA 2241
MT,XRA 2242
MT,XRA 2243
MT,XRA 2244
MT,XRA 2245
MT,XRA 2260
MT,XRA 2261
MT,XRA 2262
MT,XRA 2264
MT,XRA 2266
MT,XRA 2267
MT,XRA 2268
MT,XRA 2269
MT,XRA 2400
MT,XRA 2401
MT,XRA 2402
MT,XRA 2403
MT,XRA 2404
MT,XRA 2405
MT,XRA 2406
MT,XRA 2407
MT,XRA 2420
MT,XRA 2421
MT,XRA 2430
MT,XRA 2431
MT,XRA 2432
MT,XRA 2433
MT,XRA 2434
MT,XRA 2435
MT,XRA 2436
MT,XRA 2437
MT,XRA 2470
MT,XRA 2471
MT,XRA 2472
MT,XRA 2473
MT,XRA 2490
MT,XRA 2500
MT,XRA 2501
MT,XRA 2502
MT,XRA 2503
MT,XRA 2504
MT,XRA 2505
MT,XRA 2506
MT,XRA 2507
MT,XRA 2510
MT,XRA 2511
MT,XRA 2520
MT,XRA 2530
MT,XRA 2531
MT,XRA 2532
MT,XRA 2533
MT,XRA 2540
MT,XRA 2541
MT,XRA 2542
MT,XRA 2543
MT,XRA 2550
MT,XRA 2552
MT,XRA 2561
MT,XRA 2570
MT,XRA 2580
MT,XRA 2581
MT,XRA 2591
MT,XRA 2593
MT,XRA 2600
MT,XRA 2601
MT,XRA 2602
MT,XRA 2603
MT,XRA 2604
MT,XRA 2605
MT,XRA 2610
MT,XRA 2622
MT,XRA 2623
MT,XRA 2630
MT,XRA 2631
MT,XRA 2632
MT,XRA 2633
MT,XRA 2640
MT,XRA 2641
MT,XRA 2642
MT,XRA 2643
MT,XRA 2650
MT,XRA 2651
MT,XRA 2652
MT,XRA 2653
MT,XRA 2660
MT,XRA 2662
MT,XRA 2672
MT,XRA 2680
MT,XRA 2681
MT,XRA 2683
MT,XRA 2690
MT,XRA 2691
MT,XRA 2693
MT,XRA 2694
MT,XRA 2695
MT,XRA 2700
MT,XRA 2701
MT,XRA 2702
MT,XRA 2703
MT,XRA 2704
MT,XRA 2705
MT,XRA 2706
MT,XRA 2707
MT,XRA 2708
MT,XRA 2709
MT,XRA 2770
MT,XRA 2771
MT,XRA 9010
MT,XRA 9011
MT,XRA 9020
MT,XRA 9021
MT,XRA 9022
MT,XRA 9023
MT,XRA 9024
MT,XRA 9025
MT,XRA 9026
MT,XRA 9031
MT,XWK 1010
MT,XWK 1011
MT,XWK 1012
MT,XWK 1013
MT,XWK 1014
MT,XWK 1015
MT,XWK 1020
MT,XWK 1021
MT,XWK 1022
MT,XWK 1023
MT,XWK 1024
MT,XWK 1025
MT,XWK 1026
MT,XWK 1027
MT,XWK 1028
MT,XWK 1029
MT,XWK 1041
MT,XWK 1043
MT,XWK 1060
MT,XWK 1061
MT,XWK 1062
MT,XWK 1064
MT,XWK 1065
MT,XWK 1100
MT,XWK 1101
MT,XWK 1102
MT,XWK 1103
MT,XWK 1104
MT,XWK 1105
MT,XWK 1107
MT,XWK 1110
MT,XWK 1111
MT,XWK 1112
MT,XWK 1113
MT,XWK 1114
MT,XWK 1115
MT,XWK 1116
MT,XWK 1117
MT,XWK 1118
MT,XWK 1119
MT,XWK 1120
MT,XWK 1121
MT,XWK 1131
MT,XWK 1133
MT,XWK 1134
MT,XWK 1135
MT,XWK 1136
MT,XWK 1141
MT,XWK 1142
MT,XWK 1144
MT,XWK 1145
MT,XWK 1150
MT,XWK 1160
MT,XWK 1190
MT,XWK 1191
MT,XWK 1201
MT,XWK 1211
MT,XWK 1213
MT,XWK 1215
MT,XWK 1220
MT,XWK 1221
MT,XWK 1223
MT,XWK 1224
MT,XWK 1225
MT,XWK 1230
MT,XWK 1231
MT,XWK 1232
MT,XWK 1233
MT,XWK 1234
MT,XWK 1235
MT,XWK 1240
MT,XWK 1241
MT,XWK 1250
MT,XWK 1252
MT,XWK 1253
MT,XWK 1261
MT,XWK 1320
MT,XWK 1321
MT,XWK 1322
MT,XWK 1330
MT,XWK 1331
MT,XWK 1332
MT,XWK 1333
MT,XWK 1334
MT,XWK 1700
MT,XWK 1701
MT,XWK 1702
MT,XWK 1703
MT,XWK 1704
MT,XWK 1705
MT,XWK 1706
MT,XWK 1712
MT,XWK 1713
MT,XWK 1714
MT,XWK 1715
MT,XWK 1800
MT,XWK 1801
MT,XWK 1803
MT,XWK 1810
MT,XWK 1811
MT,XWK 1812
MT,XWK 1813
MT,XWK 1820
MT,XWK 1821
MT,XWK 1822
MT,XWK 1823
MT,XWK 1830
MT,XWK 1831
MT,XWK 1832
MT,XWK 1833
MT,XWK 1840
MT,XWK 1841
MT,XWK 1842
MT,XWK 1843
MT,XWK 1850
MT,XWK 1851
MT,XWK 1852
MT,XWK 1853
MT,XWK 1860
MT,XWK 1862
MT,XWK 1871
MT,XWK 1872
MT,XWK 1873
MT,XWK 1874
MT,XWK 1875
MT,XWK 1876
MT,XWK 1900
MT,XWK 2010
MT,XWK 2011
MT,XWK 2012
MT,XWK 2013
MT,XWK 2014
MT,XWK 2015
MT,XWK 2016
MT,XWK 2017
MT,XWK 2020
MT,XWK 2021
MT,XWK 2030
MT,XWK 2031
MT,XWK 2032
MT,XWK 2033
MT,XWK 2034
MT,XWK 2035
MT,XWK 2036
MT,XWK 2037
MT,XWK 2038
MT,XWK 2039
MT,XWK 2040
MT,XWK 2050
MT,XWK 2060
MT,XWK 2061
MT,XWK 2070
MT,XWK 2071
MT,XWK 2080
MT,XWK 2081
MT,XWK 2100
MT,XWK 2101
MT,XWK 2102
MT,XWK 2103
MT,XWK 2104
MT,XWK 2105
MT,XWK 2106
MT,XWK 2110
MT,XWK 2111
MT,XWK 2113
MT,XWK 2120
MT,XWK 2121
MT,XWK 2122
MT,XWK 2123
MT,XWK 2124
MT,XWK 2125
MT,XWK 2126
MT,XWK 2130
MT,XWK 2131
MT,XWK 2133
MT,XWK 2141
MT,XWK 2150
MT,XWK 2152
MT,XWK 2153
MT,XWK 2200
MT,XWK 2201
MT,XWK 2202
MT,XWK 2203
MT,XWK 2210
MT,XWK 2211
MT,XWK 2212
MT,XWK 2213
MT,XWK 2214
MT,XWK 2215
MT,XWK 2216
MT,XWK 2217
MT,XWK 2218
MT,XWK 2219
MT,XWK 2220
MT,XWK 2221
MT,XWK 2222
MT,XWK 2223
MT,XWK 2230
MT,XWK 2231
MT,XWK 2232
MT,XWK 2233
MT,XWK 2234
MT,XWK 2235
MT,XWK 2236
MT,XWK 2237
MT,XWK 2240
MT,XWK 2241
MT,XWK 2242
MT,XWK 2243
MT,XWK 2250
MT,XWK 2251
MT,XWK 2252
MT,XWK 2253
MT,XWK 2270
MT,XWK 2271
MT,XWK 2272
MT,XWK 2273
MT,XWK 2274
MT,XWK 2275
MT,XWK 2276
MT,XWK 2300
MT,XWK 2301
MT,XWK 2310
MT,XWK 2311
MT,XWK 2312
MT,XWK 2314
MT,XWK 2315
MT,XWK 2320
MT,XWK 2321
MT,XWK 2330
MT,XWK 2331
MT,XWK 2332
MT,XWK 2333
MT,XWK 2334
MT,XWK 2341
MT,XWK 2342
MT,XWK 2353
MT,XWK 2360
MT,XWK 2361
MT,XWK 2362
MT,XWK 2363
MT,XWK 2364
MT,XWK 2365
MT,XWK 2402
MT,XWK 2403
MT,XWK 2404
MT,XWK 2405
MT,XWK 2406
MT,XWK 2407
MT,XWK 2408
MT,XWK 2409
MT,XWK 2410
MT,XWK 2420
MT,XWK 2421
MT,XWK 2422
MT,XWK 2423
MT,XWK 2430
MT,XWK 2431
MT,XWK 2432
MT,XWK 2433
MT,XWK 2434
MT,XWK 2435
MT,XWK 2436
MT,XWK 2437
MT,XWK 2440
MT,XWK 2441
MT,XWK 2442
MT,XWK 2443
MT,XWK 2461
MT,XWK 2462
MT,XWK 2463
MT,XWK 2470
MT,XWK 2471
MT,XWK 2472
MT,XWK 2473
MT,XWK 2474
MT,XWK 2475
MT,XWK 2476
MT,XWK 2477
MT,XWK 2500
MT,XWK 2501
MT,XWK 2502
MT,XWK 2503
MT,XWK 2504
MT,XWK 2505
MT,XWK 2510
MT,XWK 2511
MT,XWK 2520
MT,XWK 2521
MT,XWK 2522
MT,XWK 2523
MT,XWK 2524
MT,XWK 2525
MT,XWK 2526
MT,XWK 2530
MT,XWK 2531
MT,XWK 2532
MT,XWK 2533
MT,XWK 2534
MT,XWK 2535
MT,XWK 2536
MT,XWK 2537
MT,XWK 2538
MT,XWK 2539
MT,XWK 2540
MT,XWK 2541
MT,XWK 2542
MT,XWK 2543
MT,XWK 2550
MT,XWK 2551
MT,XWK 2552
MT,XWK 2553
MT,XWK 2556
MT,XWK 2557
MT,XWK 2560
MT,XWK 2561
MT,XWK 2563
MT,XWK 2570
MT,XWK 2571
MT,XWK 2572
MT,XWK 2573
MT,XWK 2580
MT,XWK 2583
MT,XWK 2584
MT,XWK 2585
MT,XWK 2590
MT,XWK 2600
MT,XWK 2601
MT,XWK 2610
MT,XWK 2611
MT,XWK 2612
MT,XWK 2613
MT,XWK 2614
MT,XWK 2615
MT,XWK 2616
MT,XWK 2617
MT,XWK 2620
MT,XWK 2621
MT,XWK 2622
MT,XWK 2623
MT,XWK 2624
MT,XWK 2626
MT,XWK 2630
MT,XWK 2631
MT,XWK 2633
MT,XWK 2640
MT,XWK 2650
MT,XWK 2651
MT,XWK 2661
MT,XWK 2810
MT,XWK 2902
MT,XWK 2903
MT,XWK 2905
MT,XWK 2906
MT,XWK 2910
MT,XWK 2911
MT,XWK 2920
MT,XWK 2924
MT,XWK 2925
MT,XWK 2926
MT,XWK 2927
MT,XWK 2930
MT,XWK 3000
MT,XWK 9010
MT,XWK 9011
MT,XWK 9012
MT,XWK 9013
MT,XWK 9014
MT,XWK 9015
MT,XWK 9016
MT,XWK 9017
MT,XWK 9020
MT,XWK 9021
MT,XWK 9030
MT,XWK 9031
MT,XWK 9032
MT,XWK 9033
MT,XWK 9034
MT,XWK 9035
MT,XWK 9036
MT,XWK 9037
MT,XWK 9038
MT,XWK 9039
MT,XWK 9041
MT,XWK 9061
MT,XWK 9062
MT,XWK 9063
MT,XWK 9064
MT,XWK 9066
MT,XWK 9073
MT,XWK 9082
MT,ZBB 1010
MT,ZBB 1011
MT,ZBB 1012
MT,ZBB 1013
MT,ZBB 1015
MT,ZBB 1020
MT,ZBB 1021
MT,ZBB 1023
MT,ZBB 1024
MT,ZBB 1025
MT,ZBB 1042
MT,ZBB 1044
MT,ZBB 1050
MT,ZBB 1051
MT,ZBB 1071
MT,ZBB 1090
MT,ZBB 1091
MT,ZBB 1092
MT,ZBB 1093
MT,ZBB 1094
MT,ZBB 1095
MT,ZBB 1096
MT,ZBB 1100
MT,ZBB 1101
MT,ZBB 1110
MT,ZBB 1111
MT,ZBB 1120
MT,ZBB 1121
MT,ZBB 1140
MT,ZBB 1142
MT,ZBB 1143
MT,ZBB 1144
MT,ZBB 1145
MT,ZBB 1160
MT,ZBB 1161
MT,ZBB 1162
MT,ZBB 1163
MT,ZBB 1164
MT,ZBB 1165
MT,ZBB 1200
MT,ZBB 1201
MT,ZBB 1202
MT,ZBB 1204
MT,ZBB 1209
MT,ZBB 1212
MT,ZBB 1213
MT,ZBB 1240
MT,ZBB 1241
MT,ZBB 1242
MT,ZBB 1300
MT,ZBB 1301
MT,ZBB 1302
MT,ZBB 1304
MT,ZBB 1305
MT,ZBB 1306
MT,ZBB 1307
MT,ZBB 1309
MT,ZBB 1320
MT,ZBB 1321
MT,ZBB 1322
MT,ZBB 1323
MT,ZBB 1324
MT,ZBB 1325
MT,ZBB 1326
MT,ZBB 1327
MT,ZBB 1328
MT,ZBB 1329
MT,ZBB 1341
MT,ZBB 1351
MT,ZBB 1360
MT,ZBB 1362
MT,ZBB 1370
MT,ZBB 1371
MT,ZBB 1382
MT,ZBB 1383
MT,ZBB 1400
MT,ZBB 1401
MT,ZBB 1420
MT,ZBB 1421
MT,ZBB 1422
MT,ZBB 1423
MT,ZBB 1430
MT,ZBB 1431
MT,ZBB 1450
MT,ZBB 1451
MT,ZBB 1452
MT,ZBB 1500
MT,ZBB 1501
MT,ZBB 1502
MT,ZBB 1503
MT,ZBB 1504
MT,ZBB 1505
MT,ZBB 1506
MT,ZBB 1507
MT,ZBB 1508
MT,ZBB 1509
MT,ZBB 1510
MT,ZBB 1511
MT,ZBB 1521
MT,ZBB 1530
MT,ZBB 1560
MT,ZBB 1561
MT,ZBB 9010
MT,ZBB 9030
MT,ZBG 1000
MT,ZBG 1010
MT,ZBG 1011
MT,ZBG 1040
MT,ZBG 1041
MT,ZBG 1050
MT,ZBG 1051
MT,ZBG 1052
MT,ZBG 1053
MT,ZBG 1054
MT,ZBG 1055
MT,ZBG 1056
MT,ZBG 1057
MT,ZBG 1058
MT,ZBG 1059
MT,ZBG 1060
MT,ZBG 1070
MT,ZBG 1100
MT,ZBG 1101
MT,ZBG 1110
MT,ZBG 1111
MT,ZBG 1112
MT,ZBG 1113
MT,ZBG 1120
MT,ZBG 1121
MT,ZBG 1130
MT,ZBG 1131
MT,ZBG 1132
MT,ZBG 1133
MT,ZBG 1141
MT,ZBG 1151
MT,ZBG 1152
MT,ZBG 1153
MT,ZBG 1160
MT,ZBG 1161
MT,ZBG 1162
MT,ZBG 1163
MT,ZBG 1164
MT,ZBG 1165
MT,ZBG 1166
MT,ZBG 1167
MT,ZBG 1168
MT,ZBG 1169
MT,ZBG 1170
MT,ZBG 1171
MT,ZBG 1180
MT,ZBG 1181
MT,ZBG 1182
MT,ZBG 1183
MT,ZBG 1184
MT,ZBG 1185
MT,ZBG 1200
MT,ZBG 1201
MT,ZBG 1202
MT,ZBG 1203
MT,ZBG 1210
MT,ZBG 1211
MT,ZBG 1212
MT,ZBG 1213
MT,ZBG 1220
MT,ZBG 1221
MT,ZBG 1243
MT,ZBG 1245
MT,ZBG 1247
MT,ZBG 1250
MT,ZBG 1251
MT,ZBG 1260
MT,ZBG 1261
MT,ZBG 1270
MT,ZBG 1271
MT,ZBG 1280
MT,ZBG 1281
MT,ZBG 1295
MT,ZBG 1300
MT,ZBG 1301
MT,ZBG 1302
MT,ZBG 1303
MT,ZBG 1304
MT,ZBG 1305
MT,ZBG 1306
MT,ZBG 1307
MT,ZBG 1308
MT,ZBG 1309
MT,ZBG 1310
MT,ZBG 1311
MT,ZBG 1321
MT,ZBG 1330
MT,ZBG 1331
MT,ZBG 1340
MT,ZBG 1341
MT,ZBG 1350
MT,ZBG 1361
MT,ZBG 1370
MT,ZBG 1371
MT,ZBG 1380
MT,ZBG 1381
MT,ZBG 1391
MT,ZBG 1400
MT,ZBG 1401
MT,ZBG 1410
MT,ZBG 1411
MT,ZBG 1420
MT,ZBG 1421
MT,ZBG 1422
MT,ZBG 1423
MT,ZBG 1430
MT,ZBG 1431
MT,ZBG 1432
MT,ZBG 1433
MT,ZBG 1440
MT,ZBG 1441
MT,ZBG 1442
MT,ZBG 1443
MT,ZBG 1444
MT,ZBG 1445
MT,ZBG 1450
MT,ZBG 1451
MT,ZBG 1461
MT,ZBG 1470
MT,ZBG 1471
MT,ZBG 1480
MT,ZBG 1481
MT,ZBG 1482
MT,ZBG 1483
MT,ZBG 1490
MT,ZBG 1491
MT,ZBG 1492
MT,ZBG 1493
MT,ZBG 1500
MT,ZBG 1501
MT,ZBG 1510
MT,ZBG 1511
MT,ZBG 1512
MT,ZBG 1513
MT,ZBG 1520
MT,ZBG 1521
MT,ZBG 1522
MT,ZBG 1523
MT,ZBG 1530
MT,ZBG 1540
MT,ZBG 1541
MT,ZBG 1542
MT,ZBG 1543
MT,ZBG 1544
MT,ZBG 1545
MT,ZBG 1550
MT,ZBG 1551
MT,ZBG 1560
MT,ZBG 1561
MT,ZBG 1562
MT,ZBG 1563
MT,ZBG 1564
MT,ZBG 1565
MT,ZBG 1567
MT,ZBG 1570
MT,ZBG 1571
MT,ZBG 1580
MT,ZBG 1581
MT,ZBG 1590
MT,ZBG 1600
MT,ZBG 1601
MT,ZBG 1602
MT,ZBG 1603
MT,ZBG 1604
MT,ZBG 1605
MT,ZBG 1606
MT,ZBG 1607
MT,ZBG 1608
MT,ZBG 1609
MT,ZBG 1610
MT,ZBG 1611
MT,ZBG 1620
MT,ZBG 1621
MT,ZBG 1630
MT,ZBG 1640
MT,ZBG 1641
MT,ZBG 1650
MT,ZBG 1651
MT,ZBG 1652
MT,ZBG 1653
MT,ZBG 1660
MT,ZBG 1670
MT,ZBG 1671
MT,ZBG 1672
MT,ZBG 1673
MT,ZBG 1680
MT,ZBG 1700
MT,ZBG 1701
MT,ZBG 1721
MT,ZBG 1722
MT,ZBG 1723
MT,ZBG 1740
MT,ZBG 1741
MT,ZBG 1742
MT,ZBG 1743
MT,ZBG 1750
MT,ZBG 1751
MT,ZBG 1752
MT,ZBG 1753
MT,ZBG 1754
MT,ZBG 1755
MT,ZBG 1760
MT,ZBG 1761
MT,ZBG 1762
MT,ZBG 1763
MT,ZBG 1770
MT,ZBG 1771
MT,ZBG 1780
MT,ZBG 1781
MT,ZBG 1800
MT,ZBG 1801
MT,ZBG 1802
MT,ZBG 1803
MT,ZBG 1804
MT,ZBG 1805
MT,ZBG 1807
MT,ZBG 1809
MT,ZBG 1810
MT,ZBG 1811
MT,ZBG 1820
MT,ZBG 1821
MT,ZBG 1831
MT,ZBG 1832
MT,ZBG 1850
MT,ZBG 1851
MT,ZBG 1860
MT,ZBG 1870
MT,ZBG 1871
MT,ZBG 1880
MT,ZBG 1890
MT,ZBG 1900
MT,ZBG 1901
MT,ZBG 1902
MT,ZBG 1903
MT,ZBG 1904
MT,ZBG 1905
MT,ZBG 1906
MT,ZBG 1907
MT,ZBG 1908
MT,ZBG 1909
MT,ZBG 1910
MT,ZBG 1911
MT,ZBG 1912
MT,ZBG 1913
MT,ZBG 1920
MT,ZBG 1921
MT,ZBG 1930
MT,ZBG 1931
MT,ZBG 1932
MT,ZBG 1933
MT,ZBG 1941
MT,ZBG 1950
MT,ZBG 1951
MT,ZBG 1960
MT,ZBG 1961
MT,ZBG 1962
MT,ZBG 1963
MT,ZBG 1964
MT,ZBG 1965
MT,ZBG 1970
MT,ZBG 1971
MT,ZBG 1980
MT,ZBG 1981
MT,ZBG 1990
MT,ZBG 1991
MT,ZBG 1993
MT,ZBG 2010
MT,ZBG 2011
MT,ZBG 2012
MT,ZBG 2013
MT,ZBG 2020
MT,ZBG 2021
MT,ZBG 2022
MT,ZBG 2023
MT,ZBG 2024
MT,ZBG 2025
MT,ZBG 2033
MT,ZBG 2034
MT,ZBG 2035
MT,ZBG 2036
MT,ZBG 2037
MT,ZBG 2040
MT,ZBG 2041
MT,ZBG 2042
MT,ZBG 2043
MT,ZBG 2050
MT,ZBG 2061
MT,ZBG 2063
MT,ZBG 2070
MT,ZBG 2071
MT,ZBG 2072
MT,ZBG 2073
MT,ZBG 2074
MT,ZBG 2075
MT,ZBG 2076
MT,ZBG 2077
MT,ZBG 2079
MT,ZBG 2081
MT,ZBG 2090
MT,ZBG 2100
MT,ZBG 2101
MT,ZBG 2102
MT,ZBG 2103
MT,ZBG 2110
MT,ZBG 2111
MT,ZBG 2112
MT,ZBG 2113
MT,ZBG 2114
MT,ZBG 2115
MT,ZBG 2116
MT,ZBG 2117
MT,ZBG 2118
MT,ZBG 2119
MT,ZBG 2121
MT,ZBG 2130
MT,ZBG 2131
MT,ZBG 2141
MT,ZBG 2150
MT,ZBG 2151
MT,ZBG 2152
MT,ZBG 2153
MT,ZBG 2154
MT,ZBG 2160
MT,ZBG 2161
MT,ZBG 2162
MT,ZBG 2163
MT,ZBG 2200
MT,ZBG 2201
MT,ZBG 2202
MT,ZBG 2203
MT,ZBG 2204
MT,ZBG 2205
MT,ZBG 2220
MT,ZBG 2221
MT,ZBG 2222
MT,ZBG 2223
MT,ZBG 2230
MT,ZBG 2232
MT,ZBG 2233
MT,ZBG 2234
MT,ZBG 2235
MT,ZBG 2236
MT,ZBG 2240
MT,ZBG 2241
MT,ZBG 2250
MT,ZBG 2251
MT,ZBG 2260
MT,ZBG 2261
MT,ZBG 2272
MT,ZBG 2273
MT,ZBG 2274
MT,ZBG 2275
MT,ZBG 2280
MT,ZBG 2281
MT,ZBG 2282
MT,ZBG 2283
MT,ZBG 2290
MT,ZBG 2291
MT,ZBG 2292
MT,ZBG 2293
MT,ZBG 2300
MT,ZBG 2301
MT,ZBG 2302
MT,ZBG 2303
MT,ZBG 2304
MT,ZBG 2305
MT,ZBG 2306
MT,ZBG 2307
MT,ZBG 2308
MT,ZBG 2309
MT,ZBG 2310
MT,ZBG 2311
MT,ZBG 2320
MT,ZBG 2321
MT,ZBG 2330
MT,ZBG 2331
MT,ZBG 2340
MT,ZBG 2341
MT,ZBG 2350
MT,ZBG 2360
MT,ZBG 2361
MT,ZBG 2371
MT,ZBG 2378
MT,ZBG 2380
MT,ZBG 2381
MT,ZBG 2382
MT,ZBG 2383
MT,ZBG 2390
MT,ZBG 2392
MT,ZBG 2400
MT,ZBG 2401
MT,ZBG 2402
MT,ZBG 2403
MT,ZBG 2404
MT,ZBG 2405
MT,ZBG 2406
MT,ZBG 2407
MT,ZBG 2408
MT,ZBG 2409
MT,ZBG 2410
MT,ZBG 2411
MT,ZBG 2412
MT,ZBG 2413
MT,ZBG 2414
MT,ZBG 2415
MT,ZBG 2418
MT,ZBG 2419
MT,ZBG 2420
MT,ZBG 2421
MT,ZBG 2422
MT,ZBG 2423
MT,ZBG 2430
MT,ZBG 2431
MT,ZBG 2433
MT,ZBG 2435
MT,ZBG 2440
MT,ZBG 2441
MT,ZBG 2442
MT,ZBG 2443
MT,ZBG 2450
MT,ZBG 2451
MT,ZBG 2460
MT,ZBG 2461
MT,ZBG 2463
MT,ZBG 2465
MT,ZBG 2466
MT,ZBG 2467
MT,ZBG 2470
MT,ZBG 2471
MT,ZBG 2480
MT,ZBG 2481
MT,ZBG 2490
MT,ZBG 2491
MT,ZBG 2492
MT,ZBG 2493
MT,ZBG 2494
MT,ZBG 2495
MT,ZBG 2496
MT,ZBG 2497
MT,ZBG 2500
MT,ZBG 2501
MT,ZBG 2502
MT,ZBG 2503
MT,ZBG 2504
MT,ZBG 2505
MT,ZBG 2506
MT,ZBG 2507
MT,ZBG 2508
MT,ZBG 2509
MT,ZBG 2510
MT,ZBG 2511
MT,ZBG 2520
MT,ZBG 2521
MT,ZBG 2522
MT,ZBG 2523
MT,ZBG 2524
MT,ZBG 2530
MT,ZBG 2531
MT,ZBG 2544
MT,ZBG 2546
MT,ZBG 2548
MT,ZBG 2550
MT,ZBG 2551
MT,ZBG 2552
MT,ZBG 2560
MT,ZBG 2561
MT,ZBG 2562
MT,ZBG 2570
MT,ZBG 2571
MT,ZBG 2580
MT,ZBG 2581
MT,ZBG 2590
MT,ZBG 2600
MT,ZBG 2601
MT,ZBG 2610
MT,ZBG 2611
MT,ZBG 2620
MT,ZBG 2621
MT,ZBG 2632
MT,ZBG 2634
MT,ZBG 2636
MT,ZBG 2641
MT,ZBG 2650
MT,ZBG 2651
MT,ZBG 2652
MT,ZBG 2653
MT,ZBG 2660
MT,ZBG 2661
MT,ZBG 2670
MT,ZBG 2671
MT,ZBG 2672
MT,ZBG 2682
MT,ZBG 2683
MT,ZBG 2710
MT,ZBG 2711
MT,ZBG 2712
MT,ZBG 2713
MT,ZBG 2714
MT,ZBG 2715
MT,ZBG 2730
MT,ZBG 2731
MT,ZBG 2732
MT,ZBG 2733
MT,ZBG 2734
MT,ZBG 2736
MT,ZBG 2763
MT,ZBG 2800
MT,ZBG 2801
MT,ZBG 2802
MT,ZBG 2803
MT,ZBG 2805
MT,ZBG 2810
MT,ZBG 2811
MT,ZBG 2812
MT,ZBG 2813
MT,ZBG 2820
MT,ZBG 2821
MT,ZBG 2830
MT,ZBG 2831
MT,ZBG 2832
MT,ZBG 2833
MT,ZBG 2840
MT,ZBG 2842
MT,ZBG 2843
MT,ZBG 2851
MT,ZBG 2853
MT,ZBG 2864
MT,ZBG 2870
MT,ZBG 2890
MT,ZBG 2902
MT,ZBG 2920
MT,ZBG 3010
MT,ZBG 3011
MT,ZBG 3020
MT,ZBG 3021
MT,ZBG 3022
MT,ZBG 3023
MT,ZBG 3024
MT,ZBG 3025
MT,ZBG 3030
MT,ZBG 3031
MT,ZBG 3032
MT,ZBG 3034
MT,ZBG 3035
MT,ZBG 3036
MT,ZBG 3037
MT,ZBG 3038
MT,ZBG 3042
MT,ZBG 3043
MT,ZBG 3044
MT,ZBG 3045
MT,ZBG 3046
MT,ZBG 3047
MT,ZBG 3051
MT,ZBG 3061
MT,ZBG 3062
MT,ZBG 3063
MT,ZBG 3064
MT,ZBG 3065
MT,ZBG 3066
MT,ZBG 3067
MT,ZBG 3069
MT,ZBG 3070
MT,ZBG 3071
MT,ZBG 3072
MT,ZBG 3073
MT,ZBG 3080
MT,ZBG 3081
MT,ZBG 3082
MT,ZBG 3083
MT,ZBG 3085
MT,ZBG 3090
MT,ZBG 3091
MT,ZBG 3092
MT,ZBG 3100
MT,ZBG 3101
MT,ZBG 3102
MT,ZBG 3103
MT,ZBG 3104
MT,ZBG 3105
MT,ZBG 3106
MT,ZBG 3107
MT,ZBG 3108
MT,ZBG 3109
MT,ZBG 3110
MT,ZBG 3120
MT,ZBG 3132
MT,ZBG 3140
MT,ZBG 3141
MT,ZBG 3142
MT,ZBG 3143
MT,ZBG 3151
MT,ZBG 3152
MT,ZBG 3153
MT,ZBG 3200
MT,ZBG 3201
MT,ZBG 3202
MT,ZBG 3203
MT,ZBG 3204
MT,ZBG 3205
MT,ZBG 3206
MT,ZBG 3207
MT,ZBG 3210
MT,ZBG 3211
MT,ZBG 3220
MT,ZBG 3221
MT,ZBG 3222
MT,ZBG 3223
MT,ZBG 3230
MT,ZBG 3231
MT,ZBG 3240
MT,ZBG 3241
MT,ZBG 3242
MT,ZBG 3243
MT,ZBG 3244
MT,ZBG 3245
MT,ZBG 3246
MT,ZBG 3247
MT,ZBG 3250
MT,ZBG 3251
MT,ZBG 3260
MT,ZBG 3261
MT,ZBG 3270
MT,ZBG 3271
MT,ZBG 3280
MT,ZBG 3281
MT,ZBG 3290
MT,ZBG 3291
MT,ZBG 3300
MT,ZBG 3301
MT,ZBG 3310
MT,ZBG 3311
MT,ZBG 3312
MT,ZBG 3313
MT,ZBG 3314
MT,ZBG 3315
MT,ZBG 3320
MT,ZBG 3321
MT,ZBG 3330
MT,ZBG 3331
MT,ZBG 3340
MT,ZBG 3350
MT,ZBG 3351
MT,ZBG 3360
MT,ZBG 3361
MT,ZBG 3362
MT,ZBG 3363
MT,ZBG 3364
MT,ZBG 3365
MT,ZBG 3370
MT,ZBG 3380
MT,ZBG 3381
MT,ZBG 3390
MT,ZBG 3391
MT,ZBG 3392
MT,ZBG 3400
MT,ZBG 3401
MT,ZBG 3402
MT,ZBG 3403
MT,ZBG 3404
MT,ZBG 3405
MT,ZBG 3406
MT,ZBG 3407
MT,ZBG 3410
MT,ZBG 3411
MT,ZBG 3420
MT,ZBG 3421
MT,ZBG 3430
MT,ZBG 3440
MT,ZBG 3450
MT,ZBG 3451
MT,ZBG 3452
MT,ZBG 3453
MT,ZBG 3460
MT,ZBG 3470
MT,ZBG 3480
MT,ZBG 3481
MT,ZBG 3490
MT,ZBG 3491
MT,ZBG 3500
MT,ZBG 3501
MT,ZBG 3502
MT,ZBG 3503
MT,ZBG 3504
MT,ZBG 3505
MT,ZBG 3510
MT,ZBG 3511
MT,ZBG 3520
MT,ZBG 3521
MT,ZBG 3522
MT,ZBG 3523
MT,ZBG 3524
MT,ZBG 3525
MT,ZBG 3526
MT,ZBG 3527
MT,ZBG 3528
MT,ZBG 3529
MT,ZBG 3531
MT,ZBG 3540
MT,ZBG 3550
MT,ZBG 3551
MT,ZBG 3560
MT,ZBG 3570
MT,ZBG 3571
MT,ZBG 3572
MT,ZBG 3573
MT,ZBG 3574
MT,ZBG 3580
MT,ZBG 3581
MT,ZBG 3590
MT,ZBG 3600
MT,ZBG 3601
MT,ZBG 3602
MT,ZBG 3603
MT,ZBG 3604
MT,ZBG 3605
MT,ZBG 3606
MT,ZBG 3607
MT,ZBG 3608
MT,ZBG 3609
MT,ZBG 3610
MT,ZBG 3611
MT,ZBG 3630
MT,ZBG 3641
MT,ZBG 3643
MT,ZBG 3654
MT,ZBG 3656
MT,ZBG 3658
MT,ZBG 3659
MT,ZBG 3660
MT,ZBG 3661
MT,ZBG 3680
MT,ZBG 3681
MT,ZBG 3682
MT,ZBG 3683
MT,ZBG 3711
MT,ZBG 3712
MT,ZBG 3713
MT,ZBG 3716
MT,ZBG 3720
MT,ZBG 3730
MT,ZBG 3740
MT,ZBG 3741
MT,ZBG 3750
MT,ZBG 3790
MT,ZBG 3800
MT,ZBG 3810
MT,ZBG 3820
MT,ZBG 3900
MT,ZBG 3901
MT,ZBG 3903
MT,ZBG 3910
MT,ZBG 3911
MT,ZBG 3920
MT,ZBG 3930
MT,ZBG 3950
MT,ZBG 3951
MT,ZBG 3971
MT,ZBG 3980
MT,ZBG 3981
MT,ZBG 3990
MT,ZBG 3991
MT,ZBG 4010
MT,ZBG 4011
MT,ZBG 4012
MT,ZBG 4013
MT,ZBG 4022
MT,ZBG 4023
MT,ZBG 4062
MT,ZBG 4063
MT,ZBG 4070
MT,ZBG 4100
MT,ZBG 4101
MT,ZBG 4103
MT,ZBG 4160
MT,ZBG 4170
MT,ZBG 4180
MT,ZBG 4181
MT,ZBG 4202
MT,ZBG 4211
MT,ZBG 4300
MT,ZBG 4302
MT,ZBG 4303
MT,ZBG 4350
MT,ZBG 4351
MT,ZBG 4500
MT,ZBG 4511
MT,ZBG 9010
MT,ZBG 9011
MT,ZBG 9012
MT,ZBG 9013
MT,ZBG 9014
MT,ZBG 9015
MT,ZBG 9016
MT,ZBG 9017
MT,ZBG 9018
MT,ZBG 9019
MT,ZBG 9031
MT,ZBG 9040
MT,ZBG 9041
MT,ZBG 9051
MT,ZBG 9070
MT,ZBR 1000
MT,ZBR 1010
MT,ZBR 1012
MT,ZBR 1013
MT,ZBR 1014
MT,ZBR 1015
MT,ZBR 1016
MT,ZBR 1017
MT,ZBR 1018
MT,ZBR 1019
MT,ZBR 1020
MT,ZBR 1021
MT,ZBR 1030
MT,ZBR 1031
MT,ZBR 1032
MT,ZBR 1033
MT,ZBR 1034
MT,ZBR 1035
MT,ZBR 1040
MT,ZBR 1041
MT,ZBR 1050
MT,ZBR 1051
MT,ZBR 1052
MT,ZBR 1053
MT,ZBR 1060
MT,ZBR 1061
MT,ZBR 1080
MT,ZBR 1081
MT,ZBR 1090
MT,ZBR 1100
MT,ZBR 1101
MT,ZBR 1102
MT,ZBR 1103
MT,ZBR 1110
MT,ZBR 1111
MT,ZBR 1120
MT,ZBR 1121
MT,ZBR 1130
MT,ZBR 1141
MT,ZBR 1150
MT,ZBR 1151
MT,ZBR 1160
MT,ZBR 1161
MT,ZBR 1162
MT,ZBR 1163
MT,ZBR 1170
MT,ZBR 1171
MT,ZBR 1172
MT,ZBR 1175
MT,ZBR 1176
MT,ZBR 1177
MT,ZBR 1178
MT,ZBR 1181
MT,ZBR 1182
MT,ZBR 1183
MT,ZBR 1184
MT,ZBR 1185
MT,ZBR 1190
MT,ZBR 1191
MT,ZBR 1200
MT,ZBR 1201
MT,ZBR 1202
MT,ZBR 1203
MT,ZBR 1204
MT,ZBR 1205
MT,ZBR 1206
MT,ZBR 1207
MT,ZBR 1208
MT,ZBR 1209
MT,ZBR 1210
MT,ZBR 1211
MT,ZBR 1220
MT,ZBR 1221
MT,ZBR 1230
MT,ZBR 1231
MT,ZBR 1241
MT,ZBR 1250
MT,ZBR 1251
MT,ZBR 1252
MT,ZBR 1253
MT,ZBR 1260
MT,ZBR 1261
MT,ZBR 1262
MT,ZBR 1263
MT,ZBR 1270
MT,ZBR 1271
MT,ZBR 1281
MT,ZBR 1290
MT,ZBR 1291
MT,ZBR 1292
MT,ZBR 1293
MT,ZBR 1300
MT,ZBR 1301
MT,ZBR 1302
MT,ZBR 1303
MT,ZBR 1304
MT,ZBR 1306
MT,ZBR 1307
MT,ZBR 1310
MT,ZBR 1311
MT,ZBR 1313
MT,ZBR 1321
MT,ZBR 1324
MT,ZBR 1325
MT,ZBR 1330
MT,ZBR 1340
MT,ZBR 1341
MT,ZBR 1342
MT,ZBR 1343
MT,ZBR 1344
MT,ZBR 1345
MT,ZBR 1347
MT,ZBR 1348
MT,ZBR 1349
MT,ZBR 1351
MT,ZBR 1352
MT,ZBR 1353
MT,ZBR 1354
MT,ZBR 1355
MT,ZBR 1356
MT,ZBR 1357
MT,ZBR 1358
MT,ZBR 1359
MT,ZBR 1360
MT,ZBR 1361
MT,ZBR 1362
MT,ZBR 1363
MT,ZBR 1364
MT,ZBR 1365
MT,ZBR 1366
MT,ZBR 1367
MT,ZBR 1368
MT,ZBR 1369
MT,ZBR 1370
MT,ZBR 1371
MT,ZBR 1372
MT,ZBR 1373
MT,ZBR 1374
MT,ZBR 1375
MT,ZBR 1376
MT,ZBR 1377
MT,ZBR 1378
MT,ZBR 1379
MT,ZBR 1380
MT,ZBR 1381
MT,ZBR 1382
MT,ZBR 1383
MT,ZBR 1390
MT,ZBR 1391
MT,ZBR 1392
MT,ZBR 1393
MT,ZBR 1395
MT,ZBR 1400
MT,ZBR 1401
MT,ZBR 1402
MT,ZBR 1403
MT,ZBR 1404
MT,ZBR 1406
MT,ZBR 1407
MT,ZBR 1408
MT,ZBR 1410
MT,ZBR 1411
MT,ZBR 1412
MT,ZBR 1413
MT,ZBR 1414
MT,ZBR 1415
MT,ZBR 1416
MT,ZBR 1417
MT,ZBR 1419
MT,ZBR 1420
MT,ZBR 1421
MT,ZBR 1422
MT,ZBR 1423
MT,ZBR 1424
MT,ZBR 1425
MT,ZBR 1426
MT,ZBR 1427
MT,ZBR 1428
MT,ZBR 1429
MT,ZBR 1430
MT,ZBR 1431
MT,ZBR 1432
MT,ZBR 1433
MT,ZBR 1440
MT,ZBR 1441
MT,ZBR 1450
MT,ZBR 1451
MT,ZBR 1452
MT,ZBR 1453
MT,ZBR 1454
MT,ZBR 1455
MT,ZBR 1456
MT,ZBR 1457
MT,ZBR 1460
MT,ZBR 1461
MT,ZBR 1462
MT,ZBR 1463
MT,ZBR 1464
MT,ZBR 1466
MT,ZBR 1467
MT,ZBR 1470
MT,ZBR 1471
MT,ZBR 1472
MT,ZBR 1473
MT,ZBR 1480
MT,ZBR 1481
MT,ZBR 1482
MT,ZBR 1483
MT,ZBR 1484
MT,ZBR 1485
MT,ZBR 1486
MT,ZBR 1487
MT,ZBR 1490
MT,ZBR 1491
MT,ZBR 1492
MT,ZBR 1493
MT,ZBR 1494
MT,ZBR 1495
MT,ZBR 1501
MT,ZBR 1502
MT,ZBR 1503
MT,ZBR 1504
MT,ZBR 1511
MT,ZBR 1512
MT,ZBR 1513
MT,ZBR 1514
MT,ZBR 1515
MT,ZBR 1520
MT,ZBR 1521
MT,ZBR 1530
MT,ZBR 1532
MT,ZBR 1533
MT,ZBR 1540
MT,ZBR 1541
MT,ZBR 1542
MT,ZBR 1543
MT,ZBR 1550
MT,ZBR 1551
MT,ZBR 1561
MT,ZBR 1562
MT,ZBR 1563
MT,ZBR 1570
MT,ZBR 1571
MT,ZBR 1572
MT,ZBR 1573
MT,ZBR 1574
MT,ZBR 1575
MT,ZBR 1580
MT,ZBR 1581
MT,ZBR 1582
MT,ZBR 1583
MT,ZBR 1585
MT,ZBR 1590
MT,ZBR 1591
MT,ZBR 1600
MT,ZBR 1601
MT,ZBR 1602
MT,ZBR 1603
MT,ZBR 1604
MT,ZBR 1605
MT,ZBR 1606
MT,ZBR 1607
MT,ZBR 1610
MT,ZBR 1611
MT,ZBR 1620
MT,ZBR 1621
MT,ZBR 1630
MT,ZBR 1631
MT,ZBR 1640
MT,ZBR 1641
MT,ZBR 1650
MT,ZBR 1651
MT,ZBR 1660
MT,ZBR 1661
MT,ZBR 1670
MT,ZBR 1671
MT,ZBR 1680
MT,ZBR 1681
MT,ZBR 1690
MT,ZBR 1691
MT,ZBR 1700
MT,ZBR 1701
MT,ZBR 1710
MT,ZBR 1711
MT,ZBR 1712
MT,ZBR 1713
MT,ZBR 1714
MT,ZBR 1715
MT,ZBR 1716
MT,ZBR 1717
MT,ZBR 1718
MT,ZBR 1719
MT,ZBR 1720
MT,ZBR 1721
MT,ZBR 1730
MT,ZBR 1731
MT,ZBR 1733
MT,ZBR 1740
MT,ZBR 1741
MT,ZBR 1750
MT,ZBR 1751
MT,ZBR 1760
MT,ZBR 1762
MT,ZBR 1763
MT,ZBR 1770
MT,ZBR 1771
MT,ZBR 1780
MT,ZBR 1781
MT,ZBR 1782
MT,ZBR 1783
MT,ZBR 1790
MT,ZBR 1791
MT,ZBR 1800
MT,ZBR 1801
MT,ZBR 1802
MT,ZBR 1803
MT,ZBR 1804
MT,ZBR 1805
MT,ZBR 1808
MT,ZBR 1809
MT,ZBR 1810
MT,ZBR 1820
MT,ZBR 1821
MT,ZBR 1822
MT,ZBR 1823
MT,ZBR 1830
MT,ZBR 1831
MT,ZBR 1832
MT,ZBR 1833
MT,ZBR 1834
MT,ZBR 1835
MT,ZBR 1836
MT,ZBR 1837
MT,ZBR 1840
MT,ZBR 1841
MT,ZBR 1842
MT,ZBR 1851
MT,ZBR 1853
MT,ZBR 1860
MT,ZBR 1861
MT,ZBR 1871
MT,ZBR 1881
MT,ZBR 1890
MT,ZBR 1900
MT,ZBR 1902
MT,ZBR 1903
MT,ZBR 1910
MT,ZBR 1911
MT,ZBR 1912
MT,ZBR 1913
MT,ZBR 1914
MT,ZBR 1915
MT,ZBR 1916
MT,ZBR 1917
MT,ZBR 1918
MT,ZBR 1919
MT,ZBR 1931
MT,ZBR 1933
MT,ZBR 1934
MT,ZBR 1950
MT,ZBR 1951
MT,ZBR 1952
MT,ZBR 1980
MT,ZBR 1981
MT,ZBR 1982
MT,ZBR 1983
MT,ZBR 1992
MT,ZBR 1993
MT,ZBR 1994
MT,ZBR 1995
MT,ZBR 2010
MT,ZBR 2011
MT,ZBR 2012
MT,ZBR 2013
MT,ZBR 2015
MT,ZBR 2030
MT,ZBR 2040
MT,ZBR 2041
MT,ZBR 2054
MT,ZBR 2056
MT,ZBR 2057
MT,ZBR 2058
MT,ZBR 2059
MT,ZBR 2061
MT,ZBR 2074
MT,ZBR 2080
MT,ZBR 2081
MT,ZBR 2100
MT,ZBR 2101
MT,ZBR 2102
MT,ZBR 2103
MT,ZBR 2104
MT,ZBR 2105
MT,ZBR 2107
MT,ZBR 2110
MT,ZBR 2111
MT,ZBR 2112
MT,ZBR 2113
MT,ZBR 2115
MT,ZBR 2116
MT,ZBR 2117
MT,ZBR 2118
MT,ZBR 2120
MT,ZBR 2121
MT,ZBR 2123
MT,ZBR 2130
MT,ZBR 2132
MT,ZBR 2133
MT,ZBR 2140
MT,ZBR 2201
MT,ZBR 2202
MT,ZBR 2204
MT,ZBR 2205
MT,ZBR 2206
MT,ZBR 2231
MT,ZBR 2240
MT,ZBR 2241
MT,ZBR 2243
MT,ZBR 2250
MT,ZBR 2251
MT,ZBR 2252
MT,ZBR 2253
MT,ZBR 2254
MT,ZBR 2255
MT,ZBR 2260
MT,ZBR 2261
MT,ZBR 2272
MT,ZBR 2273
MT,ZBR 2280
MT,ZBR 2281
MT,ZBR 2282
MT,ZBR 2283
MT,ZBR 2300
MT,ZBR 2301
MT,ZBR 2302
MT,ZBR 2303
MT,ZBR 2304
MT,ZBR 2305
MT,ZBR 2306
MT,ZBR 2307
MT,ZBR 2308
MT,ZBR 2309
MT,ZBR 2311
MT,ZBR 2320
MT,ZBR 2330
MT,ZBR 2380
MT,ZBR 2400
MT,ZBR 2500
MT,ZBR 2502
MT,ZBR 2503
MT,ZBR 2510
MT,ZBR 2512
MT,ZBR 2516
MT,ZBR 2517
MT,ZBR 2518
MT,ZBR 2519
MT,ZBR 2520
MT,ZBR 2521
MT,ZBR 2522
MT,ZBR 2523
MT,ZBR 2530
MT,ZBR 2531
MT,ZBR 2532
MT,ZBR 2533
MT,ZBR 2540
MT,ZBR 2542
MT,ZBR 2543
MT,ZBR 2550
MT,ZBR 2551
MT,ZBR 2552
MT,ZBR 2562
MT,ZBR 2563
MT,ZBR 2564
MT,ZBR 2565
MT,ZBR 2570
MT,ZBR 2571
MT,ZBR 2572
MT,ZBR 2573
MT,ZBR 2580
MT,ZBR 2581
MT,ZBR 2590
MT,ZBR 2600
MT,ZBR 2601
MT,ZBR 2602
MT,ZBR 2603
MT,ZBR 2604
MT,ZBR 2605
MT,ZBR 2606
MT,ZBR 2607
MT,ZBR 2608
MT,ZBR 2609
MT,ZBR 2610
MT,ZBR 2611
MT,ZBR 2620
MT,ZBR 2621
MT,ZBR 2630
MT,ZBR 2631
MT,ZBR 2640
MT,ZBR 2641
MT,ZBR 2650
MT,ZBR 2651
MT,ZBR 2661
MT,ZBR 2670
MT,ZBR 2671
MT,ZBR 2672
MT,ZBR 2673
MT,ZBR 2680
MT,ZBR 2681
MT,ZBR 2682
MT,ZBR 2690
MT,ZBR 2691
MT,ZBR 2700
MT,ZBR 2701
MT,ZBR 2702
MT,ZBR 2703
MT,ZBR 2704
MT,ZBR 2705
MT,ZBR 2706
MT,ZBR 2707
MT,ZBR 2710
MT,ZBR 2711
MT,ZBR 2720
MT,ZBR 2721
MT,ZBR 2722
MT,ZBR 2723
MT,ZBR 2724
MT,ZBR 2725
MT,ZBR 2726
MT,ZBR 2727
MT,ZBR 2728
MT,ZBR 2729
MT,ZBR 2730
MT,ZBR 2732
MT,ZBR 2733
MT,ZBR 2734
MT,ZBR 2735
MT,ZBR 2740
MT,ZBR 2750
MT,ZBR 2751
MT,ZBR 2752
MT,ZBR 2753
MT,ZBR 2780
MT,ZBR 2792
MT,ZBR 2794
MT,ZBR 2795
MT,ZBR 2797
MT,ZBR 2800
MT,ZBR 2801
MT,ZBR 2802
MT,ZBR 2803
MT,ZBR 2804
MT,ZBR 2805
MT,ZBR 2806
MT,ZBR 2807
MT,ZBR 2808
MT,ZBR 2809
MT,ZBR 2810
MT,ZBR 2811
MT,ZBR 2841
MT,ZBR 2843
MT,ZBR 2850
MT,ZBR 2851
MT,ZBR 2852
MT,ZBR 2853
MT,ZBR 2872
MT,ZBR 2873
MT,ZBR 2902
MT,ZBR 2910
MT,ZBR 2911
MT,ZBR 2912
MT,ZBR 2913
MT,ZBR 2921
MT,ZBR 2923
MT,ZBR 2925
MT,ZBR 2926
MT,ZBR 2930
MT,ZBR 2931
MT,ZBR 2940
MT,ZBR 2941
MT,ZBR 2950
MT,ZBR 2951
MT,ZBR 2952
MT,ZBR 2970
MT,ZBR 2981
MT,ZBR 2991
MT,ZBR 3010
MT,ZBR 3011
MT,ZBR 3012
MT,ZBR 3013
MT,ZBR 3014
MT,ZBR 3015
MT,ZBR 3016
MT,ZBR 3017
MT,ZBR 3018
MT,ZBR 3019
MT,ZBR 3020
MT,ZBR 3030
MT,ZBR 3031
MT,ZBR 3040
MT,ZBR 3041
MT,ZBR 3050
MT,ZBR 3051
MT,ZBR 3060
MT,ZBR 3061
MT,ZBR 3062
MT,ZBR 3063
MT,ZBR 3070
MT,ZBR 3071
MT,ZBR 3100
MT,ZBR 3101
MT,ZBR 3102
MT,ZBR 3103
MT,ZBR 3110
MT,ZBR 3111
MT,ZBR 3120
MT,ZBR 3121
MT,ZBR 3130
MT,ZBR 3131
MT,ZBR 3140
MT,ZBR 3141
MT,ZBR 3142
MT,ZBR 3143
MT,ZBR 3150
MT,ZBR 3151
MT,ZBR 3152
MT,ZBR 3153
MT,ZBR 3160
MT,ZBR 3161
MT,ZBR 3180
MT,ZBR 3181
MT,ZBR 3201
MT,ZBR 3203
MT,ZBR 3211
MT,ZBR 3212
MT,ZBR 3213
MT,ZBR 3216
MT,ZBR 3217
MT,ZBR 3220
MT,ZBR 3221
MT,ZBR 3230
MT,ZBR 3241
MT,ZBR 3250
MT,ZBR 3251
MT,ZBR 3252
MT,ZBR 3253
MT,ZBR 3254
MT,ZBR 3256
MT,ZBR 3257
MT,ZBR 3258
MT,ZBR 3259
MT,ZBR 3260
MT,ZBR 3261
MT,ZBR 3263
MT,ZBR 3271
MT,ZBR 3272
MT,ZBR 3273
MT,ZBR 3275
MT,ZBR 3291
MT,ZBR 3292
MT,ZBR 3293
MT,ZBR 3302
MT,ZBR 3303
MT,ZBR 3304
MT,ZBR 3305
MT,ZBR 3306
MT,ZBR 3307
MT,ZBR 3309
MT,ZBR 3310
MT,ZBR 3311
MT,ZBR 3320
MT,ZBR 3321
MT,ZBR 3322
MT,ZBR 3323
MT,ZBR 3324
MT,ZBR 3325
MT,ZBR 3326
MT,ZBR 3327
MT,ZBR 3328
MT,ZBR 3330
MT,ZBR 3331
MT,ZBR 3340
MT,ZBR 3350
MT,ZBR 3351
MT,ZBR 3360
MT,ZBR 3361
MT,ZBR 3362
MT,ZBR 3363
MT,ZBR 3370
MT,ZBR 3371
MT,ZBR 3372
MT,ZBR 3373
MT,ZBR 3374
MT,ZBR 3380
MT,ZBR 3381
MT,ZBR 3383
MT,ZBR 3391
MT,ZBR 3392
MT,ZBR 3394
MT,ZBR 3395
MT,ZBR 3400
MT,ZBR 3401
MT,ZBR 3402
MT,ZBR 3403
MT,ZBR 3404
MT,ZBR 3405
MT,ZBR 3406
MT,ZBR 3407
MT,ZBR 3408
MT,ZBR 3409
MT,ZBR 3412
MT,ZBR 3413
MT,ZBR 3414
MT,ZBR 3415
MT,ZBR 3416
MT,ZBR 3417
MT,ZBR 3420
MT,ZBR 3421
MT,ZBR 3422
MT,ZBR 3423
MT,ZBR 3431
MT,ZBR 3432
MT,ZBR 3433
MT,ZBR 3440
MT,ZBR 3441
MT,ZBR 3442
MT,ZBR 3443
MT,ZBR 3450
MT,ZBR 3451
MT,ZBR 3452
MT,ZBR 3453
MT,ZBR 3454
MT,ZBR 3455
MT,ZBR 3456
MT,ZBR 3457
MT,ZBR 3460
MT,ZBR 3461
MT,ZBR 3462
MT,ZBR 3463
MT,ZBR 3464
MT,ZBR 3465
MT,ZBR 3470
MT,ZBR 3471
MT,ZBR 3472
MT,ZBR 3474
MT,ZBR 3475
MT,ZBR 3476
MT,ZBR 3477
MT,ZBR 3479
MT,ZBR 3480
MT,ZBR 3481
MT,ZBR 3482
MT,ZBR 3483
MT,ZBR 3490
MT,ZBR 3491
MT,ZBR 3500
MT,ZBR 3510
MT,ZBR 3520
MT,ZBR 3530
MT,ZBR 3531
MT,ZBR 3540
MT,ZBR 3541
MT,ZBR 3550
MT,ZBR 3551
MT,ZBR 3552
MT,ZBR 3554
MT,ZBR 3556
MT,ZBR 3560
MT,ZBR 3570
MT,ZBR 3571
MT,ZBR 3580
MT,ZBR 3600
MT,ZBR 3601
MT,ZBR 3610
MT,ZBR 3611
MT,ZBR 3612
MT,ZBR 3614
MT,ZBR 3616
MT,ZBR 3620
MT,ZBR 3621
MT,ZBR 3631
MT,ZBR 3640
MT,ZBR 3641
MT,ZBR 3642
MT,ZBR 3648
MT,ZBR 3649
MT,ZBR 3701
MT,ZBR 3703
MT,ZBR 3711
MT,ZBR 3720
MT,ZBR 3722
MT,ZBR 3730
MT,ZBR 3731
MT,ZBR 3790
MT,ZBR 3791
MT,ZBR 3810
MT,ZBR 3850
MT,ZBR 3852
MT,ZBR 3900
MT,ZBR 4010
MT,ZBR 4100
MT,ZBR 4101
MT,ZBR 4102
MT,ZBR 4103
MT,ZBR 4104
MT,ZBR 4111
MT,ZBR 4115
MT,ZBR 4116
MT,ZBR 4120
MT,ZBR 4121
MT,ZBR 4122
MT,ZBR 4123
MT,ZBR 4124
MT,ZBR 4140
MT,ZBR 4142
MT,ZBR 4143
MT,ZBR 4144
MT,ZBR 4145
MT,ZBR 4160
MT,ZBR 4161
MT,ZBR 4163
MT,ZBR 4164
MT,ZBR 4165
MT,ZBR 4166
MT,ZBR 4167
MT,ZBR 4170
MT,ZBR 4171
MT,ZBR 4172
MT,ZBR 4173
MT,ZBR 4180
MT,ZBR 4181
MT,ZBR 4200
MT,ZBR 4201
MT,ZBR 4202
MT,ZBR 4203
MT,ZBR 4213
MT,ZBR 4214
MT,ZBR 4215
MT,ZBR 4219
MT,ZBR 4222
MT,ZBR 4223
MT,ZBR 4224
MT,ZBR 4230
MT,ZBR 4231
MT,ZBR 4232
MT,ZBR 4251
MT,ZBR 4253
MT,ZBR 4255
MT,ZBR 4257
MT,ZBR 4260
MT,ZBR 4261
MT,ZBR 4270
MT,ZBR 4271
MT,ZBR 4282
MT,ZBR 4290
MT,ZBR 4291
MT,ZBR 4300
MT,ZBR 4311
MT,ZBR 4320
MT,ZBR 4321
MT,ZBR 4343
MT,ZBR 4345
MT,ZBR 4350
MT,ZBR 4351
MT,ZBR 4352
MT,ZBR 4353
MT,ZBR 4355
MT,ZBR 4360
MT,ZBR 4361
MT,ZBR 4370
MT,ZBR 4371
MT,ZBR 4373
MT,ZBR 4402
MT,ZBR 4404
MT,ZBR 4406
MT,ZBR 4408
MT,ZBR 4409
MT,ZBR 4410
MT,ZBR 4411
MT,ZBR 4413
MT,ZBR 4421
MT,ZBR 4423
MT,ZBR 4425
MT,ZBR 4426
MT,ZBR 4427
MT,ZBR 4428
MT,ZBR 4429
MT,ZBR 4431
MT,ZBR 4432
MT,ZBR 4433
MT,ZBR 4500
MT,ZBR 5010
MT,ZBR 5011
MT,ZBR 9010
MT,ZBR 9012
MT,ZBR 9013
MT,ZBR 9016
MT,ZBR 9018
MT,ZBR 9019
MT,ZBR 9022
MT,ZBR 9031
MT,ZBR 9033
MT,ZBR 9034
MT,ZBR 9035
MT,ZBR 9037
MT,ZBR 9039
MT,ZBR 9040
MT,ZBR 9042
MT,ZBR 9043
MT,ZBR 9045
MT,ZBR 9046
MT,ZBR 9047
MT,ZBR 9048
MT,ZBR 9049
MT,ZBR 9071
MT,ZRQ 1000
MT,ZRQ 1010
MT,ZRQ 1011
MT,ZRQ 1012
MT,ZRQ 1013
MT,ZRQ 1020
MT,ZRQ 1021
MT,ZRQ 1030
MT,ZRQ 1031
MT,ZRQ 1032
MT,ZRQ 1033
MT,ZRQ 1040
MT,ZRQ 1041
MT,ZRQ 1052
MT,ZRQ 1054
MT,ZRQ 1060
MT,ZRQ 1061
MT,ZRQ 1074
MT,ZRQ 1075
MT,ZRQ 1077
MT,ZRQ 1078
MT,ZRQ 1079
MT,ZRQ 1080
MT,ZRQ 1081
MT,ZRQ 1082
MT,ZRQ 1083
MT,ZRQ 1084
MT,ZRQ 1085
MT,ZRQ 1086
MT,ZRQ 1087
MT,ZRQ 1088
MT,ZRQ 1089
MT,ZRQ 1090
MT,ZRQ 1100
MT,ZRQ 1101
MT,ZRQ 1102
MT,ZRQ 1103
MT,ZRQ 1104
MT,ZRQ 1110
MT,ZRQ 1112
MT,ZRQ 1120
MT,ZRQ 1121
MT,ZRQ 1130
MT,ZRQ 1131
MT,ZRQ 1132
MT,ZRQ 1133
MT,ZRQ 1134
MT,ZRQ 1135
MT,ZRQ 1136
MT,ZRQ 1137
MT,ZRQ 1138
MT,ZRQ 1139
MT,ZRQ 1140
MT,ZRQ 1141
MT,ZRQ 1142
MT,ZRQ 1143
MT,ZRQ 1145
MT,ZRQ 1151
MT,ZRQ 1152
MT,ZRQ 1153
MT,ZRQ 1154
MT,ZRQ 1155
MT,ZRQ 1156
MT,ZRQ 1157
MT,ZRQ 1158
MT,ZRQ 1159
MT,ZRQ 1160
MT,ZRQ 1161
MT,ZRQ 1170
MT,ZRQ 1171
MT,ZRQ 1174
MT,ZRQ 1175
MT,ZRQ 1180
MT,ZRQ 1181
MT,ZRQ 1182
MT,ZRQ 1183
MT,ZRQ 1184
MT,ZRQ 1185
MT,ZRQ 1190
MT,ZRQ 1200
MT,ZRQ 1201
MT,ZRQ 1202
MT,ZRQ 1203
MT,ZRQ 1210
MT,ZRQ 1211
MT,ZRQ 1212
MT,ZRQ 1213
MT,ZRQ 1214
MT,ZRQ 1215
MT,ZRQ 1216
MT,ZRQ 1217
MT,ZRQ 1219
MT,ZRQ 1220
MT,ZRQ 1221
MT,ZRQ 1222
MT,ZRQ 1223
MT,ZRQ 1230
MT,ZRQ 1231
MT,ZRQ 1241
MT,ZRQ 1242
MT,ZRQ 1250
MT,ZRQ 1251
MT,ZRQ 1252
MT,ZRQ 1253
MT,ZRQ 1260
MT,ZRQ 1261
MT,ZRQ 1262
MT,ZRQ 1263
MT,ZRQ 1264
MT,ZRQ 1265
MT,ZRQ 1266
MT,ZRQ 1290
MT,ZRQ 1291
MT,ZRQ 1300
MT,ZRQ 1301
MT,ZRQ 1310
MT,ZRQ 1311
MT,ZRQ 1312
MT,ZRQ 1313
MT,ZRQ 1314
MT,ZRQ 1315
MT,ZRQ 1316
MT,ZRQ 1317
MT,ZRQ 1318
MT,ZRQ 1319
MT,ZRQ 1320
MT,ZRQ 1321
MT,ZRQ 1330
MT,ZRQ 1331
MT,ZRQ 1340
MT,ZRQ 1341
MT,ZRQ 1350
MT,ZRQ 1352
MT,ZRQ 1353
MT,ZRQ 1360
MT,ZRQ 1361
MT,ZRQ 1362
MT,ZRQ 1363
MT,ZRQ 1364
MT,ZRQ 1365
MT,ZRQ 1366
MT,ZRQ 1367
MT,ZRQ 1368
MT,ZRQ 1369
MT,ZRQ 1370
MT,ZRQ 1371
MT,ZRQ 1372
MT,ZRQ 1374
MT,ZRQ 1375
MT,ZRQ 1400
MT,ZRQ 1410
MT,ZRQ 1411
MT,ZRQ 1420
MT,ZRQ 1422
MT,ZRQ 1423
MT,ZRQ 1424
MT,ZRQ 1425
MT,ZRQ 1426
MT,ZRQ 1427
MT,ZRQ 1430
MT,ZRQ 1431
MT,ZRQ 1440
MT,ZRQ 1441
MT,ZRQ 1450
MT,ZRQ 1451
MT,ZRQ 1460
MT,ZRQ 1461
MT,ZRQ 1470
MT,ZRQ 1471
MT,ZRQ 1480
MT,ZRQ 1481
MT,ZRQ 1482
MT,ZRQ 1483
MT,ZRQ 1490
MT,ZRQ 1491
MT,ZRQ 1500
MT,ZRQ 1501
MT,ZRQ 1502
MT,ZRQ 1503
MT,ZRQ 1510
MT,ZRQ 1511
MT,ZRQ 1520
MT,ZRQ 1521
MT,ZRQ 1530
MT,ZRQ 1531
MT,ZRQ 1532
MT,ZRQ 1533
MT,ZRQ 1540
MT,ZRQ 1541
MT,ZRQ 1550
MT,ZRQ 1551
MT,ZRQ 1552
MT,ZRQ 1561
MT,ZRQ 1570
MT,ZRQ 1572
MT,ZRQ 1573
MT,ZRQ 1575
MT,ZRQ 1576
MT,ZRQ 1577
MT,ZRQ 1578
MT,ZRQ 1579
MT,ZRQ 1582
MT,ZRQ 1584
MT,ZRQ 1586
MT,ZRQ 1587
MT,ZRQ 1588
MT,ZRQ 1589
MT,ZRQ 1595
MT,ZRQ 1600
MT,ZRQ 1601
MT,ZRQ 1602
MT,ZRQ 1603
MT,ZRQ 1611
MT,ZRQ 1613
MT,ZRQ 1615
MT,ZRQ 1617
MT,ZRQ 1619
MT,ZRQ 1620
MT,ZRQ 1621
MT,ZRQ 1622
MT,ZRQ 1630
MT,ZRQ 1631
MT,ZRQ 1632
MT,ZRQ 1633
MT,ZRQ 1634
MT,ZRQ 1635
MT,ZRQ 1636
MT,ZRQ 1637
MT,ZRQ 1638
MT,ZRQ 1639
MT,ZRQ 1642
MT,ZRQ 1643
MT,ZRQ 1650
MT,ZRQ 1651
MT,ZRQ 1652
MT,ZRQ 1653
MT,ZRQ 1660
MT,ZRQ 1661
MT,ZRQ 1670
MT,ZRQ 1671
MT,ZRQ 1672
MT,ZRQ 1681
MT,ZRQ 1700
MT,ZRQ 1701
MT,ZRQ 1710
MT,ZRQ 1711
MT,ZRQ 1712
MT,ZRQ 1713
MT,ZRQ 1714
MT,ZRQ 1715
MT,ZRQ 1717
MT,ZRQ 1720
MT,ZRQ 1721
MT,ZRQ 1722
MT,ZRQ 1730
MT,ZRQ 1731
MT,ZRQ 1732
MT,ZRQ 1733
MT,ZRQ 1740
MT,ZRQ 1741
MT,ZRQ 1742
MT,ZRQ 1743
MT,ZRQ 1760
MT,ZRQ 1761
MT,ZRQ 1762
MT,ZRQ 1763
MT,ZRQ 1770
MT,ZRQ 1771
MT,ZRQ 1800
MT,ZRQ 1801
MT,ZRQ 1810
MT,ZRQ 1811
MT,ZRQ 1812
MT,ZRQ 1813
MT,ZRQ 1814
MT,ZRQ 1815
MT,ZRQ 1816
MT,ZRQ 1817
MT,ZRQ 1820
MT,ZRQ 1821
MT,ZRQ 1830
MT,ZRQ 1832
MT,ZRQ 1833
MT,ZRQ 1834
MT,ZRQ 1835
MT,ZRQ 1840
MT,ZRQ 1841
MT,ZRQ 1850
MT,ZRQ 1851
MT,ZRQ 1860
MT,ZRQ 1861
MT,ZRQ 1870
MT,ZRQ 1871
MT,ZRQ 1900
MT,ZRQ 1910
MT,ZRQ 1911
MT,ZRQ 1912
MT,ZRQ 1913
MT,ZRQ 1914
MT,ZRQ 1915
MT,ZRQ 1916
MT,ZRQ 1917
MT,ZRQ 1918
MT,ZRQ 1919
MT,ZRQ 1920
MT,ZRQ 1930
MT,ZRQ 1940
MT,ZRQ 1950
MT,ZRQ 1951
MT,ZRQ 2010
MT,ZRQ 2012
MT,ZRQ 2013
MT,ZRQ 2014
MT,ZRQ 2015
MT,ZRQ 2016
MT,ZRQ 2017
MT,ZRQ 2018
MT,ZRQ 2019
MT,ZRQ 2020
MT,ZRQ 2021
MT,ZRQ 2022
MT,ZRQ 2023
MT,ZRQ 2024
MT,ZRQ 2025
MT,ZRQ 2040
MT,ZRQ 2041
MT,ZRQ 2043
MT,ZRQ 2050
MT,ZRQ 2051
MT,ZRQ 2060
MT,ZRQ 2070
MT,ZRQ 2071
MT,ZRQ 2073
MT,ZRQ 2074
MT,ZRQ 2075
MT,ZRQ 2076
MT,ZRQ 2077
MT,ZRQ 2078
MT,ZRQ 2079
MT,ZRQ 2081
MT,ZRQ 2082
MT,ZRQ 2083
MT,ZRQ 2090
MT,ZRQ 2091
MT,ZRQ 2092
MT,ZRQ 2093
MT,ZRQ 2100
MT,ZRQ 2101
MT,ZRQ 2102
MT,ZRQ 2103
MT,ZRQ 2104
MT,ZRQ 2105
MT,ZRQ 2106
MT,ZRQ 2107
MT,ZRQ 2108
MT,ZRQ 2109
MT,ZRQ 2110
MT,ZRQ 2120
MT,ZRQ 2150
MT,ZRQ 2151
MT,ZRQ 2152
MT,ZRQ 2153
MT,ZRQ 2160
MT,ZRQ 2161
MT,ZRQ 2162
MT,ZRQ 2163
MT,ZRQ 2170
MT,ZRQ 2171
MT,ZRQ 2180
MT,ZRQ 2200
MT,ZRQ 2201
MT,ZRQ 2203
MT,ZRQ 2204
MT,ZRQ 2205
MT,ZRQ 2206
MT,ZRQ 2207
MT,ZRQ 2210
MT,ZRQ 2220
MT,ZRQ 2222
MT,ZRQ 2224
MT,ZRQ 2225
MT,ZRQ 2231
MT,ZRQ 2240
MT,ZRQ 2241
MT,ZRQ 2242
MT,ZRQ 2243
MT,ZRQ 2250
MT,ZRQ 2251
MT,ZRQ 2260
MT,ZRQ 2261
MT,ZRQ 2262
MT,ZRQ 2263
MT,ZRQ 2264
MT,ZRQ 2265
MT,ZRQ 2266
MT,ZRQ 2267
MT,ZRQ 2268
MT,ZRQ 2269
MT,ZRQ 2270
MT,ZRQ 2280
MT,ZRQ 2282
MT,ZRQ 2283
MT,ZRQ 2290
MT,ZRQ 2291
MT,ZRQ 2292
MT,ZRQ 2293
MT,ZRQ 2300
MT,ZRQ 2302
MT,ZRQ 2303
MT,ZRQ 2304
MT,ZRQ 2305
MT,ZRQ 2306
MT,ZRQ 2307
MT,ZRQ 2308
MT,ZRQ 2309
MT,ZRQ 2310
MT,ZRQ 2311
MT,ZRQ 2320
MT,ZRQ 2321
MT,ZRQ 2322
MT,ZRQ 2323
MT,ZRQ 2330
MT,ZRQ 2331
MT,ZRQ 2332
MT,ZRQ 2333
MT,ZRQ 2334
MT,ZRQ 2335
MT,ZRQ 2336
MT,ZRQ 2337
MT,ZRQ 2338
MT,ZRQ 2339
MT,ZRQ 2340
MT,ZRQ 2341
MT,ZRQ 2350
MT,ZRQ 2351
MT,ZRQ 2352
MT,ZRQ 2353
MT,ZRQ 2355
MT,ZRQ 2357
MT,ZRQ 2365
MT,ZRQ 2367
MT,ZRQ 2368
MT,ZRQ 2369
MT,ZRQ 2370
MT,ZRQ 2372
MT,ZRQ 2374
MT,ZRQ 2375
MT,ZRQ 2390
MT,ZRQ 2391
MT,ZRQ 2400
MT,ZRQ 2401
MT,ZRQ 2402
MT,ZRQ 2403
MT,ZRQ 2404
MT,ZRQ 2405
MT,ZRQ 2406
MT,ZRQ 2411
MT,ZRQ 2420
MT,ZRQ 2421
MT,ZRQ 2422
MT,ZRQ 2424
MT,ZRQ 2425
MT,ZRQ 2426
MT,ZRQ 2428
MT,ZRQ 2430
MT,ZRQ 2431
MT,ZRQ 2440
MT,ZRQ 2441
MT,ZRQ 2450
MT,ZRQ 2452
MT,ZRQ 2460
MT,ZRQ 2461
MT,ZRQ 2463
MT,ZRQ 2464
MT,ZRQ 2470
MT,ZRQ 2471
MT,ZRQ 2473
MT,ZRQ 2490
MT,ZRQ 2500
MT,ZRQ 2501
MT,ZRQ 2502
MT,ZRQ 2503
MT,ZRQ 2504
MT,ZRQ 2505
MT,ZRQ 2510
MT,ZRQ 2511
MT,ZRQ 2512
MT,ZRQ 2520
MT,ZRQ 2521
MT,ZRQ 2522
MT,ZRQ 2523
MT,ZRQ 2524
MT,ZRQ 2525
MT,ZRQ 2530
MT,ZRQ 2531
MT,ZRQ 2532
MT,ZRQ 2533
MT,ZRQ 2540
MT,ZRQ 2550
MT,ZRQ 2551
MT,ZRQ 2570
MT,ZRQ 2571
MT,ZRQ 2580
MT,ZRQ 2581
MT,ZRQ 2590
MT,ZRQ 2604
MT,ZRQ 2605
MT,ZRQ 2606
MT,ZRQ 2607
MT,ZRQ 2608
MT,ZRQ 2609
MT,ZRQ 2616
MT,ZRQ 2618
MT,ZRQ 2619
MT,ZRQ 2621
MT,ZRQ 2623
MT,ZRQ 2631
MT,ZRQ 2640
MT,ZRQ 2641
MT,ZRQ 2642
MT,ZRQ 2643
MT,ZRQ 2651
MT,ZRQ 2661
MT,ZRQ 2670
MT,ZRQ 2680
MT,ZRQ 2690
MT,ZRQ 2691
MT,ZRQ 2700
MT,ZRQ 2701
MT,ZRQ 2702
MT,ZRQ 2703
MT,ZRQ 2704
MT,ZRQ 2705
MT,ZRQ 2720
MT,ZRQ 2730
MT,ZRQ 2731
MT,ZRQ 2740
MT,ZRQ 2741
MT,ZRQ 2743
MT,ZRQ 2760
MT,ZRQ 2762
MT,ZRQ 2764
MT,ZRQ 2770
MT,ZRQ 2771
MT,ZRQ 2780
MT,ZRQ 2790
MT,ZRQ 2791
MT,ZRQ 2800
MT,ZRQ 2801
MT,ZRQ 2802
MT,ZRQ 2803
MT,ZRQ 2804
MT,ZRQ 2805
MT,ZRQ 2806
MT,ZRQ 2807
MT,ZRQ 2811
MT,ZRQ 2812
MT,ZRQ 2813
MT,ZRQ 2820
MT,ZRQ 2830
MT,ZRQ 2831
MT,ZRQ 2840
MT,ZRQ 2841
MT,ZRQ 2850
MT,ZRQ 2851
MT,ZRQ 2852
MT,ZRQ 2853
MT,ZRQ 2854
MT,ZRQ 2855
MT,ZRQ 2860
MT,ZRQ 2861
MT,ZRQ 2870
MT,ZRQ 2871
MT,ZRQ 2872
MT,ZRQ 2873
MT,ZRQ 2880
MT,ZRQ 2881
MT,ZRQ 2883
MT,ZRQ 2884
MT,ZRQ 2885
MT,ZRQ 2890
MT,ZRQ 2891
MT,ZRQ 2900
MT,ZRQ 2901
MT,ZRQ 2902
MT,ZRQ 2903
MT,ZRQ 2910
MT,ZRQ 2911
MT,ZRQ 2912
MT,ZRQ 2913
MT,ZRQ 2920
MT,ZRQ 2922
MT,ZRQ 2923
MT,ZRQ 2931
MT,ZRQ 2940
MT,ZRQ 2950
MT,ZRQ 2963
MT,ZRQ 2965
MT,ZRQ 2973
MT,ZRQ 2980
MT,ZRQ 2981
MT,ZRQ 2990
MT,ZRQ 3010
MT,ZRQ 3011
MT,ZRQ 3020
MT,ZRQ 3021
MT,ZRQ 3030
MT,ZRQ 3031
MT,ZRQ 3043
MT,ZRQ 3045
MT,ZRQ 3050
MT,ZRQ 3051
MT,ZRQ 3060
MT,ZRQ 3062
MT,ZRQ 3070
MT,ZRQ 3071
MT,ZRQ 3072
MT,ZRQ 3073
MT,ZRQ 3081
MT,ZRQ 3091
MT,ZRQ 3093
MT,ZRQ 3100
MT,ZRQ 3101
MT,ZRQ 3120
MT,ZRQ 3122
MT,ZRQ 3123
MT,ZRQ 3130
MT,ZRQ 3132
MT,ZRQ 3134
MT,ZRQ 3136
MT,ZRQ 3140
MT,ZRQ 3141
MT,ZRQ 3150
MT,ZRQ 3151
MT,ZRQ 3152
MT,ZRQ 3153
MT,ZRQ 3160
MT,ZRQ 3161
MT,ZRQ 3162
MT,ZRQ 3172
MT,ZRQ 3174
MT,ZRQ 3175
MT,ZRQ 3176
MT,ZRQ 3177
MT,ZRQ 3178
MT,ZRQ 3179
MT,ZRQ 3180
MT,ZRQ 3181
MT,ZRQ 3191
MT,ZRQ 3200
MT,ZRQ 3201
MT,ZRQ 3203
MT,ZRQ 3300
MT,ZRQ 3301
MT,ZRQ 3310
MT,ZRQ 3320
MT,ZRQ 3321
MT,ZRQ 3334
MT,ZRQ 3340
MT,ZRQ 3341
MT,ZRQ 3350
MT,ZRQ 3351
MT,ZRQ 3352
MT,ZRQ 3354
MT,ZRQ 3355
MT,ZRQ 3360
MT,ZRQ 3390
MT,ZRQ 3391
MT,ZRQ 3400
MT,ZRQ 3401
MT,ZRQ 3402
MT,ZRQ 3404
MT,ZRQ 3405
MT,ZRQ 3406
MT,ZRQ 3407
MT,ZRQ 3411
MT,ZRQ 3421
MT,ZRQ 3430
MT,ZRQ 3431
MT,ZRQ 3432
MT,ZRQ 3433
MT,ZRQ 3440
MT,ZRQ 3441
MT,ZRQ 3442
MT,ZRQ 3443
MT,ZRQ 3444
MT,ZRQ 3445
MT,ZRQ 3446
MT,ZRQ 3447
MT,ZRQ 3448
MT,ZRQ 3449
MT,ZRQ 3450
MT,ZRQ 3451
MT,ZRQ 3461
MT,ZRQ 3463
MT,ZRQ 3465
MT,ZRQ 3467
MT,ZRQ 3470
MT,ZRQ 3471
MT,ZRQ 3480
MT,ZRQ 3481
MT,ZRQ 3490
MT,ZRQ 3501
MT,ZRQ 3502
MT,ZRQ 3510
MT,ZRQ 3511
MT,ZRQ 3513
MT,ZRQ 3520
MT,ZRQ 3521
MT,ZRQ 3522
MT,ZRQ 3525
MT,ZRQ 3527
MT,ZRQ 3530
MT,ZRQ 3531
MT,ZRQ 3533
MT,ZRQ 3540
MT,ZRQ 3541
MT,ZRQ 3543
MT,ZRQ 3545
MT,ZRQ 3550
MT,ZRQ 3551
MT,ZRQ 3553
MT,ZRQ 3560
MT,ZRQ 3561
MT,ZRQ 3571
MT,ZRQ 3580
MT,ZRQ 3600
MT,ZRQ 3602
MT,ZRQ 3603
MT,ZRQ 3611
MT,ZRQ 3700
MT,ZRQ 3701
MT,ZRQ 3720
MT,ZRQ 3890
MT,ZRQ 3900
MT,ZRQ 4010
MT,ZRQ 4011
MT,ZRQ 4013
MT,ZRQ 4014
MT,ZRQ 4015
MT,ZRQ 4017
MT,ZRQ 4018
MT,ZRQ 4019
MT,ZRQ 4020
MT,ZRQ 4021
MT,ZRQ 4031
MT,ZRQ 4033
MT,ZRQ 4040
MT,ZRQ 4041
MT,ZRQ 4060
MT,ZRQ 4061
MT,ZRQ 4063
MT,ZRQ 4070
MT,ZRQ 4072
MT,ZRQ 4074
MT,ZRQ 4076
MT,ZRQ 4080
MT,ZRQ 4090
MT,ZRQ 4092
MT,ZRQ 4093
MT,ZRQ 4094
MT,ZRQ 4095
MT,ZRQ 4096
MT,ZRQ 4097
MT,ZRQ 4098
MT,ZRQ 4100
MT,ZRQ 4101
MT,ZRQ 4102
MT,ZRQ 4103
MT,ZRQ 4113
MT,ZRQ 4114
MT,ZRQ 4115
MT,ZRQ 4120
MT,ZRQ 4121
MT,ZRQ 4122
MT,ZRQ 4123
MT,ZRQ 4130
MT,ZRQ 4131
MT,ZRQ 4141
MT,ZRQ 4143
MT,ZRQ 4145
MT,ZRQ 4160
MT,ZRQ 4162
MT,ZRQ 4164
MT,ZRQ 4200
MT,ZRQ 4210
MT,ZRQ 4230
MT,ZRQ 4910
MT,ZRQ 9010
MT,ZRQ 9011
MT,ZRQ 9020
MT,ZRQ 9031
MT,ZRQ 9033
MT,ZRQ 9040
MT,ZRQ 9050
MT,ZRQ 9090
MT,ZTN 1000
MT,ZTN 1011
MT,ZTN 1012
MT,ZTN 1015
MT,ZTN 1021
MT,ZTN 1030
MT,ZTN 1032
MT,ZTN 1033
MT,ZTN 1034
MT,ZTN 1035
MT,ZTN 1036
MT,ZTN 1037
MT,ZTN 1038
MT,ZTN 1039
MT,ZTN 1040
MT,ZTN 1041
MT,ZTN 1050
MT,ZTN 1051
MT,ZTN 1053
MT,ZTN 1071
MT,ZTN 1072
MT,ZTN 1073
MT,ZTN 1074
MT,ZTN 1075
MT,ZTN 1076
MT,ZTN 1077
MT,ZTN 1080
MT,ZTN 1081
MT,ZTN 1082
MT,ZTN 1083
MT,ZTN 1100
MT,ZTN 1101
MT,ZTN 1102
MT,ZTN 1103
MT,ZTN 1104
MT,ZTN 1105
MT,ZTN 1106
MT,ZTN 1107
MT,ZTN 1110
MT,ZTN 1111
MT,ZTN 1112
MT,ZTN 1113
MT,ZTN 1114
MT,ZTN 1115
MT,ZTN 1116
MT,ZTN 1120
MT,ZTN 1121
MT,ZTN 1122
MT,ZTN 1123
MT,ZTN 1124
MT,ZTN 1125
MT,ZTN 1130
MT,ZTN 1131
MT,ZTN 1133
MT,ZTN 1140
MT,ZTN 1141
MT,ZTN 1142
MT,ZTN 1143
MT,ZTN 1144
MT,ZTN 1145
MT,ZTN 1146
MT,ZTN 1147
MT,ZTN 1150
MT,ZTN 1151
MT,ZTN 1152
MT,ZTN 1153
MT,ZTN 1160
MT,ZTN 1161
MT,ZTN 1162
MT,ZTN 1163
MT,ZTN 1164
MT,ZTN 1165
MT,ZTN 1166
MT,ZTN 1167
MT,ZTN 1173
MT,ZTN 1180
MT,ZTN 1181
MT,ZTN 1182
MT,ZTN 1183
MT,ZTN 1184
MT,ZTN 1186
MT,ZTN 1190
MT,ZTN 1200
MT,ZTN 1201
MT,ZTN 1202
MT,ZTN 1203
MT,ZTN 1204
MT,ZTN 1205
MT,ZTN 1206
MT,ZTN 1207
MT,ZTN 1208
MT,ZTN 1209
MT,ZTN 1211
MT,ZTN 1220
MT,ZTN 1221
MT,ZTN 1230
MT,ZTN 1231
MT,ZTN 1240
MT,ZTN 1241
MT,ZTN 1242
MT,ZTN 1243
MT,ZTN 1260
MT,ZTN 1261
MT,ZTN 1262
MT,ZTN 1263
MT,ZTN 1271
MT,ZTN 1281
MT,ZTN 1302
MT,ZTN 1303
MT,ZTN 1304
MT,ZTN 1305
MT,ZTN 1306
MT,ZTN 1307
MT,ZTN 1310
MT,ZTN 1311
MT,ZTN 1312
MT,ZTN 1313
MT,ZTN 1322
MT,ZTN 1323
MT,ZTN 1324
MT,ZTN 1325
MT,ZTN 1326
MT,ZTN 1327
MT,ZTN 1334
MT,ZTN 1335
MT,ZTN 1336
MT,ZTN 1337
MT,ZTN 1341
MT,ZTN 1342
MT,ZTN 1343
MT,ZTN 1344
MT,ZTN 1345
MT,ZTN 1350
MT,ZTN 1351
MT,ZTN 1364
MT,ZTN 1365
MT,ZTN 1366
MT,ZTN 1367
MT,ZTN 1368
MT,ZTN 1369
MT,ZTN 1370
MT,ZTN 1376
MT,ZTN 1380
MT,ZTN 1381
MT,ZTN 1382
MT,ZTN 1383
MT,ZTN 1390
MT,ZTN 1391
MT,ZTN 1392
MT,ZTN 1393
MT,ZTN 1400
MT,ZTN 1401
MT,ZTN 1410
MT,ZTN 1411
MT,ZTN 1412
MT,ZTN 1413
MT,ZTN 1414
MT,ZTN 1420
MT,ZTN 1422
MT,ZTN 1430
MT,ZTN 1432
MT,ZTN 1440
MT,ZTN 1441
MT,ZTN 1442
MT,ZTN 1443
MT,ZTN 1450
MT,ZTN 1452
MT,ZTN 1453
MT,ZTN 1460
MT,ZTN 1461
MT,ZTN 1462
MT,ZTN 1470
MT,ZTN 1471
MT,ZTN 1481
MT,ZTN 1482
MT,ZTN 1483
MT,ZTN 1484
MT,ZTN 1485
MT,ZTN 1486
MT,ZTN 1487
MT,ZTN 1489
MT,ZTN 1490
MT,ZTN 1491
MT,ZTN 1492
MT,ZTN 1493
MT,ZTN 1500
MT,ZTN 1502
MT,ZTN 1503
MT,ZTN 1504
MT,ZTN 1505
MT,ZTN 1507
MT,ZTN 1509
MT,ZTN 1510
MT,ZTN 1511
MT,ZTN 1530
MT,ZTN 1531
MT,ZTN 1532
MT,ZTN 1533
MT,ZTN 1540
MT,ZTN 1541
MT,ZTN 1550
MT,ZTN 1552
MT,ZTN 1560
MT,ZTN 1561
MT,ZTN 1562
MT,ZTN 1563
MT,ZTN 1570
MT,ZTN 1571
MT,ZTN 1585
MT,ZTN 1590
MT,ZTN 1591
MT,ZTN 1597
MT,ZTN 1601
MT,ZTN 1602
MT,ZTN 1610
MT,ZTN 1611
MT,ZTN 1612
MT,ZTN 1640
MT,ZTN 1651
MT,ZTN 1652
MT,ZTN 1653
MT,ZTN 1654
MT,ZTN 1655
MT,ZTN 1663
MT,ZTN 1681
MT,ZTN 1690
MT,ZTN 1691
MT,ZTN 1700
MT,ZTN 1713
MT,ZTN 1715
MT,ZTN 1720
MT,ZTN 1722
MT,ZTN 1726
MT,ZTN 1727
MT,ZTN 1730
MT,ZTN 1750
MT,ZTN 1790
MT,ZTN 1791
MT,ZTN 1792
MT,ZTN 1800
MT,ZTN 1801
MT,ZTN 1802
MT,ZTN 1803
MT,ZTN 1807
MT,ZTN 1809
MT,ZTN 1810
MT,ZTN 1811
MT,ZTN 1812
MT,ZTN 1813
MT,ZTN 1814
MT,ZTN 1815
MT,ZTN 1816
MT,ZTN 1817
MT,ZTN 1818
MT,ZTN 1819
MT,ZTN 1820
MT,ZTN 1821
MT,ZTN 1822
MT,ZTN 1823
MT,ZTN 1831
MT,ZTN 1832
MT,ZTN 1833
MT,ZTN 1834
MT,ZTN 1835
MT,ZTN 1841
MT,ZTN 1842
MT,ZTN 1850
MT,ZTN 1851
MT,ZTN 1852
MT,ZTN 1853
MT,ZTN 1854
MT,ZTN 1855
MT,ZTN 1860
MT,ZTN 1861
MT,ZTN 1863
MT,ZTN 1864
MT,ZTN 1865
MT,ZTN 1902
MT,ZTN 1905
MT,ZTN 1906
MT,ZTN 1907
MT,ZTN 1908
MT,ZTN 1909
MT,ZTN 2011
MT,ZTN 2012
MT,ZTN 2017
MT,ZTN 2018
MT,ZTN 2019
MT,ZTN 2032
MT,ZTN 2033
MT,ZTN 2035
MT,ZTN 2040
MT,ZTN 2041
MT,ZTN 2042
MT,ZTN 2043
MT,ZTN 2045
MT,ZTN 2050
MT,ZTN 2051
MT,ZTN 2054
MT,ZTN 2055
MT,ZTN 2056
MT,ZTN 2057
MT,ZTN 2070
MT,ZTN 2071
MT,ZTN 2072
MT,ZTN 2073
MT,ZTN 2075
MT,ZTN 2076
MT,ZTN 2077
MT,ZTN 2080
MT,ZTN 2081
MT,ZTN 2100
MT,ZTN 2101
MT,ZTN 2102
MT,ZTN 2103
MT,ZTN 2120
MT,ZTN 2132
MT,ZTN 2134
MT,ZTN 2136
MT,ZTN 2137
MT,ZTN 2140
MT,ZTN 2141
MT,ZTN 2150
MT,ZTN 2151
MT,ZTN 2161
MT,ZTN 2171
MT,ZTN 2180
MT,ZTN 2181
MT,ZTN 2200
MT,ZTN 2201
MT,ZTN 2202
MT,ZTN 2203
MT,ZTN 2204
MT,ZTN 2205
MT,ZTN 2206
MT,ZTN 2207
MT,ZTN 2208
MT,ZTN 2209
MT,ZTN 2210
MT,ZTN 2220
MT,ZTN 2221
MT,ZTN 2222
MT,ZTN 2223
MT,ZTN 2224
MT,ZTN 2225
MT,ZTN 2226
MT,ZTN 2227
MT,ZTN 2228
MT,ZTN 2229
MT,ZTN 2230
MT,ZTN 2240
MT,ZTN 2241
MT,ZTN 2250
MT,ZTN 2251
MT,ZTN 2260
MT,ZTN 2261
MT,ZTN 2270
MT,ZTN 2271
MT,ZTN 2272
MT,ZTN 2273
MT,ZTN 2274
MT,ZTN 2280
MT,ZTN 2281
MT,ZTN 2290
MT,ZTN 2291
MT,ZTN 2300
MT,ZTN 2301
MT,ZTN 2302
MT,ZTN 2303
MT,ZTN 2304
MT,ZTN 2306
MT,ZTN 2310
MT,ZTN 2311
MT,ZTN 2320
MT,ZTN 2321
MT,ZTN 2330
MT,ZTN 2331
MT,ZTN 2332
MT,ZTN 2333
MT,ZTN 2350
MT,ZTN 2351
MT,ZTN 2360
MT,ZTN 2361
MT,ZTN 2362
MT,ZTN 2363
MT,ZTN 2364
MT,ZTN 2365
MT,ZTN 2380
MT,ZTN 2381
MT,ZTN 2382
MT,ZTN 2383
MT,ZTN 2390
MT,ZTN 2391
MT,ZTN 2401
MT,ZTN 2405
MT,ZTN 2406
MT,ZTN 2407
MT,ZTN 2408
MT,ZTN 2409
MT,ZTN 2411
MT,ZTN 2412
MT,ZTN 2413
MT,ZTN 2420
MT,ZTN 2450
MT,ZTN 2451
MT,ZTN 2452
MT,ZTN 2453
MT,ZTN 2460
MT,ZTN 2461
MT,ZTN 2462
MT,ZTN 2463
MT,ZTN 2470
MT,ZTN 2471
MT,ZTN 2472
MT,ZTN 2473
MT,ZTN 2474
MT,ZTN 2475
MT,ZTN 2480
MT,ZTN 2482
MT,ZTN 2483
MT,ZTN 2500
MT,ZTN 2502
MT,ZTN 2503
MT,ZTN 2504
MT,ZTN 2510
MT,ZTN 2511
MT,ZTN 2520
MT,ZTN 2521
MT,ZTN 2522
MT,ZTN 2523
MT,ZTN 2530
MT,ZTN 2540
MT,ZTN 2541
MT,ZTN 2542
MT,ZTN 2543
MT,ZTN 2544
MT,ZTN 2545
MT,ZTN 2546
MT,ZTN 2547
MT,ZTN 2549
MT,ZTN 2550
MT,ZTN 2560
MT,ZTN 2561
MT,ZTN 2570
MT,ZTN 2571
MT,ZTN 2572
MT,ZTN 2573
MT,ZTN 2580
MT,ZTN 2582
MT,ZTN 2583
MT,ZTN 2590
MT,ZTN 2600
MT,ZTN 2601
MT,ZTN 2602
MT,ZTN 2603
MT,ZTN 2604
MT,ZTN 2605
MT,ZTN 2606
MT,ZTN 2607
MT,ZTN 2608
MT,ZTN 2609
MT,ZTN 2610
MT,ZTN 2611
MT,ZTN 2621
MT,ZTN 2630
MT,ZTN 2631
MT,ZTN 2640
MT,ZTN 2641
MT,ZTN 2642
MT,ZTN 2643
MT,ZTN 2644
MT,ZTN 2645
MT,ZTN 2651
MT,ZTN 2660
MT,ZTN 2661
MT,ZTN 2662
MT,ZTN 2663
MT,ZTN 2670
MT,ZTN 2671
MT,ZTN 2672
MT,ZTN 2673
MT,ZTN 2674
MT,ZTN 2675
MT,ZTN 2677
MT,ZTN 2678
MT,ZTN 2679
MT,ZTN 2690
MT,ZTN 2700
MT,ZTN 2711
MT,ZTN 2712
MT,ZTN 2713
MT,ZTN 2714
MT,ZTN 2715
MT,ZTN 2716
MT,ZTN 2717
MT,ZTN 2718
MT,ZTN 2719
MT,ZTN 2720
MT,ZTN 2721
MT,ZTN 2730
MT,ZTN 2731
MT,ZTN 2732
MT,ZTN 2733
MT,ZTN 2734
MT,ZTN 2740
MT,ZTN 2741
MT,ZTN 2742
MT,ZTN 2744
MT,ZTN 2745
MT,ZTN 2750
MT,ZTN 2760
MT,ZTN 2761
MT,ZTN 2762
MT,ZTN 2763
MT,ZTN 2764
MT,ZTN 2770
MT,ZTN 2771
MT,ZTN 2772
MT,ZTN 2773
MT,ZTN 2780
MT,ZTN 2781
MT,ZTN 2790
MT,ZTN 2791
MT,ZTN 2801
MT,ZTN 2802
MT,ZTN 2803
MT,ZTN 2811
MT,ZTN 2813
MT,ZTN 2815
MT,ZTN 2820
MT,ZTN 2822
MT,ZTN 2830
MT,ZTN 2832
MT,ZTN 2834
MT,ZTN 2836
MT,ZTN 2838
MT,ZTN 2850
MT,ZTN 2870
MT,ZTN 2880
MT,ZTN 2881
MT,ZTN 2882
MT,ZTN 2883
MT,ZTN 2890
MT,ZTN 2891
MT,ZTN 2901
MT,ZTN 2904
MT,ZTN 2906
MT,ZTN 2907
MT,ZTN 2908
MT,ZTN 2909
MT,ZTN 2913
MT,ZTN 2930
MT,ZTN 2941
MT,ZTN 2960
MT,ZTN 2961
MT,ZTN 2981
MT,ZTN 3000
MT,ZTN 3010
MT,ZTN 3011
MT,ZTN 3013
MT,ZTN 3020
MT,ZTN 3021
MT,ZTN 3030
MT,ZTN 3031
MT,ZTN 3040
MT,ZTN 3041
MT,ZTN 3042
MT,ZTN 3043
MT,ZTN 3044
MT,ZTN 3046
MT,ZTN 3047
MT,ZTN 3048
MT,ZTN 3049
MT,ZTN 3050
MT,ZTN 3051
MT,ZTN 3060
MT,ZTN 3061
MT,ZTN 3070
MT,ZTN 3071
MT,ZTN 3072
MT,ZTN 3073
MT,ZTN 3080
MT,ZTN 3081
MT,ZTN 3082
MT,ZTN 3100
MT,ZTN 3101
MT,ZTN 3102
MT,ZTN 3103
MT,ZTN 3104
MT,ZTN 3105
MT,ZTN 3120
MT,ZTN 3132
MT,ZTN 3133
MT,ZTN 3150
MT,ZTN 3151
MT,ZTN 3152
MT,ZTN 3160
MT,ZTN 3161
MT,ZTN 3170
MT,ZTN 3181
MT,ZTN 3182
MT,ZTN 3191
MT,ZTN 3192
MT,ZTN 3200
MT,ZTN 3201
MT,ZTN 3202
MT,ZTN 3203
MT,ZTN 3204
MT,ZTN 3205
MT,ZTN 3210
MT,ZTN 3211
MT,ZTN 3212
MT,ZTN 3213
MT,ZTN 3214
MT,ZTN 3215
MT,ZTN 3216
MT,ZTN 3217
MT,ZTN 3218
MT,ZTN 3219
MT,ZTN 3220
MT,ZTN 3222
MT,ZTN 3224
MT,ZTN 3225
MT,ZTN 3230
MT,ZTN 3231
MT,ZTN 3232
MT,ZTN 3233
MT,ZTN 3235
MT,ZTN 3236
MT,ZTN 3237
MT,ZTN 3240
MT,ZTN 3241
MT,ZTN 3242
MT,ZTN 3243
MT,ZTN 3250
MT,ZTN 3251
MT,ZTN 3252
MT,ZTN 3261
MT,ZTN 3270
MT,ZTN 3271
MT,ZTN 3272
MT,ZTN 3273
MT,ZTN 3274
MT,ZTN 3275
MT,ZTN 3276
MT,ZTN 3277
MT,ZTN 3278
MT,ZTN 3280
MT,ZTN 3281
MT,ZTN 3301
MT,ZTN 3303
MT,ZTN 3304
MT,ZTN 3305
MT,ZTN 3306
MT,ZTN 3307
MT,ZTN 3310
MT,ZTN 3311
MT,ZTN 3322
MT,ZTN 3323
MT,ZTN 3324
MT,ZTN 3325
MT,ZTN 3330
MT,ZTN 3331
MT,ZTN 3332
MT,ZTN 3340
MT,ZTN 3342
MT,ZTN 3344
MT,ZTN 3345
MT,ZTN 3346
MT,ZTN 3348
MT,ZTN 3349
MT,ZTN 3350
MT,ZTN 3351
MT,ZTN 3352
MT,ZTN 3353
MT,ZTN 3354
MT,ZTN 3355
MT,ZTN 3356
MT,ZTN 3360
MT,ZTN 3361
MT,ZTN 3362
MT,ZTN 3363
MT,ZTN 3370
MT,ZTN 3371
MT,ZTN 3372
MT,ZTN 3373
MT,ZTN 3380
MT,ZTN 3381
MT,ZTN 3382
MT,ZTN 3383
MT,ZTN 3384
MT,ZTN 3385
MT,ZTN 3386
MT,ZTN 3387
MT,ZTN 3389
MT,ZTN 3390
MT,ZTN 3400
MT,ZTN 3402
MT,ZTN 3403
MT,ZTN 3405
MT,ZTN 3410
MT,ZTN 3411
MT,ZTN 3420
MT,ZTN 3421
MT,ZTN 3423
MT,ZTN 3430
MT,ZTN 3431
MT,ZTN 3432
MT,ZTN 3433
MT,ZTN 3434
MT,ZTN 3435
MT,ZTN 3436
MT,ZTN 3437
MT,ZTN 3440
MT,ZTN 3441
MT,ZTN 3442
MT,ZTN 3443
MT,ZTN 3444
MT,ZTN 3446
MT,ZTN 3447
MT,ZTN 3450
MT,ZTN 3451
MT,ZTN 3460
MT,ZTN 3461
MT,ZTN 3462
MT,ZTN 3463
MT,ZTN 3470
MT,ZTN 3471
MT,ZTN 3472
MT,ZTN 3500
MT,ZTN 3501
MT,ZTN 3502
MT,ZTN 3503
MT,ZTN 3504
MT,ZTN 3505
MT,ZTN 3507
MT,ZTN 3508
MT,ZTN 3509
MT,ZTN 3510
MT,ZTN 3511
MT,ZTN 3521
MT,ZTN 3530
MT,ZTN 3531
MT,ZTN 3550
MT,ZTN 3551
MT,ZTN 3552
MT,ZTN 3553
MT,ZTN 3554
MT,ZTN 3555
MT,ZTN 3556
MT,ZTN 3557
MT,ZTN 3561
MT,ZTN 3570
MT,ZTN 3572
MT,ZTN 3573
MT,ZTN 3580
MT,ZTN 3581
MT,ZTN 3590
MT,ZTN 3600
MT,ZTN 3601
MT,ZTN 3603
MT,ZTN 3604
MT,ZTN 3605
MT,ZTN 3610
MT,ZTN 3611
MT,ZTN 3625
MT,ZTN 3670
MT,ZTN 3700
MT,ZTN 3702
MT,ZTN 3710
MT,ZTN 3711
MT,ZTN 3712
MT,ZTN 3713
MT,ZTN 3714
MT,ZTN 3718
MT,ZTN 3719
MT,ZTN 3720
MT,ZTN 3721
MT,ZTN 3730
MT,ZTN 3731
MT,ZTN 3740
MT,ZTN 3741
MT,ZTN 3742
MT,ZTN 3743
MT,ZTN 3744
MT,ZTN 3750
MT,ZTN 3751
MT,ZTN 3752
MT,ZTN 3753
MT,ZTN 3754
MT,ZTN 3755
MT,ZTN 3756
MT,ZTN 3757
MT,ZTN 3780
MT,ZTN 3781
MT,ZTN 3782
MT,ZTN 3783
MT,ZTN 3790
MT,ZTN 3791
MT,ZTN 3800
MT,ZTN 3900
MT,ZTN 3910
MT,ZTN 3920
MT,ZTN 4010
MT,ZTN 4022
MT,ZTN 4023
MT,ZTN 4024
MT,ZTN 4026
MT,ZTN 4027
MT,ZTN 4028
MT,ZTN 4029
MT,ZTN 4050
MT,ZTN 4070
MT,ZTN 4071
MT,ZTN 4072
MT,ZTN 4073
MT,ZTN 4074
MT,ZTN 4075
MT,ZTN 4076
MT,ZTN 4077
MT,ZTN 4080
MT,ZTN 4081
MT,ZTN 4082
MT,ZTN 4083
MT,ZTN 4084
MT,ZTN 4085
MT,ZTN 4086
MT,ZTN 4087
MT,ZTN 4100
MT,ZTN 4101
MT,ZTN 4102
MT,ZTN 4110
MT,ZTN 4111
MT,ZTN 4120
MT,ZTN 4121
MT,ZTN 4150
MT,ZTN 4151
MT,ZTN 4152
MT,ZTN 4160
MT,ZTN 4162
MT,ZTN 4164
MT,ZTN 4166
MT,ZTN 4170
MT,ZTN 4183
MT,ZTN 4200
MT,ZTN 4210
MT,ZTN 4260
MT,ZTN 4262
MT,ZTN 4263
MT,ZTN 4264
MT,ZTN 4265
MT,ZTN 4267
MT,ZTN 4272
MT,ZTN 4290
MT,ZTN 4294
MT,ZTN 4295
MT,ZTN 4296
MT,ZTN 4297
MT,ZTN 4298
MT,ZTN 4299
MT,ZTN 4301
MT,ZTN 4302
MT,ZTN 4304
MT,ZTN 4310
MT,ZTN 4311
MT,ZTN 4312
MT,ZTN 4313
MT,ZTN 4314
MT,ZTN 4315
MT,ZTN 4316
MT,ZTN 4320
MT,ZTN 4321
MT,ZTN 4322
MT,ZTN 4323
MT,ZTN 4330
MT,ZTN 4331
MT,ZTN 4340
MT,ZTN 4341
MT,ZTN 4342
MT,ZTN 4343
MT,ZTN 4345
MT,ZTN 4348
MT,ZTN 4349
MT,ZTN 4351
MT,ZTN 4360
MT,ZTN 4361
MT,ZTN 4362
MT,ZTN 4363
MT,ZTN 4370
MT,ZTN 4371
MT,ZTN 4372
MT,ZTN 4373
MT,ZTN 4380
MT,ZTN 4381
MT,ZTN 4382
MT,ZTN 4383
MT,ZTN 4400
MT,ZTN 4401
MT,ZTN 4402
MT,ZTN 4403
MT,ZTN 4405
MT,ZTN 4406
MT,ZTN 4407
MT,ZTN 4410
MT,ZTN 4411
MT,ZTN 4420
MT,ZTN 4422
MT,ZTN 4424
MT,ZTN 4425
MT,ZTN 4430
MT,ZTN 4431
MT,ZTN 4432
MT,ZTN 4433
MT,ZTN 4450
MT,ZTN 4451
MT,ZTN 4452
MT,ZTN 4453
MT,ZTN 4461
MT,ZTN 4462
MT,ZTN 4463
MT,ZTN 4464
MT,ZTN 4465
MT,ZTN 4466
MT,ZTN 4467
MT,ZTN 4471
MT,ZTN 4472
MT,ZTN 4473
MT,ZTN 4500
MT,ZTN 4501
MT,ZTN 4502
MT,ZTN 4503
MT,ZTN 4504
MT,ZTN 4506
MT,ZTN 4507
MT,ZTN 4511
MT,ZTN 4700
MT,ZTN 4701
MT,ZTN 4702
MT,ZTN 4703
MT,ZTN 4704
MT,ZTN 4900
MT,ZTN 4902
MT,ZTN 4903
MT,ZTN 4910
MT,ZTN 4911
MT,ZTN 4920
MT,ZTN 4922
MT,ZTN 4990
MT,ZTN 9023
MT,ZTN 9025
MT,ZTN 9027
MT,ZTN 9029
MT,ZTN 9090
