postcode,area_source_id,relationship_type,is_primary
0001,no:municipality:oslo,served_by,true
0010,no:municipality:oslo,served_by,true
0015,no:municipality:oslo,served_by,true
0018,no:municipality:oslo,served_by,true
0021,no:municipality:oslo,served_by,true
0024,no:municipality:oslo,served_by,true
0026,no:municipality:oslo,served_by,true
0028,no:municipality:oslo,served_by,true
0030,no:municipality:oslo,served_by,true
0031,no:municipality:oslo,served_by,true
0032,no:municipality:oslo,served_by,true
0033,no:municipality:oslo,served_by,true
0034,no:municipality:oslo,served_by,true
0037,no:municipality:oslo,served_by,true
0045,no:municipality:oslo,served_by,true
0048,no:municipality:oslo,served_by,true
0050,no:municipality:oslo,served_by,true
0055,no:municipality:oslo,served_by,true
0101,no:municipality:oslo,served_by,true
0102,no:municipality:oslo,served_by,true
0103,no:municipality:oslo,served_by,true
0104,no:municipality:oslo,served_by,true
0105,no:municipality:oslo,served_by,true
0106,no:municipality:oslo,served_by,true
0107,no:municipality:oslo,served_by,true
0109,no:municipality:oslo,served_by,true
0110,no:municipality:oslo,served_by,true
0111,no:municipality:oslo,served_by,true
0112,no:municipality:oslo,served_by,true
0113,no:municipality:oslo,served_by,true
0114,no:municipality:oslo,served_by,true
0115,no:municipality:oslo,served_by,true
0116,no:municipality:oslo,served_by,true
0117,no:municipality:oslo,served_by,true
0118,no:municipality:oslo,served_by,true
0119,no:municipality:oslo,served_by,true
0120,no:municipality:oslo,served_by,true
0121,no:municipality:oslo,served_by,true
0122,no:municipality:oslo,served_by,true
0123,no:municipality:oslo,served_by,true
0124,no:municipality:oslo,served_by,true
0125,no:municipality:oslo,served_by,true
0128,no:municipality:oslo,served_by,true
0129,no:municipality:oslo,served_by,true
0130,no:municipality:oslo,served_by,true
0131,no:municipality:oslo,served_by,true
0132,no:municipality:oslo,served_by,true
0133,no:municipality:oslo,served_by,true
0134,no:municipality:oslo,served_by,true
0135,no:municipality:oslo,served_by,true
0136,no:municipality:oslo,served_by,true
0138,no:municipality:oslo,served_by,true
0139,no:municipality:oslo,served_by,true
0140,no:municipality:oslo,served_by,true
0150,no:municipality:oslo,served_by,true
0151,no:municipality:oslo,served_by,true
0152,no:municipality:oslo,served_by,true
0153,no:municipality:oslo,served_by,true
0154,no:municipality:oslo,served_by,true
0155,no:municipality:oslo,served_by,true
0157,no:municipality:oslo,served_by,true
0158,no:municipality:oslo,served_by,true
0159,no:municipality:oslo,served_by,true
0160,no:municipality:oslo,served_by,true
0161,no:municipality:oslo,served_by,true
0162,no:municipality:oslo,served_by,true
0164,no:municipality:oslo,served_by,true
0165,no:municipality:oslo,served_by,true
0166,no:municipality:oslo,served_by,true
0167,no:municipality:oslo,served_by,true
0168,no:municipality:oslo,served_by,true
0169,no:municipality:oslo,served_by,true
0170,no:municipality:oslo,served_by,true
0171,no:municipality:oslo,served_by,true
0172,no:municipality:oslo,served_by,true
0173,no:municipality:oslo,served_by,true
0174,no:municipality:oslo,served_by,true
0175,no:municipality:oslo,served_by,true
0176,no:municipality:oslo,served_by,true
0177,no:municipality:oslo,served_by,true
0178,no:municipality:oslo,served_by,true
0179,no:municipality:oslo,served_by,true
0180,no:municipality:oslo,served_by,true
0181,no:municipality:oslo,served_by,true
0182,no:municipality:oslo,served_by,true
0183,no:municipality:oslo,served_by,true
0184,no:municipality:oslo,served_by,true
0185,no:municipality:oslo,served_by,true
0186,no:municipality:oslo,served_by,true
0187,no:municipality:oslo,served_by,true
0188,no:municipality:oslo,served_by,true
0190,no:municipality:oslo,served_by,true
0191,no:municipality:oslo,served_by,true
0192,no:municipality:oslo,served_by,true
0193,no:municipality:oslo,served_by,true
0194,no:municipality:oslo,served_by,true
0195,no:municipality:oslo,served_by,true
0196,no:municipality:oslo,served_by,true
0198,no:municipality:oslo,served_by,true
0201,no:municipality:oslo,served_by,true
0202,no:municipality:oslo,served_by,true
0203,no:municipality:oslo,served_by,true
0204,no:municipality:oslo,served_by,true
0207,no:municipality:oslo,served_by,true
0208,no:municipality:oslo,served_by,true
0211,no:municipality:oslo,served_by,true
0212,no:municipality:oslo,served_by,true
0213,no:municipality:oslo,served_by,true
0214,no:municipality:oslo,served_by,true
0215,no:municipality:oslo,served_by,true
0216,no:municipality:oslo,served_by,true
0217,no:municipality:oslo,served_by,true
0218,no:municipality:oslo,served_by,true
0230,no:municipality:oslo,served_by,true
0240,no:municipality:oslo,served_by,true
0244,no:municipality:oslo,served_by,true
0247,no:municipality:oslo,served_by,true
0250,no:municipality:oslo,served_by,true
0251,no:municipality:oslo,served_by,true
0252,no:municipality:oslo,served_by,true
0253,no:municipality:oslo,served_by,true
0254,no:municipality:oslo,served_by,true
0255,no:municipality:oslo,served_by,true
0256,no:municipality:oslo,served_by,true
0257,no:municipality:oslo,served_by,true
0258,no:municipality:oslo,served_by,true
0259,no:municipality:oslo,served_by,true
0260,no:municipality:oslo,served_by,true
0262,no:municipality:oslo,served_by,true
0263,no:municipality:oslo,served_by,true
0264,no:municipality:oslo,served_by,true
0265,no:municipality:oslo,served_by,true
0266,no:municipality:oslo,served_by,true
0267,no:municipality:oslo,served_by,true
0268,no:municipality:oslo,served_by,true
0270,no:municipality:oslo,served_by,true
0271,no:municipality:oslo,served_by,true
0272,no:municipality:oslo,served_by,true
0273,no:municipality:oslo,served_by,true
0274,no:municipality:oslo,served_by,true
0275,no:municipality:oslo,served_by,true
0276,no:municipality:oslo,served_by,true
0277,no:municipality:oslo,served_by,true
0278,no:municipality:oslo,served_by,true
0279,no:municipality:oslo,served_by,true
0280,no:municipality:oslo,served_by,true
0281,no:municipality:oslo,served_by,true
0282,no:municipality:oslo,served_by,true
0283,no:municipality:oslo,served_by,true
0284,no:municipality:oslo,served_by,true
0286,no:municipality:oslo,served_by,true
0287,no:municipality:oslo,served_by,true
0301,no:municipality:oslo,served_by,true
0302,no:municipality:oslo,served_by,true
0303,no:municipality:oslo,served_by,true
0304,no:municipality:oslo,served_by,true
0305,no:municipality:oslo,served_by,true
0306,no:municipality:oslo,served_by,true
0307,no:municipality:oslo,served_by,true
0308,no:municipality:oslo,served_by,true
0309,no:municipality:oslo,served_by,true
0311,no:municipality:oslo,served_by,true
0313,no:municipality:oslo,served_by,true
0314,no:municipality:oslo,served_by,true
0315,no:municipality:oslo,served_by,true
0316,no:municipality:oslo,served_by,true
0317,no:municipality:oslo,served_by,true
0318,no:municipality:oslo,served_by,true
0319,no:municipality:oslo,served_by,true
0323,no:municipality:oslo,served_by,true
0330,no:municipality:oslo,served_by,true
0340,no:municipality:oslo,served_by,true
0349,no:municipality:oslo,served_by,true
0350,no:municipality:oslo,served_by,true
0351,no:municipality:oslo,served_by,true
0352,no:municipality:oslo,served_by,true
0353,no:municipality:oslo,served_by,true
0354,no:municipality:oslo,served_by,true
0355,no:municipality:oslo,served_by,true
0356,no:municipality:oslo,served_by,true
0357,no:municipality:oslo,served_by,true
0358,no:municipality:oslo,served_by,true
0359,no:municipality:oslo,served_by,true
0360,no:municipality:oslo,served_by,true
0361,no:municipality:oslo,served_by,true
0362,no:municipality:oslo,served_by,true
0363,no:municipality:oslo,served_by,true
0364,no:municipality:oslo,served_by,true
0365,no:municipality:oslo,served_by,true
0366,no:municipality:oslo,served_by,true
0367,no:municipality:oslo,served_by,true
0368,no:municipality:oslo,served_by,true
0369,no:municipality:oslo,served_by,true
0370,no:municipality:oslo,served_by,true
0371,no:municipality:oslo,served_by,true
0372,no:municipality:oslo,served_by,true
0373,no:municipality:oslo,served_by,true
0374,no:municipality:oslo,served_by,true
0375,no:municipality:oslo,served_by,true
0376,no:municipality:oslo,served_by,true
0377,no:municipality:oslo,served_by,true
0378,no:municipality:oslo,served_by,true
0379,no:municipality:oslo,served_by,true
0380,no:municipality:oslo,served_by,true
0381,no:municipality:oslo,served_by,true
0382,no:municipality:oslo,served_by,true
0383,no:municipality:oslo,served_by,true
0401,no:municipality:oslo,served_by,true
0402,no:municipality:oslo,served_by,true
0403,no:municipality:oslo,served_by,true
0404,no:municipality:oslo,served_by,true
0405,no:municipality:oslo,served_by,true
0406,no:municipality:oslo,served_by,true
0409,no:municipality:oslo,served_by,true
0410,no:municipality:oslo,served_by,true
0411,no:municipality:oslo,served_by,true
0412,no:municipality:oslo,served_by,true
0413,no:municipality:oslo,served_by,true
0415,no:municipality:oslo,served_by,true
0421,no:municipality:oslo,served_by,true
0422,no:municipality:oslo,served_by,true
0423,no:municipality:oslo,served_by,true
0424,no:municipality:oslo,served_by,true
0440,no:municipality:oslo,served_by,true
0441,no:municipality:oslo,served_by,true
0442,no:municipality:oslo,served_by,true
0445,no:municipality:oslo,served_by,true
0450,no:municipality:oslo,served_by,true
0451,no:municipality:oslo,served_by,true
0452,no:municipality:oslo,served_by,true
0454,no:municipality:oslo,served_by,true
0455,no:municipality:oslo,served_by,true
0456,no:municipality:oslo,served_by,true
0457,no:municipality:oslo,served_by,true
0458,no:municipality:oslo,served_by,true
0459,no:municipality:oslo,served_by,true
0460,no:municipality:oslo,served_by,true
0461,no:municipality:oslo,served_by,true
0462,no:municipality:oslo,served_by,true
0463,no:municipality:oslo,served_by,true
0464,no:municipality:oslo,served_by,true
0465,no:municipality:oslo,served_by,true
0467,no:municipality:oslo,served_by,true
0468,no:municipality:oslo,served_by,true
0469,no:municipality:oslo,served_by,true
0470,no:municipality:oslo,served_by,true
0472,no:municipality:oslo,served_by,true
0473,no:municipality:oslo,served_by,true
0474,no:municipality:oslo,served_by,true
0475,no:municipality:oslo,served_by,true
0476,no:municipality:oslo,served_by,true
0477,no:municipality:oslo,served_by,true
0478,no:municipality:oslo,served_by,true
0479,no:municipality:oslo,served_by,true
0480,no:municipality:oslo,served_by,true
0481,no:municipality:oslo,served_by,true
0482,no:municipality:oslo,served_by,true
0483,no:municipality:oslo,served_by,true
0484,no:municipality:oslo,served_by,true
0485,no:municipality:oslo,served_by,true
0486,no:municipality:oslo,served_by,true
0487,no:municipality:oslo,served_by,true
0488,no:municipality:oslo,served_by,true
0489,no:municipality:oslo,served_by,true
0490,no:municipality:oslo,served_by,true
0491,no:municipality:oslo,served_by,true
0492,no:municipality:oslo,served_by,true
0493,no:municipality:oslo,served_by,true
0494,no:municipality:oslo,served_by,true
0495,no:municipality:oslo,served_by,true
0496,no:municipality:oslo,served_by,true
0501,no:municipality:oslo,served_by,true
0502,no:municipality:oslo,served_by,true
0503,no:municipality:oslo,served_by,true
0504,no:municipality:oslo,served_by,true
0505,no:municipality:oslo,served_by,true
0506,no:municipality:oslo,served_by,true
0507,no:municipality:oslo,served_by,true
0508,no:municipality:oslo,served_by,true
0509,no:municipality:oslo,served_by,true
0510,no:municipality:oslo,served_by,true
0511,no:municipality:oslo,served_by,true
0512,no:municipality:oslo,served_by,true
0513,no:municipality:oslo,served_by,true
0515,no:municipality:oslo,served_by,true
0516,no:municipality:oslo,served_by,true
0517,no:municipality:oslo,served_by,true
0518,no:municipality:oslo,served_by,true
0520,no:municipality:oslo,served_by,true
0550,no:municipality:oslo,served_by,true
0551,no:municipality:oslo,served_by,true
0552,no:municipality:oslo,served_by,true
0553,no:municipality:oslo,served_by,true
0554,no:municipality:oslo,served_by,true
0555,no:municipality:oslo,served_by,true
0556,no:municipality:oslo,served_by,true
0557,no:municipality:oslo,served_by,true
0558,no:municipality:oslo,served_by,true
0559,no:municipality:oslo,served_by,true
0560,no:municipality:oslo,served_by,true
0561,no:municipality:oslo,served_by,true
0562,no:municipality:oslo,served_by,true
0563,no:municipality:oslo,served_by,true
0564,no:municipality:oslo,served_by,true
0565,no:municipality:oslo,served_by,true
0566,no:municipality:oslo,served_by,true
0567,no:municipality:oslo,served_by,true
0568,no:municipality:oslo,served_by,true
0569,no:municipality:oslo,served_by,true
0570,no:municipality:oslo,served_by,true
0571,no:municipality:oslo,served_by,true
0572,no:municipality:oslo,served_by,true
0573,no:municipality:oslo,served_by,true
0574,no:municipality:oslo,served_by,true
0575,no:municipality:oslo,served_by,true
0576,no:municipality:oslo,served_by,true
0577,no:municipality:oslo,served_by,true
0578,no:municipality:oslo,served_by,true
0579,no:municipality:oslo,served_by,true
0580,no:municipality:oslo,served_by,true
0581,no:municipality:oslo,served_by,true
0582,no:municipality:oslo,served_by,true
0583,no:municipality:oslo,served_by,true
0584,no:municipality:oslo,served_by,true
0585,no:municipality:oslo,served_by,true
0586,no:municipality:oslo,served_by,true
0587,no:municipality:oslo,served_by,true
0588,no:municipality:oslo,served_by,true
0589,no:municipality:oslo,served_by,true
0590,no:municipality:oslo,served_by,true
0591,no:municipality:oslo,served_by,true
0592,no:municipality:oslo,served_by,true
0593,no:municipality:oslo,served_by,true
0594,no:municipality:oslo,served_by,true
0595,no:municipality:oslo,served_by,true
0596,no:municipality:oslo,served_by,true
0597,no:municipality:oslo,served_by,true
0598,no:municipality:oslo,served_by,true
0601,no:municipality:oslo,served_by,true
0602,no:municipality:oslo,served_by,true
0603,no:municipality:oslo,served_by,true
0604,no:municipality:oslo,served_by,true
0605,no:municipality:oslo,served_by,true
0606,no:municipality:oslo,served_by,true
0607,no:municipality:oslo,served_by,true
0608,no:municipality:oslo,served_by,true
0609,no:municipality:oslo,served_by,true
0611,no:municipality:oslo,served_by,true
0612,no:municipality:oslo,served_by,true
0613,no:municipality:oslo,served_by,true
0614,no:municipality:oslo,served_by,true
0615,no:municipality:oslo,served_by,true
0616,no:municipality:oslo,served_by,true
0617,no:municipality:oslo,served_by,true
0618,no:municipality:oslo,served_by,true
0619,no:municipality:oslo,served_by,true
0620,no:municipality:oslo,served_by,true
0621,no:municipality:oslo,served_by,true
0622,no:municipality:oslo,served_by,true
0623,no:municipality:oslo,served_by,true
0624,no:municipality:oslo,served_by,true
0626,no:municipality:oslo,served_by,true
0650,no:municipality:oslo,served_by,true
0651,no:municipality:oslo,served_by,true
0652,no:municipality:oslo,served_by,true
0653,no:municipality:oslo,served_by,true
0654,no:municipality:oslo,served_by,true
0655,no:municipality:oslo,served_by,true
0656,no:municipality:oslo,served_by,true
0657,no:municipality:oslo,served_by,true
0658,no:municipality:oslo,served_by,true
0659,no:municipality:oslo,served_by,true
0660,no:municipality:oslo,served_by,true
0661,no:municipality:oslo,served_by,true
0662,no:municipality:oslo,served_by,true
0663,no:municipality:oslo,served_by,true
0664,no:municipality:oslo,served_by,true
0665,no:municipality:oslo,served_by,true
0666,no:municipality:oslo,served_by,true
0667,no:municipality:oslo,served_by,true
0668,no:municipality:oslo,served_by,true
0669,no:municipality:oslo,served_by,true
0670,no:municipality:oslo,served_by,true
0671,no:municipality:oslo,served_by,true
0672,no:municipality:oslo,served_by,true
0673,no:municipality:oslo,served_by,true
0674,no:municipality:oslo,served_by,true
0675,no:municipality:oslo,served_by,true
0676,no:municipality:oslo,served_by,true
0677,no:municipality:oslo,served_by,true
0678,no:municipality:oslo,served_by,true
0679,no:municipality:oslo,served_by,true
0680,no:municipality:oslo,served_by,true
0681,no:municipality:oslo,served_by,true
0682,no:municipality:oslo,served_by,true
0683,no:municipality:oslo,served_by,true
0684,no:municipality:oslo,served_by,true
0685,no:municipality:oslo,served_by,true
0686,no:municipality:oslo,served_by,true
0687,no:municipality:oslo,served_by,true
0688,no:municipality:oslo,served_by,true
0689,no:municipality:oslo,served_by,true
0690,no:municipality:oslo,served_by,true
0691,no:municipality:oslo,served_by,true
0692,no:municipality:oslo,served_by,true
0693,no:municipality:oslo,served_by,true
0694,no:municipality:oslo,served_by,true
0701,no:municipality:oslo,served_by,true
0702,no:municipality:oslo,served_by,true
0705,no:municipality:oslo,served_by,true
0710,no:municipality:oslo,served_by,true
0712,no:municipality:oslo,served_by,true
0750,no:municipality:oslo,served_by,true
0751,no:municipality:oslo,served_by,true
0752,no:municipality:oslo,served_by,true
0753,no:municipality:oslo,served_by,true
0754,no:municipality:oslo,served_by,true
0755,no:municipality:oslo,served_by,true
0756,no:municipality:oslo,served_by,true
0757,no:municipality:oslo,served_by,true
0758,no:municipality:oslo,served_by,true
0760,no:municipality:oslo,served_by,true
0763,no:municipality:oslo,served_by,true
0764,no:municipality:oslo,served_by,true
0765,no:municipality:oslo,served_by,true
0766,no:municipality:oslo,served_by,true
0767,no:municipality:oslo,served_by,true
0768,no:municipality:oslo,served_by,true
0770,no:municipality:oslo,served_by,true
0771,no:municipality:oslo,served_by,true
0772,no:municipality:oslo,served_by,true
0773,no:municipality:oslo,served_by,true
0774,no:municipality:oslo,served_by,true
0775,no:municipality:oslo,served_by,true
0776,no:municipality:oslo,served_by,true
0777,no:municipality:oslo,served_by,true
0778,no:municipality:oslo,served_by,true
0779,no:municipality:oslo,served_by,true
0781,no:municipality:oslo,served_by,true
0782,no:municipality:oslo,served_by,true
0783,no:municipality:oslo,served_by,true
0784,no:municipality:oslo,served_by,true
0785,no:municipality:oslo,served_by,true
0786,no:municipality:oslo,served_by,true
0787,no:municipality:oslo,served_by,true
0788,no:municipality:oslo,served_by,true
0789,no:municipality:oslo,served_by,true
0790,no:municipality:oslo,served_by,true
0791,no:municipality:oslo,served_by,true
0801,no:municipality:oslo,served_by,true
0805,no:municipality:oslo,served_by,true
0806,no:municipality:oslo,served_by,true
0807,no:municipality:oslo,served_by,true
0840,no:municipality:oslo,served_by,true
0850,no:municipality:oslo,served_by,true
0851,no:municipality:oslo,served_by,true
0852,no:municipality:oslo,served_by,true
0853,no:municipality:oslo,served_by,true
0854,no:municipality:oslo,served_by,true
0855,no:municipality:oslo,served_by,true
0856,no:municipality:oslo,served_by,true
0857,no:municipality:oslo,served_by,true
0858,no:municipality:oslo,served_by,true
0860,no:municipality:oslo,served_by,true
0861,no:municipality:oslo,served_by,true
0862,no:municipality:oslo,served_by,true
0863,no:municipality:oslo,served_by,true
0864,no:municipality:oslo,served_by,true
0870,no:municipality:oslo,served_by,true
0871,no:municipality:oslo,served_by,true
0872,no:municipality:oslo,served_by,true
0873,no:municipality:oslo,served_by,true
0874,no:municipality:oslo,served_by,true
0875,no:municipality:oslo,served_by,true
0876,no:municipality:oslo,served_by,true
0877,no:municipality:oslo,served_by,true
0880,no:municipality:oslo,served_by,true
0881,no:municipality:oslo,served_by,true
0882,no:municipality:oslo,served_by,true
0883,no:municipality:oslo,served_by,true
0884,no:municipality:oslo,served_by,true
0890,no:municipality:oslo,served_by,true
0891,no:municipality:oslo,served_by,true
0901,no:municipality:oslo,served_by,true
0902,no:municipality:oslo,served_by,true
0903,no:municipality:oslo,served_by,true
0904,no:municipality:oslo,served_by,true
0905,no:municipality:oslo,served_by,true
0907,no:municipality:oslo,served_by,true
0908,no:municipality:oslo,served_by,true
0913,no:municipality:oslo,served_by,true
0914,no:municipality:oslo,served_by,true
0915,no:municipality:oslo,served_by,true
0950,no:municipality:oslo,served_by,true
0951,no:municipality:oslo,served_by,true
0952,no:municipality:oslo,served_by,true
0953,no:municipality:oslo,served_by,true
0954,no:municipality:oslo,served_by,true
0955,no:municipality:oslo,served_by,true
0956,no:municipality:oslo,served_by,true
0957,no:municipality:oslo,served_by,true
0958,no:municipality:oslo,served_by,true
0959,no:municipality:oslo,served_by,true
0960,no:municipality:oslo,served_by,true
0962,no:municipality:oslo,served_by,true
0963,no:municipality:oslo,served_by,true
0964,no:municipality:oslo,served_by,true
0968,no:municipality:oslo,served_by,true
0969,no:municipality:oslo,served_by,true
0970,no:municipality:oslo,served_by,true
0971,no:municipality:oslo,served_by,true
0972,no:municipality:oslo,served_by,true
0973,no:municipality:oslo,served_by,true
0975,no:municipality:oslo,served_by,true
0976,no:municipality:oslo,served_by,true
0977,no:municipality:oslo,served_by,true
0978,no:municipality:oslo,served_by,true
0979,no:municipality:oslo,served_by,true
0980,no:municipality:oslo,served_by,true
0981,no:municipality:oslo,served_by,true
0982,no:municipality:oslo,served_by,true
0983,no:municipality:oslo,served_by,true
0984,no:municipality:oslo,served_by,true
0985,no:municipality:oslo,served_by,true
0986,no:municipality:oslo,served_by,true
0987,no:municipality:oslo,served_by,true
0988,no:municipality:oslo,served_by,true
1001,no:municipality:oslo,served_by,true
1003,no:municipality:oslo,served_by,true
1005,no:municipality:oslo,served_by,true
1006,no:municipality:oslo,served_by,true
1007,no:municipality:oslo,served_by,true
1008,no:municipality:oslo,served_by,true
1009,no:municipality:oslo,served_by,true
1011,no:municipality:oslo,served_by,true
1051,no:municipality:oslo,served_by,true
1052,no:municipality:oslo,served_by,true
1053,no:municipality:oslo,served_by,true
1054,no:municipality:oslo,served_by,true
1055,no:municipality:oslo,served_by,true
1056,no:municipality:oslo,served_by,true
1061,no:municipality:oslo,served_by,true
1062,no:municipality:oslo,served_by,true
1063,no:municipality:oslo,served_by,true
1064,no:municipality:oslo,served_by,true
1065,no:municipality:oslo,served_by,true
1067,no:municipality:oslo,served_by,true
1068,no:municipality:oslo,served_by,true
1069,no:municipality:oslo,served_by,true
1071,no:municipality:oslo,served_by,true
1081,no:municipality:oslo,served_by,true
1083,no:municipality:oslo,served_by,true
1084,no:municipality:oslo,served_by,true
1086,no:municipality:oslo,served_by,true
1087,no:municipality:oslo,served_by,true
1088,no:municipality:oslo,served_by,true
1089,no:municipality:oslo,served_by,true
1101,no:municipality:oslo,served_by,true
1102,no:municipality:oslo,served_by,true
1108,no:municipality:oslo,served_by,true
1109,no:municipality:oslo,served_by,true
1112,no:municipality:oslo,served_by,true
1150,no:municipality:oslo,served_by,true
1151,no:municipality:oslo,served_by,true
1152,no:municipality:oslo,served_by,true
1153,no:municipality:oslo,served_by,true
1154,no:municipality:oslo,served_by,true
1155,no:municipality:oslo,served_by,true
1156,no:municipality:oslo,served_by,true
1157,no:municipality:oslo,served_by,true
1158,no:municipality:oslo,served_by,true
1160,no:municipality:oslo,served_by,true
1161,no:municipality:oslo,served_by,true
1162,no:municipality:oslo,served_by,true
1163,no:municipality:oslo,served_by,true
1164,no:municipality:oslo,served_by,true
1165,no:municipality:oslo,served_by,true
1166,no:municipality:oslo,served_by,true
1167,no:municipality:oslo,served_by,true
1168,no:municipality:oslo,served_by,true
1169,no:municipality:oslo,served_by,true
1170,no:municipality:oslo,served_by,true
1172,no:municipality:oslo,served_by,true
1176,no:municipality:oslo,served_by,true
1177,no:municipality:oslo,served_by,true
1178,no:municipality:oslo,served_by,true
1179,no:municipality:oslo,served_by,true
1181,no:municipality:oslo,served_by,true
1182,no:municipality:oslo,served_by,true
1184,no:municipality:oslo,served_by,true
1185,no:municipality:oslo,served_by,true
1187,no:municipality:oslo,served_by,true
1188,no:municipality:oslo,served_by,true
1189,no:municipality:oslo,served_by,true
1201,no:municipality:oslo,served_by,true
1203,no:municipality:oslo,served_by,true
1204,no:municipality:oslo,served_by,true
1205,no:municipality:oslo,served_by,true
1207,no:municipality:oslo,served_by,true
1214,no:municipality:oslo,served_by,true
1215,no:municipality:oslo,served_by,true
1250,no:municipality:oslo,served_by,true
1251,no:municipality:oslo,served_by,true
1252,no:municipality:oslo,served_by,true
1253,no:municipality:oslo,served_by,true
1254,no:municipality:oslo,served_by,true
1255,no:municipality:oslo,served_by,true
1256,no:municipality:oslo,served_by,true
1257,no:municipality:oslo,served_by,true
1258,no:municipality:oslo,served_by,true
1259,no:municipality:oslo,served_by,true
1262,no:municipality:oslo,served_by,true
1263,no:municipality:oslo,served_by,true
1266,no:municipality:oslo,served_by,true
1270,no:municipality:oslo,served_by,true
1271,no:municipality:oslo,served_by,true
1272,no:municipality:oslo,served_by,true
1273,no:municipality:oslo,served_by,true
1274,no:municipality:oslo,served_by,true
1275,no:municipality:oslo,served_by,true
1278,no:municipality:oslo,served_by,true
1279,no:municipality:oslo,served_by,true
1281,no:municipality:oslo,served_by,true
1283,no:municipality:oslo,served_by,true
1284,no:municipality:oslo,served_by,true
1285,no:municipality:oslo,served_by,true
1286,no:municipality:oslo,served_by,true
1290,no:municipality:oslo,served_by,true
1291,no:municipality:oslo,served_by,true
1294,no:municipality:oslo,served_by,true
1295,no:municipality:oslo,served_by,true
1300,no:municipality:baerum,served_by,true
1301,no:municipality:baerum,served_by,true
1302,no:municipality:baerum,served_by,true
1303,no:municipality:baerum,served_by,true
1304,no:municipality:baerum,served_by,true
1305,no:municipality:baerum,served_by,true
1306,no:municipality:baerum,served_by,true
1307,no:municipality:baerum,served_by,true
1308,no:municipality:baerum,served_by,true
1309,no:municipality:baerum,served_by,true
1311,no:municipality:baerum,served_by,true
1312,no:municipality:baerum,served_by,true
1313,no:municipality:baerum,served_by,true
1314,no:municipality:baerum,served_by,true
1316,no:municipality:baerum,served_by,true
1317,no:municipality:baerum,served_by,true
1318,no:municipality:baerum,served_by,true
1319,no:municipality:baerum,served_by,true
1321,no:municipality:baerum,served_by,true
1322,no:municipality:baerum,served_by,true
1323,no:municipality:baerum,served_by,true
1324,no:municipality:baerum,served_by,true
1325,no:municipality:baerum,served_by,true
1326,no:municipality:baerum,served_by,true
1327,no:municipality:baerum,served_by,true
1328,no:municipality:baerum,served_by,true
1329,no:municipality:baerum,served_by,true
1330,no:municipality:baerum,served_by,true
1331,no:municipality:baerum,served_by,true
1332,no:municipality:baerum,served_by,true
1333,no:municipality:baerum,served_by,true
1334,no:municipality:baerum,served_by,true
1335,no:municipality:baerum,served_by,true
1336,no:municipality:baerum,served_by,true
1337,no:municipality:baerum,served_by,true
1338,no:municipality:baerum,served_by,true
1339,no:municipality:baerum,served_by,true
1340,no:municipality:baerum,served_by,true
1341,no:municipality:baerum,served_by,true
1342,no:municipality:baerum,served_by,true
1344,no:municipality:baerum,served_by,true
1346,no:municipality:baerum,served_by,true
1348,no:municipality:baerum,served_by,true
1349,no:municipality:baerum,served_by,true
1350,no:municipality:baerum,served_by,true
1351,no:municipality:baerum,served_by,true
1352,no:municipality:baerum,served_by,true
1353,no:municipality:baerum,served_by,true
1354,no:municipality:baerum,served_by,true
1356,no:municipality:baerum,served_by,true
1357,no:municipality:baerum,served_by,true
1358,no:municipality:baerum,served_by,true
1359,no:municipality:baerum,served_by,true
1360,no:municipality:baerum,served_by,true
1361,no:municipality:baerum,served_by,true
1362,no:municipality:baerum,served_by,true
1363,no:municipality:baerum,served_by,true
1364,no:municipality:baerum,served_by,true
1365,no:municipality:baerum,served_by,true
1366,no:municipality:baerum,served_by,true
1367,no:municipality:baerum,served_by,true
1368,no:municipality:baerum,served_by,true
1369,no:municipality:baerum,served_by,true
1371,no:municipality:asker,served_by,true
1372,no:municipality:asker,served_by,true
1373,no:municipality:asker,served_by,true
1375,no:municipality:asker,served_by,true
1376,no:municipality:asker,served_by,true
1377,no:municipality:asker,served_by,true
1378,no:municipality:asker,served_by,true
1379,no:municipality:asker,served_by,true
1380,no:municipality:asker,served_by,true
1381,no:municipality:asker,served_by,true
1383,no:municipality:asker,served_by,true
1384,no:municipality:asker,served_by,true
1385,no:municipality:asker,served_by,true
1386,no:municipality:asker,served_by,true
1387,no:municipality:asker,served_by,true
1388,no:municipality:asker,served_by,true
1389,no:municipality:asker,served_by,true
1390,no:municipality:asker,served_by,true
1391,no:municipality:asker,served_by,true
1392,no:municipality:asker,served_by,true
1393,no:municipality:asker,served_by,true
1394,no:municipality:asker,served_by,true
1395,no:municipality:asker,served_by,true
1396,no:municipality:asker,served_by,true
1397,no:municipality:asker,served_by,true
1399,no:municipality:asker,served_by,true
1400,no:municipality:nordre-follo,served_by,true
1401,no:municipality:nordre-follo,served_by,true
1402,no:municipality:nordre-follo,served_by,true
1403,no:municipality:nordre-follo,served_by,true
1404,no:municipality:nordre-follo,served_by,true
1405,no:municipality:nordre-follo,served_by,true
1406,no:municipality:nordre-follo,served_by,true
1407,no:municipality:as,served_by,true
1408,no:municipality:nordre-follo,served_by,true
1409,no:municipality:nordre-follo,served_by,true
1410,no:municipality:nordre-follo,served_by,true
1411,no:municipality:nordre-follo,served_by,true
1412,no:municipality:nordre-follo,served_by,true
1413,no:municipality:nordre-follo,served_by,true
1414,no:municipality:nordre-follo,served_by,true
1415,no:municipality:nordre-follo,served_by,true
1416,no:municipality:nordre-follo,served_by,true
1417,no:municipality:nordre-follo,served_by,true
1418,no:municipality:nordre-follo,served_by,true
1419,no:municipality:nordre-follo,served_by,true
1420,no:municipality:nordre-follo,served_by,true
1421,no:municipality:nordre-follo,served_by,true
1422,no:municipality:nordre-follo,served_by,true
1423,no:municipality:nordre-follo,served_by,true
1424,no:municipality:nordre-follo,served_by,true
1425,no:municipality:nordre-follo,served_by,true
1429,no:municipality:as,served_by,true
1430,no:municipality:as,served_by,true
1431,no:municipality:as,served_by,true
1432,no:municipality:as,served_by,true
1433,no:municipality:as,served_by,true
1434,no:municipality:as,served_by,true
1435,no:municipality:as,served_by,true
1440,no:municipality:frogn,served_by,true
1441,no:municipality:frogn,served_by,true
1442,no:municipality:frogn,served_by,true
1443,no:municipality:frogn,served_by,true
1444,no:municipality:frogn,served_by,true
1445,no:municipality:frogn,served_by,true
1446,no:municipality:frogn,served_by,true
1447,no:municipality:frogn,served_by,true
1448,no:municipality:frogn,served_by,true
1449,no:municipality:frogn,served_by,true
1450,no:municipality:nesodden,served_by,true
1451,no:municipality:nesodden,served_by,true
1452,no:municipality:nesodden,served_by,true
1453,no:municipality:nesodden,served_by,true
1454,no:municipality:nesodden,served_by,true
1455,no:municipality:frogn,served_by,true
1456,no:municipality:nesodden,served_by,true
1457,no:municipality:nesodden,served_by,true
1458,no:municipality:nesodden,served_by,true
1459,no:municipality:nesodden,served_by,true
1461,no:municipality:lorenskog,served_by,true
1462,no:municipality:lorenskog,served_by,true
1463,no:municipality:lorenskog,served_by,true
1464,no:municipality:lorenskog,served_by,true
1465,no:municipality:lillestrom,served_by,true
1466,no:municipality:lillestrom,served_by,true
1467,no:municipality:lillestrom,served_by,true
1468,no:municipality:lorenskog,served_by,true
1469,no:municipality:lorenskog,served_by,true
1470,no:municipality:lorenskog,served_by,true
1471,no:municipality:lorenskog,served_by,true
1472,no:municipality:lorenskog,served_by,true
1473,no:municipality:lorenskog,served_by,true
1474,no:municipality:lorenskog,served_by,true
1475,no:municipality:lorenskog,served_by,true
1476,no:municipality:lorenskog,served_by,true
1477,no:municipality:lorenskog,served_by,true
1478,no:municipality:lorenskog,served_by,true
1479,no:municipality:lorenskog,served_by,true
1480,no:municipality:nittedal,served_by,true
1481,no:municipality:nittedal,served_by,true
1482,no:municipality:nittedal,served_by,true
1483,no:municipality:nittedal,served_by,true
1484,no:municipality:nittedal,served_by,true
1485,no:municipality:nittedal,served_by,true
1486,no:municipality:nittedal,served_by,true
1487,no:municipality:nittedal,served_by,true
1488,no:municipality:nittedal,served_by,true
1501,no:municipality:moss,served_by,true
1502,no:municipality:moss,served_by,true
1503,no:municipality:moss,served_by,true
1504,no:municipality:moss,served_by,true
1506,no:municipality:moss,served_by,true
1508,no:municipality:moss,served_by,true
1509,no:municipality:moss,served_by,true
1510,no:municipality:moss,served_by,true
1511,no:municipality:moss,served_by,true
1512,no:municipality:moss,served_by,true
1513,no:municipality:moss,served_by,true
1514,no:municipality:moss,served_by,true
1515,no:municipality:moss,served_by,true
1516,no:municipality:moss,served_by,true
1517,no:municipality:moss,served_by,true
1518,no:municipality:moss,served_by,true
1519,no:municipality:moss,served_by,true
1520,no:municipality:moss,served_by,true
1521,no:municipality:moss,served_by,true
1522,no:municipality:moss,served_by,true
1523,no:municipality:moss,served_by,true
1524,no:municipality:moss,served_by,true
1525,no:municipality:moss,served_by,true
1526,no:municipality:moss,served_by,true
1528,no:municipality:moss,served_by,true
1529,no:municipality:moss,served_by,true
1530,no:municipality:moss,served_by,true
1531,no:municipality:moss,served_by,true
1532,no:municipality:moss,served_by,true
1533,no:municipality:moss,served_by,true
1534,no:municipality:moss,served_by,true
1535,no:municipality:moss,served_by,true
1536,no:municipality:moss,served_by,true
1537,no:municipality:moss,served_by,true
1538,no:municipality:moss,served_by,true
1539,no:municipality:moss,served_by,true
1540,no:municipality:vestby,served_by,true
1541,no:municipality:vestby,served_by,true
1542,no:municipality:vestby,served_by,true
1543,no:municipality:vestby,served_by,true
1544,no:municipality:vestby,served_by,true
1545,no:municipality:vestby,served_by,true
1550,no:municipality:vestby,served_by,true
1553,no:municipality:vestby,served_by,true
1554,no:municipality:vestby,served_by,true
1555,no:municipality:vestby,served_by,true
1556,no:municipality:vestby,served_by,true
1560,no:municipality:moss,served_by,true
1561,no:municipality:moss,served_by,true
1570,no:municipality:moss,served_by,true
1580,no:municipality:moss,served_by,true
1581,no:municipality:moss,served_by,true
1590,no:municipality:moss,served_by,true
1591,no:municipality:valer,served_by,true
1592,no:municipality:valer,served_by,true
1593,no:municipality:valer,served_by,true
1594,no:municipality:valer,served_by,true
1596,no:municipality:moss,served_by,true
1597,no:municipality:moss,served_by,true
1598,no:municipality:moss,served_by,true
1599,no:municipality:moss,served_by,true
1601,no:municipality:fredrikstad,served_by,true
1602,no:municipality:fredrikstad,served_by,true
1604,no:municipality:fredrikstad,served_by,true
1605,no:municipality:fredrikstad,served_by,true
1606,no:municipality:fredrikstad,served_by,true
1607,no:municipality:fredrikstad,served_by,true
1608,no:municipality:fredrikstad,served_by,true
1609,no:municipality:fredrikstad,served_by,true
1610,no:municipality:fredrikstad,served_by,true
1612,no:municipality:fredrikstad,served_by,true
1613,no:municipality:fredrikstad,served_by,true
1614,no:municipality:fredrikstad,served_by,true
1615,no:municipality:fredrikstad,served_by,true
1616,no:municipality:fredrikstad,served_by,true
1617,no:municipality:fredrikstad,served_by,true
1618,no:municipality:fredrikstad,served_by,true
1619,no:municipality:fredrikstad,served_by,true
1620,no:municipality:fredrikstad,served_by,true
1621,no:municipality:fredrikstad,served_by,true
1622,no:municipality:fredrikstad,served_by,true
1623,no:municipality:fredrikstad,served_by,true
1624,no:municipality:fredrikstad,served_by,true
1625,no:municipality:fredrikstad,served_by,true
1626,no:municipality:fredrikstad,served_by,true
1628,no:municipality:fredrikstad,served_by,true
1629,no:municipality:fredrikstad,served_by,true
1630,no:municipality:fredrikstad,served_by,true
1632,no:municipality:fredrikstad,served_by,true
1633,no:municipality:fredrikstad,served_by,true
1634,no:municipality:fredrikstad,served_by,true
1636,no:municipality:fredrikstad,served_by,true
1637,no:municipality:fredrikstad,served_by,true
1638,no:municipality:fredrikstad,served_by,true
1639,no:municipality:fredrikstad,served_by,true
1640,no:municipality:rade,served_by,true
1641,no:municipality:rade,served_by,true
1642,no:municipality:rade,served_by,true
1643,no:municipality:rade,served_by,true
1650,no:municipality:fredrikstad,served_by,true
1651,no:municipality:fredrikstad,served_by,true
1653,no:municipality:fredrikstad,served_by,true
1654,no:municipality:fredrikstad,served_by,true
1655,no:municipality:fredrikstad,served_by,true
1657,no:municipality:fredrikstad,served_by,true
1658,no:municipality:fredrikstad,served_by,true
1659,no:municipality:fredrikstad,served_by,true
1661,no:municipality:fredrikstad,served_by,true
1662,no:municipality:fredrikstad,served_by,true
1663,no:municipality:fredrikstad,served_by,true
1664,no:municipality:fredrikstad,served_by,true
1665,no:municipality:fredrikstad,served_by,true
1666,no:municipality:fredrikstad,served_by,true
1667,no:municipality:fredrikstad,served_by,true
1670,no:municipality:fredrikstad,served_by,true
1671,no:municipality:fredrikstad,served_by,true
1672,no:municipality:fredrikstad,served_by,true
1673,no:municipality:fredrikstad,served_by,true
1675,no:municipality:fredrikstad,served_by,true
1676,no:municipality:fredrikstad,served_by,true
1678,no:municipality:fredrikstad,served_by,true
1679,no:municipality:fredrikstad,served_by,true
1680,no:municipality:hvaler,served_by,true
1682,no:municipality:hvaler,served_by,true
1683,no:municipality:hvaler,served_by,true
1684,no:municipality:hvaler,served_by,true
1690,no:municipality:hvaler,served_by,true
1692,no:municipality:hvaler,served_by,true
1701,no:municipality:sarpsborg,served_by,true
1702,no:municipality:sarpsborg,served_by,true
1703,no:municipality:sarpsborg,served_by,true
1704,no:municipality:sarpsborg,served_by,true
1705,no:municipality:sarpsborg,served_by,true
1706,no:municipality:sarpsborg,served_by,true
1707,no:municipality:sarpsborg,served_by,true
1708,no:municipality:sarpsborg,served_by,true
1709,no:municipality:sarpsborg,served_by,true
1710,no:municipality:sarpsborg,served_by,true
1711,no:municipality:sarpsborg,served_by,true
1712,no:municipality:sarpsborg,served_by,true
1713,no:municipality:sarpsborg,served_by,true
1714,no:municipality:sarpsborg,served_by,true
1715,no:municipality:sarpsborg,served_by,true
1718,no:municipality:sarpsborg,served_by,true
1719,no:municipality:sarpsborg,served_by,true
1720,no:municipality:sarpsborg,served_by,true
1721,no:municipality:sarpsborg,served_by,true
1722,no:municipality:sarpsborg,served_by,true
1723,no:municipality:sarpsborg,served_by,true
1724,no:municipality:sarpsborg,served_by,true
1725,no:municipality:sarpsborg,served_by,true
1726,no:municipality:sarpsborg,served_by,true
1727,no:municipality:sarpsborg,served_by,true
1730,no:municipality:sarpsborg,served_by,true
1733,no:municipality:sarpsborg,served_by,true
1734,no:municipality:sarpsborg,served_by,true
1735,no:municipality:sarpsborg,served_by,true
1738,no:municipality:sarpsborg,served_by,true
1739,no:municipality:sarpsborg,served_by,true
1740,no:municipality:sarpsborg,served_by,true
1742,no:municipality:sarpsborg,served_by,true
1743,no:municipality:sarpsborg,served_by,true
1745,no:municipality:sarpsborg,served_by,true
1746,no:municipality:sarpsborg,served_by,true
1747,no:municipality:sarpsborg,served_by,true
1751,no:municipality:halden,served_by,true
1752,no:municipality:halden,served_by,true
1753,no:municipality:halden,served_by,true
1754,no:municipality:halden,served_by,true
1757,no:municipality:halden,served_by,true
1759,no:municipality:halden,served_by,true
1760,no:municipality:halden,served_by,true
1761,no:municipality:halden,served_by,true
1762,no:municipality:halden,served_by,true
1763,no:municipality:halden,served_by,true
1764,no:municipality:halden,served_by,true
1765,no:municipality:halden,served_by,true
1766,no:municipality:halden,served_by,true
1767,no:municipality:halden,served_by,true
1768,no:municipality:halden,served_by,true
1769,no:municipality:halden,served_by,true
1771,no:municipality:halden,served_by,true
1772,no:municipality:halden,served_by,true
1776,no:municipality:halden,served_by,true
1777,no:municipality:halden,served_by,true
1778,no:municipality:halden,served_by,true
1779,no:municipality:halden,served_by,true
1781,no:municipality:halden,served_by,true
1782,no:municipality:halden,served_by,true
1783,no:municipality:halden,served_by,true
1784,no:municipality:halden,served_by,true
1785,no:municipality:halden,served_by,true
1786,no:municipality:halden,served_by,true
1787,no:municipality:halden,served_by,true
1788,no:municipality:halden,served_by,true
1789,no:municipality:halden,served_by,true
1790,no:municipality:halden,served_by,true
1791,no:municipality:halden,served_by,true
1792,no:municipality:halden,served_by,true
1793,no:municipality:halden,served_by,true
1794,no:municipality:halden,served_by,true
1796,no:municipality:halden,served_by,true
1798,no:municipality:aremark,served_by,true
1799,no:municipality:aremark,served_by,true
1801,no:municipality:indre-ostfold,served_by,true
1802,no:municipality:indre-ostfold,served_by,true
1803,no:municipality:indre-ostfold,served_by,true
1804,no:municipality:indre-ostfold,served_by,true
1805,no:municipality:indre-ostfold,served_by,true
1806,no:municipality:skiptvet,served_by,true
1807,no:municipality:indre-ostfold,served_by,true
1808,no:municipality:indre-ostfold,served_by,true
1809,no:municipality:indre-ostfold,served_by,true
1811,no:municipality:indre-ostfold,served_by,true
1812,no:municipality:indre-ostfold,served_by,true
1813,no:municipality:indre-ostfold,served_by,true
1814,no:municipality:indre-ostfold,served_by,true
1815,no:municipality:indre-ostfold,served_by,true
1816,no:municipality:skiptvet,served_by,true
1820,no:municipality:indre-ostfold,served_by,true
1821,no:municipality:indre-ostfold,served_by,true
1823,no:municipality:indre-ostfold,served_by,true
1825,no:municipality:indre-ostfold,served_by,true
1827,no:municipality:indre-ostfold,served_by,true
1828,no:municipality:indre-ostfold,served_by,true
1830,no:municipality:indre-ostfold,served_by,true
1831,no:municipality:indre-ostfold,served_by,true
1832,no:municipality:indre-ostfold,served_by,true
1833,no:municipality:indre-ostfold,served_by,true
1850,no:municipality:indre-ostfold,served_by,true
1851,no:municipality:indre-ostfold,served_by,true
1852,no:municipality:indre-ostfold,served_by,true
1859,no:municipality:indre-ostfold,served_by,true
1860,no:municipality:indre-ostfold,served_by,true
1861,no:municipality:indre-ostfold,served_by,true
1866,no:municipality:indre-ostfold,served_by,true
1867,no:municipality:indre-ostfold,served_by,true
1870,no:municipality:marker,served_by,true
1871,no:municipality:marker,served_by,true
1875,no:municipality:marker,served_by,true
1878,no:municipality:indre-ostfold,served_by,true
1880,no:municipality:indre-ostfold,served_by,true
1890,no:municipality:rakkestad,served_by,true
1891,no:municipality:rakkestad,served_by,true
1892,no:municipality:rakkestad,served_by,true
1893,no:municipality:rakkestad,served_by,true
1894,no:municipality:rakkestad,served_by,true
1900,no:municipality:lillestrom,served_by,true
1901,no:municipality:lillestrom,served_by,true
1903,no:municipality:lillestrom,served_by,true
1910,no:municipality:lillestrom,served_by,true
1911,no:municipality:enebakk,served_by,true
1912,no:municipality:enebakk,served_by,true
1914,no:municipality:enebakk,served_by,true
1916,no:municipality:enebakk,served_by,true
1917,no:municipality:enebakk,served_by,true
1920,no:municipality:lillestrom,served_by,true
1921,no:municipality:lillestrom,served_by,true
1923,no:municipality:lillestrom,served_by,true
1924,no:municipality:lillestrom,served_by,true
1925,no:municipality:lillestrom,served_by,true
1926,no:municipality:lillestrom,served_by,true
1927,no:municipality:nes,served_by,true
1928,no:municipality:nes,served_by,true
1929,no:municipality:nes,served_by,true
1930,no:municipality:aurskog-holand,served_by,true
1931,no:municipality:aurskog-holand,served_by,true
1940,no:municipality:aurskog-holand,served_by,true
1941,no:municipality:aurskog-holand,served_by,true
1950,no:municipality:aurskog-holand,served_by,true
1951,no:municipality:aurskog-holand,served_by,true
1954,no:municipality:aurskog-holand,served_by,true
1960,no:municipality:aurskog-holand,served_by,true
1961,no:municipality:aurskog-holand,served_by,true
1963,no:municipality:aurskog-holand,served_by,true
1970,no:municipality:aurskog-holand,served_by,true
1971,no:municipality:aurskog-holand,served_by,true
2000,no:municipality:lillestrom,served_by,true
2001,no:municipality:lillestrom,served_by,true
2003,no:municipality:lillestrom,served_by,true
2004,no:municipality:lillestrom,served_by,true
2005,no:municipality:raelingen,served_by,true
2006,no:municipality:raelingen,served_by,true
2007,no:municipality:lillestrom,served_by,true
2008,no:municipality:raelingen,served_by,true
2009,no:municipality:raelingen,served_by,true
2010,no:municipality:lillestrom,served_by,true
2011,no:municipality:lillestrom,served_by,true
2012,no:municipality:lillestrom,served_by,true
2013,no:municipality:lillestrom,served_by,true
2014,no:municipality:raelingen,served_by,true
2015,no:municipality:lillestrom,served_by,true
2016,no:municipality:lillestrom,served_by,true
2017,no:municipality:lillestrom,served_by,true
2018,no:municipality:raelingen,served_by,true
2019,no:municipality:lillestrom,served_by,true
2020,no:municipality:lillestrom,served_by,true
2021,no:municipality:lillestrom,served_by,true
2022,no:municipality:gjerdrum,served_by,true
2023,no:municipality:lillestrom,served_by,true
2024,no:municipality:gjerdrum,served_by,true
2025,no:municipality:raelingen,served_by,true
2026,no:municipality:lillestrom,served_by,true
2027,no:municipality:lillestrom,served_by,true
2028,no:municipality:lillestrom,served_by,true
2029,no:municipality:raelingen,served_by,true
2030,no:municipality:nannestad,served_by,true
2031,no:municipality:nannestad,served_by,true
2032,no:municipality:nannestad,served_by,true
2033,no:municipality:nannestad,served_by,true
2034,no:municipality:nannestad,served_by,true
2035,no:municipality:nannestad,served_by,true
2036,no:municipality:nannestad,served_by,true
2040,no:municipality:ullensaker,served_by,true
2041,no:municipality:ullensaker,served_by,true
2050,no:municipality:ullensaker,served_by,true
2051,no:municipality:ullensaker,served_by,true
2052,no:municipality:ullensaker,served_by,true
2053,no:municipality:ullensaker,served_by,true
2054,no:municipality:ullensaker,served_by,true
2055,no:municipality:ullensaker,served_by,true
2056,no:municipality:ullensaker,served_by,true
2057,no:municipality:ullensaker,served_by,true
2058,no:municipality:ullensaker,served_by,true
2060,no:municipality:ullensaker,served_by,true
2061,no:municipality:ullensaker,served_by,true
2062,no:municipality:ullensaker,served_by,true
2063,no:municipality:ullensaker,served_by,true
2066,no:municipality:ullensaker,served_by,true
2067,no:municipality:ullensaker,served_by,true
2068,no:municipality:ullensaker,served_by,true
2069,no:municipality:ullensaker,served_by,true
2070,no:municipality:eidsvoll,served_by,true
2071,no:municipality:eidsvoll,served_by,true
2072,no:municipality:eidsvoll,served_by,true
2073,no:municipality:eidsvoll,served_by,true
2074,no:municipality:eidsvoll,served_by,true
2076,no:municipality:eidsvoll,served_by,true
2080,no:municipality:eidsvoll,served_by,true
2081,no:municipality:eidsvoll,served_by,true
2090,no:municipality:hurdal,served_by,true
2091,no:municipality:hurdal,served_by,true
2092,no:municipality:eidsvoll,served_by,true
2093,no:municipality:eidsvoll,served_by,true
2094,no:municipality:eidsvoll,served_by,true
2100,no:municipality:sor-odal,served_by,true
2101,no:municipality:sor-odal,served_by,true
2110,no:municipality:sor-odal,served_by,true
2114,no:municipality:sor-odal,served_by,true
2116,no:municipality:sor-odal,served_by,true
2120,no:municipality:nord-odal,served_by,true
2121,no:municipality:nord-odal,served_by,true
2123,no:municipality:nord-odal,served_by,true
2130,no:municipality:nord-odal,served_by,true
2132,no:municipality:nord-odal,served_by,true
2133,no:municipality:nord-odal,served_by,true
2134,no:municipality:nord-odal,served_by,true
2150,no:municipality:nes,served_by,true
2151,no:municipality:nes,served_by,true
2160,no:municipality:nes,served_by,true
2161,no:municipality:nes,served_by,true
2162,no:municipality:nes,served_by,true
2163,no:municipality:nes,served_by,true
2164,no:municipality:nes,served_by,true
2165,no:municipality:nes,served_by,true
2166,no:municipality:nes,served_by,true
2167,no:municipality:nes,served_by,true
2170,no:municipality:nes,served_by,true
2201,no:municipality:kongsvinger,served_by,true
2202,no:municipality:kongsvinger,served_by,true
2203,no:municipality:kongsvinger,served_by,true
2204,no:municipality:kongsvinger,served_by,true
2205,no:municipality:kongsvinger,served_by,true
2206,no:municipality:kongsvinger,served_by,true
2207,no:municipality:kongsvinger,served_by,true
2208,no:municipality:kongsvinger,served_by,true
2209,no:municipality:kongsvinger,served_by,true
2210,no:municipality:kongsvinger,served_by,true
2211,no:municipality:kongsvinger,served_by,true
2212,no:municipality:kongsvinger,served_by,true
2213,no:municipality:kongsvinger,served_by,true
2214,no:municipality:kongsvinger,served_by,true
2215,no:municipality:kongsvinger,served_by,true
2216,no:municipality:kongsvinger,served_by,true
2217,no:municipality:kongsvinger,served_by,true
2218,no:municipality:kongsvinger,served_by,true
2219,no:municipality:kongsvinger,served_by,true
2220,no:municipality:eidskog,served_by,true
2223,no:municipality:sor-odal,served_by,true
2224,no:municipality:kongsvinger,served_by,true
2225,no:municipality:kongsvinger,served_by,true
2226,no:municipality:kongsvinger,served_by,true
2227,no:municipality:kongsvinger,served_by,true
2230,no:municipality:eidskog,served_by,true
2231,no:municipality:eidskog,served_by,true
2232,no:municipality:eidskog,served_by,true
2233,no:municipality:eidskog,served_by,true
2235,no:municipality:eidskog,served_by,true
2240,no:municipality:eidskog,served_by,true
2241,no:municipality:eidskog,served_by,true
2251,no:municipality:grue,served_by,true
2256,no:municipality:grue,served_by,true
2260,no:municipality:grue,served_by,true
2261,no:municipality:grue,served_by,true
2264,no:municipality:grue,served_by,true
2265,no:municipality:grue,served_by,true
2266,no:municipality:asnes,served_by,true
2270,no:municipality:asnes,served_by,true
2271,no:municipality:asnes,served_by,true
2280,no:municipality:asnes,served_by,true
2283,no:municipality:asnes,served_by,true
2301,no:municipality:hamar,served_by,true
2302,no:municipality:hamar,served_by,true
2303,no:municipality:hamar,served_by,true
2304,no:municipality:hamar,served_by,true
2305,no:municipality:hamar,served_by,true
2306,no:municipality:hamar,served_by,true
2307,no:municipality:hamar,served_by,true
2308,no:municipality:hamar,served_by,true
2309,no:municipality:hamar,served_by,true
2311,no:municipality:hamar,served_by,true
2312,no:municipality:stange,served_by,true
2313,no:municipality:stange,served_by,true
2314,no:municipality:stange,served_by,true
2315,no:municipality:hamar,served_by,true
2316,no:municipality:hamar,served_by,true
2317,no:municipality:hamar,served_by,true
2318,no:municipality:hamar,served_by,true
2319,no:municipality:hamar,served_by,true
2320,no:municipality:ringsaker,served_by,true
2321,no:municipality:hamar,served_by,true
2322,no:municipality:hamar,served_by,true
2323,no:municipality:hamar,served_by,true
2324,no:municipality:hamar,served_by,true
2325,no:municipality:hamar,served_by,true
2326,no:municipality:hamar,served_by,true
2327,no:municipality:ringsaker,served_by,true
2328,no:municipality:hamar,served_by,true
2329,no:municipality:hamar,served_by,true
2330,no:municipality:stange,served_by,true
2331,no:municipality:stange,served_by,true
2332,no:municipality:stange,served_by,true
2333,no:municipality:stange,served_by,true
2334,no:municipality:stange,served_by,true
2335,no:municipality:stange,served_by,true
2336,no:municipality:stange,served_by,true
2337,no:municipality:stange,served_by,true
2338,no:municipality:stange,served_by,true
2339,no:municipality:stange,served_by,true
2340,no:municipality:loten,served_by,true
2341,no:municipality:loten,served_by,true
2344,no:municipality:stange,served_by,true
2345,no:municipality:loten,served_by,true
2346,no:municipality:stange,served_by,true
2350,no:municipality:ringsaker,served_by,true
2351,no:municipality:ringsaker,served_by,true
2353,no:municipality:ringsaker,served_by,true
2355,no:municipality:ringsaker,served_by,true
2360,no:municipality:ringsaker,served_by,true
2361,no:municipality:ringsaker,served_by,true
2364,no:municipality:ringsaker,served_by,true
2365,no:municipality:ringsaker,served_by,true
2372,no:municipality:ringsaker,served_by,true
2373,no:municipality:ringsaker,served_by,true
2380,no:municipality:ringsaker,served_by,true
2381,no:municipality:ringsaker,served_by,true
2382,no:municipality:ringsaker,served_by,true
2383,no:municipality:ringsaker,served_by,true
2384,no:municipality:ringsaker,served_by,true
2385,no:municipality:ringsaker,served_by,true
2386,no:municipality:ringsaker,served_by,true
2387,no:municipality:ringsaker,served_by,true
2388,no:municipality:ringsaker,served_by,true
2389,no:municipality:ringsaker,served_by,true
2390,no:municipality:ringsaker,served_by,true
2391,no:municipality:ringsaker,served_by,true
2401,no:municipality:elverum,served_by,true
2402,no:municipality:elverum,served_by,true
2403,no:municipality:elverum,served_by,true
2404,no:municipality:elverum,served_by,true
2405,no:municipality:elverum,served_by,true
2406,no:municipality:elverum,served_by,true
2407,no:municipality:elverum,served_by,true
2408,no:municipality:elverum,served_by,true
2409,no:municipality:elverum,served_by,true
2410,no:municipality:elverum,served_by,true
2411,no:municipality:elverum,served_by,true
2412,no:municipality:elverum,served_by,true
2413,no:municipality:elverum,served_by,true
2414,no:municipality:elverum,served_by,true
2415,no:municipality:elverum,served_by,true
2416,no:municipality:elverum,served_by,true
2417,no:municipality:elverum,served_by,true
2418,no:municipality:elverum,served_by,true
2419,no:municipality:elverum,served_by,true
2420,no:municipality:trysil,served_by,true
2421,no:municipality:trysil,served_by,true
2422,no:municipality:trysil,served_by,true
2423,no:municipality:trysil,served_by,true
2424,no:municipality:trysil,served_by,true
2425,no:municipality:trysil,served_by,true
2426,no:municipality:trysil,served_by,true
2427,no:municipality:trysil,served_by,true
2428,no:municipality:trysil,served_by,true
2429,no:municipality:trysil,served_by,true
2430,no:municipality:trysil,served_by,true
2432,no:municipality:trysil,served_by,true
2434,no:municipality:innlandet:valer,served_by,true
2435,no:municipality:innlandet:valer,served_by,true
2436,no:municipality:innlandet:valer,served_by,true
2437,no:municipality:innlandet:valer,served_by,true
2438,no:municipality:innlandet:valer,served_by,true
2440,no:municipality:engerdal,served_by,true
2441,no:municipality:engerdal,served_by,true
2442,no:municipality:elverum,served_by,true
2443,no:municipality:engerdal,served_by,true
2444,no:municipality:engerdal,served_by,true
2446,no:municipality:engerdal,served_by,true
2447,no:municipality:trysil,served_by,true
2448,no:municipality:engerdal,served_by,true
2450,no:municipality:amot,served_by,true
2451,no:municipality:amot,served_by,true
2460,no:municipality:amot,served_by,true
2461,no:municipality:amot,served_by,true
2476,no:municipality:stor-elvdal,served_by,true
2477,no:municipality:stor-elvdal,served_by,true
2478,no:municipality:rendalen,served_by,true
2480,no:municipality:stor-elvdal,served_by,true
2481,no:municipality:stor-elvdal,served_by,true
2484,no:municipality:rendalen,served_by,true
2485,no:municipality:rendalen,served_by,true
2486,no:municipality:rendalen,served_by,true
2487,no:municipality:rendalen,served_by,true
2488,no:municipality:rendalen,served_by,true
2500,no:municipality:tynset,served_by,true
2501,no:municipality:tynset,served_by,true
2510,no:municipality:tynset,served_by,true
2512,no:municipality:tynset,served_by,true
2513,no:municipality:tynset,served_by,true
2540,no:municipality:tolga,served_by,true
2541,no:municipality:tolga,served_by,true
2542,no:municipality:tolga,served_by,true
2544,no:municipality:tolga,served_by,true
2550,no:municipality:os,served_by,true
2551,no:municipality:os,served_by,true
2552,no:municipality:os,served_by,true
2555,no:municipality:os,served_by,true
2560,no:municipality:alvdal,served_by,true
2561,no:municipality:alvdal,served_by,true
2580,no:municipality:folldal,served_by,true
2581,no:municipality:folldal,served_by,true
2582,no:municipality:folldal,served_by,true
2584,no:municipality:folldal,served_by,true
2601,no:municipality:lillehammer,served_by,true
2602,no:municipality:lillehammer,served_by,true
2603,no:municipality:lillehammer,served_by,true
2604,no:municipality:lillehammer,served_by,true
2605,no:municipality:lillehammer,served_by,true
2606,no:municipality:lillehammer,served_by,true
2607,no:municipality:lillehammer,served_by,true
2608,no:municipality:lillehammer,served_by,true
2609,no:municipality:lillehammer,served_by,true
2610,no:municipality:ringsaker,served_by,true
2611,no:municipality:lillehammer,served_by,true
2612,no:municipality:ringsaker,served_by,true
2613,no:municipality:lillehammer,served_by,true
2614,no:municipality:lillehammer,served_by,true
2615,no:municipality:lillehammer,served_by,true
2616,no:municipality:ringsaker,served_by,true
2617,no:municipality:lillehammer,served_by,true
2618,no:municipality:lillehammer,served_by,true
2619,no:municipality:lillehammer,served_by,true
2620,no:municipality:ringsaker,served_by,true
2621,no:municipality:lillehammer,served_by,true
2622,no:municipality:lillehammer,served_by,true
2623,no:municipality:lillehammer,served_by,true
2624,no:municipality:lillehammer,served_by,true
2625,no:municipality:lillehammer,served_by,true
2626,no:municipality:lillehammer,served_by,true
2627,no:municipality:lillehammer,served_by,true
2628,no:municipality:ringsaker,served_by,true
2629,no:municipality:lillehammer,served_by,true
2630,no:municipality:ringebu,served_by,true
2631,no:municipality:ringebu,served_by,true
2632,no:municipality:ringebu,served_by,true
2633,no:municipality:ringebu,served_by,true
2634,no:municipality:ringebu,served_by,true
2635,no:municipality:oyer,served_by,true
2636,no:municipality:oyer,served_by,true
2637,no:municipality:oyer,served_by,true
2638,no:municipality:oyer,served_by,true
2639,no:municipality:nord-fron,served_by,true
2640,no:municipality:nord-fron,served_by,true
2641,no:municipality:nord-fron,served_by,true
2642,no:municipality:nord-fron,served_by,true
2643,no:municipality:nord-fron,served_by,true
2644,no:municipality:nord-fron,served_by,true
2645,no:municipality:sor-fron,served_by,true
2646,no:municipality:sor-fron,served_by,true
2647,no:municipality:sor-fron,served_by,true
2648,no:municipality:sor-fron,served_by,true
2649,no:municipality:gausdal,served_by,true
2651,no:municipality:gausdal,served_by,true
2652,no:municipality:gausdal,served_by,true
2653,no:municipality:gausdal,served_by,true
2654,no:municipality:gausdal,served_by,true
2656,no:municipality:gausdal,served_by,true
2657,no:municipality:gausdal,served_by,true
2658,no:municipality:sor-fron,served_by,true
2659,no:municipality:dovre,served_by,true
2660,no:municipality:dovre,served_by,true
2661,no:municipality:dovre,served_by,true
2662,no:municipality:dovre,served_by,true
2663,no:municipality:dovre,served_by,true
2664,no:municipality:dovre,served_by,true
2665,no:municipality:lesja,served_by,true
2666,no:municipality:lesja,served_by,true
2667,no:municipality:lesja,served_by,true
2668,no:municipality:lesja,served_by,true
2669,no:municipality:lesja,served_by,true
2670,no:municipality:sel,served_by,true
2671,no:municipality:lesja,served_by,true
2672,no:municipality:sel,served_by,true
2673,no:municipality:sel,served_by,true
2674,no:municipality:sel,served_by,true
2675,no:municipality:sel,served_by,true
2676,no:municipality:sel,served_by,true
2677,no:municipality:sel,served_by,true
2678,no:municipality:sel,served_by,true
2679,no:municipality:sel,served_by,true
2680,no:municipality:vaga,served_by,true
2681,no:municipality:vaga,served_by,true
2682,no:municipality:vaga,served_by,true
2683,no:municipality:vaga,served_by,true
2684,no:municipality:vaga,served_by,true
2685,no:municipality:lom,served_by,true
2686,no:municipality:lom,served_by,true
2687,no:municipality:lom,served_by,true
2688,no:municipality:lom,served_by,true
2690,no:municipality:skjak,served_by,true
2693,no:municipality:skjak,served_by,true
2694,no:municipality:skjak,served_by,true
2695,no:municipality:skjak,served_by,true
2711,no:municipality:gran,served_by,true
2712,no:municipality:gran,served_by,true
2713,no:municipality:lunner,served_by,true
2714,no:municipality:gran,served_by,true
2715,no:municipality:lunner,served_by,true
2716,no:municipality:lunner,served_by,true
2717,no:municipality:lunner,served_by,true
2718,no:municipality:gran,served_by,true
2720,no:municipality:lunner,served_by,true
2730,no:municipality:lunner,served_by,true
2740,no:municipality:lunner,served_by,true
2742,no:municipality:lunner,served_by,true
2743,no:municipality:lunner,served_by,true
2750,no:municipality:gran,served_by,true
2760,no:municipality:gran,served_by,true
2770,no:municipality:gran,served_by,true
2801,no:municipality:gjovik,served_by,true
2802,no:municipality:gjovik,served_by,true
2803,no:municipality:gjovik,served_by,true
2804,no:municipality:gjovik,served_by,true
2805,no:municipality:gjovik,served_by,true
2806,no:municipality:gjovik,served_by,true
2807,no:municipality:gjovik,served_by,true
2808,no:municipality:gjovik,served_by,true
2809,no:municipality:gjovik,served_by,true
2810,no:municipality:gjovik,served_by,true
2811,no:municipality:gjovik,served_by,true
2812,no:municipality:gjovik,served_by,true
2815,no:municipality:gjovik,served_by,true
2816,no:municipality:gjovik,served_by,true
2817,no:municipality:gjovik,served_by,true
2818,no:municipality:gjovik,served_by,true
2819,no:municipality:gjovik,served_by,true
2820,no:municipality:ostre-toten,served_by,true
2821,no:municipality:gjovik,served_by,true
2822,no:municipality:gjovik,served_by,true
2825,no:municipality:gjovik,served_by,true
2827,no:municipality:gjovik,served_by,true
2830,no:municipality:vestre-toten,served_by,true
2831,no:municipality:vestre-toten,served_by,true
2832,no:municipality:gjovik,served_by,true
2833,no:municipality:vestre-toten,served_by,true
2834,no:municipality:vestre-toten,served_by,true
2835,no:municipality:vestre-toten,served_by,true
2836,no:municipality:gjovik,served_by,true
2837,no:municipality:gjovik,served_by,true
2838,no:municipality:gjovik,served_by,true
2839,no:municipality:gjovik,served_by,true
2840,no:municipality:vestre-toten,served_by,true
2841,no:municipality:gjovik,served_by,true
2843,no:municipality:vestre-toten,served_by,true
2844,no:municipality:ostre-toten,served_by,true
2845,no:municipality:vestre-toten,served_by,true
2846,no:municipality:vestre-toten,served_by,true
2847,no:municipality:ostre-toten,served_by,true
2848,no:municipality:ostre-toten,served_by,true
2849,no:municipality:ostre-toten,served_by,true
2850,no:municipality:ostre-toten,served_by,true
2851,no:municipality:ostre-toten,served_by,true
2853,no:municipality:vestre-toten,served_by,true
2854,no:municipality:vestre-toten,served_by,true
2857,no:municipality:ostre-toten,served_by,true
2858,no:municipality:ostre-toten,served_by,true
2860,no:municipality:sondre-land,served_by,true
2861,no:municipality:sondre-land,served_by,true
2862,no:municipality:sondre-land,served_by,true
2863,no:municipality:sondre-land,served_by,true
2864,no:municipality:sondre-land,served_by,true
2866,no:municipality:sondre-land,served_by,true
2867,no:municipality:sondre-land,served_by,true
2870,no:municipality:nordre-land,served_by,true
2879,no:municipality:sondre-land,served_by,true
2880,no:municipality:nordre-land,served_by,true
2881,no:municipality:nordre-land,served_by,true
2882,no:municipality:nordre-land,served_by,true
2890,no:municipality:etnedal,served_by,true
2893,no:municipality:etnedal,served_by,true
2900,no:municipality:nord-aurdal,served_by,true
2901,no:municipality:nord-aurdal,served_by,true
2907,no:municipality:nord-aurdal,served_by,true
2909,no:municipality:nord-aurdal,served_by,true
2910,no:municipality:nord-aurdal,served_by,true
2917,no:municipality:nord-aurdal,served_by,true
2918,no:municipality:nord-aurdal,served_by,true
2920,no:municipality:nord-aurdal,served_by,true
2923,no:municipality:nord-aurdal,served_by,true
2929,no:municipality:sor-aurdal,served_by,true
2930,no:municipality:sor-aurdal,served_by,true
2933,no:municipality:sor-aurdal,served_by,true
2936,no:municipality:sor-aurdal,served_by,true
2937,no:municipality:sor-aurdal,served_by,true
2939,no:municipality:oystre-slidre,served_by,true
2940,no:municipality:oystre-slidre,served_by,true
2943,no:municipality:oystre-slidre,served_by,true
2950,no:municipality:oystre-slidre,served_by,true
2952,no:municipality:oystre-slidre,served_by,true
2953,no:municipality:oystre-slidre,served_by,true
2954,no:municipality:oystre-slidre,served_by,true
2959,no:municipality:vestre-slidre,served_by,true
2960,no:municipality:vestre-slidre,served_by,true
2965,no:municipality:vestre-slidre,served_by,true
2966,no:municipality:vestre-slidre,served_by,true
2967,no:municipality:vestre-slidre,served_by,true
2972,no:municipality:vang,served_by,true
2973,no:municipality:vang,served_by,true
2974,no:municipality:vang,served_by,true
2975,no:municipality:vang,served_by,true
2977,no:municipality:vang,served_by,true
2985,no:municipality:vang,served_by,true
3001,no:municipality:drammen,served_by,true
3002,no:municipality:drammen,served_by,true
3003,no:municipality:drammen,served_by,true
3004,no:municipality:drammen,served_by,true
3005,no:municipality:drammen,served_by,true
3006,no:municipality:drammen,served_by,true
3007,no:municipality:drammen,served_by,true
3008,no:municipality:drammen,served_by,true
3009,no:municipality:drammen,served_by,true
3010,no:municipality:drammen,served_by,true
3011,no:municipality:drammen,served_by,true
3012,no:municipality:drammen,served_by,true
3013,no:municipality:drammen,served_by,true
3014,no:municipality:drammen,served_by,true
3015,no:municipality:drammen,served_by,true
3016,no:municipality:drammen,served_by,true
3017,no:municipality:drammen,served_by,true
3018,no:municipality:drammen,served_by,true
3019,no:municipality:drammen,served_by,true
3021,no:municipality:drammen,served_by,true
3022,no:municipality:drammen,served_by,true
3023,no:municipality:drammen,served_by,true
3024,no:municipality:drammen,served_by,true
3025,no:municipality:drammen,served_by,true
3026,no:municipality:drammen,served_by,true
3027,no:municipality:drammen,served_by,true
3028,no:municipality:drammen,served_by,true
3029,no:municipality:drammen,served_by,true
3030,no:municipality:drammen,served_by,true
3031,no:municipality:drammen,served_by,true
3032,no:municipality:drammen,served_by,true
3033,no:municipality:drammen,served_by,true
3034,no:municipality:drammen,served_by,true
3035,no:municipality:drammen,served_by,true
3036,no:municipality:drammen,served_by,true
3037,no:municipality:drammen,served_by,true
3038,no:municipality:drammen,served_by,true
3039,no:municipality:drammen,served_by,true
3040,no:municipality:drammen,served_by,true
3041,no:municipality:drammen,served_by,true
3042,no:municipality:drammen,served_by,true
3043,no:municipality:drammen,served_by,true
3044,no:municipality:drammen,served_by,true
3045,no:municipality:drammen,served_by,true
3046,no:municipality:drammen,served_by,true
3047,no:municipality:drammen,served_by,true
3048,no:municipality:drammen,served_by,true
3050,no:municipality:drammen,served_by,true
3051,no:municipality:drammen,served_by,true
3053,no:municipality:drammen,served_by,true
3054,no:municipality:drammen,served_by,true
3055,no:municipality:drammen,served_by,true
3056,no:municipality:drammen,served_by,true
3057,no:municipality:drammen,served_by,true
3058,no:municipality:drammen,served_by,true
3060,no:municipality:drammen,served_by,true
3061,no:municipality:drammen,served_by,true
3063,no:municipality:drammen,served_by,true
3064,no:municipality:drammen,served_by,true
3065,no:municipality:drammen,served_by,true
3066,no:municipality:drammen,served_by,true
3070,no:municipality:holmestrand,served_by,true
3071,no:municipality:holmestrand,served_by,true
3072,no:municipality:holmestrand,served_by,true
3073,no:municipality:holmestrand,served_by,true
3074,no:municipality:holmestrand,served_by,true
3075,no:municipality:drammen,served_by,true
3076,no:municipality:holmestrand,served_by,true
3077,no:municipality:holmestrand,served_by,true
3080,no:municipality:holmestrand,served_by,true
3081,no:municipality:holmestrand,served_by,true
3082,no:municipality:holmestrand,served_by,true
3083,no:municipality:holmestrand,served_by,true
3084,no:municipality:holmestrand,served_by,true
3085,no:municipality:holmestrand,served_by,true
3086,no:municipality:holmestrand,served_by,true
3087,no:municipality:holmestrand,served_by,true
3088,no:municipality:holmestrand,served_by,true
3089,no:municipality:holmestrand,served_by,true
3090,no:municipality:holmestrand,served_by,true
3091,no:municipality:holmestrand,served_by,true
3092,no:municipality:holmestrand,served_by,true
3095,no:municipality:holmestrand,served_by,true
3101,no:municipality:tonsberg,served_by,true
3103,no:municipality:tonsberg,served_by,true
3104,no:municipality:tonsberg,served_by,true
3105,no:municipality:tonsberg,served_by,true
3106,no:municipality:faerder,served_by,true
3107,no:municipality:tonsberg,served_by,true
3108,no:municipality:tonsberg,served_by,true
3109,no:municipality:tonsberg,served_by,true
3110,no:municipality:tonsberg,served_by,true
3111,no:municipality:tonsberg,served_by,true
3112,no:municipality:tonsberg,served_by,true
3113,no:municipality:tonsberg,served_by,true
3114,no:municipality:tonsberg,served_by,true
3115,no:municipality:tonsberg,served_by,true
3116,no:municipality:tonsberg,served_by,true
3117,no:municipality:tonsberg,served_by,true
3118,no:municipality:tonsberg,served_by,true
3119,no:municipality:tonsberg,served_by,true
3120,no:municipality:faerder,served_by,true
3121,no:municipality:faerder,served_by,true
3122,no:municipality:tonsberg,served_by,true
3123,no:municipality:tonsberg,served_by,true
3124,no:municipality:tonsberg,served_by,true
3125,no:municipality:tonsberg,served_by,true
3126,no:municipality:tonsberg,served_by,true
3127,no:municipality:tonsberg,served_by,true
3128,no:municipality:faerder,served_by,true
3129,no:municipality:tonsberg,served_by,true
3131,no:municipality:faerder,served_by,true
3132,no:municipality:faerder,served_by,true
3133,no:municipality:faerder,served_by,true
3134,no:municipality:tonsberg,served_by,true
3135,no:municipality:faerder,served_by,true
3137,no:municipality:faerder,served_by,true
3138,no:municipality:faerder,served_by,true
3139,no:municipality:faerder,served_by,true
3140,no:municipality:faerder,served_by,true
3141,no:municipality:faerder,served_by,true
3142,no:municipality:faerder,served_by,true
3143,no:municipality:faerder,served_by,true
3144,no:municipality:faerder,served_by,true
3145,no:municipality:faerder,served_by,true
3148,no:municipality:faerder,served_by,true
3150,no:municipality:tonsberg,served_by,true
3151,no:municipality:tonsberg,served_by,true
3152,no:municipality:tonsberg,served_by,true
3153,no:municipality:tonsberg,served_by,true
3154,no:municipality:tonsberg,served_by,true
3156,no:municipality:sandefjord,served_by,true
3157,no:municipality:tonsberg,served_by,true
3158,no:municipality:sandefjord,served_by,true
3159,no:municipality:sandefjord,served_by,true
3160,no:municipality:sandefjord,served_by,true
3161,no:municipality:sandefjord,served_by,true
3162,no:municipality:sandefjord,served_by,true
3163,no:municipality:faerder,served_by,true
3164,no:municipality:tonsberg,served_by,true
3165,no:municipality:faerder,served_by,true
3166,no:municipality:tonsberg,served_by,true
3167,no:municipality:horten,served_by,true
3168,no:municipality:sandefjord,served_by,true
3170,no:municipality:tonsberg,served_by,true
3171,no:municipality:tonsberg,served_by,true
3172,no:municipality:tonsberg,served_by,true
3173,no:municipality:tonsberg,served_by,true
3174,no:municipality:tonsberg,served_by,true
3175,no:municipality:tonsberg,served_by,true
3176,no:municipality:tonsberg,served_by,true
3177,no:municipality:tonsberg,served_by,true
3178,no:municipality:tonsberg,served_by,true
3179,no:municipality:horten,served_by,true
3180,no:municipality:horten,served_by,true
3181,no:municipality:horten,served_by,true
3182,no:municipality:horten,served_by,true
3183,no:municipality:horten,served_by,true
3184,no:municipality:horten,served_by,true
3185,no:municipality:horten,served_by,true
3186,no:municipality:horten,served_by,true
3187,no:municipality:horten,served_by,true
3188,no:municipality:horten,served_by,true
3189,no:municipality:horten,served_by,true
3191,no:municipality:horten,served_by,true
3192,no:municipality:horten,served_by,true
3193,no:municipality:horten,served_by,true
3194,no:municipality:horten,served_by,true
3195,no:municipality:horten,served_by,true
3196,no:municipality:horten,served_by,true
3197,no:municipality:horten,served_by,true
3199,no:municipality:horten,served_by,true
3201,no:municipality:sandefjord,served_by,true
3202,no:municipality:sandefjord,served_by,true
3203,no:municipality:sandefjord,served_by,true
3204,no:municipality:sandefjord,served_by,true
3205,no:municipality:sandefjord,served_by,true
3206,no:municipality:sandefjord,served_by,true
3207,no:municipality:sandefjord,served_by,true
3208,no:municipality:sandefjord,served_by,true
3209,no:municipality:sandefjord,served_by,true
3210,no:municipality:sandefjord,served_by,true
3211,no:municipality:sandefjord,served_by,true
3212,no:municipality:sandefjord,served_by,true
3213,no:municipality:sandefjord,served_by,true
3214,no:municipality:sandefjord,served_by,true
3215,no:municipality:sandefjord,served_by,true
3216,no:municipality:sandefjord,served_by,true
3217,no:municipality:sandefjord,served_by,true
3218,no:municipality:sandefjord,served_by,true
3219,no:municipality:sandefjord,served_by,true
3220,no:municipality:sandefjord,served_by,true
3221,no:municipality:sandefjord,served_by,true
3222,no:municipality:sandefjord,served_by,true
3223,no:municipality:sandefjord,served_by,true
3224,no:municipality:sandefjord,served_by,true
3225,no:municipality:sandefjord,served_by,true
3226,no:municipality:sandefjord,served_by,true
3227,no:municipality:sandefjord,served_by,true
3228,no:municipality:sandefjord,served_by,true
3229,no:municipality:sandefjord,served_by,true
3230,no:municipality:sandefjord,served_by,true
3231,no:municipality:sandefjord,served_by,true
3232,no:municipality:sandefjord,served_by,true
3233,no:municipality:sandefjord,served_by,true
3234,no:municipality:sandefjord,served_by,true
3235,no:municipality:sandefjord,served_by,true
3236,no:municipality:sandefjord,served_by,true
3237,no:municipality:sandefjord,served_by,true
3238,no:municipality:sandefjord,served_by,true
3239,no:municipality:sandefjord,served_by,true
3240,no:municipality:sandefjord,served_by,true
3241,no:municipality:sandefjord,served_by,true
3242,no:municipality:sandefjord,served_by,true
3243,no:municipality:sandefjord,served_by,true
3244,no:municipality:sandefjord,served_by,true
3245,no:municipality:sandefjord,served_by,true
3246,no:municipality:sandefjord,served_by,true
3247,no:municipality:sandefjord,served_by,true
3248,no:municipality:sandefjord,served_by,true
3249,no:municipality:sandefjord,served_by,true
3251,no:municipality:larvik,served_by,true
3252,no:municipality:larvik,served_by,true
3253,no:municipality:larvik,served_by,true
3254,no:municipality:larvik,served_by,true
3255,no:municipality:larvik,served_by,true
3256,no:municipality:larvik,served_by,true
3257,no:municipality:larvik,served_by,true
3258,no:municipality:larvik,served_by,true
3259,no:municipality:larvik,served_by,true
3260,no:municipality:larvik,served_by,true
3261,no:municipality:larvik,served_by,true
3262,no:municipality:larvik,served_by,true
3263,no:municipality:larvik,served_by,true
3264,no:municipality:larvik,served_by,true
3265,no:municipality:larvik,served_by,true
3267,no:municipality:larvik,served_by,true
3268,no:municipality:larvik,served_by,true
3269,no:municipality:larvik,served_by,true
3270,no:municipality:larvik,served_by,true
3271,no:municipality:larvik,served_by,true
3274,no:municipality:larvik,served_by,true
3275,no:municipality:larvik,served_by,true
3276,no:municipality:larvik,served_by,true
3277,no:municipality:larvik,served_by,true
3280,no:municipality:larvik,served_by,true
3281,no:municipality:larvik,served_by,true
3282,no:municipality:larvik,served_by,true
3284,no:municipality:larvik,served_by,true
3285,no:municipality:larvik,served_by,true
3290,no:municipality:larvik,served_by,true
3291,no:municipality:larvik,served_by,true
3292,no:municipality:larvik,served_by,true
3294,no:municipality:larvik,served_by,true
3295,no:municipality:larvik,served_by,true
3296,no:municipality:larvik,served_by,true
3297,no:municipality:larvik,served_by,true
3300,no:municipality:ovre-eiker,served_by,true
3301,no:municipality:ovre-eiker,served_by,true
3302,no:municipality:ovre-eiker,served_by,true
3303,no:municipality:ovre-eiker,served_by,true
3320,no:municipality:ovre-eiker,served_by,true
3321,no:municipality:ovre-eiker,served_by,true
3322,no:municipality:ovre-eiker,served_by,true
3330,no:municipality:ovre-eiker,served_by,true
3331,no:municipality:ovre-eiker,served_by,true
3340,no:municipality:modum,served_by,true
3341,no:municipality:modum,served_by,true
3342,no:municipality:modum,served_by,true
3350,no:municipality:sigdal,served_by,true
3351,no:municipality:sigdal,served_by,true
3355,no:municipality:sigdal,served_by,true
3357,no:municipality:sigdal,served_by,true
3358,no:municipality:sigdal,served_by,true
3359,no:municipality:sigdal,served_by,true
3360,no:municipality:modum,served_by,true
3361,no:municipality:modum,served_by,true
3370,no:municipality:modum,served_by,true
3371,no:municipality:modum,served_by,true
3401,no:municipality:lier,served_by,true
3402,no:municipality:lier,served_by,true
3403,no:municipality:lier,served_by,true
3404,no:municipality:lier,served_by,true
3405,no:municipality:lier,served_by,true
3406,no:municipality:lier,served_by,true
3407,no:municipality:lier,served_by,true
3408,no:municipality:lier,served_by,true
3409,no:municipality:lier,served_by,true
3410,no:municipality:lier,served_by,true
3411,no:municipality:lier,served_by,true
3412,no:municipality:lier,served_by,true
3413,no:municipality:lier,served_by,true
3414,no:municipality:lier,served_by,true
3420,no:municipality:lier,served_by,true
3421,no:municipality:lier,served_by,true
3425,no:municipality:lier,served_by,true
3426,no:municipality:lier,served_by,true
3427,no:municipality:lier,served_by,true
3428,no:municipality:lier,served_by,true
3430,no:municipality:asker,served_by,true
3431,no:municipality:asker,served_by,true
3440,no:municipality:asker,served_by,true
3441,no:municipality:asker,served_by,true
3442,no:municipality:asker,served_by,true
3470,no:municipality:asker,served_by,true
3471,no:municipality:asker,served_by,true
3472,no:municipality:asker,served_by,true
3474,no:municipality:asker,served_by,true
3475,no:municipality:asker,served_by,true
3476,no:municipality:asker,served_by,true
3477,no:municipality:asker,served_by,true
3478,no:municipality:asker,served_by,true
3479,no:municipality:asker,served_by,true
3480,no:municipality:asker,served_by,true
3481,no:municipality:asker,served_by,true
3482,no:municipality:asker,served_by,true
3483,no:municipality:asker,served_by,true
3484,no:municipality:asker,served_by,true
3485,no:municipality:asker,served_by,true
3490,no:municipality:asker,served_by,true
3501,no:municipality:ringerike,served_by,true
3502,no:municipality:ringerike,served_by,true
3503,no:municipality:ringerike,served_by,true
3504,no:municipality:ringerike,served_by,true
3507,no:municipality:ringerike,served_by,true
3510,no:municipality:ringerike,served_by,true
3511,no:municipality:ringerike,served_by,true
3512,no:municipality:ringerike,served_by,true
3513,no:municipality:ringerike,served_by,true
3514,no:municipality:ringerike,served_by,true
3515,no:municipality:ringerike,served_by,true
3516,no:municipality:ringerike,served_by,true
3517,no:municipality:ringerike,served_by,true
3518,no:municipality:ringerike,served_by,true
3519,no:municipality:ringerike,served_by,true
3520,no:municipality:jevnaker,served_by,true
3521,no:municipality:jevnaker,served_by,true
3522,no:municipality:gran,served_by,true
3523,no:municipality:ringerike,served_by,true
3524,no:municipality:ringerike,served_by,true
3525,no:municipality:ringerike,served_by,true
3526,no:municipality:ringerike,served_by,true
3527,no:municipality:gran,served_by,true
3528,no:municipality:sor-aurdal,served_by,true
3529,no:municipality:hole,served_by,true
3530,no:municipality:hole,served_by,true
3531,no:municipality:hole,served_by,true
3532,no:municipality:ringerike,served_by,true
3533,no:municipality:ringerike,served_by,true
3534,no:municipality:ringerike,served_by,true
3535,no:municipality:krodsherad,served_by,true
3536,no:municipality:krodsherad,served_by,true
3537,no:municipality:krodsherad,served_by,true
3538,no:municipality:hole,served_by,true
3539,no:municipality:fla,served_by,true
3540,no:municipality:nesbyen,served_by,true
3541,no:municipality:nesbyen,served_by,true
3542,no:municipality:ringerike,served_by,true
3543,no:municipality:krodsherad,served_by,true
3544,no:municipality:nore-og-uvdal,served_by,true
3545,no:municipality:fla,served_by,true
3546,no:municipality:hole,served_by,true
3550,no:municipality:gol,served_by,true
3551,no:municipality:gol,served_by,true
3560,no:municipality:hemsedal,served_by,true
3561,no:municipality:hemsedal,served_by,true
3570,no:municipality:al,served_by,true
3571,no:municipality:al,served_by,true
3575,no:municipality:hol,served_by,true
3576,no:municipality:hol,served_by,true
3577,no:municipality:hol,served_by,true
3579,no:municipality:al,served_by,true
3580,no:municipality:hol,served_by,true
3581,no:municipality:hol,served_by,true
3588,no:municipality:hol,served_by,true
3593,no:municipality:hol,served_by,true
3595,no:municipality:hol,served_by,true
3601,no:municipality:kongsberg,served_by,true
3602,no:municipality:kongsberg,served_by,true
3603,no:municipality:kongsberg,served_by,true
3604,no:municipality:kongsberg,served_by,true
3605,no:municipality:kongsberg,served_by,true
3606,no:municipality:kongsberg,served_by,true
3607,no:municipality:kongsberg,served_by,true
3608,no:municipality:kongsberg,served_by,true
3609,no:municipality:kongsberg,served_by,true
3610,no:municipality:kongsberg,served_by,true
3611,no:municipality:kongsberg,served_by,true
3612,no:municipality:kongsberg,served_by,true
3613,no:municipality:kongsberg,served_by,true
3614,no:municipality:kongsberg,served_by,true
3615,no:municipality:kongsberg,served_by,true
3616,no:municipality:kongsberg,served_by,true
3617,no:municipality:kongsberg,served_by,true
3618,no:municipality:kongsberg,served_by,true
3619,no:municipality:kongsberg,served_by,true
3620,no:municipality:flesberg,served_by,true
3621,no:municipality:flesberg,served_by,true
3622,no:municipality:flesberg,served_by,true
3623,no:municipality:flesberg,served_by,true
3624,no:municipality:flesberg,served_by,true
3625,no:municipality:kongsberg,served_by,true
3626,no:municipality:rollag,served_by,true
3627,no:municipality:rollag,served_by,true
3628,no:municipality:rollag,served_by,true
3629,no:municipality:nore-og-uvdal,served_by,true
3630,no:municipality:nore-og-uvdal,served_by,true
3631,no:municipality:nore-og-uvdal,served_by,true
3632,no:municipality:nore-og-uvdal,served_by,true
3634,no:municipality:nore-og-uvdal,served_by,true
3646,no:municipality:kongsberg,served_by,true
3647,no:municipality:kongsberg,served_by,true
3648,no:municipality:kongsberg,served_by,true
3650,no:municipality:tinn,served_by,true
3652,no:municipality:tinn,served_by,true
3656,no:municipality:tinn,served_by,true
3658,no:municipality:tinn,served_by,true
3660,no:municipality:tinn,served_by,true
3661,no:municipality:tinn,served_by,true
3665,no:municipality:hjartdal,served_by,true
3666,no:municipality:tinn,served_by,true
3671,no:municipality:notodden,served_by,true
3672,no:municipality:notodden,served_by,true
3673,no:municipality:notodden,served_by,true
3674,no:municipality:notodden,served_by,true
3675,no:municipality:notodden,served_by,true
3676,no:municipality:notodden,served_by,true
3677,no:municipality:notodden,served_by,true
3678,no:municipality:notodden,served_by,true
3679,no:municipality:notodden,served_by,true
3680,no:municipality:notodden,served_by,true
3681,no:municipality:notodden,served_by,true
3683,no:municipality:notodden,served_by,true
3684,no:municipality:notodden,served_by,true
3690,no:municipality:hjartdal,served_by,true
3691,no:municipality:notodden,served_by,true
3692,no:municipality:hjartdal,served_by,true
3697,no:municipality:hjartdal,served_by,true
3701,no:municipality:skien,served_by,true
3702,no:municipality:skien,served_by,true
3703,no:municipality:skien,served_by,true
3704,no:municipality:skien,served_by,true
3705,no:municipality:skien,served_by,true
3707,no:municipality:skien,served_by,true
3710,no:municipality:skien,served_by,true
3711,no:municipality:skien,served_by,true
3712,no:municipality:skien,served_by,true
3713,no:municipality:skien,served_by,true
3714,no:municipality:skien,served_by,true
3715,no:municipality:skien,served_by,true
3716,no:municipality:skien,served_by,true
3717,no:municipality:skien,served_by,true
3718,no:municipality:skien,served_by,true
3719,no:municipality:skien,served_by,true
3720,no:municipality:skien,served_by,true
3721,no:municipality:skien,served_by,true
3722,no:municipality:skien,served_by,true
3723,no:municipality:skien,served_by,true
3724,no:municipality:skien,served_by,true
3725,no:municipality:skien,served_by,true
3726,no:municipality:skien,served_by,true
3727,no:municipality:skien,served_by,true
3728,no:municipality:skien,served_by,true
3729,no:municipality:skien,served_by,true
3730,no:municipality:skien,served_by,true
3731,no:municipality:skien,served_by,true
3732,no:municipality:skien,served_by,true
3733,no:municipality:skien,served_by,true
3734,no:municipality:skien,served_by,true
3735,no:municipality:skien,served_by,true
3736,no:municipality:skien,served_by,true
3737,no:municipality:skien,served_by,true
3738,no:municipality:skien,served_by,true
3739,no:municipality:skien,served_by,true
3740,no:municipality:skien,served_by,true
3741,no:municipality:skien,served_by,true
3742,no:municipality:skien,served_by,true
3743,no:municipality:skien,served_by,true
3744,no:municipality:skien,served_by,true
3746,no:municipality:skien,served_by,true
3747,no:municipality:skien,served_by,true
3748,no:municipality:siljan,served_by,true
3749,no:municipality:siljan,served_by,true
3750,no:municipality:drangedal,served_by,true
3753,no:municipality:drangedal,served_by,true
3760,no:municipality:drangedal,served_by,true
3766,no:municipality:kragero,served_by,true
3770,no:municipality:kragero,served_by,true
3772,no:municipality:kragero,served_by,true
3780,no:municipality:kragero,served_by,true
3781,no:municipality:kragero,served_by,true
3783,no:municipality:kragero,served_by,true
3785,no:municipality:skien,served_by,true
3786,no:municipality:skien,served_by,true
3787,no:municipality:skien,served_by,true
3788,no:municipality:kragero,served_by,true
3789,no:municipality:kragero,served_by,true
3790,no:municipality:kragero,served_by,true
3791,no:municipality:kragero,served_by,true
3792,no:municipality:skien,served_by,true
3793,no:municipality:kragero,served_by,true
3794,no:municipality:kragero,served_by,true
3795,no:municipality:drangedal,served_by,true
3796,no:municipality:skien,served_by,true
3798,no:municipality:skien,served_by,true
3799,no:municipality:skien,served_by,true
3800,no:municipality:midt-telemark,served_by,true
3801,no:municipality:midt-telemark,served_by,true
3802,no:municipality:midt-telemark,served_by,true
3803,no:municipality:midt-telemark,served_by,true
3804,no:municipality:midt-telemark,served_by,true
3805,no:municipality:seljord,served_by,true
3810,no:municipality:midt-telemark,served_by,true
3811,no:municipality:midt-telemark,served_by,true
3812,no:municipality:midt-telemark,served_by,true
3820,no:municipality:midt-telemark,served_by,true
3825,no:municipality:nome,served_by,true
3830,no:municipality:nome,served_by,true
3831,no:municipality:nome,served_by,true
3832,no:municipality:nome,served_by,true
3833,no:municipality:midt-telemark,served_by,true
3834,no:municipality:midt-telemark,served_by,true
3835,no:municipality:seljord,served_by,true
3836,no:municipality:kviteseid,served_by,true
3840,no:municipality:seljord,served_by,true
3841,no:municipality:seljord,served_by,true
3844,no:municipality:seljord,served_by,true
3848,no:municipality:kviteseid,served_by,true
3849,no:municipality:kviteseid,served_by,true
3850,no:municipality:kviteseid,served_by,true
3852,no:municipality:kviteseid,served_by,true
3853,no:municipality:kviteseid,served_by,true
3854,no:municipality:nissedal,served_by,true
3855,no:municipality:nissedal,served_by,true
3864,no:municipality:vinje,served_by,true
3870,no:municipality:fyresdal,served_by,true
3880,no:municipality:tokke,served_by,true
3882,no:municipality:tokke,served_by,true
3883,no:municipality:nissedal,served_by,true
3884,no:municipality:vinje,served_by,true
3885,no:municipality:fyresdal,served_by,true
3886,no:municipality:tokke,served_by,true
3887,no:municipality:vinje,served_by,true
3888,no:municipality:vinje,served_by,true
3890,no:municipality:vinje,served_by,true
3891,no:municipality:tokke,served_by,true
3893,no:municipality:vinje,served_by,true
3895,no:municipality:vinje,served_by,true
3901,no:municipality:porsgrunn,served_by,true
3902,no:municipality:porsgrunn,served_by,true
3903,no:municipality:porsgrunn,served_by,true
3904,no:municipality:porsgrunn,served_by,true
3905,no:municipality:porsgrunn,served_by,true
3906,no:municipality:porsgrunn,served_by,true
3910,no:municipality:porsgrunn,served_by,true
3911,no:municipality:porsgrunn,served_by,true
3912,no:municipality:porsgrunn,served_by,true
3913,no:municipality:porsgrunn,served_by,true
3914,no:municipality:porsgrunn,served_by,true
3915,no:municipality:porsgrunn,served_by,true
3916,no:municipality:porsgrunn,served_by,true
3917,no:municipality:porsgrunn,served_by,true
3918,no:municipality:porsgrunn,served_by,true
3919,no:municipality:porsgrunn,served_by,true
3920,no:municipality:porsgrunn,served_by,true
3921,no:municipality:porsgrunn,served_by,true
3922,no:municipality:porsgrunn,served_by,true
3924,no:municipality:porsgrunn,served_by,true
3925,no:municipality:porsgrunn,served_by,true
3928,no:municipality:porsgrunn,served_by,true
3929,no:municipality:porsgrunn,served_by,true
3930,no:municipality:porsgrunn,served_by,true
3931,no:municipality:porsgrunn,served_by,true
3933,no:municipality:porsgrunn,served_by,true
3936,no:municipality:porsgrunn,served_by,true
3937,no:municipality:porsgrunn,served_by,true
3939,no:municipality:porsgrunn,served_by,true
3940,no:municipality:porsgrunn,served_by,true
3941,no:municipality:porsgrunn,served_by,true
3942,no:municipality:porsgrunn,served_by,true
3943,no:municipality:porsgrunn,served_by,true
3944,no:municipality:porsgrunn,served_by,true
3946,no:municipality:porsgrunn,served_by,true
3947,no:municipality:porsgrunn,served_by,true
3948,no:municipality:porsgrunn,served_by,true
3949,no:municipality:porsgrunn,served_by,true
3950,no:municipality:porsgrunn,served_by,true
3960,no:municipality:bamble,served_by,true
3961,no:municipality:bamble,served_by,true
3962,no:municipality:bamble,served_by,true
3965,no:municipality:bamble,served_by,true
3966,no:municipality:bamble,served_by,true
3967,no:municipality:bamble,served_by,true
3970,no:municipality:bamble,served_by,true
3991,no:municipality:porsgrunn,served_by,true
3993,no:municipality:bamble,served_by,true
3994,no:municipality:bamble,served_by,true
3995,no:municipality:bamble,served_by,true
3996,no:municipality:porsgrunn,served_by,true
3997,no:municipality:porsgrunn,served_by,true
3998,no:municipality:porsgrunn,served_by,true
3999,no:municipality:bamble,served_by,true
4001,no:municipality:stavanger,served_by,true
4002,no:municipality:stavanger,served_by,true
4003,no:municipality:stavanger,served_by,true
4004,no:municipality:stavanger,served_by,true
4005,no:municipality:stavanger,served_by,true
4006,no:municipality:stavanger,served_by,true
4007,no:municipality:stavanger,served_by,true
4008,no:municipality:stavanger,served_by,true
4009,no:municipality:stavanger,served_by,true
4010,no:municipality:stavanger,served_by,true
4011,no:municipality:stavanger,served_by,true
4012,no:municipality:stavanger,served_by,true
4013,no:municipality:stavanger,served_by,true
4014,no:municipality:stavanger,served_by,true
4015,no:municipality:stavanger,served_by,true
4016,no:municipality:stavanger,served_by,true
4017,no:municipality:stavanger,served_by,true
4018,no:municipality:stavanger,served_by,true
4019,no:municipality:stavanger,served_by,true
4020,no:municipality:stavanger,served_by,true
4021,no:municipality:stavanger,served_by,true
4022,no:municipality:stavanger,served_by,true
4023,no:municipality:stavanger,served_by,true
4024,no:municipality:stavanger,served_by,true
4025,no:municipality:stavanger,served_by,true
4026,no:municipality:stavanger,served_by,true
4027,no:municipality:stavanger,served_by,true
4028,no:municipality:stavanger,served_by,true
4029,no:municipality:stavanger,served_by,true
4031,no:municipality:stavanger,served_by,true
4032,no:municipality:stavanger,served_by,true
4033,no:municipality:stavanger,served_by,true
4034,no:municipality:stavanger,served_by,true
4035,no:municipality:stavanger,served_by,true
4036,no:municipality:stavanger,served_by,true
4041,no:municipality:stavanger,served_by,true
4042,no:municipality:stavanger,served_by,true
4043,no:municipality:stavanger,served_by,true
4044,no:municipality:stavanger,served_by,true
4045,no:municipality:stavanger,served_by,true
4046,no:municipality:stavanger,served_by,true
4047,no:municipality:stavanger,served_by,true
4048,no:municipality:stavanger,served_by,true
4049,no:municipality:stavanger,served_by,true
4050,no:municipality:sola,served_by,true
4051,no:municipality:sola,served_by,true
4052,no:municipality:sola,served_by,true
4053,no:municipality:sola,served_by,true
4054,no:municipality:sola,served_by,true
4055,no:municipality:sola,served_by,true
4056,no:municipality:sola,served_by,true
4057,no:municipality:sola,served_by,true
4058,no:municipality:sola,served_by,true
4059,no:municipality:sola,served_by,true
4063,no:municipality:sola,served_by,true
4068,no:municipality:stavanger,served_by,true
4070,no:municipality:randaberg,served_by,true
4071,no:municipality:randaberg,served_by,true
4072,no:municipality:randaberg,served_by,true
4073,no:municipality:randaberg,served_by,true
4076,no:municipality:stavanger,served_by,true
4077,no:municipality:stavanger,served_by,true
4078,no:municipality:stavanger,served_by,true
4079,no:municipality:stavanger,served_by,true
4081,no:municipality:stavanger,served_by,true
4082,no:municipality:stavanger,served_by,true
4083,no:municipality:stavanger,served_by,true
4084,no:municipality:stavanger,served_by,true
4085,no:municipality:stavanger,served_by,true
4086,no:municipality:stavanger,served_by,true
4087,no:municipality:stavanger,served_by,true
4088,no:municipality:stavanger,served_by,true
4089,no:municipality:stavanger,served_by,true
4090,no:municipality:stavanger,served_by,true
4091,no:municipality:stavanger,served_by,true
4092,no:municipality:stavanger,served_by,true
4093,no:municipality:stavanger,served_by,true
4094,no:municipality:stavanger,served_by,true
4095,no:municipality:stavanger,served_by,true
4096,no:municipality:randaberg,served_by,true
4097,no:municipality:sola,served_by,true
4098,no:municipality:sola,served_by,true
4099,no:municipality:stavanger,served_by,true
4100,no:municipality:strand,served_by,true
4102,no:municipality:strand,served_by,true
4103,no:municipality:strand,served_by,true
4104,no:municipality:strand,served_by,true
4105,no:municipality:strand,served_by,true
4110,no:municipality:sandnes,served_by,true
4119,no:municipality:sandnes,served_by,true
4120,no:municipality:strand,served_by,true
4121,no:municipality:strand,served_by,true
4123,no:municipality:strand,served_by,true
4124,no:municipality:strand,served_by,true
4126,no:municipality:strand,served_by,true
4127,no:municipality:sandnes,served_by,true
4128,no:municipality:sandnes,served_by,true
4129,no:municipality:sandnes,served_by,true
4130,no:municipality:hjelmeland,served_by,true
4134,no:municipality:hjelmeland,served_by,true
4137,no:municipality:hjelmeland,served_by,true
4139,no:municipality:hjelmeland,served_by,true
4146,no:municipality:hjelmeland,served_by,true
4148,no:municipality:hjelmeland,served_by,true
4150,no:municipality:stavanger,served_by,true
4152,no:municipality:stavanger,served_by,true
4153,no:municipality:stavanger,served_by,true
4154,no:municipality:stavanger,served_by,true
4156,no:municipality:stavanger,served_by,true
4158,no:municipality:stavanger,served_by,true
4159,no:municipality:stavanger,served_by,true
4160,no:municipality:stavanger,served_by,true
4161,no:municipality:stavanger,served_by,true
4163,no:municipality:stavanger,served_by,true
4164,no:municipality:stavanger,served_by,true
4167,no:municipality:hjelmeland,served_by,true
4168,no:municipality:stavanger,served_by,true
4169,no:municipality:stavanger,served_by,true
4170,no:municipality:stavanger,served_by,true
4173,no:municipality:stavanger,served_by,true
4174,no:municipality:stavanger,served_by,true
4180,no:municipality:kvitsoy,served_by,true
4181,no:municipality:kvitsoy,served_by,true
4182,no:municipality:stavanger,served_by,true
4187,no:municipality:stavanger,served_by,true
4198,no:municipality:suldal,served_by,true
4200,no:municipality:sauda,served_by,true
4201,no:municipality:sauda,served_by,true
4208,no:municipality:sauda,served_by,true
4209,no:municipality:suldal,served_by,true
4230,no:municipality:suldal,served_by,true
4233,no:municipality:suldal,served_by,true
4234,no:municipality:suldal,served_by,true
4235,no:municipality:suldal,served_by,true
4237,no:municipality:suldal,served_by,true
4239,no:municipality:suldal,served_by,true
4240,no:municipality:suldal,served_by,true
4244,no:municipality:suldal,served_by,true
4250,no:municipality:karmoy,served_by,true
4260,no:municipality:karmoy,served_by,true
4262,no:municipality:karmoy,served_by,true
4264,no:municipality:karmoy,served_by,true
4265,no:municipality:karmoy,served_by,true
4270,no:municipality:karmoy,served_by,true
4272,no:municipality:karmoy,served_by,true
4274,no:municipality:karmoy,served_by,true
4275,no:municipality:karmoy,served_by,true
4276,no:municipality:karmoy,served_by,true
4280,no:municipality:karmoy,served_by,true
4291,no:municipality:karmoy,served_by,true
4294,no:municipality:karmoy,served_by,true
4295,no:municipality:karmoy,served_by,true
4296,no:municipality:karmoy,served_by,true
4297,no:municipality:karmoy,served_by,true
4298,no:municipality:karmoy,served_by,true
4299,no:municipality:karmoy,served_by,true
4301,no:municipality:sandnes,served_by,true
4302,no:municipality:sandnes,served_by,true
4306,no:municipality:sandnes,served_by,true
4307,no:municipality:sandnes,served_by,true
4308,no:municipality:sandnes,served_by,true
4309,no:municipality:sandnes,served_by,true
4310,no:municipality:sandnes,served_by,true
4311,no:municipality:sandnes,served_by,true
4312,no:municipality:sandnes,served_by,true
4313,no:municipality:sandnes,served_by,true
4314,no:municipality:sandnes,served_by,true
4315,no:municipality:sandnes,served_by,true
4316,no:municipality:sandnes,served_by,true
4317,no:municipality:sandnes,served_by,true
4318,no:municipality:sandnes,served_by,true
4319,no:municipality:sandnes,served_by,true
4320,no:municipality:sandnes,served_by,true
4321,no:municipality:sandnes,served_by,true
4322,no:municipality:sandnes,served_by,true
4323,no:municipality:sandnes,served_by,true
4324,no:municipality:sandnes,served_by,true
4325,no:municipality:sandnes,served_by,true
4326,no:municipality:sandnes,served_by,true
4327,no:municipality:sandnes,served_by,true
4328,no:municipality:sandnes,served_by,true
4329,no:municipality:sandnes,served_by,true
4330,no:municipality:gjesdal,served_by,true
4331,no:municipality:gjesdal,served_by,true
4332,no:municipality:sandnes,served_by,true
4333,no:municipality:gjesdal,served_by,true
4334,no:municipality:gjesdal,served_by,true
4335,no:municipality:gjesdal,served_by,true
4336,no:municipality:sandnes,served_by,true
4337,no:municipality:sandnes,served_by,true
4338,no:municipality:sandnes,served_by,true
4339,no:municipality:gjesdal,served_by,true
4340,no:municipality:time,served_by,true
4341,no:municipality:klepp,served_by,true
4342,no:municipality:time,served_by,true
4343,no:municipality:klepp,served_by,true
4344,no:municipality:time,served_by,true
4345,no:municipality:time,served_by,true
4346,no:municipality:time,served_by,true
4347,no:municipality:time,served_by,true
4348,no:municipality:time,served_by,true
4349,no:municipality:time,served_by,true
4350,no:municipality:klepp,served_by,true
4351,no:municipality:klepp,served_by,true
4352,no:municipality:klepp,served_by,true
4353,no:municipality:klepp,served_by,true
4354,no:municipality:klepp,served_by,true
4355,no:municipality:time,served_by,true
4356,no:municipality:time,served_by,true
4357,no:municipality:klepp,served_by,true
4358,no:municipality:klepp,served_by,true
4360,no:municipality:ha,served_by,true
4361,no:municipality:ha,served_by,true
4362,no:municipality:ha,served_by,true
4363,no:municipality:ha,served_by,true
4364,no:municipality:ha,served_by,true
4365,no:municipality:ha,served_by,true
4367,no:municipality:ha,served_by,true
4368,no:municipality:ha,served_by,true
4369,no:municipality:ha,served_by,true
4370,no:municipality:eigersund,served_by,true
4371,no:municipality:eigersund,served_by,true
4372,no:municipality:eigersund,served_by,true
4373,no:municipality:eigersund,served_by,true
4374,no:municipality:eigersund,served_by,true
4375,no:municipality:eigersund,served_by,true
4376,no:municipality:eigersund,served_by,true
4378,no:municipality:eigersund,served_by,true
4379,no:municipality:eigersund,served_by,true
4380,no:municipality:sokndal,served_by,true
4381,no:municipality:sokndal,served_by,true
4384,no:municipality:bjerkreim,served_by,true
4385,no:municipality:eigersund,served_by,true
4387,no:municipality:bjerkreim,served_by,true
4389,no:municipality:bjerkreim,served_by,true
4390,no:municipality:gjesdal,served_by,true
4391,no:municipality:sandnes,served_by,true
4392,no:municipality:sandnes,served_by,true
4393,no:municipality:sandnes,served_by,true
4394,no:municipality:sandnes,served_by,true
4395,no:municipality:sandnes,served_by,true
4396,no:municipality:sandnes,served_by,true
4397,no:municipality:sandnes,served_by,true
4398,no:municipality:sandnes,served_by,true
4399,no:municipality:sandnes,served_by,true
4400,no:municipality:flekkefjord,served_by,true
4401,no:municipality:flekkefjord,served_by,true
4402,no:municipality:flekkefjord,served_by,true
4403,no:municipality:flekkefjord,served_by,true
4404,no:municipality:flekkefjord,served_by,true
4405,no:municipality:flekkefjord,served_by,true
4406,no:municipality:flekkefjord,served_by,true
4407,no:municipality:flekkefjord,served_by,true
4420,no:municipality:flekkefjord,served_by,true
4432,no:municipality:flekkefjord,served_by,true
4434,no:municipality:flekkefjord,served_by,true
4436,no:municipality:flekkefjord,served_by,true
4438,no:municipality:flekkefjord,served_by,true
4439,no:municipality:flekkefjord,served_by,true
4440,no:municipality:sirdal,served_by,true
4441,no:municipality:sirdal,served_by,true
4443,no:municipality:sirdal,served_by,true
4460,no:municipality:lund,served_by,true
4462,no:municipality:lund,served_by,true
4463,no:municipality:lund,served_by,true
4465,no:municipality:lund,served_by,true
4473,no:municipality:kvinesdal,served_by,true
4480,no:municipality:kvinesdal,served_by,true
4484,no:municipality:kvinesdal,served_by,true
4485,no:municipality:kvinesdal,served_by,true
4486,no:municipality:kvinesdal,served_by,true
4490,no:municipality:kvinesdal,served_by,true
4491,no:municipality:kvinesdal,served_by,true
4492,no:municipality:kvinesdal,served_by,true
4501,no:municipality:lindesnes,served_by,true
4502,no:municipality:lindesnes,served_by,true
4503,no:municipality:lindesnes,served_by,true
4504,no:municipality:lindesnes,served_by,true
4507,no:municipality:lindesnes,served_by,true
4508,no:municipality:lindesnes,served_by,true
4509,no:municipality:lindesnes,served_by,true
4513,no:municipality:lindesnes,served_by,true
4514,no:municipality:lindesnes,served_by,true
4515,no:municipality:lindesnes,served_by,true
4516,no:municipality:lindesnes,served_by,true
4517,no:municipality:lindesnes,served_by,true
4519,no:municipality:lindesnes,served_by,true
4520,no:municipality:lindesnes,served_by,true
4521,no:municipality:lindesnes,served_by,true
4522,no:municipality:lindesnes,served_by,true
4523,no:municipality:lindesnes,served_by,true
4524,no:municipality:lindesnes,served_by,true
4525,no:municipality:lyngdal,served_by,true
4526,no:municipality:lyngdal,served_by,true
4528,no:municipality:lyngdal,served_by,true
4529,no:municipality:lyngdal,served_by,true
4532,no:municipality:lindesnes,served_by,true
4534,no:municipality:lindesnes,served_by,true
4535,no:municipality:lindesnes,served_by,true
4536,no:municipality:lindesnes,served_by,true
4540,no:municipality:aseral,served_by,true
4541,no:municipality:aseral,served_by,true
4544,no:municipality:aseral,served_by,true
4550,no:municipality:farsund,served_by,true
4551,no:municipality:farsund,served_by,true
4552,no:municipality:farsund,served_by,true
4553,no:municipality:farsund,served_by,true
4554,no:municipality:farsund,served_by,true
4557,no:municipality:farsund,served_by,true
4558,no:municipality:farsund,served_by,true
4560,no:municipality:farsund,served_by,true
4563,no:municipality:farsund,served_by,true
4575,no:municipality:lyngdal,served_by,true
4576,no:municipality:lyngdal,served_by,true
4577,no:municipality:lyngdal,served_by,true
4579,no:municipality:lyngdal,served_by,true
4580,no:municipality:lyngdal,served_by,true
4586,no:municipality:lyngdal,served_by,true
4588,no:municipality:lyngdal,served_by,true
4590,no:municipality:haegebostad,served_by,true
4595,no:municipality:haegebostad,served_by,true
4596,no:municipality:haegebostad,served_by,true
4597,no:municipality:haegebostad,served_by,true
4604,no:municipality:kristiansand,served_by,true
4605,no:municipality:kristiansand,served_by,true
4606,no:municipality:kristiansand,served_by,true
4608,no:municipality:kristiansand,served_by,true
4609,no:municipality:kristiansand,served_by,true
4610,no:municipality:kristiansand,served_by,true
4611,no:municipality:kristiansand,served_by,true
4612,no:municipality:kristiansand,served_by,true
4613,no:municipality:kristiansand,served_by,true
4614,no:municipality:kristiansand,served_by,true
4615,no:municipality:kristiansand,served_by,true
4616,no:municipality:kristiansand,served_by,true
4617,no:municipality:kristiansand,served_by,true
4618,no:municipality:kristiansand,served_by,true
4619,no:municipality:kristiansand,served_by,true
4620,no:municipality:kristiansand,served_by,true
4621,no:municipality:kristiansand,served_by,true
4622,no:municipality:kristiansand,served_by,true
4623,no:municipality:kristiansand,served_by,true
4624,no:municipality:kristiansand,served_by,true
4625,no:municipality:kristiansand,served_by,true
4626,no:municipality:kristiansand,served_by,true
4628,no:municipality:kristiansand,served_by,true
4629,no:municipality:kristiansand,served_by,true
4630,no:municipality:kristiansand,served_by,true
4631,no:municipality:kristiansand,served_by,true
4632,no:municipality:kristiansand,served_by,true
4633,no:municipality:kristiansand,served_by,true
4634,no:municipality:kristiansand,served_by,true
4635,no:municipality:kristiansand,served_by,true
4636,no:municipality:kristiansand,served_by,true
4637,no:municipality:kristiansand,served_by,true
4638,no:municipality:kristiansand,served_by,true
4639,no:municipality:kristiansand,served_by,true
4640,no:municipality:kristiansand,served_by,true
4641,no:municipality:kristiansand,served_by,true
4642,no:municipality:kristiansand,served_by,true
4643,no:municipality:kristiansand,served_by,true
4644,no:municipality:kristiansand,served_by,true
4645,no:municipality:kristiansand,served_by,true
4646,no:municipality:kristiansand,served_by,true
4647,no:municipality:kristiansand,served_by,true
4649,no:municipality:kristiansand,served_by,true
4656,no:municipality:kristiansand,served_by,true
4657,no:municipality:kristiansand,served_by,true
4658,no:municipality:kristiansand,served_by,true
4661,no:municipality:kristiansand,served_by,true
4662,no:municipality:kristiansand,served_by,true
4663,no:municipality:kristiansand,served_by,true
4664,no:municipality:kristiansand,served_by,true
4665,no:municipality:kristiansand,served_by,true
4666,no:municipality:kristiansand,served_by,true
4670,no:municipality:kristiansand,served_by,true
4671,no:municipality:kristiansand,served_by,true
4672,no:municipality:kristiansand,served_by,true
4673,no:municipality:kristiansand,served_by,true
4674,no:municipality:kristiansand,served_by,true
4675,no:municipality:kristiansand,served_by,true
4676,no:municipality:kristiansand,served_by,true
4677,no:municipality:kristiansand,served_by,true
4678,no:municipality:kristiansand,served_by,true
4679,no:municipality:kristiansand,served_by,true
4681,no:municipality:kristiansand,served_by,true
4682,no:municipality:kristiansand,served_by,true
4683,no:municipality:kristiansand,served_by,true
4684,no:municipality:kristiansand,served_by,true
4685,no:municipality:kristiansand,served_by,true
4686,no:municipality:kristiansand,served_by,true
4687,no:municipality:kristiansand,served_by,true
4688,no:municipality:kristiansand,served_by,true
4689,no:municipality:kristiansand,served_by,true
4691,no:municipality:kristiansand,served_by,true
4693,no:municipality:kristiansand,served_by,true
4694,no:municipality:kristiansand,served_by,true
4695,no:municipality:kristiansand,served_by,true
4696,no:municipality:kristiansand,served_by,true
4697,no:municipality:kristiansand,served_by,true
4698,no:municipality:kristiansand,served_by,true
4699,no:municipality:kristiansand,served_by,true
4700,no:municipality:vennesla,served_by,true
4701,no:municipality:vennesla,served_by,true
4702,no:municipality:vennesla,served_by,true
4703,no:municipality:vennesla,served_by,true
4705,no:municipality:vennesla,served_by,true
4706,no:municipality:vennesla,served_by,true
4707,no:municipality:vennesla,served_by,true
4708,no:municipality:vennesla,served_by,true
4715,no:municipality:vennesla,served_by,true
4720,no:municipality:vennesla,served_by,true
4721,no:municipality:vennesla,served_by,true
4724,no:municipality:iveland,served_by,true
4725,no:municipality:iveland,served_by,true
4730,no:municipality:iveland,served_by,true
4733,no:municipality:evje-og-hornnes,served_by,true
4734,no:municipality:evje-og-hornnes,served_by,true
4735,no:municipality:evje-og-hornnes,served_by,true
4737,no:municipality:evje-og-hornnes,served_by,true
4741,no:municipality:bygland,served_by,true
4742,no:municipality:bygland,served_by,true
4744,no:municipality:bygland,served_by,true
4745,no:municipality:bygland,served_by,true
4746,no:municipality:valle,served_by,true
4747,no:municipality:valle,served_by,true
4748,no:municipality:valle,served_by,true
4749,no:municipality:valle,served_by,true
4754,no:municipality:bykle,served_by,true
4755,no:municipality:bykle,served_by,true
4756,no:municipality:bykle,served_by,true
4760,no:municipality:birkenes,served_by,true
4766,no:municipality:birkenes,served_by,true
4768,no:municipality:birkenes,served_by,true
4770,no:municipality:lillesand,served_by,true
4780,no:municipality:lillesand,served_by,true
4790,no:municipality:lillesand,served_by,true
4791,no:municipality:lillesand,served_by,true
4792,no:municipality:lillesand,served_by,true
4793,no:municipality:lillesand,served_by,true
4794,no:municipality:lillesand,served_by,true
4795,no:municipality:birkenes,served_by,true
4801,no:municipality:arendal,served_by,true
4802,no:municipality:arendal,served_by,true
4803,no:municipality:arendal,served_by,true
4804,no:municipality:arendal,served_by,true
4808,no:municipality:arendal,served_by,true
4809,no:municipality:arendal,served_by,true
4810,no:municipality:arendal,served_by,true
4812,no:municipality:arendal,served_by,true
4815,no:municipality:arendal,served_by,true
4816,no:municipality:arendal,served_by,true
4817,no:municipality:arendal,served_by,true
4818,no:municipality:arendal,served_by,true
4820,no:municipality:froland,served_by,true
4821,no:municipality:arendal,served_by,true
4822,no:municipality:arendal,served_by,true
4823,no:municipality:arendal,served_by,true
4824,no:municipality:arendal,served_by,true
4825,no:municipality:arendal,served_by,true
4827,no:municipality:froland,served_by,true
4828,no:municipality:froland,served_by,true
4830,no:municipality:froland,served_by,true
4832,no:municipality:froland,served_by,true
4834,no:municipality:froland,served_by,true
4836,no:municipality:arendal,served_by,true
4838,no:municipality:arendal,served_by,true
4839,no:municipality:arendal,served_by,true
4841,no:municipality:arendal,served_by,true
4842,no:municipality:arendal,served_by,true
4843,no:municipality:arendal,served_by,true
4844,no:municipality:arendal,served_by,true
4846,no:municipality:arendal,served_by,true
4847,no:municipality:arendal,served_by,true
4848,no:municipality:arendal,served_by,true
4849,no:municipality:arendal,served_by,true
4851,no:municipality:arendal,served_by,true
4852,no:municipality:arendal,served_by,true
4853,no:municipality:arendal,served_by,true
4854,no:municipality:arendal,served_by,true
4855,no:municipality:froland,served_by,true
4856,no:municipality:arendal,served_by,true
4857,no:municipality:arendal,served_by,true
4858,no:municipality:arendal,served_by,true
4859,no:municipality:arendal,served_by,true
4862,no:municipality:arendal,served_by,true
4863,no:municipality:amli,served_by,true
4864,no:municipality:amli,served_by,true
4865,no:municipality:amli,served_by,true
4868,no:municipality:amli,served_by,true
4869,no:municipality:amli,served_by,true
4870,no:municipality:grimstad,served_by,true
4876,no:municipality:grimstad,served_by,true
4877,no:municipality:grimstad,served_by,true
4878,no:municipality:grimstad,served_by,true
4879,no:municipality:grimstad,served_by,true
4884,no:municipality:grimstad,served_by,true
4885,no:municipality:grimstad,served_by,true
4886,no:municipality:grimstad,served_by,true
4887,no:municipality:grimstad,served_by,true
4888,no:municipality:grimstad,served_by,true
4889,no:municipality:grimstad,served_by,true
4891,no:municipality:grimstad,served_by,true
4892,no:municipality:grimstad,served_by,true
4893,no:municipality:grimstad,served_by,true
4894,no:municipality:grimstad,served_by,true
4896,no:municipality:grimstad,served_by,true
4898,no:municipality:grimstad,served_by,true
4900,no:municipality:tvedestrand,served_by,true
4901,no:municipality:tvedestrand,served_by,true
4902,no:municipality:tvedestrand,served_by,true
4903,no:municipality:tvedestrand,served_by,true
4904,no:municipality:tvedestrand,served_by,true
4905,no:municipality:tvedestrand,served_by,true
4909,no:municipality:tvedestrand,served_by,true
4910,no:municipality:tvedestrand,served_by,true
4912,no:municipality:tvedestrand,served_by,true
4915,no:municipality:tvedestrand,served_by,true
4916,no:municipality:tvedestrand,served_by,true
4920,no:municipality:arendal,served_by,true
4921,no:municipality:arendal,served_by,true
4934,no:municipality:tvedestrand,served_by,true
4950,no:municipality:risor,served_by,true
4951,no:municipality:risor,served_by,true
4952,no:municipality:risor,served_by,true
4953,no:municipality:risor,served_by,true
4955,no:municipality:risor,served_by,true
4956,no:municipality:risor,served_by,true
4957,no:municipality:risor,served_by,true
4971,no:municipality:gjerstad,served_by,true
4972,no:municipality:gjerstad,served_by,true
4973,no:municipality:vegarshei,served_by,true
4974,no:municipality:risor,served_by,true
4980,no:municipality:gjerstad,served_by,true
4985,no:municipality:vegarshei,served_by,true
4990,no:municipality:risor,served_by,true
4993,no:municipality:gjerstad,served_by,true
4994,no:municipality:risor,served_by,true
5003,no:municipality:bergen,served_by,true
5004,no:municipality:bergen,served_by,true
5005,no:municipality:bergen,served_by,true
5006,no:municipality:bergen,served_by,true
5007,no:municipality:bergen,served_by,true
5008,no:municipality:bergen,served_by,true
5009,no:municipality:bergen,served_by,true
5010,no:municipality:bergen,served_by,true
5011,no:municipality:bergen,served_by,true
5012,no:municipality:bergen,served_by,true
5013,no:municipality:bergen,served_by,true
5014,no:municipality:bergen,served_by,true
5015,no:municipality:bergen,served_by,true
5016,no:municipality:bergen,served_by,true
5017,no:municipality:bergen,served_by,true
5018,no:municipality:bergen,served_by,true
5019,no:municipality:bergen,served_by,true
5020,no:municipality:bergen,served_by,true
5021,no:municipality:bergen,served_by,true
5022,no:municipality:bergen,served_by,true
5031,no:municipality:bergen,served_by,true
5032,no:municipality:bergen,served_by,true
5033,no:municipality:bergen,served_by,true
5034,no:municipality:bergen,served_by,true
5035,no:municipality:bergen,served_by,true
5036,no:municipality:bergen,served_by,true
5037,no:municipality:bergen,served_by,true
5038,no:municipality:bergen,served_by,true
5039,no:municipality:bergen,served_by,true
5041,no:municipality:bergen,served_by,true
5042,no:municipality:bergen,served_by,true
5043,no:municipality:bergen,served_by,true
5045,no:municipality:bergen,served_by,true
5052,no:municipality:bergen,served_by,true
5053,no:municipality:bergen,served_by,true
5054,no:municipality:bergen,served_by,true
5055,no:municipality:bergen,served_by,true
5056,no:municipality:bergen,served_by,true
5057,no:municipality:bergen,served_by,true
5058,no:municipality:bergen,served_by,true
5059,no:municipality:bergen,served_by,true
5063,no:municipality:bergen,served_by,true
5067,no:municipality:bergen,served_by,true
5068,no:municipality:bergen,served_by,true
5072,no:municipality:bergen,served_by,true
5073,no:municipality:bergen,served_by,true
5075,no:municipality:bergen,served_by,true
5081,no:municipality:bergen,served_by,true
5082,no:municipality:bergen,served_by,true
5089,no:municipality:bergen,served_by,true
5093,no:municipality:bergen,served_by,true
5094,no:municipality:bergen,served_by,true
5096,no:municipality:bergen,served_by,true
5097,no:municipality:bergen,served_by,true
5098,no:municipality:bergen,served_by,true
5099,no:municipality:bergen,served_by,true
5101,no:municipality:bergen,served_by,true
5104,no:municipality:bergen,served_by,true
5105,no:municipality:bergen,served_by,true
5106,no:municipality:bergen,served_by,true
5107,no:municipality:bergen,served_by,true
5108,no:municipality:bergen,served_by,true
5109,no:municipality:bergen,served_by,true
5111,no:municipality:bergen,served_by,true
5113,no:municipality:bergen,served_by,true
5114,no:municipality:bergen,served_by,true
5115,no:municipality:bergen,served_by,true
5116,no:municipality:bergen,served_by,true
5117,no:municipality:bergen,served_by,true
5118,no:municipality:bergen,served_by,true
5119,no:municipality:bergen,served_by,true
5121,no:municipality:bergen,served_by,true
5122,no:municipality:bergen,served_by,true
5124,no:municipality:bergen,served_by,true
5130,no:municipality:bergen,served_by,true
5131,no:municipality:bergen,served_by,true
5132,no:municipality:bergen,served_by,true
5134,no:municipality:bergen,served_by,true
5135,no:municipality:bergen,served_by,true
5136,no:municipality:bergen,served_by,true
5137,no:municipality:bergen,served_by,true
5141,no:municipality:bergen,served_by,true
5142,no:municipality:bergen,served_by,true
5143,no:municipality:bergen,served_by,true
5144,no:municipality:bergen,served_by,true
5145,no:municipality:bergen,served_by,true
5146,no:municipality:bergen,served_by,true
5147,no:municipality:bergen,served_by,true
5148,no:municipality:bergen,served_by,true
5151,no:municipality:bergen,served_by,true
5152,no:municipality:bergen,served_by,true
5153,no:municipality:bergen,served_by,true
5154,no:municipality:bergen,served_by,true
5155,no:municipality:bergen,served_by,true
5160,no:municipality:bergen,served_by,true
5161,no:municipality:bergen,served_by,true
5162,no:municipality:bergen,served_by,true
5163,no:municipality:bergen,served_by,true
5164,no:municipality:bergen,served_by,true
5165,no:municipality:bergen,served_by,true
5170,no:municipality:bergen,served_by,true
5171,no:municipality:bergen,served_by,true
5172,no:municipality:bergen,served_by,true
5173,no:municipality:bergen,served_by,true
5174,no:municipality:bergen,served_by,true
5176,no:municipality:bergen,served_by,true
5177,no:municipality:oygarden,served_by,true
5178,no:municipality:bergen,served_by,true
5179,no:municipality:bergen,served_by,true
5183,no:municipality:bergen,served_by,true
5184,no:municipality:bergen,served_by,true
5200,no:municipality:bjornafjorden,served_by,true
5201,no:municipality:bjornafjorden,served_by,true
5202,no:municipality:bjornafjorden,served_by,true
5203,no:municipality:bjornafjorden,served_by,true
5206,no:municipality:bjornafjorden,served_by,true
5207,no:municipality:bjornafjorden,served_by,true
5208,no:municipality:bjornafjorden,served_by,true
5209,no:municipality:bjornafjorden,served_by,true
5210,no:municipality:bjornafjorden,served_by,true
5211,no:municipality:bjornafjorden,served_by,true
5212,no:municipality:bjornafjorden,served_by,true
5213,no:municipality:bjornafjorden,served_by,true
5214,no:municipality:bjornafjorden,served_by,true
5215,no:municipality:bjornafjorden,served_by,true
5216,no:municipality:bjornafjorden,served_by,true
5217,no:municipality:bjornafjorden,served_by,true
5218,no:municipality:bjornafjorden,served_by,true
5221,no:municipality:bergen,served_by,true
5222,no:municipality:bergen,served_by,true
5223,no:municipality:bergen,served_by,true
5224,no:municipality:bergen,served_by,true
5225,no:municipality:bergen,served_by,true
5226,no:municipality:bergen,served_by,true
5227,no:municipality:bergen,served_by,true
5228,no:municipality:bergen,served_by,true
5229,no:municipality:bergen,served_by,true
5230,no:municipality:bergen,served_by,true
5231,no:municipality:bergen,served_by,true
5232,no:municipality:bergen,served_by,true
5235,no:municipality:bergen,served_by,true
5236,no:municipality:bergen,served_by,true
5237,no:municipality:bergen,served_by,true
5238,no:municipality:bergen,served_by,true
5239,no:municipality:bergen,served_by,true
5243,no:municipality:bergen,served_by,true
5244,no:municipality:bergen,served_by,true
5251,no:municipality:bergen,served_by,true
5252,no:municipality:bergen,served_by,true
5253,no:municipality:bergen,served_by,true
5254,no:municipality:bergen,served_by,true
5257,no:municipality:bergen,served_by,true
5258,no:municipality:bergen,served_by,true
5259,no:municipality:bergen,served_by,true
5260,no:municipality:bergen,served_by,true
5261,no:municipality:bergen,served_by,true
5262,no:municipality:bergen,served_by,true
5263,no:municipality:bergen,served_by,true
5264,no:municipality:bergen,served_by,true
5265,no:municipality:bergen,served_by,true
5267,no:municipality:bergen,served_by,true
5268,no:municipality:bergen,served_by,true
5281,no:municipality:osteroy,served_by,true
5282,no:municipality:osteroy,served_by,true
5283,no:municipality:osteroy,served_by,true
5284,no:municipality:osteroy,served_by,true
5285,no:municipality:osteroy,served_by,true
5286,no:municipality:osteroy,served_by,true
5291,no:municipality:osteroy,served_by,true
5293,no:municipality:osteroy,served_by,true
5299,no:municipality:osteroy,served_by,true
5300,no:municipality:askoy,served_by,true
5301,no:municipality:askoy,served_by,true
5302,no:municipality:askoy,served_by,true
5303,no:municipality:askoy,served_by,true
5304,no:municipality:askoy,served_by,true
5305,no:municipality:askoy,served_by,true
5306,no:municipality:askoy,served_by,true
5307,no:municipality:askoy,served_by,true
5308,no:municipality:askoy,served_by,true
5309,no:municipality:askoy,served_by,true
5310,no:municipality:askoy,served_by,true
5311,no:municipality:askoy,served_by,true
5314,no:municipality:askoy,served_by,true
5315,no:municipality:askoy,served_by,true
5318,no:municipality:askoy,served_by,true
5319,no:municipality:askoy,served_by,true
5321,no:municipality:askoy,served_by,true
5322,no:municipality:askoy,served_by,true
5323,no:municipality:askoy,served_by,true
5325,no:municipality:askoy,served_by,true
5326,no:municipality:askoy,served_by,true
5327,no:municipality:askoy,served_by,true
5329,no:municipality:askoy,served_by,true
5331,no:municipality:oygarden,served_by,true
5333,no:municipality:oygarden,served_by,true
5334,no:municipality:oygarden,served_by,true
5335,no:municipality:oygarden,served_by,true
5336,no:municipality:oygarden,served_by,true
5337,no:municipality:oygarden,served_by,true
5341,no:municipality:oygarden,served_by,true
5342,no:municipality:oygarden,served_by,true
5343,no:municipality:oygarden,served_by,true
5345,no:municipality:oygarden,served_by,true
5346,no:municipality:oygarden,served_by,true
5347,no:municipality:oygarden,served_by,true
5350,no:municipality:oygarden,served_by,true
5353,no:municipality:oygarden,served_by,true
5354,no:municipality:oygarden,served_by,true
5355,no:municipality:oygarden,served_by,true
5357,no:municipality:oygarden,served_by,true
5358,no:municipality:oygarden,served_by,true
5360,no:municipality:oygarden,served_by,true
5363,no:municipality:oygarden,served_by,true
5365,no:municipality:oygarden,served_by,true
5366,no:municipality:oygarden,served_by,true
5371,no:municipality:oygarden,served_by,true
5374,no:municipality:oygarden,served_by,true
5378,no:municipality:oygarden,served_by,true
5379,no:municipality:oygarden,served_by,true
5380,no:municipality:oygarden,served_by,true
5381,no:municipality:oygarden,served_by,true
5382,no:municipality:oygarden,served_by,true
5384,no:municipality:austevoll,served_by,true
5385,no:municipality:austevoll,served_by,true
5387,no:municipality:austevoll,served_by,true
5388,no:municipality:austevoll,served_by,true
5392,no:municipality:austevoll,served_by,true
5393,no:municipality:austevoll,served_by,true
5394,no:municipality:austevoll,served_by,true
5396,no:municipality:austevoll,served_by,true
5397,no:municipality:austevoll,served_by,true
5398,no:municipality:austevoll,served_by,true
5399,no:municipality:austevoll,served_by,true
5401,no:municipality:stord,served_by,true
5402,no:municipality:stord,served_by,true
5403,no:municipality:stord,served_by,true
5404,no:municipality:stord,served_by,true
5406,no:municipality:stord,served_by,true
5407,no:municipality:stord,served_by,true
5408,no:municipality:stord,served_by,true
5409,no:municipality:stord,served_by,true
5410,no:municipality:stord,served_by,true
5411,no:municipality:stord,served_by,true
5412,no:municipality:stord,served_by,true
5413,no:municipality:stord,served_by,true
5414,no:municipality:stord,served_by,true
5415,no:municipality:stord,served_by,true
5416,no:municipality:stord,served_by,true
5417,no:municipality:stord,served_by,true
5418,no:municipality:fitjar,served_by,true
5419,no:municipality:fitjar,served_by,true
5420,no:municipality:bomlo,served_by,true
5423,no:municipality:bomlo,served_by,true
5427,no:municipality:bomlo,served_by,true
5428,no:municipality:bomlo,served_by,true
5430,no:municipality:bomlo,served_by,true
5437,no:municipality:bomlo,served_by,true
5440,no:municipality:bomlo,served_by,true
5443,no:municipality:bomlo,served_by,true
5444,no:municipality:bomlo,served_by,true
5445,no:municipality:bomlo,served_by,true
5447,no:municipality:bomlo,served_by,true
5449,no:municipality:bomlo,served_by,true
5450,no:municipality:kvinnherad,served_by,true
5451,no:municipality:kvinnherad,served_by,true
5452,no:municipality:kvinnherad,served_by,true
5453,no:municipality:kvinnherad,served_by,true
5454,no:municipality:kvinnherad,served_by,true
5455,no:municipality:kvinnherad,served_by,true
5457,no:municipality:kvinnherad,served_by,true
5458,no:municipality:kvinnherad,served_by,true
5459,no:municipality:kvinnherad,served_by,true
5460,no:municipality:kvinnherad,served_by,true
5462,no:municipality:kvinnherad,served_by,true
5463,no:municipality:kvinnherad,served_by,true
5464,no:municipality:kvinnherad,served_by,true
5465,no:municipality:kvinnherad,served_by,true
5470,no:municipality:kvinnherad,served_by,true
5472,no:municipality:kvinnherad,served_by,true
5473,no:municipality:kvinnherad,served_by,true
5474,no:municipality:kvinnherad,served_by,true
5475,no:municipality:kvinnherad,served_by,true
5476,no:municipality:kvinnherad,served_by,true
5480,no:municipality:kvinnherad,served_by,true
5484,no:municipality:kvinnherad,served_by,true
5486,no:municipality:kvinnherad,served_by,true
5498,no:municipality:kvinnherad,served_by,true
5499,no:municipality:kvinnherad,served_by,true
5501,no:municipality:haugesund,served_by,true
5502,no:municipality:haugesund,served_by,true
5503,no:municipality:haugesund,served_by,true
5504,no:municipality:haugesund,served_by,true
5505,no:municipality:haugesund,served_by,true
5506,no:municipality:haugesund,served_by,true
5507,no:municipality:haugesund,served_by,true
5508,no:municipality:karmoy,served_by,true
5509,no:municipality:haugesund,served_by,true
5511,no:municipality:haugesund,served_by,true
5512,no:municipality:haugesund,served_by,true
5514,no:municipality:haugesund,served_by,true
5515,no:municipality:haugesund,served_by,true
5516,no:municipality:haugesund,served_by,true
5517,no:municipality:haugesund,served_by,true
5518,no:municipality:haugesund,served_by,true
5519,no:municipality:haugesund,served_by,true
5521,no:municipality:haugesund,served_by,true
5522,no:municipality:haugesund,served_by,true
5523,no:municipality:haugesund,served_by,true
5525,no:municipality:haugesund,served_by,true
5527,no:municipality:haugesund,served_by,true
5528,no:municipality:haugesund,served_by,true
5529,no:municipality:haugesund,served_by,true
5531,no:municipality:haugesund,served_by,true
5532,no:municipality:haugesund,served_by,true
5533,no:municipality:haugesund,served_by,true
5534,no:municipality:haugesund,served_by,true
5535,no:municipality:haugesund,served_by,true
5536,no:municipality:haugesund,served_by,true
5537,no:municipality:haugesund,served_by,true
5538,no:municipality:haugesund,served_by,true
5541,no:municipality:karmoy,served_by,true
5542,no:municipality:karmoy,served_by,true
5544,no:municipality:karmoy,served_by,true
5545,no:municipality:karmoy,served_by,true
5546,no:municipality:karmoy,served_by,true
5547,no:municipality:utsira,served_by,true
5548,no:municipality:karmoy,served_by,true
5549,no:municipality:haugesund,served_by,true
5550,no:municipality:sveio,served_by,true
5551,no:municipality:sveio,served_by,true
5554,no:municipality:sveio,served_by,true
5555,no:municipality:sveio,served_by,true
5556,no:municipality:sveio,served_by,true
5559,no:municipality:sveio,served_by,true
5560,no:municipality:tysvaer,served_by,true
5561,no:municipality:bokn,served_by,true
5562,no:municipality:tysvaer,served_by,true
5563,no:municipality:tysvaer,served_by,true
5565,no:municipality:tysvaer,served_by,true
5566,no:municipality:tysvaer,served_by,true
5567,no:municipality:tysvaer,served_by,true
5568,no:municipality:vindafjord,served_by,true
5569,no:municipality:bokn,served_by,true
5570,no:municipality:tysvaer,served_by,true
5574,no:municipality:vindafjord,served_by,true
5575,no:municipality:tysvaer,served_by,true
5576,no:municipality:vindafjord,served_by,true
5578,no:municipality:vindafjord,served_by,true
5580,no:municipality:vindafjord,served_by,true
5582,no:municipality:vindafjord,served_by,true
5583,no:municipality:vindafjord,served_by,true
5584,no:municipality:vindafjord,served_by,true
5585,no:municipality:vindafjord,served_by,true
5586,no:municipality:vindafjord,served_by,true
5588,no:municipality:vindafjord,served_by,true
5589,no:municipality:vindafjord,served_by,true
5590,no:municipality:etne,served_by,true
5591,no:municipality:etne,served_by,true
5593,no:municipality:etne,served_by,true
5594,no:municipality:etne,served_by,true
5595,no:municipality:tysvaer,served_by,true
5596,no:municipality:etne,served_by,true
5598,no:municipality:etne,served_by,true
5600,no:municipality:kvam,served_by,true
5601,no:municipality:kvam,served_by,true
5602,no:municipality:kvam,served_by,true
5604,no:municipality:kvam,served_by,true
5605,no:municipality:kvam,served_by,true
5610,no:municipality:kvam,served_by,true
5612,no:municipality:kvam,served_by,true
5614,no:municipality:kvam,served_by,true
5620,no:municipality:kvam,served_by,true
5626,no:municipality:ullensvang,served_by,true
5627,no:municipality:ullensvang,served_by,true
5628,no:municipality:ullensvang,served_by,true
5629,no:municipality:ullensvang,served_by,true
5630,no:municipality:kvam,served_by,true
5631,no:municipality:kvam,served_by,true
5632,no:municipality:kvam,served_by,true
5633,no:municipality:kvam,served_by,true
5635,no:municipality:kvinnherad,served_by,true
5636,no:municipality:kvinnherad,served_by,true
5637,no:municipality:kvinnherad,served_by,true
5640,no:municipality:bjornafjorden,served_by,true
5641,no:municipality:bjornafjorden,served_by,true
5642,no:municipality:bjornafjorden,served_by,true
5643,no:municipality:bjornafjorden,served_by,true
5644,no:municipality:bjornafjorden,served_by,true
5645,no:municipality:bjornafjorden,served_by,true
5646,no:municipality:bjornafjorden,served_by,true
5647,no:municipality:bjornafjorden,served_by,true
5648,no:municipality:bjornafjorden,served_by,true
5649,no:municipality:bjornafjorden,served_by,true
5650,no:municipality:samnanger,served_by,true
5651,no:municipality:samnanger,served_by,true
5652,no:municipality:samnanger,served_by,true
5653,no:municipality:samnanger,served_by,true
5680,no:municipality:tysnes,served_by,true
5683,no:municipality:tysnes,served_by,true
5685,no:municipality:tysnes,served_by,true
5687,no:municipality:tysnes,served_by,true
5690,no:municipality:tysnes,served_by,true
5693,no:municipality:tysnes,served_by,true
5694,no:municipality:tysnes,served_by,true
5695,no:municipality:tysnes,served_by,true
5696,no:municipality:tysnes,served_by,true
5700,no:municipality:voss,served_by,true
5701,no:municipality:voss,served_by,true
5702,no:municipality:voss,served_by,true
5703,no:municipality:voss,served_by,true
5704,no:municipality:voss,served_by,true
5705,no:municipality:voss,served_by,true
5706,no:municipality:voss,served_by,true
5707,no:municipality:voss,served_by,true
5708,no:municipality:voss,served_by,true
5709,no:municipality:voss,served_by,true
5710,no:municipality:voss,served_by,true
5711,no:municipality:voss,served_by,true
5712,no:municipality:voss,served_by,true
5713,no:municipality:voss,served_by,true
5714,no:municipality:voss,served_by,true
5715,no:municipality:voss,served_by,true
5718,no:municipality:aurland,served_by,true
5719,no:municipality:ulvik,served_by,true
5720,no:municipality:vaksdal,served_by,true
5721,no:municipality:vaksdal,served_by,true
5722,no:municipality:vaksdal,served_by,true
5723,no:municipality:voss,served_by,true
5724,no:municipality:vaksdal,served_by,true
5725,no:municipality:vaksdal,served_by,true
5726,no:municipality:vaksdal,served_by,true
5727,no:municipality:vaksdal,served_by,true
5728,no:municipality:vaksdal,served_by,true
5729,no:municipality:modalen,served_by,true
5730,no:municipality:ulvik,served_by,true
5731,no:municipality:ulvik,served_by,true
5732,no:municipality:modalen,served_by,true
5733,no:municipality:voss,served_by,true
5734,no:municipality:voss,served_by,true
5736,no:municipality:voss,served_by,true
5741,no:municipality:aurland,served_by,true
5742,no:municipality:aurland,served_by,true
5743,no:municipality:aurland,served_by,true
5745,no:municipality:aurland,served_by,true
5746,no:municipality:aurland,served_by,true
5747,no:municipality:aurland,served_by,true
5749,no:municipality:aurland,served_by,true
5750,no:municipality:ullensvang,served_by,true
5751,no:municipality:ullensvang,served_by,true
5752,no:municipality:ullensvang,served_by,true
5760,no:municipality:ullensvang,served_by,true
5763,no:municipality:ullensvang,served_by,true
5770,no:municipality:ullensvang,served_by,true
5773,no:municipality:ullensvang,served_by,true
5775,no:municipality:ullensvang,served_by,true
5776,no:municipality:ullensvang,served_by,true
5777,no:municipality:ullensvang,served_by,true
5778,no:municipality:ullensvang,served_by,true
5779,no:municipality:ullensvang,served_by,true
5780,no:municipality:ullensvang,served_by,true
5781,no:municipality:ullensvang,served_by,true
5782,no:municipality:ullensvang,served_by,true
5783,no:municipality:eidfjord,served_by,true
5784,no:municipality:eidfjord,served_by,true
5785,no:municipality:eidfjord,served_by,true
5786,no:municipality:eidfjord,served_by,true
5787,no:municipality:ullensvang,served_by,true
5788,no:municipality:ullensvang,served_by,true
5802,no:municipality:bergen,served_by,true
5803,no:municipality:bergen,served_by,true
5804,no:municipality:bergen,served_by,true
5805,no:municipality:bergen,served_by,true
5806,no:municipality:bergen,served_by,true
5807,no:municipality:bergen,served_by,true
5808,no:municipality:bergen,served_by,true
5809,no:municipality:bergen,served_by,true
5810,no:municipality:bergen,served_by,true
5811,no:municipality:bergen,served_by,true
5812,no:municipality:bergen,served_by,true
5813,no:municipality:bergen,served_by,true
5814,no:municipality:bergen,served_by,true
5815,no:municipality:bergen,served_by,true
5816,no:municipality:bergen,served_by,true
5817,no:municipality:bergen,served_by,true
5818,no:municipality:bergen,served_by,true
5819,no:municipality:bergen,served_by,true
5820,no:municipality:bergen,served_by,true
5821,no:municipality:bergen,served_by,true
5822,no:municipality:bergen,served_by,true
5823,no:municipality:bergen,served_by,true
5824,no:municipality:bergen,served_by,true
5825,no:municipality:bergen,served_by,true
5826,no:municipality:bergen,served_by,true
5827,no:municipality:bergen,served_by,true
5829,no:municipality:bergen,served_by,true
5830,no:municipality:bergen,served_by,true
5831,no:municipality:bergen,served_by,true
5832,no:municipality:bergen,served_by,true
5833,no:municipality:bergen,served_by,true
5834,no:municipality:bergen,served_by,true
5835,no:municipality:bergen,served_by,true
5836,no:municipality:bergen,served_by,true
5837,no:municipality:bergen,served_by,true
5838,no:municipality:bergen,served_by,true
5841,no:municipality:bergen,served_by,true
5843,no:municipality:bergen,served_by,true
5844,no:municipality:bergen,served_by,true
5845,no:municipality:bergen,served_by,true
5847,no:municipality:bergen,served_by,true
5848,no:municipality:bergen,served_by,true
5849,no:municipality:bergen,served_by,true
5851,no:municipality:bergen,served_by,true
5852,no:municipality:bergen,served_by,true
5853,no:municipality:bergen,served_by,true
5854,no:municipality:bergen,served_by,true
5855,no:municipality:bergen,served_by,true
5857,no:municipality:bergen,served_by,true
5858,no:municipality:bergen,served_by,true
5859,no:municipality:bergen,served_by,true
5861,no:municipality:bergen,served_by,true
5862,no:municipality:bergen,served_by,true
5863,no:municipality:bergen,served_by,true
5864,no:municipality:bergen,served_by,true
5865,no:municipality:bergen,served_by,true
5866,no:municipality:bergen,served_by,true
5867,no:municipality:bergen,served_by,true
5868,no:municipality:bergen,served_by,true
5872,no:municipality:bergen,served_by,true
5873,no:municipality:bergen,served_by,true
5876,no:municipality:bergen,served_by,true
5877,no:municipality:bergen,served_by,true
5878,no:municipality:bergen,served_by,true
5879,no:municipality:bergen,served_by,true
5881,no:municipality:bergen,served_by,true
5884,no:municipality:bergen,served_by,true
5886,no:municipality:bergen,served_by,true
5887,no:municipality:bergen,served_by,true
5888,no:municipality:bergen,served_by,true
5889,no:municipality:bergen,served_by,true
5892,no:municipality:bergen,served_by,true
5893,no:municipality:bergen,served_by,true
5895,no:municipality:bergen,served_by,true
5896,no:municipality:bergen,served_by,true
5899,no:municipality:bergen,served_by,true
5902,no:municipality:alver,served_by,true
5903,no:municipality:alver,served_by,true
5904,no:municipality:alver,served_by,true
5906,no:municipality:alver,served_by,true
5907,no:municipality:alver,served_by,true
5908,no:municipality:alver,served_by,true
5911,no:municipality:alver,served_by,true
5912,no:municipality:alver,served_by,true
5913,no:municipality:alver,served_by,true
5914,no:municipality:alver,served_by,true
5915,no:municipality:alver,served_by,true
5916,no:municipality:alver,served_by,true
5917,no:municipality:alver,served_by,true
5918,no:municipality:alver,served_by,true
5919,no:municipality:alver,served_by,true
5931,no:municipality:alver,served_by,true
5935,no:municipality:alver,served_by,true
5936,no:municipality:alver,served_by,true
5937,no:municipality:alver,served_by,true
5938,no:municipality:alver,served_by,true
5939,no:municipality:alver,served_by,true
5941,no:municipality:austrheim,served_by,true
5943,no:municipality:austrheim,served_by,true
5947,no:municipality:fedje,served_by,true
5948,no:municipality:fedje,served_by,true
5951,no:municipality:alver,served_by,true
5952,no:municipality:austrheim,served_by,true
5953,no:municipality:austrheim,served_by,true
5954,no:municipality:alver,served_by,true
5955,no:municipality:alver,served_by,true
5956,no:municipality:alver,served_by,true
5957,no:municipality:alver,served_by,true
5960,no:municipality:gulen,served_by,true
5961,no:municipality:gulen,served_by,true
5962,no:municipality:hoyanger,served_by,true
5963,no:municipality:gulen,served_by,true
5964,no:municipality:gulen,served_by,true
5965,no:municipality:hoyanger,served_by,true
5966,no:municipality:gulen,served_by,true
5967,no:municipality:gulen,served_by,true
5970,no:municipality:gulen,served_by,true
5977,no:municipality:gulen,served_by,true
5978,no:municipality:gulen,served_by,true
5979,no:municipality:gulen,served_by,true
5981,no:municipality:masfjorden,served_by,true
5982,no:municipality:masfjorden,served_by,true
5983,no:municipality:masfjorden,served_by,true
5984,no:municipality:masfjorden,served_by,true
5985,no:municipality:masfjorden,served_by,true
5986,no:municipality:masfjorden,served_by,true
5987,no:municipality:masfjorden,served_by,true
5991,no:municipality:alver,served_by,true
5993,no:municipality:alver,served_by,true
5994,no:municipality:alver,served_by,true
6001,no:municipality:alesund,served_by,true
6002,no:municipality:alesund,served_by,true
6003,no:municipality:alesund,served_by,true
6004,no:municipality:alesund,served_by,true
6005,no:municipality:alesund,served_by,true
6006,no:municipality:alesund,served_by,true
6007,no:municipality:alesund,served_by,true
6008,no:municipality:alesund,served_by,true
6009,no:municipality:alesund,served_by,true
6010,no:municipality:alesund,served_by,true
6011,no:municipality:alesund,served_by,true
6012,no:municipality:alesund,served_by,true
6013,no:municipality:alesund,served_by,true
6014,no:municipality:alesund,served_by,true
6015,no:municipality:alesund,served_by,true
6016,no:municipality:alesund,served_by,true
6017,no:municipality:alesund,served_by,true
6018,no:municipality:alesund,served_by,true
6019,no:municipality:alesund,served_by,true
6020,no:municipality:alesund,served_by,true
6021,no:municipality:alesund,served_by,true
6022,no:municipality:alesund,served_by,true
6023,no:municipality:alesund,served_by,true
6024,no:municipality:alesund,served_by,true
6025,no:municipality:alesund,served_by,true
6026,no:municipality:alesund,served_by,true
6028,no:municipality:alesund,served_by,true
6030,no:municipality:sula,served_by,true
6034,no:municipality:sula,served_by,true
6035,no:municipality:sula,served_by,true
6036,no:municipality:sula,served_by,true
6037,no:municipality:sula,served_by,true
6039,no:municipality:sula,served_by,true
6040,no:municipality:giske,served_by,true
6044,no:municipality:alesund,served_by,true
6045,no:municipality:alesund,served_by,true
6046,no:municipality:alesund,served_by,true
6047,no:municipality:alesund,served_by,true
6048,no:municipality:alesund,served_by,true
6050,no:municipality:giske,served_by,true
6052,no:municipality:giske,served_by,true
6054,no:municipality:giske,served_by,true
6055,no:municipality:giske,served_by,true
6057,no:municipality:alesund,served_by,true
6058,no:municipality:giske,served_by,true
6059,no:municipality:giske,served_by,true
6060,no:municipality:hareid,served_by,true
6062,no:municipality:hareid,served_by,true
6063,no:municipality:hareid,served_by,true
6064,no:municipality:ulstein,served_by,true
6065,no:municipality:ulstein,served_by,true
6067,no:municipality:ulstein,served_by,true
6068,no:municipality:ulstein,served_by,true
6069,no:municipality:hareid,served_by,true
6070,no:municipality:heroy,served_by,true
6075,no:municipality:heroy,served_by,true
6076,no:municipality:heroy,served_by,true
6078,no:municipality:sande,served_by,true
6079,no:municipality:heroy,served_by,true
6080,no:municipality:heroy,served_by,true
6082,no:municipality:sande,served_by,true
6083,no:municipality:sande,served_by,true
6084,no:municipality:sande,served_by,true
6085,no:municipality:sande,served_by,true
6086,no:municipality:sande,served_by,true
6087,no:municipality:sande,served_by,true
6088,no:municipality:sande,served_by,true
6089,no:municipality:sande,served_by,true
6090,no:municipality:heroy,served_by,true
6091,no:municipality:heroy,served_by,true
6092,no:municipality:heroy,served_by,true
6094,no:municipality:heroy,served_by,true
6095,no:municipality:heroy,served_by,true
6096,no:municipality:heroy,served_by,true
6098,no:municipality:heroy,served_by,true
6099,no:municipality:heroy,served_by,true
6100,no:municipality:volda,served_by,true
6101,no:municipality:volda,served_by,true
6102,no:municipality:volda,served_by,true
6103,no:municipality:volda,served_by,true
6104,no:municipality:volda,served_by,true
6105,no:municipality:volda,served_by,true
6106,no:municipality:volda,served_by,true
6110,no:municipality:volda,served_by,true
6120,no:municipality:volda,served_by,true
6121,no:municipality:volda,served_by,true
6133,no:municipality:volda,served_by,true
6134,no:municipality:volda,served_by,true
6138,no:municipality:vanylven,served_by,true
6139,no:municipality:vanylven,served_by,true
6140,no:municipality:vanylven,served_by,true
6141,no:municipality:vanylven,served_by,true
6142,no:municipality:vanylven,served_by,true
6143,no:municipality:vanylven,served_by,true
6144,no:municipality:vanylven,served_by,true
6146,no:municipality:vanylven,served_by,true
6147,no:municipality:vanylven,served_by,true
6149,no:municipality:vanylven,served_by,true
6150,no:municipality:orsta,served_by,true
6151,no:municipality:orsta,served_by,true
6152,no:municipality:orsta,served_by,true
6153,no:municipality:orsta,served_by,true
6154,no:municipality:orsta,served_by,true
6155,no:municipality:orsta,served_by,true
6156,no:municipality:orsta,served_by,true
6160,no:municipality:orsta,served_by,true
6161,no:municipality:orsta,served_by,true
6165,no:municipality:orsta,served_by,true
6166,no:municipality:orsta,served_by,true
6170,no:municipality:orsta,served_by,true
6171,no:municipality:orsta,served_by,true
6174,no:municipality:orsta,served_by,true
6183,no:municipality:orsta,served_by,true
6184,no:municipality:orsta,served_by,true
6190,no:municipality:volda,served_by,true
6196,no:municipality:orsta,served_by,true
6200,no:municipality:stranda,served_by,true
6201,no:municipality:stranda,served_by,true
6210,no:municipality:fjord,served_by,true
6211,no:municipality:fjord,served_by,true
6212,no:municipality:stranda,served_by,true
6213,no:municipality:fjord,served_by,true
6214,no:municipality:fjord,served_by,true
6215,no:municipality:fjord,served_by,true
6216,no:municipality:stranda,served_by,true
6217,no:municipality:stranda,served_by,true
6218,no:municipality:stranda,served_by,true
6219,no:municipality:stranda,served_by,true
6220,no:municipality:sykkylven,served_by,true
6222,no:municipality:sykkylven,served_by,true
6223,no:municipality:sykkylven,served_by,true
6224,no:municipality:sykkylven,served_by,true
6230,no:municipality:sykkylven,served_by,true
6238,no:municipality:sykkylven,served_by,true
6239,no:municipality:sykkylven,served_by,true
6240,no:municipality:alesund,served_by,true
6249,no:municipality:alesund,served_by,true
6250,no:municipality:fjord,served_by,true
6255,no:municipality:fjord,served_by,true
6259,no:municipality:fjord,served_by,true
6260,no:municipality:alesund,served_by,true
6263,no:municipality:alesund,served_by,true
6264,no:municipality:haram,served_by,true
6265,no:municipality:haram,served_by,true
6270,no:municipality:haram,served_by,true
6272,no:municipality:haram,served_by,true
6280,no:municipality:haram,served_by,true
6281,no:municipality:haram,served_by,true
6282,no:municipality:haram,served_by,true
6283,no:municipality:haram,served_by,true
6285,no:municipality:haram,served_by,true
6286,no:municipality:aukra,served_by,true
6287,no:municipality:alesund,served_by,true
6290,no:municipality:haram,served_by,true
6291,no:municipality:haram,served_by,true
6292,no:municipality:haram,served_by,true
6293,no:municipality:haram,served_by,true
6294,no:municipality:haram,served_by,true
6295,no:municipality:alesund,served_by,true
6296,no:municipality:alesund,served_by,true
6297,no:municipality:alesund,served_by,true
6298,no:municipality:alesund,served_by,true
6300,no:municipality:rauma,served_by,true
6301,no:municipality:rauma,served_by,true
6310,no:municipality:rauma,served_by,true
6315,no:municipality:rauma,served_by,true
6320,no:municipality:rauma,served_by,true
6330,no:municipality:rauma,served_by,true
6331,no:municipality:rauma,served_by,true
6339,no:municipality:rauma,served_by,true
6350,no:municipality:rauma,served_by,true
6360,no:municipality:rauma,served_by,true
6361,no:municipality:rauma,served_by,true
6363,no:municipality:rauma,served_by,true
6364,no:municipality:molde,served_by,true
6365,no:municipality:molde,served_by,true
6385,no:municipality:rauma,served_by,true
6386,no:municipality:rauma,served_by,true
6387,no:municipality:vestnes,served_by,true
6388,no:municipality:vestnes,served_by,true
6389,no:municipality:vestnes,served_by,true
6390,no:municipality:vestnes,served_by,true
6391,no:municipality:vestnes,served_by,true
6392,no:municipality:vestnes,served_by,true
6393,no:municipality:vestnes,served_by,true
6394,no:municipality:vestnes,served_by,true
6395,no:municipality:vestnes,served_by,true
6396,no:municipality:vestnes,served_by,true
6397,no:municipality:vestnes,served_by,true
6398,no:municipality:vestnes,served_by,true
6399,no:municipality:vestnes,served_by,true
6401,no:municipality:molde,served_by,true
6402,no:municipality:molde,served_by,true
6403,no:municipality:molde,served_by,true
6404,no:municipality:molde,served_by,true
6405,no:municipality:molde,served_by,true
6407,no:municipality:molde,served_by,true
6408,no:municipality:hustadvika,served_by,true
6409,no:municipality:aukra,served_by,true
6410,no:municipality:molde,served_by,true
6411,no:municipality:molde,served_by,true
6412,no:municipality:molde,served_by,true
6413,no:municipality:molde,served_by,true
6414,no:municipality:molde,served_by,true
6415,no:municipality:molde,served_by,true
6416,no:municipality:molde,served_by,true
6418,no:municipality:molde,served_by,true
6419,no:municipality:molde,served_by,true
6420,no:municipality:molde,served_by,true
6421,no:municipality:molde,served_by,true
6422,no:municipality:molde,served_by,true
6423,no:municipality:molde,served_by,true
6425,no:municipality:molde,served_by,true
6429,no:municipality:molde,served_by,true
6430,no:municipality:hustadvika,served_by,true
6431,no:municipality:hustadvika,served_by,true
6433,no:municipality:hustadvika,served_by,true
6434,no:municipality:molde,served_by,true
6435,no:municipality:molde,served_by,true
6436,no:municipality:molde,served_by,true
6440,no:municipality:hustadvika,served_by,true
6443,no:municipality:hustadvika,served_by,true
6444,no:municipality:hustadvika,served_by,true
6445,no:municipality:hustadvika,served_by,true
6446,no:municipality:hustadvika,served_by,true
6447,no:municipality:hustadvika,served_by,true
6450,no:municipality:molde,served_by,true
6452,no:municipality:molde,served_by,true
6453,no:municipality:molde,served_by,true
6454,no:municipality:molde,served_by,true
6455,no:municipality:molde,served_by,true
6456,no:municipality:molde,served_by,true
6457,no:municipality:molde,served_by,true
6458,no:municipality:molde,served_by,true
6460,no:municipality:molde,served_by,true
6461,no:municipality:molde,served_by,true
6462,no:municipality:molde,served_by,true
6470,no:municipality:molde,served_by,true
6471,no:municipality:molde,served_by,true
6472,no:municipality:molde,served_by,true
6475,no:municipality:molde,served_by,true
6476,no:municipality:molde,served_by,true
6480,no:municipality:aukra,served_by,true
6481,no:municipality:aukra,served_by,true
6490,no:municipality:hustadvika,served_by,true
6493,no:municipality:hustadvika,served_by,true
6494,no:municipality:hustadvika,served_by,true
6499,no:municipality:hustadvika,served_by,true
6501,no:municipality:kristiansund,served_by,true
6502,no:municipality:kristiansund,served_by,true
6503,no:municipality:kristiansund,served_by,true
6504,no:municipality:kristiansund,served_by,true
6506,no:municipality:kristiansund,served_by,true
6507,no:municipality:kristiansund,served_by,true
6508,no:municipality:kristiansund,served_by,true
6509,no:municipality:kristiansund,served_by,true
6510,no:municipality:kristiansund,served_by,true
6511,no:municipality:kristiansund,served_by,true
6512,no:municipality:kristiansund,served_by,true
6514,no:municipality:kristiansund,served_by,true
6515,no:municipality:kristiansund,served_by,true
6516,no:municipality:kristiansund,served_by,true
6517,no:municipality:kristiansund,served_by,true
6518,no:municipality:kristiansund,served_by,true
6520,no:municipality:kristiansund,served_by,true
6521,no:municipality:kristiansund,served_by,true
6522,no:municipality:kristiansund,served_by,true
6523,no:municipality:kristiansund,served_by,true
6524,no:municipality:kristiansund,served_by,true
6525,no:municipality:kristiansund,served_by,true
6527,no:municipality:kristiansund,served_by,true
6528,no:municipality:kristiansund,served_by,true
6529,no:municipality:kristiansund,served_by,true
6530,no:municipality:averoy,served_by,true
6531,no:municipality:averoy,served_by,true
6532,no:municipality:averoy,served_by,true
6533,no:municipality:averoy,served_by,true
6538,no:municipality:averoy,served_by,true
6539,no:municipality:averoy,served_by,true
6546,no:municipality:kristiansund,served_by,true
6547,no:municipality:kristiansund,served_by,true
6548,no:municipality:kristiansund,served_by,true
6549,no:municipality:kristiansund,served_by,true
6570,no:municipality:smola,served_by,true
6571,no:municipality:smola,served_by,true
6590,no:municipality:aure,served_by,true
6591,no:municipality:aure,served_by,true
6600,no:municipality:sunndal,served_by,true
6601,no:municipality:sunndal,served_by,true
6610,no:municipality:sunndal,served_by,true
6611,no:municipality:sunndal,served_by,true
6612,no:municipality:sunndal,served_by,true
6613,no:municipality:sunndal,served_by,true
6614,no:municipality:sunndal,served_by,true
6620,no:municipality:sunndal,served_by,true
6622,no:municipality:sunndal,served_by,true
6623,no:municipality:sunndal,served_by,true
6627,no:municipality:tingvoll,served_by,true
6628,no:municipality:tingvoll,served_by,true
6629,no:municipality:tingvoll,served_by,true
6630,no:municipality:tingvoll,served_by,true
6631,no:municipality:gjemnes,served_by,true
6632,no:municipality:gjemnes,served_by,true
6633,no:municipality:gjemnes,served_by,true
6636,no:municipality:gjemnes,served_by,true
6637,no:municipality:gjemnes,served_by,true
6638,no:municipality:gjemnes,served_by,true
6639,no:municipality:gjemnes,served_by,true
6640,no:municipality:surnadal,served_by,true
6641,no:municipality:gjemnes,served_by,true
6642,no:municipality:surnadal,served_by,true
6643,no:municipality:surnadal,served_by,true
6644,no:municipality:surnadal,served_by,true
6645,no:municipality:surnadal,served_by,true
6650,no:municipality:surnadal,served_by,true
6652,no:municipality:surnadal,served_by,true
6653,no:municipality:surnadal,served_by,true
6655,no:municipality:surnadal,served_by,true
6656,no:municipality:surnadal,served_by,true
6657,no:municipality:rindal,served_by,true
6658,no:municipality:rindal,served_by,true
6659,no:municipality:rindal,served_by,true
6670,no:municipality:tingvoll,served_by,true
6671,no:municipality:tingvoll,served_by,true
6674,no:municipality:tingvoll,served_by,true
6675,no:municipality:tingvoll,served_by,true
6680,no:municipality:heim,served_by,true
6683,no:municipality:heim,served_by,true
6686,no:municipality:heim,served_by,true
6687,no:municipality:heim,served_by,true
6688,no:municipality:heim,served_by,true
6689,no:municipality:aure,served_by,true
6690,no:municipality:aure,served_by,true
6693,no:municipality:aure,served_by,true
6694,no:municipality:aure,served_by,true
6697,no:municipality:aure,served_by,true
6698,no:municipality:aure,served_by,true
6699,no:municipality:aure,served_by,true
6700,no:municipality:kinn,served_by,true
6701,no:municipality:kinn,served_by,true
6702,no:municipality:kinn,served_by,true
6703,no:municipality:kinn,served_by,true
6704,no:municipality:kinn,served_by,true
6707,no:municipality:kinn,served_by,true
6708,no:municipality:stad,served_by,true
6710,no:municipality:kinn,served_by,true
6711,no:municipality:stad,served_by,true
6713,no:municipality:kinn,served_by,true
6714,no:municipality:kinn,served_by,true
6715,no:municipality:stad,served_by,true
6716,no:municipality:kinn,served_by,true
6717,no:municipality:stad,served_by,true
6718,no:municipality:kinn,served_by,true
6719,no:municipality:bremanger,served_by,true
6721,no:municipality:bremanger,served_by,true
6723,no:municipality:bremanger,served_by,true
6726,no:municipality:bremanger,served_by,true
6727,no:municipality:bremanger,served_by,true
6728,no:municipality:bremanger,served_by,true
6729,no:municipality:bremanger,served_by,true
6730,no:municipality:bremanger,served_by,true
6734,no:municipality:bremanger,served_by,true
6737,no:municipality:bremanger,served_by,true
6740,no:municipality:stad,served_by,true
6741,no:municipality:stad,served_by,true
6750,no:municipality:stad,served_by,true
6751,no:municipality:stad,served_by,true
6761,no:municipality:volda,served_by,true
6763,no:municipality:volda,served_by,true
6770,no:municipality:stad,served_by,true
6771,no:municipality:stad,served_by,true
6772,no:municipality:stad,served_by,true
6773,no:municipality:stad,served_by,true
6774,no:municipality:stad,served_by,true
6776,no:municipality:stad,served_by,true
6777,no:municipality:stad,served_by,true
6778,no:municipality:stad,served_by,true
6779,no:municipality:stad,served_by,true
6781,no:municipality:stryn,served_by,true
6782,no:municipality:stryn,served_by,true
6783,no:municipality:stryn,served_by,true
6784,no:municipality:stryn,served_by,true
6788,no:municipality:stryn,served_by,true
6789,no:municipality:stryn,served_by,true
6790,no:municipality:stryn,served_by,true
6791,no:municipality:stryn,served_by,true
6792,no:municipality:stryn,served_by,true
6793,no:municipality:stryn,served_by,true
6794,no:municipality:stryn,served_by,true
6795,no:municipality:stryn,served_by,true
6796,no:municipality:stryn,served_by,true
6797,no:municipality:stryn,served_by,true
6798,no:municipality:stryn,served_by,true
6799,no:municipality:stryn,served_by,true
6800,no:municipality:sunnfjord,served_by,true
6801,no:municipality:sunnfjord,served_by,true
6802,no:municipality:sunnfjord,served_by,true
6803,no:municipality:sunnfjord,served_by,true
6804,no:municipality:sunnfjord,served_by,true
6805,no:municipality:sunnfjord,served_by,true
6806,no:municipality:sunnfjord,served_by,true
6807,no:municipality:sunnfjord,served_by,true
6808,no:municipality:sunnfjord,served_by,true
6809,no:municipality:sunnfjord,served_by,true
6810,no:municipality:sunnfjord,served_by,true
6811,no:municipality:sunnfjord,served_by,true
6812,no:municipality:sunnfjord,served_by,true
6813,no:municipality:sunnfjord,served_by,true
6814,no:municipality:sunnfjord,served_by,true
6815,no:municipality:sunnfjord,served_by,true
6817,no:municipality:sunnfjord,served_by,true
6818,no:municipality:sunnfjord,served_by,true
6819,no:municipality:sunnfjord,served_by,true
6820,no:municipality:sunnfjord,served_by,true
6821,no:municipality:gloppen,served_by,true
6822,no:municipality:gloppen,served_by,true
6823,no:municipality:gloppen,served_by,true
6826,no:municipality:gloppen,served_by,true
6827,no:municipality:gloppen,served_by,true
6828,no:municipality:gloppen,served_by,true
6829,no:municipality:gloppen,served_by,true
6830,no:municipality:gloppen,served_by,true
6831,no:municipality:gloppen,served_by,true
6841,no:municipality:sunnfjord,served_by,true
6843,no:municipality:sunnfjord,served_by,true
6844,no:municipality:sunnfjord,served_by,true
6845,no:municipality:sogndal,served_by,true
6847,no:municipality:sunnfjord,served_by,true
6848,no:municipality:sogndal,served_by,true
6849,no:municipality:sogndal,served_by,true
6851,no:municipality:sogndal,served_by,true
6852,no:municipality:sogndal,served_by,true
6853,no:municipality:sogndal,served_by,true
6854,no:municipality:sogndal,served_by,true
6855,no:municipality:laerdal,served_by,true
6856,no:municipality:sogndal,served_by,true
6857,no:municipality:sogndal,served_by,true
6858,no:municipality:sogndal,served_by,true
6859,no:municipality:sogndal,served_by,true
6861,no:municipality:sogndal,served_by,true
6863,no:municipality:sogndal,served_by,true
6866,no:municipality:luster,served_by,true
6867,no:municipality:luster,served_by,true
6868,no:municipality:luster,served_by,true
6869,no:municipality:luster,served_by,true
6870,no:municipality:luster,served_by,true
6871,no:municipality:luster,served_by,true
6872,no:municipality:luster,served_by,true
6873,no:municipality:luster,served_by,true
6874,no:municipality:luster,served_by,true
6875,no:municipality:luster,served_by,true
6876,no:municipality:luster,served_by,true
6877,no:municipality:luster,served_by,true
6878,no:municipality:luster,served_by,true
6879,no:municipality:luster,served_by,true
6881,no:municipality:ardal,served_by,true
6882,no:municipality:ardal,served_by,true
6884,no:municipality:ardal,served_by,true
6885,no:municipality:ardal,served_by,true
6886,no:municipality:laerdal,served_by,true
6887,no:municipality:laerdal,served_by,true
6888,no:municipality:laerdal,served_by,true
6891,no:municipality:vik,served_by,true
6893,no:municipality:vik,served_by,true
6894,no:municipality:vik,served_by,true
6895,no:municipality:vik,served_by,true
6896,no:municipality:vik,served_by,true
6898,no:municipality:sogndal,served_by,true
6899,no:municipality:sogndal,served_by,true
6900,no:municipality:kinn,served_by,true
6901,no:municipality:kinn,served_by,true
6902,no:municipality:kinn,served_by,true
6903,no:municipality:kinn,served_by,true
6905,no:municipality:kinn,served_by,true
6906,no:municipality:kinn,served_by,true
6907,no:municipality:kinn,served_by,true
6908,no:municipality:kinn,served_by,true
6909,no:municipality:kinn,served_by,true
6910,no:municipality:kinn,served_by,true
6912,no:municipality:kinn,served_by,true
6913,no:municipality:kinn,served_by,true
6914,no:municipality:kinn,served_by,true
6915,no:municipality:kinn,served_by,true
6916,no:municipality:kinn,served_by,true
6917,no:municipality:kinn,served_by,true
6918,no:municipality:kinn,served_by,true
6919,no:municipality:kinn,served_by,true
6921,no:municipality:solund,served_by,true
6924,no:municipality:solund,served_by,true
6926,no:municipality:solund,served_by,true
6927,no:municipality:solund,served_by,true
6928,no:municipality:solund,served_by,true
6929,no:municipality:solund,served_by,true
6940,no:municipality:kinn,served_by,true
6941,no:municipality:kinn,served_by,true
6942,no:municipality:kinn,served_by,true
6944,no:municipality:kinn,served_by,true
6946,no:municipality:hoyanger,served_by,true
6947,no:municipality:hoyanger,served_by,true
6951,no:municipality:hyllestad,served_by,true
6953,no:municipality:hyllestad,served_by,true
6957,no:municipality:hyllestad,served_by,true
6958,no:municipality:hyllestad,served_by,true
6959,no:municipality:hyllestad,served_by,true
6961,no:municipality:fjaler,served_by,true
6963,no:municipality:fjaler,served_by,true
6964,no:municipality:fjaler,served_by,true
6966,no:municipality:fjaler,served_by,true
6967,no:municipality:fjaler,served_by,true
6968,no:municipality:fjaler,served_by,true
6969,no:municipality:fjaler,served_by,true
6971,no:municipality:sunnfjord,served_by,true
6973,no:municipality:sunnfjord,served_by,true
6975,no:municipality:sunnfjord,served_by,true
6976,no:municipality:sunnfjord,served_by,true
6977,no:municipality:sunnfjord,served_by,true
6978,no:municipality:sunnfjord,served_by,true
6980,no:municipality:askvoll,served_by,true
6982,no:municipality:askvoll,served_by,true
6983,no:municipality:askvoll,served_by,true
6984,no:municipality:askvoll,served_by,true
6985,no:municipality:askvoll,served_by,true
6986,no:municipality:askvoll,served_by,true
6987,no:municipality:askvoll,served_by,true
6988,no:municipality:askvoll,served_by,true
6991,no:municipality:hoyanger,served_by,true
6993,no:municipality:hoyanger,served_by,true
6994,no:municipality:hoyanger,served_by,true
6995,no:municipality:hoyanger,served_by,true
6996,no:municipality:hoyanger,served_by,true
6997,no:municipality:hoyanger,served_by,true
7003,no:municipality:trondheim,served_by,true
7004,no:municipality:trondheim,served_by,true
7005,no:municipality:trondheim,served_by,true
7006,no:municipality:trondheim,served_by,true
7010,no:municipality:trondheim,served_by,true
7011,no:municipality:trondheim,served_by,true
7012,no:municipality:trondheim,served_by,true
7013,no:municipality:trondheim,served_by,true
7014,no:municipality:trondheim,served_by,true
7015,no:municipality:trondheim,served_by,true
7016,no:municipality:trondheim,served_by,true
7017,no:municipality:trondheim,served_by,true
7018,no:municipality:trondheim,served_by,true
7019,no:municipality:trondheim,served_by,true
7020,no:municipality:trondheim,served_by,true
7021,no:municipality:trondheim,served_by,true
7022,no:municipality:trondheim,served_by,true
7023,no:municipality:trondheim,served_by,true
7024,no:municipality:trondheim,served_by,true
7025,no:municipality:trondheim,served_by,true
7026,no:municipality:trondheim,served_by,true
7027,no:municipality:trondheim,served_by,true
7028,no:municipality:trondheim,served_by,true
7029,no:municipality:trondheim,served_by,true
7030,no:municipality:trondheim,served_by,true
7031,no:municipality:trondheim,served_by,true
7032,no:municipality:trondheim,served_by,true
7033,no:municipality:trondheim,served_by,true
7034,no:municipality:trondheim,served_by,true
7035,no:municipality:trondheim,served_by,true
7036,no:municipality:trondheim,served_by,true
7037,no:municipality:trondheim,served_by,true
7038,no:municipality:trondheim,served_by,true
7039,no:municipality:trondheim,served_by,true
7040,no:municipality:trondheim,served_by,true
7041,no:municipality:trondheim,served_by,true
7042,no:municipality:trondheim,served_by,true
7043,no:municipality:trondheim,served_by,true
7044,no:municipality:trondheim,served_by,true
7045,no:municipality:trondheim,served_by,true
7046,no:municipality:trondheim,served_by,true
7047,no:municipality:trondheim,served_by,true
7048,no:municipality:trondheim,served_by,true
7049,no:municipality:trondheim,served_by,true
7050,no:municipality:trondheim,served_by,true
7051,no:municipality:trondheim,served_by,true
7052,no:municipality:trondheim,served_by,true
7053,no:municipality:trondheim,served_by,true
7054,no:municipality:trondheim,served_by,true
7055,no:municipality:trondheim,served_by,true
7056,no:municipality:trondheim,served_by,true
7057,no:municipality:trondheim,served_by,true
7058,no:municipality:trondheim,served_by,true
7059,no:municipality:trondheim,served_by,true
7060,no:municipality:trondheim,served_by,true
7066,no:municipality:trondheim,served_by,true
7067,no:municipality:trondheim,served_by,true
7068,no:municipality:trondheim,served_by,true
7069,no:municipality:trondheim,served_by,true
7070,no:municipality:trondheim,served_by,true
7071,no:municipality:trondheim,served_by,true
7072,no:municipality:trondheim,served_by,true
7074,no:municipality:trondheim,served_by,true
7075,no:municipality:trondheim,served_by,true
7078,no:municipality:trondheim,served_by,true
7079,no:municipality:trondheim,served_by,true
7080,no:municipality:trondheim,served_by,true
7081,no:municipality:trondheim,served_by,true
7082,no:municipality:trondheim,served_by,true
7083,no:municipality:trondheim,served_by,true
7088,no:municipality:trondheim,served_by,true
7089,no:municipality:trondheim,served_by,true
7091,no:municipality:trondheim,served_by,true
7092,no:municipality:trondheim,served_by,true
7093,no:municipality:trondheim,served_by,true
7097,no:municipality:trondheim,served_by,true
7098,no:municipality:trondheim,served_by,true
7099,no:municipality:trondheim,served_by,true
7100,no:municipality:indre-fosen,served_by,true
7101,no:municipality:indre-fosen,served_by,true
7105,no:municipality:indre-fosen,served_by,true
7110,no:municipality:indre-fosen,served_by,true
7111,no:municipality:indre-fosen,served_by,true
7112,no:municipality:indre-fosen,served_by,true
7113,no:municipality:indre-fosen,served_by,true
7114,no:municipality:indre-fosen,served_by,true
7115,no:municipality:indre-fosen,served_by,true
7116,no:municipality:indre-fosen,served_by,true
7119,no:municipality:indre-fosen,served_by,true
7120,no:municipality:indre-fosen,served_by,true
7121,no:municipality:indre-fosen,served_by,true
7125,no:municipality:indre-fosen,served_by,true
7126,no:municipality:indre-fosen,served_by,true
7127,no:municipality:orland,served_by,true
7129,no:municipality:orland,served_by,true
7130,no:municipality:orland,served_by,true
7140,no:municipality:orland,served_by,true
7142,no:municipality:orland,served_by,true
7150,no:municipality:orland,served_by,true
7151,no:municipality:orland,served_by,true
7152,no:municipality:orland,served_by,true
7153,no:municipality:orland,served_by,true
7156,no:municipality:orkland,served_by,true
7159,no:municipality:orland,served_by,true
7160,no:municipality:orland,served_by,true
7164,no:municipality:orland,served_by,true
7165,no:municipality:orland,served_by,true
7166,no:municipality:orland,served_by,true
7167,no:municipality:orland,served_by,true
7168,no:municipality:orland,served_by,true
7169,no:municipality:afjord,served_by,true
7170,no:municipality:afjord,served_by,true
7174,no:municipality:afjord,served_by,true
7175,no:municipality:afjord,served_by,true
7176,no:municipality:afjord,served_by,true
7177,no:municipality:afjord,served_by,true
7178,no:municipality:afjord,served_by,true
7180,no:municipality:afjord,served_by,true
7181,no:municipality:afjord,served_by,true
7190,no:municipality:afjord,served_by,true
7194,no:municipality:afjord,served_by,true
7200,no:municipality:heim,served_by,true
7201,no:municipality:heim,served_by,true
7203,no:municipality:heim,served_by,true
7206,no:municipality:heim,served_by,true
7207,no:municipality:heim,served_by,true
7211,no:municipality:melhus,served_by,true
7212,no:municipality:melhus,served_by,true
7213,no:municipality:melhus,served_by,true
7221,no:municipality:melhus,served_by,true
7223,no:municipality:melhus,served_by,true
7224,no:municipality:melhus,served_by,true
7227,no:municipality:melhus,served_by,true
7228,no:municipality:melhus,served_by,true
7231,no:municipality:melhus,served_by,true
7232,no:municipality:melhus,served_by,true
7234,no:municipality:melhus,served_by,true
7235,no:municipality:melhus,served_by,true
7236,no:municipality:melhus,served_by,true
7238,no:municipality:melhus,served_by,true
7239,no:municipality:hitra,served_by,true
7240,no:municipality:hitra,served_by,true
7241,no:municipality:hitra,served_by,true
7242,no:municipality:hitra,served_by,true
7243,no:municipality:hitra,served_by,true
7244,no:municipality:hitra,served_by,true
7245,no:municipality:hitra,served_by,true
7246,no:municipality:hitra,served_by,true
7247,no:municipality:hitra,served_by,true
7250,no:municipality:hitra,served_by,true
7252,no:municipality:hitra,served_by,true
7255,no:municipality:hitra,served_by,true
7256,no:municipality:hitra,served_by,true
7257,no:municipality:orkland,served_by,true
7259,no:municipality:orkland,served_by,true
7260,no:municipality:froya,served_by,true
7261,no:municipality:froya,served_by,true
7263,no:municipality:froya,served_by,true
7264,no:municipality:froya,served_by,true
7266,no:municipality:froya,served_by,true
7267,no:municipality:froya,served_by,true
7268,no:municipality:froya,served_by,true
7270,no:municipality:froya,served_by,true
7273,no:municipality:froya,served_by,true
7274,no:municipality:froya,served_by,true
7280,no:municipality:froya,served_by,true
7282,no:municipality:froya,served_by,true
7284,no:municipality:froya,served_by,true
7285,no:municipality:froya,served_by,true
7286,no:municipality:froya,served_by,true
7287,no:municipality:froya,served_by,true
7288,no:municipality:midtre-gauldal,served_by,true
7289,no:municipality:midtre-gauldal,served_by,true
7290,no:municipality:midtre-gauldal,served_by,true
7291,no:municipality:midtre-gauldal,served_by,true
7295,no:municipality:midtre-gauldal,served_by,true
7298,no:municipality:midtre-gauldal,served_by,true
7300,no:municipality:orkland,served_by,true
7301,no:municipality:orkland,served_by,true
7302,no:municipality:orkland,served_by,true
7303,no:municipality:orkland,served_by,true
7310,no:municipality:orkland,served_by,true
7315,no:municipality:orkland,served_by,true
7316,no:municipality:orkland,served_by,true
7318,no:municipality:orkland,served_by,true
7319,no:municipality:orkland,served_by,true
7320,no:municipality:orkland,served_by,true
7321,no:municipality:orkland,served_by,true
7327,no:municipality:orkland,served_by,true
7329,no:municipality:orkland,served_by,true
7331,no:municipality:orkland,served_by,true
7332,no:municipality:orkland,served_by,true
7333,no:municipality:orkland,served_by,true
7334,no:municipality:orkland,served_by,true
7335,no:municipality:orkland,served_by,true
7336,no:municipality:orkland,served_by,true
7338,no:municipality:orkland,served_by,true
7340,no:municipality:oppdal,served_by,true
7341,no:municipality:oppdal,served_by,true
7342,no:municipality:oppdal,served_by,true
7343,no:municipality:oppdal,served_by,true
7344,no:municipality:oppdal,served_by,true
7345,no:municipality:oppdal,served_by,true
7346,no:municipality:oppdal,served_by,true
7347,no:municipality:oppdal,served_by,true
7350,no:municipality:skaun,served_by,true
7351,no:municipality:skaun,served_by,true
7353,no:municipality:skaun,served_by,true
7354,no:municipality:skaun,served_by,true
7355,no:municipality:skaun,served_by,true
7356,no:municipality:skaun,served_by,true
7357,no:municipality:skaun,served_by,true
7358,no:municipality:skaun,served_by,true
7361,no:municipality:roros,served_by,true
7370,no:municipality:roros,served_by,true
7372,no:municipality:roros,served_by,true
7374,no:municipality:roros,served_by,true
7375,no:municipality:roros,served_by,true
7380,no:municipality:holtalen,served_by,true
7383,no:municipality:holtalen,served_by,true
7384,no:municipality:holtalen,served_by,true
7386,no:municipality:midtre-gauldal,served_by,true
7387,no:municipality:midtre-gauldal,served_by,true
7388,no:municipality:midtre-gauldal,served_by,true
7391,no:municipality:rennebu,served_by,true
7392,no:municipality:rennebu,served_by,true
7393,no:municipality:rennebu,served_by,true
7397,no:municipality:rennebu,served_by,true
7398,no:municipality:rennebu,served_by,true
7399,no:municipality:rennebu,served_by,true
7400,no:municipality:trondheim,served_by,true
7401,no:municipality:trondheim,served_by,true
7402,no:municipality:trondheim,served_by,true
7403,no:municipality:trondheim,served_by,true
7404,no:municipality:trondheim,served_by,true
7405,no:municipality:trondheim,served_by,true
7406,no:municipality:trondheim,served_by,true
7407,no:municipality:trondheim,served_by,true
7408,no:municipality:trondheim,served_by,true
7409,no:municipality:trondheim,served_by,true
7410,no:municipality:trondheim,served_by,true
7411,no:municipality:trondheim,served_by,true
7412,no:municipality:trondheim,served_by,true
7413,no:municipality:trondheim,served_by,true
7414,no:municipality:trondheim,served_by,true
7415,no:municipality:trondheim,served_by,true
7416,no:municipality:trondheim,served_by,true
7417,no:municipality:trondheim,served_by,true
7418,no:municipality:trondheim,served_by,true
7419,no:municipality:trondheim,served_by,true
7420,no:municipality:trondheim,served_by,true
7421,no:municipality:trondheim,served_by,true
7422,no:municipality:trondheim,served_by,true
7424,no:municipality:trondheim,served_by,true
7425,no:municipality:trondheim,served_by,true
7426,no:municipality:trondheim,served_by,true
7427,no:municipality:trondheim,served_by,true
7428,no:municipality:trondheim,served_by,true
7429,no:municipality:trondheim,served_by,true
7430,no:municipality:trondheim,served_by,true
7431,no:municipality:trondheim,served_by,true
7432,no:municipality:trondheim,served_by,true
7433,no:municipality:trondheim,served_by,true
7434,no:municipality:trondheim,served_by,true
7435,no:municipality:trondheim,served_by,true
7436,no:municipality:trondheim,served_by,true
7437,no:municipality:trondheim,served_by,true
7438,no:municipality:trondheim,served_by,true
7439,no:municipality:trondheim,served_by,true
7440,no:municipality:trondheim,served_by,true
7441,no:municipality:trondheim,served_by,true
7442,no:municipality:trondheim,served_by,true
7443,no:municipality:trondheim,served_by,true
7444,no:municipality:trondheim,served_by,true
7445,no:municipality:trondheim,served_by,true
7446,no:municipality:trondheim,served_by,true
7447,no:municipality:trondheim,served_by,true
7448,no:municipality:trondheim,served_by,true
7449,no:municipality:trondheim,served_by,true
7450,no:municipality:trondheim,served_by,true
7451,no:municipality:trondheim,served_by,true
7452,no:municipality:trondheim,served_by,true
7453,no:municipality:trondheim,served_by,true
7454,no:municipality:trondheim,served_by,true
7455,no:municipality:trondheim,served_by,true
7456,no:municipality:trondheim,served_by,true
7457,no:municipality:trondheim,served_by,true
7458,no:municipality:trondheim,served_by,true
7459,no:municipality:trondheim,served_by,true
7462,no:municipality:trondheim,served_by,true
7463,no:municipality:trondheim,served_by,true
7464,no:municipality:trondheim,served_by,true
7465,no:municipality:trondheim,served_by,true
7466,no:municipality:trondheim,served_by,true
7467,no:municipality:trondheim,served_by,true
7468,no:municipality:trondheim,served_by,true
7469,no:municipality:trondheim,served_by,true
7470,no:municipality:trondheim,served_by,true
7471,no:municipality:trondheim,served_by,true
7472,no:municipality:trondheim,served_by,true
7473,no:municipality:trondheim,served_by,true
7474,no:municipality:trondheim,served_by,true
7475,no:municipality:trondheim,served_by,true
7476,no:municipality:trondheim,served_by,true
7477,no:municipality:trondheim,served_by,true
7478,no:municipality:trondheim,served_by,true
7479,no:municipality:trondheim,served_by,true
7480,no:municipality:trondheim,served_by,true
7481,no:municipality:trondheim,served_by,true
7482,no:municipality:trondheim,served_by,true
7483,no:municipality:trondheim,served_by,true
7484,no:municipality:trondheim,served_by,true
7485,no:municipality:trondheim,served_by,true
7486,no:municipality:trondheim,served_by,true
7487,no:municipality:trondheim,served_by,true
7488,no:municipality:trondheim,served_by,true
7489,no:municipality:trondheim,served_by,true
7490,no:municipality:trondheim,served_by,true
7491,no:municipality:trondheim,served_by,true
7492,no:municipality:trondheim,served_by,true
7493,no:municipality:trondheim,served_by,true
7494,no:municipality:trondheim,served_by,true
7495,no:municipality:trondheim,served_by,true
7496,no:municipality:trondheim,served_by,true
7497,no:municipality:trondheim,served_by,true
7498,no:municipality:trondheim,served_by,true
7500,no:municipality:stjordal,served_by,true
7501,no:municipality:stjordal,served_by,true
7502,no:municipality:stjordal,served_by,true
7503,no:municipality:stjordal,served_by,true
7504,no:municipality:stjordal,served_by,true
7505,no:municipality:stjordal,served_by,true
7506,no:municipality:stjordal,served_by,true
7507,no:municipality:stjordal,served_by,true
7508,no:municipality:stjordal,served_by,true
7509,no:municipality:stjordal,served_by,true
7510,no:municipality:stjordal,served_by,true
7511,no:municipality:stjordal,served_by,true
7512,no:municipality:stjordal,served_by,true
7513,no:municipality:stjordal,served_by,true
7514,no:municipality:stjordal,served_by,true
7517,no:municipality:stjordal,served_by,true
7519,no:municipality:stjordal,served_by,true
7520,no:municipality:stjordal,served_by,true
7525,no:municipality:stjordal,served_by,true
7529,no:municipality:stjordal,served_by,true
7530,no:municipality:meraker,served_by,true
7531,no:municipality:meraker,served_by,true
7533,no:municipality:meraker,served_by,true
7540,no:municipality:trondheim,served_by,true
7541,no:municipality:trondheim,served_by,true
7549,no:municipality:trondheim,served_by,true
7550,no:municipality:malvik,served_by,true
7551,no:municipality:malvik,served_by,true
7560,no:municipality:malvik,served_by,true
7562,no:municipality:malvik,served_by,true
7563,no:municipality:malvik,served_by,true
7566,no:municipality:malvik,served_by,true
7570,no:municipality:stjordal,served_by,true
7580,no:municipality:selbu,served_by,true
7581,no:municipality:selbu,served_by,true
7583,no:municipality:selbu,served_by,true
7584,no:municipality:selbu,served_by,true
7590,no:municipality:tydal,served_by,true
7591,no:municipality:tydal,served_by,true
7596,no:municipality:selbu,served_by,true
7600,no:municipality:levanger,served_by,true
7601,no:municipality:levanger,served_by,true
7602,no:municipality:levanger,served_by,true
7603,no:municipality:levanger,served_by,true
7604,no:municipality:levanger,served_by,true
7605,no:municipality:levanger,served_by,true
7606,no:municipality:levanger,served_by,true
7607,no:municipality:levanger,served_by,true
7608,no:municipality:levanger,served_by,true
7609,no:municipality:levanger,served_by,true
7610,no:municipality:levanger,served_by,true
7619,no:municipality:levanger,served_by,true
7620,no:municipality:levanger,served_by,true
7622,no:municipality:levanger,served_by,true
7623,no:municipality:levanger,served_by,true
7624,no:municipality:levanger,served_by,true
7629,no:municipality:levanger,served_by,true
7630,no:municipality:levanger,served_by,true
7631,no:municipality:levanger,served_by,true
7632,no:municipality:levanger,served_by,true
7633,no:municipality:frosta,served_by,true
7634,no:municipality:frosta,served_by,true
7650,no:municipality:verdal,served_by,true
7651,no:municipality:verdal,served_by,true
7652,no:municipality:verdal,served_by,true
7653,no:municipality:verdal,served_by,true
7654,no:municipality:verdal,served_by,true
7655,no:municipality:verdal,served_by,true
7656,no:municipality:verdal,served_by,true
7657,no:municipality:verdal,served_by,true
7658,no:municipality:verdal,served_by,true
7660,no:municipality:verdal,served_by,true
7661,no:municipality:verdal,served_by,true
7670,no:municipality:inderoy,served_by,true
7671,no:municipality:inderoy,served_by,true
7672,no:municipality:inderoy,served_by,true
7690,no:municipality:inderoy,served_by,true
7691,no:municipality:inderoy,served_by,true
7701,no:municipality:steinkjer,served_by,true
7702,no:municipality:steinkjer,served_by,true
7703,no:municipality:steinkjer,served_by,true
7704,no:municipality:steinkjer,served_by,true
7705,no:municipality:steinkjer,served_by,true
7707,no:municipality:steinkjer,served_by,true
7708,no:municipality:steinkjer,served_by,true
7709,no:municipality:steinkjer,served_by,true
7710,no:municipality:steinkjer,served_by,true
7711,no:municipality:steinkjer,served_by,true
7712,no:municipality:steinkjer,served_by,true
7713,no:municipality:steinkjer,served_by,true
7714,no:municipality:steinkjer,served_by,true
7715,no:municipality:steinkjer,served_by,true
7716,no:municipality:steinkjer,served_by,true
7717,no:municipality:steinkjer,served_by,true
7718,no:municipality:steinkjer,served_by,true
7724,no:municipality:steinkjer,served_by,true
7725,no:municipality:steinkjer,served_by,true
7726,no:municipality:steinkjer,served_by,true
7729,no:municipality:steinkjer,served_by,true
7730,no:municipality:steinkjer,served_by,true
7732,no:municipality:steinkjer,served_by,true
7733,no:municipality:steinkjer,served_by,true
7734,no:municipality:steinkjer,served_by,true
7735,no:municipality:steinkjer,served_by,true
7736,no:municipality:steinkjer,served_by,true
7737,no:municipality:steinkjer,served_by,true
7738,no:municipality:steinkjer,served_by,true
7739,no:municipality:steinkjer,served_by,true
7740,no:municipality:osen,served_by,true
7741,no:municipality:osen,served_by,true
7742,no:municipality:osen,served_by,true
7744,no:municipality:osen,served_by,true
7745,no:municipality:flatanger,served_by,true
7746,no:municipality:flatanger,served_by,true
7748,no:municipality:osen,served_by,true
7750,no:municipality:namsos,served_by,true
7751,no:municipality:namsos,served_by,true
7760,no:municipality:snasa,served_by,true
7761,no:municipality:snasa,served_by,true
7770,no:municipality:flatanger,served_by,true
7771,no:municipality:flatanger,served_by,true
7777,no:municipality:namsos,served_by,true
7790,no:municipality:steinkjer,served_by,true
7791,no:municipality:steinkjer,served_by,true
7795,no:municipality:steinkjer,served_by,true
7796,no:municipality:steinkjer,served_by,true
7797,no:municipality:indre-fosen,served_by,true
7800,no:municipality:namsos,served_by,true
7801,no:municipality:namsos,served_by,true
7802,no:municipality:namsos,served_by,true
7803,no:municipality:namsos,served_by,true
7804,no:municipality:namsos,served_by,true
7805,no:municipality:namsos,served_by,true
7808,no:municipality:namsos,served_by,true
7810,no:municipality:namsos,served_by,true
7817,no:municipality:namsos,served_by,true
7818,no:municipality:namsos,served_by,true
7819,no:municipality:namsos,served_by,true
7820,no:municipality:namsos,served_by,true
7821,no:municipality:namsos,served_by,true
7822,no:municipality:namsos,served_by,true
7823,no:municipality:namsos,served_by,true
7856,no:municipality:namsos,served_by,true
7860,no:municipality:overhalla,served_by,true
7863,no:municipality:overhalla,served_by,true
7864,no:municipality:overhalla,served_by,true
7869,no:municipality:overhalla,served_by,true
7870,no:municipality:grong,served_by,true
7871,no:municipality:grong,served_by,true
7873,no:municipality:grong,served_by,true
7874,no:municipality:grong,served_by,true
7876,no:municipality:hoylandet,served_by,true
7877,no:municipality:hoylandet,served_by,true
7878,no:municipality:hoylandet,served_by,true
7881,no:municipality:lierne,served_by,true
7882,no:municipality:lierne,served_by,true
7884,no:municipality:lierne,served_by,true
7885,no:municipality:lierne,served_by,true
7890,no:municipality:namsskogan,served_by,true
7891,no:municipality:namsskogan,served_by,true
7892,no:municipality:namsskogan,served_by,true
7893,no:municipality:namsskogan,served_by,true
7896,no:municipality:namsskogan,served_by,true
7897,no:municipality:royrvik,served_by,true
7898,no:municipality:royrvik,served_by,true
7900,no:municipality:naeroysund,served_by,true
7901,no:municipality:naeroysund,served_by,true
7902,no:municipality:naeroysund,served_by,true
7924,no:municipality:naeroysund,served_by,true
7940,no:municipality:naeroysund,served_by,true
7941,no:municipality:naeroysund,served_by,true
7944,no:municipality:naeroysund,served_by,true
7950,no:municipality:naeroysund,served_by,true
7960,no:municipality:naeroysund,served_by,true
7970,no:municipality:naeroysund,served_by,true
7971,no:municipality:naeroysund,served_by,true
7973,no:municipality:naeroysund,served_by,true
7979,no:municipality:bindal,served_by,true
7980,no:municipality:bindal,served_by,true
7981,no:municipality:bindal,served_by,true
7982,no:municipality:bindal,served_by,true
7983,no:municipality:bindal,served_by,true
7985,no:municipality:naeroysund,served_by,true
7986,no:municipality:naeroysund,served_by,true
7990,no:municipality:naeroysund,served_by,true
7993,no:municipality:leka,served_by,true
7994,no:municipality:leka,served_by,true
7995,no:municipality:leka,served_by,true
8001,no:municipality:bodo,served_by,true
8002,no:municipality:bodo,served_by,true
8003,no:municipality:bodo,served_by,true
8004,no:municipality:bodo,served_by,true
8005,no:municipality:bodo,served_by,true
8006,no:municipality:bodo,served_by,true
8007,no:municipality:bodo,served_by,true
8008,no:municipality:bodo,served_by,true
8009,no:municipality:bodo,served_by,true
8010,no:municipality:bodo,served_by,true
8011,no:municipality:bodo,served_by,true
8012,no:municipality:bodo,served_by,true
8013,no:municipality:bodo,served_by,true
8014,no:municipality:bodo,served_by,true
8015,no:municipality:bodo,served_by,true
8016,no:municipality:bodo,served_by,true
8019,no:municipality:bodo,served_by,true
8020,no:municipality:bodo,served_by,true
8021,no:municipality:bodo,served_by,true
8022,no:municipality:bodo,served_by,true
8023,no:municipality:bodo,served_by,true
8025,no:municipality:bodo,served_by,true
8026,no:municipality:bodo,served_by,true
8027,no:municipality:bodo,served_by,true
8028,no:municipality:bodo,served_by,true
8029,no:municipality:bodo,served_by,true
8030,no:municipality:bodo,served_by,true
8031,no:municipality:bodo,served_by,true
8037,no:municipality:bodo,served_by,true
8038,no:municipality:bodo,served_by,true
8041,no:municipality:bodo,served_by,true
8047,no:municipality:bodo,served_by,true
8048,no:municipality:bodo,served_by,true
8049,no:municipality:bodo,served_by,true
8050,no:municipality:bodo,served_by,true
8056,no:municipality:bodo,served_by,true
8057,no:municipality:bodo,served_by,true
8058,no:municipality:bodo,served_by,true
8062,no:municipality:vaeroy,served_by,true
8063,no:municipality:vaeroy,served_by,true
8064,no:municipality:rost,served_by,true
8065,no:municipality:rost,served_by,true
8070,no:municipality:bodo,served_by,true
8071,no:municipality:bodo,served_by,true
8072,no:municipality:bodo,served_by,true
8073,no:municipality:bodo,served_by,true
8074,no:municipality:bodo,served_by,true
8075,no:municipality:bodo,served_by,true
8076,no:municipality:bodo,served_by,true
8079,no:municipality:bodo,served_by,true
8084,no:municipality:bodo,served_by,true
8085,no:municipality:bodo,served_by,true
8086,no:municipality:bodo,served_by,true
8087,no:municipality:bodo,served_by,true
8088,no:municipality:bodo,served_by,true
8089,no:municipality:bodo,served_by,true
8091,no:municipality:bodo,served_by,true
8092,no:municipality:bodo,served_by,true
8093,no:municipality:bodo,served_by,true
8094,no:municipality:gildeskal,served_by,true
8095,no:municipality:bodo,served_by,true
8096,no:municipality:bodo,served_by,true
8097,no:municipality:bodo,served_by,true
8098,no:municipality:bodo,served_by,true
8099,no:arctic_region:jan-mayen,served_by,true
8100,no:municipality:bodo,served_by,true
8102,no:municipality:bodo,served_by,true
8103,no:municipality:bodo,served_by,true
8108,no:municipality:bodo,served_by,true
8110,no:municipality:beiarn,served_by,true
8114,no:municipality:beiarn,served_by,true
8118,no:municipality:beiarn,served_by,true
8120,no:municipality:gildeskal,served_by,true
8128,no:municipality:beiarn,served_by,true
8130,no:municipality:gildeskal,served_by,true
8134,no:municipality:gildeskal,served_by,true
8135,no:municipality:gildeskal,served_by,true
8136,no:municipality:gildeskal,served_by,true
8138,no:municipality:gildeskal,served_by,true
8140,no:municipality:gildeskal,served_by,true
8145,no:municipality:gildeskal,served_by,true
8146,no:municipality:meloy,served_by,true
8149,no:municipality:meloy,served_by,true
8150,no:municipality:meloy,served_by,true
8151,no:municipality:meloy,served_by,true
8157,no:municipality:meloy,served_by,true
8158,no:municipality:meloy,served_by,true
8159,no:municipality:meloy,served_by,true
8160,no:municipality:meloy,served_by,true
8161,no:municipality:meloy,served_by,true
8168,no:municipality:meloy,served_by,true
8170,no:municipality:meloy,served_by,true
8178,no:municipality:meloy,served_by,true
8179,no:municipality:meloy,served_by,true
8181,no:municipality:rodoy,served_by,true
8182,no:municipality:rodoy,served_by,true
8183,no:municipality:rodoy,served_by,true
8184,no:municipality:meloy,served_by,true
8185,no:municipality:rodoy,served_by,true
8186,no:municipality:rodoy,served_by,true
8187,no:municipality:rodoy,served_by,true
8188,no:municipality:rodoy,served_by,true
8189,no:municipality:rodoy,served_by,true
8190,no:municipality:rodoy,served_by,true
8192,no:municipality:rodoy,served_by,true
8193,no:municipality:rodoy,served_by,true
8195,no:municipality:rodoy,served_by,true
8196,no:municipality:rodoy,served_by,true
8197,no:municipality:rodoy,served_by,true
8198,no:municipality:rodoy,served_by,true
8200,no:municipality:fauske,served_by,true
8201,no:municipality:fauske,served_by,true
8202,no:municipality:fauske,served_by,true
8203,no:municipality:fauske,served_by,true
8205,no:municipality:fauske,served_by,true
8206,no:municipality:fauske,served_by,true
8207,no:municipality:fauske,served_by,true
8208,no:municipality:fauske,served_by,true
8209,no:municipality:fauske,served_by,true
8210,no:municipality:fauske,served_by,true
8211,no:municipality:fauske,served_by,true
8214,no:municipality:fauske,served_by,true
8215,no:municipality:fauske,served_by,true
8218,no:municipality:fauske,served_by,true
8219,no:municipality:fauske,served_by,true
8220,no:municipality:sorfold,served_by,true
8226,no:municipality:sorfold,served_by,true
8230,no:municipality:fauske,served_by,true
8231,no:municipality:fauske,served_by,true
8232,no:municipality:sorfold,served_by,true
8233,no:municipality:fauske,served_by,true
8250,no:municipality:saltdal,served_by,true
8251,no:municipality:saltdal,served_by,true
8252,no:municipality:saltdal,served_by,true
8253,no:municipality:saltdal,served_by,true
8255,no:municipality:saltdal,served_by,true
8256,no:municipality:saltdal,served_by,true
8260,no:municipality:hamaroy,served_by,true
8261,no:municipality:hamaroy,served_by,true
8264,no:municipality:sorfold,served_by,true
8266,no:municipality:sorfold,served_by,true
8270,no:municipality:hamaroy,served_by,true
8271,no:municipality:hamaroy,served_by,true
8273,no:municipality:hamaroy,served_by,true
8274,no:municipality:hamaroy,served_by,true
8275,no:municipality:hamaroy,served_by,true
8276,no:municipality:hamaroy,served_by,true
8278,no:municipality:narvik,served_by,true
8281,no:municipality:steigen,served_by,true
8283,no:municipality:steigen,served_by,true
8285,no:municipality:steigen,served_by,true
8286,no:municipality:steigen,served_by,true
8287,no:municipality:steigen,served_by,true
8288,no:municipality:steigen,served_by,true
8289,no:municipality:steigen,served_by,true
8290,no:municipality:hamaroy,served_by,true
8294,no:municipality:hamaroy,served_by,true
8297,no:municipality:hamaroy,served_by,true
8298,no:municipality:hamaroy,served_by,true
8300,no:municipality:vagan,served_by,true
8301,no:municipality:vagan,served_by,true
8305,no:municipality:vagan,served_by,true
8309,no:municipality:vagan,served_by,true
8310,no:municipality:vagan,served_by,true
8311,no:municipality:vagan,served_by,true
8312,no:municipality:vagan,served_by,true
8313,no:municipality:vagan,served_by,true
8314,no:municipality:vagan,served_by,true
8315,no:municipality:vagan,served_by,true
8316,no:municipality:vagan,served_by,true
8317,no:municipality:hadsel,served_by,true
8320,no:municipality:vagan,served_by,true
8322,no:municipality:vagan,served_by,true
8323,no:municipality:vagan,served_by,true
8324,no:municipality:vagan,served_by,true
8325,no:municipality:hadsel,served_by,true
8326,no:municipality:hadsel,served_by,true
8328,no:municipality:vagan,served_by,true
8340,no:municipality:vestvagoy,served_by,true
8352,no:municipality:vestvagoy,served_by,true
8357,no:municipality:vestvagoy,served_by,true
8360,no:municipality:vestvagoy,served_by,true
8361,no:municipality:vestvagoy,served_by,true
8370,no:municipality:vestvagoy,served_by,true
8372,no:municipality:vestvagoy,served_by,true
8373,no:municipality:vestvagoy,served_by,true
8374,no:municipality:vestvagoy,served_by,true
8376,no:municipality:vestvagoy,served_by,true
8377,no:municipality:vestvagoy,served_by,true
8378,no:municipality:vestvagoy,served_by,true
8380,no:municipality:flakstad,served_by,true
8382,no:municipality:flakstad,served_by,true
8384,no:municipality:flakstad,served_by,true
8385,no:municipality:flakstad,served_by,true
8387,no:municipality:flakstad,served_by,true
8388,no:municipality:flakstad,served_by,true
8390,no:municipality:moskenes,served_by,true
8392,no:municipality:moskenes,served_by,true
8393,no:municipality:moskenes,served_by,true
8398,no:municipality:moskenes,served_by,true
8400,no:municipality:sortland,served_by,true
8401,no:municipality:sortland,served_by,true
8402,no:municipality:sortland,served_by,true
8403,no:municipality:sortland,served_by,true
8404,no:municipality:sortland,served_by,true
8405,no:municipality:sortland,served_by,true
8406,no:municipality:sortland,served_by,true
8407,no:municipality:sortland,served_by,true
8408,no:municipality:oksnes,served_by,true
8409,no:municipality:kvaefjord,served_by,true
8410,no:municipality:lodingen,served_by,true
8411,no:municipality:lodingen,served_by,true
8412,no:municipality:lodingen,served_by,true
8413,no:municipality:hadsel,served_by,true
8414,no:municipality:hadsel,served_by,true
8415,no:municipality:sortland,served_by,true
8416,no:municipality:sortland,served_by,true
8419,no:municipality:sortland,served_by,true
8426,no:municipality:oksnes,served_by,true
8428,no:municipality:oksnes,served_by,true
8430,no:municipality:oksnes,served_by,true
8432,no:municipality:oksnes,served_by,true
8438,no:municipality:oksnes,served_by,true
8439,no:municipality:oksnes,served_by,true
8445,no:municipality:hadsel,served_by,true
8447,no:municipality:hadsel,served_by,true
8450,no:municipality:hadsel,served_by,true
8455,no:municipality:hadsel,served_by,true
8459,no:municipality:hadsel,served_by,true
8465,no:municipality:bo,served_by,true
8469,no:municipality:bo,served_by,true
8470,no:municipality:bo,served_by,true
8475,no:municipality:bo,served_by,true
8480,no:municipality:andoy,served_by,true
8481,no:municipality:andoy,served_by,true
8483,no:municipality:andoy,served_by,true
8484,no:municipality:andoy,served_by,true
8485,no:municipality:andoy,served_by,true
8488,no:municipality:andoy,served_by,true
8489,no:municipality:andoy,served_by,true
8493,no:municipality:andoy,served_by,true
8501,no:municipality:narvik,served_by,true
8502,no:municipality:narvik,served_by,true
8503,no:municipality:narvik,served_by,true
8504,no:municipality:narvik,served_by,true
8505,no:municipality:narvik,served_by,true
8506,no:municipality:narvik,served_by,true
8507,no:municipality:narvik,served_by,true
8508,no:municipality:narvik,served_by,true
8509,no:municipality:narvik,served_by,true
8510,no:municipality:narvik,served_by,true
8512,no:municipality:narvik,served_by,true
8513,no:municipality:narvik,served_by,true
8514,no:municipality:narvik,served_by,true
8515,no:municipality:narvik,served_by,true
8516,no:municipality:narvik,served_by,true
8517,no:municipality:narvik,served_by,true
8518,no:municipality:narvik,served_by,true
8519,no:municipality:narvik,served_by,true
8520,no:municipality:narvik,served_by,true
8521,no:municipality:narvik,served_by,true
8522,no:municipality:narvik,served_by,true
8523,no:municipality:narvik,served_by,true
8530,no:municipality:narvik,served_by,true
8531,no:municipality:narvik,served_by,true
8533,no:municipality:evenes,served_by,true
8534,no:municipality:evenes,served_by,true
8535,no:municipality:evenes,served_by,true
8536,no:municipality:evenes,served_by,true
8539,no:municipality:evenes,served_by,true
8540,no:municipality:narvik,served_by,true
8543,no:municipality:narvik,served_by,true
8546,no:municipality:narvik,served_by,true
8590,no:municipality:narvik,served_by,true
8591,no:municipality:narvik,served_by,true
8601,no:municipality:rana,served_by,true
8602,no:municipality:rana,served_by,true
8603,no:municipality:rana,served_by,true
8604,no:municipality:rana,served_by,true
8607,no:municipality:rana,served_by,true
8609,no:municipality:rana,served_by,true
8610,no:municipality:rana,served_by,true
8611,no:municipality:rana,served_by,true
8613,no:municipality:rana,served_by,true
8614,no:municipality:rana,served_by,true
8615,no:municipality:rana,served_by,true
8616,no:municipality:rana,served_by,true
8617,no:municipality:rana,served_by,true
8618,no:municipality:rana,served_by,true
8619,no:municipality:rana,served_by,true
8622,no:municipality:rana,served_by,true
8624,no:municipality:rana,served_by,true
8626,no:municipality:rana,served_by,true
8630,no:municipality:rana,served_by,true
8638,no:municipality:rana,served_by,true
8640,no:municipality:hemnes,served_by,true
8641,no:municipality:hemnes,served_by,true
8642,no:municipality:hemnes,served_by,true
8643,no:municipality:hemnes,served_by,true
8644,no:municipality:hemnes,served_by,true
8646,no:municipality:hemnes,served_by,true
8647,no:municipality:hemnes,served_by,true
8648,no:municipality:hemnes,served_by,true
8651,no:municipality:vefsn,served_by,true
8652,no:municipality:vefsn,served_by,true
8654,no:municipality:vefsn,served_by,true
8655,no:municipality:vefsn,served_by,true
8656,no:municipality:vefsn,served_by,true
8657,no:municipality:vefsn,served_by,true
8658,no:municipality:vefsn,served_by,true
8659,no:municipality:vefsn,served_by,true
8660,no:municipality:vefsn,served_by,true
8661,no:municipality:vefsn,served_by,true
8663,no:municipality:vefsn,served_by,true
8664,no:municipality:vefsn,served_by,true
8665,no:municipality:vefsn,served_by,true
8666,no:municipality:vefsn,served_by,true
8672,no:municipality:vefsn,served_by,true
8681,no:municipality:grane,served_by,true
8682,no:municipality:grane,served_by,true
8683,no:municipality:grane,served_by,true
8684,no:municipality:grane,served_by,true
8685,no:municipality:grane,served_by,true
8691,no:municipality:hattfjelldal,served_by,true
8692,no:municipality:hattfjelldal,served_by,true
8693,no:municipality:hattfjelldal,served_by,true
8694,no:municipality:hattfjelldal,served_by,true
8695,no:municipality:hattfjelldal,served_by,true
8696,no:municipality:hattfjelldal,served_by,true
8700,no:municipality:nesna,served_by,true
8701,no:municipality:nesna,served_by,true
8704,no:municipality:nesna,served_by,true
8705,no:municipality:nesna,served_by,true
8720,no:municipality:nesna,served_by,true
8723,no:municipality:nesna,served_by,true
8724,no:municipality:nesna,served_by,true
8725,no:municipality:rana,served_by,true
8730,no:municipality:luroy,served_by,true
8732,no:municipality:luroy,served_by,true
8733,no:municipality:luroy,served_by,true
8735,no:municipality:luroy,served_by,true
8740,no:municipality:luroy,served_by,true
8742,no:municipality:traena,served_by,true
8743,no:municipality:luroy,served_by,true
8750,no:municipality:luroy,served_by,true
8752,no:municipality:luroy,served_by,true
8754,no:municipality:rodoy,served_by,true
8762,no:municipality:luroy,served_by,true
8764,no:municipality:luroy,served_by,true
8766,no:municipality:luroy,served_by,true
8770,no:municipality:traena,served_by,true
8800,no:municipality:alstahaug,served_by,true
8801,no:municipality:alstahaug,served_by,true
8802,no:municipality:alstahaug,served_by,true
8803,no:municipality:alstahaug,served_by,true
8804,no:municipality:alstahaug,served_by,true
8805,no:municipality:alstahaug,served_by,true
8809,no:municipality:alstahaug,served_by,true
8813,no:municipality:donna,served_by,true
8820,no:municipality:donna,served_by,true
8827,no:municipality:donna,served_by,true
8830,no:municipality:donna,served_by,true
8842,no:municipality:nordland:heroy,served_by,true
8844,no:municipality:nordland:heroy,served_by,true
8850,no:municipality:nordland:heroy,served_by,true
8851,no:municipality:nordland:heroy,served_by,true
8852,no:municipality:nordland:heroy,served_by,true
8854,no:municipality:alstahaug,served_by,true
8860,no:municipality:alstahaug,served_by,true
8861,no:municipality:alstahaug,served_by,true
8865,no:municipality:alstahaug,served_by,true
8870,no:municipality:vevelstad,served_by,true
8880,no:municipality:alstahaug,served_by,true
8890,no:municipality:leirfjord,served_by,true
8891,no:municipality:leirfjord,served_by,true
8892,no:municipality:leirfjord,served_by,true
8897,no:municipality:leirfjord,served_by,true
8900,no:municipality:bronnoy,served_by,true
8901,no:municipality:bronnoy,served_by,true
8902,no:municipality:bronnoy,served_by,true
8904,no:municipality:bronnoy,served_by,true
8905,no:municipality:bronnoy,served_by,true
8906,no:municipality:bronnoy,served_by,true
8907,no:municipality:bronnoy,served_by,true
8908,no:municipality:bronnoy,served_by,true
8909,no:municipality:bronnoy,served_by,true
8910,no:municipality:bronnoy,served_by,true
8920,no:municipality:somna,served_by,true
8921,no:municipality:somna,served_by,true
8922,no:municipality:somna,served_by,true
8960,no:municipality:bronnoy,served_by,true
8961,no:municipality:bronnoy,served_by,true
8976,no:municipality:vevelstad,served_by,true
8977,no:municipality:vevelstad,served_by,true
8981,no:municipality:vega,served_by,true
8982,no:municipality:vega,served_by,true
8983,no:municipality:vega,served_by,true
8984,no:municipality:vega,served_by,true
8985,no:municipality:vega,served_by,true
8986,no:municipality:vega,served_by,true
9006,no:municipality:tromso,served_by,true
9007,no:municipality:tromso,served_by,true
9008,no:municipality:tromso,served_by,true
9009,no:municipality:tromso,served_by,true
9010,no:municipality:tromso,served_by,true
9011,no:municipality:tromso,served_by,true
9012,no:municipality:tromso,served_by,true
9013,no:municipality:tromso,served_by,true
9014,no:municipality:tromso,served_by,true
9015,no:municipality:tromso,served_by,true
9016,no:municipality:tromso,served_by,true
9017,no:municipality:tromso,served_by,true
9018,no:municipality:tromso,served_by,true
9019,no:municipality:tromso,served_by,true
9020,no:municipality:tromso,served_by,true
9021,no:municipality:tromso,served_by,true
9022,no:municipality:tromso,served_by,true
9023,no:municipality:tromso,served_by,true
9024,no:municipality:tromso,served_by,true
9027,no:municipality:tromso,served_by,true
9029,no:municipality:tromso,served_by,true
9030,no:municipality:tromso,served_by,true
9034,no:municipality:tromso,served_by,true
9037,no:municipality:tromso,served_by,true
9038,no:municipality:tromso,served_by,true
9040,no:municipality:balsfjord,served_by,true
9042,no:municipality:balsfjord,served_by,true
9043,no:municipality:tromso,served_by,true
9045,no:municipality:tromso,served_by,true
9046,no:municipality:storfjord,served_by,true
9049,no:municipality:balsfjord,served_by,true
9050,no:municipality:balsfjord,served_by,true
9055,no:municipality:balsfjord,served_by,true
9056,no:municipality:balsfjord,served_by,true
9057,no:municipality:tromso,served_by,true
9059,no:municipality:balsfjord,served_by,true
9060,no:municipality:lyngen,served_by,true
9062,no:municipality:lyngen,served_by,true
9064,no:municipality:lyngen,served_by,true
9068,no:municipality:lyngen,served_by,true
9069,no:municipality:lyngen,served_by,true
9100,no:municipality:tromso,served_by,true
9101,no:municipality:tromso,served_by,true
9102,no:municipality:tromso,served_by,true
9103,no:municipality:tromso,served_by,true
9104,no:municipality:tromso,served_by,true
9105,no:municipality:tromso,served_by,true
9106,no:municipality:tromso,served_by,true
9107,no:municipality:tromso,served_by,true
9108,no:municipality:tromso,served_by,true
9109,no:municipality:tromso,served_by,true
9110,no:municipality:tromso,served_by,true
9118,no:municipality:tromso,served_by,true
9119,no:municipality:tromso,served_by,true
9120,no:municipality:tromso,served_by,true
9128,no:municipality:tromso,served_by,true
9130,no:municipality:karlsoy,served_by,true
9131,no:municipality:tromso,served_by,true
9132,no:municipality:karlsoy,served_by,true
9134,no:municipality:karlsoy,served_by,true
9135,no:municipality:karlsoy,served_by,true
9136,no:municipality:karlsoy,served_by,true
9137,no:municipality:karlsoy,served_by,true
9138,no:municipality:karlsoy,served_by,true
9140,no:municipality:karlsoy,served_by,true
9141,no:municipality:tromso,served_by,true
9142,no:municipality:storfjord,served_by,true
9143,no:municipality:storfjord,served_by,true
9144,no:municipality:kafjord,served_by,true
9145,no:municipality:kafjord,served_by,true
9146,no:municipality:kafjord,served_by,true
9147,no:municipality:kafjord,served_by,true
9148,no:municipality:kafjord,served_by,true
9149,no:municipality:kafjord,served_by,true
9151,no:municipality:nordreisa,served_by,true
9152,no:municipality:nordreisa,served_by,true
9153,no:municipality:nordreisa,served_by,true
9154,no:municipality:nordreisa,served_by,true
9155,no:municipality:nordreisa,served_by,true
9156,no:municipality:nordreisa,served_by,true
9157,no:municipality:nordreisa,served_by,true
9158,no:municipality:nordreisa,served_by,true
9159,no:municipality:nordreisa,served_by,true
9161,no:municipality:kvaenangen,served_by,true
9162,no:municipality:kvaenangen,served_by,true
9163,no:municipality:kvaenangen,served_by,true
9169,no:municipality:kvaenangen,served_by,true
9170,no:arctic_region:svalbard,served_by,true
9171,no:arctic_region:svalbard,served_by,true
9178,no:arctic_region:svalbard,served_by,true
9180,no:municipality:skjervoy,served_by,true
9181,no:municipality:nordreisa,served_by,true
9182,no:municipality:kvaenangen,served_by,true
9184,no:municipality:kvaenangen,served_by,true
9185,no:municipality:kvaenangen,served_by,true
9186,no:municipality:loppa,served_by,true
9187,no:municipality:kvaenangen,served_by,true
9189,no:municipality:skjervoy,served_by,true
9190,no:municipality:skjervoy,served_by,true
9192,no:municipality:skjervoy,served_by,true
9193,no:municipality:skjervoy,served_by,true
9194,no:municipality:skjervoy,served_by,true
9195,no:municipality:skjervoy,served_by,true
9197,no:municipality:skjervoy,served_by,true
9240,no:municipality:tromso,served_by,true
9251,no:municipality:tromso,served_by,true
9252,no:municipality:tromso,served_by,true
9253,no:municipality:tromso,served_by,true
9254,no:municipality:tromso,served_by,true
9255,no:municipality:tromso,served_by,true
9256,no:municipality:tromso,served_by,true
9257,no:municipality:tromso,served_by,true
9258,no:municipality:tromso,served_by,true
9259,no:municipality:tromso,served_by,true
9260,no:municipality:tromso,served_by,true
9261,no:municipality:tromso,served_by,true
9262,no:municipality:tromso,served_by,true
9263,no:municipality:tromso,served_by,true
9265,no:municipality:tromso,served_by,true
9266,no:municipality:tromso,served_by,true
9267,no:municipality:tromso,served_by,true
9268,no:municipality:tromso,served_by,true
9269,no:municipality:tromso,served_by,true
9270,no:municipality:tromso,served_by,true
9271,no:municipality:tromso,served_by,true
9272,no:municipality:tromso,served_by,true
9273,no:municipality:tromso,served_by,true
9274,no:municipality:tromso,served_by,true
9275,no:municipality:tromso,served_by,true
9276,no:municipality:tromso,served_by,true
9277,no:municipality:tromso,served_by,true
9278,no:municipality:tromso,served_by,true
9279,no:municipality:tromso,served_by,true
9280,no:municipality:tromso,served_by,true
9281,no:municipality:tromso,served_by,true
9282,no:municipality:tromso,served_by,true
9283,no:municipality:tromso,served_by,true
9284,no:municipality:tromso,served_by,true
9285,no:municipality:tromso,served_by,true
9286,no:municipality:tromso,served_by,true
9287,no:municipality:tromso,served_by,true
9288,no:municipality:tromso,served_by,true
9290,no:municipality:tromso,served_by,true
9291,no:municipality:tromso,served_by,true
9292,no:municipality:tromso,served_by,true
9293,no:municipality:tromso,served_by,true
9294,no:municipality:tromso,served_by,true
9296,no:municipality:tromso,served_by,true
9298,no:municipality:tromso,served_by,true
9299,no:municipality:tromso,served_by,true
9300,no:municipality:senja,served_by,true
9302,no:municipality:senja,served_by,true
9303,no:municipality:senja,served_by,true
9304,no:municipality:senja,served_by,true
9305,no:municipality:senja,served_by,true
9306,no:municipality:senja,served_by,true
9307,no:municipality:senja,served_by,true
9308,no:municipality:senja,served_by,true
9309,no:municipality:senja,served_by,true
9310,no:municipality:sorreisa,served_by,true
9311,no:municipality:dyroy,served_by,true
9315,no:municipality:sorreisa,served_by,true
9316,no:municipality:dyroy,served_by,true
9321,no:municipality:malselv,served_by,true
9322,no:municipality:malselv,served_by,true
9325,no:municipality:malselv,served_by,true
9326,no:municipality:malselv,served_by,true
9329,no:municipality:malselv,served_by,true
9334,no:municipality:malselv,served_by,true
9335,no:municipality:malselv,served_by,true
9336,no:municipality:malselv,served_by,true
9350,no:municipality:salangen,served_by,true
9355,no:municipality:salangen,served_by,true
9357,no:municipality:lavangen,served_by,true
9358,no:municipality:lavangen,served_by,true
9360,no:municipality:bardu,served_by,true
9365,no:municipality:bardu,served_by,true
9370,no:municipality:senja,served_by,true
9372,no:municipality:senja,served_by,true
9373,no:municipality:senja,served_by,true
9376,no:municipality:senja,served_by,true
9379,no:municipality:senja,served_by,true
9380,no:municipality:senja,served_by,true
9381,no:municipality:senja,served_by,true
9382,no:municipality:senja,served_by,true
9384,no:municipality:senja,served_by,true
9385,no:municipality:senja,served_by,true
9386,no:municipality:senja,served_by,true
9387,no:municipality:senja,served_by,true
9388,no:municipality:senja,served_by,true
9389,no:municipality:senja,served_by,true
9391,no:municipality:senja,served_by,true
9392,no:municipality:senja,served_by,true
9393,no:municipality:senja,served_by,true
9395,no:municipality:senja,served_by,true
9402,no:municipality:harstad,served_by,true
9403,no:municipality:harstad,served_by,true
9404,no:municipality:harstad,served_by,true
9405,no:municipality:harstad,served_by,true
9406,no:municipality:harstad,served_by,true
9407,no:municipality:harstad,served_by,true
9408,no:municipality:harstad,served_by,true
9409,no:municipality:harstad,served_by,true
9411,no:municipality:harstad,served_by,true
9414,no:municipality:harstad,served_by,true
9415,no:municipality:harstad,served_by,true
9416,no:municipality:harstad,served_by,true
9419,no:municipality:harstad,served_by,true
9420,no:municipality:harstad,served_by,true
9423,no:municipality:harstad,served_by,true
9424,no:municipality:harstad,served_by,true
9425,no:municipality:harstad,served_by,true
9426,no:municipality:harstad,served_by,true
9427,no:municipality:harstad,served_by,true
9430,no:municipality:harstad,served_by,true
9436,no:municipality:tjeldsund,served_by,true
9439,no:municipality:tjeldsund,served_by,true
9440,no:municipality:tjeldsund,served_by,true
9441,no:municipality:tjeldsund,served_by,true
9442,no:municipality:tjeldsund,served_by,true
9443,no:municipality:tjeldsund,served_by,true
9444,no:municipality:tjeldsund,served_by,true
9445,no:municipality:tjeldsund,served_by,true
9446,no:municipality:tjeldsund,served_by,true
9447,no:municipality:tjeldsund,served_by,true
9448,no:municipality:tjeldsund,served_by,true
9450,no:municipality:ibestad,served_by,true
9451,no:municipality:ibestad,served_by,true
9453,no:municipality:ibestad,served_by,true
9454,no:municipality:ibestad,served_by,true
9455,no:municipality:ibestad,served_by,true
9456,no:municipality:ibestad,served_by,true
9470,no:municipality:gratangen,served_by,true
9471,no:municipality:gratangen,served_by,true
9475,no:municipality:kvaefjord,served_by,true
9476,no:municipality:kvaefjord,served_by,true
9479,no:municipality:harstad,served_by,true
9480,no:municipality:harstad,served_by,true
9481,no:municipality:harstad,served_by,true
9482,no:municipality:harstad,served_by,true
9483,no:municipality:harstad,served_by,true
9484,no:municipality:harstad,served_by,true
9485,no:municipality:harstad,served_by,true
9486,no:municipality:harstad,served_by,true
9487,no:municipality:harstad,served_by,true
9488,no:municipality:harstad,served_by,true
9489,no:municipality:harstad,served_by,true
9496,no:municipality:harstad,served_by,true
9497,no:municipality:harstad,served_by,true
9498,no:municipality:harstad,served_by,true
9501,no:municipality:alta,served_by,true
9502,no:municipality:alta,served_by,true
9503,no:municipality:alta,served_by,true
9504,no:municipality:alta,served_by,true
9505,no:municipality:alta,served_by,true
9506,no:municipality:alta,served_by,true
9507,no:municipality:alta,served_by,true
9508,no:municipality:alta,served_by,true
9509,no:municipality:alta,served_by,true
9510,no:municipality:alta,served_by,true
9511,no:municipality:alta,served_by,true
9512,no:municipality:alta,served_by,true
9513,no:municipality:alta,served_by,true
9514,no:municipality:alta,served_by,true
9515,no:municipality:alta,served_by,true
9516,no:municipality:alta,served_by,true
9517,no:municipality:alta,served_by,true
9518,no:municipality:alta,served_by,true
9519,no:municipality:alta,served_by,true
9520,no:municipality:kautokeino,served_by,true
9521,no:municipality:kautokeino,served_by,true
9522,no:municipality:kautokeino,served_by,true
9523,no:municipality:kautokeino,served_by,true
9524,no:municipality:kautokeino,served_by,true
9525,no:municipality:kautokeino,served_by,true
9527,no:municipality:kautokeino,served_by,true
9528,no:municipality:kautokeino,served_by,true
9529,no:municipality:kautokeino,served_by,true
9531,no:municipality:alta,served_by,true
9532,no:municipality:alta,served_by,true
9533,no:municipality:alta,served_by,true
9536,no:municipality:alta,served_by,true
9537,no:municipality:alta,served_by,true
9538,no:municipality:alta,served_by,true
9540,no:municipality:alta,served_by,true
9541,no:municipality:alta,served_by,true
9545,no:municipality:alta,served_by,true
9550,no:municipality:loppa,served_by,true
9552,no:municipality:loppa,served_by,true
9580,no:municipality:loppa,served_by,true
9582,no:municipality:loppa,served_by,true
9583,no:municipality:loppa,served_by,true
9584,no:municipality:loppa,served_by,true
9585,no:municipality:loppa,served_by,true
9586,no:municipality:loppa,served_by,true
9587,no:municipality:loppa,served_by,true
9590,no:municipality:hasvik,served_by,true
9591,no:municipality:hasvik,served_by,true
9593,no:municipality:hasvik,served_by,true
9595,no:municipality:hasvik,served_by,true
9600,no:municipality:hammerfest,served_by,true
9601,no:municipality:hammerfest,served_by,true
9602,no:municipality:hammerfest,served_by,true
9603,no:municipality:hammerfest,served_by,true
9609,no:municipality:hammerfest,served_by,true
9610,no:municipality:hammerfest,served_by,true
9611,no:municipality:hammerfest,served_by,true
9612,no:municipality:hammerfest,served_by,true
9615,no:municipality:hammerfest,served_by,true
9616,no:municipality:hammerfest,served_by,true
9620,no:municipality:hammerfest,served_by,true
9621,no:municipality:hammerfest,served_by,true
9624,no:municipality:hammerfest,served_by,true
9650,no:municipality:hammerfest,served_by,true
9651,no:municipality:hammerfest,served_by,true
9657,no:municipality:hammerfest,served_by,true
9664,no:municipality:hammerfest,served_by,true
9670,no:municipality:masoy,served_by,true
9672,no:municipality:masoy,served_by,true
9690,no:municipality:masoy,served_by,true
9691,no:municipality:masoy,served_by,true
9692,no:municipality:masoy,served_by,true
9700,no:municipality:porsanger,served_by,true
9709,no:municipality:porsanger,served_by,true
9710,no:municipality:porsanger,served_by,true
9711,no:municipality:porsanger,served_by,true
9712,no:municipality:porsanger,served_by,true
9713,no:municipality:porsanger,served_by,true
9714,no:municipality:masoy,served_by,true
9715,no:municipality:hammerfest,served_by,true
9716,no:municipality:porsanger,served_by,true
9717,no:municipality:lebesby,served_by,true
9722,no:municipality:porsanger,served_by,true
9730,no:municipality:karasjok,served_by,true
9731,no:municipality:karasjok,served_by,true
9732,no:municipality:karasjok,served_by,true
9733,no:municipality:karasjok,served_by,true
9734,no:municipality:karasjok,served_by,true
9735,no:municipality:karasjok,served_by,true
9736,no:municipality:karasjok,served_by,true
9737,no:municipality:karasjok,served_by,true
9740,no:municipality:lebesby,served_by,true
9742,no:municipality:lebesby,served_by,true
9750,no:municipality:nordkapp,served_by,true
9751,no:municipality:nordkapp,served_by,true
9760,no:municipality:nordkapp,served_by,true
9762,no:municipality:nordkapp,served_by,true
9763,no:municipality:nordkapp,served_by,true
9764,no:municipality:nordkapp,served_by,true
9765,no:municipality:nordkapp,served_by,true
9766,no:municipality:nordkapp,served_by,true
9768,no:municipality:nordkapp,served_by,true
9770,no:municipality:gamvik,served_by,true
9771,no:municipality:gamvik,served_by,true
9772,no:municipality:gamvik,served_by,true
9773,no:municipality:gamvik,served_by,true
9775,no:municipality:gamvik,served_by,true
9782,no:municipality:lebesby,served_by,true
9790,no:municipality:lebesby,served_by,true
9800,no:municipality:vadso,served_by,true
9801,no:municipality:vadso,served_by,true
9802,no:municipality:vadso,served_by,true
9803,no:municipality:vadso,served_by,true
9804,no:municipality:vadso,served_by,true
9810,no:municipality:vadso,served_by,true
9811,no:municipality:vadso,served_by,true
9815,no:municipality:vadso,served_by,true
9820,no:municipality:nesseby,served_by,true
9826,no:municipality:tana,served_by,true
9840,no:municipality:nesseby,served_by,true
9841,no:municipality:tana,served_by,true
9842,no:municipality:tana,served_by,true
9843,no:municipality:tana,served_by,true
9844,no:municipality:tana,served_by,true
9845,no:municipality:tana,served_by,true
9846,no:municipality:tana,served_by,true
9900,no:municipality:sor-varanger,served_by,true
9901,no:municipality:sor-varanger,served_by,true
9910,no:municipality:sor-varanger,served_by,true
9911,no:municipality:sor-varanger,served_by,true
9912,no:municipality:sor-varanger,served_by,true
9914,no:municipality:sor-varanger,served_by,true
9915,no:municipality:sor-varanger,served_by,true
9916,no:municipality:sor-varanger,served_by,true
9917,no:municipality:sor-varanger,served_by,true
9925,no:municipality:sor-varanger,served_by,true
9926,no:municipality:sor-varanger,served_by,true
9930,no:municipality:sor-varanger,served_by,true
9935,no:municipality:sor-varanger,served_by,true
9950,no:municipality:vardo,served_by,true
9951,no:municipality:vardo,served_by,true
9952,no:municipality:vardo,served_by,true
9955,no:municipality:vardo,served_by,true
9960,no:municipality:vardo,served_by,true
9980,no:municipality:berlevag,served_by,true
9981,no:municipality:berlevag,served_by,true
9982,no:municipality:berlevag,served_by,true
9990,no:municipality:batsfjord,served_by,true
9991,no:municipality:batsfjord,served_by,true
