postcode,area_source_id,relationship_type,is_primary
01311,pk:district:muzaffarabad,served_by,true
01312,pk:district:muzaffarabad,served_by,true
01313,pk:district:muzaffarabad,served_by,true
01314,pk:district:muzaffarabad,served_by,true
01511,pk:district:gilgit,served_by,true
01514,pk:district:gilgit,served_by,true
01611,pk:district:skardu,served_by,true
01612,pk:district:skardu,served_by,true
01913,pk:district:swat,served_by,true
01922,pk:district:swat,served_by,true
01923,pk:district:swat,served_by,true
02131,pk:district:mansehra,served_by,true
02132,pk:district:mansehra,served_by,true
02133,pk:district:mansehra,served_by,true
02134,pk:district:mansehra,served_by,true
02135,pk:district:battagram,served_by,true
02136,pk:district:mansehra,served_by,true
02201,pk:district:abbottabad,served_by,true
02202,pk:district:abbottabad,served_by,true
02203,pk:district:abbottabad,served_by,true
02204,pk:district:abbottabad,served_by,true
02205,pk:district:abbottabad,served_by,true
02206,pk:district:abbottabad,served_by,true
02208,pk:district:abbottabad,served_by,true
02209,pk:district:abbottabad,served_by,true
02210,pk:district:abbottabad,served_by,true
02211,pk:district:abbottabad,served_by,true
02212,pk:district:abbottabad,served_by,true
02261,pk:district:haripur,served_by,true
02262,pk:district:haripur,served_by,true
02263,pk:district:haripur,served_by,true
02264,pk:district:abbottabad,served_by,true
02281,pk:district:haripur,served_by,true
02282,pk:district:haripur,served_by,true
02321,pk:district:mardan,served_by,true
02322,pk:district:mardan,served_by,true
02323,pk:district:mardan,served_by,true
02324,pk:district:mardan,served_by,true
02325,pk:district:mardan,served_by,true
02326,pk:district:mardan,served_by,true
02331,pk:district:mardan,served_by,true
02332,pk:district:mardan,served_by,true
02333,pk:district:mardan,served_by,true
02411,pk:district:nowshera,served_by,true
02412,pk:district:nowshera,served_by,true
02413,pk:district:nowshera,served_by,true
02414,pk:district:nowshera,served_by,true
02415,pk:district:nowshera,served_by,true
02416,pk:district:nowshera,served_by,true
02421,pk:district:nowshera,served_by,true
02422,pk:district:nowshera,served_by,true
02423,pk:district:nowshera,served_by,true
02441,pk:district:charsadda,served_by,true
02442,pk:district:charsadda,served_by,true
02501,pk:district:mirpur,served_by,true
02502,pk:district:mirpur,served_by,true
02502,pk:district:peshawar,served_by,false
02503,pk:district:peshawar,served_by,true
02504,pk:district:peshawar,served_by,true
02505,pk:district:peshawar,served_by,true
02506,pk:district:peshawar,served_by,true
02507,pk:district:peshawar,served_by,true
02508,pk:district:peshawar,served_by,true
02509,pk:district:peshawar,served_by,true
02510,pk:district:peshawar,served_by,true
02511,pk:district:peshawar,served_by,true
02512,pk:district:peshawar,served_by,true
02513,pk:district:peshawar,served_by,true
02514,pk:district:peshawar,served_by,true
02515,pk:district:peshawar,served_by,true
02516,pk:district:peshawar,served_by,true
02517,pk:district:peshawar,served_by,true
02518,pk:district:peshawar,served_by,true
02601,pk:district:kohat,served_by,true
02602,pk:district:kohat,served_by,true
02603,pk:district:kohat,served_by,true
02604,pk:district:kohat,served_by,true
02605,pk:district:kohat,served_by,true
02606,pk:district:kohat,served_by,true
02607,pk:district:kohat,served_by,true
02608,pk:district:orakzai,served_by,true
02609,pk:district:kohat,served_by,true
02610,pk:district:kohat,served_by,true
02611,pk:district:kohat,served_by,true
02612,pk:district:kohat,served_by,true
02613,pk:district:hangu,served_by,true
02721,pk:district:karak,served_by,true
02722,pk:district:karak,served_by,true
02723,pk:district:karak,served_by,true
02811,pk:district:bannu,served_by,true
02812,pk:district:bannu,served_by,true
02813,pk:district:bannu,served_by,true
02814,pk:district:bannu,served_by,true
02815,pk:district:bannu,served_by,true
02816,pk:district:bannu,served_by,true
02817,pk:district:bannu,served_by,true
02818,pk:district:bannu,served_by,true
02819,pk:district:bannu,served_by,true
02820,pk:district:bannu,served_by,true
02821,pk:district:bannu,served_by,true
02832,pk:district:lakki-marwat,served_by,true
02833,pk:district:lakki-marwat,served_by,true
02841,pk:district:lakki-marwat,served_by,true
02842,pk:district:lakki-marwat,served_by,true
02901,pk:district:dera-ismail-khan,served_by,true
02902,pk:district:dera-ismail-khan,served_by,true
02903,pk:district:dera-ismail-khan,served_by,true
02904,pk:district:dera-ismail-khan,served_by,true
02905,pk:district:dera-ismail-khan,served_by,true
02906,pk:district:dera-ismail-khan,served_by,true
02907,pk:district:dera-ismail-khan,served_by,true
02908,pk:district:dera-ismail-khan,served_by,true
02909,pk:district:dera-ismail-khan,served_by,true
02910,pk:district:dera-ismail-khan,served_by,true
02911,pk:district:dera-ismail-khan,served_by,true
02912,pk:district:dera-ismail-khan,served_by,true
02941,pk:district:tank,served_by,true
03001,pk:district:bhakkar,served_by,true
03002,pk:district:bhakkar,served_by,true
03003,pk:district:bhakkar,served_by,true
03004,pk:district:bhakkar,served_by,true
03120,pk:district:muzaffargarh,served_by,true
03211,pk:district:taunsa,served_by,true
03221,pk:district:dera-ghazi-khan,served_by,true
03222,pk:district:dera-ghazi-khan,served_by,true
03223,pk:district:dera-ghazi-khan,served_by,true
03301,pk:district:rajanpur,served_by,true
03351,pk:district:rajanpur,served_by,true
03421,pk:district:muzaffargarh,served_by,true
03422,pk:district:muzaffargarh,served_by,true
03423,pk:district:muzaffargarh,served_by,true
03424,pk:district:muzaffargarh,served_by,true
03425,pk:district:muzaffargarh,served_by,true
03521,pk:district:jhang,served_by,true
03522,pk:district:jhang,served_by,true
03523,pk:district:jhang,served_by,true
03541,pk:district:chiniot,served_by,true
03542,pk:district:chiniot,served_by,true
03543,pk:district:chiniot,served_by,true
03601,pk:district:toba-tek-singh,served_by,true
03602,pk:district:toba-tek-singh,served_by,true
03611,pk:district:toba-tek-singh,served_by,true
03612,pk:district:toba-tek-singh,served_by,true
03631,pk:district:toba-tek-singh,served_by,true
03632,pk:district:toba-tek-singh,served_by,true
03721,pk:district:faisalabad,served_by,true
03801,pk:district:faisalabad,served_by,true
03802,pk:district:faisalabad,served_by,true
03803,pk:district:faisalabad,served_by,true
03804,pk:district:faisalabad,served_by,true
03805,pk:district:faisalabad,served_by,true
03806,pk:district:faisalabad,served_by,true
03807,pk:district:faisalabad,served_by,true
03808,pk:district:faisalabad,served_by,true
03809,pk:district:faisalabad,served_by,true
03810,pk:district:faisalabad,served_by,true
03811,pk:district:faisalabad,served_by,true
03812,pk:district:faisalabad,served_by,true
03813,pk:district:faisalabad,served_by,true
03814,pk:district:faisalabad,served_by,true
03815,pk:district:faisalabad,served_by,true
03816,pk:district:faisalabad,served_by,true
03817,pk:district:faisalabad,served_by,true
03818,pk:district:faisalabad,served_by,true
03819,pk:district:faisalabad,served_by,true
03820,pk:district:faisalabad,served_by,true
03821,pk:district:faisalabad,served_by,true
03822,pk:district:faisalabad,served_by,true
03823,pk:district:faisalabad,served_by,true
03824,pk:district:faisalabad,served_by,true
03825,pk:district:faisalabad,served_by,true
03826,pk:district:faisalabad,served_by,true
03861,pk:district:faisalabad,served_by,true
03891,pk:district:faisalabad,served_by,true
03892,pk:district:faisalabad,served_by,true
03961,pk:district:nankana-sahib,served_by,true
04011,pk:district:sargodha,served_by,true
04012,pk:district:sargodha,served_by,true
04013,pk:district:sargodha,served_by,true
04014,pk:district:sargodha,served_by,true
04015,pk:district:sargodha,served_by,true
04016,pk:district:sargodha,served_by,true
04017,pk:district:sargodha,served_by,true
04018,pk:district:sargodha,served_by,true
04019,pk:district:sargodha,served_by,true
04020,pk:district:sargodha,served_by,true
04021,pk:district:sargodha,served_by,true
04022,pk:district:sargodha,served_by,true
04023,pk:district:sargodha,served_by,true
04024,pk:district:sargodha,served_by,true
04025,pk:district:sargodha,served_by,true
04026,pk:district:sargodha,served_by,true
04061,pk:district:sargodha,served_by,true
04121,pk:district:khushab,served_by,true
04122,pk:district:khushab,served_by,true
04201,pk:district:mianwali,served_by,true
04202,pk:district:mianwali,served_by,true
04221,pk:district:mianwali,served_by,true
04222,pk:district:mianwali,served_by,true
04223,pk:district:mianwali,served_by,true
04224,pk:district:mianwali,served_by,true
04361,pk:district:attock,served_by,true
04362,pk:district:attock,served_by,true
04363,pk:district:attock,served_by,true
04364,pk:district:attock,served_by,true
04401,pk:district:islamabad,served_by,true
04402,pk:district:islamabad,served_by,true
04403,pk:district:islamabad,served_by,true
04404,pk:district:islamabad,served_by,true
04405,pk:district:islamabad,served_by,true
04406,pk:district:islamabad,served_by,true
04407,pk:district:islamabad,served_by,true
04408,pk:district:islamabad,served_by,true
04409,pk:district:islamabad,served_by,true
04410,pk:district:islamabad,served_by,true
04411,pk:district:islamabad,served_by,true
04412,pk:district:islamabad,served_by,true
04413,pk:district:islamabad,served_by,true
04414,pk:district:islamabad,served_by,true
04415,pk:district:islamabad,served_by,true
04435,pk:district:islamabad,served_by,true
04436,pk:district:islamabad,served_by,true
04451,pk:district:islamabad,served_by,true
04481,pk:district:islamabad,served_by,true
04482,pk:district:islamabad,served_by,true
04483,pk:district:islamabad,served_by,true
04484,pk:district:islamabad,served_by,true
04485,pk:district:islamabad,served_by,true
04486,pk:district:islamabad,served_by,true
04491,pk:district:islamabad,served_by,true
04521,pk:district:islamabad,served_by,true
04524,pk:district:islamabad,served_by,true
04564,pk:district:islamabad,served_by,true
04601,pk:district:rawalpindi,served_by,true
04602,pk:district:rawalpindi,served_by,true
04603,pk:district:rawalpindi,served_by,true
04604,pk:district:rawalpindi,served_by,true
04605,pk:district:rawalpindi,served_by,true
04606,pk:district:rawalpindi,served_by,true
04607,pk:district:rawalpindi,served_by,true
04608,pk:district:rawalpindi,served_by,true
04609,pk:district:rawalpindi,served_by,true
04610,pk:district:rawalpindi,served_by,true
04611,pk:district:rawalpindi,served_by,true
04612,pk:district:rawalpindi,served_by,true
04613,pk:district:rawalpindi,served_by,true
04614,pk:district:rawalpindi,served_by,true
04615,pk:district:rawalpindi,served_by,true
04616,pk:district:rawalpindi,served_by,true
04617,pk:district:rawalpindi,served_by,true
04618,pk:district:rawalpindi,served_by,true
04619,pk:district:rawalpindi,served_by,true
04620,pk:district:rawalpindi,served_by,true
04621,pk:district:rawalpindi,served_by,true
04622,pk:district:rawalpindi,served_by,true
04623,pk:district:rawalpindi,served_by,true
04624,pk:district:rawalpindi,served_by,true
04625,pk:district:rawalpindi,served_by,true
04626,pk:district:rawalpindi,served_by,true
04627,pk:district:rawalpindi,served_by,true
04628,pk:district:rawalpindi,served_by,true
04629,pk:district:rawalpindi,served_by,true
04630,pk:district:rawalpindi,served_by,true
04631,pk:district:rawalpindi,served_by,true
04632,pk:district:rawalpindi,served_by,true
04633,pk:district:rawalpindi,served_by,true
04634,pk:district:rawalpindi,served_by,true
04635,pk:district:rawalpindi,served_by,true
04701,pk:district:rawalpindi,served_by,true
04702,pk:district:rawalpindi,served_by,true
04711,pk:district:murree,served_by,true
04712,pk:district:murree,served_by,true
04713,pk:district:murree,served_by,true
04781,pk:district:rawalpindi,served_by,true
04782,pk:district:rawalpindi,served_by,true
04811,pk:district:talagang,served_by,true
04812,pk:district:talagang,served_by,true
04881,pk:district:chakwal,served_by,true
04882,pk:district:chakwal,served_by,true
04883,pk:district:chakwal,served_by,true
04921,pk:district:jhelum,served_by,true
04941,pk:district:jhelum,served_by,true
04942,pk:district:jhelum,served_by,true
04961,pk:district:jhelum,served_by,true
04962,pk:district:jhelum,served_by,true
04963,pk:district:jhelum,served_by,true
04964,pk:district:jhelum,served_by,true
04965,pk:district:jhelum,served_by,true
04966,pk:district:jhelum,served_by,true
04967,pk:district:jhelum,served_by,true
04968,pk:district:jhelum,served_by,true
04969,pk:district:jhelum,served_by,true
05001,pk:district:gujrat,served_by,true
05041,pk:district:mandi-bahauddin,served_by,true
05063,pk:district:narowal,served_by,true
05071,pk:district:gujrat,served_by,true
05072,pk:district:gujrat,served_by,true
05073,pk:district:gujrat,served_by,true
05074,pk:district:gujrat,served_by,true
05075,pk:district:gujrat,served_by,true
05076,pk:district:gujrat,served_by,true
05077,pk:district:gujrat,served_by,true
05078,pk:district:gujrat,served_by,true
05079,pk:district:gujrat,served_by,true
05080,pk:district:gujrat,served_by,true
05081,pk:district:gujrat,served_by,true
05082,pk:district:gujrat,served_by,true
05083,pk:district:gujrat,served_by,true
05084,pk:district:gujrat,served_by,true
05112,pk:district:gilgit,served_by,true
05113,pk:district:gilgit,served_by,true
05131,pk:district:sialkot,served_by,true
05132,pk:district:sialkot,served_by,true
05133,pk:district:sialkot,served_by,true
05134,pk:district:sialkot,served_by,true
05135,pk:district:sialkot,served_by,true
05136,pk:district:sialkot,served_by,true
05137,pk:district:sialkot,served_by,true
05138,pk:district:sialkot,served_by,true
05139,pk:district:sialkot,served_by,true
05140,pk:district:sialkot,served_by,true
05151,pk:district:sialkot,served_by,true
05152,pk:district:sialkot,served_by,true
05153,pk:district:sialkot,served_by,true
05155,pk:district:sialkot,served_by,true
05156,pk:district:sialkot,served_by,true
05157,pk:district:sialkot,served_by,true
05158,pk:district:sialkot,served_by,true
05161,pk:district:narowal,served_by,true
05221,pk:district:gujranwala,served_by,true
05222,pk:district:gujranwala,served_by,true
05223,pk:district:gujranwala,served_by,true
05224,pk:district:gujranwala,served_by,true
05225,pk:district:gujranwala,served_by,true
05226,pk:district:gujranwala,served_by,true
05227,pk:district:gujranwala,served_by,true
05228,pk:district:gujranwala,served_by,true
05229,pk:district:gujranwala,served_by,true
05230,pk:district:gujranwala,served_by,true
05231,pk:district:gujranwala,served_by,true
05232,pk:district:gujranwala,served_by,true
05233,pk:district:gujranwala,served_by,true
05234,pk:district:gujranwala,served_by,true
05235,pk:district:gujranwala,served_by,true
05236,pk:district:gujranwala,served_by,true
05237,pk:district:gujranwala,served_by,true
05238,pk:district:gujranwala,served_by,true
05239,pk:district:gujranwala,served_by,true
05240,pk:district:gujranwala,served_by,true
05241,pk:district:gujranwala,served_by,true
05242,pk:district:gujranwala,served_by,true
05301,pk:district:lahore,served_by,true
05302,pk:district:lahore,served_by,true
05303,pk:district:lahore,served_by,true
05304,pk:district:lahore,served_by,true
05305,pk:district:lahore,served_by,true
05306,pk:district:lahore,served_by,true
05307,pk:district:lahore,served_by,true
05308,pk:district:lahore,served_by,true
05309,pk:district:lahore,served_by,true
05310,pk:district:lahore,served_by,true
05311,pk:district:lahore,served_by,true
05312,pk:district:lahore,served_by,true
05313,pk:district:lahore,served_by,true
05314,pk:district:lahore,served_by,true
05315,pk:district:lahore,served_by,true
05316,pk:district:lahore,served_by,true
05317,pk:district:lahore,served_by,true
05401,pk:district:lahore,served_by,true
05402,pk:district:lahore,served_by,true
05403,pk:district:lahore,served_by,true
05404,pk:district:lahore,served_by,true
05405,pk:district:lahore,served_by,true
05406,pk:district:lahore,served_by,true
05407,pk:district:lahore,served_by,true
05408,pk:district:lahore,served_by,true
05409,pk:district:lahore,served_by,true
05410,pk:district:lahore,served_by,true
05411,pk:district:lahore,served_by,true
05412,pk:district:lahore,served_by,true
05413,pk:district:lahore,served_by,true
05414,pk:district:lahore,served_by,true
05415,pk:district:lahore,served_by,true
05416,pk:district:lahore,served_by,true
05417,pk:district:lahore,served_by,true
05418,pk:district:lahore,served_by,true
05419,pk:district:lahore,served_by,true
05420,pk:district:lahore,served_by,true
05421,pk:district:lahore,served_by,true
05422,pk:district:lahore,served_by,true
05423,pk:district:lahore,served_by,true
05424,pk:district:lahore,served_by,true
05425,pk:district:lahore,served_by,true
05426,pk:district:lahore,served_by,true
05427,pk:district:lahore,served_by,true
05428,pk:district:lahore,served_by,true
05429,pk:district:lahore,served_by,true
05430,pk:district:lahore,served_by,true
05431,pk:district:lahore,served_by,true
05432,pk:district:lahore,served_by,true
05433,pk:district:lahore,served_by,true
05434,pk:district:lahore,served_by,true
05435,pk:district:lahore,served_by,true
05436,pk:district:lahore,served_by,true
05437,pk:district:lahore,served_by,true
05438,pk:district:lahore,served_by,true
05439,pk:district:lahore,served_by,true
05440,pk:district:lahore,served_by,true
05441,pk:district:lahore,served_by,true
05442,pk:district:lahore,served_by,true
05443,pk:district:lahore,served_by,true
05444,pk:district:lahore,served_by,true
05445,pk:district:lahore,served_by,true
05446,pk:district:lahore,served_by,true
05447,pk:district:lahore,served_by,true
05449,pk:district:lahore,served_by,true
05450,pk:district:lahore,served_by,true
05452,pk:district:lahore,served_by,true
05453,pk:district:lahore,served_by,true
05454,pk:district:lahore,served_by,true
05455,pk:district:lahore,served_by,true
05456,pk:district:lahore,served_by,true
05457,pk:district:lahore,served_by,true
05458,pk:district:lahore,served_by,true
05459,pk:district:lahore,served_by,true
05460,pk:district:lahore,served_by,true
05461,pk:district:lahore,served_by,true
05462,pk:district:lahore,served_by,true
05463,pk:district:lahore,served_by,true
05464,pk:district:lahore,served_by,true
05465,pk:district:lahore,served_by,true
05466,pk:district:lahore,served_by,true
05467,pk:district:lahore,served_by,true
05468,pk:district:lahore,served_by,true
05469,pk:district:lahore,served_by,true
05470,pk:district:lahore,served_by,true
05471,pk:district:lahore,served_by,true
05472,pk:district:lahore,served_by,true
05473,pk:district:lahore,served_by,true
05474,pk:district:lahore,served_by,true
05475,pk:district:lahore,served_by,true
05476,pk:district:lahore,served_by,true
05477,pk:district:lahore,served_by,true
05478,pk:district:lahore,served_by,true
05479,pk:district:lahore,served_by,true
05480,pk:district:lahore,served_by,true
05481,pk:district:lahore,served_by,true
05482,pk:district:lahore,served_by,true
05483,pk:district:lahore,served_by,true
05484,pk:district:lahore,served_by,true
05485,pk:district:lahore,served_by,true
05486,pk:district:lahore,served_by,true
05487,pk:district:lahore,served_by,true
05488,pk:district:lahore,served_by,true
05489,pk:district:lahore,served_by,true
05490,pk:district:lahore,served_by,true
05491,pk:district:lahore,served_by,true
05492,pk:district:lahore,served_by,true
05493,pk:district:lahore,served_by,true
05494,pk:district:lahore,served_by,true
05495,pk:district:lahore,served_by,true
05497,pk:district:lahore,served_by,true
05498,pk:district:lahore,served_by,true
05499,pk:district:lahore,served_by,true
05501,pk:district:kasur,served_by,true
05502,pk:district:kasur,served_by,true
05503,pk:district:kasur,served_by,true
05511,pk:district:kasur,served_by,true
05521,pk:district:kasur,served_by,true
05631,pk:district:okara,served_by,true
05632,pk:district:okara,served_by,true
05633,pk:district:okara,served_by,true
05634,pk:district:okara,served_by,true
05641,pk:district:okara,served_by,true
05642,pk:district:okara,served_by,true
05643,pk:district:okara,served_by,true
05644,pk:district:okara,served_by,true
05645,pk:district:okara,served_by,true
05646,pk:district:okara,served_by,true
05701,pk:district:sahiwal,served_by,true
05702,pk:district:sahiwal,served_by,true
05703,pk:district:sahiwal,served_by,true
05704,pk:district:sahiwal,served_by,true
05705,pk:district:sahiwal,served_by,true
05706,pk:district:sahiwal,served_by,true
05707,pk:district:sahiwal,served_by,true
05708,pk:district:sahiwal,served_by,true
05721,pk:district:sahiwal,served_by,true
05722,pk:district:sahiwal,served_by,true
05741,pk:district:pakpattan,served_by,true
05742,pk:district:pakpattan,served_by,true
05748,pk:district:pakpattan,served_by,true
05749,pk:district:pakpattan,served_by,true
05801,pk:district:khanewal,served_by,true
05811,pk:district:khanewal,served_by,true
05812,pk:district:khanewal,served_by,true
05931,pk:district:lodhran,served_by,true
05932,pk:district:lodhran,served_by,true
06001,pk:district:multan,served_by,true
06002,pk:district:multan,served_by,true
06003,pk:district:multan,served_by,true
06004,pk:district:multan,served_by,true
06005,pk:district:multan,served_by,true
06006,pk:district:multan,served_by,true
06007,pk:district:multan,served_by,true
06008,pk:district:multan,served_by,true
06009,pk:district:multan,served_by,true
06010,pk:district:multan,served_by,true
06011,pk:district:multan,served_by,true
06011,pk:district:vehari,served_by,false
06012,pk:district:multan,served_by,true
06013,pk:district:multan,served_by,true
06014,pk:district:multan,served_by,true
06015,pk:district:multan,served_by,true
06016,pk:district:multan,served_by,true
06017,pk:district:multan,served_by,true
06111,pk:district:vehari,served_by,true
06112,pk:district:vehari,served_by,true
06231,pk:district:bahawalnagar,served_by,true
06232,pk:district:bahawalnagar,served_by,true
06233,pk:district:bahawalnagar,served_by,true
06234,pk:district:bahawalnagar,served_by,true
06301,pk:district:bahawalpur,served_by,true
06311,pk:district:bahawalpur,served_by,true
06312,pk:district:bahawalpur,served_by,true
06313,pk:district:bahawalpur,served_by,true
06314,pk:district:bahawalpur,served_by,true
06315,pk:district:bahawalpur,served_by,true
06316,pk:district:bahawalpur,served_by,true
06317,pk:district:bahawalpur,served_by,true
06318,pk:district:bahawalpur,served_by,true
06319,pk:district:bahawalpur,served_by,true
06320,pk:district:bahawalpur,served_by,true
06321,pk:district:bahawalpur,served_by,true
06322,pk:district:bahawalpur,served_by,true
06401,pk:district:rahim-yar-khan,served_by,true
06411,pk:district:rahim-yar-khan,served_by,true
06421,pk:district:rahim-yar-khan,served_by,true
06422,pk:district:rahim-yar-khan,served_by,true
06423,pk:district:rahim-yar-khan,served_by,true
06424,pk:district:rahim-yar-khan,served_by,true
06425,pk:district:rahim-yar-khan,served_by,true
06426,pk:district:rahim-yar-khan,served_by,true
06427,pk:district:rahim-yar-khan,served_by,true
06435,pk:district:rahim-yar-khan,served_by,true
06501,pk:district:khairpur,served_by,true
06502,pk:district:khairpur,served_by,true
06503,pk:district:khairpur,served_by,true
06504,pk:district:khairpur,served_by,true
06511,pk:district:ghotki,served_by,true
06512,pk:district:ghotki,served_by,true
06521,pk:district:sukkur,served_by,true
06522,pk:district:sukkur,served_by,true
06523,pk:district:sukkur,served_by,true
06524,pk:district:sukkur,served_by,true
06525,pk:district:sukkur,served_by,true
06526,pk:district:sukkur,served_by,true
06527,pk:district:sukkur,served_by,true
06528,pk:district:sukkur,served_by,true
06529,pk:district:sukkur,served_by,true
06530,pk:district:sukkur,served_by,true
06531,pk:district:sukkur,served_by,true
06532,pk:district:sukkur,served_by,true
06533,pk:district:sukkur,served_by,true
06534,pk:district:sukkur,served_by,true
06535,pk:district:sukkur,served_by,true
06536,pk:district:khairpur,served_by,true
06536,pk:district:sukkur,served_by,false
06711,pk:district:naushahro-feroze,served_by,true
06731,pk:district:shaheed-benazirabad,served_by,true
06741,pk:district:shaheed-benazirabad,served_by,true
06742,pk:district:shaheed-benazirabad,served_by,true
06743,pk:district:shaheed-benazirabad,served_by,true
06801,pk:district:sanghar,served_by,true
06802,pk:district:sanghar,served_by,true
06803,pk:district:sanghar,served_by,true
06804,pk:district:sanghar,served_by,true
06809,pk:district:sanghar,served_by,true
06833,pk:district:sanghar,served_by,true
06903,pk:district:mirpur-khas,served_by,true
06911,pk:district:sanghar,served_by,true
07001,pk:district:tando-allahyar,served_by,true
07005,pk:district:hyderabad,served_by,true
07011,pk:district:matiari,served_by,true
07022,pk:district:tando-muhammad-khan,served_by,true
07101,pk:district:hyderabad,served_by,true
07102,pk:district:hyderabad,served_by,true
07103,pk:district:hyderabad,served_by,true
07104,pk:district:hyderabad,served_by,true
07105,pk:district:hyderabad,served_by,true
07106,pk:district:hyderabad,served_by,true
07107,pk:district:hyderabad,served_by,true
07108,pk:district:hyderabad,served_by,true
07109,pk:district:hyderabad,served_by,true
07110,pk:district:hyderabad,served_by,true
07111,pk:district:hyderabad,served_by,true
07112,pk:district:hyderabad,served_by,true
07113,pk:district:hyderabad,served_by,true
07114,pk:district:hyderabad,served_by,true
07115,pk:district:hyderabad,served_by,true
07116,pk:district:hyderabad,served_by,true
07117,pk:district:hyderabad,served_by,true
07151,pk:district:hyderabad,served_by,true
07152,pk:district:hyderabad,served_by,true
07181,pk:district:hyderabad,served_by,true
07182,pk:district:hyderabad,served_by,true
07183,pk:district:hyderabad,served_by,true
07201,pk:district:badin,served_by,true
07313,pk:district:thatta,served_by,true
07401,pk:district:karachi-south,served_by,true
07402,pk:district:karachi-south,served_by,true
07403,pk:district:keamari,served_by,true
07404,pk:district:karachi-south,served_by,true
07405,pk:district:karachi-south,served_by,true
07406,pk:district:keamari,served_by,true
07407,pk:district:keamari,served_by,true
07409,pk:district:karachi-west,served_by,true
07410,pk:district:karachi-south,served_by,true
07411,pk:district:keamari,served_by,true
07412,pk:district:karachi-south,served_by,true
07413,pk:district:karachi-south,served_by,true
07414,pk:district:karachi-south,served_by,true
07415,pk:district:keamari,served_by,true
07416,pk:district:karachi-south,served_by,true
07417,pk:district:karachi-south,served_by,true
07418,pk:district:karachi-south,served_by,true
07418,pk:district:malir,served_by,false
07419,pk:district:malir,served_by,true
07420,pk:district:malir,served_by,true
07421,pk:district:malir,served_by,true
07422,pk:district:malir,served_by,true
07423,pk:district:malir,served_by,true
07424,pk:district:malir,served_by,true
07425,pk:district:malir,served_by,true
07441,pk:district:karachi-south,served_by,true
07442,pk:district:karachi-east,served_by,true
07443,pk:district:karachi-east,served_by,true
07460,pk:district:karachi-central,served_by,true
07461,pk:district:karachi-central,served_by,true
07462,pk:district:keamari,served_by,true
07463,pk:district:karachi-central,served_by,true
07464,pk:district:karachi-central,served_by,true
07465,pk:district:karachi-central,served_by,true
07466,pk:district:karachi-central,served_by,true
07467,pk:district:karachi-central,served_by,true
07468,pk:district:karachi-central,served_by,true
07469,pk:district:karachi-central,served_by,true
07470,pk:district:karachi-central,served_by,true
07471,pk:district:karachi-central,served_by,true
07472,pk:district:karachi-central,served_by,true
07473,pk:district:karachi-central,served_by,true
07474,pk:district:karachi-central,served_by,true
07475,pk:district:karachi-central,served_by,true
07476,pk:district:keamari,served_by,true
07477,pk:district:karachi-central,served_by,true
07478,pk:district:keamari,served_by,true
07481,pk:district:karachi-east,served_by,true
07482,pk:district:karachi-east,served_by,true
07483,pk:district:karachi-east,served_by,true
07484,pk:district:karachi-east,served_by,true
07485,pk:district:korangi,served_by,true
07486,pk:district:korangi,served_by,true
07487,pk:district:korangi,served_by,true
07488,pk:district:korangi,served_by,true
07489,pk:district:korangi,served_by,true
07490,pk:district:korangi,served_by,true
07491,pk:district:korangi,served_by,true
07492,pk:district:korangi,served_by,true
07493,pk:district:korangi,served_by,true
07501,pk:district:karachi-central,served_by,true
07502,pk:district:karachi-central,served_by,true
07503,pk:district:keamari,served_by,true
07504,pk:district:karachi-central,served_by,true
07505,pk:district:karachi-central,served_by,true
07506,pk:district:karachi-central,served_by,true
07507,pk:district:karachi-central,served_by,true
07508,pk:district:karachi-central,served_by,true
07509,pk:district:karachi-central,served_by,true
07510,pk:district:karachi-west,served_by,true
07511,pk:district:karachi-west,served_by,true
07512,pk:district:malir,served_by,true
07513,pk:district:karachi-central,served_by,true
07514,pk:district:keamari,served_by,true
07514,pk:district:korangi,served_by,false
07515,pk:district:karachi-west,served_by,true
07516,pk:district:karachi-west,served_by,true
07517,pk:district:karachi-west,served_by,true
07518,pk:district:keamari,served_by,true
07519,pk:district:karachi-central,served_by,true
07520,pk:district:karachi-central,served_by,true
07521,pk:district:karachi-west,served_by,true
07522,pk:district:keamari,served_by,true
07523,pk:district:karachi-central,served_by,true
07524,pk:district:malir,served_by,true
07525,pk:district:malir,served_by,true
07526,pk:district:malir,served_by,true
07527,pk:district:malir,served_by,true
07528,pk:district:malir,served_by,true
07529,pk:district:malir,served_by,true
07529,pk:district:karachi-east,served_by,false
07530,pk:district:karachi-east,served_by,true
07531,pk:district:karachi-east,served_by,true
07532,pk:district:karachi-east,served_by,true
07533,pk:district:karachi-east,served_by,true
07534,pk:district:karachi-east,served_by,true
07535,pk:district:karachi-south,served_by,true
07536,pk:district:karachi-south,served_by,true
07537,pk:district:karachi-south,served_by,true
07538,pk:district:karachi-central,served_by,true
07539,pk:district:karachi-central,served_by,true
07540,pk:district:malir,served_by,true
07542,pk:district:keamari,served_by,true
07544,pk:district:karachi-east,served_by,true
07545,pk:district:karachi-east,served_by,true
07546,pk:district:karachi-east,served_by,true
07548,pk:district:karachi-east,served_by,true
07550,pk:district:karachi-south,served_by,true
07551,pk:district:karachi-south,served_by,true
07552,pk:district:karachi-south,served_by,true
07553,pk:district:karachi-south,served_by,true
07554,pk:district:karachi-south,served_by,true
07555,pk:district:karachi-south,served_by,true
07556,pk:district:karachi-south,served_by,true
07557,pk:district:karachi-south,served_by,true
07558,pk:district:karachi-south,served_by,true
07559,pk:district:karachi-south,served_by,true
07560,pk:district:karachi-south,served_by,true
07561,pk:district:karachi-south,served_by,true
07562,pk:district:karachi-south,served_by,true
07563,pk:district:korangi,served_by,true
07564,pk:district:korangi,served_by,true
07565,pk:district:malir,served_by,true
07566,pk:district:malir,served_by,true
07567,pk:district:malir,served_by,true
07568,pk:district:karachi-south,served_by,true
07569,pk:district:karachi-south,served_by,true
07570,pk:district:karachi-south,served_by,true
07571,pk:district:karachi-south,served_by,true
07572,pk:district:karachi-south,served_by,true
07573,pk:district:karachi-south,served_by,true
07574,pk:district:keamari,served_by,true
07575,pk:district:karachi-south,served_by,true
07576,pk:district:malir,served_by,true
07577,pk:district:malir,served_by,true
07578,pk:district:malir,served_by,true
07579,pk:district:malir,served_by,true
07580,pk:district:malir,served_by,true
07581,pk:district:malir,served_by,true
07582,pk:district:malir,served_by,true
07583,pk:district:karachi-east,served_by,true
07584,pk:district:karachi-east,served_by,true
07585,pk:district:malir,served_by,true
07586,pk:district:korangi,served_by,true
07587,pk:district:korangi,served_by,true
07588,pk:district:korangi,served_by,true
07591,pk:district:karachi-central,served_by,true
07592,pk:district:karachi-central,served_by,true
07593,pk:district:karachi-central,served_by,true
07594,pk:district:karachi-central,served_by,true
07595,pk:district:karachi-central,served_by,true
07596,pk:district:karachi-central,served_by,true
07597,pk:district:karachi-east,served_by,true
07599,pk:district:karachi-east,served_by,true
07601,pk:district:jamshoro,served_by,true
07608,pk:district:jamshoro,served_by,true
07621,pk:district:dadu,served_by,true
07622,pk:district:dadu,served_by,true
07623,pk:district:dadu,served_by,true
07631,pk:district:dadu,served_by,true
07711,pk:district:larkana,served_by,true
07712,pk:district:larkana,served_by,true
07713,pk:district:larkana,served_by,true
07714,pk:district:larkana,served_by,true
07715,pk:district:larkana,served_by,true
07731,pk:district:larkana,served_by,true
07732,pk:district:qambar-shahdadkot,served_by,true
07811,pk:district:shikarpur,served_by,true
07812,pk:district:shikarpur,served_by,true
07901,pk:district:jacobabad,served_by,true
07902,pk:district:jacobabad,served_by,true
07903,pk:district:jacobabad,served_by,true
07904,pk:district:jacobabad,served_by,true
07905,pk:district:jacobabad,served_by,true
07909,pk:district:jacobabad,served_by,true
07911,pk:district:kashmore,served_by,true
07959,pk:district:kashmore,served_by,true
08051,pk:district:jafarabad,served_by,true
08071,pk:district:nasirabad,served_by,true
08201,pk:district:sibi,served_by,true
08202,pk:district:sibi,served_by,true
08481,pk:district:loralai,served_by,true
08482,pk:district:loralai,served_by,true
08501,pk:district:quetta-east,served_by,true
08521,pk:district:zhob,served_by,true
08601,pk:district:chaman,served_by,true
08731,pk:district:quetta-east,served_by,true
08732,pk:district:quetta-east,served_by,true
08733,pk:district:quetta-east,served_by,true
08734,pk:district:quetta-east,served_by,true
08735,pk:district:quetta-east,served_by,true
08736,pk:district:quetta-east,served_by,true
08737,pk:district:quetta-east,served_by,true
08738,pk:district:quetta-east,served_by,true
08750,pk:district:quetta-east,served_by,true
08751,pk:district:quetta-east,served_by,true
08752,pk:district:quetta-west,served_by,true
08753,pk:district:quetta-east,served_by,true
08754,pk:district:quetta-east,served_by,true
08755,pk:district:quetta-east,served_by,true
08756,pk:district:quetta-east,served_by,true
08757,pk:district:quetta-east,served_by,true
08761,pk:district:quetta-east,served_by,true
08762,pk:district:quetta-east,served_by,true
08763,pk:district:quetta-west,served_by,true
08769,pk:district:quetta-east,served_by,true
08770,pk:district:quetta-east,served_by,true
08771,pk:district:quetta-east,served_by,true
08772,pk:district:quetta-east,served_by,true
08773,pk:district:quetta-east,served_by,true
08841,pk:district:khuzdar,served_by,true
08911,pk:district:khuzdar,served_by,true
08912,pk:district:kalat,served_by,true
08913,pk:district:khuzdar,served_by,true
08914,pk:district:khuzdar,served_by,true
09001,pk:district:hub,served_by,true
09261,pk:district:kech,served_by,true
10012,pk:district:bhimber,served_by,true
10020,pk:district:bhimber,served_by,true
10030,pk:district:bhimber,served_by,true
10034,pk:district:bhimber,served_by,true
10036,pk:district:bhimber,served_by,true
10038,pk:district:bhimber,served_by,true
10040,pk:district:bhimber,served_by,true
10042,pk:district:bhimber,served_by,true
10044,pk:district:bhimber,served_by,true
10050,pk:district:bhimber,served_by,true
10060,pk:district:bhimber,served_by,true
10070,pk:district:bhimber,served_by,true
10080,pk:district:bhimber,served_by,true
10090,pk:district:bhimber,served_by,true
10100,pk:district:bhimber,served_by,true
10200,pk:district:mirpur,served_by,true
10210,pk:district:mirpur,served_by,true
10230,pk:district:mirpur,served_by,true
10232,pk:district:mirpur,served_by,true
10240,pk:district:mirpur,served_by,true
10250,pk:district:mirpur,served_by,true
10260,pk:district:mirpur,served_by,true
10310,pk:district:mirpur,served_by,true
10320,pk:district:mirpur,served_by,true
10350,pk:district:mirpur,served_by,true
10360,pk:district:mirpur,served_by,true
10370,pk:district:mirpur,served_by,true
10380,pk:district:mirpur,served_by,true
10382,pk:district:mirpur,served_by,true
10400,pk:district:mirpur,served_by,true
10404,pk:district:mirpur,served_by,true
10450,pk:district:mirpur,served_by,true
10460,pk:district:mirpur,served_by,true
10470,pk:district:mirpur,served_by,true
10480,pk:district:mirpur,served_by,true
10490,pk:district:mirpur,served_by,true
10500,pk:district:mirpur,served_by,true
10510,pk:district:mirpur,served_by,true
10520,pk:district:mirpur,served_by,true
10530,pk:district:mirpur,served_by,true
10534,pk:district:mirpur,served_by,true
10540,pk:district:mirpur,served_by,true
10550,pk:district:mirpur,served_by,true
11010,pk:district:kotli,served_by,true
11014,pk:district:kotli,served_by,true
11020,pk:district:kotli,served_by,true
11030,pk:district:kotli,served_by,true
11032,pk:district:kotli,served_by,true
11040,pk:district:kotli,served_by,true
11100,pk:district:kotli,served_by,true
11110,pk:district:kotli,served_by,true
11120,pk:district:kotli,served_by,true
11150,pk:district:kotli,served_by,true
11170,pk:district:kotli,served_by,true
11180,pk:district:kotli,served_by,true
11190,pk:district:kotli,served_by,true
11200,pk:district:kotli,served_by,true
11202,pk:district:kotli,served_by,true
11210,pk:district:kotli,served_by,true
11220,pk:district:kotli,served_by,true
11250,pk:district:kotli,served_by,true
11260,pk:district:kotli,served_by,true
12000,pk:district:sudhanoti,served_by,true
12010,pk:district:sudhanoti,served_by,true
12030,pk:district:sudhanoti,served_by,true
12034,pk:district:poonch,served_by,true
12040,pk:district:poonch,served_by,true
12060,pk:district:sudhanoti,served_by,true
12070,pk:district:sudhanoti,served_by,true
12090,pk:district:sudhanoti,served_by,true
12100,pk:district:sudhanoti,served_by,true
12110,pk:district:sudhanoti,served_by,true
12120,pk:district:sudhanoti,served_by,true
12130,pk:district:sudhanoti,served_by,true
12150,pk:district:sudhanoti,served_by,true
12160,pk:district:poonch,served_by,true
12164,pk:district:poonch,served_by,true
12170,pk:district:poonch,served_by,true
12174,pk:district:poonch,served_by,true
12180,pk:district:poonch,served_by,true
12200,pk:district:poonch,served_by,true
12220,pk:district:bagh,served_by,true
12250,pk:district:poonch,served_by,true
12252,pk:district:poonch,served_by,true
12260,pk:district:poonch,served_by,true
12262,pk:district:poonch,served_by,true
12270,pk:district:poonch,served_by,true
12300,pk:district:sudhanoti,served_by,true
12304,pk:district:poonch,served_by,true
12320,pk:district:poonch,served_by,true
12330,pk:district:poonch,served_by,true
12350,pk:district:poonch,served_by,true
12380,pk:district:poonch,served_by,true
12390,pk:district:poonch,served_by,true
12400,pk:district:poonch,served_by,true
12410,pk:district:poonch,served_by,true
12420,pk:district:poonch,served_by,true
12430,pk:district:poonch,served_by,true
12440,pk:district:poonch,served_by,true
12460,pk:district:bagh,served_by,true
12470,pk:district:bagh,served_by,true
12480,pk:district:bagh,served_by,true
12500,pk:district:bagh,served_by,true
12502,pk:district:bagh,served_by,true
12508,pk:district:bagh,served_by,true
12510,pk:district:bagh,served_by,true
12520,pk:district:bagh,served_by,true
12550,pk:district:bagh,served_by,true
12560,pk:district:bagh,served_by,true
12570,pk:district:bagh,served_by,true
12600,pk:district:bagh,served_by,true
12610,pk:district:bagh,served_by,true
12620,pk:district:bagh,served_by,true
12630,pk:district:bagh,served_by,true
13100,pk:district:muzaffarabad,served_by,true
13110,pk:district:muzaffarabad,served_by,true
13150,pk:district:muzaffarabad,served_by,true
13164,pk:district:hattian-bala,served_by,true
13170,pk:district:hattian-bala,served_by,true
13180,pk:district:hattian-bala,served_by,true
13190,pk:district:muzaffarabad,served_by,true
13200,pk:district:neelam-valley,served_by,true
13210,pk:district:muzaffarabad,served_by,true
13220,pk:district:muzaffarabad,served_by,true
13224,pk:district:neelam-valley,served_by,true
13230,pk:district:neelam-valley,served_by,true
13232,pk:district:neelam-valley,served_by,true
13234,pk:district:neelam-valley,served_by,true
13240,pk:district:hattian-bala,served_by,true
13250,pk:district:muzaffarabad,served_by,true
14100,pk:district:diamer,served_by,true
14150,pk:district:tangir,served_by,true
14200,pk:district:diamer,served_by,true
14300,pk:district:astore,served_by,true
14350,pk:district:astore,served_by,true
14400,pk:district:astore,served_by,true
15100,pk:district:gilgit,served_by,true
15110,pk:district:gilgit,served_by,true
15120,pk:district:gilgit,served_by,true
15130,pk:district:nagar,served_by,true
15140,pk:district:gilgit,served_by,true
15150,pk:district:gilgit,served_by,true
15170,pk:district:gilgit,served_by,true
15200,pk:district:ghizer,served_by,true
15210,pk:district:ghizer,served_by,true
15300,pk:district:gupis-yasin,served_by,true
15500,pk:district:nagar,served_by,true
15550,pk:district:hunza,served_by,true
15600,pk:district:hunza,served_by,true
15650,pk:district:nagar,served_by,true
15700,pk:district:hunza,served_by,true
15710,pk:district:hunza,served_by,true
15750,pk:district:hunza,served_by,true
15900,pk:district:hunza,served_by,true
16110,pk:district:skardu,served_by,true
16150,pk:district:skardu,served_by,true
16250,pk:district:skardu,served_by,true
16310,pk:district:skardu,served_by,true
16320,pk:district:skardu,served_by,true
16350,pk:district:skardu,served_by,true
16400,pk:district:kharmang,served_by,true
16420,pk:district:kharmang,served_by,true
16500,pk:district:skardu,served_by,true
16600,pk:district:kharmang,served_by,true
16700,pk:district:ghanche,served_by,true
16720,pk:district:ghanche,served_by,true
16750,pk:district:ghanche,served_by,true
16800,pk:district:ghanche,served_by,true
16810,pk:district:shigar,served_by,true
16910,pk:district:skardu,served_by,true
16920,pk:district:ghanche,served_by,true
17000,pk:district:buner,served_by,true
17010,pk:district:upper-chitral,served_by,true
17020,pk:district:upper-chitral,served_by,true
17030,pk:district:upper-chitral,served_by,true
17050,pk:district:upper-chitral,served_by,true
17054,pk:district:upper-chitral,served_by,true
17060,pk:district:upper-chitral,served_by,true
17070,pk:district:buner,served_by,true
17080,pk:district:upper-chitral,served_by,true
17100,pk:district:upper-chitral,served_by,true
17110,pk:district:lower-chitral,served_by,true
17120,pk:district:lower-chitral,served_by,true
17130,pk:district:lower-chitral,served_by,true
17140,pk:district:buner,served_by,true
17200,pk:district:lower-chitral,served_by,true
17210,pk:district:lower-chitral,served_by,true
17220,pk:district:lower-chitral,served_by,true
17230,pk:district:lower-chitral,served_by,true
17234,pk:district:lower-chitral,served_by,true
17240,pk:district:lower-chitral,served_by,true
17250,pk:district:lower-chitral,served_by,true
17260,pk:district:lower-chitral,served_by,true
17280,pk:district:buner,served_by,true
17290,pk:district:buner,served_by,true
18000,pk:district:upper-dir,served_by,true
18050,pk:district:upper-dir,served_by,true
18100,pk:district:upper-dir,served_by,true
18150,pk:district:upper-dir,served_by,true
18210,pk:district:central-dir,served_by,true
18250,pk:district:lower-dir,served_by,true
18350,pk:district:lower-dir,served_by,true
18400,pk:district:lower-dir,served_by,true
18500,pk:district:lower-dir,served_by,true
18550,pk:district:lower-dir,served_by,true
18600,pk:district:lower-dir,served_by,true
18650,pk:district:bajaur,served_by,true
18750,pk:district:lower-dir,served_by,true
18760,pk:district:lower-dir,served_by,true
18800,pk:district:lower-dir,served_by,true
19010,pk:district:upper-swat,served_by,true
19020,pk:district:upper-swat,served_by,true
19030,pk:district:upper-swat,served_by,true
19040,pk:district:upper-swat,served_by,true
19044,pk:district:upper-swat,served_by,true
19050,pk:district:upper-swat,served_by,true
19060,pk:district:swat,served_by,true
19070,pk:district:swat,served_by,true
19080,pk:district:swat,served_by,true
19090,pk:district:shangla,served_by,true
19100,pk:district:shangla,served_by,true
19110,pk:district:upper-swat,served_by,true
19120,pk:district:swat,served_by,true
19130,pk:district:swat,served_by,true
19132,pk:district:swat,served_by,true
19140,pk:district:swat,served_by,true
19150,pk:district:shangla,served_by,true
19200,pk:district:swat,served_by,true
19204,pk:district:swat,served_by,true
19210,pk:district:swat,served_by,true
19220,pk:district:swat,served_by,true
19230,pk:district:swat,served_by,true
19240,pk:district:swat,served_by,true
19260,pk:district:mardan,served_by,true
19280,pk:district:mardan,served_by,true
20100,pk:district:upper-kohistan,served_by,true
20200,pk:district:lower-kohistan,served_by,true
20300,pk:district:lower-kohistan,served_by,true
20500,pk:district:shangla,served_by,true
21010,pk:district:battagram,served_by,true
21020,pk:district:battagram,served_by,true
21028,pk:district:torghar,served_by,true
21032,pk:district:battagram,served_by,true
21036,pk:district:battagram,served_by,true
21040,pk:district:battagram,served_by,true
21042,pk:district:battagram,served_by,true
21044,pk:district:battagram,served_by,true
21046,pk:district:battagram,served_by,true
21050,pk:district:battagram,served_by,true
21060,pk:district:battagram,served_by,true
21062,pk:district:battagram,served_by,true
21070,pk:district:mansehra,served_by,true
21080,pk:district:mansehra,served_by,true
21090,pk:district:mansehra,served_by,true
21100,pk:district:mansehra,served_by,true
21110,pk:district:mansehra,served_by,true
21120,pk:district:mansehra,served_by,true
21130,pk:district:mansehra,served_by,true
21160,pk:district:mansehra,served_by,true
21170,pk:district:mansehra,served_by,true
21200,pk:district:mansehra,served_by,true
21210,pk:district:mansehra,served_by,true
21220,pk:district:mansehra,served_by,true
21230,pk:district:mansehra,served_by,true
21240,pk:district:mansehra,served_by,true
21250,pk:district:mansehra,served_by,true
21270,pk:district:mansehra,served_by,true
21290,pk:district:mansehra,served_by,true
21300,pk:district:mansehra,served_by,true
21304,pk:district:mansehra,served_by,true
21310,pk:district:mansehra,served_by,true
21314,pk:district:mansehra,served_by,true
21320,pk:district:mansehra,served_by,true
21330,pk:district:mansehra,served_by,true
21340,pk:district:mansehra,served_by,true
21350,pk:district:mansehra,served_by,true
21360,pk:district:mansehra,served_by,true
21370,pk:district:mansehra,served_by,true
21380,pk:district:mansehra,served_by,true
21390,pk:district:mansehra,served_by,true
21400,pk:district:mansehra,served_by,true
21410,pk:district:mansehra,served_by,true
21420,pk:district:mansehra,served_by,true
21430,pk:district:mansehra,served_by,true
21440,pk:district:mansehra,served_by,true
21450,pk:district:mansehra,served_by,true
21460,pk:district:mansehra,served_by,true
22000,pk:district:abbottabad,served_by,true
22010,pk:district:abbottabad,served_by,true
22030,pk:district:abbottabad,served_by,true
22040,pk:district:abbottabad,served_by,true
22044,pk:district:abbottabad,served_by,true
22050,pk:district:abbottabad,served_by,true
22070,pk:district:abbottabad,served_by,true
22080,pk:district:abbottabad,served_by,true
22090,pk:district:abbottabad,served_by,true
22100,pk:district:abbottabad,served_by,true
22106,pk:district:abbottabad,served_by,true
22110,pk:district:abbottabad,served_by,true
22130,pk:district:abbottabad,served_by,true
22160,pk:district:abbottabad,served_by,true
22170,pk:district:abbottabad,served_by,true
22180,pk:district:abbottabad,served_by,true
22190,pk:district:abbottabad,served_by,true
22200,pk:district:abbottabad,served_by,true
22202,pk:district:abbottabad,served_by,true
22210,pk:district:abbottabad,served_by,true
22230,pk:district:abbottabad,served_by,true
22250,pk:district:abbottabad,served_by,true
22260,pk:district:abbottabad,served_by,true
22270,pk:district:abbottabad,served_by,true
22280,pk:district:abbottabad,served_by,true
22290,pk:district:abbottabad,served_by,true
22300,pk:district:abbottabad,served_by,true
22310,pk:district:abbottabad,served_by,true
22320,pk:district:abbottabad,served_by,true
22330,pk:district:abbottabad,served_by,true
22350,pk:district:murree,served_by,true
22360,pk:district:abbottabad,served_by,true
22370,pk:district:abbottabad,served_by,true
22420,pk:district:murree,served_by,true
22500,pk:district:abbottabad,served_by,true
22502,pk:district:abbottabad,served_by,true
22510,pk:district:abbottabad,served_by,true
22520,pk:district:abbottabad,served_by,true
22530,pk:district:abbottabad,served_by,true
22540,pk:district:abbottabad,served_by,true
22550,pk:district:abbottabad,served_by,true
22560,pk:district:abbottabad,served_by,true
22570,pk:district:abbottabad,served_by,true
22580,pk:district:abbottabad,served_by,true
22584,pk:district:haripur,served_by,true
22590,pk:district:haripur,served_by,true
22600,pk:district:haripur,served_by,true
22610,pk:district:haripur,served_by,true
22620,pk:district:haripur,served_by,true
22630,pk:district:haripur,served_by,true
22640,pk:district:haripur,served_by,true
22650,pk:district:haripur,served_by,true
22652,pk:district:haripur,served_by,true
22660,pk:district:haripur,served_by,true
22680,pk:district:haripur,served_by,true
22690,pk:district:haripur,served_by,true
22694,pk:district:haripur,served_by,true
22700,pk:district:haripur,served_by,true
22710,pk:district:haripur,served_by,true
22720,pk:district:abbottabad,served_by,true
22730,pk:district:abbottabad,served_by,true
22750,pk:district:abbottabad,served_by,true
22760,pk:district:abbottabad,served_by,true
22770,pk:district:haripur,served_by,true
22780,pk:district:haripur,served_by,true
22800,pk:district:haripur,served_by,true
22810,pk:district:haripur,served_by,true
22830,pk:district:haripur,served_by,true
22844,pk:district:haripur,served_by,true
22860,pk:district:haripur,served_by,true
22870,pk:district:haripur,served_by,true
23010,pk:district:malakand,served_by,true
23020,pk:district:malakand,served_by,true
23040,pk:district:malakand,served_by,true
23050,pk:district:malakand,served_by,true
23060,pk:district:malakand,served_by,true
23090,pk:district:mardan,served_by,true
23100,pk:district:mardan,served_by,true
23120,pk:district:mardan,served_by,true
23130,pk:district:mardan,served_by,true
23150,pk:district:mardan,served_by,true
23162,pk:district:mardan,served_by,true
23166,pk:district:mardan,served_by,true
23168,pk:district:mardan,served_by,true
23170,pk:district:mardan,served_by,true
23180,pk:district:mardan,served_by,true
23200,pk:district:mardan,served_by,true
23210,pk:district:mardan,served_by,true
23220,pk:district:mardan,served_by,true
23230,pk:district:mardan,served_by,true
23240,pk:district:mardan,served_by,true
23242,pk:district:mardan,served_by,true
23250,pk:district:mardan,served_by,true
23260,pk:district:mardan,served_by,true
23270,pk:district:mardan,served_by,true
23280,pk:district:mardan,served_by,true
23290,pk:district:mardan,served_by,true
23310,pk:district:mardan,served_by,true
23330,pk:district:swabi,served_by,true
23340,pk:district:mardan,served_by,true
23350,pk:district:mardan,served_by,true
23360,pk:district:mardan,served_by,true
23370,pk:district:mardan,served_by,true
23380,pk:district:mardan,served_by,true
23390,pk:district:mardan,served_by,true
23400,pk:district:swabi,served_by,true
23410,pk:district:swabi,served_by,true
23420,pk:district:mardan,served_by,true
23422,pk:district:swabi,served_by,true
23430,pk:district:swabi,served_by,true
23440,pk:district:swabi,served_by,true
23450,pk:district:swabi,served_by,true
23454,pk:district:swabi,served_by,true
23456,pk:district:swabi,served_by,true
23470,pk:district:swabi,served_by,true
23480,pk:district:swabi,served_by,true
23490,pk:district:swabi,served_by,true
23500,pk:district:swabi,served_by,true
23520,pk:district:swabi,served_by,true
23530,pk:district:swabi,served_by,true
23550,pk:district:swabi,served_by,true
23560,pk:district:swabi,served_by,true
23562,pk:district:swabi,served_by,true
23570,pk:district:mardan,served_by,true
23580,pk:district:swabi,served_by,true
23600,pk:district:swabi,served_by,true
23620,pk:district:swabi,served_by,true
23630,pk:district:swabi,served_by,true
23640,pk:district:swabi,served_by,true
23650,pk:district:swabi,served_by,true
23660,pk:district:swabi,served_by,true
24000,pk:district:nowshera,served_by,true
24010,pk:district:nowshera,served_by,true
24020,pk:district:nowshera,served_by,true
24030,pk:district:nowshera,served_by,true
24040,pk:district:nowshera,served_by,true
24050,pk:district:nowshera,served_by,true
24060,pk:district:nowshera,served_by,true
24070,pk:district:nowshera,served_by,true
24080,pk:district:nowshera,served_by,true
24082,pk:district:nowshera,served_by,true
24090,pk:district:nowshera,served_by,true
24100,pk:district:nowshera,served_by,true
24110,pk:district:nowshera,served_by,true
24120,pk:district:nowshera,served_by,true
24140,pk:district:nowshera,served_by,true
24160,pk:district:nowshera,served_by,true
24170,pk:district:nowshera,served_by,true
24180,pk:district:nowshera,served_by,true
24182,pk:district:nowshera,served_by,true
24190,pk:district:nowshera,served_by,true
24200,pk:district:nowshera,served_by,true
24210,pk:district:nowshera,served_by,true
24220,pk:district:nowshera,served_by,true
24230,pk:district:nowshera,served_by,true
24240,pk:district:nowshera,served_by,true
24260,pk:district:nowshera,served_by,true
24270,pk:district:nowshera,served_by,true
24280,pk:district:nowshera,served_by,true
24302,pk:district:nowshera,served_by,true
24302,pk:district:peshawar,served_by,false
24320,pk:district:nowshera,served_by,true
24340,pk:district:peshawar,served_by,true
24350,pk:district:peshawar,served_by,true
24360,pk:district:peshawar,served_by,true
24370,pk:district:peshawar,served_by,true
24400,pk:district:peshawar,served_by,true
24402,pk:district:peshawar,served_by,true
24420,pk:district:charsadda,served_by,true
24424,pk:district:charsadda,served_by,true
24450,pk:district:charsadda,served_by,true
24460,pk:district:charsadda,served_by,true
24470,pk:district:charsadda,served_by,true
24480,pk:district:charsadda,served_by,true
24502,pk:district:charsadda,served_by,true
24504,pk:district:charsadda,served_by,true
24506,pk:district:charsadda,served_by,true
24508,pk:district:charsadda,served_by,true
24520,pk:district:charsadda,served_by,true
24550,pk:district:charsadda,served_by,true
24610,pk:district:charsadda,served_by,true
24620,pk:district:charsadda,served_by,true
24630,pk:district:charsadda,served_by,true
24640,pk:district:charsadda,served_by,true
24650,pk:district:charsadda,served_by,true
24700,pk:district:peshawar,served_by,true
24710,pk:district:peshawar,served_by,true
24720,pk:district:peshawar,served_by,true
24730,pk:district:khyber,served_by,true
24740,pk:district:khyber,served_by,true
24800,pk:district:khyber,served_by,true
24810,pk:district:peshawar,served_by,true
24820,pk:district:peshawar,served_by,true
24830,pk:district:peshawar,served_by,true
24840,pk:district:peshawar,served_by,true
24850,pk:district:peshawar,served_by,true
24860,pk:district:peshawar,served_by,true
25000,pk:district:peshawar,served_by,true
25010,pk:district:peshawar,served_by,true
25100,pk:district:peshawar,served_by,true
25110,pk:district:peshawar,served_by,true
25120,pk:district:peshawar,served_by,true
25124,pk:district:peshawar,served_by,true
25130,pk:district:peshawar,served_by,true
25160,pk:district:peshawar,served_by,true
25170,pk:district:peshawar,served_by,true
25210,pk:district:peshawar,served_by,true
25220,pk:district:peshawar,served_by,true
25230,pk:district:peshawar,served_by,true
26000,pk:district:kohat,served_by,true
26014,pk:district:kohat,served_by,true
26018,pk:district:kohat,served_by,true
26020,pk:district:kohat,served_by,true
26030,pk:district:kohat,served_by,true
26050,pk:district:kohat,served_by,true
26054,pk:district:kohat,served_by,true
26060,pk:district:kohat,served_by,true
26064,pk:district:kohat,served_by,true
26070,pk:district:kohat,served_by,true
26080,pk:district:kohat,served_by,true
26090,pk:district:kohat,served_by,true
26100,pk:district:kohat,served_by,true
26110,pk:district:kohat,served_by,true
26120,pk:district:kohat,served_by,true
26140,pk:district:kohat,served_by,true
26160,pk:district:kohat,served_by,true
26180,pk:district:hangu,served_by,true
26190,pk:district:hangu,served_by,true
26196,pk:district:hangu,served_by,true
26220,pk:district:hangu,served_by,true
26230,pk:district:hangu,served_by,true
26240,pk:district:hangu,served_by,true
26242,pk:district:hangu,served_by,true
26250,pk:district:hangu,served_by,true
26280,pk:district:kurram,served_by,true
26290,pk:district:kurram,served_by,true
26300,pk:district:kurram,served_by,true
26352,pk:district:kohat,served_by,true
26360,pk:district:kohat,served_by,true
26380,pk:district:kohat,served_by,true
26400,pk:district:karak,served_by,true
26410,pk:district:karak,served_by,true
27000,pk:district:karak,served_by,true
27100,pk:district:karak,served_by,true
27200,pk:district:karak,served_by,true
27210,pk:district:karak,served_by,true
27220,pk:district:karak,served_by,true
27230,pk:district:karak,served_by,true
27300,pk:district:karak,served_by,true
27410,pk:district:karak,served_by,true
27500,pk:district:karak,served_by,true
27600,pk:district:karak,served_by,true
27800,pk:district:karak,served_by,true
27900,pk:district:karak,served_by,true
28010,pk:district:bannu,served_by,true
28020,pk:district:bannu,served_by,true
28030,pk:district:bannu,served_by,true
28050,pk:district:bannu,served_by,true
28060,pk:district:bannu,served_by,true
28100,pk:district:bannu,served_by,true
28108,pk:district:bannu,served_by,true
28120,pk:district:bannu,served_by,true
28122,pk:district:bannu,served_by,true
28140,pk:district:bannu,served_by,true
28142,pk:district:lakki-marwat,served_by,true
28150,pk:district:bannu,served_by,true
28170,pk:district:north-waziristan,served_by,true
28180,pk:district:north-waziristan,served_by,true
28200,pk:district:north-waziristan,served_by,true
28210,pk:district:north-waziristan,served_by,true
28220,pk:district:north-waziristan,served_by,true
28250,pk:district:lakki-marwat,served_by,true
28260,pk:district:north-waziristan,served_by,true
28270,pk:district:north-waziristan,served_by,true
28300,pk:district:bannu,served_by,true
28310,pk:district:bannu,served_by,true
28320,pk:district:bannu,served_by,true
28330,pk:district:bannu,served_by,true
28334,pk:district:bannu,served_by,true
28340,pk:district:lakki-marwat,served_by,true
28350,pk:district:lakki-marwat,served_by,true
28352,pk:district:lakki-marwat,served_by,true
28370,pk:district:lakki-marwat,served_by,true
28372,pk:district:bannu,served_by,true
28410,pk:district:lakki-marwat,served_by,true
28420,pk:district:lakki-marwat,served_by,true
28424,pk:district:lakki-marwat,served_by,true
28426,pk:district:lakki-marwat,served_by,true
28440,pk:district:lakki-marwat,served_by,true
28450,pk:district:lakki-marwat,served_by,true
28470,pk:district:lakki-marwat,served_by,true
28480,pk:district:bannu,served_by,true
28490,pk:district:bannu,served_by,true
28500,pk:district:lakki-marwat,served_by,true
28510,pk:district:lakki-marwat,served_by,true
28520,pk:district:lakki-marwat,served_by,true
28530,pk:district:lakki-marwat,served_by,true
29000,pk:district:paharpur,served_by,true
29012,pk:district:dera-ismail-khan,served_by,true
29050,pk:district:dera-ismail-khan,served_by,true
29060,pk:district:dera-ismail-khan,served_by,true
29080,pk:district:dera-ismail-khan,served_by,true
29090,pk:district:dera-ismail-khan,served_by,true
29100,pk:district:dera-ismail-khan,served_by,true
29120,pk:district:dera-ismail-khan,served_by,true
29124,pk:district:dera-ismail-khan,served_by,true
29130,pk:district:dera-ismail-khan,served_by,true
29140,pk:district:dera-ismail-khan,served_by,true
29150,pk:district:dera-ismail-khan,served_by,true
29160,pk:district:paharpur,served_by,true
29162,pk:district:dera-ismail-khan,served_by,true
29170,pk:district:dera-ismail-khan,served_by,true
29180,pk:district:dera-ismail-khan,served_by,true
29184,pk:district:dera-ismail-khan,served_by,true
29190,pk:district:dera-ismail-khan,served_by,true
29200,pk:district:dera-ismail-khan,served_by,true
29206,pk:district:dera-ismail-khan,served_by,true
29210,pk:district:dera-ismail-khan,served_by,true
29212,pk:district:dera-ismail-khan,served_by,true
29220,pk:district:dera-ismail-khan,served_by,true
29230,pk:district:dera-ismail-khan,served_by,true
29232,pk:district:dera-ismail-khan,served_by,true
29240,pk:district:dera-ismail-khan,served_by,true
29310,pk:district:dera-ismail-khan,served_by,true
29320,pk:district:dera-ismail-khan,served_by,true
29330,pk:district:dera-ismail-khan,served_by,true
29340,pk:district:dera-ismail-khan,served_by,true
29350,pk:district:dera-ismail-khan,served_by,true
29410,pk:district:tank,served_by,true
29420,pk:district:tank,served_by,true
29430,pk:district:tank,served_by,true
29432,pk:district:tank,served_by,true
29440,pk:district:tank,served_by,true
29460,pk:district:tank,served_by,true
29470,pk:district:tank,served_by,true
29480,pk:district:upper-south-waziristan,served_by,true
29490,pk:district:upper-south-waziristan,served_by,true
29510,pk:district:upper-south-waziristan,served_by,true
30000,pk:district:bhakkar,served_by,true
30004,pk:district:bhakkar,served_by,true
30020,pk:district:bhakkar,served_by,true
30030,pk:district:bhakkar,served_by,true
30040,pk:district:bhakkar,served_by,true
30050,pk:district:bhakkar,served_by,true
30052,pk:district:bhakkar,served_by,true
30060,pk:district:bhakkar,served_by,true
30100,pk:district:bhakkar,served_by,true
30110,pk:district:bhakkar,served_by,true
30120,pk:district:bhakkar,served_by,true
30140,pk:district:bhakkar,served_by,true
30150,pk:district:bhakkar,served_by,true
30160,pk:district:bhakkar,served_by,true
31000,pk:district:layyah,served_by,true
31050,pk:district:layyah,served_by,true
31100,pk:district:layyah,served_by,true
31150,pk:district:layyah,served_by,true
31200,pk:district:layyah,served_by,true
31250,pk:district:layyah,served_by,true
31300,pk:district:layyah,served_by,true
31350,pk:district:layyah,served_by,true
31400,pk:district:layyah,served_by,true
31450,pk:district:layyah,served_by,true
31500,pk:district:layyah,served_by,true
31600,pk:district:layyah,served_by,true
31650,pk:district:layyah,served_by,true
31660,pk:district:layyah,served_by,true
32000,pk:district:taunsa,served_by,true
32020,pk:district:taunsa,served_by,true
32040,pk:district:taunsa,served_by,true
32050,pk:district:taunsa,served_by,true
32110,pk:district:taunsa,served_by,true
32112,pk:district:taunsa,served_by,true
32120,pk:district:taunsa,served_by,true
32124,pk:district:taunsa,served_by,true
32130,pk:district:taunsa,served_by,true
32150,pk:district:taunsa,served_by,true
32160,pk:district:dera-ghazi-khan,served_by,true
32170,pk:district:dera-ghazi-khan,served_by,true
32200,pk:district:dera-ghazi-khan,served_by,true
32210,pk:district:dera-ghazi-khan,served_by,true
32230,pk:district:dera-ghazi-khan,served_by,true
32250,pk:district:dera-ghazi-khan,served_by,true
32260,pk:district:dera-ghazi-khan,served_by,true
32300,pk:district:dera-ghazi-khan,served_by,true
32310,pk:district:dera-ghazi-khan,served_by,true
32320,pk:district:dera-ghazi-khan,served_by,true
32350,pk:district:dera-ghazi-khan,served_by,true
32380,pk:district:dera-ghazi-khan,served_by,true
32390,pk:district:dera-ghazi-khan,served_by,true
32400,pk:district:dera-ghazi-khan,served_by,true
32410,pk:district:rajanpur,served_by,true
32420,pk:district:dera-ghazi-khan,served_by,true
32430,pk:district:dera-ghazi-khan,served_by,true
33000,pk:district:rajanpur,served_by,true
33100,pk:district:rajanpur,served_by,true
33300,pk:district:rajanpur,served_by,true
33500,pk:district:rajanpur,served_by,true
33600,pk:district:rajanpur,served_by,true
33700,pk:district:rajanpur,served_by,true
34000,pk:district:kot-addu,served_by,true
34010,pk:district:kot-addu,served_by,true
34030,pk:district:kot-addu,served_by,true
34050,pk:district:kot-addu,served_by,true
34060,pk:district:muzaffargarh,served_by,true
34110,pk:district:kot-addu,served_by,true
34120,pk:district:kot-addu,served_by,true
34130,pk:district:kot-addu,served_by,true
34200,pk:district:muzaffargarh,served_by,true
34210,pk:district:muzaffargarh,served_by,true
34220,pk:district:muzaffargarh,served_by,true
34300,pk:district:kot-addu,served_by,true
34310,pk:district:muzaffargarh,served_by,true
34350,pk:district:muzaffargarh,served_by,true
34370,pk:district:kot-addu,served_by,true
34380,pk:district:muzaffargarh,served_by,true
34382,pk:district:muzaffargarh,served_by,true
34384,pk:district:kot-addu,served_by,true
34400,pk:district:muzaffargarh,served_by,true
34410,pk:district:muzaffargarh,served_by,true
34430,pk:district:muzaffargarh,served_by,true
34440,pk:district:kot-addu,served_by,true
34450,pk:district:muzaffargarh,served_by,true
34470,pk:district:muzaffargarh,served_by,true
34500,pk:district:muzaffargarh,served_by,true
34550,pk:district:muzaffargarh,served_by,true
34650,pk:district:muzaffargarh,served_by,true
35012,pk:district:toba-tek-singh,served_by,true
35020,pk:district:jhang,served_by,true
35030,pk:district:jhang,served_by,true
35060,pk:district:jhang,served_by,true
35080,pk:district:jhang,served_by,true
35090,pk:district:jhang,served_by,true
35110,pk:district:jhang,served_by,true
35150,pk:district:jhang,served_by,true
35152,pk:district:jhang,served_by,true
35160,pk:district:jhang,served_by,true
35170,pk:district:jhang,served_by,true
35180,pk:district:jhang,served_by,true
35200,pk:district:jhang,served_by,true
35210,pk:district:jhang,served_by,true
35300,pk:district:jhang,served_by,true
35310,pk:district:jhang,served_by,true
35350,pk:district:chiniot,served_by,true
35360,pk:district:jhang,served_by,true
35400,pk:district:chiniot,served_by,true
35460,pk:district:chiniot,served_by,true
35470,pk:district:chiniot,served_by,true
35480,pk:district:chiniot,served_by,true
35500,pk:district:chiniot,served_by,true
35510,pk:district:jhang,served_by,true
35520,pk:district:jhang,served_by,true
35550,pk:district:jhang,served_by,true
35560,pk:district:jhang,served_by,true
35570,pk:district:jhang,served_by,true
35580,pk:district:jhang,served_by,true
36000,pk:district:toba-tek-singh,served_by,true
36070,pk:district:toba-tek-singh,served_by,true
36080,pk:district:toba-tek-singh,served_by,true
36100,pk:district:toba-tek-singh,served_by,true
36120,pk:district:toba-tek-singh,served_by,true
36150,pk:district:toba-tek-singh,served_by,true
36160,pk:district:toba-tek-singh,served_by,true
36200,pk:district:toba-tek-singh,served_by,true
36260,pk:district:toba-tek-singh,served_by,true
36270,pk:district:toba-tek-singh,served_by,true
36280,pk:district:toba-tek-singh,served_by,true
36282,pk:district:jhang,served_by,true
36300,pk:district:toba-tek-singh,served_by,true
36320,pk:district:toba-tek-singh,served_by,true
36330,pk:district:toba-tek-singh,served_by,true
36350,pk:district:toba-tek-singh,served_by,true
36360,pk:district:toba-tek-singh,served_by,true
36380,pk:district:toba-tek-singh,served_by,true
36390,pk:district:toba-tek-singh,served_by,true
37000,pk:district:faisalabad,served_by,true
37020,pk:district:faisalabad,served_by,true
37040,pk:district:faisalabad,served_by,true
37050,pk:district:faisalabad,served_by,true
37060,pk:district:faisalabad,served_by,true
37100,pk:district:faisalabad,served_by,true
37110,pk:district:faisalabad,served_by,true
37130,pk:district:faisalabad,served_by,true
37140,pk:district:faisalabad,served_by,true
37180,pk:district:faisalabad,served_by,true
37200,pk:district:faisalabad,served_by,true
37220,pk:district:faisalabad,served_by,true
37224,pk:district:faisalabad,served_by,true
37230,pk:district:faisalabad,served_by,true
37250,pk:district:faisalabad,served_by,true
37260,pk:district:faisalabad,served_by,true
37280,pk:district:faisalabad,served_by,true
37290,pk:district:faisalabad,served_by,true
37300,pk:district:faisalabad,served_by,true
37340,pk:district:faisalabad,served_by,true
37360,pk:district:faisalabad,served_by,true
37370,pk:district:faisalabad,served_by,true
37400,pk:district:faisalabad,served_by,true
37410,pk:district:faisalabad,served_by,true
37420,pk:district:faisalabad,served_by,true
37430,pk:district:faisalabad,served_by,true
37450,pk:district:faisalabad,served_by,true
37510,pk:district:faisalabad,served_by,true
37530,pk:district:faisalabad,served_by,true
37540,pk:district:faisalabad,served_by,true
37570,pk:district:faisalabad,served_by,true
37600,pk:district:faisalabad,served_by,true
37610,pk:district:faisalabad,served_by,true
37620,pk:district:faisalabad,served_by,true
37630,pk:district:faisalabad,served_by,true
37660,pk:district:faisalabad,served_by,true
37690,pk:district:faisalabad,served_by,true
37700,pk:district:faisalabad,served_by,true
37720,pk:district:faisalabad,served_by,true
37730,pk:district:faisalabad,served_by,true
37740,pk:district:faisalabad,served_by,true
37750,pk:district:faisalabad,served_by,true
38000,pk:district:faisalabad,served_by,true
38004,pk:district:faisalabad,served_by,true
38070,pk:district:faisalabad,served_by,true
38080,pk:district:faisalabad,served_by,true
38086,pk:district:faisalabad,served_by,true
38090,pk:district:faisalabad,served_by,true
38200,pk:district:faisalabad,served_by,true
38210,pk:district:faisalabad,served_by,true
38220,pk:district:faisalabad,served_by,true
38230,pk:district:faisalabad,served_by,true
38240,pk:district:faisalabad,served_by,true
38600,pk:district:faisalabad,served_by,true
38610,pk:district:faisalabad,served_by,true
38700,pk:district:faisalabad,served_by,true
38800,pk:district:faisalabad,served_by,true
38810,pk:district:faisalabad,served_by,true
38850,pk:district:faisalabad,served_by,true
38860,pk:district:faisalabad,served_by,true
38870,pk:district:faisalabad,served_by,true
38900,pk:district:faisalabad,served_by,true
39000,pk:district:sheikhupura,served_by,true
39010,pk:district:sheikhupura,served_by,true
39018,pk:district:sheikhupura,served_by,true
39040,pk:district:sheikhupura,served_by,true
39050,pk:district:sheikhupura,served_by,true
39060,pk:district:sheikhupura,served_by,true
39100,pk:district:nankana-sahib,served_by,true
39120,pk:district:nankana-sahib,served_by,true
39130,pk:district:nankana-sahib,served_by,true
39150,pk:district:nankana-sahib,served_by,true
39160,pk:district:nankana-sahib,served_by,true
39170,pk:district:nankana-sahib,served_by,true
39172,pk:district:sheikhupura,served_by,true
39250,pk:district:sheikhupura,served_by,true
39320,pk:district:sheikhupura,served_by,true
39330,pk:district:sheikhupura,served_by,true
39350,pk:district:sheikhupura,served_by,true
39424,pk:district:sheikhupura,served_by,true
39450,pk:district:sheikhupura,served_by,true
39460,pk:district:sheikhupura,served_by,true
39470,pk:district:nankana-sahib,served_by,true
39500,pk:district:sheikhupura,served_by,true
39510,pk:district:sheikhupura,served_by,true
39520,pk:district:sheikhupura,served_by,true
39530,pk:district:nankana-sahib,served_by,true
39540,pk:district:sheikhupura,served_by,true
39560,pk:district:sheikhupura,served_by,true
39570,pk:district:nankana-sahib,served_by,true
39600,pk:district:nankana-sahib,served_by,true
39610,pk:district:sargodha,served_by,true
39630,pk:district:nankana-sahib,served_by,true
39650,pk:district:nankana-sahib,served_by,true
39660,pk:district:nankana-sahib,served_by,true
40000,pk:district:sargodha,served_by,true
40040,pk:district:sargodha,served_by,true
40050,pk:district:sargodha,served_by,true
40060,pk:district:sargodha,served_by,true
40080,pk:district:sargodha,served_by,true
40100,pk:district:sargodha,served_by,true
40120,pk:district:sargodha,served_by,true
40130,pk:district:sargodha,served_by,true
40140,pk:district:sargodha,served_by,true
40160,pk:district:sargodha,served_by,true
40170,pk:district:sargodha,served_by,true
40180,pk:district:sargodha,served_by,true
40184,pk:district:sargodha,served_by,true
40190,pk:district:sargodha,served_by,true
40210,pk:district:sargodha,served_by,true
40216,pk:district:sargodha,served_by,true
40220,pk:district:sargodha,served_by,true
40230,pk:district:sargodha,served_by,true
40250,pk:district:sargodha,served_by,true
40260,pk:district:sargodha,served_by,true
40270,pk:district:sargodha,served_by,true
40280,pk:district:sargodha,served_by,true
40290,pk:district:sargodha,served_by,true
40300,pk:district:sargodha,served_by,true
40310,pk:district:sargodha,served_by,true
40330,pk:district:sargodha,served_by,true
40340,pk:district:sargodha,served_by,true
40342,pk:district:sargodha,served_by,true
40350,pk:district:sargodha,served_by,true
40370,pk:district:sargodha,served_by,true
40400,pk:district:sargodha,served_by,true
40410,pk:district:sargodha,served_by,true
40412,pk:district:sargodha,served_by,true
40418,pk:district:sargodha,served_by,true
40420,pk:district:sargodha,served_by,true
40430,pk:district:sargodha,served_by,true
40440,pk:district:sargodha,served_by,true
40450,pk:district:sargodha,served_by,true
40460,pk:district:sargodha,served_by,true
40464,pk:district:sargodha,served_by,true
40470,pk:district:sargodha,served_by,true
40500,pk:district:sargodha,served_by,true
40520,pk:district:sargodha,served_by,true
40530,pk:district:sargodha,served_by,true
40540,pk:district:sargodha,served_by,true
40542,pk:district:sargodha,served_by,true
40544,pk:district:sargodha,served_by,true
40550,pk:district:sargodha,served_by,true
40560,pk:district:sargodha,served_by,true
40570,pk:district:sargodha,served_by,true
40600,pk:district:sargodha,served_by,true
40610,pk:district:sargodha,served_by,true
40614,pk:district:sargodha,served_by,true
40620,pk:district:sargodha,served_by,true
41000,pk:district:khushab,served_by,true
41010,pk:district:khushab,served_by,true
41020,pk:district:khushab,served_by,true
41022,pk:district:khushab,served_by,true
41024,pk:district:khushab,served_by,true
41030,pk:district:khushab,served_by,true
41050,pk:district:khushab,served_by,true
41060,pk:district:khushab,served_by,true
41100,pk:district:khushab,served_by,true
41120,pk:district:khushab,served_by,true
41122,pk:district:khushab,served_by,true
41124,pk:district:khushab,served_by,true
41130,pk:district:khushab,served_by,true
41140,pk:district:khushab,served_by,true
41160,pk:district:khushab,served_by,true
41162,pk:district:khushab,served_by,true
41170,pk:district:khushab,served_by,true
41200,pk:district:khushab,served_by,true
41210,pk:district:khushab,served_by,true
41220,pk:district:khushab,served_by,true
41250,pk:district:khushab,served_by,true
41260,pk:district:khushab,served_by,true
41264,pk:district:khushab,served_by,true
41270,pk:district:khushab,served_by,true
41280,pk:district:khushab,served_by,true
41282,pk:district:khushab,served_by,true
41300,pk:district:khushab,served_by,true
41310,pk:district:khushab,served_by,true
41320,pk:district:khushab,served_by,true
41340,pk:district:khushab,served_by,true
42000,pk:district:mianwali,served_by,true
42010,pk:district:mianwali,served_by,true
42012,pk:district:mianwali,served_by,true
42020,pk:district:mianwali,served_by,true
42030,pk:district:mianwali,served_by,true
42050,pk:district:mianwali,served_by,true
42060,pk:district:mianwali,served_by,true
42110,pk:district:mianwali,served_by,true
42120,pk:district:mianwali,served_by,true
42200,pk:district:mianwali,served_by,true
42204,pk:district:mianwali,served_by,true
42206,pk:district:mianwali,served_by,true
42208,pk:district:mianwali,served_by,true
42210,pk:district:mianwali,served_by,true
42220,pk:district:mianwali,served_by,true
42230,pk:district:mianwali,served_by,true
42232,pk:district:mianwali,served_by,true
42240,pk:district:mianwali,served_by,true
42250,pk:district:mianwali,served_by,true
42260,pk:district:mianwali,served_by,true
42300,pk:district:mianwali,served_by,true
42302,pk:district:mianwali,served_by,true
42310,pk:district:mianwali,served_by,true
42312,pk:district:mianwali,served_by,true
42320,pk:district:mianwali,served_by,true
42340,pk:district:mianwali,served_by,true
42350,pk:district:mianwali,served_by,true
42360,pk:district:mianwali,served_by,true
42400,pk:district:mianwali,served_by,true
42410,pk:district:mianwali,served_by,true
42430,pk:district:mianwali,served_by,true
43000,pk:district:attock,served_by,true
43002,pk:district:attock,served_by,true
43010,pk:district:attock,served_by,true
43020,pk:district:attock,served_by,true
43030,pk:district:attock,served_by,true
43040,pk:district:attock,served_by,true
43050,pk:district:attock,served_by,true
43052,pk:district:attock,served_by,true
43060,pk:district:attock,served_by,true
43070,pk:district:attock,served_by,true
43080,pk:district:attock,served_by,true
43090,pk:district:attock,served_by,true
43100,pk:district:attock,served_by,true
43110,pk:district:attock,served_by,true
43112,pk:district:attock,served_by,true
43114,pk:district:attock,served_by,true
43120,pk:district:attock,served_by,true
43122,pk:district:attock,served_by,true
43140,pk:district:attock,served_by,true
43200,pk:district:attock,served_by,true
43210,pk:district:attock,served_by,true
43220,pk:district:attock,served_by,true
43222,pk:district:attock,served_by,true
43230,pk:district:attock,served_by,true
43232,pk:district:attock,served_by,true
43240,pk:district:attock,served_by,true
43244,pk:district:attock,served_by,true
43250,pk:district:attock,served_by,true
43260,pk:district:attock,served_by,true
43270,pk:district:attock,served_by,true
43280,pk:district:attock,served_by,true
43300,pk:district:attock,served_by,true
43320,pk:district:attock,served_by,true
43322,pk:district:attock,served_by,true
43330,pk:district:attock,served_by,true
43340,pk:district:attock,served_by,true
43350,pk:district:attock,served_by,true
43360,pk:district:attock,served_by,true
43364,pk:district:attock,served_by,true
43366,pk:district:attock,served_by,true
43370,pk:district:attock,served_by,true
43380,pk:district:attock,served_by,true
43382,pk:district:attock,served_by,true
43390,pk:district:attock,served_by,true
43394,pk:district:attock,served_by,true
43396,pk:district:attock,served_by,true
43400,pk:district:attock,served_by,true
43410,pk:district:attock,served_by,true
43412,pk:district:attock,served_by,true
43414,pk:district:attock,served_by,true
43430,pk:district:attock,served_by,true
43440,pk:district:attock,served_by,true
43442,pk:district:attock,served_by,true
43444,pk:district:attock,served_by,true
43450,pk:district:attock,served_by,true
43460,pk:district:attock,served_by,true
43470,pk:district:attock,served_by,true
43480,pk:district:attock,served_by,true
43490,pk:district:attock,served_by,true
43500,pk:district:attock,served_by,true
43530,pk:district:attock,served_by,true
43540,pk:district:attock,served_by,true
43550,pk:district:attock,served_by,true
43560,pk:district:attock,served_by,true
43570,pk:district:attock,served_by,true
43580,pk:district:attock,served_by,true
43600,pk:district:attock,served_by,true
43660,pk:district:attock,served_by,true
43670,pk:district:attock,served_by,true
43680,pk:district:attock,served_by,true
43700,pk:district:attock,served_by,true
43710,pk:district:attock,served_by,true
43720,pk:district:attock,served_by,true
43730,pk:district:attock,served_by,true
43734,pk:district:attock,served_by,true
43740,pk:district:attock,served_by,true
43750,pk:district:attock,served_by,true
44000,pk:district:islamabad,served_by,true
44010,pk:district:islamabad,served_by,true
44020,pk:district:islamabad,served_by,true
44030,pk:district:islamabad,served_by,true
44040,pk:district:islamabad,served_by,true
44050,pk:district:islamabad,served_by,true
44080,pk:district:islamabad,served_by,true
44090,pk:district:islamabad,served_by,true
44100,pk:district:islamabad,served_by,true
44150,pk:district:islamabad,served_by,true
44210,pk:district:islamabad,served_by,true
44220,pk:district:islamabad,served_by,true
44230,pk:district:islamabad,served_by,true
44310,pk:district:islamabad,served_by,true
44320,pk:district:islamabad,served_by,true
44790,pk:district:islamabad,served_by,true
44800,pk:district:islamabad,served_by,true
45200,pk:district:islamabad,served_by,true
45210,pk:district:islamabad,served_by,true
45220,pk:district:islamabad,served_by,true
45240,pk:district:islamabad,served_by,true
45250,pk:district:islamabad,served_by,true
45300,pk:district:islamabad,served_by,true
45320,pk:district:islamabad,served_by,true
45400,pk:district:islamabad,served_by,true
45410,pk:district:islamabad,served_by,true
45500,pk:district:islamabad,served_by,true
45510,pk:district:islamabad,served_by,true
45520,pk:district:islamabad,served_by,true
45570,pk:district:islamabad,served_by,true
45600,pk:district:islamabad,served_by,true
45610,pk:district:islamabad,served_by,true
45624,pk:district:islamabad,served_by,true
45640,pk:district:islamabad,served_by,true
45650,pk:district:islamabad,served_by,true
45680,pk:district:islamabad,served_by,true
45700,pk:district:islamabad,served_by,true
45710,pk:district:islamabad,served_by,true
45720,pk:district:islamabad,served_by,true
45730,pk:district:islamabad,served_by,true
45800,pk:district:islamabad,served_by,true
45900,pk:district:islamabad,served_by,true
46000,pk:district:rawalpindi,served_by,true
46010,pk:district:rawalpindi,served_by,true
46020,pk:district:rawalpindi,served_by,true
46030,pk:district:rawalpindi,served_by,true
46040,pk:district:rawalpindi,served_by,true
46050,pk:district:rawalpindi,served_by,true
46060,pk:district:rawalpindi,served_by,true
46070,pk:district:rawalpindi,served_by,true
46100,pk:district:rawalpindi,served_by,true
46120,pk:district:rawalpindi,served_by,true
46202,pk:district:rawalpindi,served_by,true
46210,pk:district:rawalpindi,served_by,true
46220,pk:district:rawalpindi,served_by,true
46222,pk:district:rawalpindi,served_by,true
46300,pk:district:rawalpindi,served_by,true
46310,pk:district:rawalpindi,served_by,true
46320,pk:district:rawalpindi,served_by,true
46330,pk:district:rawalpindi,served_by,true
46350,pk:district:rawalpindi,served_by,true
46500,pk:district:rawalpindi,served_by,true
46510,pk:district:rawalpindi,served_by,true
46520,pk:district:rawalpindi,served_by,true
46600,pk:district:rawalpindi,served_by,true
46602,pk:district:rawalpindi,served_by,true
46604,pk:district:rawalpindi,served_by,true
46606,pk:district:rawalpindi,served_by,true
46610,pk:district:rawalpindi,served_by,true
46620,pk:district:rawalpindi,served_by,true
47002,pk:district:rawalpindi,served_by,true
47010,pk:district:rawalpindi,served_by,true
47030,pk:district:rawalpindi,served_by,true
47044,pk:district:rawalpindi,served_by,true
47050,pk:district:rawalpindi,served_by,true
47066,pk:district:rawalpindi,served_by,true
47090,pk:district:rawalpindi,served_by,true
47092,pk:district:rawalpindi,served_by,true
47104,pk:district:murree,served_by,true
47110,pk:district:murree,served_by,true
47114,pk:district:murree,served_by,true
47118,pk:district:murree,served_by,true
47120,pk:district:murree,served_by,true
47124,pk:district:murree,served_by,true
47130,pk:district:murree,served_by,true
47150,pk:district:murree,served_by,true
47180,pk:district:murree,served_by,true
47184,pk:district:murree,served_by,true
47190,pk:district:murree,served_by,true
47194,pk:district:murree,served_by,true
47200,pk:district:murree,served_by,true
47204,pk:district:murree,served_by,true
47214,pk:district:murree,served_by,true
47216,pk:district:murree,served_by,true
47220,pk:district:murree,served_by,true
47224,pk:district:murree,served_by,true
47230,pk:district:murree,served_by,true
47232,pk:district:murree,served_by,true
47234,pk:district:murree,served_by,true
47240,pk:district:murree,served_by,true
47250,pk:district:murree,served_by,true
47260,pk:district:murree,served_by,true
47262,pk:district:murree,served_by,true
47266,pk:district:murree,served_by,true
47270,pk:district:murree,served_by,true
47274,pk:district:murree,served_by,true
47280,pk:district:murree,served_by,true
47294,pk:district:murree,served_by,true
47296,pk:district:rawalpindi,served_by,true
47300,pk:district:rawalpindi,served_by,true
47310,pk:district:rawalpindi,served_by,true
47324,pk:district:rawalpindi,served_by,true
47330,pk:district:rawalpindi,served_by,true
47340,pk:district:rawalpindi,served_by,true
47350,pk:district:rawalpindi,served_by,true
47360,pk:district:rawalpindi,served_by,true
47370,pk:district:rawalpindi,served_by,true
47374,pk:district:rawalpindi,served_by,true
47376,pk:district:rawalpindi,served_by,true
47384,pk:district:rawalpindi,served_by,true
47390,pk:district:rawalpindi,served_by,true
47400,pk:district:rawalpindi,served_by,true
47410,pk:district:rawalpindi,served_by,true
47420,pk:district:rawalpindi,served_by,true
47430,pk:district:rawalpindi,served_by,true
47432,pk:district:rawalpindi,served_by,true
47440,pk:district:rawalpindi,served_by,true
47444,pk:district:rawalpindi,served_by,true
47450,pk:district:rawalpindi,served_by,true
47460,pk:district:rawalpindi,served_by,true
47470,pk:district:rawalpindi,served_by,true
47476,pk:district:rawalpindi,served_by,true
47490,pk:district:rawalpindi,served_by,true
47510,pk:district:rawalpindi,served_by,true
47520,pk:district:rawalpindi,served_by,true
47530,pk:district:rawalpindi,served_by,true
47540,pk:district:rawalpindi,served_by,true
47542,pk:district:rawalpindi,served_by,true
47550,pk:district:rawalpindi,served_by,true
47560,pk:district:rawalpindi,served_by,true
47570,pk:district:rawalpindi,served_by,true
47590,pk:district:rawalpindi,served_by,true
47600,pk:district:rawalpindi,served_by,true
47610,pk:district:rawalpindi,served_by,true
47620,pk:district:rawalpindi,served_by,true
47630,pk:district:rawalpindi,served_by,true
47640,pk:district:rawalpindi,served_by,true
47650,pk:district:rawalpindi,served_by,true
47652,pk:district:rawalpindi,served_by,true
47660,pk:district:rawalpindi,served_by,true
47670,pk:district:rawalpindi,served_by,true
47680,pk:district:rawalpindi,served_by,true
47690,pk:district:rawalpindi,served_by,true
47700,pk:district:rawalpindi,served_by,true
47710,pk:district:rawalpindi,served_by,true
47730,pk:district:rawalpindi,served_by,true
47740,pk:district:rawalpindi,served_by,true
47750,pk:district:rawalpindi,served_by,true
47760,pk:district:rawalpindi,served_by,true
47770,pk:district:rawalpindi,served_by,true
47780,pk:district:rawalpindi,served_by,true
47784,pk:district:rawalpindi,served_by,true
47790,pk:district:rawalpindi,served_by,true
47810,pk:district:rawalpindi,served_by,true
47820,pk:district:rawalpindi,served_by,true
47824,pk:district:rawalpindi,served_by,true
47830,pk:district:rawalpindi,served_by,true
47850,pk:district:rawalpindi,served_by,true
47880,pk:district:rawalpindi,served_by,true
47882,pk:district:rawalpindi,served_by,true
47884,pk:district:rawalpindi,served_by,true
47890,pk:district:rawalpindi,served_by,true
47900,pk:district:rawalpindi,served_by,true
47910,pk:district:rawalpindi,served_by,true
47920,pk:district:rawalpindi,served_by,true
47930,pk:district:rawalpindi,served_by,true
47950,pk:district:rawalpindi,served_by,true
47960,pk:district:rawalpindi,served_by,true
47970,pk:district:rawalpindi,served_by,true
47980,pk:district:rawalpindi,served_by,true
47990,pk:district:rawalpindi,served_by,true
47994,pk:district:rawalpindi,served_by,true
48020,pk:district:talagang,served_by,true
48030,pk:district:talagang,served_by,true
48034,pk:district:talagang,served_by,true
48042,pk:district:talagang,served_by,true
48050,pk:district:talagang,served_by,true
48052,pk:district:talagang,served_by,true
48060,pk:district:talagang,served_by,true
48062,pk:district:talagang,served_by,true
48072,pk:district:talagang,served_by,true
48080,pk:district:talagang,served_by,true
48110,pk:district:talagang,served_by,true
48120,pk:district:talagang,served_by,true
48122,pk:district:talagang,served_by,true
48130,pk:district:talagang,served_by,true
48140,pk:district:talagang,served_by,true
48150,pk:district:talagang,served_by,true
48154,pk:district:talagang,served_by,true
48170,pk:district:talagang,served_by,true
48180,pk:district:talagang,served_by,true
48182,pk:district:chakwal,served_by,true
48190,pk:district:talagang,served_by,true
48200,pk:district:talagang,served_by,true
48202,pk:district:talagang,served_by,true
48210,pk:district:talagang,served_by,true
48220,pk:district:talagang,served_by,true
48222,pk:district:talagang,served_by,true
48230,pk:district:talagang,served_by,true
48240,pk:district:talagang,served_by,true
48250,pk:district:talagang,served_by,true
48260,pk:district:chakwal,served_by,true
48280,pk:district:talagang,served_by,true
48282,pk:district:talagang,served_by,true
48290,pk:district:talagang,served_by,true
48310,pk:district:chakwal,served_by,true
48312,pk:district:chakwal,served_by,true
48320,pk:district:chakwal,served_by,true
48326,pk:district:chakwal,served_by,true
48330,pk:district:chakwal,served_by,true
48332,pk:district:chakwal,served_by,true
48340,pk:district:chakwal,served_by,true
48360,pk:district:chakwal,served_by,true
48370,pk:district:chakwal,served_by,true
48380,pk:district:chakwal,served_by,true
48400,pk:district:chakwal,served_by,true
48410,pk:district:chakwal,served_by,true
48420,pk:district:chakwal,served_by,true
48430,pk:district:chakwal,served_by,true
48500,pk:district:chakwal,served_by,true
48510,pk:district:chakwal,served_by,true
48514,pk:district:chakwal,served_by,true
48516,pk:district:chakwal,served_by,true
48520,pk:district:chakwal,served_by,true
48530,pk:district:chakwal,served_by,true
48540,pk:district:chakwal,served_by,true
48550,pk:district:chakwal,served_by,true
48554,pk:district:chakwal,served_by,true
48556,pk:district:chakwal,served_by,true
48560,pk:district:chakwal,served_by,true
48564,pk:district:chakwal,served_by,true
48570,pk:district:chakwal,served_by,true
48580,pk:district:chakwal,served_by,true
48584,pk:district:chakwal,served_by,true
48590,pk:district:chakwal,served_by,true
48600,pk:district:chakwal,served_by,true
48604,pk:district:chakwal,served_by,true
48610,pk:district:chakwal,served_by,true
48620,pk:district:chakwal,served_by,true
48624,pk:district:chakwal,served_by,true
48630,pk:district:chakwal,served_by,true
48660,pk:district:chakwal,served_by,true
48670,pk:district:chakwal,served_by,true
48680,pk:district:chakwal,served_by,true
48682,pk:district:chakwal,served_by,true
48684,pk:district:chakwal,served_by,true
48690,pk:district:chakwal,served_by,true
48694,pk:district:chakwal,served_by,true
48700,pk:district:chakwal,served_by,true
48704,pk:district:chakwal,served_by,true
48720,pk:district:chakwal,served_by,true
48730,pk:district:chakwal,served_by,true
48740,pk:district:chakwal,served_by,true
48750,pk:district:chakwal,served_by,true
48760,pk:district:chakwal,served_by,true
48770,pk:district:chakwal,served_by,true
48800,pk:district:chakwal,served_by,true
48808,pk:district:chakwal,served_by,true
48812,pk:district:chakwal,served_by,true
48820,pk:district:chakwal,served_by,true
48824,pk:district:chakwal,served_by,true
48830,pk:district:chakwal,served_by,true
48840,pk:district:chakwal,served_by,true
48860,pk:district:chakwal,served_by,true
48870,pk:district:chakwal,served_by,true
48880,pk:district:chakwal,served_by,true
48890,pk:district:chakwal,served_by,true
48900,pk:district:chakwal,served_by,true
48902,pk:district:chakwal,served_by,true
48910,pk:district:chakwal,served_by,true
48912,pk:district:chakwal,served_by,true
48914,pk:district:chakwal,served_by,true
48920,pk:district:chakwal,served_by,true
48930,pk:district:chakwal,served_by,true
48940,pk:district:chakwal,served_by,true
48950,pk:district:chakwal,served_by,true
49000,pk:district:jhelum,served_by,true
49010,pk:district:jhelum,served_by,true
49020,pk:district:jhelum,served_by,true
49024,pk:district:jhelum,served_by,true
49040,pk:district:jhelum,served_by,true
49050,pk:district:jhelum,served_by,true
49060,pk:district:jhelum,served_by,true
49064,pk:district:jhelum,served_by,true
49070,pk:district:jhelum,served_by,true
49080,pk:district:jhelum,served_by,true
49090,pk:district:jhelum,served_by,true
49100,pk:district:jhelum,served_by,true
49102,pk:district:jhelum,served_by,true
49110,pk:district:jhelum,served_by,true
49120,pk:district:jhelum,served_by,true
49122,pk:district:jhelum,served_by,true
49200,pk:district:jhelum,served_by,true
49210,pk:district:jhelum,served_by,true
49232,pk:district:rawalpindi,served_by,true
49234,pk:district:jhelum,served_by,true
49240,pk:district:jhelum,served_by,true
49250,pk:district:jhelum,served_by,true
49260,pk:district:jhelum,served_by,true
49270,pk:district:jhelum,served_by,true
49300,pk:district:jhelum,served_by,true
49304,pk:district:jhelum,served_by,true
49306,pk:district:jhelum,served_by,true
49310,pk:district:jhelum,served_by,true
49320,pk:district:jhelum,served_by,true
49324,pk:district:jhelum,served_by,true
49326,pk:district:jhelum,served_by,true
49328,pk:district:jhelum,served_by,true
49330,pk:district:jhelum,served_by,true
49332,pk:district:jhelum,served_by,true
49340,pk:district:jhelum,served_by,true
49350,pk:district:jhelum,served_by,true
49360,pk:district:jhelum,served_by,true
49370,pk:district:jhelum,served_by,true
49380,pk:district:jhelum,served_by,true
49390,pk:district:jhelum,served_by,true
49400,pk:district:jhelum,served_by,true
49410,pk:district:jhelum,served_by,true
49420,pk:district:jhelum,served_by,true
49430,pk:district:jhelum,served_by,true
49460,pk:district:jhelum,served_by,true
49480,pk:district:jhelum,served_by,true
49490,pk:district:jhelum,served_by,true
49500,pk:district:jhelum,served_by,true
49510,pk:district:jhelum,served_by,true
49512,pk:district:jhelum,served_by,true
49520,pk:district:jhelum,served_by,true
49600,pk:district:jhelum,served_by,true
49610,pk:district:jhelum,served_by,true
49620,pk:district:jhelum,served_by,true
49700,pk:district:jhelum,served_by,true
49710,pk:district:jhelum,served_by,true
49720,pk:district:jhelum,served_by,true
49730,pk:district:jhelum,served_by,true
49740,pk:district:jhelum,served_by,true
49750,pk:district:jhelum,served_by,true
49764,pk:district:rawalpindi,served_by,true
50000,pk:district:gujrat,served_by,true
50006,pk:district:gujrat,served_by,true
50010,pk:district:gujrat,served_by,true
50020,pk:district:gujrat,served_by,true
50030,pk:district:gujrat,served_by,true
50040,pk:district:gujrat,served_by,true
50050,pk:district:gujrat,served_by,true
50070,pk:district:gujrat,served_by,true
50090,pk:district:gujrat,served_by,true
50094,pk:district:gujrat,served_by,true
50110,pk:district:gujrat,served_by,true
50120,pk:district:gujrat,served_by,true
50130,pk:district:gujrat,served_by,true
50140,pk:district:gujrat,served_by,true
50150,pk:district:gujrat,served_by,true
50160,pk:district:gujrat,served_by,true
50170,pk:district:gujrat,served_by,true
50172,pk:district:sialkot,served_by,true
50182,pk:district:gujrat,served_by,true
50200,pk:district:gujrat,served_by,true
50210,pk:district:gujrat,served_by,true
50220,pk:district:gujrat,served_by,true
50250,pk:district:gujrat,served_by,true
50270,pk:district:gujrat,served_by,true
50280,pk:district:gujrat,served_by,true
50286,pk:district:mandi-bahauddin,served_by,true
50290,pk:district:mandi-bahauddin,served_by,true
50306,pk:district:mandi-bahauddin,served_by,true
50310,pk:district:mandi-bahauddin,served_by,true
50330,pk:district:mandi-bahauddin,served_by,true
50340,pk:district:gujrat,served_by,true
50350,pk:district:mandi-bahauddin,served_by,true
50354,pk:district:mandi-bahauddin,served_by,true
50360,pk:district:mandi-bahauddin,served_by,true
50370,pk:district:mandi-bahauddin,served_by,true
50380,pk:district:mandi-bahauddin,served_by,true
50390,pk:district:mandi-bahauddin,served_by,true
50400,pk:district:mandi-bahauddin,served_by,true
50410,pk:district:mandi-bahauddin,served_by,true
50430,pk:district:mandi-bahauddin,served_by,true
50440,pk:district:mandi-bahauddin,served_by,true
50450,pk:district:mandi-bahauddin,served_by,true
50480,pk:district:mandi-bahauddin,served_by,true
50486,pk:district:mandi-bahauddin,served_by,true
50490,pk:district:mandi-bahauddin,served_by,true
50500,pk:district:mandi-bahauddin,served_by,true
50510,pk:district:mandi-bahauddin,served_by,true
50520,pk:district:mandi-bahauddin,served_by,true
50530,pk:district:mandi-bahauddin,served_by,true
50560,pk:district:mandi-bahauddin,served_by,true
50580,pk:district:mandi-bahauddin,served_by,true
50600,pk:district:gujrat,served_by,true
50610,pk:district:gujrat,served_by,true
50620,pk:district:gujrat,served_by,true
50622,pk:district:gujrat,served_by,true
50624,pk:district:gujrat,served_by,true
50640,pk:district:gujrat,served_by,true
50660,pk:district:gujrat,served_by,true
50680,pk:district:gujrat,served_by,true
50700,pk:district:gujrat,served_by,true
50730,pk:district:gujrat,served_by,true
50750,pk:district:gujrat,served_by,true
50760,pk:district:gujrat,served_by,true
50764,pk:district:gujrat,served_by,true
50766,pk:district:gujrat,served_by,true
50780,pk:district:gujrat,served_by,true
50790,pk:district:gujrat,served_by,true
50800,pk:district:gujrat,served_by,true
50820,pk:district:gujrat,served_by,true
50830,pk:district:gujrat,served_by,true
50840,pk:district:gujrat,served_by,true
50870,pk:district:gujrat,served_by,true
50880,pk:district:gujrat,served_by,true
50890,pk:district:gujrat,served_by,true
50892,pk:district:gujrat,served_by,true
50900,pk:district:gujrat,served_by,true
50910,pk:district:gujrat,served_by,true
50920,pk:district:gujrat,served_by,true
50922,pk:district:gujrat,served_by,true
50930,pk:district:gujrat,served_by,true
50932,pk:district:gujrat,served_by,true
50934,pk:district:gujrat,served_by,true
50940,pk:district:gujrat,served_by,true
50950,pk:district:gujrat,served_by,true
50960,pk:district:gujrat,served_by,true
50964,pk:district:gujrat,served_by,true
50970,pk:district:gujrat,served_by,true
50980,pk:district:gujrat,served_by,true
50982,pk:district:gujrat,served_by,true
50990,pk:district:gujrat,served_by,true
50994,pk:district:gujrat,served_by,true
51010,pk:district:sialkot,served_by,true
51020,pk:district:sialkot,served_by,true
51030,pk:district:sialkot,served_by,true
51040,pk:district:sialkot,served_by,true
51060,pk:district:sialkot,served_by,true
51070,pk:district:sialkot,served_by,true
51080,pk:district:sialkot,served_by,true
51090,pk:district:sialkot,served_by,true
51100,pk:district:sialkot,served_by,true
51120,pk:district:sialkot,served_by,true
51130,pk:district:sialkot,served_by,true
51140,pk:district:sialkot,served_by,true
51150,pk:district:sialkot,served_by,true
51200,pk:district:sialkot,served_by,true
51210,pk:district:sialkot,served_by,true
51220,pk:district:sialkot,served_by,true
51230,pk:district:sialkot,served_by,true
51240,pk:district:sialkot,served_by,true
51250,pk:district:sialkot,served_by,true
51260,pk:district:sialkot,served_by,true
51270,pk:district:sialkot,served_by,true
51274,pk:district:sialkot,served_by,true
51280,pk:district:sialkot,served_by,true
51320,pk:district:sialkot,served_by,true
51330,pk:district:sialkot,served_by,true
51350,pk:district:sialkot,served_by,true
51360,pk:district:sialkot,served_by,true
51370,pk:district:sialkot,served_by,true
51380,pk:district:sialkot,served_by,true
51400,pk:district:sialkot,served_by,true
51402,pk:district:sialkot,served_by,true
51410,pk:district:sialkot,served_by,true
51420,pk:district:sialkot,served_by,true
51430,pk:district:sialkot,served_by,true
51450,pk:district:sialkot,served_by,true
51460,pk:district:sialkot,served_by,true
51480,pk:district:sialkot,served_by,true
51490,pk:district:sialkot,served_by,true
51500,pk:district:sialkot,served_by,true
51520,pk:district:sialkot,served_by,true
51530,pk:district:sialkot,served_by,true
51540,pk:district:narowal,served_by,true
51580,pk:district:narowal,served_by,true
51600,pk:district:narowal,served_by,true
51650,pk:district:narowal,served_by,true
51660,pk:district:narowal,served_by,true
51700,pk:district:narowal,served_by,true
51750,pk:district:narowal,served_by,true
51760,pk:district:narowal,served_by,true
51770,pk:district:narowal,served_by,true
51780,pk:district:narowal,served_by,true
51800,pk:district:narowal,served_by,true
51804,pk:district:narowal,served_by,true
51820,pk:district:narowal,served_by,true
51830,pk:district:narowal,served_by,true
52010,pk:district:wazirabad,served_by,true
52020,pk:district:wazirabad,served_by,true
52050,pk:district:gujranwala,served_by,true
52070,pk:district:wazirabad,served_by,true
52072,pk:district:wazirabad,served_by,true
52074,pk:district:wazirabad,served_by,true
52080,pk:district:wazirabad,served_by,true
52090,pk:district:wazirabad,served_by,true
52100,pk:district:gujranwala,served_by,true
52110,pk:district:hafizabad,served_by,true
52120,pk:district:hafizabad,served_by,true
52130,pk:district:hafizabad,served_by,true
52140,pk:district:hafizabad,served_by,true
52150,pk:district:hafizabad,served_by,true
52170,pk:district:hafizabad,served_by,true
52180,pk:district:hafizabad,served_by,true
52200,pk:district:gujranwala,served_by,true
52220,pk:district:sialkot,served_by,true
52230,pk:district:gujranwala,served_by,true
52250,pk:district:gujranwala,served_by,true
52256,pk:district:gujranwala,served_by,true
52260,pk:district:gujranwala,served_by,true
52290,pk:district:gujranwala,served_by,true
52300,pk:district:gujranwala,served_by,true
52302,pk:district:gujranwala,served_by,true
52310,pk:district:gujranwala,served_by,true
52320,pk:district:gujranwala,served_by,true
52326,pk:district:gujranwala,served_by,true
52330,pk:district:gujranwala,served_by,true
52334,pk:district:gujranwala,served_by,true
52340,pk:district:gujranwala,served_by,true
52356,pk:district:gujranwala,served_by,true
52360,pk:district:gujranwala,served_by,true
52368,pk:district:gujranwala,served_by,true
52370,pk:district:gujranwala,served_by,true
52390,pk:district:gujranwala,served_by,true
52400,pk:district:gujranwala,served_by,true
52410,pk:district:gujranwala,served_by,true
52450,pk:district:gujranwala,served_by,true
52460,pk:district:gujranwala,served_by,true
52470,pk:district:gujranwala,served_by,true
53100,pk:district:lahore,served_by,true
53200,pk:district:lahore,served_by,true
53400,pk:district:lahore,served_by,true
53500,pk:district:lahore,served_by,true
53700,pk:district:lahore,served_by,true
53710,pk:district:lahore,served_by,true
53720,pk:district:lahore,served_by,true
53800,pk:district:lahore,served_by,true
54000,pk:district:lahore,served_by,true
54010,pk:district:lahore,served_by,true
54020,pk:district:lahore,served_by,true
54030,pk:district:lahore,served_by,true
54100,pk:district:lahore,served_by,true
54110,pk:district:lahore,served_by,true
54500,pk:district:lahore,served_by,true
54510,pk:district:lahore,served_by,true
54550,pk:district:lahore,served_by,true
54560,pk:district:lahore,served_by,true
54570,pk:district:lahore,served_by,true
54572,pk:district:lahore,served_by,true
54590,pk:district:lahore,served_by,true
54600,pk:district:lahore,served_by,true
54610,pk:district:lahore,served_by,true
54650,pk:district:lahore,served_by,true
54660,pk:district:lahore,served_by,true
54700,pk:district:lahore,served_by,true
54760,pk:district:lahore,served_by,true
54762,pk:district:lahore,served_by,true
54770,pk:district:lahore,served_by,true
54780,pk:district:lahore,served_by,true
54782,pk:district:lahore,served_by,true
54784,pk:district:lahore,served_by,true
54786,pk:district:lahore,served_by,true
54790,pk:district:lahore,served_by,true
54792,pk:district:lahore,served_by,true
54800,pk:district:lahore,served_by,true
54810,pk:district:lahore,served_by,true
54820,pk:district:lahore,served_by,true
54840,pk:district:lahore,served_by,true
54850,pk:district:lahore,served_by,true
54870,pk:district:lahore,served_by,true
54880,pk:district:lahore,served_by,true
54890,pk:district:lahore,served_by,true
54900,pk:district:lahore,served_by,true
54920,pk:district:lahore,served_by,true
54950,pk:district:lahore,served_by,true
55000,pk:district:kasur,served_by,true
55030,pk:district:kasur,served_by,true
55050,pk:district:kasur,served_by,true
55060,pk:district:kasur,served_by,true
55100,pk:district:kasur,served_by,true
55110,pk:district:kasur,served_by,true
55140,pk:district:kasur,served_by,true
55142,pk:district:kasur,served_by,true
55150,pk:district:lahore,served_by,true
55154,pk:district:kasur,served_by,true
55160,pk:district:lahore,served_by,true
55170,pk:district:kasur,served_by,true
55180,pk:district:kasur,served_by,true
55190,pk:district:kasur,served_by,true
55200,pk:district:kasur,served_by,true
55210,pk:district:lahore,served_by,true
55220,pk:district:kasur,served_by,true
55230,pk:district:kasur,served_by,true
55250,pk:district:kasur,served_by,true
55260,pk:district:kasur,served_by,true
55270,pk:district:lahore,served_by,true
55300,pk:district:kasur,served_by,true
56000,pk:district:okara,served_by,true
56010,pk:district:okara,served_by,true
56020,pk:district:okara,served_by,true
56100,pk:district:okara,served_by,true
56130,pk:district:okara,served_by,true
56140,pk:district:okara,served_by,true
56150,pk:district:okara,served_by,true
56170,pk:district:okara,served_by,true
56180,pk:district:okara,served_by,true
56200,pk:district:okara,served_by,true
56290,pk:district:okara,served_by,true
56300,pk:district:okara,served_by,true
56316,pk:district:okara,served_by,true
56320,pk:district:okara,served_by,true
56330,pk:district:okara,served_by,true
56350,pk:district:okara,served_by,true
56400,pk:district:okara,served_by,true
56410,pk:district:okara,served_by,true
57000,pk:district:sahiwal,served_by,true
57030,pk:district:sahiwal,served_by,true
57040,pk:district:sahiwal,served_by,true
57050,pk:district:sahiwal,served_by,true
57070,pk:district:sahiwal,served_by,true
57080,pk:district:sahiwal,served_by,true
57100,pk:district:sahiwal,served_by,true
57110,pk:district:sahiwal,served_by,true
57130,pk:district:sahiwal,served_by,true
57150,pk:district:sahiwal,served_by,true
57160,pk:district:sahiwal,served_by,true
57170,pk:district:sahiwal,served_by,true
57174,pk:district:sahiwal,served_by,true
57180,pk:district:sahiwal,served_by,true
57200,pk:district:sahiwal,served_by,true
57210,pk:district:sahiwal,served_by,true
57214,pk:district:sahiwal,served_by,true
57230,pk:district:sahiwal,served_by,true
57300,pk:district:sahiwal,served_by,true
57330,pk:district:sahiwal,served_by,true
57340,pk:district:sahiwal,served_by,true
57350,pk:district:sahiwal,served_by,true
57360,pk:district:sahiwal,served_by,true
57400,pk:district:pakpattan,served_by,true
57430,pk:district:pakpattan,served_by,true
57440,pk:district:pakpattan,served_by,true
57450,pk:district:pakpattan,served_by,true
57460,pk:district:pakpattan,served_by,true
57470,pk:district:pakpattan,served_by,true
57480,pk:district:pakpattan,served_by,true
57490,pk:district:pakpattan,served_by,true
58000,pk:district:khanewal,served_by,true
58030,pk:district:khanewal,served_by,true
58100,pk:district:khanewal,served_by,true
58110,pk:district:khanewal,served_by,true
58120,pk:district:khanewal,served_by,true
58150,pk:district:khanewal,served_by,true
58152,pk:district:khanewal,served_by,true
58160,pk:district:khanewal,served_by,true
58170,pk:district:khanewal,served_by,true
58180,pk:district:khanewal,served_by,true
58190,pk:district:khanewal,served_by,true
58200,pk:district:khanewal,served_by,true
58202,pk:district:khanewal,served_by,true
58220,pk:district:khanewal,served_by,true
58230,pk:district:khanewal,served_by,true
58240,pk:district:khanewal,served_by,true
58250,pk:district:khanewal,served_by,true
58256,pk:district:khanewal,served_by,true
58258,pk:district:khanewal,served_by,true
58260,pk:district:khanewal,served_by,true
58270,pk:district:khanewal,served_by,true
59000,pk:district:multan,served_by,true
59030,pk:district:multan,served_by,true
59050,pk:district:multan,served_by,true
59060,pk:district:multan,served_by,true
59100,pk:district:multan,served_by,true
59110,pk:district:lodhran,served_by,true
59120,pk:district:lodhran,served_by,true
59130,pk:district:multan,served_by,true
59150,pk:district:multan,served_by,true
59200,pk:district:multan,served_by,true
59240,pk:district:multan,served_by,true
59250,pk:district:multan,served_by,true
59260,pk:district:multan,served_by,true
59300,pk:district:lodhran,served_by,true
59310,pk:district:lodhran,served_by,true
59320,pk:district:lodhran,served_by,true
59330,pk:district:lodhran,served_by,true
59340,pk:district:lodhran,served_by,true
60000,pk:district:multan,served_by,true
60010,pk:district:multan,served_by,true
60030,pk:district:multan,served_by,true
60050,pk:district:multan,served_by,true
60060,pk:district:multan,served_by,true
60600,pk:district:multan,served_by,true
60650,pk:district:multan,served_by,true
60700,pk:district:multan,served_by,true
60750,pk:district:multan,served_by,true
60800,pk:district:multan,served_by,true
60900,pk:district:multan,served_by,true
61000,pk:district:vehari,served_by,true
61010,pk:district:vehari,served_by,true
61040,pk:district:vehari,served_by,true
61050,pk:district:vehari,served_by,true
61070,pk:district:vehari,served_by,true
61110,pk:district:vehari,served_by,true
61150,pk:district:vehari,served_by,true
61160,pk:district:vehari,served_by,true
61172,pk:district:vehari,served_by,true
61180,pk:district:vehari,served_by,true
61200,pk:district:vehari,served_by,true
61202,pk:district:vehari,served_by,true
61210,pk:district:vehari,served_by,true
61220,pk:district:vehari,served_by,true
61230,pk:district:vehari,served_by,true
61240,pk:district:vehari,served_by,true
62000,pk:district:bahawalnagar,served_by,true
62004,pk:district:bahawalnagar,served_by,true
62020,pk:district:bahawalnagar,served_by,true
62024,pk:district:bahawalnagar,served_by,true
62030,pk:district:bahawalnagar,served_by,true
62040,pk:district:bahawalnagar,served_by,true
62050,pk:district:bahawalnagar,served_by,true
62070,pk:district:bahawalnagar,served_by,true
62080,pk:district:bahawalnagar,served_by,true
62100,pk:district:bahawalnagar,served_by,true
62110,pk:district:bahawalnagar,served_by,true
62120,pk:district:bahawalnagar,served_by,true
62210,pk:district:bahawalnagar,served_by,true
62230,pk:district:bahawalnagar,served_by,true
62250,pk:district:bahawalnagar,served_by,true
62300,pk:district:bahawalnagar,served_by,true
62320,pk:district:bahawalnagar,served_by,true
62350,pk:district:bahawalnagar,served_by,true
62380,pk:district:bahawalnagar,served_by,true
62400,pk:district:bahawalnagar,served_by,true
63000,pk:district:bahawalpur,served_by,true
63020,pk:district:bahawalpur,served_by,true
63030,pk:district:bahawalpur,served_by,true
63040,pk:district:bahawalpur,served_by,true
63050,pk:district:bahawalpur,served_by,true
63060,pk:district:bahawalpur,served_by,true
63070,pk:district:bahawalpur,served_by,true
63080,pk:district:bahawalpur,served_by,true
63090,pk:district:bahawalpur,served_by,true
63100,pk:district:bahawalpur,served_by,true
63170,pk:district:bahawalpur,served_by,true
63180,pk:district:bahawalpur,served_by,true
63230,pk:district:bahawalpur,served_by,true
63236,pk:district:bahawalpur,served_by,true
63250,pk:district:bahawalpur,served_by,true
63270,pk:district:bahawalpur,served_by,true
63274,pk:district:bahawalpur,served_by,true
63290,pk:district:bahawalpur,served_by,true
63300,pk:district:bahawalpur,served_by,true
63320,pk:district:bahawalpur,served_by,true
63350,pk:district:bahawalpur,served_by,true
63354,pk:district:bahawalpur,served_by,true
63360,pk:district:bahawalpur,served_by,true
63400,pk:district:bahawalpur,served_by,true
63420,pk:district:bahawalpur,served_by,true
63450,pk:district:bahawalpur,served_by,true
64000,pk:district:rahim-yar-khan,served_by,true
64020,pk:district:rahim-yar-khan,served_by,true
64040,pk:district:rahim-yar-khan,served_by,true
64070,pk:district:rahim-yar-khan,served_by,true
64080,pk:district:rahim-yar-khan,served_by,true
64100,pk:district:rahim-yar-khan,served_by,true
64140,pk:district:rahim-yar-khan,served_by,true
64160,pk:district:rahim-yar-khan,served_by,true
64170,pk:district:rahim-yar-khan,served_by,true
64200,pk:district:rahim-yar-khan,served_by,true
64220,pk:district:rahim-yar-khan,served_by,true
64230,pk:district:rahim-yar-khan,served_by,true
64310,pk:district:rahim-yar-khan,served_by,true
64320,pk:district:rahim-yar-khan,served_by,true
64350,pk:district:rahim-yar-khan,served_by,true
64370,pk:district:rahim-yar-khan,served_by,true
64380,pk:district:rahim-yar-khan,served_by,true
64384,pk:district:rahim-yar-khan,served_by,true
64410,pk:district:rahim-yar-khan,served_by,true
64450,pk:district:rahim-yar-khan,served_by,true
64460,pk:district:rahim-yar-khan,served_by,true
64470,pk:district:rahim-yar-khan,served_by,true
65010,pk:district:ghotki,served_by,true
65020,pk:district:ghotki,served_by,true
65034,pk:district:ghotki,served_by,true
65040,pk:district:ghotki,served_by,true
65050,pk:district:ghotki,served_by,true
65052,pk:district:ghotki,served_by,true
65060,pk:district:ghotki,served_by,true
65070,pk:district:ghotki,served_by,true
65080,pk:district:ghotki,served_by,true
65100,pk:district:ghotki,served_by,true
65110,pk:district:ghotki,served_by,true
65120,pk:district:sukkur,served_by,true
65130,pk:district:sukkur,served_by,true
65140,pk:district:sukkur,served_by,true
65150,pk:district:sukkur,served_by,true
65170,pk:district:sukkur,served_by,true
65180,pk:district:sukkur,served_by,true
65220,pk:district:sukkur,served_by,true
65270,pk:district:sukkur,served_by,true
65280,pk:district:okara,served_by,true
65300,pk:district:sukkur,served_by,true
65310,pk:district:sukkur,served_by,true
65320,pk:district:sukkur,served_by,true
65330,pk:district:sukkur,served_by,true
66000,pk:district:khairpur,served_by,true
66020,pk:district:khairpur,served_by,true
66030,pk:district:khairpur,served_by,true
66040,pk:district:khairpur,served_by,true
66060,pk:district:khairpur,served_by,true
66062,pk:district:khairpur,served_by,true
66070,pk:district:khairpur,served_by,true
66074,pk:district:khairpur,served_by,true
66080,pk:district:khairpur,served_by,true
66090,pk:district:khairpur,served_by,true
66100,pk:district:khairpur,served_by,true
66104,pk:district:khairpur,served_by,true
66120,pk:district:khairpur,served_by,true
66130,pk:district:khairpur,served_by,true
66150,pk:district:khairpur,served_by,true
66190,pk:district:khairpur,served_by,true
66200,pk:district:khairpur,served_by,true
66300,pk:district:khairpur,served_by,true
67000,pk:district:naushahro-feroze,served_by,true
67010,pk:district:naushahro-feroze,served_by,true
67030,pk:district:naushahro-feroze,served_by,true
67040,pk:district:naushahro-feroze,served_by,true
67060,pk:district:naushahro-feroze,served_by,true
67070,pk:district:naushahro-feroze,served_by,true
67084,pk:district:naushahro-feroze,served_by,true
67100,pk:district:naushahro-feroze,served_by,true
67110,pk:district:naushahro-feroze,served_by,true
67120,pk:district:naushahro-feroze,served_by,true
67130,pk:district:naushahro-feroze,served_by,true
67150,pk:district:naushahro-feroze,served_by,true
67160,pk:district:naushahro-feroze,served_by,true
67180,pk:district:naushahro-feroze,served_by,true
67190,pk:district:shaheed-benazirabad,served_by,true
67200,pk:district:shaheed-benazirabad,served_by,true
67204,pk:district:shaheed-benazirabad,served_by,true
67210,pk:district:shaheed-benazirabad,served_by,true
67220,pk:district:shaheed-benazirabad,served_by,true
67230,pk:district:shaheed-benazirabad,served_by,true
67300,pk:district:shaheed-benazirabad,served_by,true
67310,pk:district:naushahro-feroze,served_by,true
67314,pk:district:shaheed-benazirabad,served_by,true
67320,pk:district:naushahro-feroze,served_by,true
67322,pk:district:naushahro-feroze,served_by,true
67330,pk:district:naushahro-feroze,served_by,true
67340,pk:district:naushahro-feroze,served_by,true
67350,pk:district:naushahro-feroze,served_by,true
67360,pk:district:naushahro-feroze,served_by,true
67370,pk:district:naushahro-feroze,served_by,true
67380,pk:district:naushahro-feroze,served_by,true
67390,pk:district:shaheed-benazirabad,served_by,true
67400,pk:district:shaheed-benazirabad,served_by,true
67410,pk:district:shaheed-benazirabad,served_by,true
67420,pk:district:shaheed-benazirabad,served_by,true
67430,pk:district:shaheed-benazirabad,served_by,true
67450,pk:district:shaheed-benazirabad,served_by,true
67470,pk:district:shaheed-benazirabad,served_by,true
67480,pk:district:shaheed-benazirabad,served_by,true
67500,pk:district:shaheed-benazirabad,served_by,true
67510,pk:district:shaheed-benazirabad,served_by,true
68010,pk:district:sanghar,served_by,true
68020,pk:district:sanghar,served_by,true
68030,pk:district:sanghar,served_by,true
68040,pk:district:sanghar,served_by,true
68060,pk:district:sanghar,served_by,true
68070,pk:district:sanghar,served_by,true
68080,pk:district:sanghar,served_by,true
68100,pk:district:sanghar,served_by,true
68120,pk:district:sanghar,served_by,true
68122,pk:district:sanghar,served_by,true
68200,pk:district:sanghar,served_by,true
68210,pk:district:sanghar,served_by,true
68214,pk:district:sanghar,served_by,true
68230,pk:district:sanghar,served_by,true
68300,pk:district:sanghar,served_by,true
68310,pk:district:sanghar,served_by,true
68330,pk:district:sanghar,served_by,true
68350,pk:district:sanghar,served_by,true
69000,pk:district:mirpur-khas,served_by,true
69012,pk:district:mirpur-khas,served_by,true
69020,pk:district:mirpur-khas,served_by,true
69050,pk:district:mirpur-khas,served_by,true
69060,pk:district:mirpur-khas,served_by,true
69070,pk:district:umerkot,served_by,true
69080,pk:district:mirpur-khas,served_by,true
69090,pk:district:umerkot,served_by,true
69094,pk:district:umerkot,served_by,true
69120,pk:district:tharparkar,served_by,true
69150,pk:district:umerkot,served_by,true
69160,pk:district:umerkot,served_by,true
69170,pk:district:tharparkar,served_by,true
69200,pk:district:tharparkar,served_by,true
69220,pk:district:tharparkar,served_by,true
69230,pk:district:tharparkar,served_by,true
69240,pk:district:tharparkar,served_by,true
69260,pk:district:tharparkar,served_by,true
69280,pk:district:tharparkar,served_by,true
69300,pk:district:mirpur-khas,served_by,true
69310,pk:district:mirpur-khas,served_by,true
69330,pk:district:mirpur-khas,served_by,true
69340,pk:district:mirpur-khas,served_by,true
69350,pk:district:umerkot,served_by,true
69370,pk:district:mirpur-khas,served_by,true
70012,pk:district:tando-allahyar,served_by,true
70014,pk:district:tando-allahyar,served_by,true
70020,pk:district:tando-allahyar,served_by,true
70030,pk:district:tando-allahyar,served_by,true
70040,pk:district:tando-allahyar,served_by,true
70080,pk:district:tando-allahyar,served_by,true
70090,pk:district:matiari,served_by,true
70092,pk:district:matiari,served_by,true
70100,pk:district:matiari,served_by,true
70110,pk:district:hyderabad,served_by,true
70120,pk:district:matiari,served_by,true
70130,pk:district:matiari,served_by,true
70140,pk:district:matiari,served_by,true
70150,pk:district:matiari,served_by,true
70200,pk:district:hyderabad,served_by,true
70210,pk:district:hyderabad,served_by,true
71000,pk:district:hyderabad,served_by,true
71100,pk:district:hyderabad,served_by,true
71110,pk:district:hyderabad,served_by,true
71500,pk:district:hyderabad,served_by,true
71800,pk:district:hyderabad,served_by,true
72010,pk:district:badin,served_by,true
72020,pk:district:badin,served_by,true
72052,pk:district:badin,served_by,true
72060,pk:district:badin,served_by,true
72110,pk:district:badin,served_by,true
72130,pk:district:badin,served_by,true
72200,pk:district:badin,served_by,true
72210,pk:district:badin,served_by,true
72250,pk:district:badin,served_by,true
72260,pk:district:badin,served_by,true
72270,pk:district:badin,served_by,true
73010,pk:district:sujawal,served_by,true
73020,pk:district:tando-muhammad-khan,served_by,true
73030,pk:district:sujawal,served_by,true
73040,pk:district:sujawal,served_by,true
73052,pk:district:thatta,served_by,true
73060,pk:district:sujawal,served_by,true
73070,pk:district:sujawal,served_by,true
73080,pk:district:sujawal,served_by,true
73090,pk:district:jamshoro,served_by,true
73100,pk:district:thatta,served_by,true
73110,pk:district:thatta,served_by,true
73120,pk:district:thatta,served_by,true
73150,pk:district:thatta,served_by,true
73200,pk:district:thatta,served_by,true
73210,pk:district:thatta,served_by,true
73220,pk:district:thatta,served_by,true
73240,pk:district:thatta,served_by,true
73242,pk:district:thatta,served_by,true
74000,pk:district:karachi-south,served_by,true
74200,pk:district:karachi-south,served_by,true
74400,pk:district:karachi-south,served_by,true
74600,pk:district:karachi-central,served_by,true
74700,pk:district:karachi-central,served_by,true
74800,pk:district:karachi-east,served_by,true
74900,pk:district:korangi,served_by,true
75000,pk:district:malir,served_by,true
75010,pk:district:malir,served_by,true
75020,pk:district:malir,served_by,true
75030,pk:district:malir,served_by,true
75040,pk:district:malir,served_by,true
75050,pk:district:malir,served_by,true
75060,pk:district:malir,served_by,true
75070,pk:district:malir,served_by,true
75080,pk:district:malir,served_by,true
75100,pk:district:malir,served_by,true
75120,pk:district:malir,served_by,true
75150,pk:district:malir,served_by,true
75160,pk:district:malir,served_by,true
75180,pk:district:korangi,served_by,true
75190,pk:district:korangi,served_by,true
75200,pk:district:malir,served_by,true
75210,pk:district:malir,served_by,true
75230,pk:district:malir,served_by,true
75260,pk:district:karachi-east,served_by,true
75270,pk:district:karachi-east,served_by,true
75280,pk:district:karachi-east,served_by,true
75290,pk:district:karachi-east,served_by,true
75300,pk:district:karachi-east,served_by,true
75320,pk:district:malir,served_by,true
75330,pk:district:karachi-east,served_by,true
75340,pk:district:malir,served_by,true
75350,pk:district:karachi-east,served_by,true
75400,pk:district:karachi-east,served_by,true
75460,pk:district:korangi,served_by,true
75500,pk:district:karachi-south,served_by,true
75510,pk:district:karachi-south,served_by,true
75520,pk:district:karachi-south,served_by,true
75530,pk:district:karachi-south,served_by,true
75550,pk:district:karachi-east,served_by,true
75560,pk:district:karachi-south,served_by,true
75580,pk:district:karachi-south,served_by,true
75600,pk:district:karachi-south,served_by,true
75620,pk:district:keamari,served_by,true
75640,pk:district:keamari,served_by,true
75650,pk:district:karachi-south,served_by,true
75660,pk:district:karachi-south,served_by,true
75700,pk:district:keamari,served_by,true
75730,pk:district:keamari,served_by,true
75750,pk:district:keamari,served_by,true
75760,pk:district:keamari,served_by,true
75780,pk:district:keamari,served_by,true
75790,pk:district:keamari,served_by,true
75800,pk:district:karachi-west,served_by,true
75840,pk:district:keamari,served_by,true
75850,pk:district:karachi-central,served_by,true
75890,pk:district:karachi-west,served_by,true
75900,pk:district:karachi-central,served_by,true
75950,pk:district:karachi-central,served_by,true
75990,pk:district:karachi-central,served_by,true
76000,pk:district:jamshoro,served_by,true
76002,pk:district:jamshoro,served_by,true
76040,pk:district:jamshoro,served_by,true
76060,pk:district:jamshoro,served_by,true
76090,pk:district:jamshoro,served_by,true
76120,pk:district:jamshoro,served_by,true
76122,pk:district:jamshoro,served_by,true
76130,pk:district:jamshoro,served_by,true
76140,pk:district:jamshoro,served_by,true
76150,pk:district:jamshoro,served_by,true
76170,pk:district:jamshoro,served_by,true
76172,pk:district:jamshoro,served_by,true
76190,pk:district:dadu,served_by,true
76200,pk:district:dadu,served_by,true
76220,pk:district:dadu,served_by,true
76230,pk:district:dadu,served_by,true
76260,pk:district:dadu,served_by,true
76264,pk:district:dadu,served_by,true
76310,pk:district:dadu,served_by,true
76330,pk:district:dadu,served_by,true
76340,pk:district:hyderabad,served_by,true
76350,pk:district:dadu,served_by,true
77010,pk:district:larkana,served_by,true
77020,pk:district:larkana,served_by,true
77030,pk:district:larkana,served_by,true
77060,pk:district:larkana,served_by,true
77062,pk:district:larkana,served_by,true
77070,pk:district:larkana,served_by,true
77100,pk:district:larkana,served_by,true
77110,pk:district:larkana,served_by,true
77120,pk:district:larkana,served_by,true
77150,pk:district:larkana,served_by,true
77170,pk:district:larkana,served_by,true
77200,pk:district:larkana,served_by,true
77210,pk:district:qambar-shahdadkot,served_by,true
77212,pk:district:qambar-shahdadkot,served_by,true
77214,pk:district:qambar-shahdadkot,served_by,true
77220,pk:district:qambar-shahdadkot,served_by,true
77240,pk:district:qambar-shahdadkot,served_by,true
77250,pk:district:qambar-shahdadkot,served_by,true
77260,pk:district:qambar-shahdadkot,served_by,true
77270,pk:district:qambar-shahdadkot,served_by,true
77280,pk:district:larkana,served_by,true
77300,pk:district:qambar-shahdadkot,served_by,true
77310,pk:district:qambar-shahdadkot,served_by,true
77320,pk:district:qambar-shahdadkot,served_by,true
77340,pk:district:larkana,served_by,true
77360,pk:district:larkana,served_by,true
77370,pk:district:larkana,served_by,true
77380,pk:district:larkana,served_by,true
77390,pk:district:larkana,served_by,true
77400,pk:district:larkana,served_by,true
77410,pk:district:larkana,served_by,true
78030,pk:district:shikarpur,served_by,true
78040,pk:district:shikarpur,served_by,true
78050,pk:district:shikarpur,served_by,true
78060,pk:district:shikarpur,served_by,true
78064,pk:district:shikarpur,served_by,true
78150,pk:district:shikarpur,served_by,true
78200,pk:district:shikarpur,served_by,true
78220,pk:district:shikarpur,served_by,true
79000,pk:district:jacobabad,served_by,true
79010,pk:district:jacobabad,served_by,true
79050,pk:district:jacobabad,served_by,true
79120,pk:district:jacobabad,served_by,true
79130,pk:district:jacobabad,served_by,true
79160,pk:district:kashmore,served_by,true
79180,pk:district:kashmore,served_by,true
79190,pk:district:kashmore,served_by,true
79192,pk:district:kashmore,served_by,true
79200,pk:district:kashmore,served_by,true
79210,pk:district:kashmore,served_by,true
79212,pk:district:kashmore,served_by,true
79220,pk:district:kashmore,served_by,true
80100,pk:district:dera-bugti,served_by,true
80200,pk:district:nasirabad,served_by,true
80210,pk:district:nasirabad,served_by,true
80310,pk:district:nasirabad,served_by,true
80400,pk:district:usta-muhammad,served_by,true
80500,pk:district:jafarabad,served_by,true
80510,pk:district:jafarabad,served_by,true
80610,pk:district:jafarabad,served_by,true
80700,pk:district:nasirabad,served_by,true
80800,pk:district:nasirabad,served_by,true
80810,pk:district:nasirabad,served_by,true
80820,pk:district:nasirabad,served_by,true
81050,pk:district:jhal-magsi,served_by,true
81100,pk:district:jhal-magsi,served_by,true
81150,pk:district:jhal-magsi,served_by,true
81200,pk:district:sibi,served_by,true
81250,pk:district:kacchi,served_by,true
81260,pk:district:kacchi,served_by,true
81270,pk:district:kacchi,served_by,true
81300,pk:district:kacchi,served_by,true
81350,pk:district:kacchi,served_by,true
81400,pk:district:kacchi,served_by,true
81410,pk:district:kacchi,served_by,true
81450,pk:district:kacchi,served_by,true
81550,pk:district:kacchi,served_by,true
82300,pk:district:harnai,served_by,true
82310,pk:district:harnai,served_by,true
82400,pk:district:harnai,served_by,true
83000,pk:district:kohlu,served_by,true
83100,pk:district:kohlu,served_by,true
84100,pk:district:loralai,served_by,true
84200,pk:district:duki,served_by,true
84400,pk:district:barkhan,served_by,true
84500,pk:district:barkhan,served_by,true
84600,pk:district:loralai,served_by,true
84690,pk:district:musakhel,served_by,true
84700,pk:district:musakhel,served_by,true
84710,pk:district:loralai,served_by,true
84800,pk:district:loralai,served_by,true
84810,pk:district:loralai,served_by,true
84820,pk:district:loralai,served_by,true
84830,pk:district:barkhan,served_by,true
84840,pk:district:loralai,served_by,true
84850,pk:district:loralai,served_by,true
84900,pk:district:loralai,served_by,true
85100,pk:district:killa-saifullah,served_by,true
85210,pk:district:sherani,served_by,true
85220,pk:district:sherani,served_by,true
85230,pk:district:sherani,served_by,true
85240,pk:district:sherani,served_by,true
85300,pk:district:killa-saifullah,served_by,true
85400,pk:district:killa-saifullah,served_by,true
85500,pk:district:killa-saifullah,served_by,true
86000,pk:district:chaman,served_by,true
86200,pk:district:qila-abdullah,served_by,true
86210,pk:district:qila-abdullah,served_by,true
86220,pk:district:qila-abdullah,served_by,true
86400,pk:district:pishin,served_by,true
86410,pk:district:qila-abdullah,served_by,true
86500,pk:district:pishin,served_by,true
86600,pk:district:pishin,served_by,true
86610,pk:district:qila-abdullah,served_by,true
86650,pk:district:qila-abdullah,served_by,true
86700,pk:district:pishin,served_by,true
86710,pk:district:qila-abdullah,served_by,true
86720,pk:district:pishin,served_by,true
86730,pk:district:pishin,served_by,true
86800,pk:district:barshore,served_by,true
87000,pk:district:quetta-west,served_by,true
87100,pk:district:quetta-west,served_by,true
87110,pk:district:quetta-west,served_by,true
87290,pk:district:quetta-west,served_by,true
87300,pk:district:quetta-east,served_by,true
87312,pk:district:quetta-east,served_by,true
87320,pk:district:quetta-east,served_by,true
87340,pk:district:quetta-east,served_by,true
87500,pk:district:quetta-east,served_by,true
87550,pk:district:quetta-east,served_by,true
87600,pk:district:quetta-west,served_by,true
87650,pk:district:quetta-west,served_by,true
87710,pk:district:quetta-east,served_by,true
87720,pk:district:quetta-east,served_by,true
87750,pk:district:quetta-east,served_by,true
87900,pk:district:quetta-east,served_by,true
88100,pk:district:mastung,served_by,true
88150,pk:district:mastung,served_by,true
88200,pk:district:mastung,served_by,true
88210,pk:district:mastung,served_by,true
88220,pk:district:mastung,served_by,true
88230,pk:district:mastung,served_by,true
88240,pk:district:mastung,served_by,true
88250,pk:district:kalat,served_by,true
88260,pk:district:kalat,served_by,true
88300,pk:district:kalat,served_by,true
88310,pk:district:kalat,served_by,true
88320,pk:district:khuzdar,served_by,true
88350,pk:district:kalat,served_by,true
88360,pk:district:khuzdar,served_by,true
88420,pk:district:washuk,served_by,true
88430,pk:district:washuk,served_by,true
89100,pk:district:khuzdar,served_by,true
89120,pk:district:khuzdar,served_by,true
89130,pk:district:khuzdar,served_by,true
89150,pk:district:khuzdar,served_by,true
89160,pk:district:khuzdar,served_by,true
89170,pk:district:kacchi,served_by,true
89200,pk:district:awaran,served_by,true
89240,pk:district:khuzdar,served_by,true
89260,pk:district:khuzdar,served_by,true
89270,pk:district:khuzdar,served_by,true
89300,pk:district:kech,served_by,true
89350,pk:district:khuzdar,served_by,true
90050,pk:district:lasbela,served_by,true
90160,pk:district:lasbela,served_by,true
90200,pk:district:lasbela,served_by,true
90250,pk:district:hub,served_by,true
90260,pk:district:hub,served_by,true
90300,pk:district:hub,served_by,true
90350,pk:district:gwadar,served_by,true
91100,pk:district:gwadar,served_by,true
91200,pk:district:gwadar,served_by,true
91220,pk:district:gwadar,served_by,true
91300,pk:district:gwadar,served_by,true
91400,pk:district:gwadar,served_by,true
92100,pk:district:kech,served_by,true
92400,pk:district:kech,served_by,true
92500,pk:district:tump,served_by,true
92610,pk:district:kech,served_by,true
92650,pk:district:kech,served_by,true
92800,pk:district:kech,served_by,true
92900,pk:district:kech,served_by,true
92910,pk:district:kech,served_by,true
93000,pk:district:panjgur,served_by,true
93100,pk:district:panjgur,served_by,true
93200,pk:district:panjgur,served_by,true
93220,pk:district:panjgur,served_by,true
94050,pk:district:washuk,served_by,true
94100,pk:district:kharan,served_by,true
94150,pk:district:kharan,served_by,true
95000,pk:district:taftan,served_by,true
95050,pk:district:chagai,served_by,true
95060,pk:district:chagai,served_by,true
95100,pk:district:chagai,served_by,true
95110,pk:district:chagai,served_by,true
95120,pk:district:chagai,served_by,true
95130,pk:district:chagai,served_by,true
95150,pk:district:nushki,served_by,true
95200,pk:district:nushki,served_by,true
95210,pk:district:nushki,served_by,true
96050,pk:district:ziarat,served_by,true
96100,pk:district:ziarat,served_by,true
