source_id,country_code,type,name,native_name,code,parent_source_id,level,latitude,longitude
ro:department:alba,RO,department,Alba,,AB,,1,,
ro:department:arad,RO,department,Arad,,AR,,1,,
ro:department:arges,RO,department,Argeș,,AG,,1,,
ro:department:bacau,RO,department,Bacău,,BC,,1,,
ro:department:bihor,RO,department,Bihor,,BH,,1,,
ro:department:bistrita-nasaud,RO,department,Bistrița-Năsăud,,BN,,1,,
ro:department:botosani,RO,department,Botoșani,,BT,,1,,
ro:department:braila,RO,department,Brăila,,BR,,1,,
ro:department:brasov,RO,department,Brașov,,BV,,1,,
ro:municipality:bucharest,RO,municipality,Bucharest,,B,,1,,
ro:department:buzau,RO,department,Buzău,,BZ,,1,,
ro:department:calarasi,RO,department,Călărași,,CL,,1,,
ro:department:caras-severin,RO,department,Caraș-Severin,,CS,,1,,
ro:department:cluj,RO,department,Cluj,,CJ,,1,,
ro:department:constanta,RO,department,Constanța,,CT,,1,,
ro:department:covasna,RO,department,Covasna,,CV,,1,,
ro:department:dambovita,RO,department,Dâmbovița,,DB,,1,,
ro:department:dolj,RO,department,Dolj,,DJ,,1,,
ro:department:galati,RO,department,Galați,,GL,,1,,
ro:department:giurgiu,RO,department,Giurgiu,,GR,,1,,
ro:department:gorj,RO,department,Gorj,,GJ,,1,,
ro:department:harghita,RO,department,Harghita,,HR,,1,,
ro:department:hunedoara,RO,department,Hunedoara,,HD,,1,,
ro:department:ialomita,RO,department,Ialomița,,IL,,1,,
ro:department:iasi,RO,department,Iași,,IS,,1,,
ro:department:ilfov,RO,department,Ilfov,,IF,,1,,
ro:department:maramures,RO,department,Maramureș,,MM,,1,,
ro:department:mehedinti,RO,department,Mehedinți,,MH,,1,,
ro:department:mures,RO,department,Mureș,,MS,,1,,
ro:department:neamt,RO,department,Neamț,,NT,,1,,
ro:department:olt,RO,department,Olt,,OT,,1,,
ro:department:prahova,RO,department,Prahova,,PH,,1,,
ro:department:salaj,RO,department,Sălaj,,SJ,,1,,
ro:department:satu-mare,RO,department,Satu Mare,,SM,,1,,
ro:department:sibiu,RO,department,Sibiu,,SB,,1,,
ro:department:suceava,RO,department,Suceava,,SV,,1,,
ro:department:teleorman,RO,department,Teleorman,,TR,,1,,
ro:department:timis,RO,department,Timiș,,TM,,1,,
ro:department:tulcea,RO,department,Tulcea,,TL,,1,,
ro:department:valcea,RO,department,Vâlcea,,VL,,1,,
ro:department:vaslui,RO,department,Vaslui,,VS,,1,,
ro:department:vrancea,RO,department,Vrancea,,VN,,1,,
ro:municipality:aiud,RO,municipality,Aiud,,,ro:department:alba,2,,
ro:municipality:alba-iulia,RO,municipality,Alba Iulia,,,ro:department:alba,2,,
ro:municipality:blaj,RO,municipality,Blaj,,,ro:department:alba,2,,
ro:municipality:sebes,RO,municipality,Sebeș,,,ro:department:alba,2,,
ro:town:abrud,RO,town,Abrud,,,ro:department:alba,2,,
ro:town:baia-de-aries,RO,town,Baia de Arieș,,,ro:department:alba,2,,
ro:town:campeni,RO,town,Câmpeni,,,ro:department:alba,2,,
ro:town:cugir,RO,town,Cugir,,,ro:department:alba,2,,
ro:town:ocna-mures,RO,town,Ocna Mureș,,,ro:department:alba,2,,
ro:town:teius,RO,town,Teiuș,,,ro:department:alba,2,,
ro:town:zlatna,RO,town,Zlatna,,,ro:department:alba,2,,
ro:commune:albac,RO,commune,Albac,,,ro:department:alba,2,,
ro:commune:almasu-mare,RO,commune,Almașu Mare,,,ro:department:alba,2,,
ro:commune:arieseni,RO,commune,Arieșeni,,,ro:department:alba,2,,
ro:commune:avram-iancu,RO,commune,Avram Iancu,,,ro:department:alba,2,,
ro:commune:berghin,RO,commune,Berghin,,,ro:department:alba,2,,
ro:commune:bistra,RO,commune,Bistra,,,ro:department:alba,2,,
ro:commune:blandiana,RO,commune,Blandiana,,,ro:department:alba,2,,
ro:commune:bucerdea-granoasa,RO,commune,Bucerdea Grânoasă,,,ro:department:alba,2,,
ro:commune:bucium,RO,commune,Bucium,,,ro:department:alba,2,,
ro:commune:calnic,RO,commune,Câlnic,,,ro:department:alba,2,,
ro:commune:cenade,RO,commune,Cenade,,,ro:department:alba,2,,
ro:commune:cergau,RO,commune,Cergău,,,ro:department:alba,2,,
ro:commune:ceru-bacainti,RO,commune,Ceru-Băcăinți,,,ro:department:alba,2,,
ro:commune:cetatea-de-balta,RO,commune,Cetatea de Baltă,,,ro:department:alba,2,,
ro:commune:ciugud,RO,commune,Ciugud,,,ro:department:alba,2,,
ro:commune:ciuruleasa,RO,commune,Ciuruleasa,,,ro:department:alba,2,,
ro:commune:craciunelu-de-jos,RO,commune,Crăciunelu de Jos,,,ro:department:alba,2,,
ro:commune:cricau,RO,commune,Cricău,,,ro:department:alba,2,,
ro:commune:cut,RO,commune,Cut,,,ro:department:alba,2,,
ro:commune:daia-romana,RO,commune,Daia Româna,,,ro:department:alba,2,,
ro:commune:dostat,RO,commune,Doștat,,,ro:department:alba,2,,
ro:commune:farau,RO,commune,Fărău,,,ro:department:alba,2,,
ro:commune:galda-de-jos,RO,commune,Galda de Jos,,,ro:department:alba,2,,
ro:commune:garbova,RO,commune,Gârbova,,,ro:department:alba,2,,
ro:commune:garda-de-sus,RO,commune,Gârda de Sus,,,ro:department:alba,2,,
ro:commune:hoparta,RO,commune,Hopârta,,,ro:department:alba,2,,
ro:commune:horea,RO,commune,Horea,,,ro:department:alba,2,,
ro:commune:ighiu,RO,commune,Ighiu,,,ro:department:alba,2,,
ro:commune:intregalde,RO,commune,Întregalde,,,ro:department:alba,2,,
ro:commune:jidvei,RO,commune,Jidvei,,,ro:department:alba,2,,
ro:commune:livezile,RO,commune,Livezile,,,ro:department:alba,2,,
ro:commune:lopadea-noua,RO,commune,Lopadea Nouă,,,ro:department:alba,2,,
ro:commune:lunca-muresului,RO,commune,Lunca Mureșului,,,ro:department:alba,2,,
ro:commune:lupsa,RO,commune,Lupșa,,,ro:department:alba,2,,
ro:commune:metes,RO,commune,Meteș,,,ro:department:alba,2,,
ro:commune:mihalt,RO,commune,Mihalț,,,ro:department:alba,2,,
ro:commune:miraslau,RO,commune,Mirăslău,,,ro:department:alba,2,,
ro:commune:mogos,RO,commune,Mogoș,,,ro:department:alba,2,,
ro:commune:noslac,RO,commune,Noșlac,,,ro:department:alba,2,,
ro:commune:ocolis,RO,commune,Ocoliș,,,ro:department:alba,2,,
ro:commune:ohaba,RO,commune,Ohaba,,,ro:department:alba,2,,
ro:commune:pianu,RO,commune,Pianu,,,ro:department:alba,2,,
ro:commune:poiana-vadului,RO,commune,Poiana Vadului,,,ro:department:alba,2,,
ro:commune:ponor,RO,commune,Ponor,,,ro:department:alba,2,,
ro:commune:posaga,RO,commune,Poșaga,,,ro:department:alba,2,,
ro:commune:radesti,RO,commune,Rădești,,,ro:department:alba,2,,
ro:commune:ramet,RO,commune,Râmeț,,,ro:department:alba,2,,
ro:commune:rimetea,RO,commune,Rimetea,,,ro:department:alba,2,,
ro:commune:rosia-de-secas,RO,commune,Roșia de Secaș,,,ro:department:alba,2,,
ro:commune:rosia-montana,RO,commune,Roșia Montană,,,ro:department:alba,2,,
ro:commune:salciua,RO,commune,Sălciua,,,ro:department:alba,2,,
ro:commune:salistea,RO,commune,Săliștea,,,ro:department:alba,2,,
ro:commune:sancel,RO,commune,Sâncel,,,ro:department:alba,2,,
ro:commune:santimbru,RO,commune,Sântimbru,,,ro:department:alba,2,,
ro:commune:sasciori,RO,commune,Săsciori,,,ro:department:alba,2,,
ro:commune:scarisoara,RO,commune,Scărișoara,,,ro:department:alba,2,,
ro:commune:sibot,RO,commune,Șibot,,,ro:department:alba,2,,
ro:commune:sohodol,RO,commune,Sohodol,,,ro:department:alba,2,,
ro:commune:sona,RO,commune,Șona,,,ro:department:alba,2,,
ro:commune:spring,RO,commune,Șpring,,,ro:department:alba,2,,
ro:commune:stremt,RO,commune,Stremț,,,ro:department:alba,2,,
ro:commune:sugag,RO,commune,Șugag,,,ro:department:alba,2,,
ro:commune:unirea,RO,commune,Unirea,,,ro:department:alba,2,,
ro:commune:vadu-motilor,RO,commune,Vadu Moților,,,ro:department:alba,2,,
ro:commune:valea-lunga,RO,commune,Valea Lungă,,,ro:department:alba,2,,
ro:commune:vidra,RO,commune,Vidra,,,ro:department:alba,2,,
ro:commune:vintu-de-jos,RO,commune,Vințu de Jos,,,ro:department:alba,2,,
ro:municipality:arad,RO,municipality,Arad,,,ro:department:arad,2,,
ro:town:chisineu-cris,RO,town,Chișineu-Criș,,,ro:department:arad,2,,
ro:town:curtici,RO,town,Curtici,,,ro:department:arad,2,,
ro:town:ineu,RO,town,Ineu,,,ro:department:arad,2,,
ro:town:lipova,RO,town,Lipova,,,ro:department:arad,2,,
ro:town:nadlac,RO,town,Nădlac,,,ro:department:arad,2,,
ro:town:pancota,RO,town,Pâncota,,,ro:department:arad,2,,
ro:town:pecica,RO,town,Pecica,,,ro:department:arad,2,,
ro:town:santana,RO,town,Sântana,,,ro:department:arad,2,,
ro:town:sebis,RO,town,Sebiș,,,ro:department:arad,2,,
ro:commune:almas,RO,commune,Almaș,,,ro:department:arad,2,,
ro:commune:apateu,RO,commune,Apateu,,,ro:department:arad,2,,
ro:commune:archis,RO,commune,Archiș,,,ro:department:arad,2,,
ro:commune:bata,RO,commune,Bata,,,ro:department:arad,2,,
ro:commune:barsa,RO,commune,Bârsa,,,ro:department:arad,2,,
ro:commune:barzava,RO,commune,Bârzava,,,ro:department:arad,2,,
ro:commune:beliu,RO,commune,Beliu,,,ro:department:arad,2,,
ro:commune:birchis,RO,commune,Birchiș,,,ro:department:arad,2,,
ro:commune:bocsig,RO,commune,Bocsig,,,ro:department:arad,2,,
ro:commune:brazii,RO,commune,Brazii,,,ro:department:arad,2,,
ro:commune:buteni,RO,commune,Buteni,,,ro:department:arad,2,,
ro:commune:carand,RO,commune,Cărand,,,ro:department:arad,2,,
ro:commune:cermei,RO,commune,Cermei,,,ro:department:arad,2,,
ro:commune:chisindia,RO,commune,Chisindia,,,ro:department:arad,2,,
ro:commune:conop,RO,commune,Conop,,,ro:department:arad,2,,
ro:commune:covasant,RO,commune,Covăsânț,,,ro:department:arad,2,,
ro:commune:craiva,RO,commune,Craiva,,,ro:department:arad,2,,
ro:commune:dezna,RO,commune,Dezna,,,ro:department:arad,2,,
ro:commune:dieci,RO,commune,Dieci,,,ro:department:arad,2,,
ro:commune:dorobanti,RO,commune,Dorobanți,,,ro:department:arad,2,,
ro:commune:fantanele,RO,commune,Fântânele,,,ro:department:arad,2,,
ro:commune:felnac,RO,commune,Felnac,,,ro:department:arad,2,,
ro:commune:frumuseni,RO,commune,Frumușeni,,,ro:department:arad,2,,
ro:commune:ghioroc,RO,commune,Ghioroc,,,ro:department:arad,2,,
ro:commune:graniceri,RO,commune,Grăniceri,,,ro:department:arad,2,,
ro:commune:gurahont,RO,commune,Gurahonț,,,ro:department:arad,2,,
ro:commune:halmagiu,RO,commune,Hălmagiu,,,ro:department:arad,2,,
ro:commune:halmagel,RO,commune,Hălmăgel,,,ro:department:arad,2,,
ro:commune:hasmas,RO,commune,Hășmaș,,,ro:department:arad,2,,
ro:commune:ignesti,RO,commune,Ignești,,,ro:department:arad,2,,
ro:commune:iratosu,RO,commune,Iratoșu,,,ro:department:arad,2,,
ro:commune:livada,RO,commune,Livada,,,ro:department:arad,2,,
ro:commune:macea,RO,commune,Macea,,,ro:department:arad,2,,
ro:commune:misca,RO,commune,Mișca,,,ro:department:arad,2,,
ro:commune:moneasa,RO,commune,Moneasa,,,ro:department:arad,2,,
ro:commune:olari,RO,commune,Olari,,,ro:department:arad,2,,
ro:commune:paulis,RO,commune,Păuliș,,,ro:department:arad,2,,
ro:commune:peregu-mare,RO,commune,Peregu Mare,,,ro:department:arad,2,,
ro:commune:petris,RO,commune,Petriș,,,ro:department:arad,2,,
ro:commune:pilu,RO,commune,Pilu,,,ro:department:arad,2,,
ro:commune:plescuta,RO,commune,Pleșcuța,,,ro:department:arad,2,,
ro:commune:savarsin,RO,commune,Săvârșin,,,ro:department:arad,2,,
ro:commune:secusigiu,RO,commune,Secusigiu,,,ro:department:arad,2,,
ro:commune:seleus,RO,commune,Seleuș,,,ro:department:arad,2,,
ro:commune:semlac,RO,commune,Semlac,,,ro:department:arad,2,,
ro:commune:sintea-mare,RO,commune,Sintea Mare,,,ro:department:arad,2,,
ro:commune:socodor,RO,commune,Socodor,,,ro:department:arad,2,,
ro:commune:sagu,RO,commune,Șagu,,,ro:department:arad,2,,
ro:commune:seitin,RO,commune,Șeitin,,,ro:department:arad,2,,
ro:commune:sepreus,RO,commune,Șepreuș,,,ro:department:arad,2,,
ro:commune:sicula,RO,commune,Șicula,,,ro:department:arad,2,,
ro:commune:silindia,RO,commune,Șilindia,,,ro:department:arad,2,,
ro:commune:simand,RO,commune,Șimand,,,ro:department:arad,2,,
ro:commune:siria,RO,commune,Șiria,,,ro:department:arad,2,,
ro:commune:sistarovat,RO,commune,Șiștarovăț,,,ro:department:arad,2,,
ro:commune:sofronea,RO,commune,Șofronea,,,ro:department:arad,2,,
ro:commune:taut,RO,commune,Tauț,,,ro:department:arad,2,,
ro:commune:tarnova,RO,commune,Târnova,,,ro:department:arad,2,,
ro:commune:ususau,RO,commune,Ususău,,,ro:department:arad,2,,
ro:commune:varadia-de-mures,RO,commune,Vărădia de Mureș,,,ro:department:arad,2,,
ro:commune:varfurile,RO,commune,Vârfurile,,,ro:department:arad,2,,
ro:commune:vinga,RO,commune,Vinga,,,ro:department:arad,2,,
ro:commune:vladimirescu,RO,commune,Vladimirescu,,,ro:department:arad,2,,
ro:commune:zabrani,RO,commune,Zăbrani,,,ro:department:arad,2,,
ro:commune:zadareni,RO,commune,Zădăreni,,,ro:department:arad,2,,
ro:commune:zarand,RO,commune,Zărand,,,ro:department:arad,2,,
ro:commune:zerind,RO,commune,Zerind,,,ro:department:arad,2,,
ro:commune:zimandu-nou,RO,commune,Zimandu Nou,,,ro:department:arad,2,,
ro:municipality:campulung,RO,municipality,Câmpulung,,,ro:department:arges,2,,
ro:municipality:curtea-de-arges,RO,municipality,Curtea de Argeș,,,ro:department:arges,2,,
ro:municipality:pitesti,RO,municipality,Pitești,,,ro:department:arges,2,,
ro:town:costesti,RO,town,Costești,,,ro:department:arges,2,,
ro:town:mioveni,RO,town,Mioveni,,,ro:department:arges,2,,
ro:town:stefanesti,RO,town,Ștefănești,,,ro:department:arges,2,,
ro:town:topoloveni,RO,town,Topoloveni,,,ro:department:arges,2,,
ro:commune:albestii-de-arges,RO,commune,Albeștii de Argeș,,,ro:department:arges,2,,
ro:commune:albestii-de-muscel,RO,commune,Albeștii de Muscel,,,ro:department:arges,2,,
ro:commune:albota,RO,commune,Albota,,,ro:department:arges,2,,
ro:commune:aninoasa,RO,commune,Aninoasa,,,ro:department:arges,2,,
ro:commune:arefu,RO,commune,Arefu,,,ro:department:arges,2,,
ro:commune:babana,RO,commune,Băbana,,,ro:department:arges,2,,
ro:commune:baiculesti,RO,commune,Băiculești,,,ro:department:arges,2,,
ro:commune:balilesti,RO,commune,Bălilești,,,ro:department:arges,2,,
ro:commune:barla,RO,commune,Bârla,,,ro:department:arges,2,,
ro:commune:bascov,RO,commune,Bascov,,,ro:department:arges,2,,
ro:commune:beleti-negresti,RO,commune,Beleți-Negrești,,,ro:department:arges,2,,
ro:commune:berevoesti,RO,commune,Berevoești,,,ro:department:arges,2,,
ro:commune:bogati,RO,commune,Bogați,,,ro:department:arges,2,,
ro:commune:boteni,RO,commune,Boteni,,,ro:department:arges,2,,
ro:commune:botesti,RO,commune,Boțești,,,ro:department:arges,2,,
ro:commune:bradu,RO,commune,Bradu,,,ro:department:arges,2,,
ro:commune:bradulet,RO,commune,Brăduleț,,,ro:department:arges,2,,
ro:commune:budeasa,RO,commune,Budeasa,,,ro:department:arges,2,,
ro:commune:bughea-de-jos,RO,commune,Bughea de Jos,,,ro:department:arges,2,,
ro:commune:bughea-de-sus,RO,commune,Bughea de Sus,,,ro:department:arges,2,,
ro:commune:buzoesti,RO,commune,Buzoești,,,ro:department:arges,2,,
ro:commune:caldararu,RO,commune,Căldăraru,,,ro:department:arges,2,,
ro:commune:calinesti,RO,commune,Călinești,,,ro:department:arges,2,,
ro:commune:cateasca,RO,commune,Căteasca,,,ro:department:arges,2,,
ro:commune:cepari,RO,commune,Cepari,,,ro:department:arges,2,,
ro:commune:cetateni,RO,commune,Cetățeni,,,ro:department:arges,2,,
ro:commune:cicanesti,RO,commune,Cicănești,,,ro:department:arges,2,,
ro:commune:ciofrangeni,RO,commune,Ciofrângeni,,,ro:department:arges,2,,
ro:commune:ciomagesti,RO,commune,Ciomăgești,,,ro:department:arges,2,,
ro:commune:cocu,RO,commune,Cocu,,,ro:department:arges,2,,
ro:commune:corbeni,RO,commune,Corbeni,,,ro:department:arges,2,,
ro:commune:corbi,RO,commune,Corbi,,,ro:department:arges,2,,
ro:commune:cosesti,RO,commune,Coșești,,,ro:department:arges,2,,
ro:commune:cotmeana,RO,commune,Cotmeana,,,ro:department:arges,2,,
ro:commune:cuca,RO,commune,Cuca,,,ro:department:arges,2,,
ro:commune:dambovicioara,RO,commune,Dâmbovicioara,,,ro:department:arges,2,,
ro:commune:darmanesti,RO,commune,Dârmanești,,,ro:department:arges,2,,
ro:commune:davidesti,RO,commune,Davidești,,,ro:department:arges,2,,
ro:commune:dobresti,RO,commune,Dobrești,,,ro:department:arges,2,,
ro:commune:domnesti,RO,commune,Domnești,,,ro:department:arges,2,,
ro:commune:draganu,RO,commune,Drăganu,,,ro:department:arges,2,,
ro:commune:dragoslavele,RO,commune,Dragoslavele,,,ro:department:arges,2,,
ro:commune:godeni,RO,commune,Godeni,,,ro:department:arges,2,,
ro:commune:harsesti,RO,commune,Hârsești,,,ro:department:arges,2,,
ro:commune:hartiesti,RO,commune,Hârtiești,,,ro:department:arges,2,,
ro:commune:izvoru,RO,commune,Izvoru,,,ro:department:arges,2,,
ro:commune:leordeni,RO,commune,Leordeni,,,ro:department:arges,2,,
ro:commune:leresti,RO,commune,Lerești,,,ro:department:arges,2,,
ro:commune:lunca-corbului,RO,commune,Lunca Corbului,,,ro:department:arges,2,,
ro:commune:malureni,RO,commune,Mălureni,,,ro:department:arges,2,,
ro:commune:maracineni,RO,commune,Mărăcineni,,,ro:department:arges,2,,
ro:commune:merisani,RO,commune,Merișani,,,ro:department:arges,2,,
ro:commune:micesti,RO,commune,Micești,,,ro:department:arges,2,,
ro:commune:mihaesti,RO,commune,Mihăești,,,ro:department:arges,2,,
ro:commune:mioarele,RO,commune,Mioarele,,,ro:department:arges,2,,
ro:commune:mirosi,RO,commune,Miroși,,,ro:department:arges,2,,
ro:commune:moraresti,RO,commune,Morărești,,,ro:department:arges,2,,
ro:commune:mosoaia,RO,commune,Moșoaia,,,ro:department:arges,2,,
ro:commune:mozaceni,RO,commune,Mozăceni,,,ro:department:arges,2,,
ro:commune:musatesti,RO,commune,Mușătești,,,ro:department:arges,2,,
ro:commune:negrasi,RO,commune,Negrași,,,ro:department:arges,2,,
ro:commune:nucsoara,RO,commune,Nucșoara,,,ro:department:arges,2,,
ro:commune:oarja,RO,commune,Oarja,,,ro:department:arges,2,,
ro:commune:pietrosani,RO,commune,Pietroșani,,,ro:department:arges,2,,
ro:commune:poiana-lacului,RO,commune,Poiana Lacului,,,ro:department:arges,2,,
ro:commune:poienarii-de-arges,RO,commune,Poienarii de Argeș,,,ro:department:arges,2,,
ro:commune:poienarii-de-muscel,RO,commune,Poienarii de Muscel,,,ro:department:arges,2,,
ro:commune:popesti,RO,commune,Popești,,,ro:department:arges,2,,
ro:commune:priboieni,RO,commune,Priboieni,,,ro:department:arges,2,,
ro:commune:raca,RO,commune,Râca,,,ro:department:arges,2,,
ro:commune:ratesti,RO,commune,Rătești,,,ro:department:arges,2,,
ro:commune:recea,RO,commune,Recea,,,ro:department:arges,2,,
ro:commune:rociu,RO,commune,Rociu,,,ro:department:arges,2,,
ro:commune:rucar,RO,commune,Rucăr,,,ro:department:arges,2,,
ro:commune:salatrucu,RO,commune,Sălătrucu,,,ro:department:arges,2,,
ro:commune:sapata,RO,commune,Săpata,,,ro:department:arges,2,,
ro:commune:schitu-golesti,RO,commune,Schitu Golești,,,ro:department:arges,2,,
ro:commune:slobozia,RO,commune,Slobozia,,,ro:department:arges,2,,
ro:commune:stalpeni,RO,commune,Stâlpeni,,,ro:department:arges,2,,
ro:commune:stefan-cel-mare,RO,commune,Ștefan cel Mare,,,ro:department:arges,2,,
ro:commune:stoenesti,RO,commune,Stoenești,,,ro:department:arges,2,,
ro:commune:stolnici,RO,commune,Stolnici,,,ro:department:arges,2,,
ro:commune:suici,RO,commune,Șuici,,,ro:department:arges,2,,
ro:commune:suseni,RO,commune,Suseni,,,ro:department:arges,2,,
ro:commune:teiu,RO,commune,Teiu,,,ro:department:arges,2,,
ro:commune:tigveni,RO,commune,Tigveni,,,ro:department:arges,2,,
ro:commune:titesti,RO,commune,Țițești,,,ro:department:arges,2,,
ro:commune:uda,RO,commune,Uda,,,ro:department:arges,2,,
ro:commune:ungheni,RO,commune,Ungheni,,,ro:department:arges,2,,
ro:commune:valea-danului,RO,commune,Valea Danului,,,ro:department:arges,2,,
ro:commune:valea-iasului,RO,commune,Valea Iașului,,,ro:department:arges,2,,
ro:commune:valea-mare-pravat,RO,commune,Valea Mare-Pravăț,,,ro:department:arges,2,,
ro:commune:vedea,RO,commune,Vedea,,,ro:department:arges,2,,
ro:commune:vladesti,RO,commune,Vlădești,,,ro:department:arges,2,,
ro:commune:vulturesti,RO,commune,Vulturești,,,ro:department:arges,2,,
ro:municipality:bacau,RO,municipality,Bacău,,,ro:department:bacau,2,,
ro:municipality:moinesti,RO,municipality,Moinești,,,ro:department:bacau,2,,
ro:municipality:onesti,RO,municipality,Onești,,,ro:department:bacau,2,,
ro:town:buhusi,RO,town,Buhuși,,,ro:department:bacau,2,,
ro:town:comanesti,RO,town,Comănești,,,ro:department:bacau,2,,
ro:town:darmanesti,RO,town,Dărmănești,,,ro:department:bacau,2,,
ro:town:slanic-moldova,RO,town,Slănic-Moldova,,,ro:department:bacau,2,,
ro:town:targu-ocna,RO,town,Târgu Ocna,,,ro:department:bacau,2,,
ro:commune:agas,RO,commune,Agăș,,,ro:department:bacau,2,,
ro:commune:ardeoani,RO,commune,Ardeoani,,,ro:department:bacau,2,,
ro:commune:asau,RO,commune,Asău,,,ro:department:bacau,2,,
ro:commune:balcani,RO,commune,Balcani,,,ro:department:bacau,2,,
ro:commune:beresti-bistrita,RO,commune,Berești-Bistrița,,,ro:department:bacau,2,,
ro:commune:beresti-tazlau,RO,commune,Berești-Tazlău,,,ro:department:bacau,2,,
ro:commune:berzunti,RO,commune,Berzunți,,,ro:department:bacau,2,,
ro:commune:barsanesti,RO,commune,Bârsănești,,,ro:department:bacau,2,,
ro:commune:blagesti,RO,commune,Blăgești,,,ro:department:bacau,2,,
ro:commune:bogdanesti,RO,commune,Bogdănești,,,ro:department:bacau,2,,
ro:commune:brusturoasa,RO,commune,Brusturoasa,,,ro:department:bacau,2,,
ro:commune:buciumi,RO,commune,Buciumi,,,ro:department:bacau,2,,
ro:commune:buhoci,RO,commune,Buhoci,,,ro:department:bacau,2,,
ro:commune:casin,RO,commune,Cașin,,,ro:department:bacau,2,,
ro:commune:caiuti,RO,commune,Căiuți,,,ro:department:bacau,2,,
ro:commune:cleja,RO,commune,Cleja,,,ro:department:bacau,2,,
ro:commune:colonesti,RO,commune,Colonești,,,ro:department:bacau,2,,
ro:commune:corbasca,RO,commune,Corbasca,,,ro:department:bacau,2,,
ro:commune:cotofanesti,RO,commune,Coțofănești,,,ro:department:bacau,2,,
ro:commune:damienesti,RO,commune,Dămienești,,,ro:department:bacau,2,,
ro:commune:dealu-morii,RO,commune,Dealu Morii,,,ro:department:bacau,2,,
ro:commune:dofteana,RO,commune,Dofteana,,,ro:department:bacau,2,,
ro:commune:faraoani,RO,commune,Faraoani,,,ro:department:bacau,2,,
ro:commune:filipeni,RO,commune,Filipeni,,,ro:department:bacau,2,,
ro:commune:filipesti,RO,commune,Filipești,,,ro:department:bacau,2,,
ro:commune:gaiceana,RO,commune,Găiceana,,,ro:department:bacau,2,,
ro:commune:ghimes-faget,RO,commune,Ghimeș-Făget,,,ro:department:bacau,2,,
ro:commune:garleni,RO,commune,Gârleni,,,ro:department:bacau,2,,
ro:commune:glavanesti,RO,commune,Glăvănești,,,ro:department:bacau,2,,
ro:commune:gioseni,RO,commune,Gioseni,,,ro:department:bacau,2,,
ro:commune:gura-vaii,RO,commune,Gura Văii,,,ro:department:bacau,2,,
ro:commune:helegiu,RO,commune,Helegiu,,,ro:department:bacau,2,,
ro:commune:hemeius,RO,commune,Hemeiuș,,,ro:department:bacau,2,,
ro:commune:huruiesti,RO,commune,Huruiești,,,ro:department:bacau,2,,
ro:commune:horgesti,RO,commune,Horgești,,,ro:department:bacau,2,,
ro:commune:izvoru-berheciului,RO,commune,Izvoru Berheciului,,,ro:department:bacau,2,,
ro:commune:itesti,RO,commune,Itești,,,ro:department:bacau,2,,
ro:commune:letea-veche,RO,commune,Letea Veche,,,ro:department:bacau,2,,
ro:commune:lipova,RO,commune,Lipova,,,ro:department:bacau,2,,
ro:commune:livezi,RO,commune,Livezi,,,ro:department:bacau,2,,
ro:commune:luizi-calugara,RO,commune,Luizi-Călugăra,,,ro:department:bacau,2,,
ro:commune:magiresti,RO,commune,Măgirești,,,ro:department:bacau,2,,
ro:commune:magura,RO,commune,Măgura,,,ro:department:bacau,2,,
ro:commune:manastirea-casin,RO,commune,Mănăstirea Cașin,,,ro:department:bacau,2,,
ro:commune:margineni,RO,commune,Mărgineni,,,ro:department:bacau,2,,
ro:commune:motoseni,RO,commune,Motoșeni,,,ro:department:bacau,2,,
ro:commune:negri,RO,commune,Negri,,,ro:department:bacau,2,,
ro:commune:nicolae-balcescu,RO,commune,Nicolae Bălcescu,,,ro:department:bacau,2,,
ro:commune:odobesti,RO,commune,Odobești,,,ro:department:bacau,2,,
ro:commune:oituz,RO,commune,Oituz,,,ro:department:bacau,2,,
ro:commune:oncesti,RO,commune,Oncești,,,ro:department:bacau,2,,
ro:commune:orbeni,RO,commune,Orbeni,,,ro:department:bacau,2,,
ro:commune:palanca,RO,commune,Palanca,,,ro:department:bacau,2,,
ro:commune:parava,RO,commune,Parava,,,ro:department:bacau,2,,
ro:commune:pancesti,RO,commune,Pâncești,,,ro:department:bacau,2,,
ro:commune:parincea,RO,commune,Parincea,,,ro:department:bacau,2,,
ro:commune:pargaresti,RO,commune,Pârgărești,,,ro:department:bacau,2,,
ro:commune:parjol,RO,commune,Pârjol,,,ro:department:bacau,2,,
ro:commune:plopana,RO,commune,Plopana,,,ro:department:bacau,2,,
ro:commune:podu-turcului,RO,commune,Podu Turcului,,,ro:department:bacau,2,,
ro:commune:poduri,RO,commune,Poduri,,,ro:department:bacau,2,,
ro:commune:prajesti,RO,commune,Prăjești,,,ro:department:bacau,2,,
ro:commune:racova,RO,commune,Racova,,,ro:department:bacau,2,,
ro:commune:racaciuni,RO,commune,Răcăciuni,,,ro:department:bacau,2,,
ro:commune:rachitoasa,RO,commune,Răchitoasa,,,ro:department:bacau,2,,
ro:commune:rosiori,RO,commune,Roșiori,,,ro:department:bacau,2,,
ro:commune:sascut,RO,commune,Sascut,,,ro:department:bacau,2,,
ro:commune:sanduleni,RO,commune,Sănduleni,,,ro:department:bacau,2,,
ro:commune:sarata,RO,commune,Sărata,,,ro:department:bacau,2,,
ro:commune:saucesti,RO,commune,Săucești,,,ro:department:bacau,2,,
ro:commune:scorteni,RO,commune,Scorțeni,,,ro:department:bacau,2,,
ro:commune:secuieni,RO,commune,Secuieni,,,ro:department:bacau,2,,
ro:commune:solont,RO,commune,Solonț,,,ro:department:bacau,2,,
ro:commune:stanisesti,RO,commune,Stănișești,,,ro:department:bacau,2,,
ro:commune:strugari,RO,commune,Strugari,,,ro:department:bacau,2,,
ro:commune:bacau:stefan-cel-mare,RO,commune,Ștefan cel Mare,,,ro:department:bacau,2,,
ro:commune:tamasi,RO,commune,Tamași,,,ro:department:bacau,2,,
ro:commune:tatarasti,RO,commune,Tătărăști,,,ro:department:bacau,2,,
ro:commune:targu-trotus,RO,commune,Târgu Trotuș,,,ro:department:bacau,2,,
ro:commune:traian,RO,commune,Traian,,,ro:department:bacau,2,,
ro:commune:ungureni,RO,commune,Ungureni,,,ro:department:bacau,2,,
ro:commune:urechesti,RO,commune,Urechești,,,ro:department:bacau,2,,
ro:commune:valea-seaca,RO,commune,Valea Seacă,,,ro:department:bacau,2,,
ro:commune:vultureni,RO,commune,Vultureni,,,ro:department:bacau,2,,
ro:commune:zemes,RO,commune,Zemeș,,,ro:department:bacau,2,,
ro:municipality:beius,RO,municipality,Beiuș,,,ro:department:bihor,2,,
ro:municipality:marghita,RO,municipality,Marghita,,,ro:department:bihor,2,,
ro:municipality:oradea,RO,municipality,Oradea,,,ro:department:bihor,2,,
ro:municipality:salonta,RO,municipality,Salonta,,,ro:department:bihor,2,,
ro:town:alesd,RO,town,Aleșd,,,ro:department:bihor,2,,
ro:town:nucet,RO,town,Nucet,,,ro:department:bihor,2,,
ro:town:sacueni,RO,town,Săcueni,,,ro:department:bihor,2,,
ro:town:stei,RO,town,Ștei,,,ro:department:bihor,2,,
ro:town:valea-lui-mihai,RO,town,Valea lui Mihai,,,ro:department:bihor,2,,
ro:town:vascau,RO,town,Vașcău,,,ro:department:bihor,2,,
ro:commune:abram,RO,commune,Abram,,,ro:department:bihor,2,,
ro:commune:astileu,RO,commune,Aștileu,,,ro:department:bihor,2,,
ro:commune:auseu,RO,commune,Aușeu,,,ro:department:bihor,2,,
ro:commune:bihor:avram-iancu,RO,commune,Avram Iancu,,,ro:department:bihor,2,,
ro:commune:balc,RO,commune,Balc,,,ro:department:bihor,2,,
ro:commune:batar,RO,commune,Batăr,,,ro:department:bihor,2,,
ro:commune:biharia,RO,commune,Biharia,,,ro:department:bihor,2,,
ro:commune:boianu-mare,RO,commune,Boianu Mare,,,ro:department:bihor,2,,
ro:commune:borod,RO,commune,Borod,,,ro:department:bihor,2,,
ro:commune:bors,RO,commune,Borș,,,ro:department:bihor,2,,
ro:commune:bratca,RO,commune,Bratca,,,ro:department:bihor,2,,
ro:commune:brusturi,RO,commune,Brusturi,,,ro:department:bihor,2,,
ro:commune:budureasa,RO,commune,Budureasa,,,ro:department:bihor,2,,
ro:commune:buduslau,RO,commune,Buduslău,,,ro:department:bihor,2,,
ro:commune:bulz,RO,commune,Bulz,,,ro:department:bihor,2,,
ro:commune:buntesti,RO,commune,Buntești,,,ro:department:bihor,2,,
ro:commune:cabesti,RO,commune,Căbești,,,ro:department:bihor,2,,
ro:commune:campani,RO,commune,Câmpani,,,ro:department:bihor,2,,
ro:commune:capalna,RO,commune,Căpâlna,,,ro:department:bihor,2,,
ro:commune:carpinet,RO,commune,Cărpinet,,,ro:department:bihor,2,,
ro:commune:cefa,RO,commune,Cefa,,,ro:department:bihor,2,,
ro:commune:ceica,RO,commune,Ceica,,,ro:department:bihor,2,,
ro:commune:cetariu,RO,commune,Cetariu,,,ro:department:bihor,2,,
ro:commune:cherechiu,RO,commune,Cherechiu,,,ro:department:bihor,2,,
ro:commune:chislaz,RO,commune,Chișlaz,,,ro:department:bihor,2,,
ro:commune:ciumeghiu,RO,commune,Ciumeghiu,,,ro:department:bihor,2,,
ro:commune:cociuba-mare,RO,commune,Cociuba Mare,,,ro:department:bihor,2,,
ro:commune:copacel,RO,commune,Copăcel,,,ro:department:bihor,2,,
ro:commune:cristioru-de-jos,RO,commune,Criștioru de Jos,,,ro:department:bihor,2,,
ro:commune:curatele,RO,commune,Curățele,,,ro:department:bihor,2,,
ro:commune:curtuiseni,RO,commune,Curtuișeni,,,ro:department:bihor,2,,
ro:commune:derna,RO,commune,Derna,,,ro:department:bihor,2,,
ro:commune:diosig,RO,commune,Diosig,,,ro:department:bihor,2,,
ro:commune:bihor:dobresti,RO,commune,Dobrești,,,ro:department:bihor,2,,
ro:commune:draganesti,RO,commune,Drăgănești,,,ro:department:bihor,2,,
ro:commune:dragesti,RO,commune,Drăgești,,,ro:department:bihor,2,,
ro:commune:finis,RO,commune,Finiș,,,ro:department:bihor,2,,
ro:commune:gepiu,RO,commune,Gepiu,,,ro:department:bihor,2,,
ro:commune:girisu-de-cris,RO,commune,Girișu de Criș,,,ro:department:bihor,2,,
ro:commune:hidiselu-de-sus,RO,commune,Hidișelu de Sus,,,ro:department:bihor,2,,
ro:commune:holod,RO,commune,Holod,,,ro:department:bihor,2,,
ro:commune:husasau-de-tinca,RO,commune,Husasău de Tinca,,,ro:department:bihor,2,,
ro:commune:ineu,RO,commune,Ineu,,,ro:department:bihor,2,,
ro:commune:lazareni,RO,commune,Lăzăreni,,,ro:department:bihor,2,,
ro:commune:lazuri-de-beius,RO,commune,Lazuri de Beiuș,,,ro:department:bihor,2,,
ro:commune:lugasu-de-jos,RO,commune,Lugașu de Jos,,,ro:department:bihor,2,,
ro:commune:lunca,RO,commune,Lunca,,,ro:department:bihor,2,,
ro:commune:madaras,RO,commune,Mădăras,,,ro:department:bihor,2,,
ro:commune:magesti,RO,commune,Măgești,,,ro:department:bihor,2,,
ro:commune:nojorid,RO,commune,Nojorid,,,ro:department:bihor,2,,
ro:commune:olcea,RO,commune,Olcea,,,ro:department:bihor,2,,
ro:commune:osorhei,RO,commune,Oșorhei,,,ro:department:bihor,2,,
ro:commune:paleu,RO,commune,Paleu,,,ro:department:bihor,2,,
ro:commune:petreu,RO,commune,Petreu,,,ro:department:bihor,2,,
ro:commune:pietroasa,RO,commune,Pietroasa,,,ro:department:bihor,2,,
ro:commune:pocola,RO,commune,Pocola,,,ro:department:bihor,2,,
ro:commune:pomezeu,RO,commune,Pomezeu,,,ro:department:bihor,2,,
ro:commune:bihor:popesti,RO,commune,Popești,,,ro:department:bihor,2,,
ro:commune:rabagani,RO,commune,Răbăgani,,,ro:department:bihor,2,,
ro:commune:remetea,RO,commune,Remetea,,,ro:department:bihor,2,,
ro:commune:rieni,RO,commune,Rieni,,,ro:department:bihor,2,,
ro:commune:rosia,RO,commune,Roșia,,,ro:department:bihor,2,,
ro:commune:bihor:rosiori,RO,commune,Roșiori,,,ro:department:bihor,2,,
ro:commune:sambata,RO,commune,Sâmbăta,,,ro:department:bihor,2,,
ro:commune:saniob,RO,commune,Sâniob,,,ro:department:bihor,2,,
ro:commune:sannicolau-roman,RO,commune,Sânnicolau Român,,,ro:department:bihor,2,,
ro:commune:sanmartin,RO,commune,Sânmartin,,,ro:department:bihor,2,,
ro:commune:santandrei,RO,commune,Sântandrei,,,ro:department:bihor,2,,
ro:commune:sarbi,RO,commune,Sârbi,,,ro:department:bihor,2,,
ro:commune:sacadat,RO,commune,Săcădat,,,ro:department:bihor,2,,
ro:commune:salacea,RO,commune,Sălacea,,,ro:department:bihor,2,,
ro:commune:salard,RO,commune,Sălard,,,ro:department:bihor,2,,
ro:commune:spinus,RO,commune,Spinuș,,,ro:department:bihor,2,,
ro:commune:suplacu-de-barcau,RO,commune,Suplacu de Barcău,,,ro:department:bihor,2,,
ro:commune:simian,RO,commune,Șimian,,,ro:department:bihor,2,,
ro:commune:sinteu,RO,commune,Șinteu,,,ro:department:bihor,2,,
ro:commune:soimi,RO,commune,Șoimi,,,ro:department:bihor,2,,
ro:commune:suncuius,RO,commune,Șuncuiuș,,,ro:department:bihor,2,,
ro:commune:tamaseu,RO,commune,Tămășeu,,,ro:department:bihor,2,,
ro:commune:tarcaia,RO,commune,Tărcaia,,,ro:department:bihor,2,,
ro:commune:tarcea,RO,commune,Tarcea,,,ro:department:bihor,2,,
ro:commune:tauteu,RO,commune,Tăuteu,,,ro:department:bihor,2,,
ro:commune:tileagd,RO,commune,Tileagd,,,ro:department:bihor,2,,
ro:commune:tinca,RO,commune,Tinca,,,ro:department:bihor,2,,
ro:commune:toboliu,RO,commune,Toboliu,,,ro:department:bihor,2,,
ro:commune:tulca,RO,commune,Tulca,,,ro:department:bihor,2,,
ro:commune:tetchea,RO,commune,Țețchea,,,ro:department:bihor,2,,
ro:commune:uileacu-de-beius,RO,commune,Uileacu de Beiuș,,,ro:department:bihor,2,,
ro:commune:vadu-crisului,RO,commune,Vadu Crișului,,,ro:department:bihor,2,,
ro:commune:varciorog,RO,commune,Vârciorog,,,ro:department:bihor,2,,
ro:commune:viisoara,RO,commune,Viișoara,,,ro:department:bihor,2,,
ro:municipality:bistrita,RO,municipality,Bistrița,,,ro:department:bistrita-nasaud,2,,
ro:town:beclean,RO,town,Beclean,,,ro:department:bistrita-nasaud,2,,
ro:town:nasaud,RO,town,Năsăud,,,ro:department:bistrita-nasaud,2,,
ro:town:sangeorz-bai,RO,town,Sângeorz-Băi,,,ro:department:bistrita-nasaud,2,,
ro:commune:bistrita-bargaului,RO,commune,Bistrița Bârgăului,,,ro:department:bistrita-nasaud,2,,
ro:commune:branistea,RO,commune,Braniștea,,,ro:department:bistrita-nasaud,2,,
ro:commune:budacu-de-jos,RO,commune,Budacu de Jos,,,ro:department:bistrita-nasaud,2,,
ro:commune:budesti,RO,commune,Budești,,,ro:department:bistrita-nasaud,2,,
ro:commune:caianu-mic,RO,commune,Căianu Mic,,,ro:department:bistrita-nasaud,2,,
ro:commune:cetate,RO,commune,Cetate,,,ro:department:bistrita-nasaud,2,,
ro:commune:chiochis,RO,commune,Chiochiș,,,ro:department:bistrita-nasaud,2,,
ro:commune:chiuza,RO,commune,Chiuza,,,ro:department:bistrita-nasaud,2,,
ro:commune:ciceu-giurgesti,RO,commune,Ciceu-Giurgești,,,ro:department:bistrita-nasaud,2,,
ro:commune:ciceu-mihaiesti,RO,commune,Ciceu-Mihăiești,,,ro:department:bistrita-nasaud,2,,
ro:commune:cosbuc,RO,commune,Coșbuc,,,ro:department:bistrita-nasaud,2,,
ro:commune:dumitra,RO,commune,Dumitra,,,ro:department:bistrita-nasaud,2,,
ro:commune:dumitrita,RO,commune,Dumitrița,,,ro:department:bistrita-nasaud,2,,
ro:commune:feldru,RO,commune,Feldru,,,ro:department:bistrita-nasaud,2,,
ro:commune:galatii-bistritei,RO,commune,Galații Bistriței,,,ro:department:bistrita-nasaud,2,,
ro:commune:ilva-mare,RO,commune,Ilva Mare,,,ro:department:bistrita-nasaud,2,,
ro:commune:ilva-mica,RO,commune,Ilva Mică,,,ro:department:bistrita-nasaud,2,,
ro:commune:josenii-bargaului,RO,commune,Josenii Bârgăului,,,ro:department:bistrita-nasaud,2,,
ro:commune:lesu,RO,commune,Leșu,,,ro:department:bistrita-nasaud,2,,
ro:commune:lechinta,RO,commune,Lechința,,,ro:department:bistrita-nasaud,2,,
ro:commune:bistrita-nasaud:livezile,RO,commune,Livezile,,,ro:department:bistrita-nasaud,2,,
ro:commune:lunca-ilvei,RO,commune,Lunca Ilvei,,,ro:department:bistrita-nasaud,2,,
ro:commune:maieru,RO,commune,Maieru,,,ro:department:bistrita-nasaud,2,,
ro:commune:matei,RO,commune,Matei,,,ro:department:bistrita-nasaud,2,,
ro:commune:magura-ilvei,RO,commune,Măgura Ilvei,,,ro:department:bistrita-nasaud,2,,
ro:commune:mariselu,RO,commune,Mărișelu,,,ro:department:bistrita-nasaud,2,,
ro:commune:micestii-de-campie,RO,commune,Miceștii de Câmpie,,,ro:department:bistrita-nasaud,2,,
ro:commune:milas,RO,commune,Milaș,,,ro:department:bistrita-nasaud,2,,
ro:commune:monor,RO,commune,Monor,,,ro:department:bistrita-nasaud,2,,
ro:commune:negrilesti,RO,commune,Negrilești,,,ro:department:bistrita-nasaud,2,,
ro:commune:nimigea,RO,commune,Nimigea,,,ro:department:bistrita-nasaud,2,,
ro:commune:nuseni,RO,commune,Nușeni,,,ro:department:bistrita-nasaud,2,,
ro:commune:parva,RO,commune,Parva,,,ro:department:bistrita-nasaud,2,,
ro:commune:petru-rares,RO,commune,Petru Rareș,,,ro:department:bistrita-nasaud,2,,
ro:commune:poiana-ilvei,RO,commune,Poiana Ilvei,,,ro:department:bistrita-nasaud,2,,
ro:commune:prundu-bargaului,RO,commune,Prundu Bârgăului,,,ro:department:bistrita-nasaud,2,,
ro:commune:rebra,RO,commune,Rebra,,,ro:department:bistrita-nasaud,2,,
ro:commune:rebrisoara,RO,commune,Rebrișoara,,,ro:department:bistrita-nasaud,2,,
ro:commune:rodna,RO,commune,Rodna,,,ro:department:bistrita-nasaud,2,,
ro:commune:romuli,RO,commune,Romuli,,,ro:department:bistrita-nasaud,2,,
ro:commune:runcu-salvei,RO,commune,Runcu Salvei,,,ro:department:bistrita-nasaud,2,,
ro:commune:salva,RO,commune,Salva,,,ro:department:bistrita-nasaud,2,,
ro:commune:sanmihaiu-de-campie,RO,commune,Sânmihaiu de Câmpie,,,ro:department:bistrita-nasaud,2,,
ro:commune:sieu,RO,commune,Șieu,,,ro:department:bistrita-nasaud,2,,
ro:commune:sieu-odorhei,RO,commune,Șieu-Odorhei,,,ro:department:bistrita-nasaud,2,,
ro:commune:sieu-magherus,RO,commune,Șieu-Măgheruș,,,ro:department:bistrita-nasaud,2,,
ro:commune:sieut,RO,commune,Șieuț,,,ro:department:bistrita-nasaud,2,,
ro:commune:sintereag,RO,commune,Șintereag,,,ro:department:bistrita-nasaud,2,,
ro:commune:silivasu-de-campie,RO,commune,Silivașu de Câmpie,,,ro:department:bistrita-nasaud,2,,
ro:commune:spermezeu,RO,commune,Spermezeu,,,ro:department:bistrita-nasaud,2,,
ro:commune:sant,RO,commune,Șanț,,,ro:department:bistrita-nasaud,2,,
ro:commune:tarlisua,RO,commune,Târlișua,,,ro:department:bistrita-nasaud,2,,
ro:commune:teaca,RO,commune,Teaca,,,ro:department:bistrita-nasaud,2,,
ro:commune:telciu,RO,commune,Telciu,,,ro:department:bistrita-nasaud,2,,
ro:commune:tiha-bargaului,RO,commune,Tiha Bârgăului,,,ro:department:bistrita-nasaud,2,,
ro:commune:uriu,RO,commune,Uriu,,,ro:department:bistrita-nasaud,2,,
ro:commune:urmenis,RO,commune,Urmeniș,,,ro:department:bistrita-nasaud,2,,
ro:commune:zagra,RO,commune,Zagra,,,ro:department:bistrita-nasaud,2,,
ro:municipality:botosani,RO,municipality,Botoșani,,,ro:department:botosani,2,,
ro:municipality:dorohoi,RO,municipality,Dorohoi,,,ro:department:botosani,2,,
ro:town:bucecea,RO,town,Bucecea,,,ro:department:botosani,2,,
ro:town:darabani,RO,town,Darabani,,,ro:department:botosani,2,,
ro:town:flamanzi,RO,town,Flămânzi,,,ro:department:botosani,2,,
ro:town:saveni,RO,town,Săveni,,,ro:department:botosani,2,,
ro:town:botosani:stefanesti,RO,town,Ștefănești,,,ro:department:botosani,2,,
ro:commune:adaseni,RO,commune,Adășeni,,,ro:department:botosani,2,,
ro:commune:albesti,RO,commune,Albești,,,ro:department:botosani,2,,
ro:commune:avrameni,RO,commune,Avrămeni,,,ro:department:botosani,2,,
ro:commune:baluseni,RO,commune,Bălușeni,,,ro:department:botosani,2,,
ro:commune:blandesti,RO,commune,Blândești,,,ro:department:botosani,2,,
ro:commune:braesti,RO,commune,Brăești,,,ro:department:botosani,2,,
ro:commune:broscauti,RO,commune,Broscăuți,,,ro:department:botosani,2,,
ro:commune:calarasi,RO,commune,Călărași,,,ro:department:botosani,2,,
ro:commune:candesti,RO,commune,Cândești,,,ro:department:botosani,2,,
ro:commune:concesti,RO,commune,Concești,,,ro:department:botosani,2,,
ro:commune:copalau,RO,commune,Copălău,,,ro:department:botosani,2,,
ro:commune:cordareni,RO,commune,Cordăreni,,,ro:department:botosani,2,,
ro:commune:corlateni,RO,commune,Corlăteni,,,ro:department:botosani,2,,
ro:commune:corni,RO,commune,Corni,,,ro:department:botosani,2,,
ro:commune:cosula,RO,commune,Coșula,,,ro:department:botosani,2,,
ro:commune:cotusca,RO,commune,Coțușca,,,ro:department:botosani,2,,
ro:commune:cristesti,RO,commune,Cristești,,,ro:department:botosani,2,,
ro:commune:cristinesti,RO,commune,Cristinești,,,ro:department:botosani,2,,
ro:commune:curtesti,RO,commune,Curtești,,,ro:department:botosani,2,,
ro:commune:dersca,RO,commune,Dersca,,,ro:department:botosani,2,,
ro:commune:dangeni,RO,commune,Dângeni,,,ro:department:botosani,2,,
ro:commune:dimacheni,RO,commune,Dimăcheni,,,ro:department:botosani,2,,
ro:commune:dobarceni,RO,commune,Dobârceni,,,ro:department:botosani,2,,
ro:commune:draguseni,RO,commune,Drăgușeni,,,ro:department:botosani,2,,
ro:commune:durnesti,RO,commune,Durnești,,,ro:department:botosani,2,,
ro:commune:frumusica,RO,commune,Frumușica,,,ro:department:botosani,2,,
ro:commune:george-enescu,RO,commune,George Enescu,,,ro:department:botosani,2,,
ro:commune:gorbanesti,RO,commune,Gorbănești,,,ro:department:botosani,2,,
ro:commune:havarna,RO,commune,Havârna,,,ro:department:botosani,2,,
ro:commune:hanesti,RO,commune,Hănești,,,ro:department:botosani,2,,
ro:commune:hiliseu-horia,RO,commune,Hilișeu-Horia,,,ro:department:botosani,2,,
ro:commune:hlipiceni,RO,commune,Hlipiceni,,,ro:department:botosani,2,,
ro:commune:hudesti,RO,commune,Hudești,,,ro:department:botosani,2,,
ro:commune:ibanesti,RO,commune,Ibănești,,,ro:department:botosani,2,,
ro:commune:leorda,RO,commune,Leorda,,,ro:department:botosani,2,,
ro:commune:lozna,RO,commune,Lozna,,,ro:department:botosani,2,,
ro:commune:botosani:lunca,RO,commune,Lunca,,,ro:department:botosani,2,,
ro:commune:manoleasa,RO,commune,Manoleasa,,,ro:department:botosani,2,,
ro:commune:mihai-eminescu,RO,commune,Mihai Eminescu,,,ro:department:botosani,2,,
ro:commune:mihaileni,RO,commune,Mihăileni,,,ro:department:botosani,2,,
ro:commune:mihalaseni,RO,commune,Mihălășeni,,,ro:department:botosani,2,,
ro:commune:mileanca,RO,commune,Mileanca,,,ro:department:botosani,2,,
ro:commune:mitoc,RO,commune,Mitoc,,,ro:department:botosani,2,,
ro:commune:nicseni,RO,commune,Nicșeni,,,ro:department:botosani,2,,
ro:commune:paltinis,RO,commune,Păltiniș,,,ro:department:botosani,2,,
ro:commune:pomarla,RO,commune,Pomârla,,,ro:department:botosani,2,,
ro:commune:prajeni,RO,commune,Prăjeni,,,ro:department:botosani,2,,
ro:commune:radauti-prut,RO,commune,Rădăuți-Prut,,,ro:department:botosani,2,,
ro:commune:rachiti,RO,commune,Răchiți,,,ro:department:botosani,2,,
ro:commune:rauseni,RO,commune,Răuseni,,,ro:department:botosani,2,,
ro:commune:ripiceni,RO,commune,Ripiceni,,,ro:department:botosani,2,,
ro:commune:roma,RO,commune,Roma,,,ro:department:botosani,2,,
ro:commune:romanesti,RO,commune,Românești,,,ro:department:botosani,2,,
ro:commune:santa-mare,RO,commune,Santa Mare,,,ro:department:botosani,2,,
ro:commune:stauceni,RO,commune,Stăuceni,,,ro:department:botosani,2,,
ro:commune:suharau,RO,commune,Suharău,,,ro:department:botosani,2,,
ro:commune:sulita,RO,commune,Sulița,,,ro:department:botosani,2,,
ro:commune:sendriceni,RO,commune,Șendriceni,,,ro:department:botosani,2,,
ro:commune:stiubieni,RO,commune,Știubieni,,,ro:department:botosani,2,,
ro:commune:todireni,RO,commune,Todireni,,,ro:department:botosani,2,,
ro:commune:trusesti,RO,commune,Trușești,,,ro:department:botosani,2,,
ro:commune:tudora,RO,commune,Tudora,,,ro:department:botosani,2,,
ro:commune:botosani:ungureni,RO,commune,Ungureni,,,ro:department:botosani,2,,
ro:commune:unteni,RO,commune,Unțeni,,,ro:department:botosani,2,,
ro:commune:vaculesti,RO,commune,Văculești,,,ro:department:botosani,2,,
ro:commune:botosani:viisoara,RO,commune,Viișoara,,,ro:department:botosani,2,,
ro:commune:varfu-campului,RO,commune,Vârfu Câmpului,,,ro:department:botosani,2,,
ro:commune:vladeni,RO,commune,Vlădeni,,,ro:department:botosani,2,,
ro:commune:vlasinesti,RO,commune,Vlăsinești,,,ro:department:botosani,2,,
ro:commune:vorniceni,RO,commune,Vorniceni,,,ro:department:botosani,2,,
ro:commune:vorona,RO,commune,Vorona,,,ro:department:botosani,2,,
ro:municipality:brasov,RO,municipality,Brașov,,,ro:department:brasov,2,,
ro:municipality:codlea,RO,municipality,Codlea,,,ro:department:brasov,2,,
ro:municipality:fagaras,RO,municipality,Făgăraș,,,ro:department:brasov,2,,
ro:municipality:sacele,RO,municipality,Săcele,,,ro:department:brasov,2,,
ro:town:ghimbav,RO,town,Ghimbav,,,ro:department:brasov,2,,
ro:town:predeal,RO,town,Predeal,,,ro:department:brasov,2,,
ro:town:rasnov,RO,town,Râșnov,,,ro:department:brasov,2,,
ro:town:rupea,RO,town,Rupea,,,ro:department:brasov,2,,
ro:town:victoria,RO,town,Victoria,,,ro:department:brasov,2,,
ro:town:zarnesti,RO,town,Zărnești,,,ro:department:brasov,2,,
ro:commune:apata,RO,commune,Apața,,,ro:department:brasov,2,,
ro:commune:augustin,RO,commune,Augustin,,,ro:department:brasov,2,,
ro:commune:beclean,RO,commune,Beclean,,,ro:department:brasov,2,,
ro:commune:bod,RO,commune,Bod,,,ro:department:brasov,2,,
ro:commune:bran,RO,commune,Bran,,,ro:department:brasov,2,,
ro:commune:budila,RO,commune,Budila,,,ro:department:brasov,2,,
ro:commune:bunesti,RO,commune,Bunești,,,ro:department:brasov,2,,
ro:commune:cata,RO,commune,Cața,,,ro:department:brasov,2,,
ro:commune:cincu,RO,commune,Cincu,,,ro:department:brasov,2,,
ro:commune:comana,RO,commune,Comăna,,,ro:department:brasov,2,,
ro:commune:cristian,RO,commune,Cristian,,,ro:department:brasov,2,,
ro:commune:crizbav,RO,commune,Crizbav,,,ro:department:brasov,2,,
ro:commune:dragus,RO,commune,Drăguș,,,ro:department:brasov,2,,
ro:commune:dumbravita,RO,commune,Dumbrăvița,,,ro:department:brasov,2,,
ro:commune:feldioara,RO,commune,Feldioara,,,ro:department:brasov,2,,
ro:commune:fundata,RO,commune,Fundata,,,ro:department:brasov,2,,
ro:commune:halchiu,RO,commune,Hălchiu,,,ro:department:brasov,2,,
ro:commune:harman,RO,commune,Hărman,,,ro:department:brasov,2,,
ro:commune:harseni,RO,commune,Hârseni,,,ro:department:brasov,2,,
ro:commune:hoghiz,RO,commune,Hoghiz,,,ro:department:brasov,2,,
ro:commune:holbav,RO,commune,Holbav,,,ro:department:brasov,2,,
ro:commune:homorod,RO,commune,Homorod,,,ro:department:brasov,2,,
ro:commune:jibert,RO,commune,Jibert,,,ro:department:brasov,2,,
ro:commune:lisa,RO,commune,Lisa,,,ro:department:brasov,2,,
ro:commune:mandra,RO,commune,Mândra,,,ro:department:brasov,2,,
ro:commune:maierus,RO,commune,Măieruș,,,ro:department:brasov,2,,
ro:commune:moieciu,RO,commune,Moieciu,,,ro:department:brasov,2,,
ro:commune:ormenis,RO,commune,Ormeniș,,,ro:department:brasov,2,,
ro:commune:parau,RO,commune,Părău,,,ro:department:brasov,2,,
ro:commune:poiana-marului,RO,commune,Poiana Mărului,,,ro:department:brasov,2,,
ro:commune:prejmer,RO,commune,Prejmer,,,ro:department:brasov,2,,
ro:commune:racos,RO,commune,Racoș,,,ro:department:brasov,2,,
ro:commune:brasov:recea,RO,commune,Recea,,,ro:department:brasov,2,,
ro:commune:sercaia,RO,commune,Șercaia,,,ro:department:brasov,2,,
ro:commune:sinca,RO,commune,Șinca,,,ro:department:brasov,2,,
ro:commune:sinca-noua,RO,commune,Șinca Nouă,,,ro:department:brasov,2,,
ro:commune:sambata-de-sus,RO,commune,Sâmbăta de Sus,,,ro:department:brasov,2,,
ro:commune:sanpetru,RO,commune,Sânpetru,,,ro:department:brasov,2,,
ro:commune:soars,RO,commune,Șoarș,,,ro:department:brasov,2,,
ro:commune:tarlungeni,RO,commune,Tărlungeni,,,ro:department:brasov,2,,
ro:commune:teliu,RO,commune,Teliu,,,ro:department:brasov,2,,
ro:commune:ticusu,RO,commune,Ticușu,,,ro:department:brasov,2,,
ro:commune:ucea,RO,commune,Ucea,,,ro:department:brasov,2,,
ro:commune:ungra,RO,commune,Ungra,,,ro:department:brasov,2,,
ro:commune:vama-buzaului,RO,commune,Vama Buzăului,,,ro:department:brasov,2,,
ro:commune:vistea,RO,commune,Viștea,,,ro:department:brasov,2,,
ro:commune:voila,RO,commune,Voila,,,ro:department:brasov,2,,
ro:commune:vulcan,RO,commune,Vulcan,,,ro:department:brasov,2,,
ro:municipality:braila,RO,municipality,Brăila,,,ro:department:braila,2,,
ro:town:faurei,RO,town,Făurei,,,ro:department:braila,2,,
ro:town:ianca,RO,town,Ianca,,,ro:department:braila,2,,
ro:town:insuratei,RO,town,Însurăței,,,ro:department:braila,2,,
ro:commune:baraganul,RO,commune,Bărăganul,,,ro:department:braila,2,,
ro:commune:bertestii-de-jos,RO,commune,Berteștii de Jos,,,ro:department:braila,2,,
ro:commune:bordei-verde,RO,commune,Bordei Verde,,,ro:department:braila,2,,
ro:commune:cazasu,RO,commune,Cazasu,,,ro:department:braila,2,,
ro:commune:chiscani,RO,commune,Chiscani,,,ro:department:braila,2,,
ro:commune:ciocile,RO,commune,Ciocile,,,ro:department:braila,2,,
ro:commune:ciresu,RO,commune,Cireșu,,,ro:department:braila,2,,
ro:commune:dudesti,RO,commune,Dudești,,,ro:department:braila,2,,
ro:commune:frecatei,RO,commune,Frecăței,,,ro:department:braila,2,,
ro:commune:galbenu,RO,commune,Galbenu,,,ro:department:braila,2,,
ro:commune:gemenele,RO,commune,Gemenele,,,ro:department:braila,2,,
ro:commune:gradistea,RO,commune,Grădiștea,,,ro:department:braila,2,,
ro:commune:gropeni,RO,commune,Gropeni,,,ro:department:braila,2,,
ro:commune:jirlau,RO,commune,Jirlău,,,ro:department:braila,2,,
ro:commune:marasu,RO,commune,Mărașu,,,ro:department:braila,2,,
ro:commune:maxineni,RO,commune,Măxineni,,,ro:department:braila,2,,
ro:commune:mircea-voda,RO,commune,Mircea Vodă,,,ro:department:braila,2,,
ro:commune:movila-miresii,RO,commune,Movila Miresii,,,ro:department:braila,2,,
ro:commune:racovita,RO,commune,Racovița,,,ro:department:braila,2,,
ro:commune:ramnicelu,RO,commune,Râmnicelu,,,ro:department:braila,2,,
ro:commune:romanu,RO,commune,Romanu,,,ro:department:braila,2,,
ro:commune:braila:rosiori,RO,commune,Roșiori,,,ro:department:braila,2,,
ro:commune:salcia-tudor,RO,commune,Salcia Tudor,,,ro:department:braila,2,,
ro:commune:scortaru-nou,RO,commune,Scorțaru Nou,,,ro:department:braila,2,,
ro:commune:silistea,RO,commune,Siliștea,,,ro:department:braila,2,,
ro:commune:stancuta,RO,commune,Stăncuța,,,ro:department:braila,2,,
ro:commune:surdila-gaiseanca,RO,commune,Surdila-Găiseanca,,,ro:department:braila,2,,
ro:commune:surdila-greci,RO,commune,Surdila-Greci,,,ro:department:braila,2,,
ro:commune:sutesti,RO,commune,Șuțești,,,ro:department:braila,2,,
ro:commune:tichilesti,RO,commune,Tichilești,,,ro:department:braila,2,,
ro:commune:braila:traian,RO,commune,Traian,,,ro:department:braila,2,,
ro:commune:tudor-vladimirescu,RO,commune,Tudor Vladimirescu,,,ro:department:braila,2,,
ro:commune:tufesti,RO,commune,Tufești,,,ro:department:braila,2,,
ro:commune:ulmu,RO,commune,Ulmu,,,ro:department:braila,2,,
ro:commune:braila:unirea,RO,commune,Unirea,,,ro:department:braila,2,,
ro:commune:vadeni,RO,commune,Vădeni,,,ro:department:braila,2,,
ro:commune:victoria,RO,commune,Victoria,,,ro:department:braila,2,,
ro:commune:visani,RO,commune,Vișani,,,ro:department:braila,2,,
ro:commune:viziru,RO,commune,Viziru,,,ro:department:braila,2,,
ro:commune:zavoaia,RO,commune,Zăvoaia,,,ro:department:braila,2,,
ro:municipality:buzau,RO,municipality,Buzău,,,ro:department:buzau,2,,
ro:municipality:ramnicu-sarat,RO,municipality,Râmnicu Sărat,,,ro:department:buzau,2,,
ro:town:nehoiu,RO,town,Nehoiu,,,ro:department:buzau,2,,
ro:town:patarlagele,RO,town,Pătârlagele,,,ro:department:buzau,2,,
ro:town:pogoanele,RO,town,Pogoanele,,,ro:department:buzau,2,,
ro:commune:amaru,RO,commune,Amaru,,,ro:department:buzau,2,,
ro:commune:balaceanu,RO,commune,Bălăceanu,,,ro:department:buzau,2,,
ro:commune:balta-alba,RO,commune,Balta Albă,,,ro:department:buzau,2,,
ro:commune:beceni,RO,commune,Beceni,,,ro:department:buzau,2,,
ro:commune:berca,RO,commune,Berca,,,ro:department:buzau,2,,
ro:commune:bisoca,RO,commune,Bisoca,,,ro:department:buzau,2,,
ro:commune:blajani,RO,commune,Blăjani,,,ro:department:buzau,2,,
ro:commune:boldu,RO,commune,Boldu,,,ro:department:buzau,2,,
ro:commune:bozioru,RO,commune,Bozioru,,,ro:department:buzau,2,,
ro:commune:bradeanu,RO,commune,Brădeanu,,,ro:department:buzau,2,,
ro:commune:buzau:braesti,RO,commune,Brăești,,,ro:department:buzau,2,,
ro:commune:breaza,RO,commune,Breaza,,,ro:department:buzau,2,,
ro:commune:buda,RO,commune,Buda,,,ro:department:buzau,2,,
ro:commune:c-a-rosetti,RO,commune,C.A. Rosetti,,,ro:department:buzau,2,,
ro:commune:calvini,RO,commune,Calvini,,,ro:department:buzau,2,,
ro:commune:canesti,RO,commune,Cănești,,,ro:department:buzau,2,,
ro:commune:catina,RO,commune,Cătina,,,ro:department:buzau,2,,
ro:commune:cernatesti,RO,commune,Cernătești,,,ro:department:buzau,2,,
ro:commune:chiliile,RO,commune,Chiliile,,,ro:department:buzau,2,,
ro:commune:chiojdu,RO,commune,Chiojdu,,,ro:department:buzau,2,,
ro:commune:cilibia,RO,commune,Cilibia,,,ro:department:buzau,2,,
ro:commune:cislau,RO,commune,Cislău,,,ro:department:buzau,2,,
ro:commune:cochirleanca,RO,commune,Cochirleanca,,,ro:department:buzau,2,,
ro:commune:colti,RO,commune,Colți,,,ro:department:buzau,2,,
ro:commune:costesti,RO,commune,Costești,,,ro:department:buzau,2,,
ro:commune:cozieni,RO,commune,Cozieni,,,ro:department:buzau,2,,
ro:commune:florica,RO,commune,Florica,,,ro:department:buzau,2,,
ro:commune:galbinasi,RO,commune,Gălbinași,,,ro:department:buzau,2,,
ro:commune:gheraseni,RO,commune,Gherăseni,,,ro:department:buzau,2,,
ro:commune:ghergheasa,RO,commune,Ghergheasa,,,ro:department:buzau,2,,
ro:commune:glodeanu-sarat,RO,commune,Glodeanu Sărat,,,ro:department:buzau,2,,
ro:commune:glodeanu-silistea,RO,commune,Glodeanu-Siliștea,,,ro:department:buzau,2,,
ro:commune:grebanu,RO,commune,Grebănu,,,ro:department:buzau,2,,
ro:commune:gura-teghii,RO,commune,Gura Teghii,,,ro:department:buzau,2,,
ro:commune:largu,RO,commune,Largu,,,ro:department:buzau,2,,
ro:commune:lopatari,RO,commune,Lopătari,,,ro:department:buzau,2,,
ro:commune:luciu,RO,commune,Luciu,,,ro:department:buzau,2,,
ro:commune:buzau:magura,RO,commune,Măgura,,,ro:department:buzau,2,,
ro:commune:buzau:maracineni,RO,commune,Mărăcineni,,,ro:department:buzau,2,,
ro:commune:margaritesti,RO,commune,Mărgăritești,,,ro:department:buzau,2,,
ro:commune:manzalesti,RO,commune,Mânzălești,,,ro:department:buzau,2,,
ro:commune:merei,RO,commune,Merei,,,ro:department:buzau,2,,
ro:commune:mihailesti,RO,commune,Mihăilești,,,ro:department:buzau,2,,
ro:commune:movila-banului,RO,commune,Movila Banului,,,ro:department:buzau,2,,
ro:commune:murgesti,RO,commune,Murgești,,,ro:department:buzau,2,,
ro:commune:naeni,RO,commune,Năeni,,,ro:department:buzau,2,,
ro:commune:odaile,RO,commune,Odăile,,,ro:department:buzau,2,,
ro:commune:padina,RO,commune,Padina,,,ro:department:buzau,2,,
ro:commune:pardosi,RO,commune,Pardoși,,,ro:department:buzau,2,,
ro:commune:panatau,RO,commune,Pănătău,,,ro:department:buzau,2,,
ro:commune:parscov,RO,commune,Pârscov,,,ro:department:buzau,2,,
ro:commune:pietroasele,RO,commune,Pietroasele,,,ro:department:buzau,2,,
ro:commune:podgoria,RO,commune,Podgoria,,,ro:department:buzau,2,,
ro:commune:posta-calnau,RO,commune,Poșta Câlnău,,,ro:department:buzau,2,,
ro:commune:puiesti,RO,commune,Puiești,,,ro:department:buzau,2,,
ro:commune:racoviteni,RO,commune,Racovițeni,,,ro:department:buzau,2,,
ro:commune:buzau:ramnicelu,RO,commune,Râmnicelu,,,ro:department:buzau,2,,
ro:commune:robeasca,RO,commune,Robeasca,,,ro:department:buzau,2,,
ro:commune:rusetu,RO,commune,Rușețu,,,ro:department:buzau,2,,
ro:commune:sageata,RO,commune,Săgeata,,,ro:department:buzau,2,,
ro:commune:sahateni,RO,commune,Săhăteni,,,ro:department:buzau,2,,
ro:commune:sapoca,RO,commune,Săpoca,,,ro:department:buzau,2,,
ro:commune:sarulesti,RO,commune,Sărulești,,,ro:department:buzau,2,,
ro:commune:scortoasa,RO,commune,Scorțoasa,,,ro:department:buzau,2,,
ro:commune:scutelnici,RO,commune,Scutelnici,,,ro:department:buzau,2,,
ro:commune:siriu,RO,commune,Siriu,,,ro:department:buzau,2,,
ro:commune:smeeni,RO,commune,Smeeni,,,ro:department:buzau,2,,
ro:commune:stalpu,RO,commune,Stâlpu,,,ro:department:buzau,2,,
ro:commune:tisau,RO,commune,Tisău,,,ro:department:buzau,2,,
ro:commune:topliceni,RO,commune,Topliceni,,,ro:department:buzau,2,,
ro:commune:tintesti,RO,commune,Țintești,,,ro:department:buzau,2,,
ro:commune:ulmeni,RO,commune,Ulmeni,,,ro:department:buzau,2,,
ro:commune:unguriu,RO,commune,Unguriu,,,ro:department:buzau,2,,
ro:commune:vadu-pasii,RO,commune,Vadu Pașii,,,ro:department:buzau,2,,
ro:commune:valea-ramnicului,RO,commune,Valea Râmnicului,,,ro:department:buzau,2,,
ro:commune:valea-salciei,RO,commune,Valea Salciei,,,ro:department:buzau,2,,
ro:commune:valcelele,RO,commune,Vâlcelele,,,ro:department:buzau,2,,
ro:commune:vernesti,RO,commune,Vernești,,,ro:department:buzau,2,,
ro:commune:vintila-voda,RO,commune,Vintilă Vodă,,,ro:department:buzau,2,,
ro:commune:viperesti,RO,commune,Viperești,,,ro:department:buzau,2,,
ro:commune:zarnesti,RO,commune,Zărnești,,,ro:department:buzau,2,,
ro:commune:ziduri,RO,commune,Ziduri,,,ro:department:buzau,2,,
ro:municipality:caransebes,RO,municipality,Caransebeș,,,ro:department:caras-severin,2,,
ro:municipality:resita,RO,municipality,Reșița,,,ro:department:caras-severin,2,,
ro:town:anina,RO,town,Anina,,,ro:department:caras-severin,2,,
ro:town:baile-herculane,RO,town,Băile Herculane,,,ro:department:caras-severin,2,,
ro:town:bocsa,RO,town,Bocșa,,,ro:department:caras-severin,2,,
ro:town:moldova-noua,RO,town,Moldova Nouă,,,ro:department:caras-severin,2,,
ro:town:oravita,RO,town,Oravița,,,ro:department:caras-severin,2,,
ro:town:otelu-rosu,RO,town,Oțelu Roșu,,,ro:department:caras-severin,2,,
ro:commune:armenis,RO,commune,Armeniș,,,ro:department:caras-severin,2,,
ro:commune:bania,RO,commune,Bănia,,,ro:department:caras-severin,2,,
ro:commune:bautar,RO,commune,Băuțar,,,ro:department:caras-severin,2,,
ro:commune:berliste,RO,commune,Berliște,,,ro:department:caras-severin,2,,
ro:commune:berzasca,RO,commune,Berzasca,,,ro:department:caras-severin,2,,
ro:commune:berzovia,RO,commune,Berzovia,,,ro:department:caras-severin,2,,
ro:commune:bolvasnita,RO,commune,Bolvașnița,,,ro:department:caras-severin,2,,
ro:commune:bozovici,RO,commune,Bozovici,,,ro:department:caras-severin,2,,
ro:commune:brebu,RO,commune,Brebu,,,ro:department:caras-severin,2,,
ro:commune:brebu-nou,RO,commune,Brebu Nou,,,ro:department:caras-severin,2,,
ro:commune:buchin,RO,commune,Buchin,,,ro:department:caras-severin,2,,
ro:commune:bucosnita,RO,commune,Bucoșnița,,,ro:department:caras-severin,2,,
ro:commune:carasova,RO,commune,Carașova,,,ro:department:caras-severin,2,,
ro:commune:carbunari,RO,commune,Cărbunari,,,ro:department:caras-severin,2,,
ro:commune:ciclova-romana,RO,commune,Ciclova Română,,,ro:department:caras-severin,2,,
ro:commune:ciuchici,RO,commune,Ciuchici,,,ro:department:caras-severin,2,,
ro:commune:ciudanovita,RO,commune,Ciudanovița,,,ro:department:caras-severin,2,,
ro:commune:constantin-daicoviciu,RO,commune,Constantin Daicoviciu,,,ro:department:caras-severin,2,,
ro:commune:copacele,RO,commune,Copăcele,,,ro:department:caras-severin,2,,
ro:commune:cornea,RO,commune,Cornea,,,ro:department:caras-severin,2,,
ro:commune:cornereva,RO,commune,Cornereva,,,ro:department:caras-severin,2,,
ro:commune:coronini,RO,commune,Coronini,,,ro:department:caras-severin,2,,
ro:commune:dalboset,RO,commune,Dalboșeț,,,ro:department:caras-severin,2,,
ro:commune:doclin,RO,commune,Doclin,,,ro:department:caras-severin,2,,
ro:commune:dognecea,RO,commune,Dognecea,,,ro:department:caras-severin,2,,
ro:commune:domasnea,RO,commune,Domașnea,,,ro:department:caras-severin,2,,
ro:commune:eftimie-murgu,RO,commune,Eftimie Murgu,,,ro:department:caras-severin,2,,
ro:commune:ezeris,RO,commune,Ezeriș,,,ro:department:caras-severin,2,,
ro:commune:farliug,RO,commune,Fârliug,,,ro:department:caras-severin,2,,
ro:commune:forotic,RO,commune,Forotic,,,ro:department:caras-severin,2,,
ro:commune:garnic,RO,commune,Gârnic,,,ro:department:caras-severin,2,,
ro:commune:glimboca,RO,commune,Glimboca,,,ro:department:caras-severin,2,,
ro:commune:goruia,RO,commune,Goruia,,,ro:department:caras-severin,2,,
ro:commune:gradinari,RO,commune,Grădinari,,,ro:department:caras-severin,2,,
ro:commune:iablanita,RO,commune,Iablanița,,,ro:department:caras-severin,2,,
ro:commune:lapusnicel,RO,commune,Lăpușnicel,,,ro:department:caras-severin,2,,
ro:commune:lapusnicu-mare,RO,commune,Lăpușnicu Mare,,,ro:department:caras-severin,2,,
ro:commune:luncavita,RO,commune,Luncavița,,,ro:department:caras-severin,2,,
ro:commune:lupac,RO,commune,Lupac,,,ro:department:caras-severin,2,,
ro:commune:marga,RO,commune,Marga,,,ro:department:caras-severin,2,,
ro:commune:maureni,RO,commune,Măureni,,,ro:department:caras-severin,2,,
ro:commune:mehadia,RO,commune,Mehadia,,,ro:department:caras-severin,2,,
ro:commune:mehadica,RO,commune,Mehadica,,,ro:department:caras-severin,2,,
ro:commune:naidas,RO,commune,Naidăș,,,ro:department:caras-severin,2,,
ro:commune:obreja,RO,commune,Obreja,,,ro:department:caras-severin,2,,
ro:commune:ocna-de-fier,RO,commune,Ocna de Fier,,,ro:department:caras-severin,2,,
ro:commune:caras-severin:paltinis,RO,commune,Păltiniș,,,ro:department:caras-severin,2,,
ro:commune:pojejena,RO,commune,Pojejena,,,ro:department:caras-severin,2,,
ro:commune:prigor,RO,commune,Prigor,,,ro:department:caras-severin,2,,
ro:commune:racasdia,RO,commune,Răcășdia,,,ro:department:caras-severin,2,,
ro:commune:ramna,RO,commune,Ramna,,,ro:department:caras-severin,2,,
ro:commune:rusca-montana,RO,commune,Rusca Montană,,,ro:department:caras-severin,2,,
ro:commune:sacu,RO,commune,Sacu,,,ro:department:caras-severin,2,,
ro:commune:sasca-montana,RO,commune,Sasca Montană,,,ro:department:caras-severin,2,,
ro:commune:sichevita,RO,commune,Sichevița,,,ro:department:caras-severin,2,,
ro:commune:slatina-timis,RO,commune,Slatina-Timiș,,,ro:department:caras-severin,2,,
ro:commune:socol,RO,commune,Socol,,,ro:department:caras-severin,2,,
ro:commune:sopotu-nou,RO,commune,Șopotu Nou,,,ro:department:caras-severin,2,,
ro:commune:caras-severin:tarnova,RO,commune,Târnova,,,ro:department:caras-severin,2,,
ro:commune:teregova,RO,commune,Teregova,,,ro:department:caras-severin,2,,
ro:commune:ticvaniu-mare,RO,commune,Ticvaniu Mare,,,ro:department:caras-severin,2,,
ro:commune:toplet,RO,commune,Topleț,,,ro:department:caras-severin,2,,
ro:commune:turnu-ruieni,RO,commune,Turnu Ruieni,,,ro:department:caras-severin,2,,
ro:commune:valiug,RO,commune,Văliug,,,ro:department:caras-severin,2,,
ro:commune:varadia,RO,commune,Vărădia,,,ro:department:caras-severin,2,,
ro:commune:vermes,RO,commune,Vermeș,,,ro:department:caras-severin,2,,
ro:commune:vrani,RO,commune,Vrani,,,ro:department:caras-severin,2,,
ro:commune:zavoi,RO,commune,Zăvoi,,,ro:department:caras-severin,2,,
ro:commune:zorlentu-mare,RO,commune,Zorlențu Mare,,,ro:department:caras-severin,2,,
ro:municipality:campia-turzii,RO,municipality,Câmpia Turzii,,,ro:department:cluj,2,,
ro:municipality:cluj-napoca,RO,municipality,Cluj-Napoca,,,ro:department:cluj,2,,
ro:municipality:dej,RO,municipality,Dej,,,ro:department:cluj,2,,
ro:municipality:gherla,RO,municipality,Gherla,,,ro:department:cluj,2,,
ro:municipality:turda,RO,municipality,Turda,,,ro:department:cluj,2,,
ro:town:huedin,RO,town,Huedin,,,ro:department:cluj,2,,
ro:commune:aghiresu,RO,commune,Aghireșu,,,ro:department:cluj,2,,
ro:commune:aiton,RO,commune,Aiton,,,ro:department:cluj,2,,
ro:commune:alunis,RO,commune,Aluniș,,,ro:department:cluj,2,,
ro:commune:apahida,RO,commune,Apahida,,,ro:department:cluj,2,,
ro:commune:aschileu,RO,commune,Așchileu,,,ro:department:cluj,2,,
ro:commune:baciu,RO,commune,Baciu,,,ro:department:cluj,2,,
ro:commune:baisoara,RO,commune,Băișoara,,,ro:department:cluj,2,,
ro:commune:belis,RO,commune,Beliș,,,ro:department:cluj,2,,
ro:commune:bobalna,RO,commune,Bobâlna,,,ro:department:cluj,2,,
ro:commune:bontida,RO,commune,Bonțida,,,ro:department:cluj,2,,
ro:commune:borsa,RO,commune,Borșa,,,ro:department:cluj,2,,
ro:commune:buza,RO,commune,Buza,,,ro:department:cluj,2,,
ro:commune:caianu,RO,commune,Căianu,,,ro:department:cluj,2,,
ro:commune:cluj:calarasi,RO,commune,Călărași,,,ro:department:cluj,2,,
ro:commune:calatele,RO,commune,Călățele,,,ro:department:cluj,2,,
ro:commune:camarasu,RO,commune,Cămărașu,,,ro:department:cluj,2,,
ro:commune:capusu-mare,RO,commune,Căpușu Mare,,,ro:department:cluj,2,,
ro:commune:caseiu,RO,commune,Cășeiu,,,ro:department:cluj,2,,
ro:commune:cluj:catina,RO,commune,Cătina,,,ro:department:cluj,2,,
ro:commune:catcau,RO,commune,Câțcău,,,ro:department:cluj,2,,
ro:commune:ceanu-mare,RO,commune,Ceanu Mare,,,ro:department:cluj,2,,
ro:commune:chinteni,RO,commune,Chinteni,,,ro:department:cluj,2,,
ro:commune:chiuiesti,RO,commune,Chiuiești,,,ro:department:cluj,2,,
ro:commune:ciucea,RO,commune,Ciucea,,,ro:department:cluj,2,,
ro:commune:ciurila,RO,commune,Ciurila,,,ro:department:cluj,2,,
ro:commune:cojocna,RO,commune,Cojocna,,,ro:department:cluj,2,,
ro:commune:cornesti,RO,commune,Cornești,,,ro:department:cluj,2,,
ro:commune:cuzdrioara,RO,commune,Cuzdrioara,,,ro:department:cluj,2,,
ro:commune:dabaca,RO,commune,Dăbâca,,,ro:department:cluj,2,,
ro:commune:feleacu,RO,commune,Feleacu,,,ro:department:cluj,2,,
ro:commune:fizesu-gherlii,RO,commune,Fizeșu Gherlii,,,ro:department:cluj,2,,
ro:commune:floresti,RO,commune,Florești,,,ro:department:cluj,2,,
ro:commune:frata,RO,commune,Frata,,,ro:department:cluj,2,,
ro:commune:garbau,RO,commune,Gârbău,,,ro:department:cluj,2,,
ro:commune:geaca,RO,commune,Geaca,,,ro:department:cluj,2,,
ro:commune:gilau,RO,commune,Gilău,,,ro:department:cluj,2,,
ro:commune:iara,RO,commune,Iara,,,ro:department:cluj,2,,
ro:commune:iclod,RO,commune,Iclod,,,ro:department:cluj,2,,
ro:commune:izvoru-crisului,RO,commune,Izvoru Crișului,,,ro:department:cluj,2,,
ro:commune:jichisu-de-jos,RO,commune,Jichișu de Jos,,,ro:department:cluj,2,,
ro:commune:jucu,RO,commune,Jucu,,,ro:department:cluj,2,,
ro:commune:luna,RO,commune,Luna,,,ro:department:cluj,2,,
ro:commune:maguri-racatau,RO,commune,Măguri-Răcătău,,,ro:department:cluj,2,,
ro:commune:manastireni,RO,commune,Mănăstireni,,,ro:department:cluj,2,,
ro:commune:margau,RO,commune,Mărgău,,,ro:department:cluj,2,,
ro:commune:marisel,RO,commune,Mărișel,,,ro:department:cluj,2,,
ro:commune:mica,RO,commune,Mica,,,ro:department:cluj,2,,
ro:commune:mihai-viteazu,RO,commune,Mihai Viteazu,,,ro:department:cluj,2,,
ro:commune:mintiu-gherlii,RO,commune,Mintiu Gherlii,,,ro:department:cluj,2,,
ro:commune:mociu,RO,commune,Mociu,,,ro:department:cluj,2,,
ro:commune:moldovenesti,RO,commune,Moldovenești,,,ro:department:cluj,2,,
ro:commune:negreni,RO,commune,Negreni,,,ro:department:cluj,2,,
ro:commune:palatca,RO,commune,Pălatca,,,ro:department:cluj,2,,
ro:commune:panticeu,RO,commune,Panticeu,,,ro:department:cluj,2,,
ro:commune:petrestii-de-jos,RO,commune,Petreștii de Jos,,,ro:department:cluj,2,,
ro:commune:ploscos,RO,commune,Ploscoș,,,ro:department:cluj,2,,
ro:commune:poieni,RO,commune,Poieni,,,ro:department:cluj,2,,
ro:commune:rasca,RO,commune,Râșca,,,ro:department:cluj,2,,
ro:commune:recea-cristur,RO,commune,Recea-Cristur,,,ro:department:cluj,2,,
ro:commune:sacuieu,RO,commune,Săcuieu,,,ro:department:cluj,2,,
ro:commune:sandulesti,RO,commune,Săndulești,,,ro:department:cluj,2,,
ro:commune:savadisla,RO,commune,Săvădisla,,,ro:department:cluj,2,,
ro:commune:sancraiu,RO,commune,Sâncraiu,,,ro:department:cluj,2,,
ro:commune:cluj:sanmartin,RO,commune,Sânmartin,,,ro:department:cluj,2,,
ro:commune:sanpaul,RO,commune,Sânpaul,,,ro:department:cluj,2,,
ro:commune:sic,RO,commune,Sic,,,ro:department:cluj,2,,
ro:commune:suatu,RO,commune,Suatu,,,ro:department:cluj,2,,
ro:commune:tritenii-de-jos,RO,commune,Tritenii de Jos,,,ro:department:cluj,2,,
ro:commune:tureni,RO,commune,Tureni,,,ro:department:cluj,2,,
ro:commune:taga,RO,commune,Țaga,,,ro:department:cluj,2,,
ro:commune:unguras,RO,commune,Unguraș,,,ro:department:cluj,2,,
ro:commune:vad,RO,commune,Vad,,,ro:department:cluj,2,,
ro:commune:valea-ierii,RO,commune,Valea Ierii,,,ro:department:cluj,2,,
ro:commune:cluj:viisoara,RO,commune,Viișoara,,,ro:department:cluj,2,,
ro:commune:cluj:vultureni,RO,commune,Vultureni,,,ro:department:cluj,2,,
ro:municipality:constanta,RO,municipality,Constanța,,,ro:department:constanta,2,,
ro:municipality:mangalia,RO,municipality,Mangalia,,,ro:department:constanta,2,,
ro:municipality:medgidia,RO,municipality,Medgidia,,,ro:department:constanta,2,,
ro:town:baneasa,RO,town,Băneasa,,,ro:department:constanta,2,,
ro:town:cernavoda,RO,town,Cernavodă,,,ro:department:constanta,2,,
ro:town:eforie,RO,town,Eforie,,,ro:department:constanta,2,,
ro:town:harsova,RO,town,Hârșova,,,ro:department:constanta,2,,
ro:town:murfatlar,RO,town,Murfatlar,,,ro:department:constanta,2,,
ro:town:negru-voda,RO,town,Negru Vodă,,,ro:department:constanta,2,,
ro:town:navodari,RO,town,Năvodari,,,ro:department:constanta,2,,
ro:town:ovidiu,RO,town,Ovidiu,,,ro:department:constanta,2,,
ro:town:techirghiol,RO,town,Techirghiol,,,ro:department:constanta,2,,
ro:commune:23-august,RO,commune,23 August,,,ro:department:constanta,2,,
ro:commune:adamclisi,RO,commune,Adamclisi,,,ro:department:constanta,2,,
ro:commune:agigea,RO,commune,Agigea,,,ro:department:constanta,2,,
ro:commune:constanta:albesti,RO,commune,Albești,,,ro:department:constanta,2,,
ro:commune:aliman,RO,commune,Aliman,,,ro:department:constanta,2,,
ro:commune:amzacea,RO,commune,Amzacea,,,ro:department:constanta,2,,
ro:commune:baraganu,RO,commune,Bărăganu,,,ro:department:constanta,2,,
ro:commune:castelu,RO,commune,Castelu,,,ro:department:constanta,2,,
ro:commune:cerchezu,RO,commune,Cerchezu,,,ro:department:constanta,2,,
ro:commune:chirnogeni,RO,commune,Chirnogeni,,,ro:department:constanta,2,,
ro:commune:ciobanu,RO,commune,Ciobanu,,,ro:department:constanta,2,,
ro:commune:ciocarlia,RO,commune,Ciocârlia,,,ro:department:constanta,2,,
ro:commune:cobadin,RO,commune,Cobadin,,,ro:department:constanta,2,,
ro:commune:cogealac,RO,commune,Cogealac,,,ro:department:constanta,2,,
ro:commune:constanta:comana,RO,commune,Comana,,,ro:department:constanta,2,,
ro:commune:corbu,RO,commune,Corbu,,,ro:department:constanta,2,,
ro:commune:costinesti,RO,commune,Costinești,,,ro:department:constanta,2,,
ro:commune:crucea,RO,commune,Crucea,,,ro:department:constanta,2,,
ro:commune:cumpana,RO,commune,Cumpăna,,,ro:department:constanta,2,,
ro:commune:cuza-voda,RO,commune,Cuza Vodă,,,ro:department:constanta,2,,
ro:commune:deleni,RO,commune,Deleni,,,ro:department:constanta,2,,
ro:commune:dobromir,RO,commune,Dobromir,,,ro:department:constanta,2,,
ro:commune:dumbraveni,RO,commune,Dumbrăveni,,,ro:department:constanta,2,,
ro:commune:constanta:fantanele,RO,commune,Fântânele,,,ro:department:constanta,2,,
ro:commune:garliciu,RO,commune,Gârliciu,,,ro:department:constanta,2,,
ro:commune:ghindaresti,RO,commune,Ghindărești,,,ro:department:constanta,2,,
ro:commune:gradina,RO,commune,Grădina,,,ro:department:constanta,2,,
ro:commune:horia,RO,commune,Horia,,,ro:department:constanta,2,,
ro:commune:independenta,RO,commune,Independența,,,ro:department:constanta,2,,
ro:commune:ion-corvin,RO,commune,Ion Corvin,,,ro:department:constanta,2,,
ro:commune:istria,RO,commune,Istria,,,ro:department:constanta,2,,
ro:commune:limanu,RO,commune,Limanu,,,ro:department:constanta,2,,
ro:commune:lipnita,RO,commune,Lipnița,,,ro:department:constanta,2,,
ro:commune:lumina,RO,commune,Lumina,,,ro:department:constanta,2,,
ro:commune:mereni,RO,commune,Mereni,,,ro:department:constanta,2,,
ro:commune:constanta:mihai-viteazu,RO,commune,Mihai Viteazu,,,ro:department:constanta,2,,
ro:commune:mihail-kogalniceanu,RO,commune,Mihail Kogălniceanu,,,ro:department:constanta,2,,
ro:commune:constanta:mircea-voda,RO,commune,Mircea Vodă,,,ro:department:constanta,2,,
ro:commune:constanta:nicolae-balcescu,RO,commune,Nicolae Bălcescu,,,ro:department:constanta,2,,
ro:commune:oltina,RO,commune,Oltina,,,ro:department:constanta,2,,
ro:commune:ostrov,RO,commune,Ostrov,,,ro:department:constanta,2,,
ro:commune:pantelimon,RO,commune,Pantelimon,,,ro:department:constanta,2,,
ro:commune:pecineaga,RO,commune,Pecineaga,,,ro:department:constanta,2,,
ro:commune:pestera,RO,commune,Peștera,,,ro:department:constanta,2,,
ro:commune:poarta-alba,RO,commune,Poarta Albă,,,ro:department:constanta,2,,
ro:commune:rasova,RO,commune,Rasova,,,ro:department:constanta,2,,
ro:commune:saligny,RO,commune,Saligny,,,ro:department:constanta,2,,
ro:commune:saraiu,RO,commune,Saraiu,,,ro:department:constanta,2,,
ro:commune:sacele,RO,commune,Săcele,,,ro:department:constanta,2,,
ro:commune:seimeni,RO,commune,Seimeni,,,ro:department:constanta,2,,
ro:commune:constanta:silistea,RO,commune,Siliștea,,,ro:department:constanta,2,,
ro:commune:targusor,RO,commune,Târgușor,,,ro:department:constanta,2,,
ro:commune:topalu,RO,commune,Topalu,,,ro:department:constanta,2,,
ro:commune:topraisar,RO,commune,Topraisar,,,ro:department:constanta,2,,
ro:commune:tortoman,RO,commune,Tortoman,,,ro:department:constanta,2,,
ro:commune:tuzla,RO,commune,Tuzla,,,ro:department:constanta,2,,
ro:commune:valu-lui-traian,RO,commune,Valu lui Traian,,,ro:department:constanta,2,,
ro:commune:vulturu,RO,commune,Vulturu,,,ro:department:constanta,2,,
ro:municipality:sfantu-gheorghe,RO,municipality,Sfântu Gheorghe,,,ro:department:covasna,2,,
ro:municipality:targu-secuiesc,RO,municipality,Târgu Secuiesc,,,ro:department:covasna,2,,
ro:town:baraolt,RO,town,Baraolt,,,ro:department:covasna,2,,
ro:town:covasna,RO,town,Covasna,,,ro:department:covasna,2,,
ro:town:intorsura-buzaului,RO,town,Întorsura Buzăului,,,ro:department:covasna,2,,
ro:commune:aita-mare,RO,commune,Aita Mare,,,ro:department:covasna,2,,
ro:commune:arcus,RO,commune,Arcuș,,,ro:department:covasna,2,,
ro:commune:barcani,RO,commune,Barcani,,,ro:department:covasna,2,,
ro:commune:batani,RO,commune,Bățani,,,ro:department:covasna,2,,
ro:commune:belin,RO,commune,Belin,,,ro:department:covasna,2,,
ro:commune:bixad,RO,commune,Bixad,,,ro:department:covasna,2,,
ro:commune:bodoc,RO,commune,Bodoc,,,ro:department:covasna,2,,
ro:commune:borosneu-mare,RO,commune,Boroșneu Mare,,,ro:department:covasna,2,,
ro:commune:bradut,RO,commune,Brăduț,,,ro:department:covasna,2,,
ro:commune:brates,RO,commune,Brateș,,,ro:department:covasna,2,,
ro:commune:bretcu,RO,commune,Brețcu,,,ro:department:covasna,2,,
ro:commune:catalina,RO,commune,Catalina,,,ro:department:covasna,2,,
ro:commune:cernat,RO,commune,Cernat,,,ro:department:covasna,2,,
ro:commune:chichis,RO,commune,Chichiș,,,ro:department:covasna,2,,
ro:commune:comandau,RO,commune,Comandău,,,ro:department:covasna,2,,
ro:commune:dalnic,RO,commune,Dalnic,,,ro:department:covasna,2,,
ro:commune:dobarlau,RO,commune,Dobârlău,,,ro:department:covasna,2,,
ro:commune:estelnic,RO,commune,Estelnic,,,ro:department:covasna,2,,
ro:commune:ghelinta,RO,commune,Ghelința,,,ro:department:covasna,2,,
ro:commune:ghidfalau,RO,commune,Ghidfalău,,,ro:department:covasna,2,,
ro:commune:haghig,RO,commune,Hăghig,,,ro:department:covasna,2,,
ro:commune:ilieni,RO,commune,Ilieni,,,ro:department:covasna,2,,
ro:commune:lemnia,RO,commune,Lemnia,,,ro:department:covasna,2,,
ro:commune:malnas,RO,commune,Malnaș,,,ro:department:covasna,2,,
ro:commune:covasna:mereni,RO,commune,Mereni,,,ro:department:covasna,2,,
ro:commune:micfalau,RO,commune,Micfalău,,,ro:department:covasna,2,,
ro:commune:moacsa,RO,commune,Moacșa,,,ro:department:covasna,2,,
ro:commune:ojdula,RO,commune,Ojdula,,,ro:department:covasna,2,,
ro:commune:ozun,RO,commune,Ozun,,,ro:department:covasna,2,,
ro:commune:poian,RO,commune,Poian,,,ro:department:covasna,2,,
ro:commune:reci,RO,commune,Reci,,,ro:department:covasna,2,,
ro:commune:sanzieni,RO,commune,Sânzieni,,,ro:department:covasna,2,,
ro:commune:sita-buzaului,RO,commune,Sita Buzăului,,,ro:department:covasna,2,,
ro:commune:turia,RO,commune,Turia,,,ro:department:covasna,2,,
ro:commune:valcele,RO,commune,Vâlcele,,,ro:department:covasna,2,,
ro:commune:valea-crisului,RO,commune,Valea Crișului,,,ro:department:covasna,2,,
ro:commune:valea-mare,RO,commune,Valea Mare,,,ro:department:covasna,2,,
ro:commune:varghis,RO,commune,Vârghiș,,,ro:department:covasna,2,,
ro:commune:zabala,RO,commune,Zăbala,,,ro:department:covasna,2,,
ro:commune:zagon,RO,commune,Zagon,,,ro:department:covasna,2,,
ro:municipality:calarasi,RO,municipality,Călărași,,,ro:department:calarasi,2,,
ro:municipality:oltenita,RO,municipality,Oltenița,,,ro:department:calarasi,2,,
ro:town:budesti,RO,town,Budești,,,ro:department:calarasi,2,,
ro:town:fundulea,RO,town,Fundulea,,,ro:department:calarasi,2,,
ro:town:lehliu-gara,RO,town,Lehliu-Gară,,,ro:department:calarasi,2,,
ro:commune:alexandru-odobescu,RO,commune,Alexandru Odobescu,,,ro:department:calarasi,2,,
ro:commune:belciugatele,RO,commune,Belciugatele,,,ro:department:calarasi,2,,
ro:commune:borcea,RO,commune,Borcea,,,ro:department:calarasi,2,,
ro:commune:cascioarele,RO,commune,Căscioarele,,,ro:department:calarasi,2,,
ro:commune:chirnogi,RO,commune,Chirnogi,,,ro:department:calarasi,2,,
ro:commune:chiselet,RO,commune,Chiselet,,,ro:department:calarasi,2,,
ro:commune:crivat,RO,commune,Crivăț,,,ro:department:calarasi,2,,
ro:commune:ciocanesti,RO,commune,Ciocănești,,,ro:department:calarasi,2,,
ro:commune:curcani,RO,commune,Curcani,,,ro:department:calarasi,2,,
ro:commune:calarasi:cuza-voda,RO,commune,Cuza Vodă,,,ro:department:calarasi,2,,
ro:commune:dichiseni,RO,commune,Dichiseni,,,ro:department:calarasi,2,,
ro:commune:dor-marunt,RO,commune,Dor Mărunt,,,ro:department:calarasi,2,,
ro:commune:dorobantu,RO,commune,Dorobanțu,,,ro:department:calarasi,2,,
ro:commune:dragalina,RO,commune,Dragalina,,,ro:department:calarasi,2,,
ro:commune:dragos-voda,RO,commune,Dragoș Vodă,,,ro:department:calarasi,2,,
ro:commune:frasinet,RO,commune,Frăsinet,,,ro:department:calarasi,2,,
ro:commune:frumusani,RO,commune,Frumușani,,,ro:department:calarasi,2,,
ro:commune:fundeni,RO,commune,Fundeni,,,ro:department:calarasi,2,,
ro:commune:calarasi:galbinasi,RO,commune,Gălbinași,,,ro:department:calarasi,2,,
ro:commune:calarasi:gradistea,RO,commune,Grădiștea,,,ro:department:calarasi,2,,
ro:commune:gurbanesti,RO,commune,Gurbănești,,,ro:department:calarasi,2,,
ro:commune:ileana,RO,commune,Ileana,,,ro:department:calarasi,2,,
ro:commune:calarasi:independenta,RO,commune,Independența,,,ro:department:calarasi,2,,
ro:commune:jegalia,RO,commune,Jegălia,,,ro:department:calarasi,2,,
ro:commune:lehliu,RO,commune,Lehliu,,,ro:department:calarasi,2,,
ro:commune:luica,RO,commune,Luica,,,ro:department:calarasi,2,,
ro:commune:lupsanu,RO,commune,Lupșanu,,,ro:department:calarasi,2,,
ro:commune:manastirea,RO,commune,Mânăstirea,,,ro:department:calarasi,2,,
ro:commune:mitreni,RO,commune,Mitreni,,,ro:department:calarasi,2,,
ro:commune:modelu,RO,commune,Modelu,,,ro:department:calarasi,2,,
ro:commune:nana,RO,commune,Nana,,,ro:department:calarasi,2,,
ro:commune:calarasi:nicolae-balcescu,RO,commune,Nicolae Bălcescu,,,ro:department:calarasi,2,,
ro:commune:perisoru,RO,commune,Perișoru,,,ro:department:calarasi,2,,
ro:commune:plataresti,RO,commune,Plătărești,,,ro:department:calarasi,2,,
ro:commune:radovanu,RO,commune,Radovanu,,,ro:department:calarasi,2,,
ro:commune:roseti,RO,commune,Roseți,,,ro:department:calarasi,2,,
ro:commune:calarasi:sarulesti,RO,commune,Sărulești,,,ro:department:calarasi,2,,
ro:commune:sohatu,RO,commune,Sohatu,,,ro:department:calarasi,2,,
ro:commune:spantov,RO,commune,Spanțov,,,ro:department:calarasi,2,,
ro:commune:soldanu,RO,commune,Șoldanu,,,ro:department:calarasi,2,,
ro:commune:calarasi:stefan-cel-mare,RO,commune,Ștefan cel Mare,,,ro:department:calarasi,2,,
ro:commune:stefan-voda,RO,commune,Ștefan Vodă,,,ro:department:calarasi,2,,
ro:commune:tamadau-mare,RO,commune,Tămădău Mare,,,ro:department:calarasi,2,,
ro:commune:calarasi:ulmeni,RO,commune,Ulmeni,,,ro:department:calarasi,2,,
ro:commune:calarasi:ulmu,RO,commune,Ulmu,,,ro:department:calarasi,2,,
ro:commune:calarasi:unirea,RO,commune,Unirea,,,ro:department:calarasi,2,,
ro:commune:valea-argovei,RO,commune,Valea Argovei,,,ro:department:calarasi,2,,
ro:commune:vasilati,RO,commune,Vasilați,,,ro:department:calarasi,2,,
ro:commune:calarasi:valcelele,RO,commune,Vâlcelele,,,ro:department:calarasi,2,,
ro:commune:vlad-tepes,RO,commune,Vlad Țepeș,,,ro:department:calarasi,2,,
ro:municipality:bailesti,RO,municipality,Băilești,,,ro:department:dolj,2,,
ro:municipality:calafat,RO,municipality,Calafat,,,ro:department:dolj,2,,
ro:municipality:craiova,RO,municipality,Craiova,,,ro:department:dolj,2,,
ro:town:bechet,RO,town,Bechet,,,ro:department:dolj,2,,
ro:town:dabuleni,RO,town,Dăbuleni,,,ro:department:dolj,2,,
ro:town:filiasi,RO,town,Filiași,,,ro:department:dolj,2,,
ro:town:segarcea,RO,town,Segarcea,,,ro:department:dolj,2,,
ro:commune:afumati,RO,commune,Afumați,,,ro:department:dolj,2,,
ro:commune:almaj,RO,commune,Almăj,,,ro:department:dolj,2,,
ro:commune:amarastii-de-jos,RO,commune,Amărăștii de Jos,,,ro:department:dolj,2,,
ro:commune:amarastii-de-sus,RO,commune,Amărăștii de Sus,,,ro:department:dolj,2,,
ro:commune:apele-vii,RO,commune,Apele Vii,,,ro:department:dolj,2,,
ro:commune:argetoaia,RO,commune,Argetoaia,,,ro:department:dolj,2,,
ro:commune:barca,RO,commune,Bârca,,,ro:department:dolj,2,,
ro:commune:bistret,RO,commune,Bistreț,,,ro:department:dolj,2,,
ro:commune:botosesti-paia,RO,commune,Botoșești-Paia,,,ro:department:dolj,2,,
ro:commune:brabova,RO,commune,Brabova,,,ro:department:dolj,2,,
ro:commune:bradesti,RO,commune,Brădești,,,ro:department:dolj,2,,
ro:commune:bralostita,RO,commune,Braloștița,,,ro:department:dolj,2,,
ro:commune:bratovoesti,RO,commune,Bratovoești,,,ro:department:dolj,2,,
ro:commune:breasta,RO,commune,Breasta,,,ro:department:dolj,2,,
ro:commune:bucovat,RO,commune,Bucovăț,,,ro:department:dolj,2,,
ro:commune:bulzesti,RO,commune,Bulzești,,,ro:department:dolj,2,,
ro:commune:dolj:calarasi,RO,commune,Călărași,,,ro:department:dolj,2,,
ro:commune:calopar,RO,commune,Calopăr,,,ro:department:dolj,2,,
ro:commune:caraula,RO,commune,Caraula,,,ro:department:dolj,2,,
ro:commune:carcea,RO,commune,Cârcea,,,ro:department:dolj,2,,
ro:commune:carna,RO,commune,Cârna,,,ro:department:dolj,2,,
ro:commune:carpen,RO,commune,Carpen,,,ro:department:dolj,2,,
ro:commune:castranova,RO,commune,Castranova,,,ro:department:dolj,2,,
ro:commune:catane,RO,commune,Catane,,,ro:department:dolj,2,,
ro:commune:celaru,RO,commune,Celaru,,,ro:department:dolj,2,,
ro:commune:cerat,RO,commune,Cerăt,,,ro:department:dolj,2,,
ro:commune:dolj:cernatesti,RO,commune,Cernătești,,,ro:department:dolj,2,,
ro:commune:dolj:cetate,RO,commune,Cetate,,,ro:department:dolj,2,,
ro:commune:cioroiasi,RO,commune,Cioroiași,,,ro:department:dolj,2,,
ro:commune:ciupercenii-noi,RO,commune,Ciupercenii Noi,,,ro:department:dolj,2,,
ro:commune:cosoveni,RO,commune,Coșoveni,,,ro:department:dolj,2,,
ro:commune:cotofenii-din-dos,RO,commune,Coțofenii din Dos,,,ro:department:dolj,2,,
ro:commune:cotofenii-din-fata,RO,commune,Coțofenii din Față,,,ro:department:dolj,2,,
ro:commune:daneti,RO,commune,Daneți,,,ro:department:dolj,2,,
ro:commune:desa,RO,commune,Desa,,,ro:department:dolj,2,,
ro:commune:diosti,RO,commune,Dioști,,,ro:department:dolj,2,,
ro:commune:dolj:dobresti,RO,commune,Dobrești,,,ro:department:dolj,2,,
ro:commune:dobrotesti,RO,commune,Dobrotești,,,ro:department:dolj,2,,
ro:commune:dragotesti,RO,commune,Drăgotești,,,ro:department:dolj,2,,
ro:commune:dranic,RO,commune,Drănic,,,ro:department:dolj,2,,
ro:commune:farcas,RO,commune,Fărcaș,,,ro:department:dolj,2,,
ro:commune:galicea-mare,RO,commune,Galicea Mare,,,ro:department:dolj,2,,
ro:commune:galiciuica,RO,commune,Galiciuica,,,ro:department:dolj,2,,
ro:commune:gangiova,RO,commune,Gângiova,,,ro:department:dolj,2,,
ro:commune:ghercesti,RO,commune,Ghercești,,,ro:department:dolj,2,,
ro:commune:ghidici,RO,commune,Ghidici,,,ro:department:dolj,2,,
ro:commune:ghindeni,RO,commune,Ghindeni,,,ro:department:dolj,2,,
ro:commune:gighera,RO,commune,Gighera,,,ro:department:dolj,2,,
ro:commune:giubega,RO,commune,Giubega,,,ro:department:dolj,2,,
ro:commune:giurgita,RO,commune,Giurgița,,,ro:department:dolj,2,,
ro:commune:gogosu,RO,commune,Gogoșu,,,ro:department:dolj,2,,
ro:commune:goicea,RO,commune,Goicea,,,ro:department:dolj,2,,
ro:commune:goiesti,RO,commune,Goiești,,,ro:department:dolj,2,,
ro:commune:grecesti,RO,commune,Grecești,,,ro:department:dolj,2,,
ro:commune:intorsura,RO,commune,Întorsura,,,ro:department:dolj,2,,
ro:commune:isalnita,RO,commune,Ișalnița,,,ro:department:dolj,2,,
ro:commune:izvoare,RO,commune,Izvoare,,,ro:department:dolj,2,,
ro:commune:leu,RO,commune,Leu,,,ro:department:dolj,2,,
ro:commune:lipovu,RO,commune,Lipovu,,,ro:department:dolj,2,,
ro:commune:macesu-de-jos,RO,commune,Măceșu de Jos,,,ro:department:dolj,2,,
ro:commune:macesu-de-sus,RO,commune,Măceșu de Sus,,,ro:department:dolj,2,,
ro:commune:maglavit,RO,commune,Maglavit,,,ro:department:dolj,2,,
ro:commune:malu-mare,RO,commune,Malu Mare,,,ro:department:dolj,2,,
ro:commune:marsani,RO,commune,Mârșani,,,ro:department:dolj,2,,
ro:commune:melinesti,RO,commune,Melinești,,,ro:department:dolj,2,,
ro:commune:mischii,RO,commune,Mischii,,,ro:department:dolj,2,,
ro:commune:motatei,RO,commune,Moțăței,,,ro:department:dolj,2,,
ro:commune:murgasi,RO,commune,Murgași,,,ro:department:dolj,2,,
ro:commune:negoi,RO,commune,Negoi,,,ro:department:dolj,2,,
ro:commune:orodel,RO,commune,Orodel,,,ro:department:dolj,2,,
ro:commune:ostroveni,RO,commune,Ostroveni,,,ro:department:dolj,2,,
ro:commune:perisor,RO,commune,Perișor,,,ro:department:dolj,2,,
ro:commune:pielesti,RO,commune,Pielești,,,ro:department:dolj,2,,
ro:commune:piscu-vechi,RO,commune,Piscu Vechi,,,ro:department:dolj,2,,
ro:commune:plenita,RO,commune,Plenița,,,ro:department:dolj,2,,
ro:commune:plesoi,RO,commune,Pleșoi,,,ro:department:dolj,2,,
ro:commune:podari,RO,commune,Podari,,,ro:department:dolj,2,,
ro:commune:poiana-mare,RO,commune,Poiana Mare,,,ro:department:dolj,2,,
ro:commune:predesti,RO,commune,Predești,,,ro:department:dolj,2,,
ro:commune:radovan,RO,commune,Radovan,,,ro:department:dolj,2,,
ro:commune:rast,RO,commune,Rast,,,ro:department:dolj,2,,
ro:commune:robanesti,RO,commune,Robănești,,,ro:department:dolj,2,,
ro:commune:rojiste,RO,commune,Rojiște,,,ro:department:dolj,2,,
ro:commune:sadova,RO,commune,Sadova,,,ro:department:dolj,2,,
ro:commune:salcuta,RO,commune,Sălcuța,,,ro:department:dolj,2,,
ro:commune:scaesti,RO,commune,Scăești,,,ro:department:dolj,2,,
ro:commune:seaca-de-camp,RO,commune,Seaca de Câmp,,,ro:department:dolj,2,,
ro:commune:seaca-de-padure,RO,commune,Seaca de Pădure,,,ro:department:dolj,2,,
ro:commune:secu,RO,commune,Secu,,,ro:department:dolj,2,,
ro:commune:silistea-crucii,RO,commune,Siliștea Crucii,,,ro:department:dolj,2,,
ro:commune:simnicu-de-sus,RO,commune,Șimnicu de Sus,,,ro:department:dolj,2,,
ro:commune:sopot,RO,commune,Sopot,,,ro:department:dolj,2,,
ro:commune:talpas,RO,commune,Tălpaș,,,ro:department:dolj,2,,
ro:commune:teasc,RO,commune,Teasc,,,ro:department:dolj,2,,
ro:commune:terpezita,RO,commune,Terpezița,,,ro:department:dolj,2,,
ro:commune:teslui,RO,commune,Teslui,,,ro:department:dolj,2,,
ro:commune:tuglui,RO,commune,Țuglui,,,ro:department:dolj,2,,
ro:commune:dolj:unirea,RO,commune,Unirea,,,ro:department:dolj,2,,
ro:commune:urzicuta,RO,commune,Urzicuța,,,ro:department:dolj,2,,
ro:commune:valea-stanciului,RO,commune,Valea Stanciului,,,ro:department:dolj,2,,
ro:commune:vartop,RO,commune,Vârtop,,,ro:department:dolj,2,,
ro:commune:varvoru-de-jos,RO,commune,Vârvoru de Jos,,,ro:department:dolj,2,,
ro:commune:vela,RO,commune,Vela,,,ro:department:dolj,2,,
ro:commune:verbita,RO,commune,Verbița,,,ro:department:dolj,2,,
ro:municipality:moreni,RO,municipality,Moreni,,,ro:department:dambovita,2,,
ro:municipality:targoviste,RO,municipality,Târgoviște,,,ro:department:dambovita,2,,
ro:town:fieni,RO,town,Fieni,,,ro:department:dambovita,2,,
ro:town:gaesti,RO,town,Găești,,,ro:department:dambovita,2,,
ro:town:pucioasa,RO,town,Pucioasa,,,ro:department:dambovita,2,,
ro:town:racari,RO,town,Răcari,,,ro:department:dambovita,2,,
ro:town:titu,RO,town,Titu,,,ro:department:dambovita,2,,
ro:commune:dambovita:aninoasa,RO,commune,Aninoasa,,,ro:department:dambovita,2,,
ro:commune:baleni,RO,commune,Băleni,,,ro:department:dambovita,2,,
ro:commune:barbuletu,RO,commune,Bărbulețu,,,ro:department:dambovita,2,,
ro:commune:bezdead,RO,commune,Bezdead,,,ro:department:dambovita,2,,
ro:commune:bilciuresti,RO,commune,Bilciurești,,,ro:department:dambovita,2,,
ro:commune:dambovita:branistea,RO,commune,Braniștea,,,ro:department:dambovita,2,,
ro:commune:branesti,RO,commune,Brănești,,,ro:department:dambovita,2,,
ro:commune:brezoaele,RO,commune,Brezoaele,,,ro:department:dambovita,2,,
ro:commune:buciumeni,RO,commune,Buciumeni,,,ro:department:dambovita,2,,
ro:commune:bucsani,RO,commune,Bucșani,,,ro:department:dambovita,2,,
ro:commune:butimanu,RO,commune,Butimanu,,,ro:department:dambovita,2,,
ro:commune:dambovita:candesti,RO,commune,Cândești,,,ro:department:dambovita,2,,
ro:commune:dambovita:ciocanesti,RO,commune,Ciocănești,,,ro:department:dambovita,2,,
ro:commune:cobia,RO,commune,Cobia,,,ro:department:dambovita,2,,
ro:commune:cojasca,RO,commune,Cojasca,,,ro:department:dambovita,2,,
ro:commune:comisani,RO,commune,Comișani,,,ro:department:dambovita,2,,
ro:commune:contesti,RO,commune,Conțești,,,ro:department:dambovita,2,,
ro:commune:corbii-mari,RO,commune,Corbii Mari,,,ro:department:dambovita,2,,
ro:commune:cornatelu,RO,commune,Cornățelu,,,ro:department:dambovita,2,,
ro:commune:dambovita:cornesti,RO,commune,Cornești,,,ro:department:dambovita,2,,
ro:commune:costestii-din-vale,RO,commune,Costeștii din Vale,,,ro:department:dambovita,2,,
ro:commune:crangurile,RO,commune,Crângurile,,,ro:department:dambovita,2,,
ro:commune:crevedia,RO,commune,Crevedia,,,ro:department:dambovita,2,,
ro:commune:dambovita:darmanesti,RO,commune,Dărmănești,,,ro:department:dambovita,2,,
ro:commune:dobra,RO,commune,Dobra,,,ro:department:dambovita,2,,
ro:commune:doicesti,RO,commune,Doicești,,,ro:department:dambovita,2,,
ro:commune:dragodana,RO,commune,Dragodana,,,ro:department:dambovita,2,,
ro:commune:dragomiresti,RO,commune,Dragomirești,,,ro:department:dambovita,2,,
ro:commune:finta,RO,commune,Finta,,,ro:department:dambovita,2,,
ro:commune:glodeni,RO,commune,Glodeni,,,ro:department:dambovita,2,,
ro:commune:gura-foii,RO,commune,Gura Foii,,,ro:department:dambovita,2,,
ro:commune:gura-ocnitei,RO,commune,Gura Ocniței,,,ro:department:dambovita,2,,
ro:commune:gura-sutii,RO,commune,Gura Șuții,,,ro:department:dambovita,2,,
ro:commune:hulubesti,RO,commune,Hulubești,,,ro:department:dambovita,2,,
ro:commune:i-l-caragiale,RO,commune,I. L. Caragiale,,,ro:department:dambovita,2,,
ro:commune:iedera,RO,commune,Iedera,,,ro:department:dambovita,2,,
ro:commune:lucieni,RO,commune,Lucieni,,,ro:department:dambovita,2,,
ro:commune:ludesti,RO,commune,Ludești,,,ro:department:dambovita,2,,
ro:commune:lunguletu,RO,commune,Lungulețu,,,ro:department:dambovita,2,,
ro:commune:malu-cu-flori,RO,commune,Malu cu Flori,,,ro:department:dambovita,2,,
ro:commune:manesti,RO,commune,Mănești,,,ro:department:dambovita,2,,
ro:commune:matasaru,RO,commune,Mătăsaru,,,ro:department:dambovita,2,,
ro:commune:mogosani,RO,commune,Mogoșani,,,ro:department:dambovita,2,,
ro:commune:moroeni,RO,commune,Moroeni,,,ro:department:dambovita,2,,
ro:commune:morteni,RO,commune,Morteni,,,ro:department:dambovita,2,,
ro:commune:motaieni,RO,commune,Moțăieni,,,ro:department:dambovita,2,,
ro:commune:niculesti,RO,commune,Niculești,,,ro:department:dambovita,2,,
ro:commune:nucet,RO,commune,Nucet,,,ro:department:dambovita,2,,
ro:commune:ocnita,RO,commune,Ocnița,,,ro:department:dambovita,2,,
ro:commune:dambovita:odobesti,RO,commune,Odobești,,,ro:department:dambovita,2,,
ro:commune:persinari,RO,commune,Perșinari,,,ro:department:dambovita,2,,
ro:commune:pietrari,RO,commune,Pietrari,,,ro:department:dambovita,2,,
ro:commune:petresti,RO,commune,Petrești,,,ro:department:dambovita,2,,
ro:commune:pietrosita,RO,commune,Pietroșița,,,ro:department:dambovita,2,,
ro:commune:poiana,RO,commune,Poiana,,,ro:department:dambovita,2,,
ro:commune:potlogi,RO,commune,Potlogi,,,ro:department:dambovita,2,,
ro:commune:produlesti,RO,commune,Produlești,,,ro:department:dambovita,2,,
ro:commune:pucheni,RO,commune,Pucheni,,,ro:department:dambovita,2,,
ro:commune:raciu,RO,commune,Raciu,,,ro:department:dambovita,2,,
ro:commune:rascaeti,RO,commune,Răscăeți,,,ro:department:dambovita,2,,
ro:commune:razvad,RO,commune,Răzvad,,,ro:department:dambovita,2,,
ro:commune:rau-alb,RO,commune,Râu Alb,,,ro:department:dambovita,2,,
ro:commune:runcu,RO,commune,Runcu,,,ro:department:dambovita,2,,
ro:commune:salcioara,RO,commune,Sălcioara,,,ro:department:dambovita,2,,
ro:commune:slobozia-moara,RO,commune,Slobozia Moară,,,ro:department:dambovita,2,,
ro:commune:selaru-dambovita,RO,commune,"Șelaru, Dâmbovița",,,ro:department:dambovita,2,,
ro:commune:sotanga,RO,commune,Șotânga,,,ro:department:dambovita,2,,
ro:commune:tartasesti,RO,commune,Tărtășești,,,ro:department:dambovita,2,,
ro:commune:tatarani,RO,commune,Tătărani,,,ro:department:dambovita,2,,
ro:commune:uliesti,RO,commune,Uliești,,,ro:department:dambovita,2,,
ro:commune:ulmi,RO,commune,Ulmi,,,ro:department:dambovita,2,,
ro:commune:vacaresti,RO,commune,Văcărești,,,ro:department:dambovita,2,,
ro:commune:dambovita:valea-lunga,RO,commune,Valea Lungă,,,ro:department:dambovita,2,,
ro:commune:dambovita:valea-mare,RO,commune,Valea Mare,,,ro:department:dambovita,2,,
ro:commune:valeni-dambovita,RO,commune,Văleni-Dâmbovița,,,ro:department:dambovita,2,,
ro:commune:varfuri,RO,commune,Vârfuri,,,ro:department:dambovita,2,,
ro:commune:visina,RO,commune,Vișina,,,ro:department:dambovita,2,,
ro:commune:visinesti,RO,commune,Vișinești,,,ro:department:dambovita,2,,
ro:commune:dambovita:vladeni,RO,commune,Vlădeni,,,ro:department:dambovita,2,,
ro:commune:voinesti,RO,commune,Voinești,,,ro:department:dambovita,2,,
ro:commune:vulcana-bai,RO,commune,Vulcana-Băi,,,ro:department:dambovita,2,,
ro:commune:vulcana-pandele,RO,commune,Vulcana-Pandele,,,ro:department:dambovita,2,,
ro:municipality:galati,RO,municipality,Galați,,,ro:department:galati,2,,
ro:municipality:tecuci,RO,municipality,Tecuci,,,ro:department:galati,2,,
ro:town:beresti,RO,town,Berești,,,ro:department:galati,2,,
ro:town:targu-bujor,RO,town,Târgu Bujor,,,ro:department:galati,2,,
ro:commune:balabanesti,RO,commune,Bălăbănești,,,ro:department:galati,2,,
ro:commune:balasesti,RO,commune,Bălășești,,,ro:department:galati,2,,
ro:commune:galati:baleni,RO,commune,Băleni,,,ro:department:galati,2,,
ro:commune:baneasa,RO,commune,Băneasa,,,ro:department:galati,2,,
ro:commune:barcea,RO,commune,Barcea,,,ro:department:galati,2,,
ro:commune:beresti-meria,RO,commune,Berești-Meria,,,ro:department:galati,2,,
ro:commune:brahasesti,RO,commune,Brăhășești,,,ro:department:galati,2,,
ro:commune:galati:branistea,RO,commune,Braniștea,,,ro:department:galati,2,,
ro:commune:galati:buciumeni,RO,commune,Buciumeni,,,ro:department:galati,2,,
ro:commune:cavadinesti,RO,commune,Cavadinești,,,ro:department:galati,2,,
ro:commune:certesti,RO,commune,Cerțești,,,ro:department:galati,2,,
ro:commune:galati:corni,RO,commune,Corni,,,ro:department:galati,2,,
ro:commune:corod,RO,commune,Corod,,,ro:department:galati,2,,
ro:commune:cosmesti,RO,commune,Cosmești,,,ro:department:galati,2,,
ro:commune:costache-negri,RO,commune,Costache Negri,,,ro:department:galati,2,,
ro:commune:galati:cuca,RO,commune,Cuca,,,ro:department:galati,2,,
ro:commune:cudalbi,RO,commune,Cudalbi,,,ro:department:galati,2,,
ro:commune:galati:cuza-voda,RO,commune,Cuza Vodă,,,ro:department:galati,2,,
ro:commune:galati:draganesti,RO,commune,Drăgănești,,,ro:department:galati,2,,
ro:commune:galati:draguseni,RO,commune,Drăgușeni,,,ro:department:galati,2,,
ro:commune:fartanesti,RO,commune,Fârțănești,,,ro:department:galati,2,,
ro:commune:foltesti,RO,commune,Foltești,,,ro:department:galati,2,,
ro:commune:frumusita,RO,commune,Frumușița,,,ro:department:galati,2,,
ro:commune:galati:fundeni,RO,commune,Fundeni,,,ro:department:galati,2,,
ro:commune:ghidigeni,RO,commune,Ghidigeni,,,ro:department:galati,2,,
ro:commune:gohor,RO,commune,Gohor,,,ro:department:galati,2,,
ro:commune:grivita,RO,commune,Grivița,,,ro:department:galati,2,,
ro:commune:galati:independenta,RO,commune,Independența,,,ro:department:galati,2,,
ro:commune:ivesti,RO,commune,Ivești,,,ro:department:galati,2,,
ro:commune:jorasti,RO,commune,Jorăști,,,ro:department:galati,2,,
ro:commune:liesti,RO,commune,Liești,,,ro:department:galati,2,,
ro:commune:mastacani,RO,commune,Măstăcani,,,ro:department:galati,2,,
ro:commune:matca,RO,commune,Matca,,,ro:department:galati,2,,
ro:commune:movileni,RO,commune,Movileni,,,ro:department:galati,2,,
ro:commune:munteni,RO,commune,Munteni,,,ro:department:galati,2,,
ro:commune:namoloasa,RO,commune,Nămoloasa,,,ro:department:galati,2,,
ro:commune:galati:negrilesti,RO,commune,Negrilești,,,ro:department:galati,2,,
ro:commune:nicoresti,RO,commune,Nicorești,,,ro:department:galati,2,,
ro:commune:oancea,RO,commune,Oancea,,,ro:department:galati,2,,
ro:commune:pechea,RO,commune,Pechea,,,ro:department:galati,2,,
ro:commune:piscu,RO,commune,Piscu,,,ro:department:galati,2,,
ro:commune:galati:poiana,RO,commune,Poiana,,,ro:department:galati,2,,
ro:commune:priponesti,RO,commune,Priponești,,,ro:department:galati,2,,
ro:commune:galati:radesti,RO,commune,Rădești,,,ro:department:galati,2,,
ro:commune:rediu,RO,commune,Rediu,,,ro:department:galati,2,,
ro:commune:scanteiesti,RO,commune,Scânteiești,,,ro:department:galati,2,,
ro:commune:schela,RO,commune,Schela,,,ro:department:galati,2,,
ro:commune:sendreni,RO,commune,Șendreni,,,ro:department:galati,2,,
ro:commune:slobozia-conachi,RO,commune,Slobozia Conachi,,,ro:department:galati,2,,
ro:commune:smardan,RO,commune,Smârdan,,,ro:department:galati,2,,
ro:commune:smulti,RO,commune,Smulți,,,ro:department:galati,2,,
ro:commune:suceveni,RO,commune,Suceveni,,,ro:department:galati,2,,
ro:commune:suhurlui,RO,commune,Suhurlui,,,ro:department:galati,2,,
ro:commune:tepu,RO,commune,Țepu,,,ro:department:galati,2,,
ro:commune:galati:tudor-vladimirescu,RO,commune,Tudor Vladimirescu,,,ro:department:galati,2,,
ro:commune:tulucesti,RO,commune,Tulucești,,,ro:department:galati,2,,
ro:commune:umbraresti,RO,commune,Umbrărești,,,ro:department:galati,2,,
ro:commune:valea-marului,RO,commune,Valea Mărului,,,ro:department:galati,2,,
ro:commune:vanatori,RO,commune,Vânători,,,ro:department:galati,2,,
ro:commune:varlezi,RO,commune,Vârlezi,,,ro:department:galati,2,,
ro:commune:galati:vladesti,RO,commune,Vlădești,,,ro:department:galati,2,,
ro:municipality:giurgiu,RO,municipality,Giurgiu,,,ro:department:giurgiu,2,,
ro:town:bolintin-vale,RO,town,Bolintin-Vale,,,ro:department:giurgiu,2,,
ro:town:mihailesti,RO,town,Mihăilești,,,ro:department:giurgiu,2,,
ro:commune:adunatii-copaceni,RO,commune,Adunații-Copăceni,,,ro:department:giurgiu,2,,
ro:commune:giurgiu:baneasa,RO,commune,Băneasa,,,ro:department:giurgiu,2,,
ro:commune:bolintin-deal,RO,commune,Bolintin-Deal,,,ro:department:giurgiu,2,,
ro:commune:giurgiu:bucsani,RO,commune,Bucșani,,,ro:department:giurgiu,2,,
ro:commune:bulbucata,RO,commune,Bulbucata,,,ro:department:giurgiu,2,,
ro:commune:buturugeni,RO,commune,Buturugeni,,,ro:department:giurgiu,2,,
ro:commune:calugareni,RO,commune,Călugăreni,,,ro:department:giurgiu,2,,
ro:commune:clejani,RO,commune,Clejani,,,ro:department:giurgiu,2,,
ro:commune:colibasi,RO,commune,Colibași,,,ro:department:giurgiu,2,,
ro:commune:giurgiu:comana,RO,commune,Comana,,,ro:department:giurgiu,2,,
ro:commune:cosoba,RO,commune,Cosoba,,,ro:department:giurgiu,2,,
ro:commune:crevedia-mare,RO,commune,Crevedia Mare,,,ro:department:giurgiu,2,,
ro:commune:daia,RO,commune,Daia,,,ro:department:giurgiu,2,,
ro:commune:floresti-stoenesti,RO,commune,Florești-Stoenești,,,ro:department:giurgiu,2,,
ro:commune:fratesti,RO,commune,Frătești,,,ro:department:giurgiu,2,,
ro:commune:gaiseni,RO,commune,Găiseni,,,ro:department:giurgiu,2,,
ro:commune:gaujani,RO,commune,Găujani,,,ro:department:giurgiu,2,,
ro:commune:ghimpati,RO,commune,Ghimpați,,,ro:department:giurgiu,2,,
ro:commune:gogosari,RO,commune,Gogoșari,,,ro:department:giurgiu,2,,
ro:commune:gostinari,RO,commune,Gostinari,,,ro:department:giurgiu,2,,
ro:commune:gostinu,RO,commune,Gostinu,,,ro:department:giurgiu,2,,
ro:commune:giurgiu:gradinari,RO,commune,Grădinari,,,ro:department:giurgiu,2,,
ro:commune:greaca,RO,commune,Greaca,,,ro:department:giurgiu,2,,
ro:commune:herasti,RO,commune,Herăști,,,ro:department:giurgiu,2,,
ro:commune:hotarele,RO,commune,Hotarele,,,ro:department:giurgiu,2,,
ro:commune:iepuresti,RO,commune,Iepurești,,,ro:department:giurgiu,2,,
ro:commune:isvoarele,RO,commune,Isvoarele,,,ro:department:giurgiu,2,,
ro:commune:izvoarele,RO,commune,Izvoarele,,,ro:department:giurgiu,2,,
ro:commune:joita,RO,commune,Joița,,,ro:department:giurgiu,2,,
ro:commune:letca-noua,RO,commune,Letca Nouă,,,ro:department:giurgiu,2,,
ro:commune:malu,RO,commune,Malu,,,ro:department:giurgiu,2,,
ro:commune:marsa,RO,commune,Mârșa,,,ro:department:giurgiu,2,,
ro:commune:mihai-bravu,RO,commune,Mihai Bravu,,,ro:department:giurgiu,2,,
ro:commune:ogrezeni,RO,commune,Ogrezeni,,,ro:department:giurgiu,2,,
ro:commune:oinacu,RO,commune,Oinacu,,,ro:department:giurgiu,2,,
ro:commune:prundu,RO,commune,Prundu,,,ro:department:giurgiu,2,,
ro:commune:putineiu,RO,commune,Putineiu,,,ro:department:giurgiu,2,,
ro:commune:rasuceni,RO,commune,Răsuceni,,,ro:department:giurgiu,2,,
ro:commune:roata-de-jos,RO,commune,Roata de Jos,,,ro:department:giurgiu,2,,
ro:commune:sabareni,RO,commune,Săbăreni,,,ro:department:giurgiu,2,,
ro:commune:schitu,RO,commune,Schitu,,,ro:department:giurgiu,2,,
ro:commune:singureni,RO,commune,Singureni,,,ro:department:giurgiu,2,,
ro:commune:giurgiu:slobozia,RO,commune,Slobozia,,,ro:department:giurgiu,2,,
ro:commune:stanesti,RO,commune,Stănești,,,ro:department:giurgiu,2,,
ro:commune:giurgiu:stoenesti,RO,commune,Stoenești,,,ro:department:giurgiu,2,,
ro:commune:toporu,RO,commune,Toporu,,,ro:department:giurgiu,2,,
ro:commune:giurgiu:ulmi,RO,commune,Ulmi,,,ro:department:giurgiu,2,,
ro:commune:valea-dragului,RO,commune,Valea Dragului,,,ro:department:giurgiu,2,,
ro:commune:vanatorii-mici,RO,commune,Vânătorii Mici,,,ro:department:giurgiu,2,,
ro:commune:varasti,RO,commune,Vărăști,,,ro:department:giurgiu,2,,
ro:commune:giurgiu:vedea,RO,commune,Vedea,,,ro:department:giurgiu,2,,
ro:municipality:motru,RO,municipality,Motru,,,ro:department:gorj,2,,
ro:municipality:targu-jiu,RO,municipality,Târgu Jiu,,,ro:department:gorj,2,,
ro:town:bumbesti-jiu,RO,town,Bumbești-Jiu,,,ro:department:gorj,2,,
ro:town:novaci,RO,town,Novaci,,,ro:department:gorj,2,,
ro:town:rovinari,RO,town,Rovinari,,,ro:department:gorj,2,,
ro:town:targu-carbunesti,RO,town,Târgu Cărbunești,,,ro:department:gorj,2,,
ro:town:ticleni,RO,town,Țicleni,,,ro:department:gorj,2,,
ro:town:tismana,RO,town,Tismana,,,ro:department:gorj,2,,
ro:town:turceni,RO,town,Turceni,,,ro:department:gorj,2,,
ro:commune:albeni,RO,commune,Albeni,,,ro:department:gorj,2,,
ro:commune:alimpesti,RO,commune,Alimpești,,,ro:department:gorj,2,,
ro:commune:gorj:aninoasa,RO,commune,Aninoasa,,,ro:department:gorj,2,,
ro:commune:arcani,RO,commune,Arcani,,,ro:department:gorj,2,,
ro:commune:baia-de-fier,RO,commune,Baia de Fier,,,ro:department:gorj,2,,
ro:commune:balanesti,RO,commune,Bălănești,,,ro:department:gorj,2,,
ro:commune:balesti,RO,commune,Bălești,,,ro:department:gorj,2,,
ro:commune:barbatesti,RO,commune,Bărbătești,,,ro:department:gorj,2,,
ro:commune:bengesti-ciocadia,RO,commune,Bengești-Ciocadia,,,ro:department:gorj,2,,
ro:commune:berlesti,RO,commune,Berlești,,,ro:department:gorj,2,,
ro:commune:balteni,RO,commune,Bâlteni,,,ro:department:gorj,2,,
ro:commune:bolbosi,RO,commune,Bolboși,,,ro:department:gorj,2,,
ro:commune:borascu,RO,commune,Borăscu,,,ro:department:gorj,2,,
ro:commune:gorj:branesti,RO,commune,Brănești,,,ro:department:gorj,2,,
ro:commune:bumbesti-pitic,RO,commune,Bumbești-Pițic,,,ro:department:gorj,2,,
ro:commune:bustuchin,RO,commune,Bustuchin,,,ro:department:gorj,2,,
ro:commune:gorj:calnic,RO,commune,Câlnic,,,ro:department:gorj,2,,
ro:commune:capreni,RO,commune,Căpreni,,,ro:department:gorj,2,,
ro:commune:catunele,RO,commune,Cătunele,,,ro:department:gorj,2,,
ro:commune:ciuperceni,RO,commune,Ciuperceni,,,ro:department:gorj,2,,
ro:commune:crasna,RO,commune,Crasna,,,ro:department:gorj,2,,
ro:commune:cruset,RO,commune,Crușeț,,,ro:department:gorj,2,,
ro:commune:danciulesti,RO,commune,Dănciulești,,,ro:department:gorj,2,,
ro:commune:danesti,RO,commune,Dănești,,,ro:department:gorj,2,,
ro:commune:gorj:dragotesti,RO,commune,Drăgotești,,,ro:department:gorj,2,,
ro:commune:dragutesti,RO,commune,Drăguțești,,,ro:department:gorj,2,,
ro:commune:farcasesti,RO,commune,Fărcășești,,,ro:department:gorj,2,,
ro:commune:glogova,RO,commune,Glogova,,,ro:department:gorj,2,,
ro:commune:godinesti,RO,commune,Godinești,,,ro:department:gorj,2,,
ro:commune:hurezani,RO,commune,Hurezani,,,ro:department:gorj,2,,
ro:commune:ionesti,RO,commune,Ionești,,,ro:department:gorj,2,,
ro:commune:jupanesti,RO,commune,Jupânești,,,ro:department:gorj,2,,
ro:commune:lelesti,RO,commune,Lelești,,,ro:department:gorj,2,,
ro:commune:licurici,RO,commune,Licurici,,,ro:department:gorj,2,,
ro:commune:logresti,RO,commune,Logrești,,,ro:department:gorj,2,,
ro:commune:matasari,RO,commune,Mătăsari,,,ro:department:gorj,2,,
ro:commune:musetesti,RO,commune,Mușetești,,,ro:department:gorj,2,,
ro:commune:negomir,RO,commune,Negomir,,,ro:department:gorj,2,,
ro:commune:pades,RO,commune,Padeș,,,ro:department:gorj,2,,
ro:commune:pestisani,RO,commune,Peștișani,,,ro:department:gorj,2,,
ro:commune:plopsoru,RO,commune,Plopșoru,,,ro:department:gorj,2,,
ro:commune:polovragi,RO,commune,Polovragi,,,ro:department:gorj,2,,
ro:commune:prigoria,RO,commune,Prigoria,,,ro:department:gorj,2,,
ro:commune:rosia-de-amaradia,RO,commune,Roșia de Amaradia,,,ro:department:gorj,2,,
ro:commune:gorj:runcu,RO,commune,Runcu,,,ro:department:gorj,2,,
ro:commune:sacelu,RO,commune,Săcelu,,,ro:department:gorj,2,,
ro:commune:samarinesti,RO,commune,Samarinești,,,ro:department:gorj,2,,
ro:commune:saulesti,RO,commune,Săulești,,,ro:department:gorj,2,,
ro:commune:gorj:schela,RO,commune,Schela,,,ro:department:gorj,2,,
ro:commune:scoarta,RO,commune,Scoarța,,,ro:department:gorj,2,,
ro:commune:slivilesti,RO,commune,Slivilești,,,ro:department:gorj,2,,
ro:commune:gorj:stanesti,RO,commune,Stănești,,,ro:department:gorj,2,,
ro:commune:stejari,RO,commune,Stejari,,,ro:department:gorj,2,,
ro:commune:stoina,RO,commune,Stoina,,,ro:department:gorj,2,,
ro:commune:tantareni,RO,commune,Țânțăreni,,,ro:department:gorj,2,,
ro:commune:telesti,RO,commune,Telești,,,ro:department:gorj,2,,
ro:commune:turburea,RO,commune,Turburea,,,ro:department:gorj,2,,
ro:commune:turcinesti,RO,commune,Turcinești,,,ro:department:gorj,2,,
ro:commune:urdari,RO,commune,Urdari,,,ro:department:gorj,2,,
ro:commune:vagiulesti,RO,commune,Văgiulești,,,ro:department:gorj,2,,
ro:commune:vladimir,RO,commune,Vladimir,,,ro:department:gorj,2,,
ro:municipality:gheorgheni,RO,municipality,Gheorgheni,,,ro:department:harghita,2,,
ro:municipality:miercurea-ciuc,RO,municipality,Miercurea Ciuc,,,ro:department:harghita,2,,
ro:municipality:odorheiu-secuiesc,RO,municipality,Odorheiu Secuiesc,,,ro:department:harghita,2,,
ro:municipality:toplita,RO,municipality,Toplița,,,ro:department:harghita,2,,
ro:town:baile-tusnad,RO,town,Băile Tușnad,,,ro:department:harghita,2,,
ro:town:balan,RO,town,Bălan,,,ro:department:harghita,2,,
ro:town:borsec,RO,town,Borsec,,,ro:department:harghita,2,,
ro:town:cristuru-secuiesc,RO,town,Cristuru Secuiesc,,,ro:department:harghita,2,,
ro:town:vlahita,RO,town,Vlăhița,,,ro:department:harghita,2,,
ro:commune:atid,RO,commune,Atid,,,ro:department:harghita,2,,
ro:commune:avramesti,RO,commune,Avrămești,,,ro:department:harghita,2,,
ro:commune:bilbor,RO,commune,Bilbor,,,ro:department:harghita,2,,
ro:commune:harghita:bradesti,RO,commune,Brădești,,,ro:department:harghita,2,,
ro:commune:capalnita,RO,commune,Căpâlnița,,,ro:department:harghita,2,,
ro:commune:carta,RO,commune,Cârța,,,ro:department:harghita,2,,
ro:commune:ciceu,RO,commune,Ciceu,,,ro:department:harghita,2,,
ro:commune:ciucsangeorgiu,RO,commune,Ciucsângeorgiu,,,ro:department:harghita,2,,
ro:commune:ciumani,RO,commune,Ciumani,,,ro:department:harghita,2,,
ro:commune:harghita:corbu,RO,commune,Corbu,,,ro:department:harghita,2,,
ro:commune:corund,RO,commune,Corund,,,ro:department:harghita,2,,
ro:commune:cozmeni,RO,commune,Cozmeni,,,ro:department:harghita,2,,
ro:commune:harghita:danesti,RO,commune,Dănești,,,ro:department:harghita,2,,
ro:commune:darjiu,RO,commune,Dârjiu,,,ro:department:harghita,2,,
ro:commune:dealu,RO,commune,Dealu,,,ro:department:harghita,2,,
ro:commune:ditrau,RO,commune,Ditrău,,,ro:department:harghita,2,,
ro:commune:feliceni,RO,commune,Feliceni,,,ro:department:harghita,2,,
ro:commune:frumoasa,RO,commune,Frumoasa,,,ro:department:harghita,2,,
ro:commune:galautas,RO,commune,Gălăutaș,,,ro:department:harghita,2,,
ro:commune:joseni,RO,commune,Joseni,,,ro:department:harghita,2,,
ro:commune:lazarea,RO,commune,Lăzarea,,,ro:department:harghita,2,,
ro:commune:leliceni,RO,commune,Leliceni,,,ro:department:harghita,2,,
ro:commune:lueta,RO,commune,Lueta,,,ro:department:harghita,2,,
ro:commune:lunca-de-jos,RO,commune,Lunca de Jos,,,ro:department:harghita,2,,
ro:commune:lunca-de-sus,RO,commune,Lunca de Sus,,,ro:department:harghita,2,,
ro:commune:lupeni,RO,commune,Lupeni,,,ro:department:harghita,2,,
ro:commune:harghita:madaras,RO,commune,Mădăraș,,,ro:department:harghita,2,,
ro:commune:martinis,RO,commune,Mărtiniș,,,ro:department:harghita,2,,
ro:commune:meresti,RO,commune,Merești,,,ro:department:harghita,2,,
ro:commune:harghita:mihaileni,RO,commune,Mihăileni,,,ro:department:harghita,2,,
ro:commune:mugeni,RO,commune,Mugeni,,,ro:department:harghita,2,,
ro:commune:ocland,RO,commune,Ocland,,,ro:department:harghita,2,,
ro:commune:pauleni-ciuc,RO,commune,Păuleni-Ciuc,,,ro:department:harghita,2,,
ro:commune:plaiesii-de-jos,RO,commune,Plăieșii de Jos,,,ro:department:harghita,2,,
ro:commune:porumbeni,RO,commune,Porumbeni,,,ro:department:harghita,2,,
ro:commune:praid,RO,commune,Praid,,,ro:department:harghita,2,,
ro:commune:racu,RO,commune,Racu,,,ro:department:harghita,2,,
ro:commune:harghita:remetea,RO,commune,Remetea,,,ro:department:harghita,2,,
ro:commune:sacel,RO,commune,Săcel,,,ro:department:harghita,2,,
ro:commune:sancraieni,RO,commune,Sâncrăieni,,,ro:department:harghita,2,,
ro:commune:sandominic,RO,commune,Sândominic,,,ro:department:harghita,2,,
ro:commune:harghita:sanmartin,RO,commune,Sânmartin,,,ro:department:harghita,2,,
ro:commune:sansimion,RO,commune,Sânsimion,,,ro:department:harghita,2,,
ro:commune:harghita:santimbru,RO,commune,Sântimbru,,,ro:department:harghita,2,,
ro:commune:sarmas,RO,commune,Sărmaș,,,ro:department:harghita,2,,
ro:commune:satu-mare,RO,commune,Satu Mare,,,ro:department:harghita,2,,
ro:commune:harghita:secuieni,RO,commune,Secuieni,,,ro:department:harghita,2,,
ro:commune:siculeni,RO,commune,Siculeni,,,ro:department:harghita,2,,
ro:commune:simonesti,RO,commune,Șimonești,,,ro:department:harghita,2,,
ro:commune:subcetate,RO,commune,Subcetate,,,ro:department:harghita,2,,
ro:commune:harghita:suseni,RO,commune,Suseni,,,ro:department:harghita,2,,
ro:commune:tomesti,RO,commune,Tomești,,,ro:department:harghita,2,,
ro:commune:tulghes,RO,commune,Tulgheș,,,ro:department:harghita,2,,
ro:commune:tusnad,RO,commune,Tușnad,,,ro:department:harghita,2,,
ro:commune:ulies,RO,commune,Ulieș,,,ro:department:harghita,2,,
ro:commune:varsag,RO,commune,Vărșag,,,ro:department:harghita,2,,
ro:commune:voslabeni,RO,commune,Voșlăbeni,,,ro:department:harghita,2,,
ro:commune:zetea,RO,commune,Zetea,,,ro:department:harghita,2,,
ro:municipality:brad,RO,municipality,Brad,,,ro:department:hunedoara,2,,
ro:municipality:deva,RO,municipality,Deva,,,ro:department:hunedoara,2,,
ro:municipality:hunedoara,RO,municipality,Hunedoara,,,ro:department:hunedoara,2,,
ro:municipality:lupeni,RO,municipality,Lupeni,,,ro:department:hunedoara,2,,
ro:municipality:orastie,RO,municipality,Orăștie,,,ro:department:hunedoara,2,,
ro:municipality:petrosani,RO,municipality,Petroșani,,,ro:department:hunedoara,2,,
ro:municipality:vulcan,RO,municipality,Vulcan,,,ro:department:hunedoara,2,,
ro:town:aninoasa,RO,town,Aninoasa,,,ro:department:hunedoara,2,,
ro:town:calan,RO,town,Călan,,,ro:department:hunedoara,2,,
ro:town:geoagiu,RO,town,Geoagiu,,,ro:department:hunedoara,2,,
ro:town:hateg,RO,town,Hațeg,,,ro:department:hunedoara,2,,
ro:town:petrila,RO,town,Petrila,,,ro:department:hunedoara,2,,
ro:town:simeria,RO,town,Simeria,,,ro:department:hunedoara,2,,
ro:town:uricani,RO,town,Uricani,,,ro:department:hunedoara,2,,
ro:commune:baia-de-cris,RO,commune,Baia de Criș,,,ro:department:hunedoara,2,,
ro:commune:balsa,RO,commune,Balșa,,,ro:department:hunedoara,2,,
ro:commune:banita,RO,commune,Bănița,,,ro:department:hunedoara,2,,
ro:commune:baru,RO,commune,Baru,,,ro:department:hunedoara,2,,
ro:commune:bacia,RO,commune,Băcia,,,ro:department:hunedoara,2,,
ro:commune:baita,RO,commune,Băița,,,ro:department:hunedoara,2,,
ro:commune:batrana,RO,commune,Bătrâna,,,ro:department:hunedoara,2,,
ro:commune:beriu,RO,commune,Beriu,,,ro:department:hunedoara,2,,
ro:commune:blajeni,RO,commune,Blăjeni,,,ro:department:hunedoara,2,,
ro:commune:bosorod,RO,commune,Boșorod,,,ro:department:hunedoara,2,,
ro:commune:branisca,RO,commune,Brănișca,,,ro:department:hunedoara,2,,
ro:commune:bretea-romana,RO,commune,Bretea Română,,,ro:department:hunedoara,2,,
ro:commune:buces,RO,commune,Buceș,,,ro:department:hunedoara,2,,
ro:commune:bucuresci,RO,commune,Bucureșci,,,ro:department:hunedoara,2,,
ro:commune:bulzestii-de-sus,RO,commune,Bulzeștii de Sus,,,ro:department:hunedoara,2,,
ro:commune:bunila,RO,commune,Bunila,,,ro:department:hunedoara,2,,
ro:commune:burjuc,RO,commune,Burjuc,,,ro:department:hunedoara,2,,
ro:commune:cerbal,RO,commune,Cerbăl,,,ro:department:hunedoara,2,,
ro:commune:certeju-de-sus,RO,commune,Certeju de Sus,,,ro:department:hunedoara,2,,
ro:commune:carjiti,RO,commune,Cârjiți,,,ro:department:hunedoara,2,,
ro:commune:criscior,RO,commune,Crișcior,,,ro:department:hunedoara,2,,
ro:commune:densus,RO,commune,Densuș,,,ro:department:hunedoara,2,,
ro:commune:hunedoara:dobra,RO,commune,Dobra,,,ro:department:hunedoara,2,,
ro:commune:general-berthelot,RO,commune,General Berthelot,,,ro:department:hunedoara,2,,
ro:commune:ghelari,RO,commune,Ghelari,,,ro:department:hunedoara,2,,
ro:commune:gurasada,RO,commune,Gurasada,,,ro:department:hunedoara,2,,
ro:commune:harau,RO,commune,Hărău,,,ro:department:hunedoara,2,,
ro:commune:ilia,RO,commune,Ilia,,,ro:department:hunedoara,2,,
ro:commune:lapugiu-de-jos,RO,commune,Lăpugiu de Jos,,,ro:department:hunedoara,2,,
ro:commune:lelese,RO,commune,Lelese,,,ro:department:hunedoara,2,,
ro:commune:lunca-cernii-de-jos,RO,commune,Lunca Cernii de Jos,,,ro:department:hunedoara,2,,
ro:commune:luncoiu-de-jos,RO,commune,Luncoiu de Jos,,,ro:department:hunedoara,2,,
ro:commune:martinesti,RO,commune,Mărtinești,,,ro:department:hunedoara,2,,
ro:commune:orastioara-de-sus,RO,commune,Orăștioara de Sus,,,ro:department:hunedoara,2,,
ro:commune:pestisu-mic,RO,commune,Pestișu Mic,,,ro:department:hunedoara,2,,
ro:commune:pui,RO,commune,Pui,,,ro:department:hunedoara,2,,
ro:commune:rapoltu-mare,RO,commune,Rapoltu Mare,,,ro:department:hunedoara,2,,
ro:commune:rachitova,RO,commune,Răchitova,,,ro:department:hunedoara,2,,
ro:commune:ribita,RO,commune,Ribița,,,ro:department:hunedoara,2,,
ro:commune:rau-de-mori,RO,commune,Râu de Mori,,,ro:department:hunedoara,2,,
ro:commune:romos,RO,commune,Romos,,,ro:department:hunedoara,2,,
ro:commune:sarmizegetusa,RO,commune,Sarmizegetusa,,,ro:department:hunedoara,2,,
ro:commune:salasu-de-sus,RO,commune,Sălașu de Sus,,,ro:department:hunedoara,2,,
ro:commune:santamaria-orlea,RO,commune,Sântămăria-Orlea,,,ro:department:hunedoara,2,,
ro:commune:soimus,RO,commune,Șoimuș,,,ro:department:hunedoara,2,,
ro:commune:teliucu-inferior,RO,commune,Teliucu Inferior,,,ro:department:hunedoara,2,,
ro:commune:hunedoara:tomesti,RO,commune,Tomești,,,ro:department:hunedoara,2,,
ro:commune:toplita,RO,commune,Toplița,,,ro:department:hunedoara,2,,
ro:commune:totesti,RO,commune,Totești,,,ro:department:hunedoara,2,,
ro:commune:turdas,RO,commune,Turdaș,,,ro:department:hunedoara,2,,
ro:commune:vata-de-jos,RO,commune,Vața de Jos,,,ro:department:hunedoara,2,,
ro:commune:valisoara,RO,commune,Vălișoara,,,ro:department:hunedoara,2,,
ro:commune:vetel,RO,commune,Vețel,,,ro:department:hunedoara,2,,
ro:commune:vorta,RO,commune,Vorța,,,ro:department:hunedoara,2,,
ro:commune:zam,RO,commune,Zam,,,ro:department:hunedoara,2,,
ro:municipality:fetesti,RO,municipality,Fetești,,,ro:department:ialomita,2,,
ro:municipality:slobozia,RO,municipality,Slobozia,,,ro:department:ialomita,2,,
ro:municipality:urziceni,RO,municipality,Urziceni,,,ro:department:ialomita,2,,
ro:town:amara,RO,town,Amara,,,ro:department:ialomita,2,,
ro:town:cazanesti,RO,town,Căzănești,,,ro:department:ialomita,2,,
ro:town:fierbinti-targ,RO,town,Fierbinți-Târg,,,ro:department:ialomita,2,,
ro:town:tandarei,RO,town,Țăndărei,,,ro:department:ialomita,2,,
ro:commune:adancata,RO,commune,Adâncata,,,ro:department:ialomita,2,,
ro:commune:ialomita:albesti,RO,commune,Albești,,,ro:department:ialomita,2,,
ro:commune:alexeni,RO,commune,Alexeni,,,ro:department:ialomita,2,,
ro:commune:andrasesti,RO,commune,Andrășești,,,ro:department:ialomita,2,,
ro:commune:armasesti,RO,commune,Armășești,,,ro:department:ialomita,2,,
ro:commune:axintele,RO,commune,Axintele,,,ro:department:ialomita,2,,
ro:commune:balaciu,RO,commune,Balaciu,,,ro:department:ialomita,2,,
ro:commune:barcanesti,RO,commune,Bărcănești,,,ro:department:ialomita,2,,
ro:commune:barbulesti,RO,commune,Bărbulești,,,ro:department:ialomita,2,,
ro:commune:boranesti,RO,commune,Borănești,,,ro:department:ialomita,2,,
ro:commune:bordusani,RO,commune,Bordușani,,,ro:department:ialomita,2,,
ro:commune:bucu,RO,commune,Bucu,,,ro:department:ialomita,2,,
ro:commune:buesti,RO,commune,Buești,,,ro:department:ialomita,2,,
ro:commune:ialomita:ciocarlia,RO,commune,Ciocârlia,,,ro:department:ialomita,2,,
ro:commune:ciochina,RO,commune,Ciochina,,,ro:department:ialomita,2,,
ro:commune:ciulnita,RO,commune,Ciulnița,,,ro:department:ialomita,2,,
ro:commune:cocora,RO,commune,Cocora,,,ro:department:ialomita,2,,
ro:commune:colelia,RO,commune,Colelia,,,ro:department:ialomita,2,,
ro:commune:cosambesti,RO,commune,Cosâmbești,,,ro:department:ialomita,2,,
ro:commune:cosereni,RO,commune,Coșereni,,,ro:department:ialomita,2,,
ro:commune:dragoesti,RO,commune,Drăgoești,,,ro:department:ialomita,2,,
ro:commune:dridu,RO,commune,Dridu,,,ro:department:ialomita,2,,
ro:commune:facaeni,RO,commune,Făcăeni,,,ro:department:ialomita,2,,
ro:commune:garbovi,RO,commune,Gârbovi,,,ro:department:ialomita,2,,
ro:commune:gheorghe-doja,RO,commune,Gheorghe Doja,,,ro:department:ialomita,2,,
ro:commune:gheorghe-lazar,RO,commune,Gheorghe Lazăr,,,ro:department:ialomita,2,,
ro:commune:giurgeni,RO,commune,Giurgeni,,,ro:department:ialomita,2,,
ro:commune:grindu,RO,commune,Grindu,,,ro:department:ialomita,2,,
ro:commune:ialomita:grivita,RO,commune,Grivița,,,ro:department:ialomita,2,,
ro:commune:gura-ialomitei,RO,commune,Gura Ialomiței,,,ro:department:ialomita,2,,
ro:commune:ion-roata,RO,commune,Ion Roată,,,ro:department:ialomita,2,,
ro:commune:jilavele,RO,commune,Jilavele,,,ro:department:ialomita,2,,
ro:commune:maia,RO,commune,Maia,,,ro:department:ialomita,2,,
ro:commune:manasia,RO,commune,Manasia,,,ro:department:ialomita,2,,
ro:commune:marculesti,RO,commune,Mărculești,,,ro:department:ialomita,2,,
ro:commune:ialomita:mihail-kogalniceanu,RO,commune,Mihail Kogălniceanu,,,ro:department:ialomita,2,,
ro:commune:milosesti,RO,commune,Miloșești,,,ro:department:ialomita,2,,
ro:commune:moldoveni,RO,commune,Moldoveni,,,ro:department:ialomita,2,,
ro:commune:movila,RO,commune,Movila,,,ro:department:ialomita,2,,
ro:commune:movilita,RO,commune,Movilița,,,ro:department:ialomita,2,,
ro:commune:munteni-buzau,RO,commune,Munteni-Buzău,,,ro:department:ialomita,2,,
ro:commune:ograda,RO,commune,Ograda,,,ro:department:ialomita,2,,
ro:commune:perieti,RO,commune,Perieți,,,ro:department:ialomita,2,,
ro:commune:platonesti,RO,commune,Platonești,,,ro:department:ialomita,2,,
ro:commune:radulesti,RO,commune,Rădulești,,,ro:department:ialomita,2,,
ro:commune:reviga,RO,commune,Reviga,,,ro:department:ialomita,2,,
ro:commune:ialomita:rosiori,RO,commune,Roșiori,,,ro:department:ialomita,2,,
ro:commune:ialomita:salcioara,RO,commune,Sălcioara,,,ro:department:ialomita,2,,
ro:commune:sarateni,RO,commune,Sărățeni,,,ro:department:ialomita,2,,
ro:commune:saveni,RO,commune,Săveni,,,ro:department:ialomita,2,,
ro:commune:scanteia,RO,commune,Scânteia,,,ro:department:ialomita,2,,
ro:commune:sfantu-gheorghe,RO,commune,Sfântu Gheorghe,,,ro:department:ialomita,2,,
ro:commune:sinesti,RO,commune,Sinești,,,ro:department:ialomita,2,,
ro:commune:stelnica,RO,commune,Stelnica,,,ro:department:ialomita,2,,
ro:commune:suditi,RO,commune,Sudiți,,,ro:department:ialomita,2,,
ro:commune:ialomita:traian,RO,commune,Traian,,,ro:department:ialomita,2,,
ro:commune:valea-ciorii,RO,commune,Valea Ciorii,,,ro:department:ialomita,2,,
ro:commune:valea-macrisului,RO,commune,Valea Măcrișului,,,ro:department:ialomita,2,,
ro:commune:ialomita:vladeni,RO,commune,Vlădeni,,,ro:department:ialomita,2,,
ro:municipality:iasi,RO,municipality,Iași,,,ro:department:iasi,2,,
ro:municipality:pascani,RO,municipality,Pașcani,,,ro:department:iasi,2,,
ro:town:harlau,RO,town,Hârlău,,,ro:department:iasi,2,,
ro:town:podu-iloaiei,RO,town,Podu Iloaiei,,,ro:department:iasi,2,,
ro:town:targu-frumos,RO,town,Târgu Frumos,,,ro:department:iasi,2,,
ro:commune:alexandru-ioan-cuza,RO,commune,Alexandru Ioan Cuza,,,ro:department:iasi,2,,
ro:commune:andrieseni,RO,commune,Andrieșeni,,,ro:department:iasi,2,,
ro:commune:aroneanu,RO,commune,Aroneanu,,,ro:department:iasi,2,,
ro:commune:bals,RO,commune,Balș,,,ro:department:iasi,2,,
ro:commune:baltati,RO,commune,Bălțați,,,ro:department:iasi,2,,
ro:commune:barnova,RO,commune,Bârnova,,,ro:department:iasi,2,,
ro:commune:belcesti,RO,commune,Belcești,,,ro:department:iasi,2,,
ro:commune:bivolari,RO,commune,Bivolari,,,ro:department:iasi,2,,
ro:commune:iasi:braesti,RO,commune,Brăești,,,ro:department:iasi,2,,
ro:commune:butea,RO,commune,Butea,,,ro:department:iasi,2,,
ro:commune:ceplenita,RO,commune,Ceplenița,,,ro:department:iasi,2,,
ro:commune:ciohorani,RO,commune,Ciohorăni,,,ro:department:iasi,2,,
ro:commune:ciortesti,RO,commune,Ciortești,,,ro:department:iasi,2,,
ro:commune:ciurea,RO,commune,Ciurea,,,ro:department:iasi,2,,
ro:commune:coarnele-caprei,RO,commune,Coarnele Caprei,,,ro:department:iasi,2,,
ro:commune:comarna,RO,commune,Comarna,,,ro:department:iasi,2,,
ro:commune:iasi:costesti,RO,commune,Costești,,,ro:department:iasi,2,,
ro:commune:costuleni,RO,commune,Costuleni,,,ro:department:iasi,2,,
ro:commune:cotnari,RO,commune,Cotnari,,,ro:department:iasi,2,,
ro:commune:cozmesti,RO,commune,Cozmești,,,ro:department:iasi,2,,
ro:commune:iasi:cristesti,RO,commune,Cristești,,,ro:department:iasi,2,,
ro:commune:cucuteni,RO,commune,Cucuteni,,,ro:department:iasi,2,,
ro:commune:dagata,RO,commune,Dagâța,,,ro:department:iasi,2,,
ro:commune:iasi:deleni,RO,commune,Deleni,,,ro:department:iasi,2,,
ro:commune:dobrovat,RO,commune,Dobrovăț,,,ro:department:iasi,2,,
ro:commune:dolhesti,RO,commune,Dolhești,,,ro:department:iasi,2,,
ro:commune:iasi:draguseni,RO,commune,Drăgușeni,,,ro:department:iasi,2,,
ro:commune:dumesti,RO,commune,Dumești,,,ro:department:iasi,2,,
ro:commune:erbiceni,RO,commune,Erbiceni,,,ro:department:iasi,2,,
ro:commune:iasi:fantanele,RO,commune,Fântânele,,,ro:department:iasi,2,,
ro:commune:focuri,RO,commune,Focuri,,,ro:department:iasi,2,,
ro:commune:golaiesti,RO,commune,Golăiești,,,ro:department:iasi,2,,
ro:commune:gorban,RO,commune,Gorban,,,ro:department:iasi,2,,
ro:commune:grajduri,RO,commune,Grajduri,,,ro:department:iasi,2,,
ro:commune:gropnita,RO,commune,Gropnița,,,ro:department:iasi,2,,
ro:commune:grozesti,RO,commune,Grozești,,,ro:department:iasi,2,,
ro:commune:halaucesti,RO,commune,Hălăucești,,,ro:department:iasi,2,,
ro:commune:harmanesti,RO,commune,Hărmănești,,,ro:department:iasi,2,,
ro:commune:helesteni,RO,commune,Heleșteni,,,ro:department:iasi,2,,
ro:commune:holboca,RO,commune,Holboca,,,ro:department:iasi,2,,
ro:commune:horlesti,RO,commune,Horlești,,,ro:department:iasi,2,,
ro:commune:ion-neculce,RO,commune,Ion Neculce,,,ro:department:iasi,2,,
ro:commune:ipatele,RO,commune,Ipatele,,,ro:department:iasi,2,,
ro:commune:lespezi,RO,commune,Lespezi,,,ro:department:iasi,2,,
ro:commune:letcani,RO,commune,Lețcani,,,ro:department:iasi,2,,
ro:commune:lungani,RO,commune,Lungani,,,ro:department:iasi,2,,
ro:commune:madarjac,RO,commune,Mădârjac,,,ro:department:iasi,2,,
ro:commune:mircesti,RO,commune,Mircești,,,ro:department:iasi,2,,
ro:commune:mironeasa,RO,commune,Mironeasa,,,ro:department:iasi,2,,
ro:commune:miroslava,RO,commune,Miroslava,,,ro:department:iasi,2,,
ro:commune:miroslovesti,RO,commune,Miroslovești,,,ro:department:iasi,2,,
ro:commune:mogosesti,RO,commune,Mogoșești,,,ro:department:iasi,2,,
ro:commune:mogosesti-siret,RO,commune,Mogoșești-Siret,,,ro:department:iasi,2,,
ro:commune:mosna,RO,commune,Moșna,,,ro:department:iasi,2,,
ro:commune:motca,RO,commune,Moțca,,,ro:department:iasi,2,,
ro:commune:iasi:movileni,RO,commune,Movileni,,,ro:department:iasi,2,,
ro:commune:oteleni,RO,commune,Oțeleni,,,ro:department:iasi,2,,
ro:commune:plugari,RO,commune,Plugari,,,ro:department:iasi,2,,
ro:commune:iasi:popesti,RO,commune,Popești,,,ro:department:iasi,2,,
ro:commune:popricani,RO,commune,Popricani,,,ro:department:iasi,2,,
ro:commune:prisacani,RO,commune,Prisăcani,,,ro:department:iasi,2,,
ro:commune:probota,RO,commune,Probota,,,ro:department:iasi,2,,
ro:commune:rachiteni,RO,commune,Răchiteni,,,ro:department:iasi,2,,
ro:commune:raducaneni,RO,commune,Răducăneni,,,ro:department:iasi,2,,
ro:commune:iasi:rediu,RO,commune,Rediu,,,ro:department:iasi,2,,
ro:commune:iasi:romanesti,RO,commune,Românești,,,ro:department:iasi,2,,
ro:commune:roscani,RO,commune,Roșcani,,,ro:department:iasi,2,,
ro:commune:ruginoasa,RO,commune,Ruginoasa,,,ro:department:iasi,2,,
ro:commune:iasi:scanteia,RO,commune,Scânteia,,,ro:department:iasi,2,,
ro:commune:schitu-duca,RO,commune,Schitu Duca,,,ro:department:iasi,2,,
ro:commune:scobinti,RO,commune,Scobinți,,,ro:department:iasi,2,,
ro:commune:iasi:sinesti,RO,commune,Sinești,,,ro:department:iasi,2,,
ro:commune:siretel,RO,commune,Sirețel,,,ro:department:iasi,2,,
ro:commune:stolniceni-prajescu,RO,commune,Stolniceni-Prăjescu,,,ro:department:iasi,2,,
ro:commune:strunga,RO,commune,Strunga,,,ro:department:iasi,2,,
ro:commune:scheia,RO,commune,Șcheia,,,ro:department:iasi,2,,
ro:commune:sipote,RO,commune,Șipote,,,ro:department:iasi,2,,
ro:commune:tansa,RO,commune,Tansa,,,ro:department:iasi,2,,
ro:commune:tatarusi,RO,commune,Tătăruși,,,ro:department:iasi,2,,
ro:commune:tibana,RO,commune,Țibana,,,ro:department:iasi,2,,
ro:commune:tibanesti,RO,commune,Țibănești,,,ro:department:iasi,2,,
ro:commune:tiganasi,RO,commune,Țigănași,,,ro:department:iasi,2,,
ro:commune:todiresti,RO,commune,Todirești,,,ro:department:iasi,2,,
ro:commune:iasi:tomesti,RO,commune,Tomești,,,ro:department:iasi,2,,
ro:commune:trifesti,RO,commune,Trifești,,,ro:department:iasi,2,,
ro:commune:tutora,RO,commune,Țuțora,,,ro:department:iasi,2,,
ro:commune:iasi:ungheni,RO,commune,Ungheni,,,ro:department:iasi,2,,
ro:commune:valea-lupului,RO,commune,Valea Lupului,,,ro:department:iasi,2,,
ro:commune:iasi:valea-seaca,RO,commune,Valea Seacă,,,ro:department:iasi,2,,
ro:commune:iasi:vanatori,RO,commune,Vânători,,,ro:department:iasi,2,,
ro:commune:iasi:victoria,RO,commune,Victoria,,,ro:department:iasi,2,,
ro:commune:iasi:vladeni,RO,commune,Vlădeni,,,ro:department:iasi,2,,
ro:commune:iasi:voinesti,RO,commune,Voinești,,,ro:department:iasi,2,,
ro:town:bragadiru,RO,town,Bragadiru,,,ro:department:ilfov,2,,
ro:town:buftea,RO,town,Buftea,,,ro:department:ilfov,2,,
ro:town:chitila,RO,town,Chitila,,,ro:department:ilfov,2,,
ro:town:magurele,RO,town,Măgurele,,,ro:department:ilfov,2,,
ro:town:otopeni,RO,town,Otopeni,,,ro:department:ilfov,2,,
ro:town:pantelimon,RO,town,Pantelimon,,,ro:department:ilfov,2,,
ro:town:popesti-leordeni,RO,town,Popești-Leordeni,,,ro:department:ilfov,2,,
ro:town:voluntari,RO,town,Voluntari,,,ro:department:ilfov,2,,
ro:commune:1-decembrie,RO,commune,1 Decembrie,,,ro:department:ilfov,2,,
ro:commune:ilfov:afumati,RO,commune,Afumați,,,ro:department:ilfov,2,,
ro:commune:balotesti,RO,commune,Balotești,,,ro:department:ilfov,2,,
ro:commune:berceni,RO,commune,Berceni,,,ro:department:ilfov,2,,
ro:commune:ilfov:branesti,RO,commune,Brănești,,,ro:department:ilfov,2,,
ro:commune:cernica,RO,commune,Cernica,,,ro:department:ilfov,2,,
ro:commune:chiajna,RO,commune,Chiajna,,,ro:department:ilfov,2,,
ro:commune:ciolpani,RO,commune,Ciolpani,,,ro:department:ilfov,2,,
ro:commune:ciorogarla,RO,commune,Ciorogârla,,,ro:department:ilfov,2,,
ro:commune:clinceni,RO,commune,Clinceni,,,ro:department:ilfov,2,,
ro:commune:copaceni,RO,commune,Copăceni,,,ro:department:ilfov,2,,
ro:commune:corbeanca,RO,commune,Corbeanca,,,ro:department:ilfov,2,,
ro:commune:cornetu,RO,commune,Cornetu,,,ro:department:ilfov,2,,
ro:commune:dascalu,RO,commune,Dascălu,,,ro:department:ilfov,2,,
ro:commune:darasti-ilfov,RO,commune,Dărăști-Ilfov,,,ro:department:ilfov,2,,
ro:commune:dobroesti,RO,commune,Dobroești,,,ro:department:ilfov,2,,
ro:commune:ilfov:domnesti,RO,commune,Domnești,,,ro:department:ilfov,2,,
ro:commune:dragomiresti-vale,RO,commune,Dragomirești-Vale,,,ro:department:ilfov,2,,
ro:commune:ganeasa,RO,commune,Găneasa,,,ro:department:ilfov,2,,
ro:commune:glina,RO,commune,Glina,,,ro:department:ilfov,2,,
ro:commune:ilfov:gradistea,RO,commune,Grădiștea,,,ro:department:ilfov,2,,
ro:commune:gruiu,RO,commune,Gruiu,,,ro:department:ilfov,2,,
ro:commune:jilava,RO,commune,Jilava,,,ro:department:ilfov,2,,
ro:commune:moara-vlasiei,RO,commune,Moara Vlăsiei,,,ro:department:ilfov,2,,
ro:commune:mogosoaia,RO,commune,Mogoșoaia,,,ro:department:ilfov,2,,
ro:commune:nuci,RO,commune,Nuci,,,ro:department:ilfov,2,,
ro:commune:peris,RO,commune,Periș,,,ro:department:ilfov,2,,
ro:commune:petrachioaia,RO,commune,Petrăchioaia,,,ro:department:ilfov,2,,
ro:commune:snagov,RO,commune,Snagov,,,ro:department:ilfov,2,,
ro:commune:stefanestii-de-jos,RO,commune,Ștefăneștii de Jos,,,ro:department:ilfov,2,,
ro:commune:tunari,RO,commune,Tunari,,,ro:department:ilfov,2,,
ro:commune:ilfov:vidra,RO,commune,Vidra,,,ro:department:ilfov,2,,
ro:municipality:baia-mare,RO,municipality,Baia Mare,,,ro:department:maramures,2,,
ro:municipality:sighetu-marmatiei,RO,municipality,Sighetu Marmației,,,ro:department:maramures,2,,
ro:town:baia-sprie,RO,town,Baia Sprie,,,ro:department:maramures,2,,
ro:town:borsa,RO,town,Borșa,,,ro:department:maramures,2,,
ro:town:cavnic,RO,town,Cavnic,,,ro:department:maramures,2,,
ro:town:dragomiresti,RO,town,Dragomirești,,,ro:department:maramures,2,,
ro:town:salistea-de-sus,RO,town,Săliștea de Sus,,,ro:department:maramures,2,,
ro:town:seini,RO,town,Seini,,,ro:department:maramures,2,,
ro:town:somcuta-mare,RO,town,Șomcuta Mare,,,ro:department:maramures,2,,
ro:town:targu-lapus,RO,town,Târgu Lăpuș,,,ro:department:maramures,2,,
ro:town:tautii-magheraus,RO,town,Tăuții-Măgherăuș,,,ro:department:maramures,2,,
ro:town:ulmeni,RO,town,Ulmeni,,,ro:department:maramures,2,,
ro:town:viseu-de-sus,RO,town,Vișeu de Sus,,,ro:department:maramures,2,,
ro:commune:ardusat,RO,commune,Ardusat,,,ro:department:maramures,2,,
ro:commune:arinis,RO,commune,Ariniș,,,ro:department:maramures,2,,
ro:commune:asuaju-de-sus,RO,commune,Asuaju de Sus,,,ro:department:maramures,2,,
ro:commune:baita-de-sub-codru,RO,commune,Băița de sub Codru,,,ro:department:maramures,2,,
ro:commune:baiut,RO,commune,Băiuț,,,ro:department:maramures,2,,
ro:commune:barsana,RO,commune,Bârsana,,,ro:department:maramures,2,,
ro:commune:basesti,RO,commune,Băsești,,,ro:department:maramures,2,,
ro:commune:bicaz,RO,commune,Bicaz,,,ro:department:maramures,2,,
ro:commune:maramures:bistra,RO,commune,Bistra,,,ro:department:maramures,2,,
ro:commune:bocicoiu-mare,RO,commune,Bocicoiu Mare,,,ro:department:maramures,2,,
ro:commune:bogdan-voda,RO,commune,Bogdan Vodă,,,ro:department:maramures,2,,
ro:commune:boiu-mare,RO,commune,Boiu Mare,,,ro:department:maramures,2,,
ro:commune:botiza,RO,commune,Botiza,,,ro:department:maramures,2,,
ro:commune:maramures:budesti,RO,commune,Budești,,,ro:department:maramures,2,,
ro:commune:maramures:calinesti,RO,commune,Călinești,,,ro:department:maramures,2,,
ro:commune:campulung-la-tisa,RO,commune,Câmpulung la Tisa,,,ro:department:maramures,2,,
ro:commune:cernesti,RO,commune,Cernești,,,ro:department:maramures,2,,
ro:commune:cicarlau,RO,commune,Cicârlău,,,ro:department:maramures,2,,
ro:commune:coas,RO,commune,Coaș,,,ro:department:maramures,2,,
ro:commune:coltau,RO,commune,Coltău,,,ro:department:maramures,2,,
ro:commune:copalnic-manastur,RO,commune,Copalnic-Mănăștur,,,ro:department:maramures,2,,
ro:commune:coroieni,RO,commune,Coroieni,,,ro:department:maramures,2,,
ro:commune:cupseni,RO,commune,Cupșeni,,,ro:department:maramures,2,,
ro:commune:desesti,RO,commune,Desești,,,ro:department:maramures,2,,
ro:commune:maramures:dumbravita,RO,commune,Dumbrăvița,,,ro:department:maramures,2,,
ro:commune:farcasa,RO,commune,Fărcașa,,,ro:department:maramures,2,,
ro:commune:gardani,RO,commune,Gârdani,,,ro:department:maramures,2,,
ro:commune:giulesti,RO,commune,Giulești,,,ro:department:maramures,2,,
ro:commune:grosi,RO,commune,Groși,,,ro:department:maramures,2,,
ro:commune:grosii-tiblesului,RO,commune,Groșii Țibleșului,,,ro:department:maramures,2,,
ro:commune:ieud,RO,commune,Ieud,,,ro:department:maramures,2,,
ro:commune:lapus,RO,commune,Lăpuș,,,ro:department:maramures,2,,
ro:commune:leordina,RO,commune,Leordina,,,ro:department:maramures,2,,
ro:commune:miresu-mare,RO,commune,Mireșu Mare,,,ro:department:maramures,2,,
ro:commune:moisei,RO,commune,Moisei,,,ro:department:maramures,2,,
ro:commune:oarta-de-jos,RO,commune,Oarța de Jos,,,ro:department:maramures,2,,
ro:commune:ocna-sugatag,RO,commune,Ocna Șugatag,,,ro:department:maramures,2,,
ro:commune:maramures:oncesti,RO,commune,Oncești,,,ro:department:maramures,2,,
ro:commune:petrova,RO,commune,Petrova,,,ro:department:maramures,2,,
ro:commune:poienile-de-sub-munte,RO,commune,Poienile de sub Munte,,,ro:department:maramures,2,,
ro:commune:poienile-izei,RO,commune,Poienile Izei,,,ro:department:maramures,2,,
ro:commune:maramures:recea,RO,commune,Recea,,,ro:department:maramures,2,,
ro:commune:remetea-chioarului,RO,commune,Remetea Chioarului,,,ro:department:maramures,2,,
ro:commune:remeti,RO,commune,Remeți,,,ro:department:maramures,2,,
ro:commune:repedea,RO,commune,Repedea,,,ro:department:maramures,2,,
ro:commune:rona-de-jos,RO,commune,Rona de Jos,,,ro:department:maramures,2,,
ro:commune:rona-de-sus,RO,commune,Rona de Sus,,,ro:department:maramures,2,,
ro:commune:rozavlea,RO,commune,Rozavlea,,,ro:department:maramures,2,,
ro:commune:ruscova,RO,commune,Ruscova,,,ro:department:maramures,2,,
ro:commune:sacalaseni,RO,commune,Săcălășeni,,,ro:department:maramures,2,,
ro:commune:maramures:sacel,RO,commune,Săcel,,,ro:department:maramures,2,,
ro:commune:salsig,RO,commune,Sălsig,,,ro:department:maramures,2,,
ro:commune:sapanta,RO,commune,Săpânța,,,ro:department:maramures,2,,
ro:commune:sarasau,RO,commune,Sarasău,,,ro:department:maramures,2,,
ro:commune:satulung,RO,commune,Satulung,,,ro:department:maramures,2,,
ro:commune:maramures:sieu,RO,commune,Șieu,,,ro:department:maramures,2,,
ro:commune:sisesti,RO,commune,Șișești,,,ro:department:maramures,2,,
ro:commune:stramtura,RO,commune,Strâmtura,,,ro:department:maramures,2,,
ro:commune:suciu-de-sus,RO,commune,Suciu de Sus,,,ro:department:maramures,2,,
ro:commune:vadu-izei,RO,commune,Vadu Izei,,,ro:department:maramures,2,,
ro:commune:valea-chioarului,RO,commune,Valea Chioarului,,,ro:department:maramures,2,,
ro:commune:vima-mica,RO,commune,Vima Mică,,,ro:department:maramures,2,,
ro:commune:viseu-de-jos,RO,commune,Vișeu de Jos,,,ro:department:maramures,2,,
ro:municipality:drobeta-turnu-severin,RO,municipality,Drobeta-Turnu Severin,,,ro:department:mehedinti,2,,
ro:municipality:orsova,RO,municipality,Orșova,,,ro:department:mehedinti,2,,
ro:town:baia-de-arama,RO,town,Baia de Aramă,,,ro:department:mehedinti,2,,
ro:town:strehaia,RO,town,Strehaia,,,ro:department:mehedinti,2,,
ro:town:vanju-mare,RO,town,Vânju Mare,,,ro:department:mehedinti,2,,
ro:commune:bacles,RO,commune,Bâcleș,,,ro:department:mehedinti,2,,
ro:commune:bala,RO,commune,Bala,,,ro:department:mehedinti,2,,
ro:commune:balacita,RO,commune,Bălăcița,,,ro:department:mehedinti,2,,
ro:commune:balta,RO,commune,Balta,,,ro:department:mehedinti,2,,
ro:commune:balvanesti,RO,commune,Bâlvănești,,,ro:department:mehedinti,2,,
ro:commune:mehedinti:branistea,RO,commune,Braniștea,,,ro:department:mehedinti,2,,
ro:commune:breznita-motru,RO,commune,Breznița-Motru,,,ro:department:mehedinti,2,,
ro:commune:breznita-ocol,RO,commune,Breznița-Ocol,,,ro:department:mehedinti,2,,
ro:commune:brosteni,RO,commune,Broșteni,,,ro:department:mehedinti,2,,
ro:commune:burila-mare,RO,commune,Burila Mare,,,ro:department:mehedinti,2,,
ro:commune:butoiesti,RO,commune,Butoiești,,,ro:department:mehedinti,2,,
ro:commune:cazanesti,RO,commune,Căzănești,,,ro:department:mehedinti,2,,
ro:commune:mehedinti:ciresu,RO,commune,Cireșu,,,ro:department:mehedinti,2,,
ro:commune:corcova,RO,commune,Corcova,,,ro:department:mehedinti,2,,
ro:commune:corlatel,RO,commune,Corlățel,,,ro:department:mehedinti,2,,
ro:commune:cujmir,RO,commune,Cujmir,,,ro:department:mehedinti,2,,
ro:commune:darvari,RO,commune,Dârvari,,,ro:department:mehedinti,2,,
ro:commune:devesel,RO,commune,Devesel,,,ro:department:mehedinti,2,,
ro:commune:dubova,RO,commune,Dubova,,,ro:department:mehedinti,2,,
ro:commune:dumbrava,RO,commune,Dumbrava,,,ro:department:mehedinti,2,,
ro:commune:eselnita,RO,commune,Eșelnița,,,ro:department:mehedinti,2,,
ro:commune:mehedinti:floresti,RO,commune,Florești,,,ro:department:mehedinti,2,,
ro:commune:garla-mare,RO,commune,Gârla Mare,,,ro:department:mehedinti,2,,
ro:commune:godeanu,RO,commune,Godeanu,,,ro:department:mehedinti,2,,
ro:commune:mehedinti:gogosu,RO,commune,Gogoșu,,,ro:department:mehedinti,2,,
ro:commune:greci,RO,commune,Greci,,,ro:department:mehedinti,2,,
ro:commune:mehedinti:grozesti,RO,commune,Grozești,,,ro:department:mehedinti,2,,
ro:commune:gruia,RO,commune,Gruia,,,ro:department:mehedinti,2,,
ro:commune:hinova,RO,commune,Hinova,,,ro:department:mehedinti,2,,
ro:commune:husnicioara,RO,commune,Husnicioara,,,ro:department:mehedinti,2,,
ro:commune:ilovat,RO,commune,Ilovăț,,,ro:department:mehedinti,2,,
ro:commune:ilovita,RO,commune,Ilovița,,,ro:department:mehedinti,2,,
ro:commune:isverna,RO,commune,Isverna,,,ro:department:mehedinti,2,,
ro:commune:izvoru-barzii,RO,commune,Izvoru Bârzii,,,ro:department:mehedinti,2,,
ro:commune:jiana,RO,commune,Jiana,,,ro:department:mehedinti,2,,
ro:commune:mehedinti:livezile,RO,commune,Livezile,,,ro:department:mehedinti,2,,
ro:commune:malovat,RO,commune,Malovăț,,,ro:department:mehedinti,2,,
ro:commune:obarsia-de-camp,RO,commune,Obârșia de Câmp,,,ro:department:mehedinti,2,,
ro:commune:obarsia-closani,RO,commune,Obârșia-Cloșani,,,ro:department:mehedinti,2,,
ro:commune:oprisor,RO,commune,Oprișor,,,ro:department:mehedinti,2,,
ro:commune:padina-mare,RO,commune,Pădina Mare,,,ro:department:mehedinti,2,,
ro:commune:patulele,RO,commune,Pătulele,,,ro:department:mehedinti,2,,
ro:commune:podeni,RO,commune,Podeni,,,ro:department:mehedinti,2,,
ro:commune:ponoarele,RO,commune,Ponoarele,,,ro:department:mehedinti,2,,
ro:commune:poroina-mare,RO,commune,Poroina Mare,,,ro:department:mehedinti,2,,
ro:commune:pristol,RO,commune,Pristol,,,ro:department:mehedinti,2,,
ro:commune:prunisor,RO,commune,Prunișor,,,ro:department:mehedinti,2,,
ro:commune:punghina,RO,commune,Punghina,,,ro:department:mehedinti,2,,
ro:commune:rogova,RO,commune,Rogova,,,ro:department:mehedinti,2,,
ro:commune:salcia,RO,commune,Salcia,,,ro:department:mehedinti,2,,
ro:commune:mehedinti:sisesti,RO,commune,Șișești,,,ro:department:mehedinti,2,,
ro:commune:mehedinti:simian,RO,commune,Șimian,,,ro:department:mehedinti,2,,
ro:commune:sovarna,RO,commune,Șovarna,,,ro:department:mehedinti,2,,
ro:commune:stangaceaua,RO,commune,Stângăceaua,,,ro:department:mehedinti,2,,
ro:commune:svinita,RO,commune,Svinița,,,ro:department:mehedinti,2,,
ro:commune:tamna,RO,commune,Tâmna,,,ro:department:mehedinti,2,,
ro:commune:mehedinti:vanatori,RO,commune,Vânători,,,ro:department:mehedinti,2,,
ro:commune:vanjulet,RO,commune,Vânjuleț,,,ro:department:mehedinti,2,,
ro:commune:vladaia,RO,commune,Vlădaia,,,ro:department:mehedinti,2,,
ro:commune:voloiac,RO,commune,Voloiac,,,ro:department:mehedinti,2,,
ro:commune:vrata,RO,commune,Vrata,,,ro:department:mehedinti,2,,
ro:municipality:targu-mures,RO,municipality,Târgu Mureș,,,ro:department:mures,2,,
ro:municipality:reghin,RO,municipality,Reghin,,,ro:department:mures,2,,
ro:municipality:sighisoara,RO,municipality,Sighișoara,,,ro:department:mures,2,,
ro:municipality:tarnaveni,RO,municipality,Târnăveni,,,ro:department:mures,2,,
ro:town:iernut,RO,town,Iernut,,,ro:department:mures,2,,
ro:town:ludus,RO,town,Luduș,,,ro:department:mures,2,,
ro:town:miercurea-nirajului,RO,town,Miercurea Nirajului,,,ro:department:mures,2,,
ro:town:sangeorgiu-de-padure,RO,town,Sângeorgiu de Pădure,,,ro:department:mures,2,,
ro:town:sarmasu,RO,town,Sărmașu,,,ro:department:mures,2,,
ro:town:sovata,RO,town,Sovata,,,ro:department:mures,2,,
ro:town:ungheni,RO,town,Ungheni,,,ro:department:mures,2,,
ro:commune:acatari,RO,commune,Acățari,,,ro:department:mures,2,,
ro:commune:adamus,RO,commune,Adămuș,,,ro:department:mures,2,,
ro:commune:mures:albesti,RO,commune,Albești,,,ro:department:mures,2,,
ro:commune:mures:alunis,RO,commune,Aluniș,,,ro:department:mures,2,,
ro:commune:apold,RO,commune,Apold,,,ro:department:mures,2,,
ro:commune:atintis,RO,commune,Ațintiș,,,ro:department:mures,2,,
ro:commune:bahnea,RO,commune,Bahnea,,,ro:department:mures,2,,
ro:commune:band,RO,commune,Band,,,ro:department:mures,2,,
ro:commune:batos,RO,commune,Batoș,,,ro:department:mures,2,,
ro:commune:bagaciu,RO,commune,Băgaciu,,,ro:department:mures,2,,
ro:commune:mures:bala,RO,commune,Băla,,,ro:department:mures,2,,
ro:commune:balauseri,RO,commune,Bălăușeri,,,ro:department:mures,2,,
ro:commune:beica-de-jos,RO,commune,Beica de Jos,,,ro:department:mures,2,,
ro:commune:bereni,RO,commune,Bereni,,,ro:department:mures,2,,
ro:commune:bichis,RO,commune,Bichiș,,,ro:department:mures,2,,
ro:commune:bogata,RO,commune,Bogata,,,ro:department:mures,2,,
ro:commune:brancovenesti,RO,commune,Brâncovenești,,,ro:department:mures,2,,
ro:commune:mures:breaza,RO,commune,Breaza,,,ro:department:mures,2,,
ro:commune:ceuasu-de-campie,RO,commune,Ceuașu de Câmpie,,,ro:department:mures,2,,
ro:commune:chetani,RO,commune,Chețani,,,ro:department:mures,2,,
ro:commune:chibed,RO,commune,Chibed,,,ro:department:mures,2,,
ro:commune:chiheru-de-jos,RO,commune,Chiheru de Jos,,,ro:department:mures,2,,
ro:commune:coroisanmartin,RO,commune,Coroisânmărtin,,,ro:department:mures,2,,
ro:commune:corunca,RO,commune,Corunca,,,ro:department:mures,2,,
ro:commune:cozma,RO,commune,Cozma,,,ro:department:mures,2,,
ro:commune:craciunesti,RO,commune,Crăciunești,,,ro:department:mures,2,,
ro:commune:cucerdea,RO,commune,Cucerdea,,,ro:department:mures,2,,
ro:commune:craiesti,RO,commune,Crăiești,,,ro:department:mures,2,,
ro:commune:mures:cristesti,RO,commune,Cristești,,,ro:department:mures,2,,
ro:commune:cuci,RO,commune,Cuci,,,ro:department:mures,2,,
ro:commune:danes,RO,commune,Daneș,,,ro:department:mures,2,,
ro:commune:deda,RO,commune,Deda,,,ro:department:mures,2,,
ro:commune:eremitu,RO,commune,Eremitu,,,ro:department:mures,2,,
ro:commune:ernei,RO,commune,Ernei,,,ro:department:mures,2,,
ro:commune:mures:fantanele,RO,commune,Fântânele,,,ro:department:mures,2,,
ro:commune:faragau,RO,commune,Fărăgău,,,ro:department:mures,2,,
ro:commune:galesti,RO,commune,Gălești,,,ro:department:mures,2,,
ro:commune:ganesti,RO,commune,Gănești,,,ro:department:mures,2,,
ro:commune:mures:gheorghe-doja,RO,commune,Gheorghe Doja,,,ro:department:mures,2,,
ro:commune:ghindari,RO,commune,Ghindari,,,ro:department:mures,2,,
ro:commune:mures:glodeni,RO,commune,Glodeni,,,ro:department:mures,2,,
ro:commune:gornesti,RO,commune,Gornești,,,ro:department:mures,2,,
ro:commune:grebenisu-de-campie,RO,commune,Grebenișu de Câmpie,,,ro:department:mures,2,,
ro:commune:gurghiu,RO,commune,Gurghiu,,,ro:department:mures,2,,
ro:commune:hodac,RO,commune,Hodac,,,ro:department:mures,2,,
ro:commune:hodosa,RO,commune,Hodoșa,,,ro:department:mures,2,,
ro:commune:mures:ibanesti,RO,commune,Ibănești,,,ro:department:mures,2,,
ro:commune:iclanzel,RO,commune,Iclănzel,,,ro:department:mures,2,,
ro:commune:ideciu-de-jos,RO,commune,Ideciu de Jos,,,ro:department:mures,2,,
ro:commune:livezeni,RO,commune,Livezeni,,,ro:department:mures,2,,
ro:commune:mures:lunca,RO,commune,Lunca,,,ro:department:mures,2,,
ro:commune:lunca-bradului,RO,commune,Lunca Bradului,,,ro:department:mures,2,,
ro:commune:mures:madaras,RO,commune,Mădăraș,,,ro:department:mures,2,,
ro:commune:magherani,RO,commune,Măgherani,,,ro:department:mures,2,,
ro:commune:mures:mica,RO,commune,Mica,,,ro:department:mures,2,,
ro:commune:mihesu-de-campie,RO,commune,Miheșu de Câmpie,,,ro:department:mures,2,,
ro:commune:nades,RO,commune,Nadeș,,,ro:department:mures,2,,
ro:commune:neaua,RO,commune,Neaua,,,ro:department:mures,2,,
ro:commune:ogra,RO,commune,Ogra,,,ro:department:mures,2,,
ro:commune:papiu-ilarian,RO,commune,Papiu Ilarian,,,ro:department:mures,2,,
ro:commune:panet,RO,commune,Pănet,,,ro:department:mures,2,,
ro:commune:pasareni,RO,commune,Păsăreni,,,ro:department:mures,2,,
ro:commune:petelea,RO,commune,Petelea,,,ro:department:mures,2,,
ro:commune:pogaceaua,RO,commune,Pogăceaua,,,ro:department:mures,2,,
ro:commune:mures:raciu,RO,commune,Râciu,,,ro:department:mures,2,,
ro:commune:rastolita,RO,commune,Răstolița,,,ro:department:mures,2,,
ro:commune:rusii-munti,RO,commune,Rușii-Munți,,,ro:department:mures,2,,
ro:commune:sancraiu-de-mures,RO,commune,Sâncraiu de Mureș,,,ro:department:mures,2,,
ro:commune:sangeorgiu-de-mures,RO,commune,Sângeorgiu de Mureș,,,ro:department:mures,2,,
ro:commune:sanger,RO,commune,Sânger,,,ro:department:mures,2,,
ro:commune:mures:sanpaul,RO,commune,Sânpaul,,,ro:department:mures,2,,
ro:commune:sanpetru-de-campie,RO,commune,Sânpetru de Câmpie,,,ro:department:mures,2,,
ro:commune:santana-de-mures,RO,commune,Sântana de Mureș,,,ro:department:mures,2,,
ro:commune:mures:sarateni,RO,commune,Sărățeni,,,ro:department:mures,2,,
ro:commune:saschiz,RO,commune,Saschiz,,,ro:department:mures,2,,
ro:commune:solovastru,RO,commune,Solovăstru,,,ro:department:mures,2,,
ro:commune:stanceni,RO,commune,Stânceni,,,ro:department:mures,2,,
ro:commune:suplac,RO,commune,Suplac,,,ro:department:mures,2,,
ro:commune:mures:suseni,RO,commune,Suseni,,,ro:department:mures,2,,
ro:commune:saulia,RO,commune,Șăulia,,,ro:department:mures,2,,
ro:commune:sincai,RO,commune,Șincai,,,ro:department:mures,2,,
ro:commune:taureni,RO,commune,Tăureni,,,ro:department:mures,2,,
ro:commune:valea-larga,RO,commune,Valea Largă,,,ro:department:mures,2,,
ro:commune:mures:vanatori,RO,commune,Vânători,,,ro:department:mures,2,,
ro:commune:vargata,RO,commune,Vărgata,,,ro:department:mures,2,,
ro:commune:vatava,RO,commune,Vătava,,,ro:department:mures,2,,
ro:commune:vetca,RO,commune,Vețca,,,ro:department:mures,2,,
ro:commune:mures:viisoara,RO,commune,Viișoara,,,ro:department:mures,2,,
ro:commune:voivodeni,RO,commune,Voivodeni,,,ro:department:mures,2,,
ro:commune:zagar,RO,commune,Zagăr,,,ro:department:mures,2,,
ro:commune:zau-de-campie,RO,commune,Zau de Câmpie,,,ro:department:mures,2,,
ro:municipality:piatra-neamt,RO,municipality,Piatra Neamț,,,ro:department:neamt,2,,
ro:municipality:roman,RO,municipality,Roman,,,ro:department:neamt,2,,
ro:town:bicaz,RO,town,Bicaz,,,ro:department:neamt,2,,
ro:town:roznov,RO,town,Roznov,,,ro:department:neamt,2,,
ro:town:targu-neamt,RO,town,Târgu Neamț,,,ro:department:neamt,2,,
ro:commune:agapia,RO,commune,Agapia,,,ro:department:neamt,2,,
ro:commune:alexandru-cel-bun,RO,commune,Alexandru cel Bun,,,ro:department:neamt,2,,
ro:commune:bahna,RO,commune,Bahna,,,ro:department:neamt,2,,
ro:commune:baltatesti,RO,commune,Bălțătești,,,ro:department:neamt,2,,
ro:commune:bargauani,RO,commune,Bârgăuani,,,ro:department:neamt,2,,
ro:commune:bicaz-chei,RO,commune,Bicaz-Chei,,,ro:department:neamt,2,,
ro:commune:bicazu-ardelean,RO,commune,Bicazu Ardelean,,,ro:department:neamt,2,,
ro:commune:bara,RO,commune,Bâra,,,ro:department:neamt,2,,
ro:commune:bodesti,RO,commune,Bodești,,,ro:department:neamt,2,,
ro:commune:boghicea,RO,commune,Boghicea,,,ro:department:neamt,2,,
ro:commune:borca,RO,commune,Borca,,,ro:department:neamt,2,,
ro:commune:borlesti,RO,commune,Borlești,,,ro:department:neamt,2,,
ro:commune:neamt:botesti,RO,commune,Botești,,,ro:department:neamt,2,,
ro:commune:bozieni,RO,commune,Bozieni,,,ro:department:neamt,2,,
ro:commune:neamt:brusturi,RO,commune,Brusturi,,,ro:department:neamt,2,,
ro:commune:neamt:candesti,RO,commune,Cândești,,,ro:department:neamt,2,,
ro:commune:ceahlau,RO,commune,Ceahlău,,,ro:department:neamt,2,,
ro:commune:cordun,RO,commune,Cordun,,,ro:department:neamt,2,,
ro:commune:costisa,RO,commune,Costișa,,,ro:department:neamt,2,,
ro:commune:cracaoani,RO,commune,Crăcăoani,,,ro:department:neamt,2,,
ro:commune:damuc,RO,commune,Dămuc,,,ro:department:neamt,2,,
ro:commune:dobreni,RO,commune,Dobreni,,,ro:department:neamt,2,,
ro:commune:dochia,RO,commune,Dochia,,,ro:department:neamt,2,,
ro:commune:doljesti,RO,commune,Doljești,,,ro:department:neamt,2,,
ro:commune:neamt:dragomiresti,RO,commune,Dragomirești,,,ro:department:neamt,2,,
ro:commune:neamt:draganesti,RO,commune,Drăgănești,,,ro:department:neamt,2,,
ro:commune:dulcesti,RO,commune,Dulcești,,,ro:department:neamt,2,,
ro:commune:dumbrava-rosie,RO,commune,Dumbrava Roșie,,,ro:department:neamt,2,,
ro:commune:neamt:farcasa,RO,commune,Farcașa,,,ro:department:neamt,2,,
ro:commune:faurei,RO,commune,Făurei,,,ro:department:neamt,2,,
ro:commune:gadinti,RO,commune,Gâdinți,,,ro:department:neamt,2,,
ro:commune:garcina,RO,commune,Gârcina,,,ro:department:neamt,2,,
ro:commune:gheraesti,RO,commune,Gherăești,,,ro:department:neamt,2,,
ro:commune:ghindaoani,RO,commune,Ghindăoani,,,ro:department:neamt,2,,
ro:commune:girov,RO,commune,Girov,,,ro:department:neamt,2,,
ro:commune:grinties,RO,commune,Grințieș,,,ro:department:neamt,2,,
ro:commune:grumazesti,RO,commune,Grumăzești,,,ro:department:neamt,2,,
ro:commune:hangu,RO,commune,Hangu,,,ro:department:neamt,2,,
ro:commune:neamt:horia,RO,commune,Horia,,,ro:department:neamt,2,,
ro:commune:icusesti,RO,commune,Icușești,,,ro:department:neamt,2,,
ro:commune:ion-creanga,RO,commune,Ion Creangă,,,ro:department:neamt,2,,
ro:commune:neamt:margineni,RO,commune,Mărgineni,,,ro:department:neamt,2,,
ro:commune:neamt:moldoveni,RO,commune,Moldoveni,,,ro:department:neamt,2,,
ro:commune:negresti,RO,commune,Negrești,,,ro:department:neamt,2,,
ro:commune:oniceni,RO,commune,Oniceni,,,ro:department:neamt,2,,
ro:commune:pastraveni,RO,commune,Păstrăveni,,,ro:department:neamt,2,,
ro:commune:neamt:pancesti,RO,commune,Pâncești,,,ro:department:neamt,2,,
ro:commune:pangarati,RO,commune,Pângărați,,,ro:department:neamt,2,,
ro:commune:petricani,RO,commune,Petricani,,,ro:department:neamt,2,,
ro:commune:piatra-soimului,RO,commune,Piatra Șoimului,,,ro:department:neamt,2,,
ro:commune:pipirig,RO,commune,Pipirig,,,ro:department:neamt,2,,
ro:commune:podoleni,RO,commune,Podoleni,,,ro:department:neamt,2,,
ro:commune:poiana-teiului,RO,commune,Poiana Teiului,,,ro:department:neamt,2,,
ro:commune:poienari,RO,commune,Poienari,,,ro:department:neamt,2,,
ro:commune:raucesti,RO,commune,Răucești,,,ro:department:neamt,2,,
ro:commune:razboieni,RO,commune,Războieni,,,ro:department:neamt,2,,
ro:commune:neamt:rediu,RO,commune,Rediu,,,ro:department:neamt,2,,
ro:commune:romani,RO,commune,Români,,,ro:department:neamt,2,,
ro:commune:neamt:ruginoasa,RO,commune,Ruginoasa,,,ro:department:neamt,2,,
ro:commune:sagna,RO,commune,Sagna,,,ro:department:neamt,2,,
ro:commune:sabaoani,RO,commune,Săbăoani,,,ro:department:neamt,2,,
ro:commune:savinesti,RO,commune,Săvinești,,,ro:department:neamt,2,,
ro:commune:neamt:secuieni,RO,commune,Secuieni,,,ro:department:neamt,2,,
ro:commune:stanita,RO,commune,Stănița,,,ro:department:neamt,2,,
ro:commune:neamt:stefan-cel-mare,RO,commune,Ștefan cel Mare,,,ro:department:neamt,2,,
ro:commune:tarcau,RO,commune,Tarcău,,,ro:department:neamt,2,,
ro:commune:tasca,RO,commune,Tașca,,,ro:department:neamt,2,,
ro:commune:tazlau,RO,commune,Tazlău,,,ro:department:neamt,2,,
ro:commune:tamaseni,RO,commune,Tămășeni,,,ro:department:neamt,2,,
ro:commune:timisesti,RO,commune,Timișești,,,ro:department:neamt,2,,
ro:commune:neamt:trifesti,RO,commune,Trifești,,,ro:department:neamt,2,,
ro:commune:tupilati,RO,commune,Tupilați,,,ro:department:neamt,2,,
ro:commune:tibucani,RO,commune,Țibucani,,,ro:department:neamt,2,,
ro:commune:urecheni,RO,commune,Urecheni,,,ro:department:neamt,2,,
ro:commune:valea-ursului,RO,commune,Valea Ursului,,,ro:department:neamt,2,,
ro:commune:valeni,RO,commune,Văleni,,,ro:department:neamt,2,,
ro:commune:vanatori-neamt,RO,commune,Vânători-Neamț,,,ro:department:neamt,2,,
ro:commune:zanesti,RO,commune,Zănești,,,ro:department:neamt,2,,
ro:municipality:caracal,RO,municipality,Caracal,,,ro:department:olt,2,,
ro:municipality:slatina,RO,municipality,Slatina,,,ro:department:olt,2,,
ro:town:bals,RO,town,Balș,,,ro:department:olt,2,,
ro:town:corabia,RO,town,Corabia,,,ro:department:olt,2,,
ro:town:draganesti-olt,RO,town,Drăgănești-Olt,,,ro:department:olt,2,,
ro:town:piatra-olt,RO,town,Piatra Olt,,,ro:department:olt,2,,
ro:town:potcoava,RO,town,Potcoava,,,ro:department:olt,2,,
ro:town:scornicesti,RO,town,Scornicești,,,ro:department:olt,2,,
ro:commune:babiciu,RO,commune,Băbiciu,,,ro:department:olt,2,,
ro:commune:baldovinesti,RO,commune,Baldovinești,,,ro:department:olt,2,,
ro:commune:olt:balteni,RO,commune,Bălteni,,,ro:department:olt,2,,
ro:commune:barasti,RO,commune,Bărăști,,,ro:department:olt,2,,
ro:commune:barza,RO,commune,Bârza,,,ro:department:olt,2,,
ro:commune:bobicesti,RO,commune,Bobicești,,,ro:department:olt,2,,
ro:commune:brancoveni,RO,commune,Brâncoveni,,,ro:department:olt,2,,
ro:commune:brastavatu,RO,commune,Brastavățu,,,ro:department:olt,2,,
ro:commune:brebeni,RO,commune,Brebeni,,,ro:department:olt,2,,
ro:commune:bucinisu,RO,commune,Bucinișu,,,ro:department:olt,2,,
ro:commune:carlogani,RO,commune,Cârlogani,,,ro:department:olt,2,,
ro:commune:calui,RO,commune,Călui,,,ro:department:olt,2,,
ro:commune:cezieni,RO,commune,Cezieni,,,ro:department:olt,2,,
ro:commune:cilieni,RO,commune,Cilieni,,,ro:department:olt,2,,
ro:commune:olt:colonesti,RO,commune,Colonești,,,ro:department:olt,2,,
ro:commune:olt:corbu,RO,commune,Corbu,,,ro:department:olt,2,,
ro:commune:coteana,RO,commune,Coteana,,,ro:department:olt,2,,
ro:commune:crampoia,RO,commune,Crâmpoia,,,ro:department:olt,2,,
ro:commune:cungrea,RO,commune,Cungrea,,,ro:department:olt,2,,
ro:commune:curtisoara,RO,commune,Curtișoara,,,ro:department:olt,2,,
ro:commune:daneasa,RO,commune,Dăneasa,,,ro:department:olt,2,,
ro:commune:deveselu,RO,commune,Deveselu,,,ro:department:olt,2,,
ro:commune:dobretu,RO,commune,Dobrețu,,,ro:department:olt,2,,
ro:commune:dobrosloveni,RO,commune,Dobrosloveni,,,ro:department:olt,2,,
ro:commune:dobroteasa,RO,commune,Dobroteasa,,,ro:department:olt,2,,
ro:commune:dobrun,RO,commune,Dobrun,,,ro:department:olt,2,,
ro:commune:draghiceni,RO,commune,Drăghiceni,,,ro:department:olt,2,,
ro:commune:fagetelu,RO,commune,Făgețelu,,,ro:department:olt,2,,
ro:commune:falcoiu,RO,commune,Fălcoiu,,,ro:department:olt,2,,
ro:commune:farcasele,RO,commune,Fărcașele,,,ro:department:olt,2,,
ro:commune:olt:ganeasa,RO,commune,Găneasa,,,ro:department:olt,2,,
ro:commune:gavanesti,RO,commune,Găvănești,,,ro:department:olt,2,,
ro:commune:garcov,RO,commune,Gârcov,,,ro:department:olt,2,,
ro:commune:giuvarasti,RO,commune,Giuvărăști,,,ro:department:olt,2,,
ro:commune:ghimpeteni,RO,commune,Ghimpețeni,,,ro:department:olt,2,,
ro:commune:gostavatu,RO,commune,Gostavățu,,,ro:department:olt,2,,
ro:commune:olt:gradinari,RO,commune,Grădinari,,,ro:department:olt,2,,
ro:commune:gradinile,RO,commune,Grădinile,,,ro:department:olt,2,,
ro:commune:grojdibodu,RO,commune,Grojdibodu,,,ro:department:olt,2,,
ro:commune:gura-padinii,RO,commune,Gura Padinii,,,ro:department:olt,2,,
ro:commune:ianca,RO,commune,Ianca,,,ro:department:olt,2,,
ro:commune:iancu-jianu,RO,commune,Iancu Jianu,,,ro:department:olt,2,,
ro:commune:icoana,RO,commune,Icoana,,,ro:department:olt,2,,
ro:commune:ipotesti,RO,commune,Ipotești,,,ro:department:olt,2,,
ro:commune:izbiceni,RO,commune,Izbiceni,,,ro:department:olt,2,,
ro:commune:olt:izvoarele,RO,commune,Izvoarele,,,ro:department:olt,2,,
ro:commune:leleasca,RO,commune,Leleasca,,,ro:department:olt,2,,
ro:commune:maruntei,RO,commune,Mărunței,,,ro:department:olt,2,,
ro:commune:olt:mihaesti,RO,commune,Mihăești,,,ro:department:olt,2,,
ro:commune:milcov,RO,commune,Milcov,,,ro:department:olt,2,,
ro:commune:morunglav,RO,commune,Morunglav,,,ro:department:olt,2,,
ro:commune:olt:movileni,RO,commune,Movileni,,,ro:department:olt,2,,
ro:commune:nicolae-titulescu,RO,commune,Nicolae Titulescu,,,ro:department:olt,2,,
ro:commune:obarsia,RO,commune,Obârșia,,,ro:department:olt,2,,
ro:commune:oboga,RO,commune,Oboga,,,ro:department:olt,2,,
ro:commune:oporelu,RO,commune,Oporelu,,,ro:department:olt,2,,
ro:commune:optasi-magura,RO,commune,Optași-Măgura,,,ro:department:olt,2,,
ro:commune:orlea,RO,commune,Orlea,,,ro:department:olt,2,,
ro:commune:osica-de-sus,RO,commune,Osica de Sus,,,ro:department:olt,2,,
ro:commune:osica-de-jos,RO,commune,Osica de Jos,,,ro:department:olt,2,,
ro:commune:parscoveni,RO,commune,Pârșcoveni,,,ro:department:olt,2,,
ro:commune:olt:perieti,RO,commune,Perieți,,,ro:department:olt,2,,
ro:commune:plesoiu,RO,commune,Pleșoiu,,,ro:department:olt,2,,
ro:commune:poboru,RO,commune,Poboru,,,ro:department:olt,2,,
ro:commune:priseaca,RO,commune,Priseaca,,,ro:department:olt,2,,
ro:commune:radomiresti,RO,commune,Radomirești,,,ro:department:olt,2,,
ro:commune:redea,RO,commune,Redea,,,ro:department:olt,2,,
ro:commune:rotunda,RO,commune,Rotunda,,,ro:department:olt,2,,
ro:commune:rusanesti,RO,commune,Rusănești,,,ro:department:olt,2,,
ro:commune:samburesti,RO,commune,Sâmburești,,,ro:department:olt,2,,
ro:commune:sarbii-magura,RO,commune,Sârbii-Măgura,,,ro:department:olt,2,,
ro:commune:olt:scarisoara,RO,commune,Scărișoara,,,ro:department:olt,2,,
ro:commune:olt:schitu,RO,commune,Schitu,,,ro:department:olt,2,,
ro:commune:seaca,RO,commune,Seaca,,,ro:department:olt,2,,
ro:commune:serbanesti,RO,commune,Șerbănești,,,ro:department:olt,2,,
ro:commune:slatioara,RO,commune,Slătioara,,,ro:department:olt,2,,
ro:commune:soparlita,RO,commune,Șopârlița,,,ro:department:olt,2,,
ro:commune:spineni,RO,commune,Spineni,,,ro:department:olt,2,,
ro:commune:sprancenata,RO,commune,Sprâncenata,,,ro:department:olt,2,,
ro:commune:olt:stefan-cel-mare,RO,commune,Ștefan cel Mare,,,ro:department:olt,2,,
ro:commune:olt:stoenesti,RO,commune,Stoenești,,,ro:department:olt,2,,
ro:commune:stoicanesti,RO,commune,Stoicănești,,,ro:department:olt,2,,
ro:commune:strejesti,RO,commune,Strejești,,,ro:department:olt,2,,
ro:commune:studina,RO,commune,Studina,,,ro:department:olt,2,,
ro:commune:tatulesti,RO,commune,Tătulești,,,ro:department:olt,2,,
ro:commune:olt:teslui,RO,commune,Teslui,,,ro:department:olt,2,,
ro:commune:tia-mare,RO,commune,Tia Mare,,,ro:department:olt,2,,
ro:commune:topana,RO,commune,Topana,,,ro:department:olt,2,,
ro:commune:olt:traian,RO,commune,Traian,,,ro:department:olt,2,,
ro:commune:tufeni,RO,commune,Tufeni,,,ro:department:olt,2,,
ro:commune:urzica,RO,commune,Urzica,,,ro:department:olt,2,,
ro:commune:vadastra,RO,commune,Vădastra,,,ro:department:olt,2,,
ro:commune:vadastrita,RO,commune,Vădăstrița,,,ro:department:olt,2,,
ro:commune:olt:valcele,RO,commune,Vâlcele,,,ro:department:olt,2,,
ro:commune:olt:valea-mare,RO,commune,Valea Mare,,,ro:department:olt,2,,
ro:commune:olt:valeni,RO,commune,Văleni,,,ro:department:olt,2,,
ro:commune:verguleasa,RO,commune,Verguleasa,,,ro:department:olt,2,,
ro:commune:olt:visina,RO,commune,Vișina,,,ro:department:olt,2,,
ro:commune:visina-noua,RO,commune,Vișina Nouă,,,ro:department:olt,2,,
ro:commune:vitomiresti,RO,commune,Vitomirești,,,ro:department:olt,2,,
ro:commune:vladila,RO,commune,Vlădila,,,ro:department:olt,2,,
ro:commune:voineasa,RO,commune,Voineasa,,,ro:department:olt,2,,
ro:commune:vulpeni,RO,commune,Vulpeni,,,ro:department:olt,2,,
ro:commune:olt:vulturesti,RO,commune,Vulturești,,,ro:department:olt,2,,
ro:municipality:campina,RO,municipality,Câmpina,,,ro:department:prahova,2,,
ro:municipality:ploiesti,RO,municipality,Ploiești,,,ro:department:prahova,2,,
ro:town:azuga,RO,town,Azuga,,,ro:department:prahova,2,,
ro:town:baicoi,RO,town,Băicoi,,,ro:department:prahova,2,,
ro:town:boldesti-scaeni,RO,town,Boldești-Scăeni,,,ro:department:prahova,2,,
ro:town:breaza,RO,town,Breaza,,,ro:department:prahova,2,,
ro:town:busteni,RO,town,Bușteni,,,ro:department:prahova,2,,
ro:town:comarnic,RO,town,Comarnic,,,ro:department:prahova,2,,
ro:town:mizil,RO,town,Mizil,,,ro:department:prahova,2,,
ro:town:plopeni,RO,town,Plopeni,,,ro:department:prahova,2,,
ro:town:sinaia,RO,town,Sinaia,,,ro:department:prahova,2,,
ro:town:slanic,RO,town,Slănic,,,ro:department:prahova,2,,
ro:town:urlati,RO,town,Urlați,,,ro:department:prahova,2,,
ro:town:valenii-de-munte,RO,town,Vălenii de Munte,,,ro:department:prahova,2,,
ro:commune:adunati,RO,commune,Adunați,,,ro:department:prahova,2,,
ro:commune:albesti-paleologu,RO,commune,Albești-Paleologu,,,ro:department:prahova,2,,
ro:commune:prahova:alunis,RO,commune,Aluniș,,,ro:department:prahova,2,,
ro:commune:apostolache,RO,commune,Apostolache,,,ro:department:prahova,2,,
ro:commune:aricestii-rahtivani,RO,commune,Ariceștii Rahtivani,,,ro:department:prahova,2,,
ro:commune:aricestii-zeletin,RO,commune,Ariceștii Zeletin,,,ro:department:prahova,2,,
ro:commune:baba-ana,RO,commune,Baba Ana,,,ro:department:prahova,2,,
ro:commune:balta-doamnei,RO,commune,Balta Doamnei,,,ro:department:prahova,2,,
ro:commune:baltesti,RO,commune,Bălțești,,,ro:department:prahova,2,,
ro:commune:banesti,RO,commune,Bănești,,,ro:department:prahova,2,,
ro:commune:prahova:barcanesti,RO,commune,Bărcănești,,,ro:department:prahova,2,,
ro:commune:batrani,RO,commune,Bătrâni,,,ro:department:prahova,2,,
ro:commune:prahova:berceni,RO,commune,Berceni,,,ro:department:prahova,2,,
ro:commune:bertea,RO,commune,Bertea,,,ro:department:prahova,2,,
ro:commune:blejoi,RO,commune,Blejoi,,,ro:department:prahova,2,,
ro:commune:boldesti-gradistea,RO,commune,Boldești-Grădiștea,,,ro:department:prahova,2,,
ro:commune:brazi,RO,commune,Brazi,,,ro:department:prahova,2,,
ro:commune:prahova:brebu,RO,commune,Brebu,,,ro:department:prahova,2,,
ro:commune:bucov,RO,commune,Bucov,,,ro:department:prahova,2,,
ro:commune:prahova:calugareni,RO,commune,Călugăreni,,,ro:department:prahova,2,,
ro:commune:carbunesti,RO,commune,Cărbunești,,,ro:department:prahova,2,,
ro:commune:ceptura,RO,commune,Ceptura,,,ro:department:prahova,2,,
ro:commune:cerasu,RO,commune,Cerașu,,,ro:department:prahova,2,,
ro:commune:chiojdeanca,RO,commune,Chiojdeanca,,,ro:department:prahova,2,,
ro:commune:ciorani,RO,commune,Ciorani,,,ro:department:prahova,2,,
ro:commune:cocorastii-mislii,RO,commune,Cocorăștii Mislii,,,ro:department:prahova,2,,
ro:commune:cocorastii-colt,RO,commune,Cocorăștii Colț,,,ro:department:prahova,2,,
ro:commune:colceag,RO,commune,Colceag,,,ro:department:prahova,2,,
ro:commune:cornu,RO,commune,Cornu,,,ro:department:prahova,2,,
ro:commune:cosminele,RO,commune,Cosminele,,,ro:department:prahova,2,,
ro:commune:prahova:draganesti,RO,commune,Drăgănești,,,ro:department:prahova,2,,
ro:commune:drajna,RO,commune,Drajna,,,ro:department:prahova,2,,
ro:commune:prahova:dumbrava,RO,commune,Dumbrava,,,ro:department:prahova,2,,
ro:commune:dumbravesti,RO,commune,Dumbrăvești,,,ro:department:prahova,2,,
ro:commune:filipestii-de-padure,RO,commune,Filipeștii de Pădure,,,ro:department:prahova,2,,
ro:commune:filipestii-de-targ,RO,commune,Filipeștii de Târg,,,ro:department:prahova,2,,
ro:commune:prahova:fantanele,RO,commune,Fântânele,,,ro:department:prahova,2,,
ro:commune:prahova:floresti,RO,commune,Florești,,,ro:department:prahova,2,,
ro:commune:fulga,RO,commune,Fulga,,,ro:department:prahova,2,,
ro:commune:gherghita,RO,commune,Gherghița,,,ro:department:prahova,2,,
ro:commune:gorgota,RO,commune,Gorgota,,,ro:department:prahova,2,,
ro:commune:gornet,RO,commune,Gornet,,,ro:department:prahova,2,,
ro:commune:gornet-cricov,RO,commune,Gornet-Cricov,,,ro:department:prahova,2,,
ro:commune:gura-vadului,RO,commune,Gura Vadului,,,ro:department:prahova,2,,
ro:commune:gura-vitioarei,RO,commune,Gura Vitioarei,,,ro:department:prahova,2,,
ro:commune:iordacheanu,RO,commune,Iordăcheanu,,,ro:department:prahova,2,,
ro:commune:prahova:izvoarele,RO,commune,Izvoarele,,,ro:department:prahova,2,,
ro:commune:jugureni,RO,commune,Jugureni,,,ro:department:prahova,2,,
ro:commune:lapos,RO,commune,Lapoș,,,ro:department:prahova,2,,
ro:commune:lipanesti,RO,commune,Lipănești,,,ro:department:prahova,2,,
ro:commune:magurele,RO,commune,Măgurele,,,ro:department:prahova,2,,
ro:commune:magureni,RO,commune,Măgureni,,,ro:department:prahova,2,,
ro:commune:maneciu,RO,commune,Măneciu,,,ro:department:prahova,2,,
ro:commune:prahova:manesti,RO,commune,Mănești,,,ro:department:prahova,2,,
ro:commune:prahova:olari,RO,commune,Olari,,,ro:department:prahova,2,,
ro:commune:pacureti,RO,commune,Păcureți,,,ro:department:prahova,2,,
ro:commune:paulesti,RO,commune,Păulești,,,ro:department:prahova,2,,
ro:commune:plopu,RO,commune,Plopu,,,ro:department:prahova,2,,
ro:commune:podenii-noi,RO,commune,Podenii Noi,,,ro:department:prahova,2,,
ro:commune:poiana-campina,RO,commune,Poiana Câmpina,,,ro:department:prahova,2,,
ro:commune:poienarii-burchii,RO,commune,Poienarii Burchii,,,ro:department:prahova,2,,
ro:commune:posesti,RO,commune,Posești,,,ro:department:prahova,2,,
ro:commune:predeal-sarari,RO,commune,Predeal-Sărari,,,ro:department:prahova,2,,
ro:commune:provita-de-jos,RO,commune,Provița de Jos,,,ro:department:prahova,2,,
ro:commune:provita-de-sus,RO,commune,Provița de Sus,,,ro:department:prahova,2,,
ro:commune:puchenii-mari,RO,commune,Puchenii Mari,,,ro:department:prahova,2,,
ro:commune:rafov,RO,commune,Râfov,,,ro:department:prahova,2,,
ro:commune:prahova:salcia,RO,commune,Salcia,,,ro:department:prahova,2,,
ro:commune:salciile,RO,commune,Sălciile,,,ro:department:prahova,2,,
ro:commune:prahova:scorteni,RO,commune,Scorțeni,,,ro:department:prahova,2,,
ro:commune:secaria,RO,commune,Secăria,,,ro:department:prahova,2,,
ro:commune:sangeru,RO,commune,Sângeru,,,ro:department:prahova,2,,
ro:commune:sirna,RO,commune,Șirna,,,ro:department:prahova,2,,
ro:commune:soimari,RO,commune,Șoimari,,,ro:department:prahova,2,,
ro:commune:sotrile,RO,commune,Șotrile,,,ro:department:prahova,2,,
ro:commune:starchiojd,RO,commune,Starchiojd,,,ro:department:prahova,2,,
ro:commune:stefesti,RO,commune,Ștefești,,,ro:department:prahova,2,,
ro:commune:surani,RO,commune,Surani,,,ro:department:prahova,2,,
ro:commune:talea,RO,commune,Talea,,,ro:department:prahova,2,,
ro:commune:tataru,RO,commune,Tătaru,,,ro:department:prahova,2,,
ro:commune:teisani,RO,commune,Teișani,,,ro:department:prahova,2,,
ro:commune:telega,RO,commune,Telega,,,ro:department:prahova,2,,
ro:commune:tinosu,RO,commune,Tinosu,,,ro:department:prahova,2,,
ro:commune:targsoru-vechi,RO,commune,Târgșoru Vechi,,,ro:department:prahova,2,,
ro:commune:tomsani,RO,commune,Tomșani,,,ro:department:prahova,2,,
ro:commune:vadu-sapat,RO,commune,Vadu Săpat,,,ro:department:prahova,2,,
ro:commune:valea-calugareasca,RO,commune,Valea Călugărească,,,ro:department:prahova,2,,
ro:commune:valea-doftanei,RO,commune,Valea Doftanei,,,ro:department:prahova,2,,
ro:commune:varbilau,RO,commune,Vărbilău,,,ro:department:prahova,2,,
ro:commune:valcanesti,RO,commune,Vâlcănești,,,ro:department:prahova,2,,
ro:municipality:satu-mare,RO,municipality,Satu Mare,,,ro:department:satu-mare,2,,
ro:municipality:carei,RO,municipality,Carei,,,ro:department:satu-mare,2,,
ro:town:ardud,RO,town,Ardud,,,ro:department:satu-mare,2,,
ro:town:livada,RO,town,Livada,,,ro:department:satu-mare,2,,
ro:town:negresti-oas,RO,town,Negrești-Oaș,,,ro:department:satu-mare,2,,
ro:town:tasnad,RO,town,Tășnad,,,ro:department:satu-mare,2,,
ro:commune:acas,RO,commune,Acâș,,,ro:department:satu-mare,2,,
ro:commune:agris,RO,commune,Agriș,,,ro:department:satu-mare,2,,
ro:commune:andrid,RO,commune,Andrid,,,ro:department:satu-mare,2,,
ro:commune:apa,RO,commune,Apa,,,ro:department:satu-mare,2,,
ro:commune:batarci,RO,commune,Bătarci,,,ro:department:satu-mare,2,,
ro:commune:beltiug,RO,commune,Beltiug,,,ro:department:satu-mare,2,,
ro:commune:berveni,RO,commune,Berveni,,,ro:department:satu-mare,2,,
ro:commune:satu-mare:bixad,RO,commune,Bixad,,,ro:department:satu-mare,2,,
ro:commune:barsau,RO,commune,Bârsău,,,ro:department:satu-mare,2,,
ro:commune:bogdand,RO,commune,Bogdand,,,ro:department:satu-mare,2,,
ro:commune:botiz,RO,commune,Botiz,,,ro:department:satu-mare,2,,
ro:commune:calinesti-oas,RO,commune,Călinești-Oaș,,,ro:department:satu-mare,2,,
ro:commune:camarzana,RO,commune,Cămărzana,,,ro:department:satu-mare,2,,
ro:commune:camin,RO,commune,Cămin,,,ro:department:satu-mare,2,,
ro:commune:capleni,RO,commune,Căpleni,,,ro:department:satu-mare,2,,
ro:commune:cauas,RO,commune,Căuaș,,,ro:department:satu-mare,2,,
ro:commune:cehal,RO,commune,Cehal,,,ro:department:satu-mare,2,,
ro:commune:certeze,RO,commune,Certeze,,,ro:department:satu-mare,2,,
ro:commune:ciumesti,RO,commune,Ciumești,,,ro:department:satu-mare,2,,
ro:commune:craidorolt,RO,commune,Craidorolț,,,ro:department:satu-mare,2,,
ro:commune:crucisor,RO,commune,Crucișor,,,ro:department:satu-mare,2,,
ro:commune:culciu,RO,commune,Culciu,,,ro:department:satu-mare,2,,
ro:commune:doba,RO,commune,Doba,,,ro:department:satu-mare,2,,
ro:commune:dorolt,RO,commune,Dorolț,,,ro:department:satu-mare,2,,
ro:commune:foieni,RO,commune,Foieni,,,ro:department:satu-mare,2,,
ro:commune:gherta-mica,RO,commune,Gherța Mică,,,ro:department:satu-mare,2,,
ro:commune:halmeu,RO,commune,Halmeu,,,ro:department:satu-mare,2,,
ro:commune:hodod,RO,commune,Hodod,,,ro:department:satu-mare,2,,
ro:commune:homoroade,RO,commune,Homoroade,,,ro:department:satu-mare,2,,
ro:commune:lazuri,RO,commune,Lazuri,,,ro:department:satu-mare,2,,
ro:commune:mediesu-aurit,RO,commune,Medieșu Aurit,,,ro:department:satu-mare,2,,
ro:commune:micula,RO,commune,Micula,,,ro:department:satu-mare,2,,
ro:commune:moftin,RO,commune,Moftin,,,ro:department:satu-mare,2,,
ro:commune:odoreu,RO,commune,Odoreu,,,ro:department:satu-mare,2,,
ro:commune:orasu-nou,RO,commune,Orașu Nou,,,ro:department:satu-mare,2,,
ro:commune:satu-mare:paulesti,RO,commune,Păulești,,,ro:department:satu-mare,2,,
ro:commune:satu-mare:petresti,RO,commune,Petrești,,,ro:department:satu-mare,2,,
ro:commune:pir,RO,commune,Pir,,,ro:department:satu-mare,2,,
ro:commune:piscolt,RO,commune,Pișcolt,,,ro:department:satu-mare,2,,
ro:commune:pomi,RO,commune,Pomi,,,ro:department:satu-mare,2,,
ro:commune:porumbesti,RO,commune,Porumbești,,,ro:department:satu-mare,2,,
ro:commune:racsa,RO,commune,Racșa,,,ro:department:satu-mare,2,,
ro:commune:sanislau,RO,commune,Sanislău,,,ro:department:satu-mare,2,,
ro:commune:santau,RO,commune,Santău,,,ro:department:satu-mare,2,,
ro:commune:sacaseni,RO,commune,Săcășeni,,,ro:department:satu-mare,2,,
ro:commune:sauca,RO,commune,Săuca,,,ro:department:satu-mare,2,,
ro:commune:socond,RO,commune,Socond,,,ro:department:satu-mare,2,,
ro:commune:supur,RO,commune,Supur,,,ro:department:satu-mare,2,,
ro:commune:tarna-mare,RO,commune,Tarna Mare,,,ro:department:satu-mare,2,,
ro:commune:terebesti,RO,commune,Terebești,,,ro:department:satu-mare,2,,
ro:commune:tiream,RO,commune,Tiream,,,ro:department:satu-mare,2,,
ro:commune:tarsolt,RO,commune,Târșolț,,,ro:department:satu-mare,2,,
ro:commune:turt,RO,commune,Turț,,,ro:department:satu-mare,2,,
ro:commune:turulung,RO,commune,Turulung,,,ro:department:satu-mare,2,,
ro:commune:urziceni,RO,commune,Urziceni,,,ro:department:satu-mare,2,,
ro:commune:valea-vinului,RO,commune,Valea Vinului,,,ro:department:satu-mare,2,,
ro:commune:vetis,RO,commune,Vetiș,,,ro:department:satu-mare,2,,
ro:commune:viile-satu-mare,RO,commune,Viile Satu Mare,,,ro:department:satu-mare,2,,
ro:commune:vama,RO,commune,Vama,,,ro:department:satu-mare,2,,
ro:municipality:medias,RO,municipality,Mediaș,,,ro:department:sibiu,2,,
ro:municipality:sibiu,RO,municipality,Sibiu,,,ro:department:sibiu,2,,
ro:town:agnita,RO,town,Agnita,,,ro:department:sibiu,2,,
ro:town:avrig,RO,town,Avrig,,,ro:department:sibiu,2,,
ro:town:cisnadie,RO,town,Cisnădie,,,ro:department:sibiu,2,,
ro:town:copsa-mica,RO,town,Copșa Mică,,,ro:department:sibiu,2,,
ro:town:dumbraveni,RO,town,Dumbrăveni,,,ro:department:sibiu,2,,
ro:town:miercurea-sibiului,RO,town,Miercurea Sibiului,,,ro:department:sibiu,2,,
ro:town:ocna-sibiului,RO,town,Ocna Sibiului,,,ro:department:sibiu,2,,
ro:town:saliste,RO,town,Săliște,,,ro:department:sibiu,2,,
ro:town:talmaciu,RO,town,Tălmaciu,,,ro:department:sibiu,2,,
ro:commune:alma,RO,commune,Alma,,,ro:department:sibiu,2,,
ro:commune:altana,RO,commune,Alțâna,,,ro:department:sibiu,2,,
ro:commune:apoldu-de-jos,RO,commune,Apoldu de Jos,,,ro:department:sibiu,2,,
ro:commune:arpasu-de-jos,RO,commune,Arpașu de Jos,,,ro:department:sibiu,2,,
ro:commune:atel,RO,commune,Ațel,,,ro:department:sibiu,2,,
ro:commune:axente-sever,RO,commune,Axente Sever,,,ro:department:sibiu,2,,
ro:commune:bazna,RO,commune,Bazna,,,ro:department:sibiu,2,,
ro:commune:barghis,RO,commune,Bârghiș,,,ro:department:sibiu,2,,
ro:commune:biertan,RO,commune,Biertan,,,ro:department:sibiu,2,,
ro:commune:blajel,RO,commune,Blăjel,,,ro:department:sibiu,2,,
ro:commune:boita,RO,commune,Boița,,,ro:department:sibiu,2,,
ro:commune:brateiu,RO,commune,Brateiu,,,ro:department:sibiu,2,,
ro:commune:bradeni,RO,commune,Brădeni,,,ro:department:sibiu,2,,
ro:commune:bruiu,RO,commune,Bruiu,,,ro:department:sibiu,2,,
ro:commune:chirpar,RO,commune,Chirpăr,,,ro:department:sibiu,2,,
ro:commune:sibiu:carta,RO,commune,Cârța,,,ro:department:sibiu,2,,
ro:commune:cartisoara,RO,commune,Cârțișoara,,,ro:department:sibiu,2,,
ro:commune:sibiu:cristian,RO,commune,Cristian,,,ro:department:sibiu,2,,
ro:commune:darlos,RO,commune,Dârlos,,,ro:department:sibiu,2,,
ro:commune:gura-raului,RO,commune,Gura Râului,,,ro:department:sibiu,2,,
ro:commune:hoghilag,RO,commune,Hoghilag,,,ro:department:sibiu,2,,
ro:commune:iacobeni,RO,commune,Iacobeni,,,ro:department:sibiu,2,,
ro:commune:jina,RO,commune,Jina,,,ro:department:sibiu,2,,
ro:commune:laslea,RO,commune,Laslea,,,ro:department:sibiu,2,,
ro:commune:loamnes,RO,commune,Loamneș,,,ro:department:sibiu,2,,
ro:commune:ludos,RO,commune,Ludoș,,,ro:department:sibiu,2,,
ro:commune:marpod,RO,commune,Marpod,,,ro:department:sibiu,2,,
ro:commune:merghindeal,RO,commune,Merghindeal,,,ro:department:sibiu,2,,
ro:commune:micasasa,RO,commune,Micăsasa,,,ro:department:sibiu,2,,
ro:commune:sibiu:mihaileni,RO,commune,Mihăileni,,,ro:department:sibiu,2,,
ro:commune:sibiu:mosna,RO,commune,Moșna,,,ro:department:sibiu,2,,
ro:commune:nocrich,RO,commune,Nocrich,,,ro:department:sibiu,2,,
ro:commune:orlat,RO,commune,Orlat,,,ro:department:sibiu,2,,
ro:commune:pauca,RO,commune,Păuca,,,ro:department:sibiu,2,,
ro:commune:poiana-sibiului,RO,commune,Poiana Sibiului,,,ro:department:sibiu,2,,
ro:commune:poplaca,RO,commune,Poplaca,,,ro:department:sibiu,2,,
ro:commune:porumbacu-de-jos,RO,commune,Porumbacu de Jos,,,ro:department:sibiu,2,,
ro:commune:sibiu:racovita,RO,commune,Racovița,,,ro:department:sibiu,2,,
ro:commune:rasinari,RO,commune,Rășinari,,,ro:department:sibiu,2,,
ro:commune:rau-sadului,RO,commune,Râu Sadului,,,ro:department:sibiu,2,,
ro:commune:sibiu:rosia,RO,commune,Roșia,,,ro:department:sibiu,2,,
ro:commune:sadu,RO,commune,Sadu,,,ro:department:sibiu,2,,
ro:commune:slimnic,RO,commune,Slimnic,,,ro:department:sibiu,2,,
ro:commune:seica-mare,RO,commune,Șeica Mare,,,ro:department:sibiu,2,,
ro:commune:seica-mica,RO,commune,Șeica Mică,,,ro:department:sibiu,2,,
ro:commune:selimbar,RO,commune,Șelimbăr,,,ro:department:sibiu,2,,
ro:commune:sura-mare,RO,commune,Șura Mare,,,ro:department:sibiu,2,,
ro:commune:sura-mica,RO,commune,Șura Mică,,,ro:department:sibiu,2,,
ro:commune:tilisca,RO,commune,Tilișca,,,ro:department:sibiu,2,,
ro:commune:tarnava,RO,commune,Târnava,,,ro:department:sibiu,2,,
ro:commune:turnu-rosu,RO,commune,Turnu Roșu,,,ro:department:sibiu,2,,
ro:commune:valea-viilor,RO,commune,Valea Viilor,,,ro:department:sibiu,2,,
ro:commune:vurpar,RO,commune,Vurpăr,,,ro:department:sibiu,2,,
ro:municipality:campulung-moldovenesc,RO,municipality,Câmpulung Moldovenesc,,,ro:department:suceava,2,,
ro:municipality:falticeni,RO,municipality,Fălticeni,,,ro:department:suceava,2,,
ro:municipality:radauti,RO,municipality,Rădăuți,,,ro:department:suceava,2,,
ro:municipality:suceava,RO,municipality,Suceava,,,ro:department:suceava,2,,
ro:municipality:vatra-dornei,RO,municipality,Vatra Dornei,,,ro:department:suceava,2,,
ro:town:brosteni,RO,town,Broșteni,,,ro:department:suceava,2,,
ro:town:cajvana,RO,town,Cajvana,,,ro:department:suceava,2,,
ro:town:dolhasca,RO,town,Dolhasca,,,ro:department:suceava,2,,
ro:town:frasin,RO,town,Frasin,,,ro:department:suceava,2,,
ro:town:gura-humorului,RO,town,Gura Humorului,,,ro:department:suceava,2,,
ro:town:liteni,RO,town,Liteni,,,ro:department:suceava,2,,
ro:town:milisauti,RO,town,Milișăuți,,,ro:department:suceava,2,,
ro:town:salcea,RO,town,Salcea,,,ro:department:suceava,2,,
ro:town:siret,RO,town,Siret,,,ro:department:suceava,2,,
ro:town:solca,RO,town,Solca,,,ro:department:suceava,2,,
ro:town:vicovu-de-sus,RO,town,Vicovu de Sus,,,ro:department:suceava,2,,
ro:commune:suceava:adancata,RO,commune,Adâncata,,,ro:department:suceava,2,,
ro:commune:arbore,RO,commune,Arbore,,,ro:department:suceava,2,,
ro:commune:baia,RO,commune,Baia,,,ro:department:suceava,2,,
ro:commune:balaceana,RO,commune,Bălăceana,,,ro:department:suceava,2,,
ro:commune:balcauti,RO,commune,Bălcăuți,,,ro:department:suceava,2,,
ro:commune:berchisesti,RO,commune,Berchișești,,,ro:department:suceava,2,,
ro:commune:bilca,RO,commune,Bilca,,,ro:department:suceava,2,,
ro:commune:suceava:bogdanesti,RO,commune,Bogdănești,,,ro:department:suceava,2,,
ro:commune:boroaia,RO,commune,Boroaia,,,ro:department:suceava,2,,
ro:commune:bosanci,RO,commune,Bosanci,,,ro:department:suceava,2,,
ro:commune:botosana,RO,commune,Botoșana,,,ro:department:suceava,2,,
ro:commune:suceava:breaza,RO,commune,Breaza,,,ro:department:suceava,2,,
ro:commune:brodina,RO,commune,Brodina,,,ro:department:suceava,2,,
ro:commune:suceava:bunesti,RO,commune,Bunești,,,ro:department:suceava,2,,
ro:commune:burla,RO,commune,Burla,,,ro:department:suceava,2,,
ro:commune:cacica,RO,commune,Cacica,,,ro:department:suceava,2,,
ro:commune:calafindesti,RO,commune,Calafindești,,,ro:department:suceava,2,,
ro:commune:capu-campului,RO,commune,Capu Câmpului,,,ro:department:suceava,2,,
ro:commune:carlibaba,RO,commune,Cârlibaba,,,ro:department:suceava,2,,
ro:commune:suceava:ciocanesti,RO,commune,Ciocănești,,,ro:department:suceava,2,,
ro:commune:ciprian-porumbescu,RO,commune,Ciprian Porumbescu,,,ro:department:suceava,2,,
ro:commune:comanesti,RO,commune,Comănești,,,ro:department:suceava,2,,
ro:commune:cornu-luncii,RO,commune,Cornu Luncii,,,ro:department:suceava,2,,
ro:commune:cosna,RO,commune,Coșna,,,ro:department:suceava,2,,
ro:commune:suceava:crucea,RO,commune,Crucea,,,ro:department:suceava,2,,
ro:commune:suceava:darmanesti,RO,commune,Dărmănești,,,ro:department:suceava,2,,
ro:commune:suceava:dolhesti,RO,commune,Dolhești,,,ro:department:suceava,2,,
ro:commune:dorna-arini,RO,commune,Dorna-Arini,,,ro:department:suceava,2,,
ro:commune:dorna-candrenilor,RO,commune,Dorna Candrenilor,,,ro:department:suceava,2,,
ro:commune:dornesti,RO,commune,Dornești,,,ro:department:suceava,2,,
ro:commune:dragoiesti,RO,commune,Drăgoiești,,,ro:department:suceava,2,,
ro:commune:suceava:draguseni,RO,commune,Drăgușeni,,,ro:department:suceava,2,,
ro:commune:suceava:dumbraveni,RO,commune,Dumbrăveni,,,ro:department:suceava,2,,
ro:commune:fantana-mare,RO,commune,Fântâna Mare,,,ro:department:suceava,2,,
ro:commune:suceava:fantanele,RO,commune,Fântânele,,,ro:department:suceava,2,,
ro:commune:forasti,RO,commune,Forăști,,,ro:department:suceava,2,,
ro:commune:fratautii-noi,RO,commune,Frătăuții Noi,,,ro:department:suceava,2,,
ro:commune:fratautii-vechi,RO,commune,Frătăuții Vechi,,,ro:department:suceava,2,,
ro:commune:frumosu,RO,commune,Frumosu,,,ro:department:suceava,2,,
ro:commune:fundu-moldovei,RO,commune,Fundu Moldovei,,,ro:department:suceava,2,,
ro:commune:galanesti,RO,commune,Gălănești,,,ro:department:suceava,2,,
ro:commune:gramesti,RO,commune,Grămești,,,ro:department:suceava,2,,
ro:commune:granicesti,RO,commune,Grănicești,,,ro:department:suceava,2,,
ro:commune:hantesti,RO,commune,Hănțești,,,ro:department:suceava,2,,
ro:commune:hartop,RO,commune,Hârtop,,,ro:department:suceava,2,,
ro:commune:horodnic-de-jos,RO,commune,Horodnic de Jos,,,ro:department:suceava,2,,
ro:commune:horodnic-de-sus,RO,commune,Horodnic de Sus,,,ro:department:suceava,2,,
ro:commune:horodniceni,RO,commune,Horodniceni,,,ro:department:suceava,2,,
ro:commune:suceava:iacobeni,RO,commune,Iacobeni,,,ro:department:suceava,2,,
ro:commune:iaslovat,RO,commune,Iaslovăț,,,ro:department:suceava,2,,
ro:commune:ilisesti,RO,commune,Ilișești,,,ro:department:suceava,2,,
ro:commune:suceava:ipotesti,RO,commune,Ipotești,,,ro:department:suceava,2,,
ro:commune:izvoarele-sucevei,RO,commune,Izvoarele Sucevei,,,ro:department:suceava,2,,
ro:commune:malini,RO,commune,Mălini,,,ro:department:suceava,2,,
ro:commune:manastirea-humorului,RO,commune,Mănăstirea Humorului,,,ro:department:suceava,2,,
ro:commune:marginea,RO,commune,Marginea,,,ro:department:suceava,2,,
ro:commune:mitocu-dragomirnei,RO,commune,Mitocu Dragomirnei,,,ro:department:suceava,2,,
ro:commune:moara,RO,commune,Moara,,,ro:department:suceava,2,,
ro:commune:moldova-sulita,RO,commune,Moldova-Sulița,,,ro:department:suceava,2,,
ro:commune:moldovita,RO,commune,Moldovița,,,ro:department:suceava,2,,
ro:commune:musenita,RO,commune,Mușenița,,,ro:department:suceava,2,,
ro:commune:ostra,RO,commune,Ostra,,,ro:department:suceava,2,,
ro:commune:paltinoasa,RO,commune,Păltinoasa,,,ro:department:suceava,2,,
ro:commune:panaci,RO,commune,Panaci,,,ro:department:suceava,2,,
ro:commune:partestii-de-jos,RO,commune,Pârteștii de Jos,,,ro:department:suceava,2,,
ro:commune:patrauti,RO,commune,Pătrăuți,,,ro:department:suceava,2,,
ro:commune:poiana-stampei,RO,commune,Poiana Stampei,,,ro:department:suceava,2,,
ro:commune:poieni-solca,RO,commune,Poieni-Solca,,,ro:department:suceava,2,,
ro:commune:pojorata,RO,commune,Pojorâta,,,ro:department:suceava,2,,
ro:commune:preutesti,RO,commune,Preutești,,,ro:department:suceava,2,,
ro:commune:putna,RO,commune,Putna,,,ro:department:suceava,2,,
ro:commune:radaseni,RO,commune,Rădășeni,,,ro:department:suceava,2,,
ro:commune:suceava:rasca,RO,commune,Râșca,,,ro:department:suceava,2,,
ro:commune:suceava:sadova,RO,commune,Sadova,,,ro:department:suceava,2,,
ro:commune:saru-dornei,RO,commune,Șaru Dornei,,,ro:department:suceava,2,,
ro:commune:suceava:satu-mare,RO,commune,Satu Mare,,,ro:department:suceava,2,,
ro:commune:suceava:scheia,RO,commune,Șcheia,,,ro:department:suceava,2,,
ro:commune:serbauti,RO,commune,Șerbăuți,,,ro:department:suceava,2,,
ro:commune:siminicea,RO,commune,Siminicea,,,ro:department:suceava,2,,
ro:commune:slatina,RO,commune,Slatina,,,ro:department:suceava,2,,
ro:commune:straja,RO,commune,Straja,,,ro:department:suceava,2,,
ro:commune:stroiesti,RO,commune,Stroiești,,,ro:department:suceava,2,,
ro:commune:stulpicani,RO,commune,Stulpicani,,,ro:department:suceava,2,,
ro:commune:sucevita,RO,commune,Sucevița,,,ro:department:suceava,2,,
ro:commune:suceava:todiresti,RO,commune,Todirești,,,ro:department:suceava,2,,
ro:commune:udesti,RO,commune,Udești,,,ro:department:suceava,2,,
ro:commune:ulma,RO,commune,Ulma,,,ro:department:suceava,2,,
ro:commune:vadu-moldovei,RO,commune,Vadu Moldovei,,,ro:department:suceava,2,,
ro:commune:valea-moldovei,RO,commune,Valea Moldovei,,,ro:department:suceava,2,,
ro:commune:suceava:vama,RO,commune,Vama,,,ro:department:suceava,2,,
ro:commune:vatra-moldovitei,RO,commune,Vatra Moldoviței,,,ro:department:suceava,2,,
ro:commune:veresti,RO,commune,Verești,,,ro:department:suceava,2,,
ro:commune:vicovu-de-jos,RO,commune,Vicovu de Jos,,,ro:department:suceava,2,,
ro:commune:voitinel,RO,commune,Voitinel,,,ro:department:suceava,2,,
ro:commune:volovat,RO,commune,Volovăț,,,ro:department:suceava,2,,
ro:commune:suceava:vulturesti,RO,commune,Vulturești,,,ro:department:suceava,2,,
ro:commune:zamostea,RO,commune,Zamostea,,,ro:department:suceava,2,,
ro:commune:zvoristea,RO,commune,Zvoriștea,,,ro:department:suceava,2,,
ro:municipality:zalau,RO,municipality,Zalău,,,ro:department:salaj,2,,
ro:town:cehu-silvaniei,RO,town,Cehu Silvaniei,,,ro:department:salaj,2,,
ro:town:jibou,RO,town,Jibou,,,ro:department:salaj,2,,
ro:town:simleu-silvaniei,RO,town,Șimleu Silvaniei,,,ro:department:salaj,2,,
ro:commune:agrij,RO,commune,Agrij,,,ro:department:salaj,2,,
ro:commune:almasu,RO,commune,Almașu,,,ro:department:salaj,2,,
ro:commune:babeni,RO,commune,Băbeni,,,ro:department:salaj,2,,
ro:commune:balan,RO,commune,Bălan,,,ro:department:salaj,2,,
ro:commune:banisor,RO,commune,Bănișor,,,ro:department:salaj,2,,
ro:commune:benesat,RO,commune,Benesat,,,ro:department:salaj,2,,
ro:commune:bobota,RO,commune,Bobota,,,ro:department:salaj,2,,
ro:commune:bocsa,RO,commune,Bocșa,,,ro:department:salaj,2,,
ro:commune:boghis,RO,commune,Boghiș,,,ro:department:salaj,2,,
ro:commune:salaj:buciumi,RO,commune,Buciumi,,,ro:department:salaj,2,,
ro:commune:camar,RO,commune,Camăr,,,ro:department:salaj,2,,
ro:commune:carastelec,RO,commune,Carastelec,,,ro:department:salaj,2,,
ro:commune:chiesd,RO,commune,Chieșd,,,ro:department:salaj,2,,
ro:commune:cizer,RO,commune,Cizer,,,ro:department:salaj,2,,
ro:commune:coseiu,RO,commune,Coșeiu,,,ro:department:salaj,2,,
ro:commune:salaj:crasna,RO,commune,Crasna,,,ro:department:salaj,2,,
ro:commune:creaca,RO,commune,Creaca,,,ro:department:salaj,2,,
ro:commune:criseni,RO,commune,Crișeni,,,ro:department:salaj,2,,
ro:commune:cristolt,RO,commune,Cristolț,,,ro:department:salaj,2,,
ro:commune:cuzaplac,RO,commune,Cuzăplac,,,ro:department:salaj,2,,
ro:commune:dobrin,RO,commune,Dobrin,,,ro:department:salaj,2,,
ro:commune:dragu,RO,commune,Dragu,,,ro:department:salaj,2,,
ro:commune:fildu-de-jos,RO,commune,Fildu de Jos,,,ro:department:salaj,2,,
ro:commune:galgau,RO,commune,Gâlgău,,,ro:department:salaj,2,,
ro:commune:garbou,RO,commune,Gârbou,,,ro:department:salaj,2,,
ro:commune:halmasd,RO,commune,Halmășd,,,ro:department:salaj,2,,
ro:commune:hereclean,RO,commune,Hereclean,,,ro:department:salaj,2,,
ro:commune:hida,RO,commune,Hida,,,ro:department:salaj,2,,
ro:commune:horoatu-crasnei,RO,commune,Horoatu Crasnei,,,ro:department:salaj,2,,
ro:commune:ileanda,RO,commune,Ileanda,,,ro:department:salaj,2,,
ro:commune:ip,RO,commune,Ip,,,ro:department:salaj,2,,
ro:commune:letca,RO,commune,Letca,,,ro:department:salaj,2,,
ro:commune:salaj:lozna,RO,commune,Lozna,,,ro:department:salaj,2,,
ro:commune:maeriste,RO,commune,Măeriște,,,ro:department:salaj,2,,
ro:commune:marca,RO,commune,Marca,,,ro:department:salaj,2,,
ro:commune:mesesenii-de-jos,RO,commune,Meseșenii de Jos,,,ro:department:salaj,2,,
ro:commune:mirsid,RO,commune,Mirșid,,,ro:department:salaj,2,,
ro:commune:napradea,RO,commune,Năpradea,,,ro:department:salaj,2,,
ro:commune:nusfalau,RO,commune,Nușfalău,,,ro:department:salaj,2,,
ro:commune:pericei,RO,commune,Pericei,,,ro:department:salaj,2,,
ro:commune:plopis,RO,commune,Plopiș,,,ro:department:salaj,2,,
ro:commune:poiana-blenchii,RO,commune,Poiana Blenchii,,,ro:department:salaj,2,,
ro:commune:romanasi,RO,commune,Românași,,,ro:department:salaj,2,,
ro:commune:rus,RO,commune,Rus,,,ro:department:salaj,2,,
ro:commune:salatig,RO,commune,Sălățig,,,ro:department:salaj,2,,
ro:commune:sag,RO,commune,Sâg,,,ro:department:salaj,2,,
ro:commune:sanmihaiu-almasului,RO,commune,Sânmihaiu Almașului,,,ro:department:salaj,2,,
ro:commune:somes-odorhei,RO,commune,Someș-Odorhei,,,ro:department:salaj,2,,
ro:commune:surduc,RO,commune,Surduc,,,ro:department:salaj,2,,
ro:commune:samsud,RO,commune,Șamșud,,,ro:department:salaj,2,,
ro:commune:sarmasag,RO,commune,Sărmășag,,,ro:department:salaj,2,,
ro:commune:simisna,RO,commune,Șimișna,,,ro:department:salaj,2,,
ro:commune:treznea,RO,commune,Treznea,,,ro:department:salaj,2,,
ro:commune:valcau-de-jos,RO,commune,Valcău de Jos,,,ro:department:salaj,2,,
ro:commune:varsolt,RO,commune,Vârșolț,,,ro:department:salaj,2,,
ro:commune:zalha,RO,commune,Zalha,,,ro:department:salaj,2,,
ro:commune:zimbor,RO,commune,Zimbor,,,ro:department:salaj,2,,
ro:municipality:alexandria,RO,municipality,Alexandria,,,ro:department:teleorman,2,,
ro:municipality:rosiorii-de-vede,RO,municipality,Roșiorii de Vede,,,ro:department:teleorman,2,,
ro:municipality:turnu-magurele,RO,municipality,Turnu Măgurele,,,ro:department:teleorman,2,,
ro:town:videle,RO,town,Videle,,,ro:department:teleorman,2,,
ro:town:zimnicea,RO,town,Zimnicea,,,ro:department:teleorman,2,,
ro:commune:babaita,RO,commune,Băbăița,,,ro:department:teleorman,2,,
ro:commune:balaci,RO,commune,Balaci,,,ro:department:teleorman,2,,
ro:commune:beciu,RO,commune,Beciu,,,ro:department:teleorman,2,,
ro:commune:beuca,RO,commune,Beuca,,,ro:department:teleorman,2,,
ro:commune:blejesti,RO,commune,Blejești,,,ro:department:teleorman,2,,
ro:commune:bogdana,RO,commune,Bogdana,,,ro:department:teleorman,2,,
ro:commune:botoroaga,RO,commune,Botoroaga,,,ro:department:teleorman,2,,
ro:commune:bragadiru,RO,commune,Bragadiru,,,ro:department:teleorman,2,,
ro:commune:branceni,RO,commune,Brânceni,,,ro:department:teleorman,2,,
ro:commune:bujoreni,RO,commune,Bujoreni,,,ro:department:teleorman,2,,
ro:commune:bujoru,RO,commune,Bujoru,,,ro:department:teleorman,2,,
ro:commune:buzescu,RO,commune,Buzescu,,,ro:department:teleorman,2,,
ro:commune:teleorman:calinesti,RO,commune,Călinești,,,ro:department:teleorman,2,,
ro:commune:calmatuiu,RO,commune,Călmățuiu,,,ro:department:teleorman,2,,
ro:commune:calmatuiu-de-sus,RO,commune,Călmățuiu de Sus,,,ro:department:teleorman,2,,
ro:commune:cervenia,RO,commune,Cervenia,,,ro:department:teleorman,2,,
ro:commune:ciolanesti,RO,commune,Ciolănești,,,ro:department:teleorman,2,,
ro:commune:teleorman:ciuperceni,RO,commune,Ciuperceni,,,ro:department:teleorman,2,,
ro:commune:teleorman:contesti,RO,commune,Conțești,,,ro:department:teleorman,2,,
ro:commune:teleorman:cosmesti,RO,commune,Cosmești,,,ro:department:teleorman,2,,
ro:commune:crangu,RO,commune,Crângu,,,ro:department:teleorman,2,,
ro:commune:crevenicu,RO,commune,Crevenicu,,,ro:department:teleorman,2,,
ro:commune:crangeni,RO,commune,Crângeni,,,ro:department:teleorman,2,,
ro:commune:didesti,RO,commune,Didești,,,ro:department:teleorman,2,,
ro:commune:teleorman:dobrotesti,RO,commune,Dobrotești,,,ro:department:teleorman,2,,
ro:commune:dracea,RO,commune,Dracea,,,ro:department:teleorman,2,,
ro:commune:dracsenei,RO,commune,Drăcșenei,,,ro:department:teleorman,2,,
ro:commune:draganesti-de-vede,RO,commune,Drăgănești de Vede,,,ro:department:teleorman,2,,
ro:commune:draganesti-vlasca,RO,commune,Drăgănești-Vlașca,,,ro:department:teleorman,2,,
ro:commune:teleorman:fantanele,RO,commune,Fântânele,,,ro:department:teleorman,2,,
ro:commune:teleorman:frasinet,RO,commune,Frăsinet,,,ro:department:teleorman,2,,
ro:commune:teleorman:frumoasa,RO,commune,Frumoasa,,,ro:department:teleorman,2,,
ro:commune:furculesti,RO,commune,Furculești,,,ro:department:teleorman,2,,
ro:commune:galateni,RO,commune,Gălăteni,,,ro:department:teleorman,2,,
ro:commune:gratia,RO,commune,Gratia,,,ro:department:teleorman,2,,
ro:commune:islaz,RO,commune,Islaz,,,ro:department:teleorman,2,,
ro:commune:teleorman:izvoarele,RO,commune,Izvoarele,,,ro:department:teleorman,2,,
ro:commune:teleorman:lisa,RO,commune,Lisa,,,ro:department:teleorman,2,,
ro:commune:lita,RO,commune,Lița,,,ro:department:teleorman,2,,
ro:commune:teleorman:lunca,RO,commune,Lunca,,,ro:department:teleorman,2,,
ro:commune:teleorman:magura,RO,commune,Măgura,,,ro:department:teleorman,2,,
ro:commune:maldaeni,RO,commune,Măldăeni,,,ro:department:teleorman,2,,
ro:commune:marzanesti,RO,commune,Mârzănești,,,ro:department:teleorman,2,,
ro:commune:mavrodin,RO,commune,Mavrodin,,,ro:department:teleorman,2,,
ro:commune:teleorman:mereni,RO,commune,Mereni,,,ro:department:teleorman,2,,
ro:commune:mosteni,RO,commune,Moșteni,,,ro:department:teleorman,2,,
ro:commune:nanov,RO,commune,Nanov,,,ro:department:teleorman,2,,
ro:commune:nasturelu,RO,commune,Năsturelu,,,ro:department:teleorman,2,,
ro:commune:necsesti,RO,commune,Necșești,,,ro:department:teleorman,2,,
ro:commune:nenciulesti,RO,commune,Nenciulești,,,ro:department:teleorman,2,,
ro:commune:olteni,RO,commune,Olteni,,,ro:department:teleorman,2,,
ro:commune:orbeasca,RO,commune,Orbeasca,,,ro:department:teleorman,2,,
ro:commune:peretu,RO,commune,Peretu,,,ro:department:teleorman,2,,
ro:commune:piatra,RO,commune,Piatra,,,ro:department:teleorman,2,,
ro:commune:teleorman:pietrosani,RO,commune,Pietroșani,,,ro:department:teleorman,2,,
ro:commune:plopii-slavitesti,RO,commune,Plopii-Slăvitești,,,ro:department:teleorman,2,,
ro:commune:plosca,RO,commune,Plosca,,,ro:department:teleorman,2,,
ro:commune:poeni,RO,commune,Poeni,,,ro:department:teleorman,2,,
ro:commune:poroschia,RO,commune,Poroschia,,,ro:department:teleorman,2,,
ro:commune:purani,RO,commune,Purani,,,ro:department:teleorman,2,,
ro:commune:teleorman:putineiu,RO,commune,Putineiu,,,ro:department:teleorman,2,,
ro:commune:radoiesti,RO,commune,Rădoiești,,,ro:department:teleorman,2,,
ro:commune:rasmiresti,RO,commune,Răsmirești,,,ro:department:teleorman,2,,
ro:commune:saceni,RO,commune,Săceni,,,ro:department:teleorman,2,,
ro:commune:saelele,RO,commune,Saelele,,,ro:department:teleorman,2,,
ro:commune:teleorman:salcia,RO,commune,Salcia,,,ro:department:teleorman,2,,
ro:commune:sarbeni,RO,commune,Sârbeni,,,ro:department:teleorman,2,,
ro:commune:scrioastea,RO,commune,Scrioaștea,,,ro:department:teleorman,2,,
ro:commune:scurtu-mare,RO,commune,Scurtu Mare,,,ro:department:teleorman,2,,
ro:commune:teleorman:seaca,RO,commune,Seaca,,,ro:department:teleorman,2,,
ro:commune:segarcea-vale,RO,commune,Segarcea-Vale,,,ro:department:teleorman,2,,
ro:commune:sfintesti,RO,commune,Sfințești,,,ro:department:teleorman,2,,
ro:commune:teleorman:silistea,RO,commune,Siliștea,,,ro:department:teleorman,2,,
ro:commune:silistea-gumesti,RO,commune,Siliștea Gumești,,,ro:department:teleorman,2,,
ro:commune:slobozia-mandra,RO,commune,Slobozia Mândra,,,ro:department:teleorman,2,,
ro:commune:smardioasa,RO,commune,Smârdioasa,,,ro:department:teleorman,2,,
ro:commune:stejaru,RO,commune,Stejaru,,,ro:department:teleorman,2,,
ro:commune:storobaneasa,RO,commune,Ștorobăneasa,,,ro:department:teleorman,2,,
ro:commune:suhaia,RO,commune,Suhaia,,,ro:department:teleorman,2,,
ro:commune:talpa,RO,commune,Talpa,,,ro:department:teleorman,2,,
ro:commune:tatarastii-de-jos,RO,commune,Tătărăștii de Jos,,,ro:department:teleorman,2,,
ro:commune:tatarastii-de-sus,RO,commune,Tătărăștii de Sus,,,ro:department:teleorman,2,,
ro:commune:tiganesti,RO,commune,Țigănești,,,ro:department:teleorman,2,,
ro:commune:teleorman:traian,RO,commune,Traian,,,ro:department:teleorman,2,,
ro:commune:trivalea-mosteni,RO,commune,Trivalea-Moșteni,,,ro:department:teleorman,2,,
ro:commune:troianul,RO,commune,Troianul,,,ro:department:teleorman,2,,
ro:commune:uda-clocociov,RO,commune,Uda-Clocociov,,,ro:department:teleorman,2,,
ro:commune:vartoape,RO,commune,Vârtoape,,,ro:department:teleorman,2,,
ro:commune:teleorman:vedea,RO,commune,Vedea,,,ro:department:teleorman,2,,
ro:commune:teleorman:viisoara,RO,commune,Viișoara,,,ro:department:teleorman,2,,
ro:commune:vitanesti,RO,commune,Vitănești,,,ro:department:teleorman,2,,
ro:commune:zambreasca,RO,commune,Zâmbreasca,,,ro:department:teleorman,2,,
ro:municipality:timisoara,RO,municipality,Timișoara,,,ro:department:timis,2,,
ro:municipality:lugoj,RO,municipality,Lugoj,,,ro:department:timis,2,,
ro:town:sannicolau-mare,RO,town,Sânnicolau Mare,,,ro:department:timis,2,,
ro:town:jimbolia,RO,town,Jimbolia,,,ro:department:timis,2,,
ro:town:recas,RO,town,Recaș,,,ro:department:timis,2,,
ro:town:buzias,RO,town,Buziaș,,,ro:department:timis,2,,
ro:town:faget,RO,town,Făget,,,ro:department:timis,2,,
ro:town:deta,RO,town,Deta,,,ro:department:timis,2,,
ro:town:gataia,RO,town,Gătaia,,,ro:department:timis,2,,
ro:town:ciacova,RO,town,Ciacova,,,ro:department:timis,2,,
ro:commune:balint,RO,commune,Balinț,,,ro:department:timis,2,,
ro:commune:banloc,RO,commune,Banloc,,,ro:department:timis,2,,
ro:commune:timis:bara,RO,commune,Bara,,,ro:department:timis,2,,
ro:commune:barna,RO,commune,Bârna,,,ro:department:timis,2,,
ro:commune:beba-veche,RO,commune,Beba Veche,,,ro:department:timis,2,,
ro:commune:becicherecu-mic,RO,commune,Becicherecu Mic,,,ro:department:timis,2,,
ro:commune:belint,RO,commune,Belinț,,,ro:department:timis,2,,
ro:commune:bethausen,RO,commune,Bethausen,,,ro:department:timis,2,,
ro:commune:biled,RO,commune,Biled,,,ro:department:timis,2,,
ro:commune:birda,RO,commune,Birda,,,ro:department:timis,2,,
ro:commune:bogda,RO,commune,Bogda,,,ro:department:timis,2,,
ro:commune:boldur,RO,commune,Boldur,,,ro:department:timis,2,,
ro:commune:brestovat,RO,commune,Brestovăț,,,ro:department:timis,2,,
ro:commune:timis:bucovat,RO,commune,Bucovăț,,,ro:department:timis,2,,
ro:commune:carpinis,RO,commune,Cărpiniș,,,ro:department:timis,2,,
ro:commune:cenad,RO,commune,Cenad,,,ro:department:timis,2,,
ro:commune:cenei,RO,commune,Cenei,,,ro:department:timis,2,,
ro:commune:checea,RO,commune,Checea,,,ro:department:timis,2,,
ro:commune:cheveresu-mare,RO,commune,Chevereșu Mare,,,ro:department:timis,2,,
ro:commune:comlosu-mare,RO,commune,Comloșu Mare,,,ro:department:timis,2,,
ro:commune:costeiu,RO,commune,Coșteiu,,,ro:department:timis,2,,
ro:commune:criciova,RO,commune,Criciova,,,ro:department:timis,2,,
ro:commune:curtea,RO,commune,Curtea,,,ro:department:timis,2,,
ro:commune:darova,RO,commune,Darova,,,ro:department:timis,2,,
ro:commune:denta,RO,commune,Denta,,,ro:department:timis,2,,
ro:commune:dudestii-noi,RO,commune,Dudeștii Noi,,,ro:department:timis,2,,
ro:commune:dudestii-vechi,RO,commune,Dudeștii Vechi,,,ro:department:timis,2,,
ro:commune:timis:dumbrava,RO,commune,Dumbrava,,,ro:department:timis,2,,
ro:commune:timis:dumbravita,RO,commune,Dumbrăvița,,,ro:department:timis,2,,
ro:commune:fardea,RO,commune,Fârdea,,,ro:department:timis,2,,
ro:commune:fibis,RO,commune,Fibiș,,,ro:department:timis,2,,
ro:commune:foeni,RO,commune,Foeni,,,ro:department:timis,2,,
ro:commune:gavojdia,RO,commune,Gavojdia,,,ro:department:timis,2,,
ro:commune:ghilad,RO,commune,Ghilad,,,ro:department:timis,2,,
ro:commune:ghiroda,RO,commune,Ghiroda,,,ro:department:timis,2,,
ro:commune:ghizela,RO,commune,Ghizela,,,ro:department:timis,2,,
ro:commune:giarmata,RO,commune,Giarmata,,,ro:department:timis,2,,
ro:commune:giera,RO,commune,Giera,,,ro:department:timis,2,,
ro:commune:giroc,RO,commune,Giroc,,,ro:department:timis,2,,
ro:commune:giulvaz,RO,commune,Giulvăz,,,ro:department:timis,2,,
ro:commune:gottlob,RO,commune,Gottlob,,,ro:department:timis,2,,
ro:commune:iecea-mare,RO,commune,Iecea Mare,,,ro:department:timis,2,,
ro:commune:jamu-mare,RO,commune,Jamu Mare,,,ro:department:timis,2,,
ro:commune:jebel,RO,commune,Jebel,,,ro:department:timis,2,,
ro:commune:lenauheim,RO,commune,Lenauheim,,,ro:department:timis,2,,
ro:commune:liebling,RO,commune,Liebling,,,ro:department:timis,2,,
ro:commune:timis:livezile,RO,commune,Livezile,,,ro:department:timis,2,,
ro:commune:lovrin,RO,commune,Lovrin,,,ro:department:timis,2,,
ro:commune:margina,RO,commune,Margina,,,ro:department:timis,2,,
ro:commune:masloc,RO,commune,Mașloc,,,ro:department:timis,2,,
ro:commune:manastiur,RO,commune,Mănăștiur,,,ro:department:timis,2,,
ro:commune:moravita,RO,commune,Moravița,,,ro:department:timis,2,,
ro:commune:mosnita-noua,RO,commune,Moșnița Nouă,,,ro:department:timis,2,,
ro:commune:nadrag,RO,commune,Nădrag,,,ro:department:timis,2,,
ro:commune:nitchidorf,RO,commune,Nițchidorf,,,ro:department:timis,2,,
ro:commune:ohaba-lunga,RO,commune,Ohaba Lungă,,,ro:department:timis,2,,
ro:commune:ortisoara,RO,commune,Orțișoara,,,ro:department:timis,2,,
ro:commune:otelec,RO,commune,Otelec,,,ro:department:timis,2,,
ro:commune:parta,RO,commune,Parța,,,ro:department:timis,2,,
ro:commune:padureni,RO,commune,Pădureni,,,ro:department:timis,2,,
ro:commune:peciu-nou,RO,commune,Peciu Nou,,,ro:department:timis,2,,
ro:commune:periam,RO,commune,Periam,,,ro:department:timis,2,,
ro:commune:pesac,RO,commune,Pesac,,,ro:department:timis,2,,
ro:commune:timis:pietroasa,RO,commune,Pietroasa,,,ro:department:timis,2,,
ro:commune:pischia,RO,commune,Pișchia,,,ro:department:timis,2,,
ro:commune:timis:racovita,RO,commune,Racovița,,,ro:department:timis,2,,
ro:commune:remetea-mare,RO,commune,Remetea Mare,,,ro:department:timis,2,,
ro:commune:sacosu-turcesc,RO,commune,Sacoșu Turcesc,,,ro:department:timis,2,,
ro:commune:saravale,RO,commune,Saravale,,,ro:department:timis,2,,
ro:commune:satchinez,RO,commune,Satchinez,,,ro:department:timis,2,,
ro:commune:sacalaz,RO,commune,Săcălaz,,,ro:department:timis,2,,
ro:commune:sanandrei,RO,commune,Sânandrei,,,ro:department:timis,2,,
ro:commune:sanmihaiu-roman,RO,commune,Sânmihaiu Român,,,ro:department:timis,2,,
ro:commune:sanpetru-mare,RO,commune,Sânpetru Mare,,,ro:department:timis,2,,
ro:commune:secas,RO,commune,Secaș,,,ro:department:timis,2,,
ro:commune:timis:sag,RO,commune,Șag,,,ro:department:timis,2,,
ro:commune:sandra,RO,commune,Șandra,,,ro:department:timis,2,,
ro:commune:stiuca,RO,commune,Știuca,,,ro:department:timis,2,,
ro:commune:teremia-mare,RO,commune,Teremia Mare,,,ro:department:timis,2,,
ro:commune:timis:tomesti,RO,commune,Tomești,,,ro:department:timis,2,,
ro:commune:tomnatic,RO,commune,Tomnatic,,,ro:department:timis,2,,
ro:commune:topolovatu-mare,RO,commune,Topolovățu Mare,,,ro:department:timis,2,,
ro:commune:tormac,RO,commune,Tormac,,,ro:department:timis,2,,
ro:commune:traian-vuia,RO,commune,Traian Vuia,,,ro:department:timis,2,,
ro:commune:uivar,RO,commune,Uivar,,,ro:department:timis,2,,
ro:commune:varias,RO,commune,Variaș,,,ro:department:timis,2,,
ro:commune:valcani,RO,commune,Vălcani,,,ro:department:timis,2,,
ro:commune:victor-vlad-delamarina,RO,commune,Victor Vlad Delamarina,,,ro:department:timis,2,,
ro:commune:voiteg,RO,commune,Voiteg,,,ro:department:timis,2,,
ro:municipality:tulcea,RO,municipality,Tulcea,,,ro:department:tulcea,2,,
ro:town:babadag,RO,town,Babadag,,,ro:department:tulcea,2,,
ro:town:isaccea,RO,town,Isaccea,,,ro:department:tulcea,2,,
ro:town:macin,RO,town,Măcin,,,ro:department:tulcea,2,,
ro:town:sulina,RO,town,Sulina,,,ro:department:tulcea,2,,
ro:commune:tulcea:baia,RO,commune,Baia,,,ro:department:tulcea,2,,
ro:commune:baidaud,RO,commune,Baidaud,,,ro:department:tulcea,2,,
ro:commune:bestepe,RO,commune,Beștepe,,,ro:department:tulcea,2,,
ro:commune:tulcea:c-a-rosetti,RO,commune,C. A. Rosetti,,,ro:department:tulcea,2,,
ro:commune:carcaliu,RO,commune,Carcaliu,,,ro:department:tulcea,2,,
ro:commune:casimcea,RO,commune,Casimcea,,,ro:department:tulcea,2,,
ro:commune:ceamurlia-de-jos,RO,commune,Ceamurlia de Jos,,,ro:department:tulcea,2,,
ro:commune:ceatalchioi,RO,commune,Ceatalchioi,,,ro:department:tulcea,2,,
ro:commune:cerna,RO,commune,Cerna,,,ro:department:tulcea,2,,
ro:commune:chilia-veche,RO,commune,Chilia Veche,,,ro:department:tulcea,2,,
ro:commune:ciucurova,RO,commune,Ciucurova,,,ro:department:tulcea,2,,
ro:commune:crisan,RO,commune,Crișan,,,ro:department:tulcea,2,,
ro:commune:daeni,RO,commune,Dăeni,,,ro:department:tulcea,2,,
ro:commune:tulcea:dorobantu,RO,commune,Dorobanțu,,,ro:department:tulcea,2,,
ro:commune:tulcea:frecatei,RO,commune,Frecăței,,,ro:department:tulcea,2,,
ro:commune:tulcea:greci,RO,commune,Greci,,,ro:department:tulcea,2,,
ro:commune:tulcea:grindu,RO,commune,Grindu,,,ro:department:tulcea,2,,
ro:commune:hamcearca,RO,commune,Hamcearca,,,ro:department:tulcea,2,,
ro:commune:tulcea:horia,RO,commune,Horia,,,ro:department:tulcea,2,,
ro:commune:i-c-bratianu,RO,commune,I. C. Brătianu,,,ro:department:tulcea,2,,
ro:commune:tulcea:izvoarele,RO,commune,Izvoarele,,,ro:department:tulcea,2,,
ro:commune:jijila,RO,commune,Jijila,,,ro:department:tulcea,2,,
ro:commune:jurilovca,RO,commune,Jurilovca,,,ro:department:tulcea,2,,
ro:commune:tulcea:luncavita,RO,commune,Luncavița,,,ro:department:tulcea,2,,
ro:commune:mahmudia,RO,commune,Mahmudia,,,ro:department:tulcea,2,,
ro:commune:maliuc,RO,commune,Maliuc,,,ro:department:tulcea,2,,
ro:commune:tulcea:mihai-bravu,RO,commune,Mihai Bravu,,,ro:department:tulcea,2,,
ro:commune:mihai-kogalniceanu,RO,commune,Mihai Kogălniceanu,,,ro:department:tulcea,2,,
ro:commune:murighiol,RO,commune,Murighiol,,,ro:department:tulcea,2,,
ro:commune:nalbant,RO,commune,Nalbant,,,ro:department:tulcea,2,,
ro:commune:niculitel,RO,commune,Niculițel,,,ro:department:tulcea,2,,
ro:commune:nufaru,RO,commune,Nufăru,,,ro:department:tulcea,2,,
ro:commune:tulcea:ostrov,RO,commune,Ostrov,,,ro:department:tulcea,2,,
ro:commune:pardina,RO,commune,Pardina,,,ro:department:tulcea,2,,
ro:commune:peceneaga,RO,commune,Peceneaga,,,ro:department:tulcea,2,,
ro:commune:sarichioi,RO,commune,Sarichioi,,,ro:department:tulcea,2,,
ro:commune:tulcea:sfantu-gheorghe,RO,commune,Sfântu Gheorghe,,,ro:department:tulcea,2,,
ro:commune:slava-cercheza,RO,commune,Slava Cercheză,,,ro:department:tulcea,2,,
ro:commune:tulcea:smardan,RO,commune,Smărdan,,,ro:department:tulcea,2,,
ro:commune:somova,RO,commune,Somova,,,ro:department:tulcea,2,,
ro:commune:tulcea:stejaru,RO,commune,Stejaru,,,ro:department:tulcea,2,,
ro:commune:topolog,RO,commune,Topolog,,,ro:department:tulcea,2,,
ro:commune:turcoaia,RO,commune,Turcoaia,,,ro:department:tulcea,2,,
ro:commune:valea-nucarilor,RO,commune,Valea Nucarilor,,,ro:department:tulcea,2,,
ro:commune:valea-teilor,RO,commune,Valea Teilor,,,ro:department:tulcea,2,,
ro:commune:vacareni,RO,commune,Văcăreni,,,ro:department:tulcea,2,,
ro:municipality:barlad,RO,municipality,Bârlad,,,ro:department:vaslui,2,,
ro:municipality:husi,RO,municipality,Huși,,,ro:department:vaslui,2,,
ro:municipality:vaslui,RO,municipality,Vaslui,,,ro:department:vaslui,2,,
ro:town:murgeni,RO,town,Murgeni,,,ro:department:vaslui,2,,
ro:town:negresti,RO,town,Negrești,,,ro:department:vaslui,2,,
ro:commune:vaslui:albesti,RO,commune,Albești,,,ro:department:vaslui,2,,
ro:commune:alexandru-vlahuta,RO,commune,Alexandru Vlahuță,,,ro:department:vaslui,2,,
ro:commune:arsura,RO,commune,Arsura,,,ro:department:vaslui,2,,
ro:commune:bacani,RO,commune,Băcani,,,ro:department:vaslui,2,,
ro:commune:bacesti,RO,commune,Băcești,,,ro:department:vaslui,2,,
ro:commune:vaslui:balteni,RO,commune,Bălteni,,,ro:department:vaslui,2,,
ro:commune:banca,RO,commune,Banca,,,ro:department:vaslui,2,,
ro:commune:berezeni,RO,commune,Berezeni,,,ro:department:vaslui,2,,
ro:commune:vaslui:blagesti,RO,commune,Blăgești,,,ro:department:vaslui,2,,
ro:commune:vaslui:bogdana,RO,commune,Bogdana,,,ro:department:vaslui,2,,
ro:commune:vaslui:bogdanesti,RO,commune,Bogdănești,,,ro:department:vaslui,2,,
ro:commune:bogdanita,RO,commune,Bogdănița,,,ro:department:vaslui,2,,
ro:commune:vaslui:botesti,RO,commune,Boțești,,,ro:department:vaslui,2,,
ro:commune:bunesti-averesti,RO,commune,Bunești-Averești,,,ro:department:vaslui,2,,
ro:commune:ciocani,RO,commune,Ciocani,,,ro:department:vaslui,2,,
ro:commune:codaesti,RO,commune,Codăești,,,ro:department:vaslui,2,,
ro:commune:coroiesti,RO,commune,Coroiești,,,ro:department:vaslui,2,,
ro:commune:vaslui:costesti,RO,commune,Costești,,,ro:department:vaslui,2,,
ro:commune:vaslui:cozmesti,RO,commune,Cozmești,,,ro:department:vaslui,2,,
ro:commune:cretesti,RO,commune,Crețești,,,ro:department:vaslui,2,,
ro:commune:vaslui:danesti,RO,commune,Dănești,,,ro:department:vaslui,2,,
ro:commune:vaslui:deleni,RO,commune,Deleni,,,ro:department:vaslui,2,,
ro:commune:delesti,RO,commune,Delești,,,ro:department:vaslui,2,,
ro:commune:dimitrie-cantemir,RO,commune,Dimitrie Cantemir,,,ro:department:vaslui,2,,
ro:commune:dodesti,RO,commune,Dodești,,,ro:department:vaslui,2,,
ro:commune:vaslui:dragomiresti,RO,commune,Dragomirești,,,ro:department:vaslui,2,,
ro:commune:dranceni,RO,commune,Drânceni,,,ro:department:vaslui,2,,
ro:commune:duda-epureni,RO,commune,Duda-Epureni,,,ro:department:vaslui,2,,
ro:commune:vaslui:dumesti,RO,commune,Dumești,,,ro:department:vaslui,2,,
ro:commune:epureni,RO,commune,Epureni,,,ro:department:vaslui,2,,
ro:commune:falciu,RO,commune,Fălciu,,,ro:department:vaslui,2,,
ro:commune:feresti,RO,commune,Ferești,,,ro:department:vaslui,2,,
ro:commune:fruntiseni,RO,commune,Fruntișeni,,,ro:department:vaslui,2,,
ro:commune:gagesti,RO,commune,Găgești,,,ro:department:vaslui,2,,
ro:commune:garceni,RO,commune,Gârceni,,,ro:department:vaslui,2,,
ro:commune:gherghesti,RO,commune,Gherghești,,,ro:department:vaslui,2,,
ro:commune:vaslui:grivita,RO,commune,Grivița,,,ro:department:vaslui,2,,
ro:commune:hoceni,RO,commune,Hoceni,,,ro:department:vaslui,2,,
ro:commune:iana,RO,commune,Iana,,,ro:department:vaslui,2,,
ro:commune:vaslui:ibanesti,RO,commune,Ibănești,,,ro:department:vaslui,2,,
ro:commune:ivanesti,RO,commune,Ivănești,,,ro:department:vaslui,2,,
ro:commune:vaslui:ivesti,RO,commune,Ivești,,,ro:department:vaslui,2,,
ro:commune:laza,RO,commune,Laza,,,ro:department:vaslui,2,,
ro:commune:lipovat,RO,commune,Lipovăț,,,ro:department:vaslui,2,,
ro:commune:lunca-banului,RO,commune,Lunca Banului,,,ro:department:vaslui,2,,
ro:commune:malusteni,RO,commune,Mălușteni,,,ro:department:vaslui,2,,
ro:commune:miclesti,RO,commune,Miclești,,,ro:department:vaslui,2,,
ro:commune:muntenii-de-jos,RO,commune,Muntenii de Jos,,,ro:department:vaslui,2,,
ro:commune:muntenii-de-sus,RO,commune,Muntenii de Sus,,,ro:department:vaslui,2,,
ro:commune:oltenesti,RO,commune,Oltenești,,,ro:department:vaslui,2,,
ro:commune:osesti,RO,commune,Oșești,,,ro:department:vaslui,2,,
ro:commune:vaslui:padureni,RO,commune,Pădureni,,,ro:department:vaslui,2,,
ro:commune:perieni,RO,commune,Perieni,,,ro:department:vaslui,2,,
ro:commune:pochidia,RO,commune,Pochidia,,,ro:department:vaslui,2,,
ro:commune:pogana,RO,commune,Pogana,,,ro:department:vaslui,2,,
ro:commune:pogonesti,RO,commune,Pogonești,,,ro:department:vaslui,2,,
ro:commune:poienesti,RO,commune,Poienești,,,ro:department:vaslui,2,,
ro:commune:vaslui:puiesti,RO,commune,Puiești,,,ro:department:vaslui,2,,
ro:commune:pungesti,RO,commune,Pungești,,,ro:department:vaslui,2,,
ro:commune:puscasi,RO,commune,Pușcași,,,ro:department:vaslui,2,,
ro:commune:rafaila,RO,commune,Rafaila,,,ro:department:vaslui,2,,
ro:commune:rebricea,RO,commune,Rebricea,,,ro:department:vaslui,2,,
ro:commune:rosiesti,RO,commune,Roșiești,,,ro:department:vaslui,2,,
ro:commune:solesti,RO,commune,Solești,,,ro:department:vaslui,2,,
ro:commune:stanilesti,RO,commune,Stănilești,,,ro:department:vaslui,2,,
ro:commune:vaslui:stefan-cel-mare,RO,commune,Ștefan cel Mare,,,ro:department:vaslui,2,,
ro:commune:suletea,RO,commune,Șuletea,,,ro:department:vaslui,2,,
ro:commune:tacuta,RO,commune,Tăcuta,,,ro:department:vaslui,2,,
ro:commune:tanacu,RO,commune,Tanacu,,,ro:department:vaslui,2,,
ro:commune:vaslui:tatarani,RO,commune,Tătărăni,,,ro:department:vaslui,2,,
ro:commune:vaslui:todiresti,RO,commune,Todirești,,,ro:department:vaslui,2,,
ro:commune:tutova,RO,commune,Tutova,,,ro:department:vaslui,2,,
ro:commune:vaslui:valeni,RO,commune,Văleni,,,ro:department:vaslui,2,,
ro:commune:vetrisoaia,RO,commune,Vetrișoaia,,,ro:department:vaslui,2,,
ro:commune:vaslui:viisoara,RO,commune,Viișoara,,,ro:department:vaslui,2,,
ro:commune:vinderei,RO,commune,Vinderei,,,ro:department:vaslui,2,,
ro:commune:vaslui:voinesti,RO,commune,Voinești,,,ro:department:vaslui,2,,
ro:commune:vaslui:vulturesti,RO,commune,Vulturești,,,ro:department:vaslui,2,,
ro:commune:vutcani,RO,commune,Vutcani,,,ro:department:vaslui,2,,
ro:commune:zapodeni,RO,commune,Zăpodeni,,,ro:department:vaslui,2,,
ro:commune:zorleni,RO,commune,Zorleni,,,ro:department:vaslui,2,,
ro:municipality:adjud,RO,municipality,Adjud,,,ro:department:vrancea,2,,
ro:municipality:focsani,RO,municipality,Focșani,,,ro:department:vrancea,2,,
ro:town:marasesti,RO,town,Mărășești,,,ro:department:vrancea,2,,
ro:town:odobesti,RO,town,Odobești,,,ro:department:vrancea,2,,
ro:town:panciu,RO,town,Panciu,,,ro:department:vrancea,2,,
ro:commune:andreiasu-de-jos,RO,commune,Andreiașu de Jos,,,ro:department:vrancea,2,,
ro:commune:vrancea:balesti,RO,commune,Bălești,,,ro:department:vrancea,2,,
ro:commune:barsesti,RO,commune,Bârsești,,,ro:department:vrancea,2,,
ro:commune:biliesti,RO,commune,Biliești,,,ro:department:vrancea,2,,
ro:commune:boghesti,RO,commune,Boghești,,,ro:department:vrancea,2,,
ro:commune:bolotesti,RO,commune,Bolotești,,,ro:department:vrancea,2,,
ro:commune:bordesti,RO,commune,Bordești,,,ro:department:vrancea,2,,
ro:commune:vrancea:brosteni,RO,commune,Broșteni,,,ro:department:vrancea,2,,
ro:commune:campineanca,RO,commune,Câmpineanca,,,ro:department:vrancea,2,,
ro:commune:campuri,RO,commune,Câmpuri,,,ro:department:vrancea,2,,
ro:commune:carligele,RO,commune,Cârligele,,,ro:department:vrancea,2,,
ro:commune:chiojdeni,RO,commune,Chiojdeni,,,ro:department:vrancea,2,,
ro:commune:ciorasti,RO,commune,Ciorăști,,,ro:department:vrancea,2,,
ro:commune:corbita,RO,commune,Corbița,,,ro:department:vrancea,2,,
ro:commune:cotesti,RO,commune,Cotești,,,ro:department:vrancea,2,,
ro:commune:vrancea:dumbraveni,RO,commune,Dumbrăveni,,,ro:department:vrancea,2,,
ro:commune:dumitresti,RO,commune,Dumitrești,,,ro:department:vrancea,2,,
ro:commune:fitionesti,RO,commune,Fitionești,,,ro:department:vrancea,2,,
ro:commune:garoafa,RO,commune,Garoafa,,,ro:department:vrancea,2,,
ro:commune:golesti,RO,commune,Golești,,,ro:department:vrancea,2,,
ro:commune:gologanu,RO,commune,Gologanu,,,ro:department:vrancea,2,,
ro:commune:gugesti,RO,commune,Gugești,,,ro:department:vrancea,2,,
ro:commune:gura-calitei,RO,commune,Gura Caliței,,,ro:department:vrancea,2,,
ro:commune:homocea,RO,commune,Homocea,,,ro:department:vrancea,2,,
ro:commune:jaristea,RO,commune,Jariștea,,,ro:department:vrancea,2,,
ro:commune:jitia,RO,commune,Jitia,,,ro:department:vrancea,2,,
ro:commune:maicanesti,RO,commune,Măicănești,,,ro:department:vrancea,2,,
ro:commune:mera,RO,commune,Mera,,,ro:department:vrancea,2,,
ro:commune:milcovul,RO,commune,Milcovul,,,ro:department:vrancea,2,,
ro:commune:vrancea:movilita,RO,commune,Movilița,,,ro:department:vrancea,2,,
ro:commune:nanesti,RO,commune,Nănești,,,ro:department:vrancea,2,,
ro:commune:naruja,RO,commune,Năruja,,,ro:department:vrancea,2,,
ro:commune:vrancea:negrilesti,RO,commune,Negrilești,,,ro:department:vrancea,2,,
ro:commune:nereju,RO,commune,Nereju,,,ro:department:vrancea,2,,
ro:commune:nistoresti,RO,commune,Nistorești,,,ro:department:vrancea,2,,
ro:commune:obrejita,RO,commune,Obrejița,,,ro:department:vrancea,2,,
ro:commune:paltin,RO,commune,Paltin,,,ro:department:vrancea,2,,
ro:commune:vrancea:paulesti,RO,commune,Păulești,,,ro:department:vrancea,2,,
ro:commune:paunesti,RO,commune,Păunești,,,ro:department:vrancea,2,,
ro:commune:ploscuteni,RO,commune,Ploscuțeni,,,ro:department:vrancea,2,,
ro:commune:poiana-cristei,RO,commune,Poiana Cristei,,,ro:department:vrancea,2,,
ro:commune:vrancea:popesti,RO,commune,Popești,,,ro:department:vrancea,2,,
ro:commune:pufesti,RO,commune,Pufești,,,ro:department:vrancea,2,,
ro:commune:racoasa,RO,commune,Răcoasa,,,ro:department:vrancea,2,,
ro:commune:rastoaca,RO,commune,Răstoaca,,,ro:department:vrancea,2,,
ro:commune:reghiu,RO,commune,Reghiu,,,ro:department:vrancea,2,,
ro:commune:ruginesti,RO,commune,Ruginești,,,ro:department:vrancea,2,,
ro:commune:sihlea,RO,commune,Sihlea,,,ro:department:vrancea,2,,
ro:commune:slobozia-bradului,RO,commune,Slobozia Bradului,,,ro:department:vrancea,2,,
ro:commune:slobozia-ciorasti,RO,commune,Slobozia Ciorăști,,,ro:department:vrancea,2,,
ro:commune:soveja,RO,commune,Soveja,,,ro:department:vrancea,2,,
ro:commune:spulber,RO,commune,Spulber,,,ro:department:vrancea,2,,
ro:commune:straoane,RO,commune,Străoane,,,ro:department:vrancea,2,,
ro:commune:suraia,RO,commune,Suraia,,,ro:department:vrancea,2,,
ro:commune:tamboesti,RO,commune,Tâmboești,,,ro:department:vrancea,2,,
ro:commune:tanasoaia,RO,commune,Tănăsoaia,,,ro:department:vrancea,2,,
ro:commune:tataranu,RO,commune,Tătăranu,,,ro:department:vrancea,2,,
ro:commune:tulnici,RO,commune,Tulnici,,,ro:department:vrancea,2,,
ro:commune:tifesti,RO,commune,Țifești,,,ro:department:vrancea,2,,
ro:commune:vrancea:urechesti,RO,commune,Urechești,,,ro:department:vrancea,2,,
ro:commune:valea-sarii,RO,commune,Valea Sării,,,ro:department:vrancea,2,,
ro:commune:vrancea:vanatori,RO,commune,Vânători,,,ro:department:vrancea,2,,
ro:commune:vartescoiu,RO,commune,Vârteșcoiu,,,ro:department:vrancea,2,,
ro:commune:vrancea:vidra,RO,commune,Vidra,,,ro:department:vrancea,2,,
ro:commune:vintileasca,RO,commune,Vintileasca,,,ro:department:vrancea,2,,
ro:commune:vizantea-livezi,RO,commune,Vizantea-Livezi,,,ro:department:vrancea,2,,
ro:commune:vrancioaia,RO,commune,Vrâncioaia,,,ro:department:vrancea,2,,
ro:commune:vrancea:vulturu,RO,commune,Vulturu,,,ro:department:vrancea,2,,
ro:municipality:ramnicu-valcea,RO,municipality,Râmnicu Vâlcea,,,ro:department:valcea,2,,
ro:municipality:dragasani,RO,municipality,Drăgășani,,,ro:department:valcea,2,,
ro:town:babeni,RO,town,Băbeni,,,ro:department:valcea,2,,
ro:town:baile-govora,RO,town,Băile Govora,,,ro:department:valcea,2,,
ro:town:baile-olanesti,RO,town,Băile Olănești,,,ro:department:valcea,2,,
ro:town:balcesti,RO,town,Bălcești,,,ro:department:valcea,2,,
ro:town:berbesti,RO,town,Berbești,,,ro:department:valcea,2,,
ro:town:brezoi,RO,town,Brezoi,,,ro:department:valcea,2,,
ro:town:calimanesti,RO,town,Călimănești,,,ro:department:valcea,2,,
ro:town:horezu,RO,town,Horezu,,,ro:department:valcea,2,,
ro:town:ocnele-mari,RO,town,Ocnele Mari,,,ro:department:valcea,2,,
ro:commune:alunu,RO,commune,Alunu,,,ro:department:valcea,2,,
ro:commune:amarasti,RO,commune,Amărăști,,,ro:department:valcea,2,,
ro:commune:valcea:barbatesti,RO,commune,Bărbătești,,,ro:department:valcea,2,,
ro:commune:berislavesti,RO,commune,Berislăvești,,,ro:department:valcea,2,,
ro:commune:boisoara,RO,commune,Boișoara,,,ro:department:valcea,2,,
ro:commune:valcea:budesti,RO,commune,Budești,,,ro:department:valcea,2,,
ro:commune:valcea:bujoreni,RO,commune,Bujoreni,,,ro:department:valcea,2,,
ro:commune:valcea:bunesti,RO,commune,Bunești,,,ro:department:valcea,2,,
ro:commune:caineni,RO,commune,Câineni,,,ro:department:valcea,2,,
ro:commune:cernisoara,RO,commune,Cernișoara,,,ro:department:valcea,2,,
ro:commune:valcea:copaceni,RO,commune,Copăceni,,,ro:department:valcea,2,,
ro:commune:valcea:costesti,RO,commune,Costești,,,ro:department:valcea,2,,
ro:commune:creteni,RO,commune,Crețeni,,,ro:department:valcea,2,,
ro:commune:daesti,RO,commune,Dăești,,,ro:department:valcea,2,,
ro:commune:danicei,RO,commune,Dănicei,,,ro:department:valcea,2,,
ro:commune:diculesti,RO,commune,Diculești,,,ro:department:valcea,2,,
ro:commune:valcea:dragoesti,RO,commune,Drăgoești,,,ro:department:valcea,2,,
ro:commune:fartatesti,RO,commune,Fârtățești,,,ro:department:valcea,2,,
ro:commune:fauresti,RO,commune,Făurești,,,ro:department:valcea,2,,
ro:commune:francesti,RO,commune,Frâncești,,,ro:department:valcea,2,,
ro:commune:galicea,RO,commune,Galicea,,,ro:department:valcea,2,,
ro:commune:ghioroiu,RO,commune,Ghioroiu,,,ro:department:valcea,2,,
ro:commune:glavile,RO,commune,Glăvile,,,ro:department:valcea,2,,
ro:commune:valcea:golesti,RO,commune,Golești,,,ro:department:valcea,2,,
ro:commune:valcea:gradistea,RO,commune,Grădiștea,,,ro:department:valcea,2,,
ro:commune:gusoeni,RO,commune,Gușoeni,,,ro:department:valcea,2,,
ro:commune:valcea:ionesti,RO,commune,Ionești,,,ro:department:valcea,2,,
ro:commune:lacusteni,RO,commune,Lăcusteni,,,ro:department:valcea,2,,
ro:commune:ladesti,RO,commune,Lădești,,,ro:department:valcea,2,,
ro:commune:lalosu,RO,commune,Laloșu,,,ro:department:valcea,2,,
ro:commune:lapusata,RO,commune,Lăpușata,,,ro:department:valcea,2,,
ro:commune:valcea:livezi,RO,commune,Livezi,,,ro:department:valcea,2,,
ro:commune:lungesti,RO,commune,Lungești,,,ro:department:valcea,2,,
ro:commune:maciuca,RO,commune,Măciuca,,,ro:department:valcea,2,,
ro:commune:madulari,RO,commune,Mădulari,,,ro:department:valcea,2,,
ro:commune:malaia,RO,commune,Malaia,,,ro:department:valcea,2,,
ro:commune:maldaresti,RO,commune,Măldărești,,,ro:department:valcea,2,,
ro:commune:mateesti,RO,commune,Mateești,,,ro:department:valcea,2,,
ro:commune:valcea:mihaesti,RO,commune,Mihăești,,,ro:department:valcea,2,,
ro:commune:milcoiu,RO,commune,Milcoiu,,,ro:department:valcea,2,,
ro:commune:mitrofani,RO,commune,Mitrofani,,,ro:department:valcea,2,,
ro:commune:muereasca,RO,commune,Muereasca,,,ro:department:valcea,2,,
ro:commune:valcea:nicolae-balcescu,RO,commune,Nicolae Bălcescu,,,ro:department:valcea,2,,
ro:commune:olanu,RO,commune,Olanu,,,ro:department:valcea,2,,
ro:commune:orlesti,RO,commune,Orlești,,,ro:department:valcea,2,,
ro:commune:otesani,RO,commune,Oteșani,,,ro:department:valcea,2,,
ro:commune:pausesti,RO,commune,Păușești,,,ro:department:valcea,2,,
ro:commune:pausesti-maglasi,RO,commune,Păușești-Măglași,,,ro:department:valcea,2,,
ro:commune:perisani,RO,commune,Perișani,,,ro:department:valcea,2,,
ro:commune:pesceana,RO,commune,Pesceana,,,ro:department:valcea,2,,
ro:commune:valcea:pietrari,RO,commune,Pietrari,,,ro:department:valcea,2,,
ro:commune:valcea:popesti,RO,commune,Popești,,,ro:department:valcea,2,,
ro:commune:prundeni,RO,commune,Prundeni,,,ro:department:valcea,2,,
ro:commune:valcea:racovita,RO,commune,Racovița,,,ro:department:valcea,2,,
ro:commune:roesti,RO,commune,Roești,,,ro:department:valcea,2,,
ro:commune:rosiile,RO,commune,Roșiile,,,ro:department:valcea,2,,
ro:commune:valcea:runcu,RO,commune,Runcu,,,ro:department:valcea,2,,
ro:commune:salatrucel,RO,commune,Sălătrucel,,,ro:department:valcea,2,,
ro:commune:scundu,RO,commune,Scundu,,,ro:department:valcea,2,,
ro:commune:valcea:sinesti,RO,commune,Sinești,,,ro:department:valcea,2,,
ro:commune:sirineasa,RO,commune,Șirineasa,,,ro:department:valcea,2,,
ro:commune:valcea:slatioara,RO,commune,Slătioara,,,ro:department:valcea,2,,
ro:commune:valcea:stanesti,RO,commune,Stănești,,,ro:department:valcea,2,,
ro:commune:stefanesti,RO,commune,Ștefănești,,,ro:department:valcea,2,,
ro:commune:valcea:stoenesti,RO,commune,Stoenești,,,ro:department:valcea,2,,
ro:commune:stoilesti,RO,commune,Stoilești,,,ro:department:valcea,2,,
ro:commune:stroesti,RO,commune,Stroești,,,ro:department:valcea,2,,
ro:commune:susani,RO,commune,Șușani,,,ro:department:valcea,2,,
ro:commune:valcea:sutesti,RO,commune,Sutești,,,ro:department:valcea,2,,
ro:commune:tetoiu,RO,commune,Tetoiu,,,ro:department:valcea,2,,
ro:commune:valcea:titesti,RO,commune,Titești,,,ro:department:valcea,2,,
ro:commune:valcea:tomsani,RO,commune,Tomșani,,,ro:department:valcea,2,,
ro:commune:vaideeni,RO,commune,Vaideeni,,,ro:department:valcea,2,,
ro:commune:valcea:valea-mare,RO,commune,Valea Mare,,,ro:department:valcea,2,,
ro:commune:valcea:vladesti,RO,commune,Vlădești,,,ro:department:valcea,2,,
ro:commune:voicesti,RO,commune,Voicești,,,ro:department:valcea,2,,
ro:commune:valcea:voineasa,RO,commune,Voineasa,,,ro:department:valcea,2,,
ro:commune:zatreni,RO,commune,Zătreni,,,ro:department:valcea,2,,
ro:sector:sector-1,RO,sector,Sector 1,,S1,ro:municipality:bucharest,2,,
ro:sector:sector-2,RO,sector,Sector 2,,S2,ro:municipality:bucharest,2,,
ro:sector:sector-3,RO,sector,Sector 3,,S3,ro:municipality:bucharest,2,,
ro:sector:sector-4,RO,sector,Sector 4,,S4,ro:municipality:bucharest,2,,
ro:sector:sector-5,RO,sector,Sector 5,,S5,ro:municipality:bucharest,2,,
ro:sector:sector-6,RO,sector,Sector 6,,S6,ro:municipality:bucharest,2,,
