country_code,code
RO,010011
RO,010012
RO,010013
RO,010014
RO,010015
RO,010016
RO,010017
RO,010018
RO,010019
RO,010021
RO,010022
RO,010023
RO,010024
RO,010025
RO,010026
RO,010027
RO,010028
RO,010031
RO,010032
RO,010033
RO,010034
RO,010035
RO,010036
RO,010037
RO,010038
RO,010039
RO,010041
RO,010042
RO,010043
RO,010044
RO,010045
RO,010046
RO,010051
RO,010052
RO,010053
RO,010054
RO,010055
RO,010056
RO,010061
RO,010062
RO,010063
RO,010064
RO,010065
RO,010066
RO,010067
RO,010068
RO,010069
RO,010071
RO,010072
RO,010073
RO,010074
RO,010081
RO,010082
RO,010083
RO,010084
RO,010085
RO,010086
RO,010091
RO,010092
RO,010093
RO,010094
RO,010095
RO,010096
RO,010097
RO,010098
RO,010099
RO,010101
RO,010102
RO,010103
RO,010104
RO,010105
RO,010106
RO,010107
RO,010108
RO,010109
RO,010111
RO,010112
RO,010113
RO,010114
RO,010115
RO,010116
RO,010117
RO,010118
RO,010119
RO,010121
RO,010122
RO,010123
RO,010124
RO,010125
RO,010126
RO,010131
RO,010132
RO,010133
RO,010134
RO,010135
RO,010136
RO,010137
RO,010138
RO,010139
RO,010141
RO,010142
RO,010143
RO,010144
RO,010145
RO,010146
RO,010147
RO,010148
RO,010149
RO,010151
RO,010152
RO,010153
RO,010154
RO,010155
RO,010156
RO,010157
RO,010158
RO,010159
RO,010161
RO,010162
RO,010163
RO,010164
RO,010165
RO,010166
RO,010167
RO,010168
RO,010169
RO,010171
RO,010172
RO,010173
RO,010174
RO,010175
RO,010176
RO,010177
RO,010178
RO,010179
RO,010181
RO,010182
RO,010183
RO,010184
RO,010185
RO,010186
RO,010187
RO,010188
RO,010191
RO,010192
RO,010193
RO,010194
RO,010195
RO,010196
RO,010197
RO,010198
RO,010201
RO,010202
RO,010203
RO,010204
RO,010205
RO,010206
RO,010207
RO,010208
RO,010209
RO,010211
RO,010212
RO,010213
RO,010214
RO,010215
RO,010216
RO,010217
RO,010218
RO,010219
RO,010221
RO,010222
RO,010223
RO,010224
RO,010225
RO,010226
RO,010231
RO,010232
RO,010233
RO,010234
RO,010235
RO,010236
RO,010237
RO,010238
RO,010241
RO,010242
RO,010243
RO,010251
RO,010252
RO,010253
RO,010254
RO,010255
RO,010256
RO,010257
RO,010258
RO,010259
RO,010261
RO,010262
RO,010263
RO,010271
RO,010281
RO,010282
RO,010283
RO,010284
RO,010285
RO,010286
RO,010287
RO,010288
RO,010289
RO,010291
RO,010292
RO,010293
RO,010294
RO,010295
RO,010296
RO,010297
RO,010298
RO,010301
RO,010302
RO,010303
RO,010304
RO,010305
RO,010306
RO,010307
RO,010308
RO,010311
RO,010312
RO,010313
RO,010314
RO,010321
RO,010322
RO,010323
RO,010324
RO,010325
RO,010326
RO,010331
RO,010332
RO,010333
RO,010334
RO,010335
RO,010336
RO,010337
RO,010341
RO,010342
RO,010343
RO,010344
RO,010345
RO,010346
RO,010351
RO,010352
RO,010353
RO,010354
RO,010355
RO,010361
RO,010362
RO,010363
RO,010364
RO,010365
RO,010366
RO,010367
RO,010371
RO,010372
RO,010373
RO,010374
RO,010375
RO,010381
RO,010382
RO,010383
RO,010384
RO,010385
RO,010386
RO,010391
RO,010392
RO,010393
RO,010394
RO,010395
RO,010401
RO,010402
RO,010403
RO,010404
RO,010405
RO,010406
RO,010407
RO,010411
RO,010412
RO,010413
RO,010414
RO,010415
RO,010416
RO,010421
RO,010422
RO,010423
RO,010424
RO,010431
RO,010432
RO,010433
RO,010434
RO,010435
RO,010436
RO,010437
RO,010441
RO,010442
RO,010443
RO,010444
RO,010445
RO,010446
RO,010447
RO,010448
RO,010449
RO,010451
RO,010452
RO,010453
RO,010454
RO,010455
RO,010456
RO,010457
RO,010458
RO,010459
RO,010461
RO,010462
RO,010463
RO,010464
RO,010465
RO,010471
RO,010472
RO,010473
RO,010474
RO,010475
RO,010476
RO,010477
RO,010478
RO,010481
RO,010482
RO,010483
RO,010484
RO,010485
RO,010486
RO,010487
RO,010491
RO,010492
RO,010493
RO,010494
RO,010495
RO,010496
RO,010497
RO,010498
RO,010501
RO,010502
RO,010503
RO,010504
RO,010505
RO,010506
RO,010507
RO,010511
RO,010512
RO,010513
RO,010514
RO,010515
RO,010516
RO,010517
RO,010518
RO,010521
RO,010522
RO,010523
RO,010524
RO,010525
RO,010526
RO,010527
RO,010528
RO,010531
RO,010532
RO,010533
RO,010534
RO,010535
RO,010536
RO,010537
RO,010538
RO,010539
RO,010541
RO,010542
RO,010543
RO,010544
RO,010551
RO,010552
RO,010553
RO,010554
RO,010555
RO,010556
RO,010557
RO,010558
RO,010559
RO,010561
RO,010562
RO,010563
RO,010564
RO,010565
RO,010566
RO,010567
RO,010571
RO,010572
RO,010573
RO,010574
RO,010575
RO,010576
RO,010577
RO,010578
RO,010579
RO,010581
RO,010582
RO,010583
RO,010584
RO,010585
RO,010586
RO,010587
RO,010588
RO,010591
RO,010592
RO,010593
RO,010594
RO,010595
RO,010596
RO,010597
RO,010598
RO,010599
RO,010601
RO,010602
RO,010603
RO,010604
RO,010605
RO,010611
RO,010612
RO,010613
RO,010614
RO,010615
RO,010616
RO,010617
RO,010621
RO,010622
RO,010623
RO,010624
RO,010625
RO,010626
RO,010627
RO,010628
RO,010629
RO,010631
RO,010632
RO,010633
RO,010634
RO,010635
RO,010636
RO,010637
RO,010638
RO,010639
RO,010641
RO,010642
RO,010643
RO,010644
RO,010645
RO,010646
RO,010647
RO,010648
RO,010651
RO,010652
RO,010653
RO,010654
RO,010661
RO,010662
RO,010663
RO,010664
RO,010665
RO,010666
RO,010667
RO,010668
RO,010669
RO,010671
RO,010672
RO,010673
RO,010701
RO,010702
RO,010703
RO,010704
RO,010705
RO,010706
RO,010707
RO,010708
RO,010709
RO,010711
RO,010712
RO,010713
RO,010714
RO,010715
RO,010716
RO,010717
RO,010718
RO,010719
RO,010721
RO,010722
RO,010723
RO,010724
RO,010725
RO,010731
RO,010732
RO,010733
RO,010734
RO,010735
RO,010736
RO,010737
RO,010738
RO,010741
RO,010742
RO,010743
RO,010744
RO,010745
RO,010746
RO,010747
RO,010748
RO,010751
RO,010752
RO,010753
RO,010754
RO,010755
RO,010756
RO,010757
RO,010758
RO,010759
RO,010761
RO,010762
RO,010763
RO,010764
RO,010765
RO,010766
RO,010767
RO,010771
RO,010772
RO,010773
RO,010774
RO,010775
RO,010776
RO,010777
RO,010778
RO,010779
RO,010781
RO,010782
RO,010783
RO,010784
RO,010785
RO,010786
RO,010787
RO,010791
RO,010792
RO,010793
RO,010794
RO,010795
RO,010796
RO,010797
RO,010798
RO,010799
RO,010801
RO,010802
RO,010803
RO,010804
RO,010805
RO,010806
RO,010807
RO,010808
RO,010811
RO,010812
RO,010813
RO,010814
RO,010815
RO,010816
RO,010817
RO,010818
RO,010819
RO,010821
RO,010822
RO,010823
RO,010824
RO,010825
RO,010826
RO,010827
RO,010828
RO,010831
RO,010832
RO,010833
RO,010834
RO,010835
RO,010836
RO,010837
RO,010838
RO,010841
RO,010842
RO,010843
RO,010844
RO,010845
RO,010846
RO,010847
RO,010848
RO,010849
RO,010851
RO,010852
RO,010853
RO,010854
RO,010855
RO,010856
RO,010857
RO,010858
RO,010859
RO,010861
RO,010862
RO,010863
RO,010864
RO,010865
RO,010866
RO,010867
RO,010868
RO,010869
RO,010871
RO,010872
RO,010873
RO,010874
RO,010881
RO,010882
RO,010883
RO,010884
RO,010885
RO,010886
RO,010887
RO,010888
RO,010889
RO,010891
RO,010892
RO,010893
RO,010894
RO,010895
RO,010896
RO,010897
RO,010898
RO,010899
RO,010901
RO,010902
RO,010903
RO,010904
RO,010905
RO,010911
RO,010912
RO,010913
RO,010914
RO,010915
RO,010916
RO,010917
RO,010918
RO,010919
RO,010921
RO,010922
RO,010923
RO,010924
RO,010925
RO,010926
RO,010927
RO,010928
RO,010931
RO,010932
RO,010933
RO,010934
RO,010935
RO,010936
RO,010937
RO,010938
RO,010941
RO,010942
RO,010943
RO,010944
RO,010945
RO,010946
RO,010947
RO,010948
RO,010951
RO,010952
RO,010953
RO,010954
RO,010955
RO,010956
RO,010961
RO,010962
RO,010963
RO,010964
RO,010965
RO,010966
RO,010967
RO,010968
RO,010971
RO,010972
RO,010973
RO,010974
RO,010975
RO,010976
RO,010981
RO,010982
RO,010983
RO,010984
RO,010985
RO,010986
RO,010987
RO,010988
RO,010989
RO,010991
RO,010992
RO,010993
RO,010994
RO,010995
RO,010996
RO,011011
RO,011012
RO,011013
RO,011014
RO,011015
RO,011016
RO,011017
RO,011018
RO,011021
RO,011022
RO,011023
RO,011024
RO,011025
RO,011026
RO,011027
RO,011028
RO,011031
RO,011032
RO,011033
RO,011034
RO,011035
RO,011036
RO,011037
RO,011038
RO,011039
RO,011041
RO,011042
RO,011043
RO,011044
RO,011045
RO,011047
RO,011048
RO,011051
RO,011052
RO,011053
RO,011054
RO,011055
RO,011056
RO,011057
RO,011058
RO,011059
RO,011061
RO,011062
RO,011063
RO,011064
RO,011065
RO,011066
RO,011071
RO,011072
RO,011073
RO,011074
RO,011075
RO,011076
RO,011077
RO,011078
RO,011081
RO,011082
RO,011083
RO,011084
RO,011085
RO,011086
RO,011087
RO,011088
RO,011089
RO,011091
RO,011092
RO,011093
RO,011094
RO,011095
RO,011096
RO,011097
RO,011098
RO,011101
RO,011102
RO,011103
RO,011104
RO,011131
RO,011132
RO,011133
RO,011134
RO,011135
RO,011136
RO,011137
RO,011138
RO,011141
RO,011142
RO,011143
RO,011144
RO,011145
RO,011146
RO,011147
RO,011151
RO,011152
RO,011153
RO,011154
RO,011155
RO,011156
RO,011157
RO,011158
RO,011159
RO,011161
RO,011162
RO,011163
RO,011164
RO,011165
RO,011166
RO,011171
RO,011172
RO,011173
RO,011174
RO,011175
RO,011176
RO,011177
RO,011178
RO,011179
RO,011181
RO,011182
RO,011183
RO,011184
RO,011185
RO,011186
RO,011187
RO,011188
RO,011189
RO,011191
RO,011192
RO,011193
RO,011194
RO,011195
RO,011196
RO,011197
RO,011198
RO,011201
RO,011202
RO,011203
RO,011204
RO,011205
RO,011206
RO,011207
RO,011208
RO,011209
RO,011211
RO,011212
RO,011213
RO,011214
RO,011215
RO,011216
RO,011217
RO,011218
RO,011219
RO,011221
RO,011222
RO,011223
RO,011224
RO,011225
RO,011226
RO,011227
RO,011231
RO,011232
RO,011233
RO,011234
RO,011235
RO,011236
RO,011237
RO,011238
RO,011239
RO,011241
RO,011242
RO,011243
RO,011244
RO,011245
RO,011246
RO,011247
RO,011248
RO,011251
RO,011252
RO,011253
RO,011254
RO,011255
RO,011256
RO,011257
RO,011258
RO,011259
RO,011261
RO,011262
RO,011263
RO,011264
RO,011265
RO,011266
RO,011271
RO,011272
RO,011273
RO,011274
RO,011275
RO,011276
RO,011277
RO,011278
RO,011281
RO,011282
RO,011283
RO,011284
RO,011285
RO,011286
RO,011287
RO,011291
RO,011292
RO,011293
RO,011294
RO,011295
RO,011296
RO,011297
RO,011301
RO,011302
RO,011303
RO,011304
RO,011305
RO,011306
RO,011311
RO,011312
RO,011313
RO,011314
RO,011315
RO,011316
RO,011317
RO,011318
RO,011321
RO,011322
RO,011323
RO,011324
RO,011325
RO,011326
RO,011331
RO,011332
RO,011333
RO,011334
RO,011335
RO,011336
RO,011337
RO,011341
RO,011342
RO,011343
RO,011344
RO,011345
RO,011346
RO,011347
RO,011348
RO,011349
RO,011351
RO,011352
RO,011353
RO,011354
RO,011355
RO,011356
RO,011357
RO,011358
RO,011359
RO,011361
RO,011362
RO,011363
RO,011364
RO,011365
RO,011366
RO,011367
RO,011368
RO,011369
RO,011371
RO,011372
RO,011373
RO,011374
RO,011375
RO,011376
RO,011377
RO,011378
RO,011379
RO,011381
RO,011382
RO,011383
RO,011384
RO,011385
RO,011386
RO,011387
RO,011388
RO,011389
RO,011391
RO,011392
RO,011393
RO,011394
RO,011395
RO,011396
RO,011397
RO,011398
RO,011399
RO,011401
RO,011402
RO,011403
RO,011404
RO,011405
RO,011406
RO,011407
RO,011408
RO,011411
RO,011412
RO,011413
RO,011414
RO,011415
RO,011416
RO,011417
RO,011421
RO,011422
RO,011423
RO,011424
RO,011425
RO,011426
RO,011427
RO,011428
RO,011431
RO,011432
RO,011433
RO,011434
RO,011435
RO,011436
RO,011437
RO,011438
RO,011441
RO,011442
RO,011443
RO,011444
RO,011445
RO,011446
RO,011447
RO,011448
RO,011451
RO,011452
RO,011453
RO,011454
RO,011455
RO,011456
RO,011457
RO,011458
RO,011459
RO,011461
RO,011462
RO,011463
RO,011464
RO,011465
RO,011466
RO,011467
RO,011468
RO,011469
RO,011471
RO,011472
RO,011473
RO,011474
RO,011475
RO,011476
RO,011477
RO,011478
RO,011481
RO,011482
RO,011491
RO,011492
RO,011493
RO,011494
RO,011495
RO,011496
RO,011497
RO,011501
RO,011502
RO,011503
RO,011504
RO,011505
RO,011506
RO,011507
RO,011508
RO,011509
RO,011511
RO,011512
RO,011513
RO,011514
RO,011531
RO,011532
RO,011533
RO,011534
RO,011535
RO,011536
RO,011537
RO,011538
RO,011539
RO,011541
RO,011542
RO,011543
RO,011544
RO,011545
RO,011546
RO,011547
RO,011548
RO,011551
RO,011552
RO,011553
RO,011554
RO,011555
RO,011556
RO,011557
RO,011561
RO,011562
RO,011563
RO,011564
RO,011571
RO,011572
RO,011573
RO,011574
RO,011575
RO,011576
RO,011577
RO,011578
RO,011581
RO,011582
RO,011583
RO,011584
RO,011585
RO,011586
RO,011591
RO,011592
RO,011593
RO,011594
RO,011595
RO,011596
RO,011597
RO,011598
RO,011601
RO,011602
RO,011603
RO,011604
RO,011605
RO,011606
RO,011607
RO,011608
RO,011609
RO,011611
RO,011612
RO,011613
RO,011614
RO,011615
RO,011616
RO,011617
RO,011618
RO,011621
RO,011622
RO,011623
RO,011624
RO,011625
RO,011626
RO,011631
RO,011632
RO,011633
RO,011634
RO,011635
RO,011636
RO,011637
RO,011638
RO,011641
RO,011642
RO,011643
RO,011644
RO,011645
RO,011646
RO,011647
RO,011648
RO,011651
RO,011652
RO,011653
RO,011654
RO,011655
RO,011656
RO,011657
RO,011658
RO,011661
RO,011662
RO,011663
RO,011664
RO,011665
RO,011666
RO,011667
RO,011671
RO,011672
RO,011673
RO,011674
RO,011675
RO,011676
RO,011677
RO,011678
RO,011681
RO,011682
RO,011683
RO,011684
RO,011685
RO,011686
RO,011687
RO,011688
RO,011691
RO,011692
RO,011693
RO,011694
RO,011701
RO,011702
RO,011703
RO,011704
RO,011711
RO,011712
RO,011713
RO,011714
RO,011715
RO,011716
RO,011717
RO,011721
RO,011722
RO,011723
RO,011724
RO,011725
RO,011726
RO,011727
RO,011728
RO,011731
RO,011732
RO,011733
RO,011734
RO,011735
RO,011736
RO,011737
RO,011741
RO,011742
RO,011743
RO,011744
RO,011745
RO,011746
RO,011751
RO,011752
RO,011753
RO,011754
RO,011755
RO,011756
RO,011761
RO,011762
RO,011763
RO,011764
RO,011765
RO,011766
RO,011767
RO,011768
RO,011769
RO,011771
RO,011772
RO,011773
RO,011774
RO,011775
RO,011776
RO,011777
RO,011778
RO,011781
RO,011782
RO,011783
RO,011784
RO,011785
RO,011786
RO,011787
RO,011788
RO,011791
RO,011792
RO,011793
RO,011794
RO,011795
RO,011796
RO,011801
RO,011802
RO,011803
RO,011804
RO,011805
RO,011806
RO,011807
RO,011808
RO,011811
RO,011812
RO,011813
RO,011814
RO,011815
RO,011816
RO,011817
RO,011818
RO,011821
RO,011822
RO,011823
RO,011824
RO,011825
RO,011826
RO,011827
RO,011831
RO,011832
RO,011833
RO,011834
RO,011835
RO,011836
RO,011837
RO,011838
RO,011841
RO,011842
RO,011843
RO,011844
RO,011845
RO,011846
RO,011847
RO,011848
RO,011849
RO,011851
RO,011852
RO,011853
RO,011854
RO,011855
RO,011856
RO,011857
RO,011858
RO,011861
RO,011862
RO,011863
RO,011864
RO,011865
RO,011866
RO,011867
RO,011868
RO,011871
RO,011872
RO,011873
RO,011874
RO,011875
RO,011876
RO,011877
RO,011878
RO,011879
RO,011881
RO,011882
RO,011883
RO,011884
RO,011885
RO,011886
RO,011887
RO,011888
RO,011889
RO,011891
RO,011892
RO,011893
RO,011894
RO,011895
RO,011901
RO,011902
RO,011903
RO,011904
RO,011905
RO,011906
RO,011907
RO,011908
RO,011911
RO,011912
RO,011913
RO,011914
RO,011921
RO,011922
RO,011923
RO,011924
RO,011925
RO,011931
RO,011932
RO,011933
RO,011934
RO,011935
RO,011936
RO,011937
RO,011938
RO,011941
RO,011942
RO,011943
RO,011944
RO,011945
RO,011946
RO,011947
RO,011948
RO,011951
RO,011952
RO,011953
RO,011954
RO,011955
RO,011956
RO,011957
RO,011958
RO,011961
RO,011962
RO,011963
RO,011964
RO,011971
RO,011972
RO,011973
RO,011974
RO,011975
RO,011976
RO,011981
RO,011982
RO,011983
RO,011984
RO,011985
RO,011986
RO,011987
RO,011988
RO,011991
RO,011992
RO,011993
RO,011994
RO,011995
RO,011996
RO,011997
RO,011998
RO,011999
RO,012011
RO,012012
RO,012013
RO,012014
RO,012015
RO,012016
RO,012017
RO,012018
RO,012051
RO,012052
RO,012053
RO,012054
RO,012055
RO,012056
RO,012061
RO,012062
RO,012063
RO,012064
RO,012065
RO,012071
RO,012072
RO,012073
RO,012074
RO,012075
RO,012076
RO,012081
RO,012082
RO,012083
RO,012084
RO,012085
RO,012086
RO,012087
RO,012088
RO,012089
RO,012091
RO,012092
RO,012093
RO,012094
RO,012095
RO,012101
RO,012102
RO,012103
RO,012104
RO,012111
RO,012112
RO,012113
RO,012114
RO,012115
RO,012116
RO,012121
RO,012122
RO,012123
RO,012124
RO,012125
RO,012126
RO,012127
RO,012128
RO,012131
RO,012132
RO,012133
RO,012134
RO,012135
RO,012136
RO,012141
RO,012142
RO,012143
RO,012144
RO,012145
RO,012146
RO,012147
RO,012148
RO,012151
RO,012152
RO,012153
RO,012154
RO,012155
RO,012156
RO,012157
RO,012158
RO,012161
RO,012162
RO,012163
RO,012164
RO,012165
RO,012166
RO,012167
RO,012168
RO,012171
RO,012172
RO,012173
RO,012174
RO,012175
RO,012176
RO,012177
RO,012178
RO,012181
RO,012182
RO,012183
RO,012184
RO,012185
RO,012186
RO,012191
RO,012192
RO,012193
RO,012194
RO,012195
RO,012196
RO,012197
RO,012201
RO,012202
RO,012203
RO,012204
RO,012205
RO,012206
RO,012207
RO,012211
RO,012212
RO,012213
RO,012214
RO,012215
RO,012216
RO,012217
RO,012218
RO,012219
RO,012221
RO,012222
RO,012223
RO,012224
RO,012225
RO,012226
RO,012231
RO,012232
RO,012233
RO,012234
RO,012235
RO,012236
RO,012241
RO,012242
RO,012243
RO,012244
RO,012245
RO,012246
RO,012247
RO,012248
RO,012249
RO,012251
RO,012252
RO,012253
RO,012254
RO,012255
RO,012256
RO,012257
RO,012261
RO,012262
RO,012263
RO,012264
RO,012265
RO,012266
RO,012267
RO,012268
RO,012271
RO,012272
RO,012273
RO,012274
RO,012275
RO,012281
RO,012282
RO,012283
RO,012284
RO,012285
RO,012286
RO,012287
RO,012288
RO,012291
RO,012292
RO,012293
RO,012294
RO,012295
RO,012296
RO,012301
RO,012302
RO,012303
RO,012304
RO,012305
RO,012306
RO,012307
RO,012311
RO,012312
RO,012313
RO,012314
RO,012315
RO,012316
RO,012317
RO,012321
RO,012322
RO,012323
RO,012324
RO,012325
RO,012326
RO,012327
RO,012328
RO,012329
RO,012351
RO,012352
RO,012353
RO,012354
RO,012355
RO,012356
RO,012357
RO,012358
RO,012359
RO,012361
RO,012362
RO,012363
RO,012364
RO,012365
RO,012366
RO,012367
RO,012368
RO,012369
RO,012371
RO,012378
RO,012381
RO,012382
RO,012383
RO,012384
RO,012385
RO,012386
RO,012387
RO,012388
RO,012389
RO,012391
RO,012392
RO,012393
RO,012394
RO,012395
RO,012396
RO,012397
RO,012398
RO,012399
RO,012401
RO,012402
RO,012403
RO,012404
RO,012405
RO,012406
RO,012407
RO,012411
RO,012412
RO,012413
RO,012414
RO,012415
RO,012416
RO,012417
RO,012421
RO,012422
RO,012423
RO,012424
RO,012425
RO,012426
RO,012427
RO,012428
RO,012431
RO,012432
RO,012433
RO,012434
RO,012435
RO,012436
RO,012437
RO,012441
RO,012442
RO,012443
RO,012444
RO,012445
RO,012446
RO,012447
RO,012448
RO,012449
RO,012451
RO,012452
RO,012453
RO,012454
RO,012455
RO,012456
RO,012457
RO,012458
RO,012461
RO,012462
RO,012463
RO,012464
RO,012465
RO,012466
RO,012467
RO,012468
RO,012471
RO,012472
RO,012473
RO,012474
RO,012475
RO,012476
RO,012477
RO,012478
RO,012481
RO,012482
RO,012483
RO,012484
RO,012491
RO,012492
RO,012493
RO,012494
RO,012495
RO,012496
RO,012501
RO,012502
RO,012503
RO,012504
RO,012505
RO,012506
RO,012511
RO,012512
RO,012513
RO,012514
RO,012515
RO,012516
RO,012517
RO,012518
RO,012521
RO,012522
RO,012523
RO,012524
RO,012525
RO,012526
RO,012531
RO,012532
RO,012533
RO,012534
RO,012535
RO,012536
RO,012537
RO,012538
RO,012541
RO,012542
RO,012543
RO,012544
RO,012545
RO,012546
RO,012547
RO,012548
RO,012551
RO,012552
RO,012553
RO,012554
RO,012555
RO,012556
RO,012557
RO,012558
RO,012561
RO,012562
RO,012563
RO,012564
RO,012565
RO,012566
RO,012571
RO,012572
RO,012573
RO,012574
RO,012575
RO,012576
RO,012577
RO,012578
RO,012581
RO,012582
RO,012583
RO,012584
RO,012585
RO,012586
RO,012591
RO,012592
RO,012593
RO,012594
RO,012595
RO,012596
RO,012601
RO,012602
RO,012603
RO,012604
RO,012605
RO,012606
RO,012607
RO,012608
RO,012609
RO,012611
RO,012612
RO,012613
RO,012614
RO,012615
RO,012616
RO,012617
RO,012618
RO,012619
RO,012621
RO,012622
RO,012623
RO,012624
RO,012625
RO,012626
RO,012627
RO,012628
RO,012631
RO,012632
RO,012633
RO,012634
RO,012635
RO,012636
RO,012637
RO,012638
RO,012641
RO,012642
RO,012643
RO,012644
RO,012645
RO,012646
RO,012647
RO,012648
RO,012651
RO,012652
RO,012653
RO,012654
RO,012655
RO,012656
RO,012657
RO,012658
RO,012659
RO,012661
RO,012662
RO,012663
RO,012664
RO,012665
RO,012666
RO,012667
RO,012668
RO,012669
RO,012671
RO,012672
RO,012673
RO,012674
RO,012675
RO,012676
RO,012681
RO,012682
RO,012683
RO,012684
RO,012685
RO,012686
RO,012687
RO,012688
RO,012689
RO,012691
RO,012692
RO,012693
RO,012694
RO,012695
RO,012696
RO,012697
RO,012698
RO,012701
RO,012702
RO,012703
RO,012704
RO,012705
RO,012706
RO,012707
RO,012708
RO,012711
RO,012712
RO,012713
RO,012714
RO,012715
RO,012716
RO,012721
RO,012722
RO,012723
RO,012724
RO,012725
RO,012726
RO,012727
RO,012728
RO,012729
RO,012731
RO,012732
RO,012733
RO,012734
RO,012735
RO,012736
RO,012737
RO,012738
RO,012741
RO,012742
RO,012743
RO,012744
RO,012745
RO,012746
RO,012747
RO,012748
RO,012751
RO,012752
RO,012753
RO,012754
RO,012755
RO,012756
RO,012757
RO,012761
RO,012762
RO,012763
RO,012764
RO,012765
RO,012766
RO,012771
RO,012772
RO,012773
RO,012774
RO,012775
RO,012776
RO,012781
RO,012782
RO,012783
RO,012784
RO,012785
RO,012786
RO,012787
RO,012788
RO,012791
RO,012792
RO,012793
RO,012794
RO,012795
RO,012796
RO,012797
RO,012798
RO,012799
RO,012801
RO,012802
RO,012803
RO,012804
RO,012805
RO,012806
RO,012807
RO,012808
RO,012811
RO,012812
RO,012813
RO,012814
RO,012815
RO,012816
RO,012817
RO,012821
RO,012822
RO,012823
RO,012824
RO,012825
RO,012826
RO,012827
RO,012828
RO,012829
RO,012831
RO,012832
RO,012833
RO,012834
RO,012835
RO,012836
RO,012837
RO,012838
RO,012841
RO,012842
RO,012843
RO,012844
RO,012845
RO,012846
RO,012847
RO,012848
RO,012849
RO,012851
RO,012852
RO,012853
RO,012854
RO,012855
RO,012856
RO,012857
RO,012858
RO,012861
RO,012862
RO,012863
RO,012864
RO,012865
RO,012866
RO,012867
RO,012868
RO,012871
RO,012872
RO,012873
RO,012874
RO,012875
RO,012876
RO,012877
RO,012878
RO,012881
RO,012882
RO,012883
RO,012884
RO,012885
RO,012886
RO,012887
RO,012888
RO,012901
RO,012902
RO,012903
RO,012904
RO,012905
RO,012906
RO,012907
RO,012911
RO,012912
RO,012913
RO,012914
RO,012915
RO,012916
RO,012921
RO,012922
RO,012923
RO,012924
RO,012925
RO,012926
RO,012931
RO,012932
RO,012933
RO,012934
RO,012935
RO,012936
RO,012941
RO,012942
RO,012943
RO,012944
RO,012947
RO,012948
RO,012949
RO,012951
RO,012952
RO,012953
RO,012954
RO,012955
RO,012956
RO,012957
RO,012961
RO,012962
RO,012963
RO,012964
RO,012965
RO,012966
RO,012971
RO,012972
RO,012973
RO,012974
RO,012975
RO,012976
RO,012977
RO,012978
RO,012981
RO,012982
RO,012983
RO,012984
RO,012985
RO,012986
RO,012987
RO,012988
RO,012991
RO,012992
RO,012993
RO,012994
RO,012995
RO,012996
RO,013011
RO,013012
RO,013013
RO,013014
RO,013015
RO,013016
RO,013017
RO,013018
RO,013021
RO,013022
RO,013023
RO,013024
RO,013025
RO,013026
RO,013027
RO,013028
RO,013031
RO,013032
RO,013033
RO,013034
RO,013035
RO,013036
RO,013037
RO,013038
RO,013039
RO,013041
RO,013042
RO,013043
RO,013044
RO,013045
RO,013046
RO,013047
RO,013048
RO,013051
RO,013052
RO,013053
RO,013054
RO,013055
RO,013056
RO,013057
RO,013058
RO,013061
RO,013062
RO,013063
RO,013064
RO,013065
RO,013066
RO,013071
RO,013072
RO,013073
RO,013074
RO,013075
RO,013076
RO,013077
RO,013078
RO,013081
RO,013082
RO,013083
RO,013084
RO,013085
RO,013086
RO,013087
RO,013091
RO,013092
RO,013093
RO,013094
RO,013095
RO,013096
RO,013101
RO,013102
RO,013103
RO,013104
RO,013105
RO,013106
RO,013107
RO,013108
RO,013111
RO,013112
RO,013113
RO,013114
RO,013115
RO,013116
RO,013117
RO,013118
RO,013119
RO,013121
RO,013122
RO,013123
RO,013124
RO,013125
RO,013126
RO,013127
RO,013128
RO,013131
RO,013132
RO,013133
RO,013134
RO,013135
RO,013136
RO,013137
RO,013138
RO,013141
RO,013142
RO,013143
RO,013144
RO,013145
RO,013146
RO,013147
RO,013151
RO,013152
RO,013153
RO,013154
RO,013155
RO,013156
RO,013157
RO,013158
RO,013161
RO,013162
RO,013163
RO,013164
RO,013165
RO,013166
RO,013167
RO,013168
RO,013169
RO,013171
RO,013172
RO,013173
RO,013174
RO,013175
RO,013176
RO,013177
RO,013178
RO,013181
RO,013182
RO,013183
RO,013184
RO,013185
RO,013186
RO,013187
RO,013188
RO,013189
RO,013191
RO,013192
RO,013193
RO,013194
RO,013195
RO,013196
RO,013197
RO,013198
RO,013199
RO,013201
RO,013202
RO,013203
RO,013204
RO,013205
RO,013206
RO,013207
RO,013208
RO,013209
RO,013211
RO,013212
RO,013213
RO,013214
RO,013215
RO,013216
RO,013217
RO,013218
RO,013219
RO,013221
RO,013222
RO,013223
RO,013224
RO,013225
RO,013226
RO,013227
RO,013228
RO,013229
RO,013231
RO,013232
RO,013233
RO,013234
RO,013235
RO,013236
RO,013237
RO,013238
RO,013241
RO,013242
RO,013243
RO,013244
RO,013245
RO,013246
RO,013247
RO,013248
RO,013249
RO,013251
RO,013252
RO,013253
RO,013254
RO,013255
RO,013256
RO,013257
RO,013258
RO,013259
RO,013261
RO,013262
RO,013263
RO,013264
RO,013265
RO,013266
RO,013267
RO,013268
RO,013271
RO,013272
RO,013273
RO,013274
RO,013275
RO,013276
RO,013277
RO,013278
RO,013279
RO,013281
RO,013282
RO,013283
RO,013284
RO,013285
RO,013286
RO,013287
RO,013288
RO,013291
RO,013292
RO,013293
RO,013294
RO,013295
RO,013296
RO,013297
RO,013298
RO,013299
RO,013301
RO,013302
RO,013303
RO,013304
RO,013305
RO,013306
RO,013307
RO,013308
RO,013309
RO,013311
RO,013312
RO,013313
RO,013314
RO,013315
RO,013316
RO,013317
RO,013318
RO,013319
RO,013321
RO,013322
RO,013323
RO,013324
RO,013325
RO,013326
RO,013327
RO,013328
RO,013329
RO,013331
RO,013332
RO,013333
RO,013334
RO,013335
RO,013336
RO,013337
RO,013338
RO,013339
RO,013341
RO,013342
RO,013343
RO,013344
RO,013345
RO,013346
RO,013347
RO,013348
RO,013349
RO,013351
RO,013352
RO,013353
RO,013354
RO,013355
RO,013356
RO,013361
RO,013362
RO,013363
RO,013364
RO,013365
RO,013366
RO,013367
RO,013368
RO,013371
RO,013372
RO,013373
RO,013374
RO,013375
RO,013376
RO,013377
RO,013378
RO,013381
RO,013382
RO,013391
RO,013392
RO,013393
RO,013394
RO,013395
RO,013396
RO,013401
RO,013402
RO,013403
RO,013404
RO,013405
RO,013406
RO,013407
RO,013408
RO,013411
RO,013412
RO,013413
RO,013414
RO,013415
RO,013416
RO,013417
RO,013418
RO,013421
RO,013422
RO,013423
RO,013424
RO,013431
RO,013432
RO,013433
RO,013434
RO,013435
RO,013436
RO,013437
RO,013438
RO,013439
RO,013441
RO,013442
RO,013443
RO,013444
RO,013445
RO,013446
RO,013447
RO,013448
RO,013451
RO,013452
RO,013453
RO,013454
RO,013455
RO,013456
RO,013461
RO,013462
RO,013463
RO,013464
RO,013465
RO,013466
RO,013471
RO,013472
RO,013473
RO,013474
RO,013481
RO,013482
RO,013483
RO,013484
RO,013485
RO,013486
RO,013491
RO,013492
RO,013493
RO,013494
RO,013495
RO,013496
RO,013501
RO,013502
RO,013503
RO,013504
RO,013505
RO,013511
RO,013512
RO,013513
RO,013514
RO,013515
RO,013516
RO,013517
RO,013518
RO,013519
RO,013521
RO,013522
RO,013523
RO,013524
RO,013525
RO,013526
RO,013527
RO,013528
RO,013531
RO,013532
RO,013533
RO,013534
RO,013535
RO,013541
RO,013542
RO,013543
RO,013544
RO,013545
RO,013546
RO,013547
RO,013551
RO,013552
RO,013553
RO,013554
RO,013555
RO,013556
RO,013557
RO,013558
RO,013561
RO,013562
RO,013563
RO,013564
RO,013565
RO,013566
RO,013567
RO,013568
RO,013571
RO,013572
RO,013573
RO,013574
RO,013575
RO,013576
RO,013577
RO,013578
RO,013581
RO,013582
RO,013583
RO,013584
RO,013585
RO,013586
RO,013591
RO,013592
RO,013593
RO,013594
RO,013595
RO,013596
RO,013601
RO,013602
RO,013603
RO,013604
RO,013605
RO,013606
RO,013609
RO,013611
RO,013612
RO,013613
RO,013621
RO,013622
RO,013623
RO,013624
RO,013625
RO,013626
RO,013631
RO,013632
RO,013633
RO,013634
RO,013635
RO,013636
RO,013637
RO,013641
RO,013642
RO,013643
RO,013644
RO,013645
RO,013646
RO,013647
RO,013648
RO,013649
RO,013681
RO,013682
RO,013683
RO,013684
RO,013685
RO,013686
RO,013691
RO,013692
RO,013693
RO,013694
RO,013695
RO,013701
RO,013702
RO,013703
RO,013704
RO,013705
RO,013706
RO,013711
RO,013712
RO,013713
RO,013714
RO,013715
RO,013716
RO,013717
RO,013718
RO,013721
RO,013722
RO,013723
RO,013724
RO,013725
RO,013726
RO,013731
RO,013732
RO,013733
RO,013734
RO,013735
RO,013736
RO,013737
RO,013738
RO,013741
RO,013742
RO,013743
RO,013744
RO,013745
RO,013746
RO,013747
RO,013748
RO,013749
RO,013751
RO,013752
RO,013753
RO,013754
RO,013755
RO,013756
RO,013757
RO,013758
RO,013761
RO,013762
RO,013763
RO,013764
RO,013765
RO,013766
RO,013767
RO,013768
RO,013769
RO,013771
RO,013772
RO,013773
RO,013774
RO,013775
RO,013776
RO,013777
RO,013778
RO,013779
RO,013781
RO,013782
RO,013783
RO,013784
RO,013785
RO,013786
RO,013787
RO,013788
RO,013789
RO,013791
RO,013792
RO,013793
RO,013794
RO,013795
RO,013796
RO,013797
RO,013798
RO,013799
RO,013801
RO,013802
RO,013803
RO,013804
RO,013805
RO,013811
RO,013812
RO,013813
RO,013814
RO,013821
RO,013822
RO,013823
RO,013824
RO,013831
RO,013832
RO,013833
RO,013834
RO,013835
RO,013836
RO,013837
RO,013838
RO,013841
RO,013842
RO,013843
RO,013844
RO,013845
RO,013846
RO,013847
RO,013848
RO,013851
RO,013852
RO,013853
RO,013854
RO,013855
RO,013856
RO,013857
RO,013858
RO,013859
RO,013861
RO,013862
RO,013863
RO,013864
RO,013865
RO,013866
RO,013867
RO,013868
RO,013871
RO,013872
RO,013873
RO,013874
RO,013875
RO,013876
RO,013877
RO,013878
RO,013881
RO,013882
RO,013883
RO,013884
RO,013885
RO,013886
RO,013887
RO,013888
RO,013891
RO,013892
RO,013893
RO,013894
RO,013895
RO,013896
RO,013897
RO,013898
RO,013901
RO,013902
RO,013903
RO,013904
RO,013905
RO,013906
RO,013907
RO,013908
RO,013911
RO,013912
RO,013913
RO,013914
RO,013921
RO,013922
RO,013923
RO,013924
RO,013925
RO,013931
RO,013932
RO,013933
RO,013934
RO,013935
RO,013936
RO,013937
RO,013941
RO,013942
RO,013943
RO,013944
RO,013945
RO,013946
RO,013947
RO,013948
RO,013951
RO,013952
RO,013953
RO,013954
RO,013955
RO,013961
RO,013962
RO,013963
RO,013964
RO,013965
RO,013966
RO,013967
RO,013968
RO,013971
RO,013972
RO,013973
RO,013974
RO,013975
RO,013976
RO,013977
RO,013978
RO,013981
RO,013982
RO,013983
RO,013984
RO,013985
RO,013986
RO,013987
RO,013988
RO,013989
RO,013991
RO,013992
RO,013993
RO,013994
RO,013995
RO,013996
RO,013997
RO,013998
RO,014011
RO,014012
RO,014013
RO,014014
RO,014015
RO,014016
RO,014017
RO,014018
RO,014019
RO,014021
RO,014022
RO,014023
RO,014024
RO,014025
RO,014027
RO,014029
RO,014031
RO,014032
RO,014033
RO,014034
RO,014035
RO,014036
RO,014037
RO,014038
RO,014039
RO,014041
RO,014042
RO,014043
RO,014044
RO,014045
RO,014046
RO,014047
RO,014048
RO,014049
RO,014051
RO,014052
RO,014053
RO,014054
RO,014055
RO,014056
RO,014057
RO,014058
RO,014059
RO,014061
RO,014062
RO,014063
RO,014064
RO,014065
RO,014066
RO,014067
RO,014069
RO,014071
RO,014072
RO,014073
RO,014074
RO,014075
RO,014076
RO,014101
RO,014102
RO,014103
RO,014104
RO,014105
RO,014106
RO,014107
RO,014108
RO,014109
RO,014111
RO,014112
RO,014113
RO,014114
RO,014121
RO,014122
RO,014123
RO,014124
RO,014125
RO,014126
RO,014127
RO,014128
RO,014131
RO,014132
RO,014133
RO,014134
RO,014135
RO,014136
RO,014141
RO,014142
RO,014143
RO,014144
RO,014145
RO,014146
RO,014147
RO,014151
RO,014152
RO,014153
RO,014154
RO,014155
RO,014161
RO,014162
RO,014163
RO,014164
RO,014171
RO,014172
RO,014173
RO,014174
RO,014175
RO,014176
RO,014177
RO,014178
RO,014179
RO,014181
RO,014182
RO,014183
RO,014184
RO,014185
RO,014186
RO,014187
RO,014188
RO,014189
RO,014191
RO,014192
RO,014193
RO,014194
RO,014195
RO,014196
RO,014201
RO,014202
RO,014203
RO,014204
RO,014205
RO,014206
RO,014211
RO,014212
RO,014213
RO,014214
RO,014215
RO,014216
RO,014221
RO,014222
RO,014223
RO,014224
RO,014225
RO,014231
RO,014232
RO,014233
RO,014234
RO,014235
RO,014236
RO,014237
RO,014241
RO,014242
RO,014243
RO,014251
RO,014252
RO,014253
RO,014254
RO,014255
RO,014256
RO,014257
RO,014261
RO,014262
RO,014263
RO,014264
RO,014265
RO,014266
RO,014271
RO,014272
RO,014273
RO,014274
RO,014275
RO,014276
RO,014277
RO,014281
RO,014282
RO,014283
RO,014284
RO,014285
RO,014286
RO,014291
RO,014292
RO,014293
RO,014294
RO,014295
RO,014301
RO,014302
RO,014303
RO,014304
RO,014305
RO,014306
RO,014307
RO,014311
RO,014312
RO,014313
RO,014314
RO,014321
RO,014322
RO,014323
RO,014324
RO,014325
RO,014326
RO,014331
RO,014332
RO,014333
RO,014334
RO,014335
RO,014336
RO,014341
RO,014342
RO,014343
RO,014344
RO,014345
RO,014346
RO,014347
RO,014351
RO,014352
RO,014353
RO,014354
RO,014355
RO,014356
RO,014357
RO,014358
RO,014361
RO,014362
RO,014363
RO,014364
RO,014365
RO,014366
RO,014367
RO,014368
RO,014369
RO,014371
RO,014372
RO,014373
RO,014374
RO,014375
RO,014376
RO,014381
RO,014382
RO,014383
RO,014384
RO,014385
RO,014391
RO,014393
RO,014394
RO,014395
RO,014396
RO,014397
RO,014398
RO,014451
RO,014452
RO,014453
RO,014454
RO,014455
RO,014456
RO,014457
RO,014458
RO,014459
RO,014461
RO,014462
RO,014463
RO,014464
RO,014465
RO,014466
RO,014467
RO,014471
RO,014472
RO,014473
RO,014474
RO,014475
RO,014476
RO,014481
RO,014482
RO,014483
RO,014551
RO,014552
RO,014553
RO,014554
RO,014555
RO,014556
RO,014557
RO,014558
RO,014559
RO,014561
RO,014562
RO,014563
RO,014564
RO,014565
RO,014566
RO,014567
RO,014568
RO,014569
RO,014571
RO,014572
RO,014573
RO,014574
RO,014575
RO,014576
RO,014577
RO,014578
RO,014579
RO,014581
RO,014582
RO,014583
RO,014584
RO,014591
RO,014592
RO,014593
RO,014594
RO,014595
RO,014596
RO,014597
RO,014598
RO,014601
RO,014602
RO,014603
RO,014604
RO,014605
RO,014606
RO,014607
RO,014608
RO,014609
RO,014611
RO,014612
RO,014613
RO,014614
RO,014615
RO,014616
RO,014617
RO,014618
RO,014619
RO,014621
RO,014622
RO,014623
RO,014624
RO,014625
RO,014626
RO,014627
RO,014631
RO,014632
RO,014633
RO,014634
RO,014635
RO,014636
RO,014637
RO,014638
RO,014639
RO,014641
RO,014642
RO,014643
RO,014644
RO,014645
RO,014646
RO,014647
RO,014648
RO,014649
RO,014651
RO,014652
RO,014653
RO,014654
RO,014655
RO,014656
RO,014657
RO,014658
RO,014659
RO,014661
RO,014662
RO,014663
RO,014664
RO,014665
RO,015011
RO,015012
RO,015013
RO,015014
RO,015015
RO,015016
RO,015021
RO,015025
RO,015031
RO,015033
RO,015035
RO,015037
RO,015041
RO,015045
RO,015051
RO,015055
RO,015101
RO,015105
RO,015111
RO,015115
RO,015116
RO,015118
RO,015121
RO,015125
RO,015131
RO,015133
RO,015135
RO,015141
RO,015143
RO,015145
RO,015147
RO,015151
RO,015155
RO,015201
RO,015205
RO,015211
RO,015213
RO,015215
RO,015217
RO,015221
RO,015225
RO,015231
RO,015233
RO,015236
RO,015238
RO,015241
RO,015245
RO,020011
RO,020012
RO,020013
RO,020014
RO,020015
RO,020016
RO,020017
RO,020021
RO,020022
RO,020023
RO,020024
RO,020025
RO,020026
RO,020031
RO,020032
RO,020033
RO,020034
RO,020035
RO,020036
RO,020037
RO,020038
RO,020039
RO,020041
RO,020042
RO,020043
RO,020044
RO,020045
RO,020046
RO,020047
RO,020048
RO,020051
RO,020052
RO,020053
RO,020054
RO,020055
RO,020056
RO,020057
RO,020061
RO,020062
RO,020063
RO,020064
RO,020065
RO,020071
RO,020072
RO,020073
RO,020074
RO,020075
RO,020076
RO,020077
RO,020078
RO,020079
RO,020081
RO,020082
RO,020083
RO,020084
RO,020085
RO,020091
RO,020092
RO,020093
RO,020094
RO,020095
RO,020096
RO,020097
RO,020098
RO,020099
RO,020101
RO,020102
RO,020103
RO,020104
RO,020105
RO,020106
RO,020107
RO,020108
RO,020109
RO,020111
RO,020112
RO,020113
RO,020114
RO,020121
RO,020122
RO,020123
RO,020124
RO,020125
RO,020126
RO,020127
RO,020131
RO,020132
RO,020133
RO,020141
RO,020142
RO,020143
RO,020144
RO,020145
RO,020146
RO,020147
RO,020148
RO,020149
RO,020151
RO,020152
RO,020153
RO,020154
RO,020155
RO,020161
RO,020162
RO,020163
RO,020164
RO,020165
RO,020171
RO,020172
RO,020173
RO,020174
RO,020175
RO,020176
RO,020177
RO,020181
RO,020182
RO,020183
RO,020184
RO,020185
RO,020186
RO,020187
RO,020188
RO,020191
RO,020192
RO,020193
RO,020194
RO,020195
RO,020196
RO,020197
RO,020198
RO,020199
RO,020201
RO,020202
RO,020203
RO,020204
RO,020205
RO,020206
RO,020207
RO,020211
RO,020212
RO,020213
RO,020214
RO,020215
RO,020216
RO,020217
RO,020218
RO,020219
RO,020221
RO,020222
RO,020223
RO,020224
RO,020225
RO,020226
RO,020231
RO,020232
RO,020233
RO,020234
RO,020235
RO,020236
RO,020237
RO,020241
RO,020242
RO,020243
RO,020244
RO,020245
RO,020246
RO,020251
RO,020252
RO,020253
RO,020254
RO,020255
RO,020256
RO,020257
RO,020258
RO,020261
RO,020262
RO,020263
RO,020264
RO,020265
RO,020266
RO,020267
RO,020268
RO,020269
RO,020271
RO,020272
RO,020273
RO,020274
RO,020275
RO,020276
RO,020281
RO,020282
RO,020283
RO,020284
RO,020285
RO,020291
RO,020292
RO,020293
RO,020294
RO,020295
RO,020296
RO,020301
RO,020302
RO,020303
RO,020304
RO,020305
RO,020308
RO,020309
RO,020311
RO,020312
RO,020313
RO,020314
RO,020315
RO,020316
RO,020317
RO,020321
RO,020322
RO,020323
RO,020324
RO,020325
RO,020331
RO,020332
RO,020333
RO,020334
RO,020335
RO,020336
RO,020337
RO,020338
RO,020339
RO,020341
RO,020342
RO,020343
RO,020344
RO,020345
RO,020346
RO,020347
RO,020348
RO,020349
RO,020351
RO,020352
RO,020353
RO,020354
RO,020355
RO,020356
RO,020357
RO,020358
RO,020359
RO,020361
RO,020362
RO,020371
RO,020372
RO,020373
RO,020374
RO,020375
RO,020376
RO,020377
RO,020378
RO,020381
RO,020382
RO,020383
RO,020384
RO,020391
RO,020392
RO,020393
RO,020394
RO,020395
RO,020396
RO,020397
RO,020451
RO,020452
RO,020453
RO,020454
RO,020455
RO,020456
RO,020457
RO,020458
RO,020459
RO,020461
RO,020462
RO,020463
RO,020464
RO,020465
RO,020466
RO,020467
RO,020468
RO,020469
RO,020471
RO,020472
RO,020473
RO,020474
RO,020475
RO,020476
RO,020477
RO,020478
RO,020479
RO,020481
RO,020482
RO,020483
RO,020484
RO,020485
RO,020486
RO,020487
RO,020488
RO,020491
RO,020492
RO,020493
RO,020494
RO,020495
RO,020496
RO,020497
RO,020498
RO,020499
RO,020501
RO,020502
RO,020503
RO,020504
RO,020505
RO,020506
RO,020507
RO,020511
RO,020512
RO,020513
RO,020521
RO,020522
RO,020523
RO,020524
RO,020525
RO,020526
RO,020527
RO,020528
RO,020531
RO,020532
RO,020533
RO,020534
RO,020535
RO,020536
RO,020537
RO,020541
RO,020542
RO,020543
RO,020544
RO,020545
RO,020546
RO,020547
RO,020548
RO,020551
RO,020552
RO,020553
RO,020554
RO,020555
RO,020556
RO,020557
RO,020561
RO,020562
RO,020563
RO,020564
RO,020565
RO,020566
RO,020571
RO,020572
RO,020573
RO,020574
RO,020575
RO,020581
RO,020582
RO,020583
RO,020584
RO,020585
RO,020586
RO,020587
RO,020588
RO,020589
RO,020591
RO,020592
RO,020593
RO,020594
RO,020595
RO,020596
RO,020597
RO,020601
RO,020602
RO,020603
RO,020604
RO,020605
RO,020606
RO,020607
RO,020608
RO,020609
RO,020611
RO,020612
RO,020613
RO,020614
RO,020615
RO,020616
RO,020617
RO,020618
RO,020619
RO,020621
RO,020622
RO,020623
RO,020624
RO,020625
RO,020626
RO,020631
RO,020632
RO,020633
RO,020634
RO,020635
RO,020636
RO,020637
RO,020638
RO,020641
RO,020642
RO,020643
RO,020644
RO,020645
RO,020646
RO,020647
RO,020648
RO,020649
RO,020651
RO,020652
RO,020653
RO,020654
RO,020655
RO,020656
RO,020657
RO,020658
RO,020661
RO,020662
RO,020663
RO,020664
RO,020665
RO,020666
RO,020667
RO,020668
RO,020669
RO,020671
RO,020672
RO,020673
RO,020674
RO,020675
RO,020676
RO,020681
RO,020682
RO,020683
RO,020684
RO,020685
RO,020686
RO,020687
RO,020688
RO,020689
RO,020691
RO,020692
RO,020693
RO,020694
RO,020695
RO,020701
RO,020702
RO,020703
RO,020704
RO,020705
RO,020706
RO,020711
RO,020712
RO,020713
RO,020714
RO,020715
RO,020716
RO,020717
RO,020721
RO,020722
RO,020723
RO,020724
RO,020725
RO,020731
RO,020732
RO,020733
RO,020734
RO,020735
RO,020736
RO,020737
RO,020738
RO,020741
RO,020742
RO,020743
RO,020744
RO,020745
RO,020746
RO,020747
RO,020748
RO,020749
RO,020751
RO,020752
RO,020753
RO,020754
RO,020755
RO,020756
RO,020757
RO,020758
RO,020761
RO,020762
RO,020763
RO,020764
RO,020765
RO,020766
RO,020771
RO,020772
RO,020773
RO,020774
RO,020775
RO,020776
RO,020777
RO,020778
RO,020779
RO,020781
RO,020782
RO,020783
RO,020784
RO,020785
RO,020786
RO,020791
RO,020792
RO,020793
RO,020794
RO,020795
RO,020796
RO,020797
RO,020801
RO,020802
RO,020803
RO,020804
RO,020805
RO,020806
RO,020851
RO,020852
RO,020853
RO,020854
RO,020855
RO,020856
RO,020857
RO,020858
RO,020859
RO,020861
RO,020862
RO,020863
RO,020864
RO,020865
RO,020866
RO,020867
RO,020868
RO,020871
RO,020872
RO,020873
RO,020874
RO,020875
RO,020876
RO,020877
RO,020878
RO,020881
RO,020882
RO,020883
RO,020884
RO,020885
RO,020886
RO,020887
RO,020888
RO,020889
RO,020891
RO,020892
RO,020893
RO,020894
RO,020895
RO,020896
RO,020897
RO,020898
RO,020899
RO,020901
RO,020902
RO,020903
RO,020904
RO,020905
RO,020912
RO,020913
RO,020914
RO,020915
RO,020916
RO,020917
RO,020918
RO,020921
RO,020922
RO,020923
RO,020924
RO,020925
RO,020926
RO,020931
RO,020932
RO,020933
RO,020934
RO,020935
RO,020936
RO,020937
RO,020938
RO,020939
RO,020941
RO,020942
RO,020943
RO,020944
RO,020945
RO,020946
RO,020947
RO,020948
RO,020951
RO,020952
RO,020953
RO,020954
RO,020955
RO,020956
RO,020961
RO,020962
RO,020963
RO,020964
RO,020965
RO,020966
RO,020967
RO,020968
RO,020969
RO,020971
RO,020972
RO,020973
RO,020974
RO,020975
RO,020976
RO,020977
RO,020978
RO,020979
RO,020981
RO,020982
RO,020983
RO,020984
RO,020985
RO,020986
RO,020987
RO,020988
RO,020991
RO,020992
RO,020993
RO,020994
RO,020995
RO,020996
RO,020997
RO,020998
RO,021011
RO,021012
RO,021013
RO,021014
RO,021015
RO,021016
RO,021021
RO,021022
RO,021023
RO,021024
RO,021025
RO,021026
RO,021031
RO,021032
RO,021033
RO,021034
RO,021041
RO,021042
RO,021043
RO,021044
RO,021045
RO,021046
RO,021047
RO,021051
RO,021052
RO,021053
RO,021054
RO,021055
RO,021056
RO,021061
RO,021062
RO,021063
RO,021064
RO,021065
RO,021101
RO,021102
RO,021103
RO,021104
RO,021105
RO,021106
RO,021107
RO,021108
RO,021109
RO,021111
RO,021112
RO,021113
RO,021114
RO,021115
RO,021116
RO,021117
RO,021118
RO,021119
RO,021121
RO,021122
RO,021123
RO,021124
RO,021125
RO,021126
RO,021127
RO,021128
RO,021131
RO,021132
RO,021133
RO,021134
RO,021135
RO,021136
RO,021137
RO,021141
RO,021142
RO,021143
RO,021144
RO,021145
RO,021146
RO,021151
RO,021152
RO,021153
RO,021154
RO,021155
RO,021156
RO,021157
RO,021158
RO,021159
RO,021161
RO,021162
RO,021163
RO,021164
RO,021165
RO,021166
RO,021167
RO,021168
RO,021169
RO,021171
RO,021172
RO,021173
RO,021174
RO,021175
RO,021176
RO,021177
RO,021178
RO,021179
RO,021181
RO,021182
RO,021183
RO,021184
RO,021185
RO,021186
RO,021187
RO,021188
RO,021191
RO,021192
RO,021193
RO,021194
RO,021195
RO,021196
RO,021197
RO,021198
RO,021199
RO,021201
RO,021202
RO,021203
RO,021204
RO,021211
RO,021212
RO,021213
RO,021214
RO,021215
RO,021216
RO,021217
RO,021218
RO,021221
RO,021222
RO,021223
RO,021224
RO,021225
RO,021226
RO,021227
RO,021231
RO,021232
RO,021233
RO,021234
RO,021235
RO,021236
RO,021237
RO,021238
RO,021241
RO,021242
RO,021243
RO,021244
RO,021245
RO,021251
RO,021252
RO,021253
RO,021254
RO,021255
RO,021256
RO,021301
RO,021302
RO,021303
RO,021304
RO,021305
RO,021306
RO,021307
RO,021308
RO,021309
RO,021311
RO,021312
RO,021313
RO,021314
RO,021315
RO,021316
RO,021317
RO,021318
RO,021319
RO,021321
RO,021322
RO,021323
RO,021324
RO,021325
RO,021326
RO,021327
RO,021328
RO,021329
RO,021331
RO,021332
RO,021333
RO,021334
RO,021335
RO,021336
RO,021337
RO,021338
RO,021341
RO,021342
RO,021343
RO,021344
RO,021345
RO,021346
RO,021351
RO,021352
RO,021353
RO,021354
RO,021355
RO,021356
RO,021357
RO,021358
RO,021359
RO,021361
RO,021362
RO,021363
RO,021364
RO,021365
RO,021366
RO,021367
RO,021368
RO,021369
RO,021371
RO,021372
RO,021373
RO,021374
RO,021375
RO,021376
RO,021377
RO,021378
RO,021381
RO,021382
RO,021383
RO,021384
RO,021385
RO,021386
RO,021387
RO,021388
RO,021389
RO,021391
RO,021392
RO,021393
RO,021394
RO,021395
RO,021396
RO,021397
RO,021398
RO,021399
RO,021401
RO,021402
RO,021403
RO,021404
RO,021405
RO,021406
RO,021407
RO,021408
RO,021409
RO,021411
RO,021412
RO,021413
RO,021414
RO,021415
RO,021416
RO,021417
RO,021418
RO,021419
RO,021421
RO,021422
RO,021423
RO,021424
RO,021425
RO,021426
RO,021427
RO,021428
RO,021429
RO,021431
RO,021432
RO,021433
RO,021434
RO,021441
RO,021442
RO,021443
RO,021444
RO,021445
RO,021446
RO,021451
RO,021452
RO,021453
RO,021454
RO,021455
RO,021456
RO,021457
RO,021458
RO,021459
RO,021461
RO,021462
RO,021463
RO,021464
RO,021465
RO,021466
RO,021467
RO,021468
RO,021469
RO,021471
RO,021472
RO,021473
RO,021474
RO,021475
RO,021476
RO,021481
RO,021482
RO,021483
RO,021484
RO,021485
RO,021486
RO,021487
RO,021491
RO,021492
RO,021493
RO,021494
RO,021495
RO,021501
RO,021502
RO,021503
RO,021504
RO,021505
RO,021506
RO,021507
RO,021508
RO,021509
RO,021511
RO,021512
RO,021513
RO,021514
RO,021515
RO,021516
RO,021517
RO,021518
RO,021521
RO,021522
RO,021523
RO,021524
RO,021525
RO,021526
RO,021527
RO,021528
RO,021529
RO,021531
RO,021532
RO,021533
RO,021534
RO,021535
RO,021536
RO,021537
RO,021538
RO,021539
RO,021541
RO,021542
RO,021543
RO,021544
RO,021551
RO,021552
RO,021553
RO,021554
RO,021555
RO,021556
RO,021561
RO,021562
RO,021563
RO,021564
RO,021565
RO,021566
RO,021567
RO,021568
RO,021571
RO,021572
RO,021573
RO,021574
RO,021575
RO,021576
RO,021577
RO,021578
RO,021581
RO,021582
RO,021583
RO,021584
RO,021585
RO,021586
RO,021587
RO,021591
RO,021592
RO,021593
RO,021594
RO,021595
RO,021596
RO,021597
RO,021598
RO,021599
RO,021601
RO,021602
RO,021603
RO,021604
RO,021605
RO,021606
RO,021607
RO,021608
RO,021609
RO,021611
RO,021612
RO,021613
RO,021614
RO,021615
RO,021616
RO,021617
RO,021618
RO,021619
RO,021621
RO,021622
RO,021623
RO,021624
RO,021625
RO,021626
RO,021627
RO,021631
RO,021632
RO,021633
RO,021634
RO,021635
RO,021636
RO,021637
RO,021638
RO,021639
RO,021641
RO,021642
RO,021643
RO,021644
RO,021645
RO,021646
RO,021647
RO,021648
RO,021651
RO,021652
RO,021653
RO,021654
RO,021655
RO,021656
RO,021657
RO,021658
RO,021659
RO,021661
RO,021662
RO,021663
RO,021664
RO,021665
RO,021666
RO,021671
RO,021672
RO,021673
RO,021674
RO,021675
RO,021676
RO,021677
RO,021678
RO,021679
RO,021681
RO,021682
RO,021683
RO,021684
RO,021685
RO,021686
RO,021687
RO,021688
RO,021689
RO,021691
RO,021692
RO,021693
RO,021694
RO,021695
RO,021696
RO,021697
RO,021698
RO,021699
RO,021701
RO,021702
RO,021703
RO,021704
RO,021705
RO,021706
RO,021707
RO,021708
RO,021709
RO,021711
RO,021712
RO,021713
RO,021714
RO,021715
RO,021716
RO,021717
RO,021718
RO,021719
RO,021721
RO,021722
RO,021723
RO,021724
RO,021725
RO,021726
RO,021727
RO,021728
RO,021729
RO,021731
RO,021732
RO,021733
RO,021734
RO,021735
RO,021736
RO,021741
RO,021742
RO,021743
RO,021744
RO,021745
RO,021746
RO,021747
RO,021751
RO,021752
RO,021753
RO,021754
RO,021755
RO,021756
RO,021757
RO,021758
RO,021759
RO,021761
RO,021762
RO,021763
RO,021764
RO,021771
RO,021772
RO,021773
RO,021774
RO,021775
RO,021781
RO,021782
RO,021783
RO,021784
RO,021785
RO,021791
RO,021792
RO,021793
RO,021794
RO,021795
RO,021796
RO,021797
RO,021798
RO,021801
RO,021802
RO,021803
RO,021804
RO,021805
RO,021806
RO,021811
RO,021812
RO,021813
RO,021814
RO,021815
RO,021821
RO,021822
RO,021823
RO,021824
RO,021825
RO,021831
RO,021832
RO,021833
RO,021834
RO,021835
RO,021836
RO,021837
RO,021838
RO,021841
RO,021842
RO,021843
RO,021844
RO,021851
RO,021852
RO,021853
RO,021854
RO,021855
RO,021856
RO,021857
RO,021861
RO,021862
RO,021863
RO,021864
RO,021865
RO,021866
RO,021867
RO,021868
RO,021871
RO,021872
RO,021873
RO,021874
RO,021875
RO,021876
RO,021881
RO,021882
RO,021883
RO,021884
RO,021885
RO,021886
RO,021887
RO,021888
RO,021891
RO,021892
RO,021893
RO,021894
RO,021895
RO,021896
RO,021901
RO,021902
RO,021903
RO,021904
RO,021911
RO,021912
RO,021913
RO,021914
RO,021915
RO,021916
RO,021917
RO,021918
RO,021919
RO,021921
RO,021922
RO,021923
RO,021924
RO,021925
RO,021926
RO,021927
RO,021928
RO,021931
RO,021932
RO,021933
RO,021934
RO,021935
RO,021936
RO,021937
RO,021938
RO,021941
RO,021942
RO,021943
RO,021944
RO,021946
RO,021947
RO,021948
RO,021949
RO,021951
RO,021952
RO,021953
RO,021954
RO,021955
RO,021956
RO,021957
RO,021958
RO,021961
RO,021962
RO,021963
RO,021964
RO,021965
RO,021966
RO,021967
RO,021968
RO,021969
RO,021971
RO,021972
RO,021973
RO,021974
RO,021975
RO,021976
RO,021977
RO,021978
RO,021979
RO,021981
RO,021982
RO,021983
RO,021984
RO,021985
RO,021986
RO,021987
RO,021988
RO,021991
RO,021992
RO,021993
RO,021994
RO,021995
RO,021996
RO,021997
RO,021998
RO,022011
RO,022012
RO,022013
RO,022014
RO,022015
RO,022016
RO,022101
RO,022102
RO,022103
RO,022104
RO,022105
RO,022106
RO,022107
RO,022108
RO,022109
RO,022111
RO,022112
RO,022113
RO,022114
RO,022115
RO,022116
RO,022117
RO,022118
RO,022119
RO,022121
RO,022122
RO,022123
RO,022124
RO,022125
RO,022126
RO,022127
RO,022128
RO,022129
RO,022131
RO,022132
RO,022133
RO,022141
RO,022142
RO,022143
RO,022144
RO,022145
RO,022146
RO,022147
RO,022151
RO,022152
RO,022153
RO,022154
RO,022155
RO,022156
RO,022157
RO,022158
RO,022159
RO,022161
RO,022162
RO,022163
RO,022164
RO,022165
RO,022166
RO,022167
RO,022171
RO,022172
RO,022173
RO,022174
RO,022175
RO,022176
RO,022177
RO,022181
RO,022182
RO,022183
RO,022184
RO,022185
RO,022186
RO,022191
RO,022192
RO,022193
RO,022194
RO,022195
RO,022196
RO,022197
RO,022198
RO,022199
RO,022201
RO,022202
RO,022203
RO,022204
RO,022251
RO,022252
RO,022253
RO,022254
RO,022255
RO,022256
RO,022257
RO,022261
RO,022262
RO,022263
RO,022264
RO,022265
RO,022266
RO,022271
RO,022272
RO,022273
RO,022274
RO,022275
RO,022276
RO,022277
RO,022281
RO,022282
RO,022283
RO,022284
RO,022285
RO,022286
RO,022287
RO,022291
RO,022292
RO,022293
RO,022294
RO,022301
RO,022302
RO,022303
RO,022304
RO,022305
RO,022306
RO,022307
RO,022311
RO,022312
RO,022313
RO,022314
RO,022315
RO,022316
RO,022317
RO,022318
RO,022319
RO,022321
RO,022322
RO,022323
RO,022324
RO,022325
RO,022326
RO,022327
RO,022328
RO,022329
RO,022331
RO,022332
RO,022333
RO,022334
RO,022335
RO,022336
RO,022337
RO,022338
RO,022339
RO,022341
RO,022342
RO,022343
RO,022344
RO,022345
RO,022346
RO,022347
RO,022348
RO,022351
RO,022352
RO,022353
RO,022354
RO,022355
RO,022356
RO,022361
RO,022362
RO,022363
RO,022364
RO,022365
RO,022371
RO,022372
RO,022373
RO,022374
RO,022375
RO,022376
RO,022377
RO,022378
RO,022381
RO,022382
RO,022383
RO,022384
RO,022391
RO,022392
RO,022393
RO,022394
RO,022395
RO,022401
RO,022402
RO,022403
RO,022404
RO,022405
RO,022406
RO,022411
RO,022412
RO,022413
RO,022414
RO,022415
RO,022416
RO,022417
RO,022418
RO,022421
RO,022422
RO,022423
RO,022424
RO,022425
RO,022426
RO,022427
RO,022431
RO,022432
RO,022433
RO,022434
RO,022435
RO,022441
RO,022442
RO,022443
RO,022444
RO,022445
RO,022446
RO,022447
RO,022448
RO,022451
RO,022452
RO,022453
RO,022454
RO,022455
RO,022456
RO,022461
RO,022462
RO,022501
RO,022502
RO,022503
RO,022504
RO,022511
RO,022512
RO,022513
RO,022514
RO,022515
RO,022516
RO,022521
RO,022522
RO,022523
RO,022524
RO,022525
RO,022526
RO,022527
RO,022528
RO,022529
RO,022531
RO,022532
RO,022533
RO,022534
RO,022535
RO,022536
RO,022537
RO,022538
RO,022541
RO,022542
RO,022543
RO,022544
RO,022545
RO,022546
RO,022547
RO,022548
RO,022551
RO,022552
RO,022553
RO,022554
RO,022555
RO,022556
RO,022561
RO,022562
RO,022563
RO,022564
RO,022565
RO,022566
RO,022567
RO,022568
RO,022571
RO,022572
RO,022573
RO,022574
RO,022575
RO,022576
RO,022577
RO,022578
RO,022581
RO,022582
RO,022583
RO,022584
RO,022585
RO,022586
RO,022587
RO,022588
RO,022591
RO,022592
RO,022593
RO,022594
RO,022595
RO,022596
RO,022597
RO,022598
RO,022601
RO,022602
RO,022603
RO,022604
RO,022611
RO,022612
RO,022613
RO,022614
RO,022615
RO,022616
RO,022617
RO,022618
RO,022619
RO,022621
RO,022622
RO,022623
RO,022624
RO,022625
RO,022626
RO,022627
RO,022628
RO,022629
RO,022631
RO,022632
RO,022633
RO,022634
RO,022635
RO,022636
RO,022637
RO,022638
RO,022639
RO,022641
RO,022642
RO,022643
RO,022644
RO,022645
RO,022646
RO,022647
RO,022648
RO,022649
RO,022651
RO,022652
RO,022653
RO,022654
RO,022655
RO,022656
RO,022657
RO,022658
RO,022659
RO,022661
RO,022662
RO,022663
RO,022664
RO,022665
RO,022666
RO,022671
RO,022672
RO,022673
RO,022674
RO,022675
RO,022676
RO,022681
RO,022682
RO,022683
RO,022684
RO,022685
RO,022686
RO,022687
RO,022688
RO,022689
RO,022691
RO,022692
RO,022693
RO,022694
RO,022695
RO,022696
RO,022697
RO,022698
RO,022699
RO,022701
RO,022702
RO,022703
RO,022704
RO,022705
RO,022706
RO,022707
RO,022708
RO,022709
RO,022711
RO,022712
RO,022713
RO,022714
RO,022715
RO,022716
RO,022717
RO,022718
RO,022721
RO,022722
RO,022723
RO,022724
RO,022725
RO,022726
RO,022727
RO,022731
RO,022732
RO,022733
RO,022734
RO,022735
RO,022736
RO,022737
RO,022738
RO,022739
RO,022741
RO,022742
RO,022743
RO,022744
RO,022745
RO,022746
RO,022751
RO,022752
RO,022753
RO,022754
RO,022755
RO,022756
RO,022761
RO,022762
RO,022763
RO,022764
RO,022765
RO,022766
RO,022767
RO,022768
RO,022769
RO,022771
RO,022772
RO,022773
RO,022774
RO,022775
RO,022776
RO,022777
RO,022781
RO,022782
RO,022783
RO,022784
RO,022785
RO,022791
RO,022792
RO,022793
RO,022794
RO,022795
RO,022796
RO,022801
RO,022802
RO,022803
RO,022804
RO,022805
RO,022806
RO,022811
RO,022812
RO,022813
RO,022814
RO,022815
RO,022816
RO,022817
RO,022821
RO,022822
RO,022823
RO,022824
RO,022825
RO,022826
RO,022831
RO,022832
RO,022833
RO,022834
RO,022835
RO,022836
RO,022837
RO,022838
RO,022839
RO,022841
RO,022842
RO,022843
RO,022844
RO,022845
RO,022846
RO,022847
RO,022848
RO,022851
RO,022852
RO,022853
RO,022854
RO,022855
RO,022861
RO,022862
RO,022863
RO,022864
RO,022865
RO,022866
RO,022871
RO,022872
RO,022873
RO,022874
RO,022875
RO,022881
RO,022882
RO,022883
RO,022884
RO,022885
RO,022886
RO,022887
RO,022891
RO,022892
RO,022893
RO,022894
RO,022895
RO,022896
RO,022897
RO,022898
RO,022899
RO,022901
RO,022902
RO,022903
RO,022904
RO,022905
RO,022906
RO,022907
RO,022911
RO,022912
RO,022913
RO,022914
RO,022915
RO,022916
RO,022921
RO,022922
RO,022923
RO,022924
RO,022925
RO,022926
RO,022927
RO,022928
RO,022931
RO,022932
RO,022933
RO,022934
RO,022935
RO,022936
RO,022941
RO,022942
RO,022943
RO,022944
RO,022945
RO,022946
RO,022947
RO,022948
RO,022949
RO,022951
RO,022952
RO,022953
RO,022954
RO,022955
RO,022956
RO,022957
RO,022958
RO,022959
RO,022961
RO,022962
RO,022963
RO,022964
RO,022965
RO,022966
RO,022967
RO,022968
RO,022969
RO,022971
RO,022972
RO,022973
RO,022974
RO,022975
RO,022976
RO,022977
RO,022978
RO,022981
RO,022982
RO,022983
RO,022984
RO,022985
RO,022986
RO,022987
RO,022988
RO,022989
RO,022991
RO,022992
RO,022993
RO,022994
RO,022995
RO,022996
RO,022997
RO,022998
RO,022999
RO,023011
RO,023012
RO,023013
RO,023014
RO,023015
RO,023016
RO,023021
RO,023022
RO,023023
RO,023024
RO,023025
RO,023031
RO,023032
RO,023033
RO,023034
RO,023035
RO,023041
RO,023042
RO,023043
RO,023044
RO,023045
RO,023046
RO,023047
RO,023048
RO,023049
RO,023051
RO,023052
RO,023053
RO,023054
RO,023055
RO,023056
RO,023057
RO,023058
RO,023061
RO,023062
RO,023063
RO,023064
RO,023065
RO,023066
RO,023067
RO,023068
RO,023069
RO,023071
RO,023072
RO,023073
RO,023074
RO,023075
RO,023076
RO,023077
RO,023078
RO,023081
RO,023082
RO,023083
RO,023084
RO,023085
RO,023086
RO,023087
RO,023088
RO,023091
RO,023092
RO,023093
RO,023094
RO,023095
RO,023096
RO,023101
RO,023102
RO,023103
RO,023104
RO,023105
RO,023106
RO,023107
RO,023108
RO,023111
RO,023112
RO,023113
RO,023114
RO,023115
RO,023116
RO,023117
RO,023118
RO,023121
RO,023122
RO,023123
RO,023124
RO,023125
RO,023126
RO,023127
RO,023128
RO,023131
RO,023132
RO,023133
RO,023134
RO,023135
RO,023136
RO,023137
RO,023138
RO,023139
RO,023141
RO,023142
RO,023143
RO,023144
RO,023145
RO,023146
RO,023151
RO,023152
RO,023153
RO,023154
RO,023155
RO,023156
RO,023161
RO,023162
RO,023163
RO,023164
RO,023165
RO,023166
RO,023167
RO,023168
RO,023171
RO,023172
RO,023173
RO,023174
RO,023175
RO,023176
RO,023177
RO,023251
RO,023252
RO,023253
RO,023254
RO,023255
RO,023256
RO,023257
RO,023258
RO,023261
RO,023262
RO,023263
RO,023264
RO,023265
RO,023266
RO,023267
RO,023268
RO,023271
RO,023272
RO,023273
RO,023274
RO,023275
RO,023276
RO,023277
RO,023281
RO,023282
RO,023283
RO,023284
RO,023285
RO,023286
RO,023287
RO,023291
RO,023292
RO,023293
RO,023294
RO,023295
RO,023296
RO,023301
RO,023302
RO,023303
RO,023304
RO,023305
RO,023306
RO,023307
RO,023308
RO,023309
RO,023311
RO,023312
RO,023313
RO,023314
RO,023321
RO,023322
RO,023323
RO,023324
RO,023325
RO,023326
RO,023331
RO,023332
RO,023333
RO,023334
RO,023335
RO,023336
RO,023337
RO,023338
RO,023341
RO,023342
RO,023343
RO,023344
RO,023345
RO,023346
RO,023351
RO,023352
RO,023353
RO,023354
RO,023355
RO,023356
RO,023361
RO,023362
RO,023363
RO,023364
RO,023365
RO,023371
RO,023372
RO,023373
RO,023381
RO,023382
RO,023383
RO,023384
RO,023385
RO,023386
RO,023387
RO,023388
RO,023391
RO,023392
RO,023393
RO,023394
RO,023395
RO,023396
RO,023397
RO,023401
RO,023402
RO,023403
RO,023404
RO,023405
RO,023406
RO,023407
RO,023408
RO,023409
RO,023411
RO,023412
RO,023413
RO,023414
RO,023415
RO,023416
RO,023421
RO,023422
RO,023423
RO,023424
RO,023425
RO,023426
RO,023427
RO,023431
RO,023432
RO,023433
RO,023434
RO,023435
RO,023436
RO,023437
RO,023438
RO,023441
RO,023442
RO,023443
RO,023444
RO,023445
RO,023446
RO,023447
RO,023448
RO,023451
RO,023452
RO,023453
RO,023454
RO,023455
RO,023461
RO,023462
RO,023463
RO,023464
RO,023465
RO,023466
RO,023467
RO,023468
RO,023471
RO,023472
RO,023473
RO,023474
RO,023475
RO,023476
RO,023477
RO,023478
RO,023481
RO,023482
RO,023483
RO,023484
RO,023485
RO,023486
RO,023487
RO,023488
RO,023491
RO,023492
RO,023493
RO,023494
RO,023495
RO,023496
RO,023497
RO,023498
RO,023551
RO,023552
RO,023553
RO,023554
RO,023555
RO,023556
RO,023557
RO,023561
RO,023562
RO,023563
RO,023564
RO,023565
RO,023566
RO,023567
RO,023568
RO,023569
RO,023571
RO,023572
RO,023573
RO,023574
RO,023575
RO,023581
RO,023582
RO,023583
RO,023584
RO,023585
RO,023586
RO,023587
RO,023588
RO,023589
RO,023591
RO,023592
RO,023593
RO,023594
RO,023595
RO,023596
RO,023601
RO,023602
RO,023603
RO,023604
RO,023605
RO,023611
RO,023612
RO,023613
RO,023614
RO,023615
RO,023621
RO,023622
RO,023623
RO,023624
RO,023626
RO,023627
RO,023628
RO,023631
RO,023632
RO,023633
RO,023634
RO,023635
RO,023636
RO,023637
RO,023638
RO,023641
RO,023642
RO,023643
RO,023644
RO,023645
RO,023646
RO,023647
RO,023651
RO,023652
RO,023653
RO,023654
RO,023655
RO,023656
RO,023661
RO,023662
RO,023664
RO,023665
RO,023666
RO,023667
RO,023668
RO,023669
RO,023671
RO,023672
RO,023673
RO,023674
RO,023675
RO,023676
RO,023677
RO,023678
RO,023679
RO,023681
RO,023682
RO,023683
RO,023684
RO,023685
RO,023686
RO,023687
RO,023691
RO,023692
RO,023693
RO,023694
RO,023701
RO,023702
RO,023703
RO,023704
RO,023705
RO,023706
RO,023707
RO,023708
RO,023709
RO,023711
RO,023712
RO,023713
RO,023714
RO,023715
RO,023716
RO,023717
RO,023719
RO,023721
RO,023722
RO,023723
RO,023724
RO,023725
RO,023726
RO,023727
RO,023728
RO,023729
RO,023731
RO,023732
RO,023733
RO,023734
RO,023735
RO,023736
RO,023737
RO,023738
RO,023741
RO,023742
RO,023743
RO,023744
RO,023745
RO,023746
RO,023747
RO,023748
RO,023749
RO,023751
RO,023752
RO,023753
RO,023754
RO,023755
RO,023756
RO,023757
RO,023758
RO,023759
RO,023761
RO,023762
RO,023763
RO,023764
RO,023765
RO,023766
RO,023771
RO,023772
RO,023773
RO,023774
RO,023775
RO,023776
RO,023781
RO,023782
RO,023783
RO,023784
RO,023785
RO,023786
RO,023787
RO,023788
RO,023789
RO,023791
RO,023792
RO,023793
RO,023794
RO,023795
RO,023796
RO,023797
RO,023798
RO,023801
RO,023802
RO,023803
RO,023804
RO,023805
RO,023806
RO,023807
RO,023808
RO,023811
RO,023812
RO,023813
RO,023814
RO,023815
RO,023816
RO,023817
RO,023818
RO,023821
RO,023822
RO,023823
RO,023824
RO,023825
RO,023826
RO,023827
RO,023828
RO,023831
RO,023832
RO,023833
RO,023834
RO,023835
RO,023836
RO,023841
RO,023842
RO,023843
RO,023844
RO,023845
RO,023846
RO,023847
RO,023848
RO,023849
RO,023851
RO,023852
RO,023853
RO,023854
RO,023855
RO,023856
RO,023857
RO,023858
RO,023861
RO,023862
RO,023863
RO,023864
RO,023865
RO,023866
RO,023867
RO,023868
RO,023871
RO,023872
RO,023873
RO,023874
RO,023875
RO,023876
RO,023877
RO,023878
RO,023881
RO,023882
RO,023883
RO,023884
RO,023885
RO,023886
RO,023951
RO,023952
RO,023953
RO,023954
RO,023955
RO,023956
RO,023957
RO,023958
RO,023959
RO,023961
RO,023962
RO,023963
RO,023964
RO,023965
RO,023966
RO,023971
RO,023972
RO,023973
RO,023974
RO,023975
RO,023976
RO,023977
RO,023981
RO,023982
RO,023983
RO,023984
RO,023985
RO,023986
RO,023991
RO,023992
RO,023993
RO,023994
RO,023995
RO,023996
RO,023997
RO,023998
RO,024011
RO,024012
RO,024013
RO,024014
RO,024015
RO,024021
RO,024022
RO,024023
RO,024024
RO,024025
RO,024026
RO,024031
RO,024032
RO,024033
RO,024034
RO,024035
RO,024036
RO,024037
RO,024038
RO,024041
RO,024042
RO,024043
RO,024044
RO,024045
RO,024046
RO,024047
RO,024048
RO,024049
RO,024051
RO,024052
RO,024053
RO,024054
RO,024055
RO,024056
RO,024057
RO,024058
RO,024059
RO,024061
RO,024062
RO,024063
RO,024064
RO,024065
RO,024066
RO,024071
RO,024072
RO,024073
RO,024074
RO,024075
RO,024076
RO,024077
RO,024078
RO,024079
RO,024081
RO,024082
RO,024083
RO,024084
RO,024085
RO,024086
RO,024087
RO,024091
RO,024092
RO,024093
RO,024094
RO,024095
RO,024096
RO,024097
RO,024098
RO,024101
RO,024102
RO,024103
RO,024104
RO,024105
RO,024106
RO,024107
RO,030011
RO,030012
RO,030013
RO,030014
RO,030015
RO,030016
RO,030017
RO,030018
RO,030019
RO,030021
RO,030022
RO,030023
RO,030024
RO,030025
RO,030026
RO,030027
RO,030028
RO,030029
RO,030031
RO,030032
RO,030033
RO,030034
RO,030035
RO,030036
RO,030037
RO,030038
RO,030039
RO,030041
RO,030042
RO,030043
RO,030044
RO,030045
RO,030046
RO,030047
RO,030051
RO,030052
RO,030053
RO,030054
RO,030055
RO,030056
RO,030057
RO,030058
RO,030061
RO,030062
RO,030063
RO,030064
RO,030065
RO,030066
RO,030067
RO,030068
RO,030069
RO,030071
RO,030072
RO,030073
RO,030074
RO,030075
RO,030076
RO,030077
RO,030078
RO,030079
RO,030081
RO,030082
RO,030083
RO,030084
RO,030085
RO,030086
RO,030087
RO,030088
RO,030089
RO,030091
RO,030092
RO,030093
RO,030094
RO,030095
RO,030096
RO,030097
RO,030098
RO,030099
RO,030101
RO,030102
RO,030103
RO,030104
RO,030105
RO,030106
RO,030107
RO,030108
RO,030109
RO,030111
RO,030112
RO,030113
RO,030114
RO,030115
RO,030116
RO,030117
RO,030118
RO,030119
RO,030121
RO,030122
RO,030123
RO,030124
RO,030125
RO,030126
RO,030127
RO,030128
RO,030131
RO,030132
RO,030133
RO,030134
RO,030135
RO,030136
RO,030137
RO,030138
RO,030139
RO,030140
RO,030141
RO,030142
RO,030143
RO,030144
RO,030145
RO,030146
RO,030147
RO,030148
RO,030149
RO,030151
RO,030152
RO,030153
RO,030161
RO,030162
RO,030163
RO,030164
RO,030165
RO,030166
RO,030167
RO,030168
RO,030171
RO,030172
RO,030173
RO,030174
RO,030175
RO,030176
RO,030177
RO,030181
RO,030182
RO,030183
RO,030184
RO,030185
RO,030186
RO,030187
RO,030188
RO,030191
RO,030192
RO,030193
RO,030194
RO,030195
RO,030196
RO,030197
RO,030198
RO,030201
RO,030202
RO,030203
RO,030204
RO,030205
RO,030206
RO,030207
RO,030211
RO,030212
RO,030213
RO,030214
RO,030215
RO,030216
RO,030217
RO,030218
RO,030221
RO,030222
RO,030231
RO,030232
RO,030233
RO,030234
RO,030235
RO,030236
RO,030237
RO,030238
RO,030239
RO,030241
RO,030242
RO,030243
RO,030244
RO,030245
RO,030246
RO,030247
RO,030251
RO,030252
RO,030253
RO,030254
RO,030255
RO,030256
RO,030301
RO,030302
RO,030303
RO,030304
RO,030305
RO,030306
RO,030307
RO,030308
RO,030309
RO,030311
RO,030312
RO,030313
RO,030314
RO,030315
RO,030316
RO,030317
RO,030318
RO,030319
RO,030321
RO,030322
RO,030323
RO,030324
RO,030325
RO,030326
RO,030327
RO,030328
RO,030329
RO,030331
RO,030332
RO,030333
RO,030334
RO,030335
RO,030336
RO,030337
RO,030341
RO,030342
RO,030343
RO,030351
RO,030352
RO,030353
RO,030354
RO,030355
RO,030356
RO,030357
RO,030358
RO,030361
RO,030362
RO,030363
RO,030364
RO,030365
RO,030366
RO,030367
RO,030368
RO,030371
RO,030372
RO,030373
RO,030374
RO,030375
RO,030376
RO,030377
RO,030381
RO,030382
RO,030383
RO,030384
RO,030391
RO,030392
RO,030393
RO,030394
RO,030395
RO,030396
RO,030397
RO,030398
RO,030401
RO,030402
RO,030403
RO,030404
RO,030405
RO,030406
RO,030407
RO,030408
RO,030411
RO,030412
RO,030413
RO,030414
RO,030421
RO,030422
RO,030423
RO,030424
RO,030425
RO,030426
RO,030427
RO,030428
RO,030429
RO,030431
RO,030432
RO,030433
RO,030434
RO,030435
RO,030436
RO,030437
RO,030438
RO,030441
RO,030442
RO,030443
RO,030444
RO,030445
RO,030446
RO,030447
RO,030448
RO,030451
RO,030452
RO,030453
RO,030454
RO,030455
RO,030456
RO,030457
RO,030461
RO,030462
RO,030463
RO,030464
RO,030465
RO,030466
RO,030467
RO,030471
RO,030472
RO,030473
RO,030474
RO,030475
RO,030476
RO,030481
RO,030482
RO,030483
RO,030484
RO,030491
RO,030492
RO,030493
RO,030494
RO,030495
RO,030501
RO,030502
RO,030503
RO,030504
RO,030505
RO,030506
RO,030507
RO,030508
RO,030551
RO,030552
RO,030553
RO,030554
RO,030555
RO,030556
RO,030561
RO,030562
RO,030563
RO,030564
RO,030565
RO,030571
RO,030572
RO,030573
RO,030574
RO,030575
RO,030576
RO,030577
RO,030581
RO,030582
RO,030583
RO,030584
RO,030591
RO,030592
RO,030593
RO,030594
RO,030595
RO,030596
RO,030601
RO,030602
RO,030603
RO,030604
RO,030605
RO,030606
RO,030607
RO,030608
RO,030611
RO,030612
RO,030613
RO,030614
RO,030615
RO,030616
RO,030617
RO,030618
RO,030619
RO,030621
RO,030622
RO,030623
RO,030624
RO,030625
RO,030626
RO,030627
RO,030628
RO,030629
RO,030631
RO,030632
RO,030633
RO,030634
RO,030641
RO,030642
RO,030645
RO,030646
RO,030647
RO,030651
RO,030652
RO,030653
RO,030654
RO,030655
RO,030656
RO,030657
RO,030658
RO,030661
RO,030662
RO,030663
RO,030664
RO,030665
RO,030666
RO,030667
RO,030668
RO,030669
RO,030671
RO,030672
RO,030673
RO,030674
RO,030675
RO,030676
RO,030677
RO,030678
RO,030679
RO,030681
RO,030682
RO,030683
RO,030684
RO,030685
RO,030686
RO,030687
RO,030688
RO,030689
RO,030691
RO,030692
RO,030693
RO,030694
RO,030695
RO,030696
RO,030697
RO,030698
RO,030701
RO,030702
RO,030703
RO,030704
RO,030705
RO,030706
RO,030707
RO,030708
RO,030709
RO,030711
RO,030712
RO,030713
RO,030714
RO,030715
RO,030716
RO,030717
RO,030718
RO,030719
RO,030771
RO,030772
RO,030773
RO,030774
RO,030775
RO,030776
RO,030777
RO,030781
RO,030782
RO,030783
RO,030784
RO,030785
RO,030786
RO,030787
RO,030788
RO,030789
RO,030791
RO,030792
RO,030793
RO,030794
RO,030795
RO,030796
RO,030801
RO,030802
RO,030803
RO,030804
RO,030805
RO,030806
RO,030811
RO,030812
RO,030813
RO,030814
RO,030815
RO,030816
RO,030817
RO,030818
RO,030819
RO,030821
RO,030822
RO,030823
RO,030824
RO,030825
RO,030826
RO,030827
RO,030828
RO,030829
RO,030831
RO,030832
RO,030833
RO,030834
RO,030835
RO,030836
RO,030837
RO,030841
RO,030842
RO,030843
RO,030844
RO,030845
RO,030851
RO,030852
RO,030853
RO,030854
RO,030855
RO,030856
RO,030857
RO,030858
RO,030859
RO,030861
RO,030862
RO,030863
RO,030864
RO,030865
RO,030866
RO,030871
RO,030872
RO,030873
RO,030874
RO,030881
RO,030882
RO,030883
RO,030884
RO,030885
RO,030886
RO,030887
RO,030891
RO,030892
RO,030893
RO,030894
RO,030895
RO,030896
RO,030897
RO,030901
RO,030902
RO,030903
RO,030904
RO,030905
RO,030911
RO,030912
RO,030913
RO,030914
RO,030915
RO,030916
RO,030917
RO,030921
RO,030922
RO,030923
RO,030924
RO,030925
RO,030926
RO,030927
RO,030928
RO,030929
RO,030931
RO,030932
RO,030933
RO,030934
RO,030935
RO,030936
RO,030937
RO,030938
RO,030939
RO,030941
RO,030942
RO,030943
RO,030944
RO,030945
RO,030946
RO,030951
RO,030952
RO,030953
RO,030954
RO,030955
RO,030956
RO,030961
RO,030962
RO,030963
RO,030964
RO,030965
RO,030966
RO,030967
RO,030968
RO,030969
RO,030971
RO,030981
RO,030982
RO,030983
RO,030984
RO,030985
RO,030986
RO,030987
RO,030991
RO,030992
RO,030993
RO,030994
RO,030995
RO,030996
RO,030997
RO,030998
RO,031011
RO,031012
RO,031013
RO,031014
RO,031015
RO,031016
RO,031021
RO,031022
RO,031023
RO,031024
RO,031025
RO,031031
RO,031032
RO,031033
RO,031034
RO,031041
RO,031042
RO,031043
RO,031044
RO,031045
RO,031046
RO,031051
RO,031052
RO,031053
RO,031054
RO,031055
RO,031056
RO,031057
RO,031058
RO,031059
RO,031061
RO,031062
RO,031063
RO,031064
RO,031065
RO,031066
RO,031067
RO,031068
RO,031069
RO,031071
RO,031072
RO,031073
RO,031074
RO,031081
RO,031082
RO,031083
RO,031084
RO,031085
RO,031086
RO,031087
RO,031088
RO,031091
RO,031092
RO,031093
RO,031094
RO,031095
RO,031096
RO,031097
RO,031098
RO,031101
RO,031102
RO,031103
RO,031104
RO,031105
RO,031106
RO,031107
RO,031108
RO,031109
RO,031111
RO,031112
RO,031113
RO,031114
RO,031115
RO,031121
RO,031122
RO,031123
RO,031124
RO,031125
RO,031126
RO,031131
RO,031132
RO,031133
RO,031134
RO,031135
RO,031136
RO,031137
RO,031141
RO,031142
RO,031143
RO,031144
RO,031145
RO,031146
RO,031147
RO,031148
RO,031149
RO,031151
RO,031152
RO,031153
RO,031154
RO,031155
RO,031156
RO,031157
RO,031158
RO,031159
RO,031161
RO,031162
RO,031163
RO,031164
RO,031165
RO,031166
RO,031167
RO,031168
RO,031169
RO,031171
RO,031172
RO,031173
RO,031174
RO,031175
RO,031176
RO,031177
RO,031178
RO,031179
RO,031181
RO,031182
RO,031183
RO,031184
RO,031185
RO,031186
RO,031187
RO,031191
RO,031192
RO,031193
RO,031194
RO,031195
RO,031196
RO,031197
RO,031201
RO,031202
RO,031203
RO,031204
RO,031205
RO,031206
RO,031207
RO,031208
RO,031211
RO,031212
RO,031213
RO,031214
RO,031215
RO,031216
RO,031217
RO,031221
RO,031222
RO,031223
RO,031224
RO,031225
RO,031226
RO,031227
RO,031228
RO,031229
RO,031231
RO,031232
RO,031233
RO,031234
RO,031235
RO,031236
RO,031241
RO,031242
RO,031243
RO,031244
RO,031245
RO,031246
RO,031247
RO,031248
RO,031249
RO,031251
RO,031252
RO,031253
RO,031254
RO,031255
RO,031256
RO,031257
RO,031258
RO,031261
RO,031262
RO,031263
RO,031264
RO,031265
RO,031266
RO,031267
RO,031271
RO,031272
RO,031273
RO,031274
RO,031275
RO,031276
RO,031277
RO,031278
RO,031279
RO,031281
RO,031282
RO,031283
RO,031284
RO,031285
RO,031286
RO,031287
RO,031288
RO,031289
RO,031291
RO,031292
RO,031293
RO,031294
RO,031295
RO,031296
RO,031297
RO,031298
RO,031299
RO,031301
RO,031302
RO,031303
RO,031305
RO,031306
RO,031307
RO,031308
RO,031309
RO,031311
RO,031312
RO,031313
RO,031314
RO,031315
RO,031316
RO,031317
RO,031318
RO,031321
RO,031322
RO,031323
RO,031324
RO,031325
RO,031326
RO,031327
RO,031328
RO,031329
RO,031331
RO,031332
RO,031333
RO,031334
RO,031401
RO,031402
RO,031403
RO,031404
RO,031405
RO,031406
RO,031407
RO,031408
RO,031409
RO,031411
RO,031412
RO,031413
RO,031414
RO,031415
RO,031416
RO,031421
RO,031422
RO,031423
RO,031424
RO,031425
RO,031426
RO,031427
RO,031428
RO,031429
RO,031431
RO,031432
RO,031433
RO,031441
RO,031442
RO,031443
RO,031444
RO,031445
RO,031446
RO,031451
RO,031452
RO,031453
RO,031454
RO,031455
RO,031456
RO,031457
RO,031461
RO,031462
RO,031463
RO,031464
RO,031465
RO,031466
RO,031467
RO,031471
RO,031472
RO,031473
RO,031474
RO,031475
RO,031476
RO,031477
RO,031478
RO,031481
RO,031482
RO,031483
RO,031484
RO,031485
RO,031491
RO,031492
RO,031493
RO,031494
RO,031495
RO,031496
RO,031501
RO,031502
RO,031503
RO,031504
RO,031505
RO,031506
RO,031507
RO,031508
RO,031509
RO,031511
RO,031512
RO,031513
RO,031514
RO,031515
RO,031517
RO,031518
RO,031519
RO,031521
RO,031522
RO,031523
RO,031524
RO,031525
RO,031526
RO,031527
RO,031528
RO,031531
RO,031532
RO,031533
RO,031534
RO,031535
RO,031536
RO,031537
RO,031538
RO,031539
RO,031541
RO,031542
RO,031543
RO,031551
RO,031552
RO,031553
RO,031554
RO,031555
RO,031556
RO,031561
RO,031562
RO,031563
RO,031564
RO,031565
RO,031566
RO,031571
RO,031572
RO,031573
RO,031574
RO,031575
RO,031581
RO,031582
RO,031583
RO,031584
RO,031585
RO,031591
RO,031592
RO,031593
RO,031594
RO,031595
RO,031596
RO,031597
RO,031598
RO,031601
RO,031602
RO,031603
RO,031604
RO,031605
RO,031606
RO,031611
RO,031612
RO,031613
RO,031614
RO,031615
RO,031621
RO,031622
RO,031623
RO,031624
RO,031625
RO,031626
RO,031627
RO,031628
RO,031629
RO,031631
RO,031632
RO,031633
RO,031634
RO,031641
RO,031642
RO,031643
RO,031644
RO,031645
RO,031646
RO,031647
RO,031648
RO,031651
RO,031652
RO,031653
RO,031654
RO,031655
RO,031661
RO,031662
RO,031663
RO,031664
RO,031665
RO,031666
RO,031667
RO,031668
RO,031669
RO,031671
RO,031672
RO,031673
RO,031681
RO,031682
RO,031683
RO,031684
RO,031685
RO,031691
RO,031692
RO,031693
RO,031694
RO,031695
RO,031696
RO,031697
RO,031701
RO,031702
RO,031703
RO,031704
RO,031711
RO,031712
RO,031713
RO,031714
RO,031715
RO,031716
RO,031717
RO,031718
RO,031719
RO,031721
RO,031722
RO,031723
RO,031724
RO,031725
RO,031726
RO,031731
RO,031732
RO,031733
RO,031734
RO,031735
RO,031736
RO,031737
RO,031738
RO,031739
RO,031741
RO,031742
RO,031743
RO,031744
RO,031745
RO,031746
RO,031747
RO,031748
RO,031749
RO,031751
RO,031752
RO,031753
RO,031754
RO,031755
RO,031756
RO,031757
RO,031758
RO,031759
RO,031761
RO,031762
RO,031763
RO,031764
RO,031771
RO,031772
RO,031773
RO,031774
RO,031775
RO,031776
RO,031777
RO,031778
RO,031779
RO,031781
RO,031782
RO,031783
RO,031784
RO,031785
RO,031786
RO,031787
RO,031788
RO,031789
RO,031791
RO,031792
RO,031793
RO,031801
RO,031802
RO,031803
RO,031804
RO,031805
RO,031806
RO,031807
RO,031808
RO,031809
RO,031811
RO,031812
RO,031813
RO,031814
RO,031815
RO,031816
RO,031817
RO,031818
RO,031821
RO,031822
RO,031823
RO,031824
RO,031825
RO,031826
RO,031827
RO,031828
RO,031831
RO,031832
RO,031833
RO,031834
RO,031835
RO,031836
RO,031837
RO,031838
RO,031839
RO,031841
RO,031842
RO,031843
RO,031844
RO,031845
RO,031846
RO,031847
RO,031848
RO,031849
RO,031851
RO,031852
RO,031853
RO,031854
RO,031855
RO,031856
RO,031861
RO,031862
RO,031863
RO,031864
RO,031865
RO,031866
RO,031867
RO,031868
RO,031871
RO,031872
RO,031873
RO,031874
RO,031875
RO,031876
RO,031877
RO,031878
RO,031879
RO,031881
RO,031882
RO,031883
RO,031884
RO,031891
RO,031892
RO,031893
RO,031894
RO,031895
RO,031901
RO,031902
RO,031903
RO,031904
RO,031905
RO,031906
RO,031907
RO,031908
RO,031909
RO,031911
RO,031912
RO,031913
RO,031914
RO,031915
RO,031916
RO,031917
RO,031918
RO,031921
RO,031922
RO,031923
RO,031924
RO,031925
RO,031926
RO,031931
RO,031932
RO,031933
RO,031934
RO,031935
RO,031936
RO,031941
RO,031942
RO,031943
RO,031944
RO,031945
RO,031946
RO,031947
RO,031948
RO,031949
RO,032011
RO,032012
RO,032013
RO,032014
RO,032015
RO,032016
RO,032017
RO,032018
RO,032019
RO,032021
RO,032022
RO,032023
RO,032024
RO,032031
RO,032032
RO,032033
RO,032034
RO,032035
RO,032041
RO,032042
RO,032043
RO,032044
RO,032045
RO,032046
RO,032047
RO,032048
RO,032049
RO,032051
RO,032052
RO,032053
RO,032054
RO,032055
RO,032056
RO,032061
RO,032062
RO,032063
RO,032064
RO,032065
RO,032066
RO,032067
RO,032068
RO,032071
RO,032072
RO,032073
RO,032074
RO,032075
RO,032076
RO,032077
RO,032078
RO,032079
RO,032081
RO,032082
RO,032083
RO,032084
RO,032085
RO,032086
RO,032087
RO,032088
RO,032089
RO,032091
RO,032092
RO,032093
RO,032094
RO,032095
RO,032096
RO,032097
RO,032098
RO,032099
RO,032101
RO,032102
RO,032103
RO,032104
RO,032105
RO,032106
RO,032107
RO,032108
RO,032109
RO,032111
RO,032112
RO,032113
RO,032114
RO,032115
RO,032116
RO,032121
RO,032122
RO,032123
RO,032124
RO,032125
RO,032126
RO,032127
RO,032131
RO,032132
RO,032133
RO,032134
RO,032135
RO,032136
RO,032137
RO,032138
RO,032141
RO,032142
RO,032143
RO,032144
RO,032145
RO,032146
RO,032147
RO,032148
RO,032149
RO,032151
RO,032152
RO,032153
RO,032154
RO,032155
RO,032156
RO,032157
RO,032158
RO,032159
RO,032161
RO,032162
RO,032163
RO,032164
RO,032165
RO,032166
RO,032167
RO,032168
RO,032171
RO,032172
RO,032173
RO,032174
RO,032251
RO,032252
RO,032253
RO,032254
RO,032255
RO,032256
RO,032257
RO,032258
RO,032261
RO,032262
RO,032263
RO,032264
RO,032265
RO,032266
RO,032267
RO,032271
RO,032272
RO,032273
RO,032274
RO,032275
RO,032281
RO,032282
RO,032283
RO,032284
RO,032285
RO,032291
RO,032292
RO,032293
RO,032294
RO,032295
RO,032296
RO,032301
RO,032302
RO,032303
RO,032304
RO,032305
RO,032306
RO,032307
RO,032308
RO,032309
RO,032311
RO,032312
RO,032313
RO,032314
RO,032315
RO,032316
RO,032317
RO,032318
RO,032319
RO,032321
RO,032322
RO,032323
RO,032324
RO,032325
RO,032326
RO,032327
RO,032328
RO,032329
RO,032331
RO,032332
RO,032333
RO,032334
RO,032335
RO,032336
RO,032337
RO,032338
RO,032339
RO,032341
RO,032342
RO,032343
RO,032344
RO,032345
RO,032346
RO,032347
RO,032348
RO,032349
RO,032351
RO,032352
RO,032353
RO,032354
RO,032355
RO,032356
RO,032357
RO,032358
RO,032359
RO,032361
RO,032362
RO,032363
RO,032364
RO,032365
RO,032366
RO,032367
RO,032368
RO,032369
RO,032371
RO,032372
RO,032373
RO,032374
RO,032375
RO,032376
RO,032377
RO,032378
RO,032381
RO,032382
RO,032383
RO,032384
RO,032385
RO,032386
RO,032387
RO,032388
RO,032389
RO,032391
RO,032392
RO,032393
RO,032394
RO,032395
RO,032396
RO,032401
RO,032402
RO,032403
RO,032404
RO,032405
RO,032411
RO,032412
RO,032413
RO,032414
RO,032415
RO,032421
RO,032422
RO,032423
RO,032424
RO,032425
RO,032426
RO,032427
RO,032428
RO,032429
RO,032431
RO,032432
RO,032433
RO,032434
RO,032435
RO,032436
RO,032437
RO,032441
RO,032442
RO,032443
RO,032444
RO,032445
RO,032446
RO,032447
RO,032448
RO,032449
RO,032451
RO,032452
RO,032453
RO,032454
RO,032455
RO,032456
RO,032457
RO,032458
RO,032459
RO,032461
RO,032462
RO,032463
RO,032464
RO,032465
RO,032466
RO,032467
RO,032468
RO,032469
RO,032471
RO,032472
RO,032473
RO,032474
RO,032475
RO,032481
RO,032482
RO,032483
RO,032484
RO,032485
RO,032486
RO,032487
RO,032488
RO,032489
RO,032491
RO,032492
RO,032493
RO,032494
RO,032495
RO,032496
RO,032497
RO,032498
RO,032499
RO,032501
RO,032502
RO,032503
RO,032504
RO,032505
RO,032506
RO,032507
RO,032511
RO,032512
RO,032513
RO,032514
RO,032521
RO,032522
RO,032523
RO,032524
RO,032525
RO,032526
RO,032531
RO,032532
RO,032533
RO,032534
RO,032535
RO,032536
RO,032537
RO,032538
RO,032539
RO,032541
RO,032542
RO,032543
RO,032544
RO,032545
RO,032546
RO,032547
RO,032551
RO,032552
RO,032553
RO,032554
RO,032555
RO,032556
RO,032561
RO,032562
RO,032563
RO,032564
RO,032565
RO,032566
RO,032567
RO,032568
RO,032571
RO,032572
RO,032573
RO,032574
RO,032575
RO,032576
RO,032577
RO,032578
RO,032579
RO,032581
RO,032582
RO,032583
RO,032584
RO,032585
RO,032591
RO,032592
RO,032593
RO,032594
RO,032595
RO,032596
RO,032597
RO,032601
RO,032602
RO,032603
RO,032604
RO,032605
RO,032606
RO,032607
RO,032608
RO,032609
RO,032611
RO,032612
RO,032613
RO,032621
RO,032622
RO,032623
RO,032624
RO,032625
RO,032701
RO,032702
RO,032703
RO,032704
RO,032705
RO,032706
RO,032707
RO,032708
RO,032709
RO,032711
RO,032712
RO,032713
RO,032714
RO,032715
RO,032716
RO,032717
RO,032718
RO,032719
RO,032721
RO,032722
RO,032723
RO,032724
RO,032725
RO,032726
RO,032727
RO,032728
RO,032729
RO,032731
RO,032732
RO,032733
RO,032734
RO,032735
RO,032736
RO,032737
RO,032741
RO,032742
RO,032743
RO,032744
RO,032745
RO,032746
RO,032747
RO,032748
RO,032749
RO,032751
RO,032752
RO,032753
RO,032754
RO,032755
RO,032756
RO,032757
RO,032758
RO,032761
RO,032762
RO,032763
RO,032764
RO,032765
RO,032766
RO,032767
RO,032768
RO,032769
RO,032771
RO,032772
RO,032773
RO,032774
RO,032775
RO,032776
RO,032777
RO,032778
RO,032781
RO,032782
RO,032783
RO,032784
RO,032785
RO,032786
RO,032787
RO,032791
RO,032792
RO,032793
RO,032794
RO,032795
RO,032796
RO,032797
RO,032798
RO,032799
RO,032801
RO,032802
RO,032803
RO,032804
RO,032811
RO,032812
RO,032813
RO,032814
RO,032851
RO,032852
RO,032853
RO,032854
RO,032855
RO,032856
RO,032861
RO,032862
RO,032863
RO,032864
RO,032865
RO,032866
RO,032867
RO,032868
RO,032871
RO,032872
RO,032873
RO,032874
RO,032875
RO,032876
RO,032877
RO,032881
RO,032882
RO,032883
RO,032884
RO,032885
RO,032886
RO,032891
RO,032892
RO,032893
RO,032894
RO,032895
RO,032896
RO,032897
RO,032898
RO,032899
RO,032901
RO,032902
RO,032903
RO,032904
RO,032905
RO,032911
RO,032912
RO,032913
RO,032914
RO,032915
RO,032916
RO,032917
RO,032918
RO,032921
RO,032922
RO,032923
RO,032924
RO,032925
RO,032926
RO,032927
RO,032928
RO,032929
RO,032931
RO,032932
RO,032933
RO,032934
RO,032935
RO,032936
RO,032941
RO,032942
RO,032943
RO,032944
RO,032945
RO,032946
RO,032947
RO,032948
RO,032949
RO,032951
RO,032952
RO,032953
RO,032954
RO,032955
RO,032961
RO,032962
RO,032963
RO,032964
RO,032965
RO,032966
RO,032967
RO,032968
RO,032971
RO,032972
RO,032973
RO,032974
RO,032975
RO,032976
RO,032977
RO,032978
RO,032981
RO,032982
RO,032983
RO,032984
RO,032985
RO,032986
RO,032987
RO,032988
RO,032991
RO,032992
RO,032993
RO,032994
RO,032995
RO,032996
RO,032997
RO,032998
RO,033011
RO,033012
RO,033013
RO,033014
RO,033015
RO,033021
RO,033022
RO,033023
RO,033024
RO,033025
RO,033026
RO,033027
RO,033028
RO,033029
RO,033031
RO,033032
RO,033033
RO,033034
RO,033035
RO,033036
RO,033037
RO,033038
RO,033041
RO,033042
RO,033043
RO,033044
RO,033045
RO,033046
RO,033047
RO,033048
RO,033049
RO,033051
RO,033052
RO,033053
RO,033054
RO,033055
RO,033056
RO,033061
RO,033062
RO,033063
RO,033064
RO,033065
RO,033066
RO,033067
RO,033068
RO,033071
RO,033072
RO,033073
RO,033074
RO,033075
RO,033076
RO,033077
RO,033078
RO,033079
RO,033081
RO,033082
RO,033083
RO,033084
RO,033085
RO,033086
RO,033091
RO,033092
RO,033093
RO,033094
RO,033101
RO,033102
RO,033103
RO,033104
RO,033105
RO,033106
RO,033107
RO,040011
RO,040012
RO,040021
RO,040022
RO,040023
RO,040031
RO,040032
RO,040033
RO,040034
RO,040035
RO,040036
RO,040037
RO,040038
RO,040039
RO,040041
RO,040042
RO,040043
RO,040051
RO,040052
RO,040053
RO,040054
RO,040055
RO,040056
RO,040057
RO,040058
RO,040059
RO,040061
RO,040062
RO,040063
RO,040064
RO,040065
RO,040066
RO,040067
RO,040068
RO,040069
RO,040071
RO,040072
RO,040073
RO,040074
RO,040081
RO,040091
RO,040092
RO,040093
RO,040094
RO,040095
RO,040096
RO,040101
RO,040102
RO,040103
RO,040104
RO,040105
RO,040106
RO,040107
RO,040111
RO,040112
RO,040113
RO,040114
RO,040115
RO,040116
RO,040117
RO,040118
RO,040119
RO,040121
RO,040122
RO,040123
RO,040124
RO,040125
RO,040126
RO,040127
RO,040128
RO,040129
RO,040131
RO,040132
RO,040133
RO,040134
RO,040135
RO,040136
RO,040141
RO,040142
RO,040143
RO,040144
RO,040145
RO,040146
RO,040147
RO,040151
RO,040152
RO,040153
RO,040154
RO,040155
RO,040156
RO,040157
RO,040161
RO,040162
RO,040163
RO,040164
RO,040165
RO,040166
RO,040171
RO,040172
RO,040173
RO,040174
RO,040175
RO,040176
RO,040177
RO,040178
RO,040179
RO,040181
RO,040182
RO,040183
RO,040184
RO,040185
RO,040191
RO,040192
RO,040193
RO,040194
RO,040195
RO,040196
RO,040197
RO,040198
RO,040199
RO,040201
RO,040202
RO,040203
RO,040204
RO,040205
RO,040206
RO,040207
RO,040208
RO,040211
RO,040212
RO,040213
RO,040214
RO,040215
RO,040216
RO,040217
RO,040218
RO,040219
RO,040221
RO,040222
RO,040223
RO,040231
RO,040232
RO,040233
RO,040234
RO,040235
RO,040236
RO,040237
RO,040238
RO,040241
RO,040242
RO,040243
RO,040244
RO,040245
RO,040246
RO,040247
RO,040251
RO,040252
RO,040253
RO,040254
RO,040255
RO,040256
RO,040257
RO,040261
RO,040262
RO,040263
RO,040264
RO,040265
RO,040266
RO,040267
RO,040268
RO,040269
RO,040271
RO,040272
RO,040273
RO,040274
RO,040275
RO,040276
RO,040277
RO,040278
RO,040281
RO,040282
RO,040283
RO,040284
RO,040285
RO,040286
RO,040287
RO,040288
RO,040289
RO,040291
RO,040292
RO,040293
RO,040294
RO,040295
RO,040296
RO,040297
RO,040298
RO,040301
RO,040302
RO,040303
RO,040304
RO,040305
RO,040306
RO,040307
RO,040308
RO,040309
RO,040311
RO,040312
RO,040313
RO,040314
RO,040315
RO,040316
RO,040317
RO,040321
RO,040322
RO,040323
RO,040324
RO,040325
RO,040326
RO,040327
RO,040328
RO,040331
RO,040332
RO,040333
RO,040334
RO,040335
RO,040336
RO,040337
RO,040341
RO,040342
RO,040343
RO,040344
RO,040345
RO,040346
RO,040347
RO,040348
RO,040349
RO,040351
RO,040352
RO,040353
RO,040354
RO,040361
RO,040362
RO,040363
RO,040364
RO,040365
RO,040366
RO,040367
RO,040371
RO,040372
RO,040373
RO,040374
RO,040375
RO,040376
RO,040377
RO,040378
RO,040381
RO,040382
RO,040383
RO,040384
RO,040385
RO,040386
RO,040391
RO,040392
RO,040393
RO,040394
RO,040395
RO,040396
RO,040401
RO,040402
RO,040403
RO,040404
RO,040405
RO,040406
RO,040407
RO,040408
RO,040409
RO,040411
RO,040412
RO,040413
RO,040414
RO,040415
RO,040421
RO,040422
RO,040423
RO,040424
RO,040425
RO,040426
RO,040427
RO,040428
RO,040429
RO,040431
RO,040432
RO,040433
RO,040434
RO,040435
RO,040436
RO,040437
RO,040438
RO,040439
RO,040441
RO,040442
RO,040443
RO,040444
RO,040501
RO,040502
RO,040503
RO,040504
RO,040505
RO,040506
RO,040507
RO,040508
RO,040509
RO,040511
RO,040512
RO,040513
RO,040514
RO,040521
RO,040522
RO,040523
RO,040524
RO,040525
RO,040526
RO,040531
RO,040532
RO,040541
RO,040542
RO,040543
RO,040544
RO,040545
RO,040546
RO,040547
RO,040548
RO,040551
RO,040552
RO,040553
RO,040554
RO,040555
RO,040556
RO,040557
RO,040558
RO,040561
RO,040562
RO,040563
RO,040564
RO,040565
RO,040566
RO,040567
RO,040568
RO,040571
RO,040572
RO,040573
RO,040574
RO,040575
RO,040576
RO,040581
RO,040582
RO,040583
RO,040584
RO,040585
RO,040586
RO,040587
RO,040588
RO,040589
RO,040591
RO,040592
RO,040593
RO,040594
RO,040595
RO,040651
RO,040652
RO,040653
RO,040654
RO,040655
RO,040656
RO,040657
RO,040658
RO,040659
RO,040661
RO,040662
RO,040663
RO,040664
RO,040665
RO,040666
RO,040667
RO,040671
RO,040672
RO,040673
RO,040674
RO,040675
RO,040676
RO,040677
RO,040678
RO,040679
RO,040681
RO,040682
RO,040683
RO,040684
RO,040691
RO,040692
RO,040693
RO,040694
RO,040695
RO,040696
RO,040697
RO,040698
RO,040701
RO,040702
RO,040703
RO,040704
RO,040705
RO,040706
RO,040707
RO,040708
RO,040711
RO,040712
RO,040713
RO,040714
RO,040715
RO,040716
RO,040717
RO,040718
RO,040719
RO,040721
RO,040722
RO,040723
RO,040724
RO,040725
RO,040726
RO,040727
RO,040728
RO,040729
RO,040731
RO,040732
RO,040733
RO,040734
RO,040735
RO,040736
RO,040741
RO,040742
RO,040743
RO,040744
RO,040745
RO,040746
RO,040747
RO,040748
RO,040749
RO,040751
RO,040752
RO,040753
RO,040754
RO,040755
RO,040756
RO,040757
RO,040758
RO,040759
RO,040761
RO,040762
RO,040763
RO,040764
RO,040765
RO,040766
RO,040767
RO,040771
RO,040772
RO,040773
RO,040774
RO,040775
RO,040776
RO,040777
RO,040778
RO,040779
RO,040781
RO,040782
RO,040783
RO,040784
RO,040785
RO,040786
RO,040787
RO,040791
RO,040792
RO,040793
RO,040794
RO,040795
RO,040796
RO,040797
RO,040798
RO,040799
RO,040801
RO,040802
RO,040803
RO,040804
RO,040805
RO,040806
RO,040807
RO,040811
RO,040812
RO,040813
RO,040814
RO,040821
RO,040822
RO,040823
RO,040824
RO,040825
RO,040826
RO,040827
RO,040828
RO,040829
RO,040831
RO,040832
RO,040833
RO,040834
RO,040835
RO,040841
RO,040842
RO,040843
RO,040844
RO,040845
RO,040846
RO,040847
RO,040851
RO,040852
RO,040853
RO,040854
RO,040861
RO,040862
RO,040863
RO,040864
RO,040865
RO,040866
RO,040867
RO,040871
RO,040872
RO,040873
RO,040874
RO,040881
RO,040882
RO,040883
RO,040884
RO,040885
RO,040886
RO,040887
RO,040888
RO,040889
RO,040891
RO,040892
RO,040893
RO,040894
RO,040895
RO,040896
RO,040901
RO,040902
RO,040903
RO,040904
RO,040905
RO,040906
RO,040911
RO,040912
RO,040913
RO,040914
RO,040915
RO,040916
RO,040917
RO,040921
RO,040922
RO,040923
RO,040924
RO,040925
RO,040926
RO,040927
RO,040928
RO,040929
RO,040931
RO,040932
RO,040933
RO,040934
RO,040935
RO,040936
RO,040937
RO,040938
RO,040939
RO,040941
RO,040942
RO,040943
RO,040944
RO,040945
RO,040946
RO,040951
RO,040952
RO,040953
RO,040954
RO,040955
RO,040956
RO,040961
RO,040962
RO,040963
RO,040964
RO,040965
RO,040966
RO,040967
RO,040968
RO,040969
RO,040971
RO,040972
RO,040973
RO,040974
RO,040975
RO,040981
RO,040982
RO,040983
RO,040984
RO,040985
RO,040986
RO,040987
RO,040988
RO,040989
RO,040991
RO,040992
RO,040993
RO,040994
RO,040995
RO,040996
RO,040997
RO,040998
RO,040999
RO,041011
RO,041012
RO,041013
RO,041014
RO,041015
RO,041016
RO,041017
RO,041018
RO,041021
RO,041022
RO,041023
RO,041024
RO,041025
RO,041026
RO,041027
RO,041028
RO,041031
RO,041032
RO,041033
RO,041034
RO,041035
RO,041036
RO,041037
RO,041038
RO,041039
RO,041041
RO,041042
RO,041043
RO,041044
RO,041045
RO,041046
RO,041047
RO,041048
RO,041049
RO,041051
RO,041052
RO,041053
RO,041054
RO,041055
RO,041061
RO,041062
RO,041063
RO,041064
RO,041065
RO,041066
RO,041067
RO,041068
RO,041071
RO,041072
RO,041073
RO,041074
RO,041075
RO,041076
RO,041077
RO,041078
RO,041079
RO,041081
RO,041082
RO,041083
RO,041084
RO,041085
RO,041086
RO,041087
RO,041088
RO,041089
RO,041091
RO,041092
RO,041093
RO,041094
RO,041095
RO,041096
RO,041097
RO,041101
RO,041102
RO,041103
RO,041104
RO,041105
RO,041106
RO,041107
RO,041108
RO,041109
RO,041111
RO,041112
RO,041113
RO,041114
RO,041115
RO,041116
RO,041117
RO,041118
RO,041121
RO,041122
RO,041123
RO,041124
RO,041125
RO,041126
RO,041127
RO,041128
RO,041201
RO,041202
RO,041203
RO,041204
RO,041205
RO,041206
RO,041207
RO,041208
RO,041209
RO,041211
RO,041212
RO,041213
RO,041214
RO,041215
RO,041216
RO,041217
RO,041218
RO,041219
RO,041221
RO,041222
RO,041223
RO,041224
RO,041225
RO,041226
RO,041227
RO,041228
RO,041229
RO,041231
RO,041232
RO,041233
RO,041234
RO,041235
RO,041236
RO,041237
RO,041238
RO,041239
RO,041241
RO,041242
RO,041243
RO,041244
RO,041245
RO,041246
RO,041247
RO,041248
RO,041249
RO,041251
RO,041252
RO,041253
RO,041254
RO,041255
RO,041256
RO,041257
RO,041261
RO,041262
RO,041263
RO,041264
RO,041265
RO,041266
RO,041267
RO,041271
RO,041272
RO,041273
RO,041274
RO,041275
RO,041276
RO,041277
RO,041281
RO,041282
RO,041283
RO,041291
RO,041292
RO,041293
RO,041294
RO,041295
RO,041296
RO,041297
RO,041298
RO,041299
RO,041301
RO,041302
RO,041303
RO,041304
RO,041305
RO,041306
RO,041307
RO,041308
RO,041309
RO,041311
RO,041312
RO,041313
RO,041314
RO,041315
RO,041316
RO,041317
RO,041318
RO,041319
RO,041321
RO,041322
RO,041323
RO,041324
RO,041325
RO,041326
RO,041327
RO,041328
RO,041329
RO,041331
RO,041332
RO,041333
RO,041334
RO,041335
RO,041336
RO,041337
RO,041341
RO,041342
RO,041343
RO,041344
RO,041345
RO,041346
RO,041347
RO,041348
RO,041351
RO,041352
RO,041353
RO,041354
RO,041355
RO,041356
RO,041361
RO,041362
RO,041363
RO,041364
RO,041365
RO,041366
RO,041367
RO,041368
RO,041371
RO,041372
RO,041373
RO,041374
RO,041375
RO,041376
RO,041377
RO,041378
RO,041381
RO,041382
RO,041383
RO,041384
RO,041385
RO,041386
RO,041387
RO,041388
RO,041391
RO,041392
RO,041393
RO,041394
RO,041395
RO,041396
RO,041397
RO,041398
RO,041401
RO,041402
RO,041403
RO,041405
RO,041406
RO,041407
RO,041408
RO,041411
RO,041412
RO,041413
RO,041414
RO,041415
RO,041416
RO,041417
RO,041418
RO,041421
RO,041422
RO,041423
RO,041424
RO,041425
RO,041431
RO,041432
RO,041433
RO,041434
RO,041435
RO,041436
RO,041437
RO,041438
RO,041441
RO,041442
RO,041443
RO,041444
RO,041445
RO,041446
RO,041447
RO,041448
RO,041449
RO,041451
RO,041452
RO,041453
RO,041454
RO,041455
RO,041456
RO,041457
RO,041458
RO,041459
RO,041461
RO,041462
RO,041463
RO,041464
RO,041465
RO,041466
RO,041467
RO,041468
RO,041469
RO,041471
RO,041472
RO,041473
RO,041474
RO,041475
RO,041476
RO,041477
RO,041478
RO,041479
RO,041481
RO,041482
RO,041483
RO,041484
RO,041485
RO,041486
RO,041491
RO,041492
RO,041493
RO,041494
RO,041501
RO,041502
RO,041503
RO,041504
RO,041505
RO,041506
RO,041507
RO,041511
RO,041512
RO,041513
RO,041514
RO,041515
RO,041516
RO,041517
RO,041521
RO,041522
RO,041523
RO,041524
RO,041525
RO,041526
RO,041527
RO,041528
RO,041529
RO,041531
RO,041532
RO,041533
RO,041534
RO,041535
RO,041536
RO,041537
RO,041538
RO,041539
RO,041541
RO,041542
RO,041543
RO,041544
RO,041545
RO,041546
RO,041547
RO,041548
RO,041549
RO,041551
RO,041552
RO,041553
RO,041554
RO,041555
RO,041556
RO,041557
RO,041558
RO,041561
RO,041562
RO,041563
RO,041564
RO,041565
RO,041566
RO,041567
RO,041571
RO,041572
RO,041573
RO,041581
RO,041651
RO,041652
RO,041653
RO,041654
RO,041655
RO,041656
RO,041657
RO,041658
RO,041661
RO,041662
RO,041663
RO,041664
RO,041665
RO,041671
RO,041672
RO,041673
RO,041674
RO,041675
RO,041676
RO,041677
RO,041678
RO,041681
RO,041682
RO,041683
RO,041684
RO,041685
RO,041686
RO,041691
RO,041692
RO,041693
RO,041694
RO,041695
RO,041696
RO,041701
RO,041702
RO,041703
RO,041704
RO,041705
RO,041706
RO,041707
RO,041708
RO,041711
RO,041712
RO,041713
RO,041714
RO,041715
RO,041716
RO,041717
RO,041718
RO,041719
RO,041721
RO,041722
RO,041723
RO,041724
RO,041725
RO,041726
RO,041727
RO,041728
RO,041729
RO,041731
RO,041732
RO,041733
RO,041734
RO,041735
RO,041736
RO,041737
RO,041738
RO,041739
RO,041741
RO,041742
RO,041743
RO,041744
RO,041745
RO,041746
RO,041751
RO,041752
RO,041753
RO,041754
RO,041755
RO,041756
RO,041757
RO,041758
RO,041759
RO,041761
RO,041762
RO,041771
RO,041772
RO,041773
RO,041774
RO,041775
RO,041776
RO,041777
RO,041778
RO,041779
RO,041781
RO,041782
RO,041783
RO,041784
RO,041785
RO,041786
RO,041787
RO,041788
RO,041789
RO,041791
RO,041792
RO,041793
RO,041794
RO,041795
RO,041796
RO,041797
RO,041798
RO,041799
RO,041801
RO,041802
RO,041803
RO,041804
RO,041805
RO,041806
RO,041807
RO,041808
RO,041809
RO,041811
RO,041812
RO,041813
RO,041814
RO,041815
RO,041816
RO,041817
RO,041821
RO,041822
RO,041823
RO,041831
RO,041832
RO,041833
RO,041834
RO,041835
RO,041836
RO,041837
RO,041838
RO,041839
RO,041901
RO,041902
RO,041903
RO,041904
RO,041905
RO,041906
RO,041907
RO,041908
RO,041909
RO,041911
RO,041912
RO,041913
RO,041914
RO,041915
RO,041916
RO,041917
RO,041918
RO,041919
RO,041921
RO,041922
RO,041923
RO,041924
RO,041925
RO,041926
RO,041927
RO,041928
RO,041929
RO,041931
RO,041932
RO,041933
RO,041934
RO,041935
RO,041936
RO,041937
RO,041938
RO,041939
RO,041941
RO,041942
RO,041943
RO,041944
RO,041951
RO,041952
RO,041953
RO,041954
RO,041955
RO,041956
RO,041957
RO,041958
RO,041961
RO,041962
RO,041963
RO,041964
RO,041965
RO,041966
RO,041967
RO,041968
RO,041969
RO,041971
RO,041972
RO,041973
RO,041974
RO,041975
RO,041976
RO,041981
RO,041982
RO,041983
RO,041984
RO,041985
RO,041986
RO,041987
RO,041988
RO,041991
RO,041992
RO,041993
RO,041994
RO,042011
RO,042012
RO,042013
RO,042014
RO,042015
RO,042016
RO,042017
RO,042018
RO,042021
RO,042022
RO,042023
RO,042024
RO,042025
RO,042026
RO,042027
RO,042028
RO,042031
RO,042032
RO,042033
RO,042034
RO,042035
RO,042036
RO,042037
RO,042038
RO,042039
RO,042041
RO,042042
RO,042043
RO,042044
RO,042045
RO,042046
RO,042047
RO,042051
RO,042052
RO,042053
RO,042054
RO,042055
RO,042056
RO,042061
RO,042062
RO,042063
RO,042064
RO,042065
RO,042066
RO,042067
RO,042071
RO,042072
RO,042073
RO,042074
RO,042075
RO,042076
RO,042077
RO,042078
RO,042079
RO,042081
RO,042082
RO,042083
RO,042084
RO,042085
RO,042086
RO,042087
RO,042088
RO,042089
RO,042091
RO,042092
RO,042093
RO,042094
RO,042095
RO,042096
RO,042097
RO,042098
RO,042099
RO,042101
RO,042102
RO,042103
RO,042104
RO,042105
RO,042106
RO,042107
RO,042111
RO,042112
RO,042113
RO,042114
RO,042115
RO,042116
RO,042121
RO,042122
RO,042123
RO,042124
RO,042125
RO,042126
RO,042131
RO,042132
RO,042133
RO,042134
RO,042135
RO,042136
RO,042137
RO,042138
RO,042141
RO,042142
RO,042143
RO,042144
RO,042145
RO,042146
RO,042147
RO,042148
RO,042149
RO,042151
RO,042152
RO,042153
RO,042154
RO,042155
RO,042156
RO,042157
RO,042158
RO,042159
RO,042161
RO,042162
RO,042163
RO,042164
RO,042165
RO,042166
RO,042167
RO,042168
RO,042169
RO,042171
RO,042172
RO,042173
RO,042174
RO,042175
RO,042176
RO,042177
RO,042178
RO,042179
RO,042181
RO,042182
RO,042183
RO,042184
RO,042185
RO,042186
RO,042191
RO,042192
RO,042193
RO,042194
RO,042195
RO,042196
RO,050011
RO,050012
RO,050013
RO,050014
RO,050015
RO,050016
RO,050017
RO,050018
RO,050019
RO,050021
RO,050022
RO,050023
RO,050024
RO,050025
RO,050026
RO,050027
RO,050028
RO,050029
RO,050031
RO,050032
RO,050033
RO,050034
RO,050035
RO,050036
RO,050037
RO,050038
RO,050041
RO,050042
RO,050043
RO,050044
RO,050045
RO,050046
RO,050047
RO,050048
RO,050051
RO,050052
RO,050061
RO,050062
RO,050063
RO,050064
RO,050065
RO,050066
RO,050067
RO,050068
RO,050071
RO,050072
RO,050081
RO,050082
RO,050083
RO,050084
RO,050085
RO,050086
RO,050087
RO,050088
RO,050089
RO,050091
RO,050092
RO,050093
RO,050094
RO,050095
RO,050096
RO,050097
RO,050098
RO,050099
RO,050101
RO,050102
RO,050103
RO,050104
RO,050105
RO,050106
RO,050107
RO,050108
RO,050111
RO,050112
RO,050113
RO,050114
RO,050121
RO,050122
RO,050123
RO,050124
RO,050125
RO,050126
RO,050127
RO,050128
RO,050129
RO,050131
RO,050132
RO,050133
RO,050134
RO,050135
RO,050136
RO,050137
RO,050141
RO,050142
RO,050143
RO,050151
RO,050152
RO,050153
RO,050154
RO,050155
RO,050156
RO,050157
RO,050158
RO,050159
RO,050161
RO,050162
RO,050163
RO,050164
RO,050171
RO,050172
RO,050173
RO,050174
RO,050175
RO,050176
RO,050177
RO,050178
RO,050179
RO,050181
RO,050182
RO,050183
RO,050184
RO,050185
RO,050186
RO,050187
RO,050188
RO,050189
RO,050191
RO,050192
RO,050193
RO,050194
RO,050195
RO,050196
RO,050197
RO,050198
RO,050201
RO,050202
RO,050203
RO,050204
RO,050205
RO,050206
RO,050207
RO,050208
RO,050211
RO,050212
RO,050213
RO,050214
RO,050215
RO,050216
RO,050217
RO,050218
RO,050219
RO,050221
RO,050222
RO,050223
RO,050224
RO,050225
RO,050226
RO,050227
RO,050228
RO,050229
RO,050231
RO,050232
RO,050233
RO,050234
RO,050235
RO,050236
RO,050237
RO,050238
RO,050239
RO,050251
RO,050252
RO,050253
RO,050254
RO,050255
RO,050256
RO,050261
RO,050262
RO,050263
RO,050264
RO,050265
RO,050266
RO,050267
RO,050268
RO,050271
RO,050272
RO,050273
RO,050274
RO,050275
RO,050276
RO,050277
RO,050278
RO,050281
RO,050282
RO,050283
RO,050284
RO,050285
RO,050286
RO,050287
RO,050288
RO,050291
RO,050292
RO,050293
RO,050294
RO,050295
RO,050296
RO,050297
RO,050298
RO,050301
RO,050302
RO,050303
RO,050304
RO,050305
RO,050306
RO,050307
RO,050308
RO,050309
RO,050311
RO,050312
RO,050313
RO,050314
RO,050315
RO,050316
RO,050317
RO,050318
RO,050319
RO,050321
RO,050322
RO,050323
RO,050324
RO,050325
RO,050326
RO,050327
RO,050331
RO,050332
RO,050333
RO,050334
RO,050335
RO,050336
RO,050337
RO,050341
RO,050342
RO,050343
RO,050344
RO,050345
RO,050346
RO,050347
RO,050348
RO,050349
RO,050351
RO,050352
RO,050353
RO,050354
RO,050355
RO,050361
RO,050362
RO,050363
RO,050364
RO,050365
RO,050366
RO,050367
RO,050368
RO,050369
RO,050371
RO,050372
RO,050373
RO,050374
RO,050375
RO,050376
RO,050377
RO,050378
RO,050381
RO,050382
RO,050383
RO,050384
RO,050385
RO,050386
RO,050387
RO,050388
RO,050451
RO,050452
RO,050453
RO,050454
RO,050455
RO,050456
RO,050457
RO,050461
RO,050462
RO,050463
RO,050464
RO,050465
RO,050466
RO,050467
RO,050468
RO,050471
RO,050472
RO,050473
RO,050474
RO,050475
RO,050481
RO,050482
RO,050483
RO,050484
RO,050485
RO,050486
RO,050487
RO,050488
RO,050491
RO,050492
RO,050493
RO,050494
RO,050495
RO,050496
RO,050497
RO,050501
RO,050502
RO,050503
RO,050504
RO,050505
RO,050506
RO,050507
RO,050511
RO,050512
RO,050513
RO,050514
RO,050515
RO,050521
RO,050522
RO,050523
RO,050524
RO,050525
RO,050526
RO,050527
RO,050528
RO,050531
RO,050532
RO,050533
RO,050534
RO,050535
RO,050536
RO,050537
RO,050538
RO,050539
RO,050541
RO,050542
RO,050543
RO,050544
RO,050551
RO,050552
RO,050553
RO,050554
RO,050555
RO,050556
RO,050557
RO,050558
RO,050559
RO,050561
RO,050562
RO,050563
RO,050564
RO,050565
RO,050566
RO,050567
RO,050568
RO,050571
RO,050572
RO,050573
RO,050574
RO,050575
RO,050576
RO,050577
RO,050578
RO,050579
RO,050581
RO,050582
RO,050583
RO,050584
RO,050586
RO,050587
RO,050588
RO,050589
RO,050591
RO,050592
RO,050593
RO,050594
RO,050595
RO,050596
RO,050597
RO,050598
RO,050651
RO,050652
RO,050653
RO,050654
RO,050655
RO,050656
RO,050657
RO,050658
RO,050659
RO,050661
RO,050662
RO,050663
RO,050664
RO,050671
RO,050672
RO,050673
RO,050674
RO,050675
RO,050676
RO,050677
RO,050681
RO,050682
RO,050683
RO,050684
RO,050685
RO,050686
RO,050687
RO,050688
RO,050689
RO,050691
RO,050692
RO,050693
RO,050694
RO,050695
RO,050696
RO,050701
RO,050703
RO,050705
RO,050706
RO,050707
RO,050711
RO,050712
RO,050713
RO,050714
RO,050715
RO,050716
RO,050717
RO,050718
RO,050719
RO,050721
RO,050722
RO,050723
RO,050724
RO,050725
RO,050726
RO,050727
RO,050728
RO,050729
RO,050731
RO,050732
RO,050733
RO,050734
RO,050735
RO,050736
RO,050737
RO,050738
RO,050741
RO,050742
RO,050751
RO,050752
RO,050753
RO,050761
RO,050762
RO,050763
RO,050771
RO,050772
RO,050773
RO,050774
RO,050775
RO,050776
RO,050777
RO,050778
RO,050779
RO,050781
RO,050782
RO,050783
RO,050784
RO,050785
RO,050786
RO,050787
RO,050788
RO,050789
RO,050791
RO,050792
RO,050793
RO,050794
RO,050795
RO,050796
RO,050797
RO,050798
RO,050801
RO,050802
RO,050803
RO,050804
RO,050805
RO,050811
RO,050812
RO,050813
RO,050814
RO,050815
RO,050821
RO,050822
RO,050823
RO,050824
RO,050825
RO,050826
RO,050827
RO,050831
RO,050832
RO,050833
RO,050841
RO,050842
RO,050843
RO,050844
RO,050845
RO,050846
RO,050847
RO,050848
RO,050851
RO,050852
RO,050853
RO,050854
RO,050855
RO,050856
RO,050857
RO,050858
RO,050859
RO,050861
RO,050862
RO,050863
RO,050864
RO,050865
RO,050866
RO,050867
RO,050871
RO,050872
RO,050873
RO,050874
RO,050875
RO,050876
RO,050881
RO,050882
RO,050883
RO,050884
RO,050885
RO,050886
RO,050891
RO,050892
RO,050893
RO,050894
RO,050895
RO,050896
RO,050897
RO,050898
RO,050899
RO,050901
RO,050902
RO,050903
RO,050904
RO,050905
RO,050906
RO,050907
RO,050908
RO,050909
RO,050911
RO,050912
RO,050913
RO,050914
RO,050915
RO,050916
RO,050917
RO,050918
RO,050919
RO,051011
RO,051012
RO,051013
RO,051014
RO,051015
RO,051016
RO,051017
RO,051018
RO,051021
RO,051022
RO,051023
RO,051024
RO,051025
RO,051026
RO,051027
RO,051028
RO,051029
RO,051031
RO,051032
RO,051033
RO,051034
RO,051035
RO,051036
RO,051037
RO,051038
RO,051039
RO,051041
RO,051042
RO,051043
RO,051044
RO,051045
RO,051046
RO,051047
RO,051048
RO,051049
RO,051051
RO,051052
RO,051053
RO,051054
RO,051061
RO,051062
RO,051063
RO,051064
RO,051065
RO,051071
RO,051072
RO,051073
RO,051074
RO,051075
RO,051076
RO,051077
RO,051078
RO,051079
RO,051081
RO,051082
RO,051083
RO,051084
RO,051085
RO,051086
RO,051087
RO,051088
RO,051091
RO,051092
RO,051093
RO,051094
RO,051095
RO,051096
RO,051097
RO,051098
RO,051101
RO,051102
RO,051103
RO,051104
RO,051105
RO,051106
RO,051107
RO,051108
RO,051111
RO,051112
RO,051113
RO,051114
RO,051115
RO,051116
RO,051121
RO,051122
RO,051123
RO,051124
RO,051125
RO,051126
RO,051131
RO,051132
RO,051133
RO,051134
RO,051135
RO,051141
RO,051142
RO,051143
RO,051144
RO,051145
RO,051146
RO,051147
RO,051148
RO,051149
RO,051151
RO,051152
RO,051153
RO,051154
RO,051155
RO,051156
RO,051157
RO,051158
RO,051159
RO,051161
RO,051162
RO,051163
RO,051164
RO,051165
RO,051166
RO,051167
RO,051168
RO,051169
RO,051171
RO,051172
RO,051173
RO,051174
RO,051175
RO,051176
RO,051177
RO,051181
RO,051182
RO,051183
RO,051184
RO,051185
RO,051186
RO,051187
RO,051188
RO,051191
RO,051192
RO,051193
RO,051194
RO,051195
RO,051196
RO,051197
RO,051198
RO,051199
RO,051201
RO,051202
RO,051203
RO,051204
RO,051205
RO,051206
RO,051207
RO,051211
RO,051212
RO,051213
RO,051214
RO,051221
RO,051222
RO,051223
RO,051224
RO,051225
RO,051226
RO,051231
RO,051232
RO,051233
RO,051234
RO,051235
RO,051236
RO,051237
RO,051238
RO,051239
RO,051241
RO,051242
RO,051243
RO,051244
RO,051245
RO,051246
RO,051247
RO,051251
RO,051252
RO,051253
RO,051254
RO,051261
RO,051262
RO,051263
RO,051264
RO,051265
RO,051266
RO,051271
RO,051272
RO,051273
RO,051274
RO,051281
RO,051282
RO,051283
RO,051284
RO,051285
RO,051286
RO,051291
RO,051292
RO,051293
RO,051294
RO,051295
RO,051296
RO,051297
RO,051298
RO,051301
RO,051302
RO,051303
RO,051304
RO,051311
RO,051312
RO,051313
RO,051314
RO,051315
RO,051316
RO,051317
RO,051318
RO,051319
RO,051321
RO,051322
RO,051323
RO,051324
RO,051325
RO,051326
RO,051331
RO,051332
RO,051333
RO,051334
RO,051335
RO,051341
RO,051342
RO,051343
RO,051344
RO,051345
RO,051346
RO,051347
RO,051348
RO,051349
RO,051351
RO,051352
RO,051353
RO,051354
RO,051355
RO,051356
RO,051357
RO,051358
RO,051361
RO,051362
RO,051363
RO,051364
RO,051365
RO,051366
RO,051367
RO,051368
RO,051369
RO,051371
RO,051372
RO,051373
RO,051374
RO,051375
RO,051376
RO,051377
RO,051378
RO,051379
RO,051381
RO,051382
RO,051383
RO,051384
RO,051385
RO,051391
RO,051392
RO,051393
RO,051394
RO,051395
RO,051396
RO,051397
RO,051398
RO,051399
RO,051401
RO,051402
RO,051403
RO,051404
RO,051405
RO,051406
RO,051407
RO,051411
RO,051412
RO,051413
RO,051414
RO,051415
RO,051416
RO,051417
RO,051418
RO,051419
RO,051421
RO,051422
RO,051423
RO,051424
RO,051425
RO,051426
RO,051427
RO,051431
RO,051432
RO,051433
RO,051434
RO,051435
RO,051441
RO,051442
RO,051443
RO,051444
RO,051445
RO,051446
RO,051447
RO,051448
RO,051449
RO,051451
RO,051452
RO,051453
RO,051454
RO,051455
RO,051456
RO,051457
RO,051458
RO,051459
RO,051461
RO,051462
RO,051463
RO,051464
RO,051465
RO,051466
RO,051467
RO,051468
RO,051469
RO,051471
RO,051472
RO,051473
RO,051474
RO,051475
RO,051476
RO,051477
RO,051478
RO,051481
RO,051482
RO,051483
RO,051484
RO,051485
RO,051486
RO,051487
RO,051488
RO,051489
RO,051491
RO,051492
RO,051493
RO,051494
RO,051495
RO,051496
RO,051497
RO,051498
RO,051501
RO,051502
RO,051503
RO,051504
RO,051505
RO,051511
RO,051512
RO,051513
RO,051514
RO,051515
RO,051521
RO,051522
RO,051523
RO,051524
RO,051525
RO,051526
RO,051527
RO,051528
RO,051529
RO,051531
RO,051532
RO,051533
RO,051534
RO,051535
RO,051536
RO,051537
RO,051538
RO,051539
RO,051541
RO,051542
RO,051543
RO,051544
RO,051545
RO,051551
RO,051552
RO,051553
RO,051554
RO,051555
RO,051556
RO,051557
RO,051558
RO,051559
RO,051561
RO,051562
RO,051563
RO,051564
RO,051565
RO,051566
RO,051567
RO,051568
RO,051569
RO,051571
RO,051572
RO,051573
RO,051574
RO,051575
RO,051576
RO,051577
RO,051581
RO,051582
RO,051583
RO,051584
RO,051585
RO,051586
RO,051587
RO,051591
RO,051592
RO,051593
RO,051594
RO,051595
RO,051596
RO,051597
RO,051598
RO,051599
RO,051601
RO,051602
RO,051603
RO,051604
RO,051605
RO,051701
RO,051702
RO,051703
RO,051704
RO,051705
RO,051706
RO,051707
RO,051708
RO,051711
RO,051712
RO,051713
RO,051714
RO,051715
RO,051716
RO,051717
RO,051718
RO,051721
RO,051722
RO,051723
RO,051724
RO,051725
RO,051726
RO,051727
RO,051728
RO,051729
RO,051731
RO,051732
RO,051733
RO,051734
RO,051735
RO,051736
RO,051737
RO,051738
RO,051741
RO,051742
RO,051744
RO,051745
RO,051746
RO,051747
RO,051748
RO,051749
RO,051751
RO,051752
RO,051753
RO,051754
RO,051755
RO,051756
RO,051757
RO,051758
RO,051759
RO,051761
RO,051762
RO,051763
RO,051764
RO,051765
RO,051766
RO,051767
RO,051768
RO,051769
RO,051771
RO,051772
RO,051773
RO,051774
RO,051775
RO,051776
RO,051777
RO,051778
RO,051779
RO,051781
RO,051782
RO,051783
RO,051784
RO,051785
RO,051786
RO,051787
RO,051788
RO,051789
RO,051791
RO,051792
RO,051793
RO,051794
RO,051795
RO,051796
RO,051801
RO,051802
RO,051803
RO,051804
RO,051811
RO,051812
RO,051813
RO,051814
RO,051815
RO,051816
RO,051817
RO,051818
RO,051821
RO,051822
RO,051823
RO,051824
RO,051825
RO,051826
RO,051827
RO,051828
RO,051829
RO,051831
RO,051832
RO,051833
RO,051834
RO,051835
RO,051836
RO,051841
RO,051842
RO,051843
RO,051844
RO,051845
RO,051846
RO,051851
RO,051852
RO,051853
RO,051854
RO,051855
RO,051856
RO,051857
RO,051858
RO,051859
RO,051861
RO,051862
RO,051863
RO,051864
RO,051865
RO,051866
RO,051867
RO,051868
RO,051869
RO,051871
RO,051872
RO,051873
RO,051874
RO,051881
RO,051882
RO,051883
RO,051884
RO,051885
RO,051886
RO,051887
RO,051891
RO,051892
RO,051893
RO,051894
RO,051895
RO,051896
RO,051897
RO,051898
RO,051899
RO,051901
RO,051902
RO,051903
RO,051904
RO,051905
RO,051906
RO,051907
RO,051908
RO,051909
RO,051911
RO,051912
RO,051913
RO,051914
RO,051915
RO,051916
RO,051917
RO,051918
RO,051919
RO,051921
RO,051922
RO,051923
RO,051924
RO,051925
RO,051926
RO,051927
RO,051928
RO,051929
RO,051931
RO,051932
RO,051933
RO,051934
RO,051935
RO,051936
RO,051937
RO,051938
RO,051941
RO,051942
RO,051951
RO,051952
RO,051953
RO,051954
RO,051955
RO,051956
RO,051957
RO,051961
RO,051962
RO,051963
RO,051964
RO,051965
RO,051966
RO,051967
RO,051968
RO,051971
RO,051972
RO,051973
RO,051974
RO,051975
RO,051976
RO,051977
RO,051978
RO,051979
RO,051981
RO,051982
RO,051983
RO,051984
RO,051985
RO,051986
RO,051991
RO,051992
RO,051993
RO,051994
RO,051995
RO,051996
RO,051997
RO,051998
RO,051999
RO,052011
RO,052012
RO,052013
RO,052014
RO,052015
RO,052016
RO,052017
RO,052018
RO,052019
RO,052021
RO,052022
RO,052023
RO,052024
RO,052025
RO,052026
RO,052031
RO,052032
RO,052033
RO,052034
RO,052035
RO,052036
RO,052041
RO,052042
RO,052043
RO,052044
RO,052045
RO,052046
RO,052047
RO,052051
RO,052052
RO,052053
RO,052054
RO,052061
RO,052062
RO,052063
RO,052064
RO,052065
RO,052066
RO,052067
RO,052068
RO,052069
RO,052071
RO,052072
RO,052073
RO,052074
RO,052075
RO,052076
RO,052077
RO,052078
RO,052081
RO,052082
RO,052083
RO,052084
RO,052091
RO,052092
RO,052093
RO,052094
RO,052095
RO,052096
RO,052097
RO,052102
RO,052103
RO,052104
RO,052105
RO,052151
RO,052152
RO,052153
RO,052154
RO,052155
RO,052156
RO,052157
RO,052158
RO,052159
RO,052161
RO,052162
RO,052163
RO,052164
RO,052165
RO,052166
RO,052167
RO,052168
RO,052171
RO,052172
RO,052173
RO,052174
RO,052175
RO,052176
RO,052177
RO,052178
RO,052181
RO,052182
RO,052183
RO,052184
RO,052185
RO,052186
RO,052191
RO,052192
RO,052193
RO,052194
RO,052195
RO,052196
RO,052197
RO,052198
RO,052199
RO,052201
RO,052202
RO,052203
RO,052204
RO,052205
RO,052206
RO,052207
RO,052208
RO,052211
RO,052212
RO,052213
RO,052214
RO,052215
RO,052216
RO,052217
RO,052218
RO,052221
RO,052222
RO,052223
RO,052224
RO,052225
RO,052226
RO,052227
RO,052228
RO,052229
RO,052231
RO,052232
RO,052233
RO,052234
RO,052235
RO,052236
RO,052237
RO,052238
RO,052239
RO,052241
RO,052242
RO,052243
RO,052244
RO,052245
RO,052246
RO,052247
RO,052248
RO,052249
RO,052251
RO,052252
RO,052253
RO,052254
RO,052255
RO,052256
RO,052257
RO,052258
RO,052259
RO,052261
RO,052262
RO,052263
RO,052264
RO,052265
RO,052266
RO,052267
RO,052268
RO,052269
RO,052271
RO,052272
RO,052273
RO,052274
RO,052275
RO,052276
RO,052277
RO,052278
RO,052279
RO,052281
RO,052282
RO,052283
RO,052284
RO,052285
RO,052286
RO,052287
RO,052291
RO,052292
RO,052293
RO,052294
RO,052295
RO,052296
RO,052297
RO,052298
RO,052299
RO,052301
RO,052302
RO,052303
RO,052304
RO,052305
RO,052306
RO,052307
RO,052308
RO,052309
RO,052311
RO,052312
RO,052313
RO,052314
RO,052315
RO,052316
RO,052321
RO,052322
RO,052323
RO,052324
RO,052325
RO,052326
RO,052327
RO,052328
RO,052329
RO,052331
RO,052332
RO,052333
RO,052334
RO,052335
RO,052336
RO,052337
RO,052341
RO,052342
RO,052343
RO,052344
RO,052345
RO,052346
RO,052347
RO,052348
RO,052351
RO,052352
RO,052353
RO,052354
RO,052355
RO,052356
RO,052357
RO,052358
RO,052359
RO,052361
RO,052362
RO,052363
RO,052364
RO,052365
RO,052366
RO,052367
RO,052368
RO,052369
RO,052371
RO,052372
RO,052373
RO,052374
RO,052375
RO,052376
RO,052377
RO,052378
RO,052381
RO,052382
RO,052383
RO,052384
RO,052385
RO,052386
RO,052387
RO,052388
RO,052389
RO,052391
RO,052392
RO,052393
RO,052394
RO,052395
RO,052396
RO,052401
RO,052402
RO,052403
RO,052404
RO,052405
RO,052406
RO,052407
RO,052408
RO,052409
RO,052411
RO,052412
RO,052413
RO,052414
RO,052415
RO,052416
RO,052417
RO,052418
RO,052421
RO,052422
RO,052423
RO,052424
RO,052425
RO,052426
RO,052427
RO,052431
RO,052432
RO,052433
RO,052434
RO,052435
RO,052436
RO,052437
RO,052438
RO,052439
RO,052441
RO,052442
RO,052443
RO,052444
RO,052451
RO,052452
RO,052453
RO,052454
RO,052455
RO,052456
RO,052457
RO,052458
RO,052459
RO,052461
RO,052462
RO,052463
RO,052464
RO,052465
RO,052466
RO,052467
RO,052468
RO,052469
RO,052471
RO,052472
RO,052473
RO,052481
RO,052482
RO,052483
RO,052484
RO,052485
RO,052486
RO,052487
RO,052488
RO,052489
RO,052491
RO,052492
RO,052493
RO,052494
RO,052495
RO,052496
RO,052497
RO,052498
RO,052499
RO,052501
RO,052502
RO,052503
RO,052504
RO,052505
RO,052506
RO,052507
RO,052508
RO,052509
RO,052511
RO,052512
RO,052513
RO,052514
RO,052515
RO,052516
RO,052517
RO,052518
RO,052521
RO,052522
RO,052523
RO,052524
RO,052525
RO,052526
RO,052527
RO,052528
RO,052529
RO,052531
RO,052532
RO,052533
RO,052534
RO,052535
RO,052536
RO,052541
RO,052542
RO,052543
RO,052544
RO,052545
RO,052546
RO,052547
RO,052548
RO,052549
RO,052551
RO,052552
RO,052553
RO,052554
RO,052555
RO,052556
RO,052557
RO,052558
RO,052559
RO,052561
RO,052562
RO,052563
RO,052564
RO,052565
RO,052566
RO,052567
RO,052571
RO,052572
RO,052573
RO,052574
RO,052575
RO,052576
RO,052577
RO,052578
RO,052579
RO,052581
RO,052582
RO,052583
RO,052584
RO,052585
RO,052586
RO,052591
RO,052592
RO,052593
RO,052594
RO,052595
RO,052596
RO,052597
RO,052598
RO,052601
RO,052602
RO,052603
RO,052604
RO,052605
RO,052606
RO,052607
RO,052608
RO,052611
RO,052612
RO,052613
RO,052614
RO,052615
RO,052616
RO,052617
RO,052618
RO,052619
RO,052621
RO,052622
RO,052623
RO,052624
RO,052625
RO,052626
RO,052627
RO,052628
RO,052631
RO,052632
RO,052633
RO,052634
RO,052635
RO,052636
RO,052637
RO,052638
RO,052639
RO,052641
RO,052642
RO,052643
RO,052644
RO,052645
RO,052646
RO,052647
RO,052648
RO,052649
RO,052651
RO,052652
RO,052653
RO,052654
RO,052655
RO,052656
RO,052657
RO,052658
RO,052659
RO,052662
RO,052663
RO,052751
RO,052752
RO,052753
RO,052754
RO,052755
RO,052756
RO,052757
RO,052758
RO,052759
RO,052761
RO,052762
RO,052763
RO,052764
RO,052765
RO,052766
RO,052767
RO,052768
RO,052771
RO,052772
RO,052773
RO,052774
RO,052775
RO,052776
RO,052777
RO,052778
RO,052779
RO,052781
RO,052782
RO,052783
RO,052784
RO,052785
RO,052786
RO,052787
RO,052821
RO,052822
RO,052823
RO,052824
RO,052825
RO,052826
RO,052827
RO,052828
RO,052829
RO,052831
RO,052832
RO,052833
RO,052834
RO,052835
RO,052836
RO,052837
RO,052838
RO,052839
RO,060011
RO,060012
RO,060013
RO,060014
RO,060015
RO,060016
RO,060021
RO,060022
RO,060023
RO,060024
RO,060025
RO,060026
RO,060027
RO,060028
RO,060029
RO,060031
RO,060032
RO,060033
RO,060041
RO,060042
RO,060043
RO,060044
RO,060051
RO,060052
RO,060053
RO,060054
RO,060055
RO,060056
RO,060057
RO,060061
RO,060071
RO,060072
RO,060073
RO,060074
RO,060075
RO,060101
RO,060102
RO,060103
RO,060104
RO,060105
RO,060106
RO,060109
RO,060111
RO,060112
RO,060113
RO,060114
RO,060115
RO,060116
RO,060117
RO,060118
RO,060119
RO,060121
RO,060122
RO,060123
RO,060124
RO,060125
RO,060126
RO,060127
RO,060128
RO,060129
RO,060131
RO,060132
RO,060133
RO,060134
RO,060135
RO,060136
RO,060137
RO,060138
RO,060139
RO,060141
RO,060142
RO,060143
RO,060144
RO,060151
RO,060152
RO,060153
RO,060154
RO,060155
RO,060156
RO,060157
RO,060201
RO,060202
RO,060203
RO,060204
RO,060205
RO,060206
RO,060207
RO,060208
RO,060209
RO,060211
RO,060212
RO,060213
RO,060214
RO,060215
RO,060216
RO,060217
RO,060221
RO,060222
RO,060223
RO,060224
RO,060225
RO,060226
RO,060227
RO,060228
RO,060231
RO,060232
RO,060233
RO,060234
RO,060235
RO,060236
RO,060237
RO,060238
RO,060239
RO,060241
RO,060242
RO,060243
RO,060244
RO,060245
RO,060246
RO,060247
RO,060248
RO,060249
RO,060251
RO,060252
RO,060253
RO,060254
RO,060255
RO,060256
RO,060257
RO,060258
RO,060259
RO,060261
RO,060262
RO,060263
RO,060264
RO,060265
RO,060266
RO,060267
RO,060268
RO,060269
RO,060271
RO,060272
RO,060273
RO,060274
RO,060275
RO,060276
RO,060277
RO,060278
RO,060279
RO,060281
RO,060282
RO,060283
RO,060284
RO,060285
RO,060286
RO,060287
RO,060288
RO,060289
RO,060291
RO,060292
RO,060293
RO,060301
RO,060302
RO,060303
RO,060304
RO,060305
RO,060306
RO,060307
RO,060308
RO,060311
RO,060312
RO,060313
RO,060314
RO,060315
RO,060316
RO,060317
RO,060318
RO,060319
RO,060321
RO,060322
RO,060323
RO,060324
RO,060325
RO,060331
RO,060332
RO,060333
RO,060334
RO,060335
RO,060336
RO,060337
RO,060338
RO,060339
RO,060341
RO,060342
RO,060343
RO,060344
RO,060345
RO,060346
RO,060351
RO,060352
RO,060353
RO,060354
RO,060355
RO,060361
RO,060362
RO,060363
RO,060364
RO,060365
RO,060366
RO,060367
RO,060368
RO,060369
RO,060371
RO,060372
RO,060373
RO,060374
RO,060375
RO,060376
RO,060377
RO,060378
RO,060379
RO,060381
RO,060382
RO,060391
RO,060392
RO,060393
RO,060394
RO,060395
RO,060396
RO,060397
RO,060398
RO,060399
RO,060401
RO,060402
RO,060403
RO,060404
RO,060405
RO,060406
RO,060451
RO,060452
RO,060453
RO,060454
RO,060455
RO,060456
RO,060457
RO,060458
RO,060459
RO,060461
RO,060462
RO,060463
RO,060464
RO,060465
RO,060466
RO,060467
RO,060468
RO,060471
RO,060472
RO,060473
RO,060474
RO,060475
RO,060476
RO,060481
RO,060482
RO,060483
RO,060484
RO,060485
RO,060491
RO,060492
RO,060493
RO,060494
RO,060495
RO,060501
RO,060502
RO,060503
RO,060504
RO,060505
RO,060506
RO,060507
RO,060508
RO,060509
RO,060511
RO,060512
RO,060513
RO,060514
RO,060515
RO,060521
RO,060522
RO,060523
RO,060524
RO,060525
RO,060531
RO,060532
RO,060533
RO,060534
RO,060535
RO,060536
RO,060537
RO,060541
RO,060542
RO,060543
RO,060551
RO,060552
RO,060553
RO,060554
RO,060555
RO,060561
RO,060562
RO,060563
RO,060564
RO,060565
RO,060566
RO,060567
RO,060568
RO,060569
RO,060571
RO,060572
RO,060573
RO,060574
RO,060575
RO,060576
RO,060577
RO,060578
RO,060581
RO,060582
RO,060583
RO,060584
RO,060585
RO,060586
RO,060587
RO,060588
RO,060589
RO,060591
RO,060592
RO,060593
RO,060594
RO,060595
RO,060596
RO,060597
RO,060598
RO,060601
RO,060602
RO,060603
RO,060604
RO,060605
RO,060606
RO,060607
RO,060608
RO,060609
RO,060611
RO,060612
RO,060613
RO,060614
RO,060615
RO,060616
RO,060617
RO,060621
RO,060622
RO,060623
RO,060624
RO,060625
RO,060626
RO,060627
RO,060628
RO,060629
RO,060631
RO,060632
RO,060633
RO,060634
RO,060635
RO,060636
RO,060637
RO,060638
RO,060639
RO,060641
RO,060642
RO,060643
RO,060644
RO,060645
RO,060646
RO,060647
RO,060648
RO,060649
RO,060651
RO,060652
RO,060653
RO,060654
RO,060655
RO,060656
RO,060661
RO,060662
RO,060663
RO,060664
RO,060665
RO,060666
RO,060667
RO,060668
RO,060669
RO,060751
RO,060752
RO,060753
RO,060754
RO,060755
RO,060756
RO,060757
RO,060758
RO,060761
RO,060762
RO,060763
RO,060764
RO,060765
RO,060766
RO,060767
RO,060768
RO,060771
RO,060772
RO,060773
RO,060774
RO,060775
RO,060776
RO,060777
RO,060781
RO,060782
RO,060783
RO,060784
RO,060785
RO,060786
RO,060787
RO,060791
RO,060792
RO,060793
RO,060794
RO,060795
RO,060796
RO,060797
RO,060798
RO,060801
RO,060802
RO,060803
RO,060804
RO,060805
RO,060811
RO,060812
RO,060813
RO,060814
RO,060815
RO,060816
RO,060821
RO,060822
RO,060823
RO,060824
RO,060825
RO,060826
RO,060827
RO,060828
RO,060831
RO,060832
RO,060833
RO,060834
RO,060835
RO,060836
RO,060837
RO,060838
RO,060839
RO,060841
RO,060842
RO,060843
RO,060844
RO,060845
RO,060846
RO,060847
RO,060848
RO,060849
RO,060851
RO,060852
RO,060853
RO,060854
RO,060855
RO,060856
RO,060857
RO,060858
RO,060859
RO,060861
RO,060862
RO,060863
RO,060864
RO,060865
RO,060866
RO,060867
RO,060868
RO,060869
RO,060871
RO,060872
RO,060873
RO,060874
RO,060875
RO,060876
RO,060877
RO,060878
RO,060879
RO,060881
RO,060882
RO,060883
RO,060884
RO,060885
RO,060886
RO,060887
RO,060888
RO,060889
RO,060891
RO,060892
RO,060893
RO,060894
RO,060895
RO,060896
RO,060897
RO,060898
RO,060899
RO,060901
RO,060902
RO,060903
RO,060904
RO,060905
RO,060906
RO,060907
RO,060908
RO,060909
RO,060911
RO,060912
RO,060913
RO,060914
RO,060915
RO,060916
RO,060921
RO,060922
RO,060923
RO,060924
RO,060925
RO,060926
RO,060927
RO,060928
RO,060931
RO,060932
RO,060933
RO,060934
RO,060935
RO,060936
RO,060937
RO,060938
RO,060939
RO,060941
RO,060942
RO,060943
RO,060944
RO,060945
RO,060946
RO,060947
RO,060948
RO,060951
RO,060952
RO,060953
RO,060954
RO,060955
RO,060956
RO,060961
RO,060962
RO,060963
RO,060964
RO,060965
RO,060966
RO,060967
RO,060968
RO,060969
RO,060971
RO,060972
RO,060973
RO,060974
RO,060975
RO,060976
RO,060977
RO,060978
RO,060981
RO,060982
RO,060983
RO,060984
RO,060985
RO,060986
RO,060987
RO,060988
RO,060989
RO,060991
RO,060992
RO,060993
RO,060994
RO,060995
RO,060996
RO,060997
RO,060998
RO,061011
RO,061012
RO,061013
RO,061014
RO,061015
RO,061016
RO,061017
RO,061018
RO,061019
RO,061021
RO,061022
RO,061023
RO,061024
RO,061025
RO,061026
RO,061027
RO,061028
RO,061031
RO,061032
RO,061033
RO,061034
RO,061035
RO,061036
RO,061037
RO,061038
RO,061039
RO,061041
RO,061042
RO,061043
RO,061044
RO,061045
RO,061046
RO,061047
RO,061048
RO,061051
RO,061052
RO,061053
RO,061055
RO,061061
RO,061062
RO,061063
RO,061064
RO,061065
RO,061066
RO,061071
RO,061072
RO,061073
RO,061074
RO,061075
RO,061076
RO,061077
RO,061078
RO,061079
RO,061081
RO,061082
RO,061083
RO,061084
RO,061085
RO,061086
RO,061087
RO,061088
RO,061089
RO,061091
RO,061092
RO,061093
RO,061094
RO,061095
RO,061096
RO,061097
RO,061098
RO,061099
RO,061101
RO,061102
RO,061103
RO,061104
RO,061105
RO,061106
RO,061107
RO,061108
RO,061109
RO,061111
RO,061112
RO,061113
RO,061114
RO,061115
RO,061116
RO,061117
RO,061118
RO,061119
RO,061121
RO,061122
RO,061123
RO,061124
RO,061125
RO,061126
RO,061127
RO,061128
RO,061129
RO,061131
RO,061132
RO,061133
RO,061134
RO,061135
RO,061141
RO,061142
RO,061143
RO,061144
RO,061145
RO,061151
RO,061152
RO,061153
RO,061154
RO,061155
RO,061156
RO,061157
RO,061158
RO,061159
RO,061161
RO,061162
RO,061163
RO,061164
RO,061165
RO,061166
RO,061171
RO,061172
RO,061173
RO,061174
RO,061175
RO,061176
RO,061177
RO,061178
RO,061181
RO,061182
RO,061183
RO,061184
RO,061185
RO,061191
RO,061192
RO,061193
RO,061194
RO,061195
RO,061196
RO,061201
RO,061202
RO,061203
RO,061204
RO,061205
RO,061206
RO,061207
RO,061208
RO,061209
RO,061211
RO,061212
RO,061213
RO,061215
RO,061216
RO,061217
RO,061218
RO,061219
RO,061221
RO,061222
RO,061223
RO,061224
RO,061225
RO,061226
RO,061227
RO,061231
RO,061232
RO,061233
RO,061234
RO,061235
RO,061236
RO,061237
RO,061238
RO,061239
RO,061301
RO,061302
RO,061303
RO,061304
RO,061305
RO,061306
RO,061307
RO,061308
RO,061309
RO,061311
RO,061312
RO,061313
RO,061314
RO,061315
RO,061316
RO,061317
RO,061318
RO,061319
RO,061321
RO,061322
RO,061323
RO,061324
RO,061325
RO,061326
RO,061327
RO,061328
RO,061329
RO,061331
RO,061332
RO,061333
RO,061334
RO,061341
RO,061342
RO,061343
RO,061344
RO,061345
RO,061346
RO,061348
RO,061349
RO,061351
RO,061352
RO,061353
RO,061354
RO,061355
RO,061356
RO,061357
RO,061358
RO,061359
RO,061361
RO,061362
RO,061363
RO,061364
RO,061365
RO,061366
RO,061367
RO,061368
RO,061369
RO,061371
RO,061372
RO,061373
RO,061374
RO,061375
RO,061376
RO,061377
RO,061378
RO,061381
RO,061382
RO,061383
RO,061384
RO,061385
RO,061386
RO,061387
RO,061388
RO,061389
RO,061391
RO,061392
RO,061393
RO,061394
RO,061395
RO,061396
RO,061397
RO,061398
RO,061401
RO,061402
RO,061403
RO,061404
RO,061405
RO,061406
RO,061407
RO,061408
RO,061409
RO,061411
RO,061412
RO,061413
RO,061414
RO,061415
RO,061416
RO,061417
RO,061418
RO,061421
RO,061422
RO,061423
RO,061424
RO,061425
RO,061426
RO,061427
RO,061428
RO,061429
RO,061431
RO,061432
RO,061433
RO,061434
RO,061441
RO,061442
RO,061443
RO,061444
RO,061445
RO,061446
RO,061447
RO,061448
RO,061449
RO,061451
RO,061452
RO,061461
RO,061462
RO,061463
RO,061464
RO,061465
RO,061466
RO,061467
RO,061468
RO,061471
RO,061472
RO,061473
RO,061474
RO,061475
RO,061476
RO,061477
RO,061478
RO,061481
RO,061482
RO,061483
RO,061484
RO,061485
RO,061486
RO,061487
RO,061488
RO,061491
RO,061492
RO,061493
RO,061494
RO,061495
RO,061501
RO,061502
RO,061503
RO,061504
RO,061505
RO,061506
RO,061507
RO,061508
RO,061509
RO,061511
RO,061512
RO,061513
RO,061514
RO,061515
RO,061521
RO,061522
RO,061523
RO,061524
RO,061525
RO,061526
RO,061527
RO,061528
RO,061531
RO,061532
RO,061533
RO,061534
RO,061535
RO,061536
RO,061537
RO,061538
RO,061539
RO,061541
RO,061542
RO,061543
RO,061544
RO,061545
RO,061551
RO,061552
RO,061553
RO,061554
RO,061555
RO,061556
RO,061557
RO,061561
RO,061562
RO,061563
RO,061564
RO,061565
RO,061566
RO,061567
RO,061568
RO,061569
RO,061571
RO,061572
RO,061573
RO,061574
RO,061575
RO,061576
RO,061581
RO,061582
RO,061583
RO,061584
RO,061585
RO,061586
RO,061587
RO,061591
RO,061592
RO,061593
RO,061594
RO,061595
RO,061596
RO,061597
RO,061598
RO,061599
RO,061601
RO,061602
RO,061603
RO,061604
RO,061605
RO,061606
RO,061611
RO,061612
RO,061613
RO,061614
RO,061615
RO,061616
RO,061617
RO,061621
RO,061622
RO,061623
RO,061624
RO,061625
RO,061626
RO,061627
RO,061628
RO,061629
RO,061631
RO,061632
RO,061633
RO,061634
RO,061641
RO,061642
RO,061643
RO,061644
RO,061645
RO,061646
RO,061647
RO,061648
RO,061649
RO,061651
RO,061652
RO,061653
RO,061654
RO,061661
RO,061662
RO,061663
RO,061664
RO,061665
RO,061666
RO,061667
RO,061668
RO,061671
RO,061672
RO,061673
RO,061674
RO,061675
RO,061676
RO,061677
RO,061678
RO,061679
RO,061681
RO,061682
RO,061683
RO,061691
RO,061692
RO,061693
RO,061694
RO,061695
RO,061696
RO,061697
RO,061698
RO,061699
RO,061701
RO,061702
RO,061703
RO,061704
RO,061705
RO,061706
RO,061707
RO,061708
RO,061709
RO,061711
RO,061712
RO,061713
RO,061714
RO,061715
RO,061716
RO,061717
RO,061721
RO,061722
RO,061723
RO,061724
RO,061725
RO,061726
RO,061727
RO,061728
RO,061729
RO,061731
RO,061732
RO,061733
RO,061734
RO,061735
RO,061736
RO,061737
RO,061738
RO,061741
RO,061742
RO,061743
RO,061744
RO,061745
RO,061746
RO,061751
RO,061752
RO,061753
RO,061754
RO,061755
RO,061756
RO,061761
RO,061762
RO,061763
RO,061764
RO,061765
RO,061771
RO,061772
RO,061773
RO,061781
RO,061782
RO,061783
RO,061784
RO,061785
RO,061786
RO,061787
RO,061791
RO,061792
RO,061793
RO,061901
RO,061902
RO,061903
RO,061904
RO,061905
RO,061906
RO,061911
RO,061912
RO,061913
RO,061914
RO,061915
RO,061916
RO,061921
RO,061922
RO,061923
RO,061924
RO,061925
RO,061926
RO,061927
RO,061928
RO,061931
RO,061932
RO,061933
RO,061934
RO,061935
RO,061936
RO,061941
RO,061942
RO,061943
RO,061944
RO,061945
RO,061946
RO,061947
RO,061948
RO,061949
RO,061951
RO,061952
RO,061953
RO,061954
RO,061955
RO,061956
RO,061957
RO,061961
RO,061962
RO,061963
RO,061964
RO,061965
RO,061966
RO,061967
RO,061971
RO,061972
RO,061973
RO,061974
RO,061975
RO,061976
RO,061977
RO,061978
RO,061979
RO,061981
RO,061982
RO,061983
RO,061984
RO,061985
RO,061986
RO,061987
RO,061991
RO,061992
RO,061993
RO,061994
RO,061995
RO,061996
RO,061997
RO,061998
RO,061999
RO,062011
RO,062012
RO,062013
RO,062014
RO,062015
RO,062016
RO,062017
RO,062018
RO,062019
RO,062021
RO,062022
RO,062023
RO,062024
RO,062025
RO,062026
RO,062027
RO,062031
RO,062032
RO,062033
RO,062034
RO,062035
RO,062036
RO,062037
RO,062041
RO,062042
RO,062043
RO,062044
RO,062045
RO,062046
RO,062047
RO,062048
RO,062049
RO,062051
RO,062052
RO,062053
RO,062054
RO,062055
RO,062056
RO,062057
RO,062058
RO,062059
RO,062061
RO,062062
RO,062063
RO,062064
RO,062065
RO,062066
RO,062067
RO,062068
RO,062069
RO,062071
RO,062072
RO,062073
RO,062074
RO,062075
RO,062076
RO,062077
RO,062078
RO,062079
RO,062081
RO,062082
RO,062083
RO,062084
RO,062085
RO,062086
RO,062087
RO,062088
RO,062089
RO,062091
RO,062092
RO,062101
RO,062102
RO,062111
RO,062112
RO,062131
RO,062132
RO,062133
RO,062134
RO,062135
RO,062136
RO,062137
RO,062141
RO,062142
RO,062143
RO,062151
RO,062152
RO,062153
RO,062154
RO,062155
RO,062156
RO,062157
RO,062158
RO,062159
RO,062161
RO,062163
RO,062164
RO,062171
RO,062172
RO,062173
RO,062174
RO,062175
RO,062176
RO,062177
RO,062178
RO,062181
RO,062182
RO,062183
RO,062184
RO,062185
RO,062186
RO,062187
RO,062188
RO,062189
RO,062191
RO,062192
RO,062193
RO,062194
RO,062195
RO,062196
RO,062197
RO,062198
RO,062199
RO,062201
RO,062202
RO,062203
RO,062204
RO,062205
RO,062206
RO,062207
RO,062208
RO,062209
RO,062211
RO,062212
RO,062213
RO,062214
RO,062215
RO,062216
RO,062217
RO,062218
RO,062219
RO,062223
RO,062224
RO,062225
RO,062226
RO,062227
RO,062228
RO,062229
RO,062231
RO,062232
RO,062233
RO,062234
RO,062235
RO,062236
RO,062237
RO,062238
RO,062239
RO,062241
RO,062242
RO,062243
RO,062244
RO,062245
RO,062246
RO,062247
RO,062248
RO,062249
RO,062251
RO,062252
RO,062253
RO,062254
RO,062255
RO,062256
RO,062257
RO,062259
RO,062261
RO,062262
RO,062263
RO,062264
RO,062265
RO,062266
RO,062267
RO,062268
RO,062269
RO,062271
RO,062272
RO,062273
RO,062274
RO,062275
RO,062276
RO,062277
RO,062278
RO,062279
RO,062281
RO,062282
RO,062283
RO,062284
RO,062285
RO,062286
RO,062287
RO,062288
RO,062289
RO,062291
RO,062292
RO,062293
RO,062294
RO,062295
RO,062296
RO,062297
RO,062298
RO,062299
RO,062301
RO,062302
RO,062303
RO,062304
RO,062305
RO,062306
RO,062307
RO,062308
RO,062309
RO,062311
RO,062312
RO,062313
RO,062314
RO,062315
RO,062316
RO,062317
RO,062321
RO,062322
RO,062323
RO,062324
RO,062325
RO,062326
RO,062331
RO,062332
RO,062333
RO,062334
RO,062335
RO,062336
RO,062337
RO,062338
RO,062339
RO,062341
RO,062342
RO,062343
RO,062344
RO,062345
RO,062346
RO,062351
RO,062352
RO,062353
RO,062354
RO,062355
RO,062356
RO,062357
RO,062358
RO,062359
RO,062361
RO,062362
RO,062363
RO,062364
RO,062365
RO,062366
RO,062367
RO,062368
RO,062369
RO,062371
RO,062372
RO,062373
RO,062374
RO,062375
RO,062376
RO,062377
RO,062378
RO,062379
RO,062381
RO,062382
RO,062383
RO,062384
RO,062385
RO,062386
RO,062387
RO,062388
RO,062391
RO,062392
RO,062393
RO,062394
RO,062395
RO,062396
RO,062397
RO,062401
RO,070000
RO,070001
RO,075100
RO,075101
RO,077005
RO,077006
RO,077010
RO,077015
RO,077016
RO,077017
RO,077020
RO,077025
RO,077030
RO,077031
RO,077032
RO,077033
RO,077035
RO,077036
RO,077037
RO,077038
RO,077039
RO,077040
RO,077041
RO,077042
RO,077045
RO,077046
RO,077050
RO,077051
RO,077052
RO,077053
RO,077055
RO,077056
RO,077060
RO,077061
RO,077062
RO,077065
RO,077066
RO,077067
RO,077068
RO,077070
RO,077071
RO,077075
RO,077076
RO,077077
RO,077078
RO,077080
RO,077085
RO,077086
RO,077090
RO,077091
RO,077095
RO,077096
RO,077097
RO,077100
RO,077101
RO,077102
RO,077103
RO,077104
RO,077105
RO,077106
RO,077107
RO,077110
RO,077111
RO,077115
RO,077116
RO,077117
RO,077118
RO,077120
RO,077125
RO,077126
RO,077127
RO,077128
RO,077129
RO,077130
RO,077131
RO,077135
RO,077140
RO,077141
RO,077142
RO,077143
RO,077144
RO,077145
RO,077150
RO,077151
RO,077152
RO,077155
RO,077156
RO,077157
RO,077158
RO,077160
RO,077165
RO,077166
RO,077167
RO,077168
RO,077170
RO,077175
RO,077176
RO,077177
RO,077180
RO,077181
RO,077185
RO,077186
RO,077187
RO,077190
RO,077191
RO,080011
RO,080012
RO,080013
RO,080014
RO,080015
RO,080016
RO,080017
RO,080018
RO,080021
RO,080022
RO,080023
RO,080024
RO,080025
RO,080026
RO,080027
RO,080028
RO,080029
RO,080031
RO,080032
RO,080033
RO,080034
RO,080035
RO,080036
RO,080037
RO,080038
RO,080039
RO,080041
RO,080042
RO,080043
RO,080044
RO,080045
RO,080046
RO,080047
RO,080049
RO,080051
RO,080052
RO,080053
RO,080054
RO,080055
RO,080061
RO,080062
RO,080063
RO,080064
RO,080065
RO,080066
RO,080067
RO,080068
RO,080069
RO,080071
RO,080072
RO,080073
RO,080074
RO,080075
RO,080076
RO,080077
RO,080078
RO,080079
RO,080081
RO,080082
RO,080083
RO,080084
RO,080085
RO,080086
RO,080087
RO,080088
RO,080089
RO,080091
RO,080092
RO,080093
RO,080094
RO,080095
RO,080096
RO,080101
RO,080102
RO,080103
RO,080104
RO,080105
RO,080106
RO,080111
RO,080112
RO,080113
RO,080114
RO,080115
RO,080116
RO,080121
RO,080122
RO,080123
RO,080124
RO,080125
RO,080126
RO,080127
RO,080128
RO,080129
RO,080131
RO,080132
RO,080133
RO,080134
RO,080135
RO,080136
RO,080137
RO,080138
RO,080139
RO,080141
RO,080151
RO,080152
RO,080153
RO,080154
RO,080155
RO,080156
RO,080157
RO,080158
RO,080159
RO,080161
RO,080162
RO,080163
RO,080164
RO,080165
RO,080166
RO,080167
RO,080168
RO,080169
RO,080181
RO,080182
RO,080183
RO,080184
RO,080185
RO,080186
RO,080187
RO,080191
RO,080192
RO,080193
RO,080194
RO,080195
RO,080196
RO,080197
RO,080198
RO,080199
RO,080201
RO,080202
RO,080203
RO,080205
RO,080206
RO,080207
RO,080211
RO,080212
RO,080213
RO,080214
RO,080215
RO,080232
RO,080233
RO,080234
RO,080235
RO,080241
RO,080242
RO,080243
RO,080244
RO,080246
RO,080248
RO,080249
RO,080251
RO,080252
RO,080253
RO,080254
RO,080255
RO,080256
RO,080257
RO,080258
RO,080259
RO,080261
RO,080262
RO,080263
RO,080265
RO,080266
RO,080271
RO,080272
RO,080273
RO,080274
RO,080275
RO,080276
RO,080277
RO,080278
RO,080279
RO,080291
RO,080292
RO,080293
RO,080294
RO,080295
RO,080296
RO,080297
RO,080298
RO,080299
RO,080301
RO,080302
RO,080303
RO,080304
RO,080305
RO,080306
RO,080307
RO,080308
RO,080309
RO,080311
RO,080312
RO,080313
RO,080314
RO,080315
RO,080316
RO,080317
RO,080318
RO,080319
RO,080321
RO,080322
RO,080323
RO,080324
RO,080325
RO,080326
RO,080327
RO,080331
RO,080332
RO,080333
RO,080334
RO,080335
RO,080336
RO,080337
RO,080338
RO,080339
RO,080341
RO,080342
RO,080343
RO,080344
RO,080347
RO,080349
RO,080351
RO,080353
RO,080355
RO,080361
RO,080362
RO,080363
RO,080364
RO,080365
RO,080366
RO,080371
RO,080372
RO,080373
RO,080374
RO,080375
RO,080376
RO,080381
RO,080382
RO,080383
RO,080384
RO,080385
RO,080386
RO,080387
RO,080388
RO,080389
RO,080391
RO,080392
RO,080393
RO,080394
RO,080395
RO,080396
RO,080397
RO,080398
RO,080399
RO,080401
RO,080402
RO,080403
RO,080404
RO,080405
RO,080406
RO,080411
RO,080412
RO,080413
RO,080414
RO,080415
RO,080421
RO,080422
RO,080423
RO,080424
RO,080425
RO,080426
RO,080427
RO,080428
RO,080429
RO,080431
RO,080432
RO,080433
RO,080434
RO,080435
RO,080436
RO,080437
RO,080438
RO,080441
RO,080442
RO,080443
RO,080444
RO,080445
RO,080446
RO,080447
RO,080448
RO,080449
RO,080451
RO,080452
RO,080453
RO,080454
RO,080455
RO,080456
RO,080457
RO,080458
RO,080459
RO,080461
RO,080471
RO,080472
RO,080473
RO,080474
RO,080475
RO,080476
RO,080477
RO,080478
RO,080479
RO,080481
RO,080482
RO,080483
RO,080484
RO,080485
RO,080486
RO,080487
RO,080488
RO,080489
RO,080491
RO,080492
RO,080493
RO,080494
RO,080495
RO,080496
RO,080497
RO,080498
RO,080501
RO,080502
RO,080503
RO,080504
RO,080505
RO,080506
RO,080507
RO,080508
RO,080509
RO,080511
RO,080521
RO,080522
RO,080523
RO,080524
RO,080525
RO,080526
RO,080527
RO,080528
RO,080529
RO,080531
RO,080532
RO,080533
RO,080534
RO,080535
RO,080536
RO,080537
RO,080538
RO,080539
RO,080541
RO,080542
RO,080543
RO,080544
RO,080549
RO,080551
RO,080552
RO,080553
RO,080554
RO,080555
RO,080556
RO,080557
RO,080558
RO,080559
RO,080561
RO,080562
RO,080563
RO,080564
RO,080565
RO,080566
RO,080567
RO,080568
RO,080569
RO,080571
RO,080572
RO,080573
RO,080574
RO,080575
RO,080576
RO,080577
RO,080578
RO,080579
RO,080581
RO,080582
RO,080583
RO,080591
RO,080592
RO,080593
RO,080594
RO,080595
RO,080596
RO,080597
RO,080598
RO,080599
RO,080601
RO,080602
RO,080603
RO,080604
RO,080605
RO,080606
RO,080611
RO,080612
RO,080613
RO,080614
RO,080615
RO,080616
RO,080617
RO,080618
RO,080619
RO,080621
RO,080622
RO,080623
RO,080624
RO,080625
RO,080626
RO,080627
RO,080628
RO,080629
RO,080631
RO,080632
RO,080641
RO,080642
RO,080643
RO,080644
RO,080645
RO,080646
RO,080647
RO,080648
RO,080649
RO,080651
RO,080652
RO,080653
RO,080654
RO,080655
RO,080656
RO,080657
RO,080658
RO,080659
RO,080661
RO,080662
RO,080663
RO,080664
RO,080665
RO,080666
RO,080667
RO,080668
RO,080669
RO,080671
RO,080672
RO,080673
RO,080674
RO,080675
RO,080676
RO,080677
RO,080678
RO,080679
RO,080681
RO,080682
RO,080683
RO,080691
RO,080692
RO,080693
RO,080694
RO,080695
RO,080696
RO,080697
RO,080698
RO,080699
RO,080701
RO,080702
RO,080711
RO,080712
RO,080713
RO,080714
RO,080715
RO,080716
RO,080717
RO,080718
RO,080719
RO,080721
RO,080722
RO,080723
RO,080724
RO,080725
RO,080726
RO,080731
RO,080732
RO,080733
RO,080734
RO,080841
RO,080851
RO,080852
RO,080861
RO,080881
RO,080882
RO,085100
RO,085101
RO,085102
RO,085103
RO,085200
RO,085201
RO,085202
RO,085203
RO,087005
RO,087006
RO,087007
RO,087008
RO,087010
RO,087011
RO,087012
RO,087013
RO,087015
RO,087016
RO,087020
RO,087021
RO,087022
RO,087023
RO,087024
RO,087026
RO,087027
RO,087030
RO,087031
RO,087032
RO,087033
RO,087035
RO,087036
RO,087037
RO,087038
RO,087040
RO,087041
RO,087042
RO,087043
RO,087044
RO,087045
RO,087046
RO,087047
RO,087048
RO,087050
RO,087051
RO,087055
RO,087056
RO,087057
RO,087058
RO,087059
RO,087060
RO,087061
RO,087062
RO,087063
RO,087064
RO,087066
RO,087070
RO,087071
RO,087075
RO,087076
RO,087077
RO,087078
RO,087080
RO,087081
RO,087082
RO,087085
RO,087086
RO,087087
RO,087088
RO,087090
RO,087091
RO,087092
RO,087095
RO,087096
RO,087097
RO,087098
RO,087100
RO,087101
RO,087102
RO,087103
RO,087105
RO,087106
RO,087110
RO,087115
RO,087116
RO,087117
RO,087120
RO,087121
RO,087122
RO,087125
RO,087126
RO,087127
RO,087128
RO,087129
RO,087130
RO,087131
RO,087132
RO,087133
RO,087134
RO,087136
RO,087140
RO,087141
RO,087142
RO,087143
RO,087144
RO,087146
RO,087150
RO,087151
RO,087152
RO,087153
RO,087155
RO,087156
RO,087157
RO,087160
RO,087165
RO,087170
RO,087171
RO,087175
RO,087176
RO,087177
RO,087180
RO,087181
RO,087185
RO,087186
RO,087187
RO,087190
RO,087191
RO,087192
RO,087193
RO,087195
RO,087196
RO,087197
RO,087198
RO,087200
RO,087201
RO,087202
RO,087203
RO,087205
RO,087206
RO,087207
RO,087210
RO,087215
RO,087216
RO,087217
RO,087218
RO,087220
RO,087221
RO,087222
RO,087225
RO,087226
RO,087230
RO,087231
RO,087232
RO,087233
RO,087234
RO,087236
RO,087237
RO,087238
RO,087240
RO,087245
RO,087246
RO,087250
RO,087251
RO,087252
RO,087253
RO,087254
RO,087256
RO,087257
RO,087258
RO,087260
RO,087261
RO,100001
RO,100002
RO,100003
RO,100004
RO,100005
RO,100008
RO,100009
RO,100010
RO,100011
RO,100012
RO,100015
RO,100016
RO,100017
RO,100018
RO,100019
RO,100022
RO,100023
RO,100024
RO,100025
RO,100028
RO,100029
RO,100030
RO,100031
RO,100032
RO,100035
RO,100036
RO,100037
RO,100038
RO,100039
RO,100042
RO,100043
RO,100044
RO,100045
RO,100046
RO,100049
RO,100050
RO,100051
RO,100052
RO,100053
RO,100054
RO,100057
RO,100058
RO,100059
RO,100060
RO,100061
RO,100062
RO,100065
RO,100066
RO,100067
RO,100070
RO,100071
RO,100072
RO,100073
RO,100074
RO,100075
RO,100076
RO,100077
RO,100078
RO,100079
RO,100080
RO,100081
RO,100084
RO,100085
RO,100086
RO,100087
RO,100088
RO,100091
RO,100092
RO,100093
RO,100096
RO,100097
RO,100098
RO,100099
RO,100100
RO,100101
RO,100104
RO,100105
RO,100106
RO,100107
RO,100110
RO,100111
RO,100112
RO,100113
RO,100114
RO,100117
RO,100118
RO,100119
RO,100120
RO,100121
RO,100122
RO,100125
RO,100126
RO,100127
RO,100128
RO,100129
RO,100132
RO,100133
RO,100134
RO,100135
RO,100136
RO,100137
RO,100140
RO,100141
RO,100142
RO,100143
RO,100144
RO,100145
RO,100147
RO,100148
RO,100149
RO,100150
RO,100151
RO,100154
RO,100155
RO,100156
RO,100157
RO,100158
RO,100159
RO,100162
RO,100163
RO,100164
RO,100165
RO,100166
RO,100169
RO,100170
RO,100171
RO,100172
RO,100173
RO,100176
RO,100177
RO,100178
RO,100179
RO,100180
RO,100181
RO,100184
RO,100185
RO,100186
RO,100187
RO,100188
RO,100189
RO,100190
RO,100192
RO,100193
RO,100194
RO,100195
RO,100196
RO,100197
RO,100200
RO,100201
RO,100202
RO,100203
RO,100204
RO,100205
RO,100208
RO,100209
RO,100211
RO,100212
RO,100213
RO,100215
RO,100216
RO,100217
RO,100218
RO,100221
RO,100222
RO,100223
RO,100224
RO,100225
RO,100226
RO,100229
RO,100230
RO,100231
RO,100232
RO,100233
RO,100236
RO,100237
RO,100238
RO,100239
RO,100240
RO,100241
RO,100242
RO,100243
RO,100244
RO,100245
RO,100246
RO,100247
RO,100248
RO,100251
RO,100252
RO,100253
RO,100254
RO,100255
RO,100256
RO,100259
RO,100260
RO,100261
RO,100262
RO,100263
RO,100264
RO,100267
RO,100268
RO,100269
RO,100270
RO,100271
RO,100272
RO,100275
RO,100276
RO,100277
RO,100278
RO,100279
RO,100280
RO,100283
RO,100284
RO,100285
RO,100286
RO,100287
RO,100288
RO,100289
RO,100291
RO,100292
RO,100293
RO,100294
RO,100295
RO,100298
RO,100299
RO,100300
RO,100301
RO,100302
RO,100304
RO,100305
RO,100306
RO,100307
RO,100310
RO,100311
RO,100312
RO,100315
RO,100316
RO,100317
RO,100318
RO,100319
RO,100320
RO,100323
RO,100324
RO,100325
RO,100326
RO,100329
RO,100330
RO,100331
RO,100332
RO,100335
RO,100336
RO,100337
RO,100338
RO,100341
RO,100342
RO,100343
RO,100344
RO,100345
RO,100346
RO,100349
RO,100350
RO,100351
RO,100352
RO,100353
RO,100356
RO,100357
RO,100358
RO,100359
RO,100360
RO,100361
RO,100364
RO,100365
RO,100366
RO,100367
RO,100370
RO,100371
RO,100372
RO,100373
RO,100376
RO,100377
RO,100378
RO,100379
RO,100382
RO,100383
RO,100384
RO,100385
RO,100388
RO,100389
RO,100390
RO,100391
RO,100392
RO,100395
RO,100396
RO,100397
RO,100398
RO,100399
RO,100400
RO,100403
RO,100404
RO,100405
RO,100406
RO,100409
RO,100410
RO,100411
RO,100412
RO,100413
RO,100414
RO,100416
RO,100417
RO,100418
RO,100419
RO,100420
RO,100421
RO,100424
RO,100425
RO,100426
RO,100427
RO,100430
RO,100431
RO,100432
RO,100433
RO,100434
RO,100437
RO,100438
RO,100439
RO,100440
RO,100441
RO,100444
RO,100445
RO,100446
RO,100447
RO,100448
RO,100449
RO,100452
RO,100453
RO,100454
RO,100455
RO,100456
RO,100457
RO,100458
RO,100461
RO,100462
RO,100463
RO,100464
RO,100465
RO,100466
RO,100467
RO,100468
RO,100469
RO,100470
RO,100473
RO,100474
RO,100475
RO,100476
RO,100477
RO,100478
RO,100481
RO,100482
RO,100483
RO,100484
RO,100485
RO,100486
RO,100489
RO,100490
RO,100491
RO,100492
RO,100493
RO,100494
RO,100496
RO,100497
RO,100498
RO,100499
RO,100500
RO,100501
RO,100502
RO,100503
RO,100506
RO,100507
RO,100509
RO,100510
RO,100511
RO,100514
RO,100515
RO,100516
RO,100517
RO,100519
RO,100520
RO,100521
RO,100522
RO,100525
RO,100526
RO,100527
RO,100528
RO,100529
RO,100531
RO,100532
RO,100533
RO,100534
RO,100537
RO,100538
RO,100539
RO,100540
RO,100543
RO,100544
RO,100545
RO,100546
RO,100547
RO,100548
RO,100550
RO,100551
RO,100552
RO,100553
RO,100554
RO,100555
RO,100558
RO,100559
RO,100560
RO,100561
RO,100562
RO,100565
RO,100566
RO,100567
RO,100568
RO,100569
RO,100570
RO,100573
RO,100574
RO,100575
RO,100576
RO,100577
RO,100578
RO,100581
RO,100582
RO,100583
RO,100584
RO,100585
RO,105100
RO,105200
RO,105201
RO,105202
RO,105203
RO,105204
RO,105250
RO,105300
RO,105301
RO,105400
RO,105401
RO,105402
RO,105403
RO,105404
RO,105405
RO,105406
RO,105407
RO,105408
RO,105409
RO,105410
RO,105500
RO,105550
RO,105600
RO,105700
RO,105701
RO,105702
RO,105703
RO,105704
RO,105800
RO,105801
RO,105900
RO,106100
RO,106200
RO,106201
RO,106202
RO,106300
RO,106301
RO,106302
RO,106303
RO,106304
RO,106305
RO,106306
RO,106307
RO,106308
RO,106309
RO,106310
RO,106311
RO,106312
RO,106313
RO,106314
RO,106315
RO,106316
RO,106400
RO,107005
RO,107006
RO,107007
RO,107010
RO,107011
RO,107012
RO,107013
RO,107015
RO,107016
RO,107020
RO,107021
RO,107022
RO,107023
RO,107024
RO,107025
RO,107026
RO,107027
RO,107028
RO,107029
RO,107030
RO,107031
RO,107035
RO,107036
RO,107037
RO,107038
RO,107039
RO,107040
RO,107041
RO,107042
RO,107043
RO,107045
RO,107046
RO,107047
RO,107050
RO,107051
RO,107055
RO,107056
RO,107057
RO,107058
RO,107059
RO,107060
RO,107061
RO,107062
RO,107063
RO,107064
RO,107065
RO,107066
RO,107070
RO,107071
RO,107072
RO,107075
RO,107076
RO,107077
RO,107080
RO,107082
RO,107083
RO,107084
RO,107086
RO,107087
RO,107088
RO,107090
RO,107100
RO,107101
RO,107102
RO,107103
RO,107105
RO,107110
RO,107111
RO,107112
RO,107113
RO,107114
RO,107115
RO,107116
RO,107120
RO,107121
RO,107125
RO,107126
RO,107127
RO,107128
RO,107129
RO,107130
RO,107140
RO,107141
RO,107142
RO,107143
RO,107144
RO,107146
RO,107150
RO,107151
RO,107152
RO,107155
RO,107156
RO,107160
RO,107165
RO,107166
RO,107167
RO,107170
RO,107171
RO,107172
RO,107173
RO,107175
RO,107176
RO,107177
RO,107180
RO,107185
RO,107186
RO,107187
RO,107188
RO,107189
RO,107190
RO,107191
RO,107192
RO,107193
RO,107194
RO,107196
RO,107197
RO,107198
RO,107199
RO,107201
RO,107202
RO,107203
RO,107210
RO,107211
RO,107212
RO,107213
RO,107214
RO,107216
RO,107217
RO,107220
RO,107221
RO,107222
RO,107223
RO,107224
RO,107226
RO,107230
RO,107231
RO,107232
RO,107233
RO,107234
RO,107236
RO,107240
RO,107241
RO,107242
RO,107243
RO,107244
RO,107245
RO,107246
RO,107247
RO,107248
RO,107250
RO,107251
RO,107252
RO,107253
RO,107254
RO,107255
RO,107256
RO,107257
RO,107258
RO,107259
RO,107260
RO,107261
RO,107262
RO,107265
RO,107266
RO,107267
RO,107268
RO,107269
RO,107271
RO,107272
RO,107275
RO,107276
RO,107277
RO,107278
RO,107280
RO,107285
RO,107286
RO,107287
RO,107288
RO,107290
RO,107291
RO,107292
RO,107293
RO,107294
RO,107296
RO,107300
RO,107301
RO,107302
RO,107305
RO,107306
RO,107307
RO,107308
RO,107309
RO,107310
RO,107311
RO,107312
RO,107313
RO,107314
RO,107316
RO,107320
RO,107321
RO,107322
RO,107323
RO,107324
RO,107326
RO,107330
RO,107331
RO,107332
RO,107333
RO,107335
RO,107336
RO,107337
RO,107338
RO,107340
RO,107341
RO,107342
RO,107343
RO,107345
RO,107346
RO,107347
RO,107350
RO,107351
RO,107352
RO,107355
RO,107356
RO,107357
RO,107358
RO,107359
RO,107361
RO,107362
RO,107363
RO,107364
RO,107365
RO,107375
RO,107376
RO,107377
RO,107378
RO,107379
RO,107381
RO,107382
RO,107383
RO,107384
RO,107386
RO,107387
RO,107388
RO,107389
RO,107395
RO,107396
RO,107397
RO,107398
RO,107399
RO,107400
RO,107401
RO,107402
RO,107403
RO,107405
RO,107406
RO,107407
RO,107408
RO,107410
RO,107411
RO,107412
RO,107413
RO,107414
RO,107416
RO,107417
RO,107418
RO,107419
RO,107421
RO,107425
RO,107426
RO,107427
RO,107428
RO,107430
RO,107431
RO,107432
RO,107433
RO,107434
RO,107436
RO,107437
RO,107438
RO,107440
RO,107441
RO,107442
RO,107443
RO,107444
RO,107446
RO,107447
RO,107448
RO,107449
RO,107451
RO,107452
RO,107460
RO,107461
RO,107462
RO,107463
RO,107464
RO,107466
RO,107467
RO,107468
RO,107469
RO,107471
RO,107475
RO,107476
RO,107477
RO,107480
RO,107481
RO,107482
RO,107483
RO,107485
RO,107486
RO,107487
RO,107488
RO,107489
RO,107491
RO,107492
RO,107495
RO,107496
RO,107497
RO,107498
RO,107499
RO,107501
RO,107502
RO,107503
RO,107504
RO,107505
RO,107510
RO,107515
RO,107516
RO,107517
RO,107518
RO,107519
RO,107521
RO,107525
RO,107526
RO,107527
RO,107528
RO,107529
RO,107530
RO,107535
RO,107536
RO,107537
RO,107538
RO,107539
RO,107541
RO,107542
RO,107543
RO,107545
RO,107546
RO,107550
RO,107551
RO,107552
RO,107553
RO,107554
RO,107556
RO,107560
RO,107561
RO,107562
RO,107565
RO,107566
RO,107567
RO,107568
RO,107569
RO,107571
RO,107575
RO,107576
RO,107577
RO,107580
RO,107581
RO,107585
RO,107586
RO,107587
RO,107590
RO,107591
RO,107592
RO,107593
RO,107595
RO,107596
RO,107597
RO,107598
RO,107599
RO,107600
RO,107601
RO,107602
RO,107603
RO,107604
RO,107606
RO,107610
RO,107611
RO,107612
RO,107615
RO,107616
RO,107617
RO,107618
RO,107620
RO,107621
RO,107622
RO,107623
RO,107624
RO,107626
RO,107627
RO,107628
RO,107629
RO,107631
RO,107632
RO,107633
RO,107634
RO,107636
RO,107637
RO,107640
RO,107641
RO,107645
RO,107650
RO,107651
RO,107652
RO,107653
RO,107654
RO,107655
RO,107656
RO,107657
RO,110001
RO,110002
RO,110003
RO,110004
RO,110005
RO,110006
RO,110009
RO,110010
RO,110011
RO,110012
RO,110013
RO,110014
RO,110015
RO,110016
RO,110017
RO,110018
RO,110019
RO,110020
RO,110021
RO,110022
RO,110023
RO,110024
RO,110025
RO,110026
RO,110028
RO,110029
RO,110030
RO,110031
RO,110032
RO,110033
RO,110036
RO,110039
RO,110040
RO,110041
RO,110042
RO,110043
RO,110044
RO,110046
RO,110047
RO,110048
RO,110049
RO,110050
RO,110051
RO,110052
RO,110053
RO,110054
RO,110055
RO,110057
RO,110058
RO,110059
RO,110060
RO,110061
RO,110062
RO,110063
RO,110065
RO,110066
RO,110067
RO,110068
RO,110069
RO,110072
RO,110073
RO,110074
RO,110075
RO,110078
RO,110079
RO,110080
RO,110081
RO,110085
RO,110086
RO,110087
RO,110088
RO,110089
RO,110090
RO,110093
RO,110094
RO,110095
RO,110096
RO,110097
RO,110098
RO,110101
RO,110102
RO,110103
RO,110104
RO,110107
RO,110108
RO,110109
RO,110110
RO,110111
RO,110112
RO,110113
RO,110114
RO,110117
RO,110118
RO,110119
RO,110120
RO,110121
RO,110124
RO,110125
RO,110126
RO,110128
RO,110129
RO,110132
RO,110133
RO,110134
RO,110135
RO,110138
RO,110139
RO,110140
RO,110141
RO,110142
RO,110143
RO,110144
RO,110147
RO,110148
RO,110149
RO,110150
RO,110151
RO,110152
RO,110153
RO,110154
RO,110155
RO,110157
RO,110158
RO,110159
RO,110160
RO,110161
RO,110162
RO,110163
RO,110164
RO,110165
RO,110166
RO,110167
RO,110168
RO,110171
RO,110172
RO,110173
RO,110174
RO,110175
RO,110176
RO,110177
RO,110180
RO,110181
RO,110182
RO,110183
RO,110184
RO,110185
RO,110186
RO,110187
RO,110188
RO,110189
RO,110190
RO,110191
RO,110192
RO,110193
RO,110194
RO,110195
RO,110196
RO,110197
RO,110198
RO,110199
RO,110200
RO,110201
RO,110202
RO,110203
RO,110206
RO,110207
RO,110208
RO,110209
RO,110210
RO,110211
RO,110214
RO,110215
RO,110216
RO,110217
RO,110218
RO,110219
RO,110221
RO,110222
RO,110223
RO,110224
RO,110225
RO,110226
RO,110227
RO,110228
RO,110229
RO,110231
RO,110232
RO,110233
RO,110234
RO,110235
RO,110236
RO,110240
RO,110241
RO,110242
RO,110243
RO,110244
RO,110245
RO,110246
RO,110247
RO,110250
RO,110251
RO,110252
RO,110253
RO,110254
RO,110255
RO,110256
RO,110257
RO,110258
RO,110259
RO,110260
RO,110263
RO,110264
RO,110265
RO,110266
RO,110267
RO,110268
RO,110269
RO,110270
RO,110271
RO,110272
RO,110273
RO,110274
RO,110275
RO,110276
RO,110277
RO,110280
RO,110281
RO,110282
RO,110283
RO,110284
RO,110285
RO,110286
RO,110287
RO,110288
RO,110291
RO,110292
RO,110293
RO,110294
RO,110295
RO,110296
RO,110297
RO,110298
RO,110299
RO,110300
RO,110301
RO,110302
RO,110303
RO,110304
RO,110305
RO,110306
RO,110307
RO,110308
RO,110310
RO,110311
RO,110312
RO,110313
RO,110314
RO,110315
RO,110316
RO,110317
RO,110318
RO,110320
RO,110321
RO,110322
RO,110323
RO,110324
RO,110325
RO,110326
RO,110328
RO,110329
RO,110330
RO,110331
RO,110332
RO,110335
RO,110336
RO,110337
RO,110338
RO,110339
RO,110340
RO,110341
RO,110343
RO,110344
RO,110345
RO,110346
RO,110347
RO,110348
RO,110349
RO,110350
RO,110351
RO,110352
RO,110354
RO,110355
RO,110356
RO,110357
RO,110358
RO,110359
RO,110362
RO,110363
RO,110364
RO,110365
RO,110366
RO,110367
RO,110368
RO,110369
RO,110370
RO,110371
RO,110372
RO,110373
RO,110374
RO,110375
RO,110376
RO,110377
RO,110378
RO,110379
RO,110380
RO,110381
RO,110384
RO,110385
RO,110386
RO,110387
RO,110388
RO,110389
RO,110390
RO,110392
RO,110393
RO,110394
RO,110395
RO,110396
RO,110397
RO,110398
RO,110399
RO,110400
RO,110401
RO,110403
RO,110404
RO,110405
RO,110406
RO,110407
RO,110408
RO,110409
RO,110410
RO,110412
RO,110413
RO,110414
RO,110415
RO,110416
RO,110418
RO,110419
RO,110420
RO,110421
RO,110423
RO,110424
RO,110425
RO,110426
RO,110429
RO,110430
RO,110431
RO,110432
RO,110433
RO,110434
RO,110435
RO,110437
RO,110438
RO,110439
RO,110440
RO,110441
RO,110442
RO,115100
RO,115101
RO,115200
RO,115201
RO,115202
RO,115203
RO,115204
RO,115205
RO,115206
RO,115300
RO,115301
RO,115400
RO,115401
RO,115402
RO,115403
RO,115404
RO,115500
RO,115501
RO,115502
RO,115503
RO,115504
RO,117005
RO,117006
RO,117007
RO,117008
RO,117009
RO,117010
RO,117011
RO,117012
RO,117025
RO,117026
RO,117027
RO,117028
RO,117030
RO,117031
RO,117032
RO,117033
RO,117034
RO,117035
RO,117036
RO,117037
RO,117038
RO,117040
RO,117041
RO,117042
RO,117045
RO,117046
RO,117047
RO,117048
RO,117049
RO,117051
RO,117052
RO,117053
RO,117055
RO,117056
RO,117057
RO,117058
RO,117059
RO,117061
RO,117062
RO,117065
RO,117066
RO,117067
RO,117068
RO,117069
RO,117071
RO,117072
RO,117073
RO,117074
RO,117076
RO,117080
RO,117081
RO,117082
RO,117083
RO,117084
RO,117086
RO,117087
RO,117090
RO,117091
RO,117092
RO,117093
RO,117094
RO,117096
RO,117097
RO,117098
RO,117099
RO,117101
RO,117102
RO,117103
RO,117110
RO,117111
RO,117112
RO,117113
RO,117114
RO,117115
RO,117116
RO,117117
RO,117118
RO,117120
RO,117121
RO,117122
RO,117123
RO,117124
RO,117126
RO,117127
RO,117128
RO,117130
RO,117131
RO,117132
RO,117133
RO,117135
RO,117136
RO,117140
RO,117141
RO,117145
RO,117146
RO,117147
RO,117148
RO,117149
RO,117151
RO,117152
RO,117153
RO,117154
RO,117155
RO,117156
RO,117157
RO,117158
RO,117159
RO,117161
RO,117162
RO,117165
RO,117170
RO,117171
RO,117172
RO,117173
RO,117174
RO,117176
RO,117177
RO,117178
RO,117179
RO,117181
RO,117182
RO,117190
RO,117191
RO,117192
RO,117195
RO,117196
RO,117197
RO,117198
RO,117199
RO,117201
RO,117202
RO,117203
RO,117204
RO,117206
RO,117207
RO,117210
RO,117220
RO,117221
RO,117222
RO,117223
RO,117224
RO,117226
RO,117227
RO,117230
RO,117231
RO,117232
RO,117233
RO,117234
RO,117236
RO,117237
RO,117238
RO,117239
RO,117240
RO,117241
RO,117242
RO,117245
RO,117246
RO,117247
RO,117248
RO,117250
RO,117251
RO,117252
RO,117253
RO,117254
RO,117255
RO,117256
RO,117257
RO,117258
RO,117259
RO,117261
RO,117262
RO,117263
RO,117264
RO,117265
RO,117266
RO,117267
RO,117268
RO,117269
RO,117271
RO,117272
RO,117273
RO,117275
RO,117276
RO,117277
RO,117278
RO,117279
RO,117281
RO,117282
RO,117283
RO,117285
RO,117286
RO,117287
RO,117288
RO,117289
RO,117291
RO,117295
RO,117296
RO,117297
RO,117298
RO,117299
RO,117301
RO,117302
RO,117305
RO,117306
RO,117307
RO,117308
RO,117309
RO,117310
RO,117311
RO,117312
RO,117313
RO,117314
RO,117316
RO,117317
RO,117318
RO,117319
RO,117330
RO,117331
RO,117332
RO,117333
RO,117334
RO,117336
RO,117337
RO,117338
RO,117339
RO,117341
RO,117342
RO,117343
RO,117344
RO,117346
RO,117350
RO,117351
RO,117352
RO,117355
RO,117356
RO,117357
RO,117360
RO,117361
RO,117362
RO,117363
RO,117364
RO,117365
RO,117366
RO,117370
RO,117375
RO,117376
RO,117380
RO,117381
RO,117382
RO,117383
RO,117384
RO,117385
RO,117386
RO,117387
RO,117388
RO,117389
RO,117390
RO,117391
RO,117392
RO,117395
RO,117396
RO,117397
RO,117398
RO,117399
RO,117401
RO,117402
RO,117405
RO,117410
RO,117411
RO,117412
RO,117413
RO,117414
RO,117416
RO,117417
RO,117418
RO,117419
RO,117421
RO,117422
RO,117423
RO,117424
RO,117426
RO,117430
RO,117431
RO,117432
RO,117435
RO,117436
RO,117437
RO,117438
RO,117439
RO,117441
RO,117442
RO,117443
RO,117444
RO,117445
RO,117446
RO,117447
RO,117448
RO,117449
RO,117450
RO,117451
RO,117455
RO,117456
RO,117457
RO,117458
RO,117459
RO,117461
RO,117462
RO,117463
RO,117464
RO,117465
RO,117466
RO,117467
RO,117468
RO,117470
RO,117471
RO,117472
RO,117473
RO,117474
RO,117476
RO,117477
RO,117480
RO,117481
RO,117482
RO,117483
RO,117484
RO,117486
RO,117490
RO,117491
RO,117495
RO,117496
RO,117497
RO,117498
RO,117499
RO,117501
RO,117505
RO,117506
RO,117507
RO,117508
RO,117509
RO,117511
RO,117512
RO,117515
RO,117516
RO,117517
RO,117520
RO,117521
RO,117522
RO,117523
RO,117524
RO,117526
RO,117527
RO,117528
RO,117529
RO,117531
RO,117535
RO,117536
RO,117537
RO,117538
RO,117540
RO,117541
RO,117542
RO,117543
RO,117545
RO,117546
RO,117550
RO,117551
RO,117552
RO,117553
RO,117554
RO,117555
RO,117556
RO,117557
RO,117558
RO,117559
RO,117561
RO,117562
RO,117563
RO,117564
RO,117566
RO,117567
RO,117568
RO,117569
RO,117575
RO,117576
RO,117577
RO,117578
RO,117579
RO,117580
RO,117581
RO,117582
RO,117583
RO,117584
RO,117586
RO,117590
RO,117591
RO,117592
RO,117593
RO,117594
RO,117596
RO,117597
RO,117600
RO,117601
RO,117602
RO,117603
RO,117604
RO,117606
RO,117607
RO,117608
RO,117610
RO,117611
RO,117612
RO,117613
RO,117614
RO,117616
RO,117617
RO,117620
RO,117621
RO,117622
RO,117623
RO,117624
RO,117625
RO,117626
RO,117627
RO,117628
RO,117630
RO,117631
RO,117635
RO,117636
RO,117640
RO,117641
RO,117642
RO,117643
RO,117644
RO,117646
RO,117647
RO,117648
RO,117649
RO,117650
RO,117651
RO,117652
RO,117653
RO,117654
RO,117656
RO,117660
RO,117661
RO,117665
RO,117666
RO,117667
RO,117668
RO,117669
RO,117671
RO,117672
RO,117675
RO,117676
RO,117677
RO,117678
RO,117679
RO,117681
RO,117682
RO,117685
RO,117686
RO,117687
RO,117688
RO,117689
RO,117691
RO,117695
RO,117696
RO,117697
RO,117698
RO,117699
RO,117701
RO,117702
RO,117703
RO,117704
RO,117706
RO,117710
RO,117711
RO,117715
RO,117716
RO,117717
RO,117718
RO,117719
RO,117721
RO,117722
RO,117723
RO,117725
RO,117726
RO,117727
RO,117728
RO,117729
RO,117731
RO,117735
RO,117736
RO,117740
RO,117741
RO,117742
RO,117743
RO,117744
RO,117746
RO,117747
RO,117748
RO,117750
RO,117751
RO,117752
RO,117753
RO,117754
RO,117755
RO,117756
RO,117757
RO,117758
RO,117759
RO,117761
RO,117762
RO,117763
RO,117764
RO,117766
RO,117767
RO,117768
RO,117769
RO,117771
RO,117772
RO,117773
RO,117780
RO,117781
RO,117782
RO,117783
RO,117784
RO,117786
RO,117790
RO,117791
RO,117792
RO,117793
RO,117794
RO,117795
RO,117796
RO,117797
RO,117798
RO,117799
RO,117801
RO,117802
RO,117803
RO,117804
RO,117805
RO,117806
RO,117807
RO,117808
RO,117809
RO,117811
RO,117812
RO,117813
RO,117815
RO,117816
RO,117817
RO,117818
RO,117819
RO,117821
RO,117822
RO,117823
RO,117824
RO,117826
RO,117827
RO,117828
RO,117829
RO,117831
RO,117832
RO,117833
RO,117834
RO,117836
RO,117837
RO,117840
RO,117841
RO,117842
RO,117843
RO,120001
RO,120002
RO,120003
RO,120004
RO,120005
RO,120006
RO,120009
RO,120010
RO,120011
RO,120012
RO,120013
RO,120014
RO,120017
RO,120018
RO,120019
RO,120020
RO,120021
RO,120024
RO,120025
RO,120026
RO,120029
RO,120030
RO,120031
RO,120032
RO,120033
RO,120036
RO,120037
RO,120038
RO,120039
RO,120040
RO,120043
RO,120044
RO,120045
RO,120046
RO,120049
RO,120051
RO,120052
RO,120055
RO,120057
RO,120058
RO,120061
RO,120062
RO,120063
RO,120064
RO,120067
RO,120068
RO,120069
RO,120072
RO,120073
RO,120074
RO,120075
RO,120076
RO,120077
RO,120080
RO,120081
RO,120082
RO,120083
RO,120086
RO,120087
RO,120088
RO,120089
RO,120092
RO,120093
RO,120094
RO,120097
RO,120098
RO,120099
RO,120103
RO,120104
RO,120105
RO,120106
RO,120107
RO,120110
RO,120111
RO,120112
RO,120113
RO,120114
RO,120115
RO,120118
RO,120119
RO,120120
RO,120121
RO,120124
RO,120125
RO,120126
RO,120127
RO,120130
RO,120131
RO,120132
RO,120133
RO,120136
RO,120137
RO,120138
RO,120139
RO,120140
RO,120143
RO,120144
RO,120145
RO,120148
RO,120149
RO,120150
RO,120151
RO,120154
RO,120155
RO,120156
RO,120157
RO,120158
RO,120159
RO,120162
RO,120163
RO,120164
RO,120167
RO,120168
RO,120169
RO,120170
RO,120171
RO,120172
RO,120174
RO,120175
RO,120176
RO,120177
RO,120178
RO,120181
RO,120182
RO,120183
RO,120184
RO,120187
RO,120188
RO,120189
RO,120190
RO,120191
RO,120194
RO,120195
RO,120196
RO,120197
RO,120200
RO,120201
RO,120202
RO,120203
RO,120204
RO,120207
RO,120208
RO,120209
RO,120212
RO,120213
RO,120214
RO,120217
RO,120218
RO,120219
RO,120222
RO,120223
RO,120224
RO,120225
RO,120226
RO,120229
RO,120230
RO,120231
RO,120234
RO,120235
RO,120236
RO,120237
RO,120238
RO,120241
RO,120242
RO,120243
RO,120246
RO,120247
RO,120248
RO,120251
RO,120252
RO,120253
RO,120254
RO,120257
RO,120260
RO,120261
RO,120262
RO,120265
RO,120266
RO,120267
RO,120271
RO,120272
RO,120273
RO,120274
RO,120277
RO,120278
RO,120279
RO,120280
RO,120281
RO,120282
RO,125100
RO,125101
RO,125102
RO,125103
RO,125104
RO,125105
RO,125106
RO,125107
RO,125108
RO,125109
RO,125200
RO,125201
RO,125300
RO,127005
RO,127006
RO,127007
RO,127008
RO,127009
RO,127011
RO,127015
RO,127016
RO,127017
RO,127018
RO,127020
RO,127025
RO,127026
RO,127027
RO,127028
RO,127029
RO,127031
RO,127032
RO,127033
RO,127034
RO,127035
RO,127036
RO,127037
RO,127038
RO,127039
RO,127041
RO,127042
RO,127043
RO,127044
RO,127046
RO,127047
RO,127048
RO,127049
RO,127055
RO,127056
RO,127057
RO,127058
RO,127059
RO,127061
RO,127062
RO,127063
RO,127065
RO,127066
RO,127070
RO,127075
RO,127076
RO,127077
RO,127078
RO,127079
RO,127081
RO,127082
RO,127083
RO,127084
RO,127086
RO,127090
RO,127091
RO,127092
RO,127095
RO,127096
RO,127097
RO,127098
RO,127099
RO,127101
RO,127102
RO,127105
RO,127106
RO,127107
RO,127108
RO,127109
RO,127110
RO,127111
RO,127112
RO,127113
RO,127114
RO,127116
RO,127117
RO,127120
RO,127121
RO,127122
RO,127123
RO,127124
RO,127126
RO,127130
RO,127131
RO,127132
RO,127133
RO,127134
RO,127135
RO,127136
RO,127137
RO,127138
RO,127139
RO,127141
RO,127145
RO,127146
RO,127147
RO,127148
RO,127149
RO,127150
RO,127151
RO,127152
RO,127153
RO,127154
RO,127156
RO,127157
RO,127158
RO,127160
RO,127161
RO,127162
RO,127163
RO,127164
RO,127166
RO,127167
RO,127170
RO,127171
RO,127172
RO,127173
RO,127174
RO,127176
RO,127180
RO,127181
RO,127182
RO,127183
RO,127184
RO,127185
RO,127186
RO,127187
RO,127188
RO,127189
RO,127190
RO,127191
RO,127192
RO,127193
RO,127194
RO,127195
RO,127196
RO,127197
RO,127198
RO,127200
RO,127201
RO,127202
RO,127203
RO,127204
RO,127206
RO,127210
RO,127211
RO,127212
RO,127213
RO,127214
RO,127216
RO,127217
RO,127218
RO,127219
RO,127221
RO,127222
RO,127223
RO,127224
RO,127226
RO,127227
RO,127228
RO,127229
RO,127231
RO,127232
RO,127233
RO,127240
RO,127241
RO,127242
RO,127245
RO,127246
RO,127250
RO,127251
RO,127255
RO,127256
RO,127257
RO,127258
RO,127260
RO,127261
RO,127262
RO,127263
RO,127264
RO,127266
RO,127267
RO,127268
RO,127270
RO,127271
RO,127272
RO,127273
RO,127274
RO,127276
RO,127280
RO,127281
RO,127282
RO,127283
RO,127284
RO,127286
RO,127287
RO,127290
RO,127291
RO,127295
RO,127296
RO,127297
RO,127298
RO,127299
RO,127301
RO,127302
RO,127303
RO,127304
RO,127306
RO,127307
RO,127315
RO,127316
RO,127320
RO,127321
RO,127322
RO,127323
RO,127325
RO,127326
RO,127327
RO,127330
RO,127331
RO,127332
RO,127335
RO,127336
RO,127337
RO,127338
RO,127339
RO,127341
RO,127342
RO,127343
RO,127344
RO,127346
RO,127347
RO,127348
RO,127349
RO,127355
RO,127356
RO,127357
RO,127358
RO,127359
RO,127361
RO,127362
RO,127363
RO,127364
RO,127366
RO,127367
RO,127375
RO,127376
RO,127377
RO,127378
RO,127379
RO,127380
RO,127381
RO,127382
RO,127385
RO,127386
RO,127387
RO,127390
RO,127391
RO,127392
RO,127393
RO,127394
RO,127395
RO,127396
RO,127397
RO,127398
RO,127399
RO,127401
RO,127402
RO,127403
RO,127404
RO,127406
RO,127410
RO,127411
RO,127415
RO,127416
RO,127417
RO,127418
RO,127419
RO,127420
RO,127421
RO,127422
RO,127423
RO,127424
RO,127426
RO,127427
RO,127428
RO,127429
RO,127430
RO,127431
RO,127432
RO,127433
RO,127434
RO,127436
RO,127437
RO,127438
RO,127439
RO,127441
RO,127442
RO,127443
RO,127444
RO,127446
RO,127447
RO,127450
RO,127451
RO,127452
RO,127453
RO,127454
RO,127456
RO,127457
RO,127458
RO,127459
RO,127461
RO,127462
RO,127463
RO,127470
RO,127471
RO,127472
RO,127473
RO,127474
RO,127476
RO,127480
RO,127481
RO,127482
RO,127483
RO,127484
RO,127485
RO,127486
RO,127487
RO,127488
RO,127489
RO,127491
RO,127495
RO,127496
RO,127497
RO,127498
RO,127499
RO,127501
RO,127502
RO,127503
RO,127505
RO,127506
RO,127507
RO,127510
RO,127511
RO,127512
RO,127513
RO,127515
RO,127516
RO,127520
RO,127521
RO,127525
RO,127526
RO,127527
RO,127528
RO,127529
RO,127531
RO,127532
RO,127535
RO,127536
RO,127537
RO,127538
RO,127540
RO,127541
RO,127545
RO,127546
RO,127547
RO,127548
RO,127549
RO,127551
RO,127552
RO,127555
RO,127556
RO,127557
RO,127558
RO,127559
RO,127561
RO,127562
RO,127563
RO,127564
RO,127566
RO,127567
RO,127575
RO,127576
RO,127577
RO,127578
RO,127580
RO,127581
RO,127582
RO,127583
RO,127584
RO,127585
RO,127595
RO,127596
RO,127597
RO,127598
RO,127599
RO,127601
RO,127602
RO,127605
RO,127610
RO,127611
RO,127612
RO,127613
RO,127614
RO,127616
RO,127617
RO,127618
RO,127619
RO,127621
RO,127622
RO,127630
RO,127631
RO,127632
RO,127633
RO,127634
RO,127636
RO,127637
RO,127640
RO,127641
RO,127642
RO,127643
RO,127645
RO,127646
RO,127647
RO,127648
RO,127649
RO,127650
RO,127651
RO,127652
RO,127653
RO,127654
RO,127656
RO,127660
RO,127661
RO,127662
RO,127665
RO,127666
RO,127667
RO,127670
RO,127675
RO,127676
RO,127677
RO,127678
RO,127679
RO,127681
RO,127682
RO,127683
RO,127684
RO,127686
RO,127687
RO,127695
RO,127696
RO,127697
RO,127698
RO,127699
RO,127701
RO,127702
RO,127703
RO,127704
RO,127705
RO,127706
RO,127707
RO,127708
RO,127709
RO,127711
RO,127715
RO,127716
RO,127717
RO,127718
RO,127719
RO,127720
RO,127721
RO,127722
RO,127723
RO,127724
RO,127726
RO,130001
RO,130002
RO,130003
RO,130004
RO,130007
RO,130008
RO,130009
RO,130010
RO,130011
RO,130012
RO,130015
RO,130016
RO,130017
RO,130018
RO,130021
RO,130022
RO,130023
RO,130024
RO,130025
RO,130028
RO,130029
RO,130030
RO,130031
RO,130034
RO,130035
RO,130036
RO,130037
RO,130038
RO,130041
RO,130042
RO,130043
RO,130044
RO,130045
RO,130048
RO,130049
RO,130050
RO,130051
RO,130052
RO,130055
RO,130056
RO,130059
RO,130060
RO,130061
RO,130062
RO,130065
RO,130066
RO,130067
RO,130070
RO,130071
RO,130072
RO,130073
RO,130076
RO,130077
RO,130078
RO,130081
RO,130082
RO,130083
RO,130086
RO,130087
RO,130088
RO,130089
RO,130092
RO,130093
RO,130094
RO,130095
RO,130098
RO,130099
RO,130100
RO,130101
RO,130104
RO,130105
RO,130108
RO,130109
RO,130110
RO,130111
RO,130114
RO,130115
RO,130116
RO,130120
RO,130121
RO,130122
RO,130125
RO,130126
RO,130127
RO,130128
RO,130131
RO,130132
RO,130135
RO,130136
RO,130137
RO,130140
RO,130141
RO,130142
RO,130143
RO,130144
RO,130145
RO,130146
RO,130148
RO,130149
RO,130150
RO,130153
RO,130154
RO,130155
RO,130158
RO,130159
RO,130160
RO,130163
RO,130164
RO,130167
RO,130168
RO,130169
RO,135100
RO,135101
RO,135102
RO,135200
RO,135300
RO,135400
RO,135401
RO,135402
RO,135403
RO,135404
RO,135405
RO,135406
RO,135500
RO,135501
RO,135502
RO,135503
RO,135504
RO,135505
RO,137005
RO,137006
RO,137007
RO,137010
RO,137011
RO,137015
RO,137020
RO,137021
RO,137022
RO,137023
RO,137024
RO,137025
RO,137026
RO,137027
RO,137028
RO,137029
RO,137031
RO,137035
RO,137036
RO,137037
RO,137038
RO,137039
RO,137041
RO,137045
RO,137046
RO,137050
RO,137051
RO,137052
RO,137055
RO,137056
RO,137060
RO,137061
RO,137065
RO,137066
RO,137067
RO,137070
RO,137071
RO,137072
RO,137073
RO,137075
RO,137076
RO,137077
RO,137078
RO,137080
RO,137081
RO,137082
RO,137083
RO,137084
RO,137086
RO,137090
RO,137091
RO,137092
RO,137093
RO,137094
RO,137095
RO,137096
RO,137097
RO,137098
RO,137099
RO,137101
RO,137102
RO,137103
RO,137104
RO,137106
RO,137107
RO,137115
RO,137116
RO,137117
RO,137120
RO,137121
RO,137125
RO,137126
RO,137127
RO,137128
RO,137129
RO,137131
RO,137132
RO,137133
RO,137135
RO,137136
RO,137137
RO,137138
RO,137139
RO,137141
RO,137142
RO,137143
RO,137144
RO,137145
RO,137146
RO,137147
RO,137148
RO,137149
RO,137150
RO,137151
RO,137152
RO,137153
RO,137154
RO,137156
RO,137157
RO,137158
RO,137159
RO,137161
RO,137165
RO,137166
RO,137167
RO,137170
RO,137171
RO,137172
RO,137173
RO,137174
RO,137176
RO,137177
RO,137178
RO,137179
RO,137180
RO,137181
RO,137182
RO,137183
RO,137184
RO,137185
RO,137186
RO,137187
RO,137190
RO,137191
RO,137195
RO,137200
RO,137201
RO,137202
RO,137203
RO,137204
RO,137206
RO,137207
RO,137210
RO,137211
RO,137212
RO,137213
RO,137214
RO,137216
RO,137220
RO,137221
RO,137222
RO,137223
RO,137224
RO,137225
RO,137226
RO,137227
RO,137228
RO,137229
RO,137231
RO,137235
RO,137236
RO,137237
RO,137238
RO,137240
RO,137241
RO,137242
RO,137243
RO,137245
RO,137246
RO,137250
RO,137251
RO,137252
RO,137253
RO,137254
RO,137255
RO,137256
RO,137257
RO,137260
RO,137261
RO,137262
RO,137263
RO,137264
RO,137265
RO,137266
RO,137267
RO,137268
RO,137269
RO,137270
RO,137271
RO,137272
RO,137273
RO,137274
RO,137276
RO,137280
RO,137281
RO,137282
RO,137285
RO,137286
RO,137287
RO,137288
RO,137289
RO,137290
RO,137291
RO,137292
RO,137295
RO,137296
RO,137297
RO,137298
RO,137299
RO,137301
RO,137302
RO,137305
RO,137306
RO,137307
RO,137308
RO,137309
RO,137310
RO,137311
RO,137312
RO,137313
RO,137314
RO,137316
RO,137320
RO,137321
RO,137325
RO,137326
RO,137330
RO,137331
RO,137332
RO,137335
RO,137336
RO,137337
RO,137340
RO,137345
RO,137346
RO,137347
RO,137348
RO,137349
RO,137350
RO,137351
RO,137352
RO,137353
RO,137354
RO,137356
RO,137357
RO,137360
RO,137361
RO,137365
RO,137366
RO,137370
RO,137371
RO,137372
RO,137373
RO,137374
RO,137375
RO,137376
RO,137377
RO,137380
RO,137381
RO,137382
RO,137383
RO,137384
RO,137385
RO,137386
RO,137387
RO,137388
RO,137389
RO,137391
RO,137392
RO,137393
RO,137395
RO,137396
RO,137397
RO,137400
RO,137401
RO,137402
RO,137403
RO,137404
RO,137406
RO,137410
RO,137411
RO,137412
RO,137413
RO,137414
RO,137416
RO,137417
RO,137418
RO,137419
RO,137420
RO,137425
RO,137426
RO,137427
RO,137430
RO,137431
RO,137435
RO,137436
RO,137437
RO,137440
RO,137441
RO,137442
RO,137443
RO,137445
RO,137446
RO,137447
RO,137448
RO,137449
RO,137451
RO,137452
RO,137453
RO,137455
RO,137456
RO,137457
RO,137458
RO,137459
RO,137461
RO,137462
RO,137463
RO,137465
RO,137466
RO,137467
RO,137468
RO,137469
RO,137471
RO,137472
RO,137473
RO,137474
RO,137475
RO,137476
RO,137485
RO,137486
RO,137487
RO,137488
RO,137489
RO,137491
RO,137492
RO,137495
RO,137496
RO,137497
RO,137498
RO,137500
RO,137501
RO,137505
RO,137506
RO,137507
RO,137508
RO,137509
RO,137511
RO,137512
RO,137515
RO,137516
RO,137517
RO,137518
RO,137519
RO,137520
RO,137521
RO,137522
RO,137523
RO,137525
RO,137526
RO,137527
RO,137528
RO,137529
RO,137531
RO,137532
RO,137533
RO,137535
RO,137536
RO,137537
RO,137540
RO,137541
RO,137542
RO,137543
RO,140001
RO,140002
RO,140003
RO,140004
RO,140005
RO,140009
RO,140010
RO,140011
RO,140012
RO,140013
RO,140017
RO,140018
RO,140019
RO,140020
RO,140021
RO,140022
RO,140025
RO,140026
RO,140027
RO,140028
RO,140029
RO,140030
RO,140032
RO,140033
RO,140034
RO,140035
RO,140036
RO,140037
RO,140038
RO,140040
RO,140041
RO,140042
RO,140043
RO,140044
RO,140045
RO,140047
RO,140048
RO,140049
RO,140050
RO,140051
RO,140052
RO,140053
RO,140056
RO,140057
RO,140058
RO,140059
RO,140060
RO,140064
RO,140065
RO,140066
RO,140067
RO,140068
RO,140069
RO,140072
RO,140073
RO,140074
RO,140075
RO,140078
RO,140079
RO,140080
RO,140081
RO,140082
RO,140085
RO,140086
RO,140087
RO,140088
RO,140089
RO,140090
RO,140093
RO,140094
RO,140095
RO,140096
RO,140097
RO,140098
RO,140101
RO,140102
RO,140103
RO,140104
RO,140105
RO,140106
RO,140110
RO,140111
RO,140112
RO,140113
RO,145100
RO,145200
RO,145300
RO,145301
RO,145400
RO,147005
RO,147006
RO,147007
RO,147010
RO,147011
RO,147012
RO,147013
RO,147015
RO,147016
RO,147017
RO,147020
RO,147021
RO,147022
RO,147023
RO,147025
RO,147026
RO,147027
RO,147028
RO,147029
RO,147030
RO,147035
RO,147040
RO,147041
RO,147042
RO,147045
RO,147050
RO,147055
RO,147056
RO,147057
RO,147058
RO,147059
RO,147060
RO,147061
RO,147062
RO,147063
RO,147065
RO,147066
RO,147067
RO,147070
RO,147075
RO,147076
RO,147077
RO,147078
RO,147080
RO,147081
RO,147085
RO,147090
RO,147091
RO,147095
RO,147096
RO,147097
RO,147098
RO,147100
RO,147101
RO,147102
RO,147103
RO,147104
RO,147105
RO,147106
RO,147110
RO,147111
RO,147112
RO,147115
RO,147116
RO,147120
RO,147121
RO,147122
RO,147123
RO,147124
RO,147126
RO,147130
RO,147131
RO,147132
RO,147135
RO,147136
RO,147137
RO,147140
RO,147141
RO,147145
RO,147146
RO,147147
RO,147148
RO,147150
RO,147151
RO,147152
RO,147155
RO,147156
RO,147157
RO,147160
RO,147161
RO,147165
RO,147170
RO,147171
RO,147175
RO,147180
RO,147181
RO,147182
RO,147183
RO,147185
RO,147186
RO,147187
RO,147190
RO,147191
RO,147195
RO,147200
RO,147201
RO,147202
RO,147203
RO,147205
RO,147206
RO,147207
RO,147208
RO,147210
RO,147215
RO,147220
RO,147221
RO,147225
RO,147226
RO,147227
RO,147230
RO,147231
RO,147235
RO,147236
RO,147237
RO,147238
RO,147240
RO,147245
RO,147250
RO,147255
RO,147256
RO,147257
RO,147258
RO,147259
RO,147261
RO,147265
RO,147270
RO,147271
RO,147272
RO,147273
RO,147274
RO,147276
RO,147277
RO,147280
RO,147281
RO,147285
RO,147286
RO,147287
RO,147290
RO,147291
RO,147292
RO,147293
RO,147295
RO,147296
RO,147300
RO,147301
RO,147302
RO,147305
RO,147306
RO,147307
RO,147310
RO,147311
RO,147312
RO,147315
RO,147316
RO,147317
RO,147318
RO,147320
RO,147321
RO,147322
RO,147323
RO,147324
RO,147326
RO,147330
RO,147331
RO,147335
RO,147336
RO,147337
RO,147340
RO,147345
RO,147346
RO,147347
RO,147348
RO,147349
RO,147350
RO,147355
RO,147356
RO,147357
RO,147360
RO,147361
RO,147365
RO,147366
RO,147367
RO,147368
RO,147370
RO,147371
RO,147375
RO,147376
RO,147380
RO,147381
RO,147382
RO,147383
RO,147384
RO,147386
RO,147390
RO,147391
RO,147392
RO,147393
RO,147394
RO,147396
RO,147397
RO,147400
RO,147401
RO,147402
RO,147405
RO,147410
RO,147411
RO,147412
RO,147415
RO,147416
RO,147417
RO,147420
RO,147425
RO,147426
RO,147427
RO,147428
RO,147430
RO,147431
RO,147432
RO,147433
RO,147434
RO,147435
RO,147440
RO,147441
RO,147442
RO,147443
RO,147445
RO,200001
RO,200002
RO,200003
RO,200004
RO,200008
RO,200009
RO,200010
RO,200011
RO,200012
RO,200016
RO,200017
RO,200018
RO,200019
RO,200020
RO,200023
RO,200024
RO,200025
RO,200026
RO,200027
RO,200030
RO,200032
RO,200033
RO,200034
RO,200037
RO,200038
RO,200039
RO,200040
RO,200041
RO,200044
RO,200045
RO,200046
RO,200047
RO,200048
RO,200049
RO,200050
RO,200051
RO,200052
RO,200053
RO,200056
RO,200057
RO,200058
RO,200059
RO,200060
RO,200061
RO,200064
RO,200065
RO,200066
RO,200067
RO,200068
RO,200071
RO,200072
RO,200073
RO,200074
RO,200075
RO,200078
RO,200079
RO,200080
RO,200081
RO,200082
RO,200085
RO,200086
RO,200087
RO,200088
RO,200089
RO,200092
RO,200093
RO,200094
RO,200095
RO,200096
RO,200099
RO,200100
RO,200101
RO,200102
RO,200103
RO,200106
RO,200107
RO,200108
RO,200109
RO,200110
RO,200111
RO,200112
RO,200113
RO,200114
RO,200115
RO,200116
RO,200117
RO,200120
RO,200121
RO,200122
RO,200123
RO,200124
RO,200125
RO,200127
RO,200128
RO,200129
RO,200130
RO,200131
RO,200134
RO,200135
RO,200136
RO,200137
RO,200138
RO,200139
RO,200142
RO,200143
RO,200144
RO,200145
RO,200146
RO,200147
RO,200150
RO,200151
RO,200152
RO,200153
RO,200154
RO,200157
RO,200158
RO,200159
RO,200160
RO,200161
RO,200162
RO,200166
RO,200167
RO,200168
RO,200169
RO,200170
RO,200171
RO,200172
RO,200173
RO,200174
RO,200177
RO,200178
RO,200179
RO,200180
RO,200181
RO,200182
RO,200185
RO,200186
RO,200187
RO,200188
RO,200189
RO,200192
RO,200193
RO,200194
RO,200195
RO,200196
RO,200199
RO,200200
RO,200201
RO,200202
RO,200203
RO,200204
RO,200207
RO,200208
RO,200209
RO,200210
RO,200211
RO,200212
RO,200215
RO,200216
RO,200217
RO,200218
RO,200219
RO,200222
RO,200223
RO,200224
RO,200225
RO,200226
RO,200229
RO,200230
RO,200231
RO,200232
RO,200233
RO,200236
RO,200237
RO,200238
RO,200239
RO,200240
RO,200243
RO,200244
RO,200245
RO,200246
RO,200247
RO,200250
RO,200251
RO,200252
RO,200253
RO,200254
RO,200257
RO,200258
RO,200259
RO,200260
RO,200261
RO,200264
RO,200265
RO,200266
RO,200267
RO,200268
RO,200271
RO,200272
RO,200273
RO,200274
RO,200275
RO,200278
RO,200279
RO,200280
RO,200281
RO,200282
RO,200283
RO,200286
RO,200287
RO,200288
RO,200289
RO,200290
RO,200291
RO,200294
RO,200295
RO,200296
RO,200297
RO,200298
RO,200301
RO,200302
RO,200303
RO,200304
RO,200305
RO,200308
RO,200309
RO,200310
RO,200311
RO,200312
RO,200315
RO,200316
RO,200317
RO,200318
RO,200319
RO,200320
RO,200321
RO,200322
RO,200323
RO,200324
RO,200325
RO,200326
RO,200330
RO,200331
RO,200332
RO,200333
RO,200334
RO,200337
RO,200338
RO,200339
RO,200340
RO,200341
RO,200342
RO,200345
RO,200346
RO,200347
RO,200348
RO,200349
RO,200350
RO,200351
RO,200352
RO,200353
RO,200354
RO,200355
RO,200356
RO,200359
RO,200360
RO,200361
RO,200362
RO,200363
RO,200364
RO,200366
RO,200367
RO,200368
RO,200369
RO,200370
RO,200371
RO,200372
RO,200374
RO,200375
RO,200376
RO,200377
RO,200378
RO,200381
RO,200382
RO,200383
RO,200384
RO,200385
RO,200388
RO,200389
RO,200390
RO,200391
RO,200392
RO,200395
RO,200396
RO,200397
RO,200398
RO,200399
RO,200402
RO,200403
RO,200404
RO,200405
RO,200406
RO,200409
RO,200410
RO,200411
RO,200412
RO,200413
RO,200416
RO,200417
RO,200418
RO,200419
RO,200420
RO,200421
RO,200423
RO,200424
RO,200425
RO,200426
RO,200427
RO,200428
RO,200429
RO,200430
RO,200431
RO,200432
RO,200433
RO,200436
RO,200437
RO,200438
RO,200439
RO,200440
RO,200443
RO,200444
RO,200445
RO,200446
RO,200453
RO,200454
RO,200456
RO,200457
RO,200458
RO,200459
RO,200460
RO,200463
RO,200464
RO,200465
RO,200466
RO,200467
RO,200470
RO,200471
RO,200472
RO,200473
RO,200474
RO,200477
RO,200478
RO,200479
RO,200480
RO,200481
RO,200484
RO,200485
RO,200486
RO,200487
RO,200490
RO,200491
RO,200493
RO,200494
RO,200497
RO,200498
RO,200499
RO,200500
RO,200501
RO,200502
RO,200504
RO,200505
RO,200506
RO,200507
RO,200508
RO,200509
RO,200512
RO,200513
RO,200514
RO,200515
RO,200516
RO,200519
RO,200520
RO,200521
RO,200522
RO,200523
RO,200526
RO,200527
RO,200528
RO,200529
RO,200530
RO,200533
RO,200534
RO,200535
RO,200536
RO,200538
RO,200539
RO,200540
RO,200541
RO,200542
RO,200545
RO,200546
RO,200547
RO,200548
RO,200549
RO,200552
RO,200553
RO,200554
RO,200556
RO,200559
RO,200560
RO,200561
RO,200562
RO,200563
RO,200566
RO,200567
RO,200568
RO,200569
RO,200570
RO,200573
RO,200574
RO,200575
RO,200576
RO,200577
RO,200580
RO,200581
RO,200582
RO,200583
RO,200584
RO,200585
RO,200588
RO,200589
RO,200590
RO,200591
RO,200592
RO,200595
RO,200596
RO,200597
RO,200598
RO,200599
RO,200602
RO,200603
RO,200604
RO,200605
RO,200606
RO,200609
RO,200610
RO,200611
RO,200617
RO,200618
RO,200619
RO,200620
RO,200621
RO,200624
RO,200625
RO,200626
RO,200627
RO,200628
RO,200631
RO,200632
RO,200633
RO,200634
RO,200635
RO,200636
RO,200638
RO,200639
RO,200640
RO,200641
RO,200642
RO,200645
RO,200646
RO,200647
RO,200648
RO,200649
RO,200650
RO,200653
RO,200657
RO,200662
RO,200663
RO,200664
RO,200665
RO,200667
RO,200668
RO,200669
RO,200670
RO,200671
RO,200674
RO,200675
RO,200676
RO,200677
RO,200678
RO,200681
RO,200682
RO,200683
RO,200684
RO,200685
RO,200688
RO,200689
RO,200690
RO,200691
RO,200692
RO,200695
RO,200696
RO,200697
RO,200698
RO,200699
RO,200702
RO,200703
RO,200704
RO,200705
RO,200706
RO,200709
RO,200710
RO,200711
RO,200712
RO,200713
RO,200716
RO,200717
RO,200718
RO,200719
RO,200720
RO,200721
RO,200723
RO,200724
RO,200725
RO,200726
RO,200727
RO,200730
RO,200731
RO,200732
RO,200733
RO,200734
RO,200737
RO,200738
RO,200739
RO,200740
RO,200741
RO,200742
RO,200745
RO,200746
RO,200747
RO,200748
RO,200751
RO,200752
RO,200753
RO,200754
RO,200755
RO,200756
RO,200759
RO,200760
RO,200761
RO,200762
RO,200763
RO,200764
RO,200767
RO,200768
RO,200769
RO,200774
RO,200775
RO,200776
RO,200777
RO,200778
RO,200782
RO,200785
RO,200786
RO,200789
RO,200790
RO,200791
RO,200794
RO,200795
RO,200796
RO,200797
RO,200800
RO,200801
RO,200810
RO,200811
RO,200812
RO,200813
RO,200814
RO,200815
RO,200818
RO,200819
RO,200820
RO,205100
RO,205101
RO,205200
RO,205201
RO,205202
RO,205203
RO,205300
RO,205301
RO,205302
RO,205303
RO,205304
RO,205305
RO,205306
RO,205400
RO,207005
RO,207006
RO,207007
RO,207010
RO,207011
RO,207012
RO,207013
RO,207014
RO,207016
RO,207020
RO,207021
RO,207022
RO,207025
RO,207026
RO,207027
RO,207028
RO,207030
RO,207035
RO,207036
RO,207037
RO,207038
RO,207039
RO,207041
RO,207042
RO,207043
RO,207044
RO,207046
RO,207047
RO,207048
RO,207055
RO,207060
RO,207065
RO,207066
RO,207067
RO,207068
RO,207070
RO,207075
RO,207076
RO,207077
RO,207078
RO,207079
RO,207081
RO,207085
RO,207086
RO,207087
RO,207088
RO,207089
RO,207091
RO,207095
RO,207096
RO,207097
RO,207098
RO,207099
RO,207101
RO,207105
RO,207106
RO,207107
RO,207108
RO,207109
RO,207111
RO,207115
RO,207116
RO,207117
RO,207118
RO,207119
RO,207121
RO,207122
RO,207125
RO,207126
RO,207127
RO,207128
RO,207129
RO,207131
RO,207132
RO,207135
RO,207136
RO,207137
RO,207138
RO,207139
RO,207141
RO,207142
RO,207143
RO,207144
RO,207146
RO,207150
RO,207151
RO,207152
RO,207153
RO,207154
RO,207155
RO,207160
RO,207161
RO,207162
RO,207165
RO,207166
RO,207170
RO,207171
RO,207175
RO,207176
RO,207177
RO,207178
RO,207179
RO,207180
RO,207181
RO,207185
RO,207186
RO,207187
RO,207188
RO,207189
RO,207190
RO,207191
RO,207195
RO,207196
RO,207197
RO,207200
RO,207201
RO,207205
RO,207206
RO,207210
RO,207211
RO,207212
RO,207215
RO,207216
RO,207217
RO,207218
RO,207220
RO,207221
RO,207225
RO,207230
RO,207231
RO,207232
RO,207235
RO,207236
RO,207237
RO,207238
RO,207239
RO,207240
RO,207241
RO,207242
RO,207243
RO,207244
RO,207246
RO,207250
RO,207251
RO,207252
RO,207253
RO,207255
RO,207256
RO,207257
RO,207258
RO,207259
RO,207261
RO,207262
RO,207263
RO,207264
RO,207266
RO,207270
RO,207275
RO,207276
RO,207280
RO,207281
RO,207282
RO,207283
RO,207284
RO,207285
RO,207286
RO,207287
RO,207290
RO,207291
RO,207295
RO,207296
RO,207297
RO,207300
RO,207301
RO,207302
RO,207305
RO,207306
RO,207310
RO,207311
RO,207312
RO,207313
RO,207314
RO,207316
RO,207317
RO,207318
RO,207319
RO,207321
RO,207322
RO,207323
RO,207324
RO,207330
RO,207331
RO,207332
RO,207333
RO,207334
RO,207336
RO,207340
RO,207345
RO,207346
RO,207347
RO,207350
RO,207351
RO,207355
RO,207356
RO,207360
RO,207361
RO,207365
RO,207366
RO,207367
RO,207370
RO,207371
RO,207375
RO,207380
RO,207385
RO,207386
RO,207387
RO,207388
RO,207389
RO,207391
RO,207392
RO,207393
RO,207394
RO,207396
RO,207397
RO,207398
RO,207399
RO,207405
RO,207406
RO,207407
RO,207408
RO,207409
RO,207411
RO,207415
RO,207416
RO,207417
RO,207420
RO,207421
RO,207422
RO,207423
RO,207424
RO,207426
RO,207427
RO,207428
RO,207430
RO,207431
RO,207432
RO,207435
RO,207436
RO,207437
RO,207438
RO,207439
RO,207440
RO,207441
RO,207445
RO,207446
RO,207450
RO,207451
RO,207452
RO,207455
RO,207456
RO,207457
RO,207460
RO,207461
RO,207465
RO,207466
RO,207467
RO,207468
RO,207469
RO,207470
RO,207471
RO,207472
RO,207475
RO,207476
RO,207477
RO,207478
RO,207479
RO,207481
RO,207482
RO,207485
RO,207486
RO,207487
RO,207488
RO,207490
RO,207495
RO,207496
RO,207497
RO,207498
RO,207499
RO,207501
RO,207502
RO,207505
RO,207506
RO,207510
RO,207511
RO,207512
RO,207513
RO,207515
RO,207516
RO,207520
RO,207521
RO,207525
RO,207526
RO,207527
RO,207530
RO,207531
RO,207532
RO,207533
RO,207535
RO,207540
RO,207541
RO,207542
RO,207543
RO,207544
RO,207546
RO,207547
RO,207550
RO,207551
RO,207552
RO,207553
RO,207554
RO,207556
RO,207557
RO,207558
RO,207559
RO,207561
RO,207562
RO,207563
RO,207570
RO,207571
RO,207575
RO,207576
RO,207577
RO,207578
RO,207579
RO,207580
RO,207581
RO,207582
RO,207583
RO,207584
RO,207586
RO,207587
RO,207588
RO,207590
RO,207591
RO,207595
RO,207600
RO,207601
RO,207605
RO,207606
RO,207610
RO,207615
RO,207616
RO,207617
RO,207618
RO,207619
RO,207621
RO,207622
RO,207623
RO,207625
RO,207626
RO,207627
RO,207628
RO,207629
RO,207631
RO,207632
RO,207633
RO,207635
RO,207636
RO,210001
RO,210002
RO,210003
RO,210004
RO,210005
RO,210006
RO,210007
RO,210008
RO,210101
RO,210102
RO,210103
RO,210104
RO,210105
RO,210106
RO,210107
RO,210108
RO,210109
RO,210112
RO,210113
RO,210114
RO,210115
RO,210116
RO,210118
RO,210119
RO,210120
RO,210121
RO,210122
RO,210124
RO,210125
RO,210126
RO,210127
RO,210129
RO,210130
RO,210131
RO,210132
RO,210134
RO,210135
RO,210136
RO,210137
RO,210138
RO,210140
RO,210141
RO,210142
RO,210143
RO,210144
RO,210146
RO,210147
RO,210148
RO,210149
RO,210150
RO,210152
RO,210153
RO,210154
RO,210155
RO,210156
RO,210158
RO,210159
RO,210160
RO,210161
RO,210163
RO,210164
RO,210165
RO,210166
RO,210167
RO,210169
RO,210170
RO,210171
RO,210172
RO,210173
RO,210175
RO,210176
RO,210177
RO,210178
RO,210180
RO,210181
RO,210182
RO,210183
RO,210184
RO,210185
RO,210187
RO,210188
RO,210189
RO,210190
RO,210191
RO,210192
RO,210193
RO,210194
RO,210195
RO,210196
RO,210198
RO,210199
RO,210200
RO,210201
RO,210202
RO,210204
RO,210205
RO,210206
RO,210207
RO,210209
RO,210210
RO,210211
RO,210212
RO,210213
RO,210215
RO,210216
RO,210217
RO,210218
RO,210219
RO,210221
RO,210222
RO,210223
RO,210224
RO,210225
RO,210226
RO,210227
RO,210228
RO,210229
RO,210231
RO,210232
RO,210233
RO,210234
RO,210235
RO,210236
RO,210238
RO,210239
RO,210240
RO,210241
RO,210243
RO,210244
RO,210245
RO,210246
RO,210247
RO,210249
RO,210250
RO,210251
RO,210252
RO,210253
RO,210255
RO,210256
RO,210257
RO,210258
RO,210259
RO,210260
RO,215100
RO,215101
RO,215102
RO,215103
RO,215104
RO,215200
RO,215201
RO,215202
RO,215203
RO,215204
RO,215205
RO,215206
RO,215207
RO,215208
RO,215300
RO,215301
RO,215302
RO,215303
RO,215304
RO,215400
RO,215500
RO,215501
RO,215502
RO,215503
RO,215504
RO,215505
RO,215506
RO,215507
RO,215508
RO,215509
RO,215510
RO,215600
RO,217005
RO,217006
RO,217007
RO,217008
RO,217009
RO,217011
RO,217015
RO,217016
RO,217017
RO,217018
RO,217019
RO,217020
RO,217021
RO,217022
RO,217023
RO,217024
RO,217025
RO,217026
RO,217027
RO,217028
RO,217030
RO,217031
RO,217035
RO,217036
RO,217037
RO,217038
RO,217039
RO,217041
RO,217042
RO,217045
RO,217046
RO,217047
RO,217048
RO,217049
RO,217051
RO,217052
RO,217053
RO,217054
RO,217055
RO,217056
RO,217057
RO,217058
RO,217060
RO,217061
RO,217062
RO,217063
RO,217064
RO,217065
RO,217066
RO,217067
RO,217068
RO,217069
RO,217070
RO,217071
RO,217072
RO,217073
RO,217074
RO,217076
RO,217077
RO,217080
RO,217081
RO,217082
RO,217083
RO,217084
RO,217086
RO,217087
RO,217090
RO,217091
RO,217092
RO,217093
RO,217094
RO,217096
RO,217097
RO,217100
RO,217101
RO,217102
RO,217103
RO,217104
RO,217106
RO,217110
RO,217111
RO,217112
RO,217115
RO,217116
RO,217117
RO,217118
RO,217119
RO,217121
RO,217122
RO,217123
RO,217125
RO,217126
RO,217127
RO,217128
RO,217129
RO,217131
RO,217132
RO,217133
RO,217135
RO,217136
RO,217137
RO,217138
RO,217139
RO,217141
RO,217145
RO,217146
RO,217147
RO,217148
RO,217149
RO,217151
RO,217152
RO,217153
RO,217154
RO,217155
RO,217156
RO,217157
RO,217158
RO,217159
RO,217161
RO,217162
RO,217165
RO,217166
RO,217167
RO,217168
RO,217169
RO,217171
RO,217172
RO,217173
RO,217174
RO,217175
RO,217176
RO,217177
RO,217178
RO,217179
RO,217181
RO,217182
RO,217183
RO,217184
RO,217186
RO,217190
RO,217191
RO,217192
RO,217193
RO,217194
RO,217196
RO,217197
RO,217200
RO,217201
RO,217202
RO,217203
RO,217204
RO,217206
RO,217207
RO,217208
RO,217209
RO,217211
RO,217212
RO,217220
RO,217221
RO,217222
RO,217225
RO,217226
RO,217227
RO,217228
RO,217229
RO,217231
RO,217235
RO,217236
RO,217237
RO,217238
RO,217239
RO,217241
RO,217242
RO,217245
RO,217246
RO,217247
RO,217248
RO,217249
RO,217250
RO,217251
RO,217252
RO,217253
RO,217254
RO,217256
RO,217257
RO,217260
RO,217261
RO,217262
RO,217263
RO,217264
RO,217265
RO,217266
RO,217267
RO,217268
RO,217270
RO,217271
RO,217272
RO,217273
RO,217274
RO,217275
RO,217276
RO,217277
RO,217280
RO,217281
RO,217282
RO,217283
RO,217285
RO,217286
RO,217287
RO,217288
RO,217289
RO,217291
RO,217292
RO,217293
RO,217295
RO,217296
RO,217297
RO,217298
RO,217299
RO,217300
RO,217301
RO,217302
RO,217303
RO,217304
RO,217306
RO,217307
RO,217310
RO,217311
RO,217312
RO,217313
RO,217314
RO,217316
RO,217317
RO,217318
RO,217319
RO,217321
RO,217325
RO,217326
RO,217327
RO,217328
RO,217329
RO,217331
RO,217332
RO,217333
RO,217335
RO,217336
RO,217337
RO,217338
RO,217339
RO,217341
RO,217342
RO,217345
RO,217346
RO,217347
RO,217348
RO,217349
RO,217351
RO,217352
RO,217353
RO,217354
RO,217356
RO,217357
RO,217365
RO,217366
RO,217370
RO,217371
RO,217372
RO,217373
RO,217374
RO,217376
RO,217377
RO,217380
RO,217381
RO,217382
RO,217383
RO,217384
RO,217386
RO,217387
RO,217390
RO,217391
RO,217392
RO,217393
RO,217394
RO,217396
RO,217397
RO,217400
RO,217401
RO,217402
RO,217403
RO,217404
RO,217406
RO,217407
RO,217408
RO,217409
RO,217410
RO,217411
RO,217412
RO,217413
RO,217414
RO,217415
RO,217416
RO,217417
RO,217418
RO,217420
RO,217421
RO,217422
RO,217423
RO,217424
RO,217425
RO,217426
RO,217427
RO,217428
RO,217429
RO,217431
RO,217432
RO,217433
RO,217434
RO,217436
RO,217437
RO,217445
RO,217446
RO,217447
RO,217448
RO,217449
RO,217451
RO,217452
RO,217453
RO,217455
RO,217456
RO,217457
RO,217458
RO,217459
RO,217461
RO,217462
RO,217463
RO,217464
RO,217466
RO,217470
RO,217471
RO,217472
RO,217473
RO,217474
RO,217476
RO,217480
RO,217481
RO,217482
RO,217483
RO,217484
RO,217486
RO,217487
RO,217490
RO,217491
RO,217492
RO,217495
RO,217496
RO,217497
RO,217498
RO,217499
RO,217501
RO,217502
RO,217503
RO,217504
RO,217506
RO,217507
RO,217515
RO,217516
RO,217517
RO,217518
RO,217519
RO,217520
RO,217521
RO,217522
RO,217523
RO,217524
RO,217526
RO,217530
RO,217531
RO,217532
RO,217533
RO,217535
RO,217536
RO,217537
RO,217538
RO,217540
RO,217541
RO,217542
RO,217545
RO,217546
RO,217547
RO,217548
RO,217549
RO,217550
RO,217551
RO,217552
RO,217553
RO,220001
RO,220002
RO,220003
RO,220004
RO,220005
RO,220006
RO,220007
RO,220008
RO,220009
RO,220010
RO,220011
RO,220012
RO,220013
RO,220014
RO,220015
RO,220016
RO,220019
RO,220020
RO,220021
RO,220022
RO,220023
RO,220026
RO,220027
RO,220028
RO,220029
RO,220030
RO,220033
RO,220034
RO,220035
RO,220036
RO,220037
RO,220040
RO,220041
RO,220042
RO,220043
RO,220044
RO,220047
RO,220048
RO,220049
RO,220050
RO,220051
RO,220054
RO,220055
RO,220056
RO,220057
RO,220060
RO,220061
RO,220062
RO,220063
RO,220064
RO,220065
RO,220067
RO,220068
RO,220069
RO,220070
RO,220071
RO,220072
RO,220075
RO,220076
RO,220077
RO,220078
RO,220079
RO,220082
RO,220083
RO,220084
RO,220085
RO,220086
RO,220089
RO,220090
RO,220091
RO,220092
RO,220093
RO,220094
RO,220097
RO,220098
RO,220099
RO,220100
RO,220103
RO,220104
RO,220105
RO,220106
RO,220109
RO,220110
RO,220111
RO,220112
RO,220113
RO,220116
RO,220117
RO,220118
RO,220119
RO,220120
RO,220121
RO,220124
RO,220125
RO,220126
RO,220127
RO,220130
RO,220131
RO,220132
RO,220133
RO,220134
RO,220135
RO,220138
RO,220139
RO,220140
RO,220141
RO,220142
RO,220145
RO,220146
RO,220147
RO,220148
RO,220149
RO,220150
RO,220153
RO,220154
RO,220155
RO,220156
RO,220157
RO,220160
RO,220161
RO,220162
RO,220163
RO,220164
RO,220167
RO,220168
RO,220169
RO,220170
RO,220171
RO,220174
RO,220175
RO,220176
RO,220177
RO,220178
RO,220181
RO,220182
RO,220183
RO,220184
RO,220185
RO,220186
RO,220189
RO,220190
RO,220191
RO,220192
RO,220193
RO,220196
RO,220197
RO,220198
RO,220199
RO,220200
RO,220201
RO,220202
RO,220205
RO,220206
RO,220207
RO,220208
RO,220211
RO,220212
RO,220213
RO,220214
RO,220215
RO,220216
RO,220219
RO,220220
RO,220221
RO,220222
RO,220223
RO,220224
RO,220225
RO,220226
RO,220227
RO,220228
RO,220229
RO,220232
RO,220233
RO,220234
RO,220235
RO,220236
RO,220238
RO,220239
RO,220242
RO,220243
RO,220244
RO,220245
RO,220246
RO,220247
RO,220248
RO,220251
RO,220252
RO,220253
RO,220254
RO,220255
RO,220256
RO,225100
RO,225101
RO,225102
RO,225103
RO,225104
RO,225105
RO,225106
RO,225107
RO,225108
RO,225200
RO,225300
RO,225301
RO,225302
RO,225303
RO,225304
RO,225305
RO,225306
RO,225307
RO,225308
RO,225309
RO,225400
RO,225401
RO,225402
RO,225403
RO,225404
RO,227005
RO,227010
RO,227011
RO,227012
RO,227013
RO,227014
RO,227016
RO,227017
RO,227018
RO,227019
RO,227021
RO,227022
RO,227023
RO,227024
RO,227026
RO,227027
RO,227030
RO,227031
RO,227032
RO,227033
RO,227034
RO,227036
RO,227037
RO,227040
RO,227041
RO,227042
RO,227045
RO,227046
RO,227047
RO,227048
RO,227049
RO,227051
RO,227052
RO,227055
RO,227056
RO,227057
RO,227058
RO,227059
RO,227060
RO,227061
RO,227062
RO,227063
RO,227064
RO,227066
RO,227067
RO,227070
RO,227071
RO,227072
RO,227073
RO,227075
RO,227076
RO,227077
RO,227078
RO,227079
RO,227081
RO,227085
RO,227086
RO,227087
RO,227088
RO,227089
RO,227090
RO,227091
RO,227092
RO,227093
RO,227094
RO,227096
RO,227097
RO,227098
RO,227100
RO,227101
RO,227102
RO,227103
RO,227104
RO,227106
RO,227107
RO,227108
RO,227109
RO,227111
RO,227112
RO,227113
RO,227120
RO,227121
RO,227122
RO,227123
RO,227125
RO,227126
RO,227127
RO,227128
RO,227129
RO,227131
RO,227132
RO,227133
RO,227134
RO,227136
RO,227137
RO,227138
RO,227139
RO,227145
RO,227146
RO,227150
RO,227151
RO,227152
RO,227155
RO,227156
RO,227160
RO,227161
RO,227162
RO,227163
RO,227164
RO,227166
RO,227170
RO,227171
RO,227172
RO,227175
RO,227176
RO,227177
RO,227178
RO,227179
RO,227181
RO,227182
RO,227183
RO,227184
RO,227186
RO,227187
RO,227188
RO,227195
RO,227200
RO,227201
RO,227202
RO,227203
RO,227204
RO,227206
RO,227207
RO,227208
RO,227209
RO,227210
RO,227211
RO,227215
RO,227216
RO,227217
RO,227218
RO,227220
RO,227221
RO,227222
RO,227223
RO,227225
RO,227226
RO,227227
RO,227228
RO,227229
RO,227231
RO,227235
RO,227236
RO,227237
RO,227238
RO,227240
RO,227241
RO,227242
RO,227245
RO,227246
RO,227247
RO,227248
RO,227250
RO,227251
RO,227252
RO,227253
RO,227254
RO,227256
RO,227257
RO,227258
RO,227259
RO,227261
RO,227262
RO,227270
RO,227271
RO,227272
RO,227273
RO,227274
RO,227276
RO,227280
RO,227281
RO,227282
RO,227285
RO,227286
RO,227287
RO,227288
RO,227289
RO,227291
RO,227292
RO,227293
RO,227295
RO,227296
RO,227297
RO,227298
RO,227299
RO,227301
RO,227302
RO,227305
RO,227306
RO,227307
RO,227308
RO,227309
RO,227310
RO,227311
RO,227312
RO,227313
RO,227314
RO,227315
RO,227316
RO,227317
RO,227318
RO,227319
RO,227321
RO,227322
RO,227325
RO,227326
RO,227330
RO,227331
RO,227335
RO,227336
RO,227340
RO,227341
RO,227342
RO,227343
RO,227344
RO,227346
RO,227347
RO,227350
RO,227351
RO,227355
RO,227356
RO,227357
RO,227360
RO,227361
RO,227362
RO,227363
RO,227364
RO,227366
RO,227367
RO,227368
RO,227369
RO,227371
RO,227372
RO,227373
RO,227374
RO,227376
RO,227377
RO,227380
RO,227381
RO,227382
RO,227383
RO,227385
RO,227386
RO,227390
RO,227391
RO,227392
RO,227393
RO,227394
RO,227396
RO,227397
RO,227398
RO,227399
RO,227401
RO,227402
RO,227403
RO,227404
RO,227406
RO,227407
RO,227410
RO,227411
RO,227412
RO,227413
RO,227414
RO,227416
RO,227420
RO,227421
RO,227425
RO,227430
RO,227431
RO,227432
RO,227433
RO,227434
RO,227436
RO,227437
RO,227438
RO,227440
RO,227445
RO,227446
RO,227447
RO,227448
RO,227449
RO,227451
RO,227452
RO,227453
RO,227455
RO,227456
RO,227457
RO,227458
RO,227459
RO,227461
RO,227465
RO,227466
RO,227467
RO,227470
RO,227471
RO,227472
RO,227473
RO,227474
RO,227476
RO,227477
RO,227478
RO,227479
RO,227481
RO,227482
RO,227490
RO,227491
RO,227492
RO,227493
RO,227495
RO,227496
RO,227500
RO,227501
RO,227502
RO,227503
RO,227505
RO,227506
RO,227507
RO,227508
RO,227509
RO,227511
RO,227512
RO,227513
RO,230001
RO,230002
RO,230003
RO,230004
RO,230005
RO,230007
RO,230008
RO,230009
RO,230011
RO,230012
RO,230013
RO,230015
RO,230016
RO,230017
RO,230019
RO,230020
RO,230021
RO,230022
RO,230025
RO,230026
RO,230027
RO,230028
RO,230029
RO,230030
RO,230032
RO,230033
RO,230034
RO,230037
RO,230038
RO,230039
RO,230041
RO,230042
RO,230043
RO,230044
RO,230047
RO,230048
RO,230049
RO,230050
RO,230051
RO,230053
RO,230054
RO,230055
RO,230057
RO,230058
RO,230059
RO,230060
RO,230062
RO,230063
RO,230064
RO,230065
RO,230066
RO,230067
RO,230070
RO,230071
RO,230072
RO,230075
RO,230076
RO,230077
RO,230079
RO,230080
RO,230081
RO,230082
RO,230083
RO,230084
RO,230085
RO,230086
RO,230087
RO,230088
RO,230089
RO,230091
RO,230092
RO,230093
RO,230094
RO,230095
RO,230096
RO,230099
RO,230100
RO,230101
RO,230102
RO,230103
RO,230104
RO,230107
RO,230108
RO,230109
RO,230110
RO,230111
RO,230113
RO,230114
RO,230115
RO,230116
RO,230119
RO,230120
RO,230121
RO,230122
RO,230123
RO,230125
RO,230126
RO,230127
RO,230128
RO,235100
RO,235101
RO,235102
RO,235103
RO,235200
RO,235300
RO,235301
RO,235302
RO,235400
RO,235401
RO,235500
RO,235501
RO,235502
RO,235503
RO,235504
RO,235505
RO,235600
RO,235601
RO,235602
RO,235603
RO,235604
RO,235605
RO,235606
RO,235607
RO,235608
RO,235609
RO,235610
RO,235611
RO,235612
RO,235613
RO,237005
RO,237006
RO,237007
RO,237008
RO,237009
RO,237011
RO,237012
RO,237015
RO,237020
RO,237021
RO,237022
RO,237023
RO,237024
RO,237026
RO,237027
RO,237028
RO,237029
RO,237030
RO,237031
RO,237035
RO,237036
RO,237037
RO,237038
RO,237039
RO,237041
RO,237042
RO,237043
RO,237045
RO,237046
RO,237050
RO,237051
RO,237052
RO,237053
RO,237055
RO,237056
RO,237060
RO,237061
RO,237065
RO,237066
RO,237067
RO,237068
RO,237069
RO,237070
RO,237071
RO,237072
RO,237075
RO,237080
RO,237081
RO,237082
RO,237083
RO,237084
RO,237086
RO,237087
RO,237088
RO,237089
RO,237090
RO,237091
RO,237092
RO,237093
RO,237094
RO,237095
RO,237100
RO,237101
RO,237105
RO,237106
RO,237107
RO,237108
RO,237109
RO,237111
RO,237112
RO,237115
RO,237116
RO,237117
RO,237118
RO,237119
RO,237121
RO,237125
RO,237126
RO,237127
RO,237128
RO,237129
RO,237130
RO,237131
RO,237135
RO,237136
RO,237137
RO,237140
RO,237141
RO,237142
RO,237143
RO,237144
RO,237145
RO,237146
RO,237147
RO,237148
RO,237150
RO,237151
RO,237152
RO,237153
RO,237154
RO,237156
RO,237157
RO,237160
RO,237161
RO,237162
RO,237165
RO,237166
RO,237167
RO,237168
RO,237169
RO,237171
RO,237175
RO,237176
RO,237177
RO,237180
RO,237181
RO,237182
RO,237183
RO,237185
RO,237186
RO,237187
RO,237188
RO,237189
RO,237190
RO,237191
RO,237195
RO,237200
RO,237201
RO,237205
RO,237206
RO,237207
RO,237208
RO,237210
RO,237211
RO,237215
RO,237216
RO,237220
RO,237221
RO,237222
RO,237225
RO,237226
RO,237227
RO,237230
RO,237235
RO,237236
RO,237240
RO,237241
RO,237242
RO,237243
RO,237244
RO,237246
RO,237247
RO,237250
RO,237251
RO,237252
RO,237255
RO,237256
RO,237260
RO,237261
RO,237262
RO,237263
RO,237264
RO,237266
RO,237270
RO,237271
RO,237272
RO,237273
RO,237274
RO,237275
RO,237276
RO,237280
RO,237281
RO,237282
RO,237285
RO,237286
RO,237287
RO,237288
RO,237289
RO,237290
RO,237291
RO,237292
RO,237295
RO,237296
RO,237297
RO,237298
RO,237300
RO,237301
RO,237302
RO,237303
RO,237305
RO,237306
RO,237307
RO,237308
RO,237310
RO,237311
RO,237312
RO,237313
RO,237314
RO,237315
RO,237325
RO,237326
RO,237327
RO,237328
RO,237330
RO,237331
RO,237332
RO,237333
RO,237335
RO,237336
RO,237337
RO,237338
RO,237339
RO,237341
RO,237342
RO,237345
RO,237346
RO,237347
RO,237348
RO,237349
RO,237351
RO,237355
RO,237356
RO,237357
RO,237358
RO,237359
RO,237360
RO,237361
RO,237362
RO,237365
RO,237366
RO,237367
RO,237368
RO,237370
RO,237371
RO,237372
RO,237375
RO,237380
RO,237381
RO,237385
RO,237386
RO,237387
RO,237388
RO,237389
RO,237391
RO,237392
RO,237395
RO,237396
RO,237397
RO,237400
RO,237401
RO,237402
RO,237403
RO,237404
RO,237405
RO,237410
RO,237411
RO,237415
RO,237416
RO,237417
RO,237418
RO,237419
RO,237421
RO,237422
RO,237425
RO,237426
RO,237427
RO,237428
RO,237430
RO,237435
RO,237440
RO,237441
RO,237442
RO,237443
RO,237445
RO,237446
RO,237447
RO,237448
RO,237449
RO,237450
RO,237451
RO,237452
RO,237455
RO,237456
RO,237460
RO,237461
RO,237462
RO,237463
RO,237464
RO,237466
RO,237470
RO,237471
RO,237472
RO,237473
RO,237474
RO,237476
RO,237477
RO,237480
RO,237481
RO,237482
RO,237485
RO,237486
RO,237487
RO,237488
RO,237489
RO,237490
RO,237495
RO,237496
RO,237497
RO,237500
RO,237501
RO,237505
RO,237506
RO,237507
RO,237508
RO,237509
RO,237510
RO,237511
RO,237515
RO,237520
RO,237521
RO,237522
RO,237523
RO,237525
RO,237526
RO,237527
RO,237530
RO,237531
RO,237532
RO,237533
RO,237534
RO,237536
RO,237537
RO,237540
RO,237545
RO,237546
RO,237547
RO,237548
RO,237549
RO,237551
RO,237555
RO,237556
RO,237557
RO,237560
RO,237561
RO,237562
RO,237563
RO,237564
RO,237565
RO,237566
RO,237567
RO,237568
RO,237569
RO,237571
RO,237572
RO,237573
RO,237574
RO,237576
RO,237580
RO,237581
RO,237582
RO,237583
RO,240001
RO,240002
RO,240003
RO,240004
RO,240005
RO,240006
RO,240007
RO,240008
RO,240011
RO,240012
RO,240013
RO,240014
RO,240015
RO,240019
RO,240020
RO,240021
RO,240022
RO,240023
RO,240027
RO,240028
RO,240029
RO,240030
RO,240031
RO,240032
RO,240036
RO,240037
RO,240039
RO,240041
RO,240042
RO,240046
RO,240047
RO,240048
RO,240049
RO,240050
RO,240051
RO,240052
RO,240053
RO,240056
RO,240057
RO,240058
RO,240059
RO,240060
RO,240061
RO,240065
RO,240066
RO,240067
RO,240068
RO,240069
RO,240070
RO,240074
RO,240075
RO,240076
RO,240077
RO,240078
RO,240082
RO,240083
RO,240084
RO,240085
RO,240086
RO,240087
RO,240091
RO,240092
RO,240093
RO,240094
RO,240096
RO,240100
RO,240101
RO,240107
RO,240108
RO,240112
RO,240113
RO,240114
RO,240115
RO,240116
RO,240117
RO,240118
RO,240122
RO,240124
RO,240125
RO,240127
RO,240131
RO,240132
RO,240133
RO,240134
RO,240135
RO,240136
RO,240140
RO,240141
RO,240142
RO,240143
RO,240144
RO,240148
RO,240149
RO,240150
RO,240151
RO,240152
RO,240156
RO,240157
RO,240158
RO,240159
RO,240160
RO,240161
RO,240165
RO,240166
RO,240167
RO,240168
RO,240174
RO,240176
RO,240178
RO,240181
RO,240183
RO,240184
RO,240185
RO,240186
RO,240187
RO,240190
RO,240191
RO,240192
RO,240193
RO,240194
RO,240195
RO,240199
RO,240200
RO,240201
RO,240202
RO,240203
RO,240204
RO,240208
RO,240209
RO,240210
RO,240211
RO,240215
RO,240216
RO,240217
RO,240218
RO,240219
RO,240223
RO,240224
RO,240225
RO,240226
RO,240227
RO,240228
RO,240232
RO,240233
RO,240234
RO,240235
RO,240239
RO,240240
RO,240241
RO,240243
RO,240247
RO,240248
RO,240249
RO,240250
RO,240254
RO,240255
RO,240256
RO,240257
RO,240258
RO,240262
RO,240263
RO,240264
RO,240265
RO,240266
RO,240267
RO,240272
RO,240273
RO,240274
RO,240275
RO,240277
RO,240278
RO,240281
RO,240282
RO,240283
RO,240284
RO,240285
RO,240286
RO,240290
RO,240291
RO,240292
RO,240293
RO,240294
RO,240298
RO,240299
RO,240300
RO,240301
RO,240302
RO,240303
RO,240307
RO,240309
RO,240312
RO,240401
RO,240402
RO,240403
RO,240404
RO,240405
RO,240406
RO,240407
RO,240408
RO,240409
RO,240410
RO,240411
RO,240412
RO,240413
RO,240414
RO,240415
RO,240416
RO,240417
RO,240418
RO,240419
RO,240420
RO,240421
RO,240422
RO,240423
RO,240424
RO,240425
RO,240426
RO,240427
RO,240428
RO,240429
RO,240430
RO,240431
RO,240432
RO,240433
RO,240434
RO,240435
RO,240436
RO,240437
RO,240438
RO,240439
RO,240440
RO,240441
RO,240442
RO,240443
RO,240444
RO,240445
RO,240446
RO,240447
RO,240448
RO,240450
RO,240451
RO,240452
RO,240453
RO,240454
RO,240455
RO,240456
RO,240457
RO,240458
RO,240459
RO,240460
RO,240461
RO,240462
RO,240464
RO,240465
RO,240466
RO,240467
RO,240468
RO,240469
RO,240470
RO,240471
RO,240472
RO,240473
RO,240474
RO,240475
RO,240476
RO,240477
RO,240478
RO,240479
RO,240480
RO,240481
RO,240482
RO,240483
RO,240484
RO,240485
RO,240486
RO,240487
RO,240488
RO,240489
RO,240490
RO,240492
RO,240493
RO,240494
RO,240495
RO,240496
RO,240497
RO,240501
RO,240502
RO,240503
RO,240504
RO,240505
RO,240506
RO,240507
RO,240508
RO,240509
RO,240510
RO,240511
RO,240512
RO,240513
RO,240514
RO,240515
RO,240516
RO,240517
RO,240518
RO,240519
RO,240520
RO,240521
RO,240522
RO,240523
RO,240524
RO,240525
RO,240526
RO,240527
RO,240528
RO,240529
RO,240530
RO,240531
RO,240532
RO,240533
RO,240534
RO,240535
RO,240536
RO,240537
RO,240538
RO,240539
RO,240540
RO,240541
RO,240542
RO,240543
RO,240544
RO,240545
RO,240546
RO,240547
RO,240548
RO,240549
RO,240550
RO,240551
RO,240552
RO,240553
RO,240554
RO,240555
RO,240556
RO,240557
RO,240558
RO,240559
RO,240560
RO,240561
RO,240562
RO,240563
RO,240564
RO,240565
RO,240566
RO,240567
RO,240568
RO,240569
RO,240570
RO,240571
RO,240572
RO,240573
RO,240574
RO,240575
RO,240576
RO,240577
RO,240578
RO,240579
RO,240580
RO,240581
RO,240582
RO,240583
RO,240584
RO,240585
RO,240586
RO,240587
RO,240588
RO,240589
RO,240590
RO,240591
RO,240592
RO,240593
RO,240594
RO,240595
RO,240596
RO,240597
RO,240598
RO,240599
RO,240600
RO,240601
RO,240602
RO,240603
RO,240604
RO,240605
RO,240606
RO,240607
RO,240609
RO,240610
RO,240611
RO,240612
RO,240613
RO,240614
RO,240615
RO,240616
RO,240617
RO,240618
RO,240619
RO,240620
RO,240621
RO,240622
RO,240623
RO,240624
RO,240625
RO,240626
RO,240627
RO,240628
RO,240629
RO,240630
RO,240631
RO,240632
RO,240633
RO,240634
RO,240635
RO,240636
RO,240638
RO,240639
RO,240640
RO,240641
RO,240642
RO,240643
RO,240644
RO,240645
RO,240646
RO,240647
RO,240648
RO,240649
RO,240702
RO,240703
RO,240704
RO,240706
RO,240707
RO,240708
RO,240709
RO,240710
RO,240711
RO,240712
RO,240713
RO,240714
RO,240715
RO,240716
RO,240717
RO,240718
RO,240720
RO,240721
RO,240722
RO,240723
RO,240724
RO,240725
RO,240726
RO,240727
RO,240730
RO,240731
RO,240732
RO,240733
RO,240734
RO,240735
RO,240736
RO,240737
RO,240738
RO,240739
RO,240740
RO,240741
RO,240742
RO,240743
RO,240744
RO,240745
RO,240746
RO,240747
RO,240748
RO,240749
RO,240750
RO,240751
RO,240752
RO,240753
RO,240754
RO,240755
RO,240756
RO,240757
RO,240759
RO,240760
RO,240761
RO,240762
RO,240763
RO,245100
RO,245101
RO,245102
RO,245103
RO,245104
RO,245105
RO,245106
RO,245200
RO,245201
RO,245202
RO,245203
RO,245300
RO,245301
RO,245302
RO,245303
RO,245304
RO,245305
RO,245306
RO,245307
RO,245308
RO,245400
RO,245401
RO,245402
RO,245403
RO,245404
RO,245405
RO,245406
RO,245407
RO,245408
RO,245500
RO,245501
RO,245502
RO,245503
RO,245504
RO,245505
RO,245506
RO,245507
RO,245508
RO,245600
RO,245601
RO,245602
RO,245603
RO,245604
RO,245605
RO,245700
RO,245701
RO,245702
RO,245703
RO,245800
RO,245801
RO,245802
RO,245803
RO,245804
RO,245805
RO,245806
RO,245900
RO,245901
RO,245902
RO,245903
RO,245904
RO,245905
RO,245906
RO,245907
RO,245908
RO,247005
RO,247006
RO,247007
RO,247008
RO,247009
RO,247011
RO,247012
RO,247015
RO,247016
RO,247017
RO,247018
RO,247019
RO,247021
RO,247025
RO,247026
RO,247027
RO,247028
RO,247030
RO,247031
RO,247032
RO,247033
RO,247034
RO,247036
RO,247040
RO,247041
RO,247042
RO,247043
RO,247044
RO,247046
RO,247047
RO,247050
RO,247051
RO,247052
RO,247055
RO,247056
RO,247057
RO,247058
RO,247059
RO,247061
RO,247062
RO,247063
RO,247065
RO,247066
RO,247067
RO,247068
RO,247069
RO,247071
RO,247072
RO,247075
RO,247076
RO,247077
RO,247078
RO,247079
RO,247081
RO,247085
RO,247086
RO,247087
RO,247088
RO,247089
RO,247091
RO,247092
RO,247095
RO,247096
RO,247097
RO,247098
RO,247099
RO,247101
RO,247102
RO,247105
RO,247106
RO,247107
RO,247108
RO,247109
RO,247111
RO,247115
RO,247116
RO,247117
RO,247118
RO,247120
RO,247121
RO,247122
RO,247123
RO,247125
RO,247126
RO,247127
RO,247128
RO,247130
RO,247131
RO,247132
RO,247133
RO,247134
RO,247136
RO,247137
RO,247138
RO,247139
RO,247141
RO,247142
RO,247143
RO,247144
RO,247146
RO,247150
RO,247151
RO,247152
RO,247155
RO,247156
RO,247157
RO,247158
RO,247159
RO,247161
RO,247162
RO,247163
RO,247164
RO,247165
RO,247166
RO,247167
RO,247168
RO,247169
RO,247171
RO,247172
RO,247173
RO,247174
RO,247176
RO,247177
RO,247178
RO,247179
RO,247181
RO,247182
RO,247183
RO,247184
RO,247186
RO,247187
RO,247188
RO,247195
RO,247196
RO,247197
RO,247198
RO,247199
RO,247201
RO,247202
RO,247203
RO,247204
RO,247205
RO,247206
RO,247207
RO,247208
RO,247209
RO,247211
RO,247212
RO,247213
RO,247214
RO,247215
RO,247216
RO,247217
RO,247218
RO,247219
RO,247221
RO,247225
RO,247226
RO,247227
RO,247228
RO,247229
RO,247230
RO,247231
RO,247232
RO,247233
RO,247234
RO,247236
RO,247237
RO,247238
RO,247239
RO,247241
RO,247242
RO,247243
RO,247250
RO,247251
RO,247252
RO,247253
RO,247254
RO,247256
RO,247257
RO,247258
RO,247259
RO,247260
RO,247261
RO,247262
RO,247263
RO,247264
RO,247266
RO,247270
RO,247271
RO,247272
RO,247273
RO,247274
RO,247276
RO,247277
RO,247278
RO,247279
RO,247280
RO,247281
RO,247282
RO,247283
RO,247284
RO,247286
RO,247290
RO,247291
RO,247292
RO,247293
RO,247294
RO,247296
RO,247297
RO,247298
RO,247299
RO,247301
RO,247305
RO,247306
RO,247307
RO,247308
RO,247309
RO,247311
RO,247312
RO,247313
RO,247315
RO,247316
RO,247317
RO,247318
RO,247319
RO,247321
RO,247322
RO,247325
RO,247326
RO,247327
RO,247328
RO,247329
RO,247331
RO,247335
RO,247336
RO,247337
RO,247340
RO,247341
RO,247342
RO,247345
RO,247346
RO,247347
RO,247348
RO,247349
RO,247351
RO,247352
RO,247353
RO,247354
RO,247356
RO,247360
RO,247361
RO,247362
RO,247363
RO,247364
RO,247366
RO,247370
RO,247371
RO,247372
RO,247373
RO,247375
RO,247376
RO,247377
RO,247378
RO,247379
RO,247381
RO,247382
RO,247383
RO,247384
RO,247386
RO,247387
RO,247388
RO,247389
RO,247395
RO,247396
RO,247397
RO,247398
RO,247399
RO,247401
RO,247405
RO,247406
RO,247407
RO,247408
RO,247409
RO,247411
RO,247412
RO,247413
RO,247415
RO,247416
RO,247417
RO,247418
RO,247419
RO,247421
RO,247422
RO,247423
RO,247424
RO,247426
RO,247427
RO,247428
RO,247429
RO,247431
RO,247432
RO,247433
RO,247434
RO,247436
RO,247440
RO,247441
RO,247442
RO,247443
RO,247444
RO,247446
RO,247450
RO,247451
RO,247452
RO,247453
RO,247454
RO,247455
RO,247456
RO,247457
RO,247458
RO,247459
RO,247460
RO,247461
RO,247462
RO,247463
RO,247464
RO,247466
RO,247467
RO,247468
RO,247470
RO,247471
RO,247472
RO,247473
RO,247474
RO,247476
RO,247480
RO,247481
RO,247482
RO,247483
RO,247484
RO,247486
RO,247487
RO,247488
RO,247489
RO,247491
RO,247492
RO,247500
RO,247501
RO,247502
RO,247503
RO,247504
RO,247506
RO,247510
RO,247511
RO,247515
RO,247516
RO,247517
RO,247518
RO,247519
RO,247521
RO,247522
RO,247525
RO,247526
RO,247527
RO,247528
RO,247530
RO,247531
RO,247532
RO,247533
RO,247534
RO,247536
RO,247537
RO,247540
RO,247541
RO,247542
RO,247543
RO,247544
RO,247546
RO,247547
RO,247548
RO,247549
RO,247551
RO,247555
RO,247556
RO,247557
RO,247558
RO,247559
RO,247561
RO,247562
RO,247563
RO,247564
RO,247566
RO,247567
RO,247575
RO,247576
RO,247577
RO,247578
RO,247579
RO,247581
RO,247582
RO,247585
RO,247586
RO,247587
RO,247588
RO,247590
RO,247591
RO,247592
RO,247593
RO,247595
RO,247596
RO,247597
RO,247598
RO,247599
RO,247601
RO,247605
RO,247606
RO,247607
RO,247608
RO,247609
RO,247611
RO,247615
RO,247616
RO,247617
RO,247618
RO,247619
RO,247621
RO,247622
RO,247623
RO,247624
RO,247625
RO,247626
RO,247627
RO,247628
RO,247629
RO,247631
RO,247632
RO,247633
RO,247634
RO,247636
RO,247637
RO,247638
RO,247639
RO,247645
RO,247646
RO,247647
RO,247648
RO,247649
RO,247651
RO,247652
RO,247653
RO,247654
RO,247656
RO,247657
RO,247658
RO,247659
RO,247661
RO,247662
RO,247665
RO,247666
RO,247667
RO,247668
RO,247669
RO,247670
RO,247671
RO,247672
RO,247673
RO,247674
RO,247676
RO,247677
RO,247678
RO,247680
RO,247681
RO,247682
RO,247683
RO,247684
RO,247685
RO,247686
RO,247687
RO,247688
RO,247690
RO,247691
RO,247692
RO,247693
RO,247694
RO,247695
RO,247696
RO,247697
RO,247698
RO,247699
RO,247701
RO,247702
RO,247705
RO,247706
RO,247707
RO,247708
RO,247709
RO,247711
RO,247712
RO,247715
RO,247725
RO,247726
RO,247727
RO,247728
RO,247729
RO,247730
RO,247731
RO,247732
RO,247733
RO,247734
RO,247736
RO,247740
RO,247741
RO,247742
RO,247743
RO,247744
RO,247745
RO,247746
RO,247747
RO,247750
RO,247751
RO,247752
RO,247755
RO,247756
RO,247757
RO,247758
RO,247759
RO,247761
RO,247762
RO,247763
RO,247764
RO,247766
RO,247767
RO,247768
RO,247769
RO,247771
RO,247772
RO,247773
RO,247774
RO,247776
RO,247777
RO,300001
RO,300002
RO,300003
RO,300004
RO,300005
RO,300006
RO,300010
RO,300011
RO,300012
RO,300013
RO,300014
RO,300015
RO,300016
RO,300020
RO,300021
RO,300022
RO,300023
RO,300024
RO,300028
RO,300029
RO,300030
RO,300034
RO,300035
RO,300036
RO,300037
RO,300038
RO,300041
RO,300042
RO,300043
RO,300044
RO,300045
RO,300048
RO,300049
RO,300050
RO,300051
RO,300054
RO,300055
RO,300056
RO,300057
RO,300058
RO,300061
RO,300062
RO,300063
RO,300064
RO,300065
RO,300066
RO,300070
RO,300071
RO,300072
RO,300073
RO,300074
RO,300077
RO,300078
RO,300079
RO,300080
RO,300081
RO,300085
RO,300086
RO,300087
RO,300088
RO,300092
RO,300093
RO,300094
RO,300095
RO,300096
RO,300100
RO,300101
RO,300102
RO,300103
RO,300104
RO,300107
RO,300108
RO,300109
RO,300110
RO,300111
RO,300115
RO,300116
RO,300117
RO,300118
RO,300119
RO,300120
RO,300121
RO,300124
RO,300125
RO,300126
RO,300127
RO,300128
RO,300129
RO,300133
RO,300134
RO,300135
RO,300136
RO,300137
RO,300138
RO,300142
RO,300143
RO,300144
RO,300145
RO,300146
RO,300150
RO,300151
RO,300152
RO,300153
RO,300154
RO,300158
RO,300159
RO,300160
RO,300161
RO,300162
RO,300166
RO,300167
RO,300168
RO,300169
RO,300172
RO,300173
RO,300174
RO,300175
RO,300176
RO,300179
RO,300180
RO,300181
RO,300182
RO,300185
RO,300186
RO,300187
RO,300188
RO,300191
RO,300192
RO,300193
RO,300194
RO,300195
RO,300199
RO,300200
RO,300201
RO,300202
RO,300203
RO,300206
RO,300207
RO,300208
RO,300209
RO,300210
RO,300211
RO,300215
RO,300216
RO,300217
RO,300218
RO,300219
RO,300222
RO,300223
RO,300224
RO,300225
RO,300226
RO,300229
RO,300230
RO,300231
RO,300232
RO,300233
RO,300236
RO,300237
RO,300238
RO,300239
RO,300242
RO,300243
RO,300244
RO,300245
RO,300246
RO,300247
RO,300251
RO,300252
RO,300253
RO,300254
RO,300255
RO,300256
RO,300260
RO,300261
RO,300262
RO,300263
RO,300264
RO,300265
RO,300269
RO,300270
RO,300271
RO,300272
RO,300273
RO,300274
RO,300278
RO,300279
RO,300280
RO,300281
RO,300282
RO,300283
RO,300287
RO,300288
RO,300289
RO,300290
RO,300291
RO,300292
RO,300295
RO,300296
RO,300297
RO,300298
RO,300299
RO,300302
RO,300303
RO,300304
RO,300305
RO,300308
RO,300309
RO,300310
RO,300311
RO,300314
RO,300315
RO,300316
RO,300317
RO,300318
RO,300320
RO,300321
RO,300322
RO,300323
RO,300324
RO,300325
RO,300326
RO,300327
RO,300328
RO,300329
RO,300330
RO,300331
RO,300332
RO,300334
RO,300335
RO,300336
RO,300337
RO,300341
RO,300342
RO,300343
RO,300344
RO,300345
RO,300346
RO,300350
RO,300351
RO,300353
RO,300358
RO,300359
RO,300360
RO,300361
RO,300362
RO,300363
RO,300367
RO,300368
RO,300369
RO,300370
RO,300371
RO,300372
RO,300375
RO,300376
RO,300377
RO,300378
RO,300379
RO,300383
RO,300384
RO,300385
RO,300386
RO,300389
RO,300390
RO,300391
RO,300392
RO,300393
RO,300397
RO,300398
RO,300399
RO,300400
RO,300401
RO,300402
RO,300406
RO,300407
RO,300408
RO,300409
RO,300410
RO,300414
RO,300415
RO,300416
RO,300417
RO,300418
RO,300422
RO,300423
RO,300424
RO,300425
RO,300426
RO,300430
RO,300431
RO,300432
RO,300433
RO,300434
RO,300438
RO,300439
RO,300440
RO,300441
RO,300442
RO,300446
RO,300447
RO,300448
RO,300449
RO,300450
RO,300451
RO,300452
RO,300453
RO,300454
RO,300455
RO,300456
RO,300457
RO,300458
RO,300462
RO,300463
RO,300464
RO,300465
RO,300466
RO,300467
RO,300471
RO,300472
RO,300473
RO,300474
RO,300475
RO,300478
RO,300479
RO,300480
RO,300481
RO,300482
RO,300486
RO,300487
RO,300488
RO,300489
RO,300493
RO,300494
RO,300495
RO,300496
RO,300500
RO,300501
RO,300502
RO,300503
RO,300507
RO,300508
RO,300509
RO,300510
RO,300514
RO,300515
RO,300516
RO,300517
RO,300518
RO,300521
RO,300522
RO,300523
RO,300524
RO,300528
RO,300529
RO,300530
RO,300531
RO,300532
RO,300536
RO,300537
RO,300538
RO,300539
RO,300543
RO,300544
RO,300545
RO,300546
RO,300547
RO,300548
RO,300551
RO,300552
RO,300553
RO,300554
RO,300558
RO,300559
RO,300560
RO,300561
RO,300562
RO,300566
RO,300567
RO,300568
RO,300569
RO,300570
RO,300571
RO,300575
RO,300576
RO,300577
RO,300578
RO,300579
RO,300580
RO,300584
RO,300585
RO,300586
RO,300587
RO,300588
RO,300592
RO,300593
RO,300594
RO,300595
RO,300596
RO,300600
RO,300601
RO,300602
RO,300603
RO,300604
RO,300605
RO,300606
RO,300609
RO,300610
RO,300611
RO,300612
RO,300613
RO,300617
RO,300618
RO,300619
RO,300620
RO,300621
RO,300625
RO,300626
RO,300627
RO,300628
RO,300629
RO,300633
RO,300634
RO,300635
RO,300636
RO,300637
RO,300638
RO,300639
RO,300640
RO,300642
RO,300643
RO,300644
RO,300645
RO,300646
RO,300647
RO,300648
RO,300649
RO,300650
RO,300651
RO,300652
RO,300653
RO,300654
RO,300658
RO,300659
RO,300660
RO,300661
RO,300664
RO,300665
RO,300666
RO,300667
RO,300668
RO,300671
RO,300672
RO,300673
RO,300674
RO,300677
RO,300678
RO,300679
RO,300680
RO,300681
RO,300682
RO,300685
RO,300686
RO,300687
RO,300688
RO,300689
RO,300692
RO,300693
RO,300694
RO,300695
RO,300696
RO,300697
RO,300698
RO,300699
RO,300700
RO,300701
RO,300702
RO,300703
RO,300704
RO,300706
RO,300707
RO,300708
RO,300709
RO,300710
RO,300713
RO,300714
RO,300715
RO,300716
RO,300719
RO,300720
RO,300721
RO,300722
RO,300723
RO,300724
RO,300727
RO,300728
RO,300729
RO,300730
RO,300731
RO,300732
RO,300733
RO,300734
RO,300735
RO,300736
RO,300737
RO,300740
RO,300741
RO,300742
RO,300743
RO,300744
RO,300745
RO,300748
RO,300749
RO,300750
RO,300751
RO,300752
RO,300755
RO,300756
RO,300757
RO,300758
RO,300759
RO,300762
RO,300763
RO,300764
RO,300765
RO,300766
RO,300769
RO,300770
RO,300771
RO,300772
RO,300773
RO,300774
RO,300775
RO,300776
RO,300777
RO,300778
RO,300779
RO,300789
RO,305100
RO,305101
RO,305102
RO,305200
RO,305201
RO,305300
RO,305301
RO,305302
RO,305303
RO,305304
RO,305305
RO,305306
RO,305307
RO,305308
RO,305309
RO,305310
RO,305400
RO,305500
RO,305501
RO,305502
RO,305600
RO,307005
RO,307006
RO,307007
RO,307008
RO,307010
RO,307011
RO,307012
RO,307013
RO,307014
RO,307016
RO,307020
RO,307021
RO,307022
RO,307023
RO,307024
RO,307025
RO,307026
RO,307027
RO,307028
RO,307029
RO,307031
RO,307032
RO,307035
RO,307036
RO,307037
RO,307040
RO,307041
RO,307045
RO,307046
RO,307047
RO,307048
RO,307050
RO,307051
RO,307052
RO,307053
RO,307054
RO,307056
RO,307060
RO,307061
RO,307065
RO,307070
RO,307071
RO,307072
RO,307073
RO,307074
RO,307076
RO,307080
RO,307081
RO,307082
RO,307083
RO,307085
RO,307086
RO,307087
RO,307088
RO,307089
RO,307090
RO,307091
RO,307092
RO,307095
RO,307100
RO,307101
RO,307102
RO,307105
RO,307106
RO,307107
RO,307110
RO,307111
RO,307112
RO,307113
RO,307114
RO,307116
RO,307117
RO,307120
RO,307121
RO,307122
RO,307125
RO,307126
RO,307127
RO,307128
RO,307129
RO,307130
RO,307131
RO,307132
RO,307133
RO,307135
RO,307136
RO,307137
RO,307140
RO,307141
RO,307142
RO,307145
RO,307146
RO,307147
RO,307148
RO,307150
RO,307151
RO,307152
RO,307153
RO,307155
RO,307156
RO,307157
RO,307160
RO,307165
RO,307166
RO,307167
RO,307168
RO,307169
RO,307171
RO,307172
RO,307175
RO,307176
RO,307180
RO,307181
RO,307182
RO,307183
RO,307185
RO,307186
RO,307187
RO,307188
RO,307189
RO,307191
RO,307192
RO,307193
RO,307194
RO,307196
RO,307200
RO,307201
RO,307205
RO,307206
RO,307207
RO,307208
RO,307210
RO,307211
RO,307215
RO,307216
RO,307217
RO,307220
RO,307221
RO,307225
RO,307226
RO,307227
RO,307228
RO,307230
RO,307231
RO,307232
RO,307233
RO,307234
RO,307235
RO,307236
RO,307240
RO,307241
RO,307242
RO,307245
RO,307246
RO,307247
RO,307250
RO,307251
RO,307252
RO,307255
RO,307260
RO,307261
RO,307262
RO,307263
RO,307264
RO,307266
RO,307267
RO,307268
RO,307269
RO,307270
RO,307271
RO,307272
RO,307273
RO,307275
RO,307276
RO,307277
RO,307278
RO,307280
RO,307281
RO,307282
RO,307283
RO,307285
RO,307286
RO,307287
RO,307288
RO,307289
RO,307290
RO,307291
RO,307295
RO,307296
RO,307297
RO,307300
RO,307301
RO,307302
RO,307303
RO,307305
RO,307306
RO,307307
RO,307308
RO,307310
RO,307311
RO,307312
RO,307315
RO,307316
RO,307320
RO,307321
RO,307322
RO,307323
RO,307325
RO,307326
RO,307327
RO,307328
RO,307329
RO,307330
RO,307331
RO,307332
RO,307333
RO,307334
RO,307336
RO,307340
RO,307341
RO,307342
RO,307343
RO,307344
RO,307346
RO,307347
RO,307350
RO,307351
RO,307352
RO,307353
RO,307355
RO,307356
RO,307357
RO,307358
RO,307359
RO,307361
RO,307362
RO,307365
RO,307366
RO,307367
RO,307370
RO,307371
RO,307372
RO,307375
RO,307376
RO,307377
RO,307380
RO,307381
RO,307382
RO,307385
RO,307386
RO,307387
RO,307390
RO,307391
RO,307392
RO,307393
RO,307395
RO,307396
RO,307400
RO,307401
RO,307402
RO,307403
RO,307405
RO,307406
RO,307407
RO,307410
RO,307411
RO,307412
RO,307413
RO,307414
RO,307416
RO,307420
RO,307421
RO,307422
RO,307423
RO,307424
RO,307426
RO,307430
RO,307431
RO,307432
RO,307435
RO,307436
RO,307437
RO,307438
RO,307439
RO,307441
RO,307445
RO,307446
RO,307447
RO,307448
RO,307449
RO,307451
RO,307455
RO,307456
RO,307457
RO,307460
RO,307461
RO,307462
RO,307463
RO,307464
RO,307466
RO,307467
RO,307470
RO,307471
RO,310001
RO,310002
RO,310003
RO,310004
RO,310005
RO,310006
RO,310009
RO,310010
RO,310011
RO,310012
RO,310013
RO,310016
RO,310017
RO,310018
RO,310019
RO,310022
RO,310023
RO,310024
RO,310025
RO,310028
RO,310029
RO,310030
RO,310031
RO,310032
RO,310035
RO,310036
RO,310037
RO,310038
RO,310039
RO,310040
RO,310041
RO,310042
RO,310045
RO,310046
RO,310047
RO,310048
RO,310049
RO,310052
RO,310053
RO,310054
RO,310055
RO,310056
RO,310057
RO,310058
RO,310059
RO,310062
RO,310063
RO,310064
RO,310065
RO,310066
RO,310067
RO,310068
RO,310069
RO,310070
RO,310074
RO,310075
RO,310076
RO,310077
RO,310078
RO,310079
RO,310080
RO,310081
RO,310084
RO,310085
RO,310086
RO,310087
RO,310090
RO,310091
RO,310092
RO,310093
RO,310094
RO,310095
RO,310096
RO,310099
RO,310100
RO,310101
RO,310102
RO,310103
RO,310104
RO,310106
RO,310107
RO,310108
RO,310109
RO,310110
RO,310112
RO,310113
RO,310114
RO,310117
RO,310118
RO,310119
RO,310122
RO,310123
RO,310124
RO,310125
RO,310126
RO,310127
RO,310130
RO,310131
RO,310132
RO,310133
RO,310134
RO,310135
RO,310137
RO,310138
RO,310139
RO,310140
RO,310141
RO,310144
RO,310145
RO,310146
RO,310147
RO,310148
RO,310150
RO,310151
RO,310152
RO,310153
RO,310154
RO,310156
RO,310157
RO,310158
RO,310159
RO,310160
RO,310161
RO,310162
RO,310163
RO,310164
RO,310165
RO,310167
RO,310168
RO,310169
RO,310170
RO,310171
RO,310174
RO,310175
RO,310176
RO,310177
RO,310178
RO,310179
RO,310181
RO,310182
RO,310183
RO,310184
RO,310187
RO,310188
RO,310189
RO,310190
RO,310191
RO,310192
RO,310195
RO,310196
RO,310197
RO,310198
RO,310199
RO,310200
RO,310201
RO,310202
RO,310204
RO,310205
RO,310206
RO,310207
RO,310208
RO,310209
RO,310210
RO,310211
RO,310212
RO,310213
RO,310214
RO,310215
RO,310216
RO,310217
RO,310218
RO,310219
RO,310220
RO,310221
RO,310222
RO,310223
RO,310224
RO,310225
RO,310227
RO,310228
RO,310229
RO,310230
RO,310231
RO,310232
RO,310233
RO,310234
RO,310237
RO,310238
RO,310239
RO,310240
RO,310241
RO,310242
RO,310245
RO,310246
RO,310247
RO,310248
RO,310249
RO,310250
RO,310251
RO,310253
RO,310254
RO,310255
RO,310256
RO,310257
RO,310258
RO,310259
RO,310261
RO,310262
RO,310263
RO,310264
RO,310265
RO,310267
RO,310268
RO,310269
RO,310270
RO,310271
RO,310272
RO,310273
RO,310274
RO,310275
RO,310278
RO,310279
RO,310280
RO,310281
RO,310282
RO,310283
RO,310284
RO,310287
RO,310288
RO,310289
RO,310290
RO,310291
RO,310292
RO,310293
RO,310294
RO,310295
RO,310298
RO,310299
RO,310300
RO,310301
RO,310302
RO,310303
RO,310304
RO,310307
RO,310308
RO,310310
RO,310311
RO,310312
RO,310315
RO,310316
RO,310317
RO,310318
RO,310319
RO,310320
RO,310321
RO,310322
RO,310323
RO,310324
RO,310327
RO,310328
RO,310329
RO,310330
RO,310331
RO,310332
RO,310333
RO,310336
RO,310337
RO,310338
RO,310339
RO,310340
RO,310341
RO,310345
RO,310346
RO,310347
RO,310348
RO,310349
RO,310350
RO,310353
RO,310355
RO,310356
RO,310357
RO,310358
RO,310359
RO,310360
RO,310362
RO,310363
RO,310364
RO,310365
RO,310368
RO,310369
RO,310370
RO,310371
RO,310372
RO,310375
RO,310376
RO,310377
RO,310378
RO,310381
RO,310382
RO,310384
RO,310385
RO,310388
RO,310389
RO,310390
RO,310391
RO,310392
RO,310395
RO,310396
RO,310397
RO,310398
RO,310399
RO,310400
RO,310401
RO,310402
RO,310403
RO,310404
RO,310407
RO,310408
RO,310409
RO,310410
RO,310411
RO,310412
RO,310413
RO,310414
RO,310415
RO,310416
RO,310417
RO,310418
RO,310419
RO,310422
RO,310423
RO,310424
RO,310425
RO,310426
RO,310427
RO,310428
RO,310429
RO,310430
RO,310431
RO,310434
RO,310435
RO,310436
RO,310437
RO,310438
RO,310439
RO,310440
RO,310441
RO,310442
RO,310443
RO,310444
RO,310445
RO,310446
RO,310447
RO,310448
RO,310451
RO,310452
RO,310453
RO,310454
RO,310455
RO,310456
RO,310457
RO,310458
RO,310459
RO,310460
RO,310461
RO,310464
RO,310465
RO,310466
RO,310467
RO,310468
RO,310469
RO,310470
RO,310471
RO,310472
RO,310473
RO,310474
RO,310475
RO,310477
RO,310478
RO,310479
RO,310480
RO,310481
RO,310482
RO,310483
RO,310484
RO,310485
RO,310486
RO,310487
RO,310488
RO,310489
RO,310490
RO,310491
RO,310493
RO,310494
RO,310495
RO,310496
RO,310497
RO,310498
RO,310499
RO,310500
RO,310501
RO,310502
RO,310503
RO,310504
RO,310505
RO,310506
RO,310507
RO,310508
RO,315100
RO,315101
RO,315200
RO,315201
RO,315300
RO,315301
RO,315400
RO,315401
RO,315402
RO,315500
RO,315600
RO,315601
RO,315700
RO,315701
RO,315702
RO,315703
RO,317005
RO,317006
RO,317007
RO,317008
RO,317010
RO,317011
RO,317012
RO,317015
RO,317016
RO,317017
RO,317018
RO,317020
RO,317021
RO,317022
RO,317023
RO,317025
RO,317026
RO,317027
RO,317028
RO,317030
RO,317031
RO,317032
RO,317033
RO,317034
RO,317036
RO,317037
RO,317038
RO,317040
RO,317041
RO,317042
RO,317043
RO,317044
RO,317046
RO,317050
RO,317051
RO,317052
RO,317053
RO,317055
RO,317056
RO,317057
RO,317060
RO,317061
RO,317062
RO,317063
RO,317064
RO,317065
RO,317066
RO,317067
RO,317068
RO,317070
RO,317071
RO,317075
RO,317076
RO,317077
RO,317080
RO,317081
RO,317082
RO,317085
RO,317086
RO,317087
RO,317088
RO,317089
RO,317090
RO,317095
RO,317096
RO,317097
RO,317098
RO,317099
RO,317101
RO,317102
RO,317103
RO,317104
RO,317106
RO,317110
RO,317111
RO,317112
RO,317113
RO,317114
RO,317115
RO,317116
RO,317117
RO,317118
RO,317119
RO,317120
RO,317121
RO,317122
RO,317123
RO,317125
RO,317126
RO,317127
RO,317130
RO,317135
RO,317136
RO,317137
RO,317140
RO,317141
RO,317145
RO,317146
RO,317147
RO,317148
RO,317149
RO,317151
RO,317152
RO,317153
RO,317154
RO,317156
RO,317160
RO,317161
RO,317162
RO,317163
RO,317164
RO,317166
RO,317167
RO,317168
RO,317169
RO,317171
RO,317172
RO,317180
RO,317181
RO,317182
RO,317183
RO,317184
RO,317185
RO,317186
RO,317187
RO,317188
RO,317189
RO,317191
RO,317195
RO,317196
RO,317197
RO,317198
RO,317200
RO,317201
RO,317202
RO,317205
RO,317206
RO,317210
RO,317211
RO,317215
RO,317216
RO,317217
RO,317218
RO,317220
RO,317221
RO,317225
RO,317226
RO,317230
RO,317231
RO,317232
RO,317233
RO,317235
RO,317236
RO,317237
RO,317238
RO,317240
RO,317241
RO,317245
RO,317246
RO,317247
RO,317248
RO,317249
RO,317251
RO,317255
RO,317256
RO,317260
RO,317261
RO,317262
RO,317263
RO,317264
RO,317266
RO,317267
RO,317270
RO,317271
RO,317272
RO,317273
RO,317274
RO,317276
RO,317277
RO,317278
RO,317279
RO,317280
RO,317281
RO,317285
RO,317286
RO,317287
RO,317288
RO,317290
RO,317291
RO,317292
RO,317295
RO,317300
RO,317301
RO,317302
RO,317305
RO,317310
RO,317311
RO,317312
RO,317313
RO,317314
RO,317315
RO,317320
RO,317325
RO,317326
RO,317327
RO,317330
RO,317331
RO,317332
RO,317333
RO,317334
RO,317335
RO,317340
RO,317341
RO,317342
RO,317345
RO,317346
RO,317347
RO,317348
RO,317350
RO,317351
RO,317355
RO,317356
RO,317357
RO,317358
RO,317360
RO,317361
RO,317362
RO,317363
RO,317364
RO,317365
RO,317375
RO,317376
RO,317377
RO,317378
RO,317379
RO,317380
RO,317381
RO,317382
RO,317383
RO,317384
RO,317386
RO,317390
RO,317391
RO,317392
RO,317393
RO,317394
RO,317396
RO,317397
RO,317398
RO,317400
RO,317401
RO,317402
RO,317405
RO,317406
RO,317407
RO,317408
RO,317410
RO,317411
RO,317412
RO,317415
RO,317416
RO,317420
RO,317421
RO,317425
RO,317426
RO,317427
RO,320001
RO,320002
RO,320003
RO,320004
RO,320005
RO,320006
RO,320011
RO,320012
RO,320013
RO,320014
RO,320018
RO,320019
RO,320020
RO,320021
RO,320022
RO,320026
RO,320027
RO,320028
RO,320029
RO,320030
RO,320034
RO,320035
RO,320036
RO,320037
RO,320038
RO,320042
RO,320043
RO,320044
RO,320045
RO,320046
RO,320050
RO,320051
RO,320052
RO,320053
RO,320054
RO,320058
RO,320059
RO,320060
RO,320061
RO,320062
RO,320066
RO,320067
RO,320068
RO,320069
RO,320070
RO,320071
RO,320075
RO,320076
RO,320077
RO,320078
RO,320079
RO,320084
RO,320085
RO,320086
RO,320087
RO,320088
RO,320092
RO,320093
RO,320094
RO,320095
RO,320096
RO,320100
RO,320101
RO,320102
RO,320103
RO,320104
RO,320108
RO,320109
RO,320110
RO,320111
RO,320112
RO,320116
RO,320117
RO,320118
RO,320119
RO,320125
RO,320126
RO,320127
RO,320128
RO,320129
RO,320130
RO,320135
RO,320136
RO,320137
RO,320138
RO,320139
RO,320143
RO,320144
RO,320145
RO,320146
RO,320147
RO,320151
RO,320152
RO,320153
RO,320154
RO,320158
RO,320159
RO,320160
RO,320161
RO,320162
RO,320166
RO,320167
RO,320168
RO,320169
RO,320170
RO,320174
RO,320175
RO,320176
RO,320180
RO,320181
RO,320182
RO,320183
RO,320184
RO,320188
RO,320189
RO,320190
RO,320191
RO,320192
RO,320196
RO,320197
RO,320198
RO,320199
RO,320200
RO,320201
RO,320205
RO,320206
RO,320207
RO,320208
RO,320209
RO,320210
RO,320214
RO,320215
RO,320216
RO,320217
RO,320218
RO,320219
RO,320223
RO,320224
RO,320225
RO,320226
RO,320227
RO,320228
RO,320232
RO,320233
RO,320234
RO,320235
RO,320236
RO,325100
RO,325150
RO,325200
RO,325201
RO,325300
RO,325400
RO,325401
RO,325500
RO,325501
RO,325502
RO,325550
RO,325600
RO,325601
RO,325602
RO,325603
RO,325604
RO,325605
RO,325606
RO,325700
RO,325701
RO,325702
RO,327005
RO,327006
RO,327007
RO,327008
RO,327009
RO,327010
RO,327011
RO,327015
RO,327016
RO,327017
RO,327018
RO,327020
RO,327021
RO,327022
RO,327023
RO,327024
RO,327025
RO,327026
RO,327027
RO,327028
RO,327029
RO,327030
RO,327031
RO,327032
RO,327035
RO,327036
RO,327040
RO,327041
RO,327042
RO,327043
RO,327045
RO,327046
RO,327047
RO,327050
RO,327051
RO,327055
RO,327056
RO,327057
RO,327058
RO,327059
RO,327060
RO,327061
RO,327062
RO,327063
RO,327065
RO,327066
RO,327067
RO,327070
RO,327071
RO,327075
RO,327076
RO,327077
RO,327080
RO,327081
RO,327082
RO,327083
RO,327085
RO,327086
RO,327090
RO,327091
RO,327092
RO,327093
RO,327094
RO,327096
RO,327097
RO,327100
RO,327101
RO,327102
RO,327103
RO,327105
RO,327106
RO,327107
RO,327108
RO,327110
RO,327111
RO,327112
RO,327113
RO,327114
RO,327116
RO,327117
RO,327118
RO,327119
RO,327121
RO,327122
RO,327123
RO,327124
RO,327126
RO,327127
RO,327128
RO,327129
RO,327131
RO,327132
RO,327133
RO,327134
RO,327136
RO,327137
RO,327138
RO,327139
RO,327141
RO,327142
RO,327143
RO,327144
RO,327146
RO,327147
RO,327148
RO,327149
RO,327151
RO,327152
RO,327153
RO,327154
RO,327156
RO,327157
RO,327158
RO,327160
RO,327161
RO,327165
RO,327166
RO,327167
RO,327168
RO,327169
RO,327171
RO,327172
RO,327175
RO,327176
RO,327177
RO,327180
RO,327181
RO,327185
RO,327186
RO,327190
RO,327195
RO,327196
RO,327200
RO,327201
RO,327202
RO,327203
RO,327204
RO,327206
RO,327210
RO,327211
RO,327212
RO,327213
RO,327215
RO,327216
RO,327220
RO,327225
RO,327226
RO,327227
RO,327230
RO,327231
RO,327235
RO,327236
RO,327237
RO,327240
RO,327241
RO,327242
RO,327245
RO,327246
RO,327250
RO,327251
RO,327255
RO,327256
RO,327257
RO,327258
RO,327260
RO,327261
RO,327265
RO,327266
RO,327270
RO,327271
RO,327272
RO,327273
RO,327275
RO,327280
RO,327281
RO,327285
RO,327286
RO,327287
RO,327288
RO,327290
RO,327295
RO,327296
RO,327297
RO,327298
RO,327299
RO,327300
RO,327301
RO,327302
RO,327303
RO,327304
RO,327305
RO,327306
RO,327307
RO,327308
RO,327309
RO,327310
RO,327311
RO,327312
RO,327315
RO,327316
RO,327320
RO,327321
RO,327325
RO,327326
RO,327327
RO,327330
RO,327331
RO,327332
RO,327333
RO,327334
RO,327335
RO,327336
RO,327337
RO,327338
RO,327339
RO,327341
RO,327342
RO,327343
RO,327344
RO,327346
RO,327347
RO,327348
RO,327349
RO,327351
RO,327352
RO,327353
RO,327354
RO,327356
RO,327357
RO,327360
RO,327361
RO,327362
RO,327363
RO,327365
RO,327366
RO,327367
RO,327368
RO,327370
RO,327371
RO,327372
RO,327373
RO,327374
RO,327376
RO,327377
RO,327378
RO,327379
RO,327381
RO,327385
RO,327386
RO,327390
RO,327391
RO,327395
RO,327396
RO,327397
RO,327398
RO,327400
RO,327401
RO,327405
RO,327406
RO,327407
RO,327408
RO,327409
RO,327411
RO,327415
RO,327420
RO,327421
RO,327425
RO,327426
RO,327427
RO,327430
RO,327431
RO,327432
RO,327435
RO,327436
RO,327437
RO,327438
RO,327439
RO,327441
RO,327442
RO,327445
RO,327450
RO,327451
RO,330001
RO,330002
RO,330003
RO,330004
RO,330005
RO,330006
RO,330007
RO,330008
RO,330011
RO,330012
RO,330013
RO,330014
RO,330015
RO,330018
RO,330019
RO,330020
RO,330021
RO,330022
RO,330025
RO,330026
RO,330027
RO,330030
RO,330031
RO,330032
RO,330033
RO,330034
RO,330037
RO,330038
RO,330039
RO,330040
RO,330041
RO,330044
RO,330045
RO,330046
RO,330047
RO,330048
RO,330051
RO,330052
RO,330053
RO,330054
RO,330055
RO,330058
RO,330059
RO,330060
RO,330061
RO,330062
RO,330065
RO,330066
RO,330067
RO,330068
RO,330069
RO,330072
RO,330073
RO,330074
RO,330075
RO,330078
RO,330079
RO,330080
RO,330081
RO,330084
RO,330085
RO,330086
RO,330087
RO,330088
RO,330091
RO,330092
RO,330093
RO,330094
RO,330097
RO,330098
RO,330099
RO,330100
RO,330101
RO,330104
RO,330105
RO,330106
RO,330107
RO,330110
RO,330111
RO,330112
RO,330113
RO,330114
RO,330117
RO,330118
RO,330119
RO,330120
RO,330121
RO,330124
RO,330125
RO,330126
RO,330127
RO,330128
RO,330131
RO,330132
RO,330133
RO,330134
RO,330137
RO,330138
RO,330139
RO,330140
RO,330141
RO,330144
RO,330145
RO,330146
RO,330147
RO,330148
RO,330151
RO,330152
RO,330153
RO,330154
RO,330155
RO,330158
RO,330159
RO,330160
RO,330161
RO,330162
RO,330165
RO,330166
RO,330167
RO,330168
RO,330169
RO,330172
RO,330173
RO,330174
RO,330175
RO,330176
RO,330179
RO,330180
RO,330181
RO,330182
RO,330183
RO,331001
RO,331002
RO,331003
RO,331004
RO,331005
RO,331006
RO,331007
RO,331008
RO,331009
RO,331010
RO,331013
RO,331014
RO,331015
RO,331016
RO,331017
RO,331018
RO,331021
RO,331022
RO,331023
RO,331024
RO,331025
RO,331028
RO,331029
RO,331030
RO,331031
RO,331032
RO,331035
RO,331036
RO,331037
RO,331038
RO,331039
RO,331040
RO,331042
RO,331043
RO,331044
RO,331045
RO,331046
RO,331047
RO,331049
RO,331050
RO,331051
RO,331052
RO,331053
RO,331056
RO,331057
RO,331058
RO,331059
RO,331060
RO,331063
RO,331064
RO,331065
RO,331066
RO,331067
RO,331068
RO,331071
RO,331072
RO,331073
RO,331074
RO,331075
RO,331078
RO,331079
RO,331080
RO,331081
RO,331082
RO,331083
RO,331084
RO,331085
RO,331086
RO,331087
RO,331088
RO,331089
RO,331092
RO,331093
RO,331094
RO,331095
RO,331096
RO,331099
RO,331100
RO,331101
RO,331102
RO,331103
RO,331104
RO,331107
RO,331108
RO,331109
RO,331110
RO,331111
RO,331112
RO,331115
RO,331116
RO,331117
RO,331118
RO,331119
RO,331120
RO,331122
RO,331123
RO,331124
RO,331125
RO,331128
RO,331129
RO,331130
RO,331131
RO,331134
RO,331135
RO,331136
RO,331137
RO,331138
RO,331141
RO,331142
RO,331143
RO,331144
RO,331145
RO,331146
RO,331148
RO,331149
RO,331150
RO,331151
RO,331152
RO,331155
RO,331156
RO,331157
RO,331158
RO,331159
RO,331160
RO,331162
RO,331163
RO,331164
RO,331165
RO,331166
RO,331167
RO,332001
RO,332002
RO,332003
RO,332004
RO,332005
RO,332006
RO,332007
RO,332008
RO,332009
RO,332012
RO,332013
RO,332014
RO,332015
RO,332016
RO,332019
RO,332020
RO,332021
RO,332024
RO,332025
RO,332026
RO,332029
RO,332030
RO,332031
RO,332034
RO,332035
RO,332036
RO,332037
RO,332040
RO,332041
RO,332042
RO,332045
RO,332046
RO,332047
RO,332050
RO,332051
RO,332052
RO,332053
RO,332054
RO,332057
RO,332058
RO,332059
RO,332060
RO,332061
RO,332062
RO,332065
RO,332066
RO,332067
RO,332070
RO,332071
RO,332072
RO,332073
RO,332074
RO,332077
RO,332078
RO,332079
RO,332080
RO,332083
RO,332084
RO,332085
RO,332086
RO,332087
RO,332090
RO,332091
RO,332092
RO,332093
RO,332094
RO,332095
RO,332098
RO,332099
RO,332100
RO,332101
RO,332102
RO,332103
RO,332106
RO,332107
RO,332108
RO,332109
RO,332110
RO,332111
RO,335100
RO,335101
RO,335200
RO,335201
RO,335202
RO,335203
RO,335204
RO,335205
RO,335300
RO,335301
RO,335302
RO,335303
RO,335304
RO,335305
RO,335306
RO,335307
RO,335308
RO,335309
RO,335310
RO,335311
RO,335312
RO,335400
RO,335401
RO,335402
RO,335403
RO,335404
RO,335405
RO,335406
RO,335407
RO,335408
RO,335409
RO,335450
RO,335500
RO,335501
RO,335502
RO,335503
RO,335600
RO,335700
RO,335800
RO,335801
RO,335802
RO,335803
RO,335804
RO,335900
RO,335901
RO,335902
RO,335903
RO,335904
RO,335905
RO,335906
RO,336100
RO,336101
RO,336102
RO,336200
RO,336201
RO,336250
RO,337005
RO,337006
RO,337007
RO,337008
RO,337009
RO,337011
RO,337012
RO,337013
RO,337014
RO,337015
RO,337016
RO,337017
RO,337018
RO,337019
RO,337021
RO,337022
RO,337023
RO,337024
RO,337026
RO,337027
RO,337028
RO,337029
RO,337031
RO,337035
RO,337036
RO,337037
RO,337038
RO,337040
RO,337041
RO,337042
RO,337043
RO,337045
RO,337046
RO,337047
RO,337048
RO,337049
RO,337051
RO,337052
RO,337053
RO,337054
RO,337056
RO,337057
RO,337065
RO,337066
RO,337067
RO,337070
RO,337071
RO,337072
RO,337073
RO,337075
RO,337076
RO,337077
RO,337078
RO,337079
RO,337081
RO,337082
RO,337083
RO,337085
RO,337086
RO,337087
RO,337088
RO,337089
RO,337091
RO,337092
RO,337093
RO,337095
RO,337096
RO,337097
RO,337098
RO,337099
RO,337101
RO,337102
RO,337103
RO,337104
RO,337105
RO,337106
RO,337107
RO,337108
RO,337109
RO,337111
RO,337112
RO,337113
RO,337114
RO,337115
RO,337116
RO,337117
RO,337118
RO,337119
RO,337121
RO,337122
RO,337123
RO,337124
RO,337126
RO,337127
RO,337128
RO,337129
RO,337135
RO,337136
RO,337137
RO,337138
RO,337139
RO,337141
RO,337142
RO,337145
RO,337146
RO,337147
RO,337148
RO,337149
RO,337150
RO,337151
RO,337152
RO,337153
RO,337154
RO,337156
RO,337157
RO,337158
RO,337159
RO,337160
RO,337161
RO,337162
RO,337163
RO,337164
RO,337165
RO,337166
RO,337167
RO,337168
RO,337169
RO,337171
RO,337175
RO,337176
RO,337177
RO,337178
RO,337179
RO,337180
RO,337181
RO,337182
RO,337183
RO,337184
RO,337186
RO,337187
RO,337188
RO,337190
RO,337191
RO,337192
RO,337193
RO,337194
RO,337196
RO,337197
RO,337198
RO,337199
RO,337200
RO,337201
RO,337202
RO,337203
RO,337205
RO,337206
RO,337207
RO,337208
RO,337209
RO,337211
RO,337212
RO,337215
RO,337216
RO,337217
RO,337218
RO,337219
RO,337221
RO,337222
RO,337223
RO,337224
RO,337226
RO,337227
RO,337228
RO,337229
RO,337235
RO,337236
RO,337237
RO,337238
RO,337239
RO,337240
RO,337241
RO,337242
RO,337243
RO,337245
RO,337246
RO,337247
RO,337248
RO,337249
RO,337251
RO,337252
RO,337253
RO,337254
RO,337256
RO,337257
RO,337265
RO,337266
RO,337267
RO,337268
RO,337270
RO,337271
RO,337272
RO,337273
RO,337274
RO,337276
RO,337277
RO,337278
RO,337279
RO,337280
RO,337281
RO,337282
RO,337283
RO,337284
RO,337286
RO,337287
RO,337288
RO,337289
RO,337291
RO,337295
RO,337296
RO,337297
RO,337298
RO,337300
RO,337301
RO,337302
RO,337303
RO,337304
RO,337306
RO,337307
RO,337308
RO,337310
RO,337311
RO,337312
RO,337313
RO,337314
RO,337315
RO,337316
RO,337317
RO,337318
RO,337319
RO,337321
RO,337322
RO,337325
RO,337326
RO,337327
RO,337328
RO,337329
RO,337331
RO,337332
RO,337333
RO,337335
RO,337336
RO,337337
RO,337338
RO,337339
RO,337341
RO,337342
RO,337343
RO,337344
RO,337345
RO,337346
RO,337347
RO,337348
RO,337349
RO,337351
RO,337352
RO,337353
RO,337354
RO,337356
RO,337357
RO,337358
RO,337365
RO,337366
RO,337367
RO,337368
RO,337369
RO,337370
RO,337371
RO,337372
RO,337373
RO,337374
RO,337376
RO,337377
RO,337380
RO,337381
RO,337382
RO,337383
RO,337384
RO,337386
RO,337387
RO,337388
RO,337389
RO,337391
RO,337392
RO,337400
RO,337401
RO,337402
RO,337403
RO,337404
RO,337406
RO,337410
RO,337411
RO,337412
RO,337413
RO,337414
RO,337415
RO,337416
RO,337417
RO,337418
RO,337419
RO,337420
RO,337421
RO,337422
RO,337423
RO,337424
RO,337426
RO,337427
RO,337428
RO,337429
RO,337431
RO,337432
RO,337440
RO,337441
RO,337442
RO,337443
RO,337444
RO,337446
RO,337447
RO,337448
RO,337449
RO,337450
RO,337451
RO,337452
RO,337453
RO,337454
RO,337456
RO,337457
RO,337458
RO,337459
RO,337461
RO,337465
RO,337466
RO,337467
RO,337468
RO,337470
RO,337471
RO,337472
RO,337473
RO,337474
RO,337476
RO,337477
RO,337478
RO,337480
RO,337481
RO,337482
RO,337483
RO,337484
RO,337486
RO,337487
RO,337488
RO,337490
RO,337491
RO,337492
RO,337493
RO,337494
RO,337495
RO,337496
RO,337497
RO,337498
RO,337500
RO,337501
RO,337502
RO,337503
RO,337504
RO,337506
RO,337507
RO,337508
RO,337509
RO,337511
RO,337512
RO,337513
RO,337514
RO,337520
RO,337521
RO,337522
RO,337523
RO,337525
RO,337526
RO,337527
RO,337528
RO,337529
RO,337531
RO,337532
RO,337533
RO,337534
RO,337536
RO,337540
RO,337541
RO,337542
RO,337543
RO,337544
RO,337546
RO,337547
RO,337550
RO,337551
RO,337552
RO,337553
RO,337554
RO,337556
RO,337557
RO,337558
RO,337559
RO,337561
RO,337562
RO,337563
RO,337564
RO,400001
RO,400002
RO,400003
RO,400004
RO,400005
RO,400006
RO,400009
RO,400010
RO,400011
RO,400012
RO,400013
RO,400014
RO,400015
RO,400018
RO,400019
RO,400020
RO,400021
RO,400022
RO,400023
RO,400024
RO,400027
RO,400028
RO,400029
RO,400030
RO,400031
RO,400032
RO,400033
RO,400036
RO,400037
RO,400038
RO,400039
RO,400040
RO,400041
RO,400044
RO,400045
RO,400046
RO,400047
RO,400048
RO,400049
RO,400050
RO,400051
RO,400052
RO,400053
RO,400054
RO,400055
RO,400056
RO,400057
RO,400058
RO,400059
RO,400060
RO,400061
RO,400062
RO,400063
RO,400064
RO,400065
RO,400066
RO,400067
RO,400068
RO,400071
RO,400072
RO,400073
RO,400074
RO,400075
RO,400076
RO,400079
RO,400080
RO,400081
RO,400082
RO,400083
RO,400084
RO,400087
RO,400088
RO,400089
RO,400090
RO,400091
RO,400094
RO,400095
RO,400096
RO,400097
RO,400098
RO,400101
RO,400102
RO,400103
RO,400104
RO,400105
RO,400106
RO,400107
RO,400110
RO,400111
RO,400112
RO,400113
RO,400114
RO,400116
RO,400117
RO,400118
RO,400119
RO,400120
RO,400121
RO,400124
RO,400125
RO,400126
RO,400129
RO,400130
RO,400131
RO,400132
RO,400133
RO,400134
RO,400136
RO,400137
RO,400138
RO,400139
RO,400140
RO,400141
RO,400142
RO,400145
RO,400146
RO,400147
RO,400148
RO,400151
RO,400152
RO,400153
RO,400156
RO,400157
RO,400158
RO,400159
RO,400160
RO,400161
RO,400162
RO,400165
RO,400166
RO,400167
RO,400168
RO,400169
RO,400170
RO,400171
RO,400174
RO,400175
RO,400176
RO,400177
RO,400178
RO,400179
RO,400180
RO,400183
RO,400184
RO,400185
RO,400186
RO,400187
RO,400188
RO,400191
RO,400192
RO,400193
RO,400194
RO,400195
RO,400196
RO,400197
RO,400200
RO,400201
RO,400202
RO,400203
RO,400204
RO,400205
RO,400206
RO,400207
RO,400209
RO,400210
RO,400211
RO,400212
RO,400213
RO,400214
RO,400217
RO,400218
RO,400219
RO,400220
RO,400221
RO,400222
RO,400223
RO,400224
RO,400225
RO,400226
RO,400227
RO,400228
RO,400229
RO,400230
RO,400231
RO,400232
RO,400233
RO,400234
RO,400235
RO,400236
RO,400237
RO,400238
RO,400239
RO,400240
RO,400241
RO,400242
RO,400243
RO,400244
RO,400245
RO,400246
RO,400247
RO,400248
RO,400249
RO,400250
RO,400252
RO,400253
RO,400254
RO,400255
RO,400256
RO,400257
RO,400258
RO,400259
RO,400260
RO,400261
RO,400262
RO,400263
RO,400264
RO,400265
RO,400266
RO,400267
RO,400268
RO,400269
RO,400270
RO,400271
RO,400272
RO,400273
RO,400274
RO,400275
RO,400276
RO,400277
RO,400278
RO,400279
RO,400280
RO,400281
RO,400282
RO,400283
RO,400284
RO,400285
RO,400286
RO,400287
RO,400288
RO,400289
RO,400290
RO,400293
RO,400294
RO,400295
RO,400296
RO,400299
RO,400300
RO,400301
RO,400304
RO,400305
RO,400306
RO,400309
RO,400310
RO,400311
RO,400312
RO,400315
RO,400316
RO,400317
RO,400320
RO,400321
RO,400322
RO,400325
RO,400326
RO,400327
RO,400328
RO,400331
RO,400332
RO,400335
RO,400336
RO,400337
RO,400338
RO,400339
RO,400341
RO,400342
RO,400343
RO,400344
RO,400347
RO,400348
RO,400349
RO,400350
RO,400351
RO,400352
RO,400353
RO,400354
RO,400355
RO,400356
RO,400357
RO,400358
RO,400359
RO,400360
RO,400361
RO,400362
RO,400363
RO,400364
RO,400365
RO,400366
RO,400367
RO,400368
RO,400369
RO,400370
RO,400371
RO,400372
RO,400373
RO,400374
RO,400375
RO,400376
RO,400377
RO,400378
RO,400379
RO,400380
RO,400383
RO,400384
RO,400387
RO,400388
RO,400389
RO,400390
RO,400393
RO,400394
RO,400395
RO,400396
RO,400397
RO,400398
RO,400399
RO,400400
RO,400401
RO,400402
RO,400403
RO,400404
RO,400405
RO,400406
RO,400407
RO,400408
RO,400409
RO,400412
RO,400413
RO,400414
RO,400416
RO,400417
RO,400418
RO,400419
RO,400420
RO,400422
RO,400423
RO,400424
RO,400425
RO,400426
RO,400427
RO,400428
RO,400429
RO,400430
RO,400431
RO,400432
RO,400433
RO,400434
RO,400435
RO,400436
RO,400437
RO,400438
RO,400439
RO,400440
RO,400441
RO,400442
RO,400443
RO,400444
RO,400445
RO,400446
RO,400447
RO,400448
RO,400449
RO,400450
RO,400451
RO,400452
RO,400453
RO,400454
RO,400455
RO,400456
RO,400457
RO,400458
RO,400459
RO,400460
RO,400461
RO,400462
RO,400463
RO,400464
RO,400465
RO,400466
RO,400467
RO,400468
RO,400469
RO,400470
RO,400471
RO,400472
RO,400473
RO,400474
RO,400475
RO,400476
RO,400477
RO,400478
RO,400479
RO,400480
RO,400481
RO,400482
RO,400483
RO,400484
RO,400485
RO,400486
RO,400487
RO,400488
RO,400489
RO,400490
RO,400491
RO,400492
RO,400493
RO,400494
RO,400495
RO,400496
RO,400497
RO,400498
RO,400499
RO,400500
RO,400501
RO,400502
RO,400503
RO,400504
RO,400505
RO,400506
RO,400507
RO,400508
RO,400509
RO,400510
RO,400511
RO,400512
RO,400513
RO,400515
RO,400516
RO,400517
RO,400518
RO,400519
RO,400520
RO,400522
RO,400523
RO,400524
RO,400525
RO,400526
RO,400527
RO,400528
RO,400529
RO,400530
RO,400531
RO,400532
RO,400533
RO,400534
RO,400535
RO,400536
RO,400537
RO,400539
RO,400540
RO,400541
RO,400542
RO,400545
RO,400546
RO,400547
RO,400548
RO,400549
RO,400551
RO,400552
RO,400553
RO,400554
RO,400557
RO,400558
RO,400559
RO,400560
RO,400561
RO,400562
RO,400565
RO,400566
RO,400567
RO,400568
RO,400569
RO,400572
RO,400573
RO,400574
RO,400575
RO,400576
RO,400577
RO,400578
RO,400581
RO,400584
RO,400585
RO,400586
RO,400587
RO,400591
RO,400592
RO,400593
RO,400594
RO,400595
RO,400596
RO,400597
RO,400598
RO,400599
RO,400600
RO,400601
RO,400602
RO,400603
RO,400604
RO,400605
RO,400606
RO,400607
RO,400608
RO,400609
RO,400610
RO,400611
RO,400612
RO,400613
RO,400614
RO,400615
RO,400616
RO,400617
RO,400618
RO,400619
RO,400620
RO,400621
RO,400622
RO,400623
RO,400624
RO,400625
RO,400626
RO,400627
RO,400628
RO,400629
RO,400630
RO,400631
RO,400632
RO,400633
RO,400634
RO,400635
RO,400636
RO,400637
RO,400638
RO,400639
RO,400640
RO,400641
RO,400642
RO,400643
RO,400644
RO,400645
RO,400646
RO,400647
RO,400648
RO,400649
RO,400650
RO,400651
RO,400652
RO,400653
RO,400655
RO,400656
RO,400657
RO,400658
RO,400659
RO,400660
RO,400663
RO,400664
RO,400667
RO,400668
RO,400669
RO,400670
RO,400671
RO,400672
RO,400675
RO,400676
RO,400677
RO,400678
RO,400679
RO,400680
RO,400681
RO,400682
RO,400683
RO,400684
RO,400685
RO,400686
RO,400687
RO,400688
RO,400689
RO,400690
RO,400691
RO,400692
RO,400693
RO,400696
RO,400697
RO,400698
RO,400699
RO,401001
RO,401002
RO,401003
RO,401006
RO,401007
RO,401008
RO,401009
RO,401012
RO,401013
RO,401014
RO,401015
RO,401016
RO,401017
RO,401018
RO,401021
RO,401022
RO,401023
RO,401024
RO,401025
RO,401026
RO,401027
RO,401030
RO,401031
RO,401032
RO,401033
RO,401036
RO,401037
RO,401038
RO,401039
RO,401040
RO,401041
RO,401042
RO,401044
RO,401045
RO,401046
RO,401047
RO,401048
RO,401049
RO,401050
RO,401053
RO,401054
RO,401055
RO,401058
RO,401059
RO,401060
RO,401061
RO,401062
RO,401063
RO,401064
RO,401065
RO,401067
RO,401068
RO,401069
RO,401070
RO,401071
RO,401072
RO,401073
RO,401074
RO,401076
RO,401077
RO,401078
RO,401079
RO,401080
RO,401081
RO,401082
RO,401085
RO,401086
RO,401087
RO,401088
RO,401089
RO,401090
RO,401091
RO,401094
RO,401095
RO,401096
RO,401097
RO,401098
RO,401099
RO,401100
RO,401101
RO,401103
RO,401104
RO,401105
RO,401106
RO,401107
RO,401108
RO,401109
RO,401112
RO,401113
RO,401114
RO,401115
RO,401116
RO,401117
RO,401118
RO,401121
RO,401122
RO,401123
RO,401124
RO,401125
RO,401126
RO,401127
RO,401130
RO,401131
RO,401132
RO,401133
RO,401134
RO,401135
RO,401136
RO,401139
RO,401140
RO,401141
RO,401142
RO,401143
RO,401144
RO,401145
RO,401148
RO,401149
RO,401150
RO,401151
RO,401152
RO,401153
RO,401154
RO,401157
RO,401158
RO,401159
RO,401160
RO,401161
RO,401162
RO,401163
RO,401165
RO,401166
RO,401167
RO,401168
RO,401169
RO,401170
RO,401171
RO,401172
RO,401173
RO,401174
RO,401175
RO,401176
RO,401177
RO,401178
RO,401179
RO,401180
RO,401181
RO,401183
RO,401184
RO,401185
RO,401186
RO,401187
RO,401188
RO,401189
RO,405100
RO,405200
RO,405201
RO,405202
RO,405203
RO,405204
RO,405300
RO,405301
RO,405302
RO,405303
RO,405400
RO,405401
RO,407005
RO,407006
RO,407007
RO,407008
RO,407009
RO,407010
RO,407011
RO,407012
RO,407013
RO,407014
RO,407016
RO,407025
RO,407026
RO,407030
RO,407031
RO,407032
RO,407033
RO,407034
RO,407035
RO,407036
RO,407037
RO,407038
RO,407039
RO,407041
RO,407042
RO,407043
RO,407045
RO,407046
RO,407047
RO,407048
RO,407049
RO,407051
RO,407055
RO,407056
RO,407057
RO,407058
RO,407059
RO,407061
RO,407062
RO,407065
RO,407066
RO,407067
RO,407068
RO,407069
RO,407071
RO,407072
RO,407073
RO,407074
RO,407075
RO,407076
RO,407077
RO,407078
RO,407079
RO,407081
RO,407082
RO,407085
RO,407086
RO,407087
RO,407088
RO,407089
RO,407091
RO,407092
RO,407093
RO,407094
RO,407096
RO,407097
RO,407105
RO,407106
RO,407107
RO,407108
RO,407110
RO,407111
RO,407112
RO,407113
RO,407114
RO,407115
RO,407116
RO,407120
RO,407121
RO,407122
RO,407123
RO,407124
RO,407126
RO,407130
RO,407131
RO,407132
RO,407135
RO,407136
RO,407137
RO,407138
RO,407139
RO,407140
RO,407141
RO,407142
RO,407145
RO,407146
RO,407147
RO,407148
RO,407149
RO,407151
RO,407152
RO,407153
RO,407154
RO,407155
RO,407156
RO,407157
RO,407158
RO,407159
RO,407161
RO,407162
RO,407163
RO,407164
RO,407166
RO,407170
RO,407171
RO,407172
RO,407173
RO,407174
RO,407176
RO,407180
RO,407181
RO,407182
RO,407185
RO,407186
RO,407187
RO,407188
RO,407189
RO,407191
RO,407192
RO,407193
RO,407194
RO,407196
RO,407197
RO,407198
RO,407199
RO,407205
RO,407206
RO,407207
RO,407208
RO,407209
RO,407211
RO,407212
RO,407213
RO,407214
RO,407215
RO,407216
RO,407217
RO,407218
RO,407219
RO,407221
RO,407222
RO,407225
RO,407226
RO,407230
RO,407231
RO,407232
RO,407233
RO,407234
RO,407236
RO,407237
RO,407238
RO,407240
RO,407241
RO,407242
RO,407243
RO,407244
RO,407246
RO,407247
RO,407248
RO,407250
RO,407251
RO,407252
RO,407253
RO,407254
RO,407256
RO,407257
RO,407258
RO,407259
RO,407260
RO,407261
RO,407262
RO,407265
RO,407266
RO,407267
RO,407270
RO,407271
RO,407272
RO,407273
RO,407274
RO,407275
RO,407276
RO,407277
RO,407278
RO,407279
RO,407280
RO,407281
RO,407282
RO,407285
RO,407286
RO,407287
RO,407288
RO,407289
RO,407291
RO,407292
RO,407293
RO,407295
RO,407296
RO,407297
RO,407298
RO,407299
RO,407300
RO,407301
RO,407302
RO,407303
RO,407304
RO,407306
RO,407310
RO,407311
RO,407312
RO,407315
RO,407316
RO,407317
RO,407318
RO,407319
RO,407321
RO,407322
RO,407323
RO,407324
RO,407326
RO,407327
RO,407328
RO,407329
RO,407335
RO,407336
RO,407337
RO,407338
RO,407339
RO,407340
RO,407341
RO,407342
RO,407343
RO,407345
RO,407346
RO,407347
RO,407348
RO,407349
RO,407350
RO,407351
RO,407352
RO,407353
RO,407354
RO,407356
RO,407360
RO,407361
RO,407362
RO,407365
RO,407366
RO,407367
RO,407370
RO,407371
RO,407372
RO,407373
RO,407374
RO,407376
RO,407380
RO,407381
RO,407382
RO,407383
RO,407384
RO,407386
RO,407390
RO,407391
RO,407395
RO,407396
RO,407397
RO,407398
RO,407399
RO,407401
RO,407402
RO,407405
RO,407406
RO,407407
RO,407410
RO,407411
RO,407412
RO,407413
RO,407414
RO,407416
RO,407420
RO,407421
RO,407422
RO,407423
RO,407424
RO,407426
RO,407427
RO,407428
RO,407429
RO,407430
RO,407431
RO,407432
RO,407433
RO,407434
RO,407436
RO,407440
RO,407441
RO,407442
RO,407445
RO,407446
RO,407447
RO,407448
RO,407449
RO,407450
RO,407451
RO,407452
RO,407453
RO,407454
RO,407455
RO,407456
RO,407457
RO,407458
RO,407459
RO,407461
RO,407462
RO,407465
RO,407466
RO,407467
RO,407468
RO,407470
RO,407471
RO,407472
RO,407473
RO,407474
RO,407476
RO,407477
RO,407478
RO,407480
RO,407481
RO,407482
RO,407483
RO,407484
RO,407486
RO,407487
RO,407488
RO,407489
RO,407490
RO,407491
RO,407492
RO,407493
RO,407495
RO,407496
RO,407497
RO,407500
RO,407501
RO,407505
RO,407506
RO,407507
RO,407508
RO,407509
RO,407511
RO,407512
RO,407513
RO,407515
RO,407516
RO,407517
RO,407518
RO,407519
RO,407520
RO,407521
RO,407522
RO,407523
RO,407524
RO,407526
RO,407527
RO,407528
RO,407530
RO,407531
RO,407532
RO,407533
RO,407534
RO,407536
RO,407540
RO,407545
RO,407546
RO,407547
RO,407550
RO,407551
RO,407552
RO,407553
RO,407554
RO,407556
RO,407560
RO,407561
RO,407562
RO,407563
RO,407564
RO,407565
RO,407566
RO,407567
RO,407568
RO,407569
RO,407570
RO,407571
RO,407572
RO,407573
RO,407574
RO,407575
RO,407576
RO,407577
RO,407578
RO,407579
RO,407581
RO,407582
RO,407585
RO,407586
RO,407587
RO,407590
RO,407591
RO,407595
RO,407596
RO,407597
RO,407598
RO,407599
RO,407601
RO,410001
RO,410002
RO,410003
RO,410004
RO,410005
RO,410008
RO,410009
RO,410010
RO,410011
RO,410013
RO,410017
RO,410018
RO,410019
RO,410020
RO,410021
RO,410025
RO,410026
RO,410027
RO,410028
RO,410032
RO,410033
RO,410034
RO,410035
RO,410039
RO,410040
RO,410041
RO,410042
RO,410043
RO,410044
RO,410048
RO,410049
RO,410050
RO,410051
RO,410052
RO,410053
RO,410057
RO,410058
RO,410059
RO,410060
RO,410061
RO,410065
RO,410066
RO,410067
RO,410068
RO,410072
RO,410073
RO,410074
RO,410078
RO,410079
RO,410080
RO,410081
RO,410082
RO,410085
RO,410086
RO,410087
RO,410088
RO,410089
RO,410090
RO,410091
RO,410092
RO,410093
RO,410094
RO,410095
RO,410096
RO,410097
RO,410098
RO,410100
RO,410101
RO,410102
RO,410103
RO,410104
RO,410108
RO,410109
RO,410110
RO,410114
RO,410115
RO,410116
RO,410117
RO,410118
RO,410119
RO,410120
RO,410121
RO,410123
RO,410124
RO,410125
RO,410126
RO,410127
RO,410128
RO,410129
RO,410130
RO,410131
RO,410132
RO,410133
RO,410134
RO,410135
RO,410136
RO,410138
RO,410139
RO,410140
RO,410141
RO,410142
RO,410143
RO,410144
RO,410147
RO,410148
RO,410149
RO,410150
RO,410151
RO,410152
RO,410153
RO,410154
RO,410155
RO,410156
RO,410159
RO,410160
RO,410161
RO,410162
RO,410163
RO,410166
RO,410167
RO,410168
RO,410169
RO,410170
RO,410171
RO,410172
RO,410174
RO,410175
RO,410176
RO,410177
RO,410178
RO,410181
RO,410182
RO,410183
RO,410184
RO,410188
RO,410189
RO,410190
RO,410191
RO,410192
RO,410195
RO,410196
RO,410197
RO,410202
RO,410203
RO,410204
RO,410205
RO,410209
RO,410210
RO,410211
RO,410212
RO,410213
RO,410214
RO,410219
RO,410220
RO,410221
RO,410222
RO,410223
RO,410224
RO,410227
RO,410228
RO,410229
RO,410230
RO,410231
RO,410232
RO,410234
RO,410235
RO,410236
RO,410237
RO,410238
RO,410239
RO,410240
RO,410241
RO,410242
RO,410243
RO,410244
RO,410248
RO,410249
RO,410250
RO,410251
RO,410252
RO,410256
RO,410257
RO,410258
RO,410259
RO,410264
RO,410265
RO,410266
RO,410269
RO,410270
RO,410271
RO,410272
RO,410273
RO,410276
RO,410277
RO,410278
RO,410279
RO,410282
RO,410283
RO,410284
RO,410285
RO,410286
RO,410290
RO,410291
RO,410292
RO,410297
RO,410298
RO,410299
RO,410302
RO,410303
RO,410304
RO,410305
RO,410306
RO,410307
RO,410310
RO,410311
RO,410312
RO,410313
RO,410314
RO,410318
RO,410319
RO,410320
RO,410325
RO,410326
RO,410327
RO,410328
RO,410332
RO,410333
RO,410334
RO,410335
RO,410339
RO,410340
RO,410341
RO,410342
RO,410346
RO,410347
RO,410348
RO,410349
RO,410353
RO,410354
RO,410355
RO,410356
RO,410357
RO,410361
RO,410362
RO,410363
RO,410364
RO,410365
RO,410369
RO,410370
RO,410371
RO,410372
RO,410373
RO,410374
RO,410377
RO,410378
RO,410379
RO,410380
RO,410381
RO,410382
RO,410386
RO,410387
RO,410388
RO,410389
RO,410390
RO,410394
RO,410395
RO,410396
RO,410397
RO,410401
RO,410402
RO,410403
RO,410404
RO,410405
RO,410406
RO,410410
RO,410411
RO,410412
RO,410413
RO,410414
RO,410415
RO,410419
RO,410420
RO,410421
RO,410422
RO,410423
RO,410424
RO,410428
RO,410429
RO,410430
RO,410431
RO,410432
RO,410433
RO,410437
RO,410438
RO,410439
RO,410443
RO,410444
RO,410445
RO,410446
RO,410450
RO,410451
RO,410452
RO,410453
RO,410457
RO,410458
RO,410459
RO,410460
RO,410464
RO,410465
RO,410466
RO,410467
RO,410468
RO,410469
RO,410473
RO,410474
RO,410475
RO,410476
RO,410477
RO,410481
RO,410482
RO,410483
RO,410484
RO,410485
RO,410486
RO,410490
RO,410491
RO,410492
RO,410493
RO,410495
RO,410496
RO,410497
RO,410498
RO,410499
RO,410503
RO,410504
RO,410505
RO,410506
RO,410507
RO,410508
RO,410512
RO,410513
RO,410514
RO,410515
RO,410516
RO,410518
RO,410519
RO,410520
RO,410521
RO,410522
RO,410523
RO,410524
RO,410526
RO,410527
RO,410528
RO,410532
RO,410533
RO,410534
RO,410535
RO,410536
RO,410537
RO,410538
RO,410539
RO,410540
RO,410541
RO,410542
RO,410543
RO,410544
RO,410545
RO,410546
RO,410547
RO,410548
RO,410549
RO,410550
RO,410551
RO,410552
RO,410553
RO,410554
RO,410555
RO,410556
RO,410557
RO,410558
RO,410559
RO,410560
RO,410561
RO,410562
RO,410563
RO,410564
RO,410565
RO,410566
RO,410567
RO,410568
RO,410569
RO,410570
RO,410571
RO,410572
RO,410573
RO,410574
RO,410575
RO,410576
RO,410577
RO,410578
RO,410579
RO,410580
RO,410583
RO,410584
RO,410585
RO,410586
RO,410587
RO,410591
RO,410592
RO,410593
RO,410594
RO,410595
RO,410596
RO,410597
RO,410598
RO,410599
RO,410600
RO,410601
RO,410602
RO,410603
RO,410604
RO,410605
RO,410606
RO,410607
RO,410608
RO,410609
RO,415100
RO,415101
RO,415102
RO,415103
RO,415200
RO,415201
RO,415300
RO,415301
RO,415302
RO,415400
RO,415401
RO,415402
RO,415500
RO,415600
RO,415700
RO,415800
RO,415801
RO,415802
RO,415803
RO,415804
RO,415805
RO,417005
RO,417006
RO,417007
RO,417008
RO,417009
RO,417011
RO,417012
RO,417013
RO,417015
RO,417016
RO,417017
RO,417018
RO,417020
RO,417021
RO,417022
RO,417023
RO,417025
RO,417026
RO,417027
RO,417028
RO,417029
RO,417031
RO,417035
RO,417036
RO,417037
RO,417040
RO,417041
RO,417042
RO,417043
RO,417044
RO,417045
RO,417046
RO,417047
RO,417048
RO,417050
RO,417051
RO,417052
RO,417053
RO,417054
RO,417056
RO,417060
RO,417061
RO,417062
RO,417063
RO,417064
RO,417065
RO,417066
RO,417067
RO,417068
RO,417069
RO,417071
RO,417075
RO,417076
RO,417077
RO,417078
RO,417080
RO,417081
RO,417082
RO,417083
RO,417084
RO,417086
RO,417090
RO,417091
RO,417092
RO,417093
RO,417094
RO,417096
RO,417097
RO,417098
RO,417100
RO,417101
RO,417102
RO,417103
RO,417104
RO,417105
RO,417106
RO,417110
RO,417111
RO,417112
RO,417113
RO,417114
RO,417115
RO,417116
RO,417117
RO,417118
RO,417119
RO,417121
RO,417122
RO,417123
RO,417124
RO,417125
RO,417126
RO,417127
RO,417128
RO,417129
RO,417130
RO,417131
RO,417132
RO,417133
RO,417134
RO,417135
RO,417136
RO,417137
RO,417138
RO,417140
RO,417141
RO,417142
RO,417143
RO,417144
RO,417145
RO,417146
RO,417147
RO,417148
RO,417149
RO,417151
RO,417152
RO,417153
RO,417155
RO,417156
RO,417157
RO,417158
RO,417159
RO,417161
RO,417162
RO,417165
RO,417166
RO,417167
RO,417168
RO,417169
RO,417171
RO,417172
RO,417175
RO,417176
RO,417177
RO,417180
RO,417181
RO,417182
RO,417183
RO,417184
RO,417186
RO,417187
RO,417190
RO,417191
RO,417192
RO,417193
RO,417195
RO,417196
RO,417197
RO,417200
RO,417201
RO,417202
RO,417203
RO,417205
RO,417206
RO,417207
RO,417208
RO,417209
RO,417211
RO,417215
RO,417216
RO,417217
RO,417218
RO,417219
RO,417220
RO,417221
RO,417222
RO,417223
RO,417224
RO,417225
RO,417226
RO,417230
RO,417231
RO,417232
RO,417233
RO,417234
RO,417235
RO,417236
RO,417237
RO,417238
RO,417239
RO,417240
RO,417241
RO,417242
RO,417243
RO,417244
RO,417246
RO,417247
RO,417248
RO,417250
RO,417251
RO,417252
RO,417253
RO,417254
RO,417255
RO,417256
RO,417257
RO,417258
RO,417259
RO,417260
RO,417261
RO,417262
RO,417263
RO,417264
RO,417265
RO,417266
RO,417267
RO,417268
RO,417269
RO,417270
RO,417271
RO,417272
RO,417273
RO,417275
RO,417276
RO,417277
RO,417278
RO,417279
RO,417280
RO,417281
RO,417282
RO,417283
RO,417284
RO,417286
RO,417287
RO,417288
RO,417290
RO,417291
RO,417292
RO,417293
RO,417294
RO,417295
RO,417296
RO,417297
RO,417300
RO,417301
RO,417302
RO,417303
RO,417305
RO,417306
RO,417307
RO,417308
RO,417309
RO,417311
RO,417312
RO,417313
RO,417315
RO,417316
RO,417317
RO,417320
RO,417321
RO,417322
RO,417323
RO,417324
RO,417326
RO,417330
RO,417331
RO,417332
RO,417333
RO,417335
RO,417336
RO,417337
RO,417338
RO,417339
RO,417341
RO,417342
RO,417345
RO,417346
RO,417347
RO,417348
RO,417349
RO,417351
RO,417352
RO,417355
RO,417356
RO,417357
RO,417358
RO,417360
RO,417361
RO,417362
RO,417363
RO,417364
RO,417365
RO,417366
RO,417367
RO,417368
RO,417369
RO,417371
RO,417372
RO,417375
RO,417376
RO,417377
RO,417378
RO,417379
RO,417380
RO,417381
RO,417382
RO,417383
RO,417384
RO,417386
RO,417387
RO,417388
RO,417390
RO,417391
RO,417392
RO,417393
RO,417394
RO,417396
RO,417397
RO,417400
RO,417401
RO,417402
RO,417403
RO,417404
RO,417406
RO,417410
RO,417411
RO,417412
RO,417413
RO,417414
RO,417415
RO,417416
RO,417417
RO,417418
RO,417419
RO,417421
RO,417425
RO,417426
RO,417430
RO,417431
RO,417432
RO,417435
RO,417436
RO,417437
RO,417438
RO,417439
RO,417441
RO,417445
RO,417446
RO,417450
RO,417451
RO,417452
RO,417455
RO,417456
RO,417457
RO,417458
RO,417459
RO,417461
RO,417495
RO,417496
RO,417497
RO,417498
RO,417499
RO,417500
RO,417501
RO,417502
RO,417515
RO,417516
RO,417520
RO,417521
RO,417522
RO,417523
RO,417524
RO,417526
RO,417527
RO,417530
RO,417531
RO,417532
RO,417533
RO,417534
RO,417535
RO,417536
RO,417537
RO,417538
RO,417539
RO,417541
RO,417545
RO,417546
RO,417547
RO,417550
RO,417551
RO,417552
RO,417553
RO,417555
RO,417556
RO,417557
RO,417558
RO,417559
RO,417561
RO,417562
RO,417563
RO,417565
RO,417566
RO,417567
RO,417568
RO,417570
RO,417571
RO,417572
RO,417575
RO,417576
RO,417577
RO,417578
RO,417580
RO,417581
RO,417582
RO,417583
RO,417584
RO,417585
RO,417586
RO,417587
RO,417588
RO,417589
RO,417591
RO,417595
RO,417596
RO,417597
RO,417598
RO,417599
RO,417600
RO,417601
RO,417605
RO,417606
RO,417607
RO,417608
RO,417610
RO,417611
RO,417612
RO,417613
RO,417615
RO,417616
RO,417617
RO,417618
RO,417620
RO,417621
RO,417622
RO,417623
RO,417625
RO,417626
RO,417627
RO,417628
RO,420001
RO,420002
RO,420003
RO,420004
RO,420005
RO,420006
RO,420008
RO,420009
RO,420010
RO,420011
RO,420012
RO,420013
RO,420014
RO,420015
RO,420016
RO,420017
RO,420018
RO,420019
RO,420020
RO,420021
RO,420022
RO,420023
RO,420024
RO,420025
RO,420026
RO,420027
RO,420028
RO,420029
RO,420030
RO,420031
RO,420032
RO,420033
RO,420034
RO,420035
RO,420036
RO,420037
RO,420038
RO,420039
RO,420040
RO,420041
RO,420042
RO,420043
RO,420044
RO,420045
RO,420046
RO,420047
RO,420048
RO,420049
RO,420050
RO,420051
RO,420052
RO,420053
RO,420054
RO,420055
RO,420056
RO,420057
RO,420058
RO,420059
RO,420060
RO,420061
RO,420062
RO,420063
RO,420064
RO,420065
RO,420066
RO,420067
RO,420068
RO,420069
RO,420070
RO,420071
RO,420072
RO,420073
RO,420074
RO,420075
RO,420076
RO,420077
RO,420078
RO,420079
RO,420080
RO,420081
RO,420082
RO,420083
RO,420084
RO,420086
RO,420087
RO,420088
RO,420089
RO,420090
RO,420091
RO,420092
RO,420093
RO,420094
RO,420095
RO,420096
RO,420097
RO,420098
RO,420099
RO,420100
RO,420101
RO,420102
RO,420103
RO,420104
RO,420105
RO,420106
RO,420107
RO,420108
RO,420109
RO,420110
RO,420111
RO,420112
RO,420113
RO,420114
RO,420115
RO,420116
RO,420117
RO,420118
RO,420119
RO,420120
RO,420121
RO,420122
RO,420123
RO,420124
RO,420125
RO,420126
RO,420127
RO,420128
RO,420129
RO,420130
RO,420131
RO,420132
RO,420133
RO,420134
RO,420135
RO,420136
RO,420137
RO,420138
RO,420139
RO,420140
RO,420141
RO,420142
RO,420143
RO,420144
RO,420145
RO,420146
RO,420147
RO,420148
RO,420149
RO,420150
RO,420151
RO,420152
RO,420153
RO,420154
RO,420155
RO,420156
RO,420157
RO,420158
RO,420159
RO,420160
RO,420161
RO,420162
RO,420163
RO,420164
RO,420165
RO,420166
RO,420167
RO,420168
RO,420169
RO,420170
RO,420171
RO,420172
RO,420173
RO,420174
RO,420175
RO,420177
RO,420178
RO,420179
RO,420180
RO,420181
RO,420184
RO,420185
RO,420186
RO,420189
RO,420198
RO,425100
RO,425101
RO,425102
RO,425103
RO,425200
RO,425201
RO,425202
RO,425300
RO,425301
RO,425302
RO,427005
RO,427006
RO,427007
RO,427010
RO,427011
RO,427012
RO,427015
RO,427016
RO,427017
RO,427018
RO,427019
RO,427020
RO,427021
RO,427022
RO,427023
RO,427025
RO,427026
RO,427027
RO,427028
RO,427029
RO,427031
RO,427035
RO,427036
RO,427037
RO,427038
RO,427039
RO,427041
RO,427042
RO,427045
RO,427046
RO,427047
RO,427048
RO,427049
RO,427051
RO,427052
RO,427053
RO,427054
RO,427056
RO,427060
RO,427061
RO,427062
RO,427063
RO,427065
RO,427066
RO,427067
RO,427068
RO,427069
RO,427070
RO,427071
RO,427075
RO,427076
RO,427077
RO,427080
RO,427081
RO,427085
RO,427086
RO,427087
RO,427088
RO,427089
RO,427090
RO,427091
RO,427095
RO,427100
RO,427101
RO,427102
RO,427103
RO,427105
RO,427106
RO,427107
RO,427108
RO,427109
RO,427111
RO,427112
RO,427115
RO,427116
RO,427120
RO,427121
RO,427122
RO,427123
RO,427124
RO,427125
RO,427130
RO,427131
RO,427135
RO,427136
RO,427137
RO,427138
RO,427139
RO,427141
RO,427145
RO,427146
RO,427147
RO,427150
RO,427151
RO,427152
RO,427153
RO,427154
RO,427156
RO,427157
RO,427160
RO,427161
RO,427162
RO,427165
RO,427166
RO,427167
RO,427168
RO,427169
RO,427171
RO,427175
RO,427176
RO,427180
RO,427181
RO,427182
RO,427183
RO,427184
RO,427186
RO,427187
RO,427188
RO,427190
RO,427200
RO,427201
RO,427202
RO,427203
RO,427204
RO,427206
RO,427207
RO,427210
RO,427215
RO,427216
RO,427217
RO,427218
RO,427219
RO,427220
RO,427230
RO,427231
RO,427235
RO,427240
RO,427241
RO,427242
RO,427243
RO,427245
RO,427246
RO,427250
RO,427251
RO,427255
RO,427256
RO,427260
RO,427261
RO,427262
RO,427263
RO,427264
RO,427266
RO,427270
RO,427271
RO,427272
RO,427273
RO,427275
RO,427276
RO,427277
RO,427278
RO,427279
RO,427281
RO,427285
RO,427286
RO,427290
RO,427291
RO,427292
RO,427293
RO,427295
RO,427296
RO,427297
RO,427298
RO,427299
RO,427301
RO,427302
RO,427305
RO,427306
RO,427307
RO,427308
RO,427309
RO,427311
RO,427312
RO,427315
RO,427316
RO,427317
RO,427318
RO,427320
RO,427321
RO,427322
RO,427323
RO,427324
RO,427326
RO,427327
RO,427330
RO,427331
RO,427332
RO,427333
RO,427334
RO,427336
RO,427337
RO,427338
RO,427339
RO,427341
RO,427345
RO,427346
RO,427347
RO,427348
RO,427349
RO,427351
RO,427355
RO,427356
RO,427357
RO,427360
RO,427361
RO,427362
RO,427363
RO,427364
RO,427365
RO,427366
RO,427367
RO,427368
RO,427370
RO,427371
RO,427372
RO,427373
RO,427374
RO,427376
RO,427377
RO,427378
RO,427379
RO,427381
RO,427385
RO,427386
RO,427387
RO,427388
RO,427389
RO,430001
RO,430002
RO,430003
RO,430011
RO,430012
RO,430013
RO,430014
RO,430015
RO,430016
RO,430017
RO,430018
RO,430021
RO,430022
RO,430023
RO,430031
RO,430032
RO,430033
RO,430034
RO,430041
RO,430042
RO,430043
RO,430044
RO,430051
RO,430052
RO,430053
RO,430054
RO,430061
RO,430062
RO,430063
RO,430064
RO,430065
RO,430066
RO,430067
RO,430068
RO,430069
RO,430071
RO,430072
RO,430073
RO,430074
RO,430075
RO,430076
RO,430077
RO,430081
RO,430082
RO,430083
RO,430084
RO,430085
RO,430086
RO,430087
RO,430091
RO,430092
RO,430093
RO,430094
RO,430095
RO,430096
RO,430101
RO,430102
RO,430103
RO,430111
RO,430112
RO,430113
RO,430114
RO,430115
RO,430121
RO,430122
RO,430123
RO,430124
RO,430131
RO,430132
RO,430133
RO,430134
RO,430135
RO,430136
RO,430141
RO,430142
RO,430143
RO,430144
RO,430145
RO,430146
RO,430151
RO,430152
RO,430153
RO,430154
RO,430155
RO,430156
RO,430161
RO,430162
RO,430163
RO,430164
RO,430165
RO,430171
RO,430172
RO,430173
RO,430174
RO,430181
RO,430182
RO,430183
RO,430184
RO,430191
RO,430192
RO,430193
RO,430194
RO,430195
RO,430196
RO,430201
RO,430202
RO,430203
RO,430204
RO,430211
RO,430212
RO,430213
RO,430214
RO,430221
RO,430222
RO,430223
RO,430224
RO,430225
RO,430231
RO,430232
RO,430233
RO,430234
RO,430235
RO,430241
RO,430242
RO,430243
RO,430244
RO,430245
RO,430251
RO,430252
RO,430253
RO,430261
RO,430262
RO,430263
RO,430264
RO,430265
RO,430271
RO,430272
RO,430273
RO,430274
RO,430275
RO,430281
RO,430282
RO,430283
RO,430284
RO,430285
RO,430291
RO,430292
RO,430293
RO,430294
RO,430295
RO,430301
RO,430302
RO,430303
RO,430304
RO,430305
RO,430306
RO,430307
RO,430308
RO,430311
RO,430312
RO,430313
RO,430314
RO,430315
RO,430316
RO,430321
RO,430322
RO,430323
RO,430324
RO,430325
RO,430331
RO,430332
RO,430333
RO,430334
RO,430335
RO,430336
RO,430337
RO,430338
RO,430339
RO,430341
RO,430342
RO,430343
RO,430344
RO,430351
RO,430352
RO,430353
RO,430361
RO,430362
RO,430363
RO,430364
RO,430365
RO,430366
RO,430372
RO,430373
RO,430374
RO,430375
RO,430376
RO,430381
RO,430382
RO,430383
RO,430384
RO,430385
RO,430386
RO,430391
RO,430392
RO,430393
RO,430394
RO,430395
RO,430396
RO,430397
RO,430401
RO,430402
RO,430403
RO,430404
RO,430405
RO,430406
RO,430407
RO,430411
RO,430412
RO,430413
RO,430414
RO,430415
RO,430421
RO,430422
RO,430423
RO,430424
RO,430425
RO,430431
RO,430432
RO,430433
RO,430434
RO,430435
RO,435100
RO,435101
RO,435102
RO,435103
RO,435200
RO,435250
RO,435300
RO,435400
RO,435401
RO,435402
RO,435500
RO,435501
RO,435502
RO,435503
RO,435504
RO,435505
RO,435600
RO,435601
RO,435602
RO,435603
RO,435604
RO,435605
RO,435606
RO,435607
RO,435608
RO,435609
RO,435610
RO,435611
RO,435612
RO,435613
RO,435700
RO,435701
RO,437005
RO,437006
RO,437007
RO,437010
RO,437011
RO,437012
RO,437015
RO,437016
RO,437020
RO,437021
RO,437025
RO,437026
RO,437027
RO,437030
RO,437031
RO,437032
RO,437033
RO,437035
RO,437036
RO,437037
RO,437040
RO,437041
RO,437042
RO,437045
RO,437046
RO,437047
RO,437050
RO,437051
RO,437052
RO,437053
RO,437055
RO,437056
RO,437060
RO,437061
RO,437062
RO,437063
RO,437065
RO,437070
RO,437071
RO,437075
RO,437076
RO,437077
RO,437080
RO,437085
RO,437086
RO,437087
RO,437088
RO,437089
RO,437091
RO,437092
RO,437095
RO,437096
RO,437097
RO,437098
RO,437100
RO,437101
RO,437102
RO,437103
RO,437104
RO,437106
RO,437107
RO,437108
RO,437109
RO,437111
RO,437112
RO,437113
RO,437125
RO,437126
RO,437127
RO,437128
RO,437129
RO,437130
RO,437131
RO,437132
RO,437133
RO,437135
RO,437136
RO,437137
RO,437140
RO,437145
RO,437146
RO,437147
RO,437148
RO,437149
RO,437151
RO,437155
RO,437156
RO,437157
RO,437158
RO,437160
RO,437161
RO,437162
RO,437163
RO,437165
RO,437166
RO,437167
RO,437170
RO,437175
RO,437180
RO,437185
RO,437186
RO,437187
RO,437188
RO,437189
RO,437191
RO,437192
RO,437195
RO,437200
RO,437201
RO,437202
RO,437205
RO,437206
RO,437207
RO,437208
RO,437210
RO,437215
RO,437220
RO,437225
RO,437226
RO,437227
RO,437228
RO,437229
RO,437230
RO,437231
RO,437232
RO,437233
RO,437234
RO,437235
RO,437236
RO,437237
RO,437240
RO,437245
RO,437250
RO,437251
RO,437255
RO,437256
RO,437260
RO,437265
RO,437270
RO,437271
RO,437272
RO,437273
RO,437274
RO,437276
RO,437277
RO,437280
RO,437281
RO,437282
RO,437283
RO,437284
RO,437286
RO,437287
RO,437290
RO,437295
RO,437300
RO,437301
RO,437305
RO,437310
RO,437311
RO,437312
RO,437315
RO,437316
RO,437317
RO,437318
RO,437320
RO,437325
RO,437326
RO,437327
RO,437328
RO,437329
RO,437331
RO,437332
RO,437335
RO,437336
RO,437337
RO,437338
RO,437339
RO,437341
RO,437342
RO,437343
RO,437345
RO,437346
RO,437347
RO,437348
RO,437349
RO,437351
RO,437352
RO,437355
RO,437356
RO,437357
RO,437358
RO,437359
RO,437361
RO,437362
RO,437363
RO,437365
RO,437366
RO,437370
RO,437371
RO,437372
RO,437373
RO,437374
RO,437376
RO,437380
RO,437381
RO,437382
RO,437383
RO,437384
RO,437386
RO,437387
RO,437390
RO,440001
RO,440004
RO,440005
RO,440006
RO,440007
RO,440010
RO,440011
RO,440012
RO,440013
RO,440014
RO,440017
RO,440018
RO,440019
RO,440020
RO,440021
RO,440024
RO,440025
RO,440026
RO,440027
RO,440030
RO,440031
RO,440032
RO,440033
RO,440034
RO,440037
RO,440038
RO,440039
RO,440042
RO,440043
RO,440044
RO,440045
RO,440046
RO,440049
RO,440050
RO,440051
RO,440052
RO,440055
RO,440056
RO,440057
RO,440058
RO,440060
RO,440061
RO,440062
RO,440063
RO,440064
RO,440067
RO,440068
RO,440069
RO,440070
RO,440073
RO,440074
RO,440075
RO,440078
RO,440079
RO,440080
RO,440083
RO,440084
RO,440085
RO,440086
RO,440089
RO,440090
RO,440091
RO,440092
RO,440095
RO,440096
RO,440097
RO,440098
RO,440101
RO,440102
RO,440103
RO,440104
RO,440105
RO,440108
RO,440109
RO,440110
RO,440111
RO,440114
RO,440115
RO,440116
RO,440117
RO,440118
RO,440120
RO,440121
RO,440122
RO,440123
RO,440124
RO,440125
RO,440126
RO,440127
RO,440128
RO,440129
RO,440132
RO,440133
RO,440134
RO,440135
RO,440136
RO,440139
RO,440140
RO,440141
RO,440144
RO,440145
RO,440146
RO,440149
RO,440150
RO,440151
RO,440152
RO,440155
RO,440156
RO,440157
RO,440160
RO,440161
RO,440162
RO,440163
RO,440164
RO,440167
RO,440168
RO,440169
RO,440170
RO,440171
RO,440174
RO,440175
RO,440176
RO,440177
RO,440180
RO,440181
RO,440182
RO,440183
RO,440186
RO,440187
RO,440188
RO,440189
RO,440190
RO,440192
RO,440193
RO,440196
RO,440197
RO,440198
RO,440199
RO,440200
RO,440201
RO,440202
RO,440203
RO,440204
RO,440207
RO,440208
RO,440209
RO,440210
RO,440211
RO,440214
RO,440215
RO,440216
RO,440217
RO,440218
RO,440221
RO,440222
RO,440223
RO,440224
RO,440227
RO,440228
RO,440229
RO,440230
RO,440233
RO,440234
RO,440237
RO,440238
RO,440239
RO,440240
RO,440243
RO,440244
RO,440245
RO,440246
RO,440247
RO,440250
RO,440251
RO,440252
RO,440253
RO,440254
RO,440257
RO,440258
RO,440259
RO,440260
RO,440261
RO,440264
RO,440265
RO,440266
RO,440267
RO,440268
RO,440271
RO,440272
RO,440273
RO,440274
RO,440277
RO,440278
RO,445100
RO,445101
RO,445200
RO,445201
RO,445202
RO,445300
RO,445301
RO,445302
RO,445303
RO,445304
RO,445305
RO,447005
RO,447006
RO,447007
RO,447008
RO,447010
RO,447011
RO,447012
RO,447015
RO,447016
RO,447017
RO,447020
RO,447021
RO,447022
RO,447023
RO,447024
RO,447026
RO,447030
RO,447031
RO,447032
RO,447033
RO,447035
RO,447036
RO,447037
RO,447040
RO,447041
RO,447042
RO,447043
RO,447044
RO,447046
RO,447050
RO,447051
RO,447055
RO,447056
RO,447057
RO,447060
RO,447061
RO,447062
RO,447063
RO,447065
RO,447066
RO,447067
RO,447070
RO,447071
RO,447072
RO,447073
RO,447075
RO,447080
RO,447081
RO,447085
RO,447086
RO,447087
RO,447088
RO,447089
RO,447091
RO,447095
RO,447096
RO,447097
RO,447100
RO,447101
RO,447102
RO,447105
RO,447106
RO,447107
RO,447108
RO,447109
RO,447110
RO,447111
RO,447112
RO,447115
RO,447116
RO,447117
RO,447118
RO,447119
RO,447121
RO,447122
RO,447125
RO,447126
RO,447127
RO,447128
RO,447129
RO,447130
RO,447131
RO,447132
RO,447133
RO,447135
RO,447140
RO,447145
RO,447146
RO,447147
RO,447148
RO,447149
RO,447151
RO,447152
RO,447155
RO,447156
RO,447157
RO,447158
RO,447160
RO,447161
RO,447162
RO,447163
RO,447164
RO,447166
RO,447167
RO,447170
RO,447171
RO,447172
RO,447173
RO,447174
RO,447176
RO,447180
RO,447181
RO,447182
RO,447183
RO,447185
RO,447186
RO,447187
RO,447188
RO,447189
RO,447191
RO,447192
RO,447195
RO,447196
RO,447197
RO,447200
RO,447201
RO,447202
RO,447203
RO,447204
RO,447206
RO,447207
RO,447208
RO,447210
RO,447211
RO,447212
RO,447213
RO,447214
RO,447216
RO,447220
RO,447221
RO,447222
RO,447223
RO,447224
RO,447226
RO,447227
RO,447230
RO,447231
RO,447232
RO,447233
RO,447234
RO,447236
RO,447240
RO,447241
RO,447245
RO,447246
RO,447247
RO,447250
RO,447251
RO,447252
RO,447255
RO,447256
RO,447257
RO,447258
RO,447260
RO,447261
RO,447262
RO,447263
RO,447264
RO,447266
RO,447270
RO,447271
RO,447272
RO,447275
RO,447276
RO,447280
RO,447281
RO,447282
RO,447283
RO,447284
RO,447285
RO,447286
RO,447287
RO,447288
RO,447289
RO,447290
RO,447291
RO,447292
RO,447293
RO,447294
RO,447296
RO,447297
RO,447300
RO,447310
RO,447311
RO,447312
RO,447313
RO,447315
RO,447316
RO,447320
RO,447321
RO,447322
RO,447323
RO,447325
RO,447326
RO,447327
RO,447330
RO,447331
RO,447332
RO,447335
RO,447336
RO,447337
RO,447340
RO,447341
RO,447345
RO,447346
RO,447347
RO,447348
RO,447350
RO,447355
RO,447356
RO,447357
RO,447360
RO,447361
RO,447362
RO,447363
RO,447364
RO,450001
RO,450002
RO,450006
RO,450007
RO,450008
RO,450009
RO,450010
RO,450011
RO,450012
RO,450015
RO,450016
RO,450017
RO,450018
RO,450019
RO,450020
RO,450021
RO,450025
RO,450026
RO,450027
RO,450030
RO,450031
RO,450032
RO,450033
RO,450034
RO,450035
RO,450036
RO,450037
RO,450038
RO,450041
RO,450042
RO,450043
RO,450044
RO,450045
RO,450046
RO,450047
RO,450052
RO,450053
RO,450054
RO,450055
RO,450056
RO,450058
RO,450059
RO,450060
RO,450061
RO,450062
RO,450066
RO,450067
RO,450068
RO,450069
RO,450070
RO,450074
RO,450075
RO,450076
RO,450077
RO,450081
RO,450082
RO,450083
RO,450084
RO,450086
RO,450090
RO,450091
RO,450092
RO,450093
RO,450097
RO,450098
RO,450099
RO,450103
RO,450104
RO,450108
RO,450109
RO,450110
RO,450111
RO,450112
RO,450113
RO,450116
RO,450117
RO,450118
RO,450119
RO,450121
RO,450122
RO,450123
RO,450124
RO,450125
RO,450126
RO,450127
RO,450128
RO,450129
RO,450130
RO,450131
RO,450132
RO,450135
RO,450136
RO,450137
RO,450141
RO,450142
RO,450143
RO,450144
RO,450145
RO,450146
RO,450151
RO,450152
RO,450153
RO,450154
RO,450155
RO,450158
RO,450159
RO,450160
RO,450161
RO,450162
RO,450163
RO,450164
RO,450166
RO,450167
RO,455100
RO,455101
RO,455102
RO,455103
RO,455104
RO,455200
RO,455201
RO,455202
RO,455203
RO,455204
RO,455300
RO,455301
RO,455302
RO,455303
RO,457005
RO,457006
RO,457010
RO,457011
RO,457012
RO,457013
RO,457014
RO,457016
RO,457017
RO,457018
RO,457019
RO,457020
RO,457021
RO,457022
RO,457023
RO,457024
RO,457025
RO,457026
RO,457027
RO,457028
RO,457029
RO,457030
RO,457031
RO,457032
RO,457035
RO,457036
RO,457037
RO,457040
RO,457041
RO,457042
RO,457045
RO,457046
RO,457047
RO,457048
RO,457050
RO,457051
RO,457052
RO,457053
RO,457054
RO,457056
RO,457060
RO,457061
RO,457065
RO,457066
RO,457070
RO,457071
RO,457072
RO,457075
RO,457076
RO,457077
RO,457080
RO,457081
RO,457082
RO,457085
RO,457086
RO,457087
RO,457088
RO,457090
RO,457091
RO,457092
RO,457093
RO,457094
RO,457096
RO,457097
RO,457098
RO,457099
RO,457100
RO,457101
RO,457102
RO,457103
RO,457105
RO,457106
RO,457107
RO,457110
RO,457111
RO,457112
RO,457113
RO,457114
RO,457116
RO,457117
RO,457118
RO,457120
RO,457121
RO,457122
RO,457123
RO,457124
RO,457126
RO,457130
RO,457131
RO,457132
RO,457133
RO,457134
RO,457135
RO,457136
RO,457137
RO,457138
RO,457140
RO,457141
RO,457142
RO,457143
RO,457144
RO,457146
RO,457147
RO,457148
RO,457149
RO,457150
RO,457151
RO,457152
RO,457153
RO,457154
RO,457156
RO,457157
RO,457160
RO,457161
RO,457162
RO,457163
RO,457164
RO,457165
RO,457166
RO,457167
RO,457168
RO,457169
RO,457171
RO,457175
RO,457176
RO,457177
RO,457178
RO,457179
RO,457181
RO,457182
RO,457183
RO,457185
RO,457186
RO,457187
RO,457188
RO,457190
RO,457191
RO,457192
RO,457193
RO,457194
RO,457196
RO,457197
RO,457198
RO,457199
RO,457201
RO,457202
RO,457203
RO,457204
RO,457210
RO,457211
RO,457212
RO,457213
RO,457214
RO,457215
RO,457216
RO,457217
RO,457218
RO,457219
RO,457221
RO,457222
RO,457223
RO,457224
RO,457225
RO,457226
RO,457227
RO,457228
RO,457229
RO,457230
RO,457231
RO,457232
RO,457233
RO,457234
RO,457235
RO,457236
RO,457237
RO,457238
RO,457239
RO,457241
RO,457245
RO,457246
RO,457247
RO,457248
RO,457250
RO,457251
RO,457252
RO,457253
RO,457255
RO,457256
RO,457257
RO,457258
RO,457259
RO,457260
RO,457261
RO,457262
RO,457263
RO,457265
RO,457266
RO,457267
RO,457268
RO,457270
RO,457271
RO,457272
RO,457275
RO,457276
RO,457277
RO,457278
RO,457280
RO,457281
RO,457282
RO,457283
RO,457284
RO,457286
RO,457290
RO,457291
RO,457292
RO,457293
RO,457294
RO,457295
RO,457296
RO,457297
RO,457298
RO,457299
RO,457300
RO,457301
RO,457302
RO,457303
RO,457304
RO,457305
RO,457306
RO,457307
RO,457310
RO,457311
RO,457312
RO,457313
RO,457314
RO,457315
RO,457316
RO,457317
RO,457318
RO,457319
RO,457321
RO,457322
RO,457325
RO,457326
RO,457330
RO,457331
RO,457332
RO,457333
RO,457334
RO,457336
RO,457340
RO,457341
RO,457345
RO,457346
RO,457347
RO,457348
RO,457349
RO,457351
RO,457355
RO,457356
RO,457357
RO,457360
RO,457361
RO,457362
RO,457363
RO,457364
RO,457366
RO,457367
RO,457370
RO,457371
RO,457372
RO,457373
RO,457374
RO,500001
RO,500002
RO,500003
RO,500007
RO,500008
RO,500009
RO,500010
RO,500014
RO,500015
RO,500019
RO,500020
RO,500024
RO,500025
RO,500026
RO,500030
RO,500031
RO,500035
RO,500036
RO,500040
RO,500041
RO,500045
RO,500046
RO,500047
RO,500051
RO,500052
RO,500053
RO,500057
RO,500058
RO,500059
RO,500063
RO,500064
RO,500068
RO,500069
RO,500073
RO,500074
RO,500075
RO,500079
RO,500080
RO,500084
RO,500085
RO,500086
RO,500090
RO,500091
RO,500092
RO,500096
RO,500097
RO,500101
RO,500102
RO,500103
RO,500107
RO,500108
RO,500112
RO,500113
RO,500117
RO,500118
RO,500122
RO,500123
RO,500127
RO,500128
RO,500132
RO,500133
RO,500137
RO,500138
RO,500142
RO,500146
RO,500147
RO,500148
RO,500152
RO,500153
RO,500157
RO,500158
RO,500159
RO,500163
RO,500164
RO,500165
RO,500167
RO,500168
RO,500169
RO,500170
RO,500171
RO,500173
RO,500174
RO,500177
RO,500178
RO,500182
RO,500183
RO,500187
RO,500188
RO,500189
RO,500190
RO,500193
RO,500194
RO,500198
RO,500199
RO,500203
RO,500204
RO,500205
RO,500209
RO,500210
RO,500214
RO,500218
RO,500222
RO,500223
RO,500227
RO,500228
RO,500232
RO,500233
RO,500234
RO,500238
RO,500239
RO,500240
RO,500244
RO,500245
RO,500246
RO,500250
RO,500251
RO,500255
RO,500256
RO,500260
RO,500264
RO,500265
RO,500269
RO,500270
RO,500271
RO,500275
RO,500276
RO,500277
RO,500281
RO,500282
RO,500283
RO,500284
RO,500288
RO,500289
RO,500290
RO,500294
RO,500295
RO,500299
RO,500300
RO,500301
RO,500302
RO,500306
RO,500307
RO,500308
RO,500312
RO,500313
RO,500314
RO,500318
RO,500322
RO,500323
RO,500326
RO,500327
RO,500331
RO,500332
RO,500333
RO,500334
RO,500338
RO,500342
RO,500343
RO,500348
RO,500352
RO,500356
RO,500360
RO,500361
RO,500365
RO,500366
RO,500367
RO,500371
RO,500372
RO,500376
RO,500377
RO,500381
RO,500382
RO,500386
RO,500387
RO,500388
RO,500389
RO,500392
RO,500393
RO,500397
RO,500398
RO,500402
RO,500403
RO,500407
RO,500408
RO,500409
RO,500412
RO,500413
RO,500414
RO,500418
RO,500419
RO,500423
RO,500427
RO,500428
RO,500432
RO,500433
RO,500434
RO,500435
RO,500439
RO,500440
RO,500444
RO,500445
RO,500446
RO,500449
RO,500450
RO,500454
RO,500455
RO,500459
RO,500460
RO,500461
RO,500464
RO,500465
RO,500466
RO,500470
RO,500471
RO,500472
RO,500473
RO,500474
RO,500475
RO,500481
RO,500482
RO,500483
RO,500484
RO,500485
RO,500486
RO,505100
RO,505200
RO,505300
RO,505301
RO,505302
RO,505303
RO,505400
RO,505401
RO,505500
RO,505501
RO,505600
RO,505700
RO,505800
RO,505801
RO,507005
RO,507010
RO,507011
RO,507012
RO,507013
RO,507014
RO,507015
RO,507020
RO,507025
RO,507026
RO,507027
RO,507028
RO,507030
RO,507035
RO,507036
RO,507037
RO,507038
RO,507039
RO,507040
RO,507041
RO,507042
RO,507043
RO,507044
RO,507045
RO,507046
RO,507050
RO,507051
RO,507052
RO,507053
RO,507054
RO,507055
RO,507060
RO,507061
RO,507065
RO,507066
RO,507067
RO,507070
RO,507071
RO,507072
RO,507075
RO,507080
RO,507081
RO,507082
RO,507083
RO,507085
RO,507086
RO,507090
RO,507091
RO,507092
RO,507093
RO,507094
RO,507095
RO,507096
RO,507097
RO,507098
RO,507099
RO,507101
RO,507105
RO,507106
RO,507107
RO,507110
RO,507111
RO,507112
RO,507113
RO,507114
RO,507115
RO,507116
RO,507117
RO,507120
RO,507121
RO,507125
RO,507126
RO,507127
RO,507128
RO,507129
RO,507130
RO,507131
RO,507132
RO,507133
RO,507134
RO,507135
RO,507136
RO,507150
RO,507151
RO,507155
RO,507156
RO,507157
RO,507158
RO,507160
RO,507165
RO,507166
RO,507170
RO,507175
RO,507176
RO,507180
RO,507181
RO,507182
RO,507183
RO,507184
RO,507186
RO,507187
RO,507190
RO,507195
RO,507196
RO,507197
RO,507200
RO,507201
RO,507202
RO,507203
RO,507204
RO,507206
RO,507207
RO,507210
RO,507211
RO,507215
RO,507216
RO,507217
RO,507218
RO,507219
RO,507220
RO,507221
RO,507222
RO,507223
RO,507225
RO,507230
RO,507231
RO,507232
RO,507235
RO,507236
RO,507237
RO,507238
RO,507239
RO,507240
RO,507241
RO,507245
RO,507246
RO,507247
RO,507248
RO,507250
RO,507251
RO,507252
RO,507253
RO,507254
RO,507256
RO,507257
RO,507260
RO,507261
RO,507262
RO,507263
RO,507264
RO,507266
RO,507267
RO,507268
RO,507270
RO,507271
RO,507272
RO,510001
RO,510002
RO,510003
RO,510004
RO,510005
RO,510006
RO,510007
RO,510008
RO,510009
RO,510010
RO,510011
RO,510012
RO,510014
RO,510016
RO,510017
RO,510021
RO,510022
RO,510026
RO,510029
RO,510030
RO,510031
RO,510032
RO,510033
RO,510034
RO,510037
RO,510039
RO,510040
RO,510041
RO,510042
RO,510045
RO,510046
RO,510047
RO,510048
RO,510049
RO,510050
RO,510053
RO,510054
RO,510055
RO,510056
RO,510057
RO,510061
RO,510062
RO,510063
RO,510064
RO,510065
RO,510066
RO,510070
RO,510072
RO,510073
RO,510077
RO,510078
RO,510079
RO,510080
RO,510081
RO,510082
RO,510083
RO,510084
RO,510085
RO,510086
RO,510087
RO,510088
RO,510089
RO,510090
RO,510093
RO,510094
RO,510095
RO,510096
RO,510097
RO,510101
RO,510102
RO,510103
RO,510104
RO,510105
RO,510106
RO,510109
RO,510110
RO,510111
RO,510112
RO,510113
RO,510114
RO,510115
RO,510116
RO,510117
RO,510118
RO,510119
RO,510120
RO,510121
RO,510122
RO,510124
RO,510125
RO,510126
RO,510127
RO,510128
RO,510129
RO,510134
RO,510135
RO,510136
RO,510137
RO,510138
RO,510141
RO,510142
RO,510143
RO,510144
RO,510145
RO,510146
RO,510147
RO,510149
RO,510150
RO,510151
RO,510152
RO,510153
RO,510154
RO,510155
RO,510156
RO,510157
RO,510158
RO,510159
RO,510160
RO,510161
RO,510162
RO,510163
RO,510164
RO,510165
RO,510166
RO,510167
RO,510168
RO,510169
RO,510170
RO,510171
RO,510172
RO,510173
RO,510174
RO,510175
RO,510176
RO,510177
RO,510178
RO,510179
RO,510181
RO,510182
RO,510183
RO,510184
RO,510185
RO,510186
RO,510187
RO,510189
RO,510190
RO,510191
RO,510192
RO,510193
RO,510194
RO,510197
RO,510198
RO,510199
RO,510200
RO,510201
RO,510202
RO,510205
RO,510206
RO,510207
RO,510208
RO,510209
RO,510210
RO,510211
RO,510213
RO,510214
RO,510215
RO,510216
RO,510217
RO,510218
RO,510219
RO,510220
RO,510221
RO,510222
RO,510223
RO,510224
RO,510225
RO,510226
RO,510227
RO,510228
RO,510229
RO,510230
RO,510231
RO,510232
RO,510233
RO,510234
RO,510235
RO,510236
RO,510237
RO,510238
RO,510239
RO,510240
RO,510241
RO,510242
RO,510243
RO,510244
RO,510245
RO,510246
RO,510247
RO,510248
RO,510249
RO,510250
RO,510251
RO,510252
RO,510253
RO,510254
RO,510255
RO,510256
RO,510257
RO,510258
RO,510259
RO,510260
RO,510261
RO,510262
RO,510263
RO,510264
RO,510265
RO,510266
RO,510267
RO,510268
RO,510269
RO,510270
RO,510271
RO,510272
RO,510273
RO,510274
RO,510275
RO,510276
RO,510277
RO,510278
RO,510279
RO,510280
RO,510281
RO,510282
RO,510283
RO,510284
RO,510285
RO,510286
RO,510287
RO,510288
RO,510289
RO,510290
RO,510291
RO,510292
RO,510293
RO,510294
RO,510295
RO,510296
RO,510297
RO,510298
RO,510299
RO,510301
RO,510302
RO,510303
RO,510304
RO,510305
RO,510306
RO,510307
RO,510308
RO,510309
RO,510311
RO,510312
RO,510313
RO,510314
RO,510315
RO,510316
RO,510317
RO,510318
RO,510319
RO,510321
RO,510322
RO,510323
RO,510324
RO,510325
RO,510326
RO,510327
RO,510328
RO,510329
RO,510331
RO,510332
RO,510333
RO,510334
RO,510335
RO,510336
RO,510337
RO,510338
RO,510339
RO,510341
RO,510342
RO,510343
RO,510344
RO,510345
RO,510346
RO,510347
RO,510348
RO,510351
RO,510352
RO,510353
RO,510354
RO,510355
RO,510356
RO,510357
RO,510358
RO,510359
RO,510361
RO,510362
RO,510363
RO,510364
RO,510365
RO,510366
RO,510367
RO,510368
RO,510369
RO,510371
RO,510372
RO,510373
RO,510374
RO,510375
RO,510376
RO,510377
RO,510378
RO,510379
RO,510381
RO,510382
RO,510383
RO,510399
RO,510401
RO,510402
RO,510403
RO,510404
RO,510405
RO,510406
RO,510407
RO,510408
RO,515100
RO,515101
RO,515102
RO,515103
RO,515200
RO,515201
RO,515202
RO,515203
RO,515204
RO,515205
RO,515206
RO,515207
RO,515208
RO,515209
RO,515210
RO,515300
RO,515301
RO,515302
RO,515303
RO,515304
RO,515305
RO,515400
RO,515401
RO,515402
RO,515403
RO,515404
RO,515405
RO,515406
RO,515407
RO,515408
RO,515500
RO,515501
RO,515502
RO,515503
RO,515504
RO,515505
RO,515506
RO,515507
RO,515508
RO,515509
RO,515510
RO,515511
RO,515512
RO,515513
RO,515514
RO,515515
RO,515516
RO,515517
RO,515518
RO,515519
RO,515520
RO,515521
RO,515600
RO,515601
RO,515602
RO,515603
RO,515604
RO,515605
RO,515606
RO,515607
RO,515700
RO,515701
RO,515702
RO,515703
RO,515704
RO,515705
RO,515800
RO,515801
RO,515802
RO,515850
RO,515900
RO,515901
RO,515902
RO,515903
RO,515904
RO,516100
RO,516101
RO,516102
RO,516103
RO,516104
RO,516105
RO,516106
RO,516107
RO,516108
RO,516109
RO,516110
RO,516111
RO,516112
RO,516113
RO,516114
RO,516115
RO,516116
RO,516117
RO,516118
RO,517005
RO,517006
RO,517007
RO,517008
RO,517009
RO,517011
RO,517012
RO,517013
RO,517014
RO,517016
RO,517017
RO,517018
RO,517019
RO,517021
RO,517022
RO,517023
RO,517030
RO,517031
RO,517032
RO,517033
RO,517034
RO,517036
RO,517037
RO,517038
RO,517040
RO,517041
RO,517042
RO,517043
RO,517044
RO,517046
RO,517047
RO,517048
RO,517049
RO,517051
RO,517052
RO,517053
RO,517054
RO,517056
RO,517057
RO,517058
RO,517059
RO,517061
RO,517065
RO,517066
RO,517067
RO,517068
RO,517069
RO,517071
RO,517072
RO,517073
RO,517074
RO,517076
RO,517077
RO,517078
RO,517079
RO,517081
RO,517082
RO,517083
RO,517084
RO,517086
RO,517087
RO,517088
RO,517089
RO,517091
RO,517092
RO,517093
RO,517094
RO,517096
RO,517097
RO,517098
RO,517099
RO,517101
RO,517102
RO,517103
RO,517104
RO,517110
RO,517111
RO,517112
RO,517113
RO,517115
RO,517116
RO,517117
RO,517118
RO,517119
RO,517121
RO,517122
RO,517123
RO,517124
RO,517126
RO,517127
RO,517128
RO,517129
RO,517131
RO,517132
RO,517133
RO,517134
RO,517136
RO,517137
RO,517138
RO,517139
RO,517141
RO,517142
RO,517143
RO,517144
RO,517146
RO,517147
RO,517148
RO,517149
RO,517151
RO,517152
RO,517153
RO,517154
RO,517156
RO,517157
RO,517160
RO,517161
RO,517162
RO,517163
RO,517164
RO,517165
RO,517166
RO,517167
RO,517168
RO,517169
RO,517171
RO,517172
RO,517173
RO,517174
RO,517176
RO,517177
RO,517178
RO,517179
RO,517181
RO,517182
RO,517183
RO,517184
RO,517186
RO,517187
RO,517188
RO,517189
RO,517191
RO,517192
RO,517193
RO,517194
RO,517196
RO,517197
RO,517198
RO,517199
RO,517201
RO,517205
RO,517206
RO,517207
RO,517210
RO,517211
RO,517212
RO,517215
RO,517216
RO,517217
RO,517218
RO,517220
RO,517221
RO,517222
RO,517223
RO,517224
RO,517226
RO,517227
RO,517228
RO,517229
RO,517231
RO,517235
RO,517236
RO,517237
RO,517238
RO,517240
RO,517241
RO,517242
RO,517243
RO,517244
RO,517246
RO,517250
RO,517251
RO,517252
RO,517253
RO,517254
RO,517256
RO,517257
RO,517258
RO,517259
RO,517260
RO,517261
RO,517262
RO,517263
RO,517264
RO,517265
RO,517266
RO,517267
RO,517270
RO,517275
RO,517276
RO,517277
RO,517280
RO,517281
RO,517282
RO,517283
RO,517284
RO,517285
RO,517286
RO,517287
RO,517288
RO,517289
RO,517291
RO,517292
RO,517293
RO,517294
RO,517296
RO,517297
RO,517305
RO,517306
RO,517307
RO,517310
RO,517311
RO,517312
RO,517313
RO,517314
RO,517316
RO,517317
RO,517318
RO,517319
RO,517321
RO,517322
RO,517323
RO,517324
RO,517326
RO,517327
RO,517328
RO,517329
RO,517335
RO,517336
RO,517337
RO,517338
RO,517339
RO,517340
RO,517341
RO,517342
RO,517343
RO,517344
RO,517346
RO,517347
RO,517348
RO,517349
RO,517351
RO,517352
RO,517353
RO,517354
RO,517356
RO,517357
RO,517360
RO,517361
RO,517362
RO,517363
RO,517364
RO,517365
RO,517366
RO,517367
RO,517368
RO,517369
RO,517371
RO,517372
RO,517373
RO,517374
RO,517376
RO,517377
RO,517385
RO,517386
RO,517387
RO,517388
RO,517389
RO,517390
RO,517391
RO,517392
RO,517393
RO,517395
RO,517396
RO,517397
RO,517398
RO,517399
RO,517401
RO,517402
RO,517403
RO,517405
RO,517406
RO,517410
RO,517411
RO,517412
RO,517413
RO,517414
RO,517416
RO,517417
RO,517418
RO,517419
RO,517421
RO,517422
RO,517423
RO,517424
RO,517426
RO,517427
RO,517428
RO,517429
RO,517431
RO,517432
RO,517433
RO,517434
RO,517436
RO,517437
RO,517445
RO,517446
RO,517447
RO,517448
RO,517449
RO,517451
RO,517452
RO,517453
RO,517454
RO,517456
RO,517457
RO,517458
RO,517465
RO,517466
RO,517467
RO,517468
RO,517470
RO,517471
RO,517472
RO,517473
RO,517474
RO,517476
RO,517480
RO,517481
RO,517482
RO,517483
RO,517484
RO,517486
RO,517487
RO,517488
RO,517489
RO,517491
RO,517492
RO,517493
RO,517494
RO,517496
RO,517497
RO,517498
RO,517499
RO,517501
RO,517502
RO,517503
RO,517504
RO,517515
RO,517516
RO,517517
RO,517518
RO,517519
RO,517521
RO,517525
RO,517526
RO,517527
RO,517528
RO,517530
RO,517531
RO,517532
RO,517533
RO,517535
RO,517536
RO,517537
RO,517538
RO,517539
RO,517541
RO,517545
RO,517546
RO,517547
RO,517548
RO,517549
RO,517551
RO,517552
RO,517553
RO,517554
RO,517556
RO,517557
RO,517565
RO,517566
RO,517567
RO,517568
RO,517569
RO,517571
RO,517575
RO,517576
RO,517577
RO,517578
RO,517579
RO,517581
RO,517582
RO,517583
RO,517585
RO,517586
RO,517587
RO,517588
RO,517590
RO,517591
RO,517592
RO,517593
RO,517594
RO,517596
RO,517597
RO,517598
RO,517599
RO,517601
RO,517602
RO,517603
RO,517604
RO,517610
RO,517611
RO,517615
RO,517616
RO,517617
RO,517618
RO,517619
RO,517621
RO,517622
RO,517623
RO,517624
RO,517626
RO,517627
RO,517628
RO,517629
RO,517631
RO,517632
RO,517633
RO,517640
RO,517641
RO,517642
RO,517645
RO,517646
RO,517647
RO,517648
RO,517649
RO,517651
RO,517652
RO,517655
RO,517656
RO,517657
RO,517658
RO,517660
RO,517661
RO,517662
RO,517663
RO,517664
RO,517666
RO,517667
RO,517668
RO,517669
RO,517670
RO,517671
RO,517672
RO,517675
RO,517676
RO,517677
RO,517678
RO,517679
RO,517680
RO,517681
RO,517682
RO,517683
RO,517684
RO,517686
RO,517687
RO,517688
RO,517689
RO,517691
RO,517692
RO,517693
RO,517694
RO,517696
RO,517700
RO,517701
RO,517702
RO,517703
RO,517704
RO,517706
RO,517707
RO,517708
RO,517709
RO,517711
RO,517712
RO,517713
RO,517714
RO,517716
RO,517717
RO,517718
RO,517719
RO,517721
RO,517722
RO,517723
RO,517724
RO,517726
RO,517727
RO,517728
RO,517729
RO,517731
RO,517732
RO,517733
RO,517734
RO,517736
RO,517737
RO,517745
RO,517746
RO,517747
RO,517748
RO,517750
RO,517751
RO,517752
RO,517753
RO,517755
RO,517756
RO,517757
RO,517758
RO,517759
RO,517761
RO,517762
RO,517765
RO,517766
RO,517767
RO,517768
RO,517769
RO,517771
RO,517775
RO,517776
RO,517777
RO,517778
RO,517779
RO,517781
RO,517782
RO,517785
RO,517786
RO,517787
RO,517788
RO,517789
RO,517791
RO,517795
RO,517796
RO,517797
RO,517798
RO,517799
RO,517801
RO,517802
RO,517803
RO,517804
RO,517806
RO,517807
RO,517808
RO,517815
RO,517816
RO,517817
RO,517818
RO,517819
RO,517821
RO,517825
RO,517826
RO,517827
RO,517828
RO,517829
RO,517831
RO,517832
RO,517833
RO,517834
RO,517836
RO,517837
RO,517838
RO,517839
RO,517841
RO,517842
RO,517843
RO,517844
RO,517846
RO,517847
RO,517848
RO,517849
RO,517851
RO,517852
RO,517853
RO,517854
RO,517856
RO,517857
RO,517858
RO,517859
RO,517861
RO,517862
RO,517863
RO,517864
RO,517866
RO,517867
RO,517868
RO,517869
RO,517871
RO,517872
RO,517875
RO,517876
RO,517877
RO,517878
RO,517879
RO,517881
RO,517882
RO,517883
RO,517884
RO,517886
RO,517887
RO,517888
RO,517889
RO,517891
RO,517892
RO,517893
RO,517894
RO,517896
RO,520001
RO,520002
RO,520003
RO,520004
RO,520005
RO,520008
RO,520009
RO,520010
RO,520013
RO,520014
RO,520015
RO,520016
RO,520019
RO,520020
RO,520023
RO,520024
RO,520027
RO,520028
RO,520031
RO,520032
RO,520033
RO,520034
RO,520036
RO,520037
RO,520038
RO,520039
RO,520041
RO,520042
RO,520044
RO,520045
RO,520046
RO,520047
RO,520050
RO,520051
RO,520052
RO,520053
RO,520054
RO,520055
RO,520056
RO,520059
RO,520060
RO,520061
RO,520063
RO,520064
RO,520065
RO,520067
RO,520068
RO,520071
RO,520072
RO,520076
RO,520077
RO,520080
RO,520081
RO,520082
RO,520085
RO,520086
RO,520089
RO,520090
RO,520092
RO,520093
RO,525100
RO,525101
RO,525102
RO,525103
RO,525104
RO,525105
RO,525200
RO,525201
RO,525300
RO,525301
RO,525302
RO,525303
RO,525400
RO,525401
RO,527005
RO,527006
RO,527010
RO,527011
RO,527012
RO,527015
RO,527016
RO,527017
RO,527018
RO,527019
RO,527020
RO,527030
RO,527031
RO,527035
RO,527036
RO,527037
RO,527040
RO,527041
RO,527042
RO,527043
RO,527044
RO,527046
RO,527050
RO,527051
RO,527052
RO,527055
RO,527056
RO,527057
RO,527058
RO,527060
RO,527061
RO,527062
RO,527065
RO,527066
RO,527067
RO,527068
RO,527069
RO,527070
RO,527071
RO,527072
RO,527075
RO,527076
RO,527080
RO,527085
RO,527086
RO,527087
RO,527088
RO,527090
RO,527091
RO,527095
RO,527096
RO,527097
RO,527098
RO,527100
RO,527101
RO,527105
RO,527106
RO,527107
RO,527110
RO,527111
RO,527112
RO,527115
RO,527116
RO,527117
RO,527118
RO,527119
RO,527120
RO,527121
RO,527122
RO,527125
RO,527126
RO,527130
RO,527131
RO,527132
RO,527133
RO,527134
RO,527136
RO,527137
RO,527140
RO,527141
RO,527142
RO,527143
RO,527144
RO,527145
RO,527146
RO,527147
RO,527148
RO,527150
RO,527151
RO,527152
RO,527153
RO,527155
RO,527156
RO,527157
RO,527158
RO,527160
RO,527161
RO,527165
RO,527166
RO,527167
RO,527170
RO,527175
RO,527176
RO,527177
RO,527178
RO,527180
RO,527185
RO,527186
RO,527190
RO,527191
RO,527192
RO,527193
RO,530001
RO,530002
RO,530003
RO,530100
RO,530101
RO,530102
RO,530103
RO,530104
RO,530105
RO,530110
RO,530111
RO,530112
RO,530113
RO,530114
RO,530120
RO,530121
RO,530122
RO,530123
RO,530130
RO,530131
RO,530132
RO,530133
RO,530140
RO,530141
RO,530142
RO,530143
RO,530144
RO,530150
RO,530151
RO,530152
RO,530153
RO,530154
RO,530160
RO,530161
RO,530162
RO,530163
RO,530164
RO,530170
RO,530171
RO,530172
RO,530173
RO,530174
RO,530175
RO,530176
RO,530180
RO,530181
RO,530182
RO,530183
RO,530184
RO,530185
RO,530190
RO,530191
RO,530192
RO,530193
RO,530194
RO,530200
RO,530201
RO,530202
RO,530203
RO,530204
RO,530210
RO,530211
RO,530212
RO,530213
RO,530220
RO,530221
RO,530222
RO,530223
RO,530224
RO,530225
RO,530230
RO,530231
RO,530232
RO,530233
RO,530240
RO,530241
RO,530242
RO,535100
RO,535101
RO,535200
RO,535300
RO,535400
RO,535401
RO,535500
RO,535501
RO,535502
RO,535503
RO,535504
RO,535600
RO,535700
RO,535701
RO,535702
RO,535703
RO,535704
RO,535705
RO,535706
RO,535707
RO,535708
RO,535800
RO,535801
RO,535802
RO,537005
RO,537006
RO,537007
RO,537008
RO,537009
RO,537010
RO,537011
RO,537012
RO,537013
RO,537014
RO,537016
RO,537017
RO,537018
RO,537020
RO,537021
RO,537025
RO,537026
RO,537027
RO,537030
RO,537035
RO,537036
RO,537037
RO,537040
RO,537041
RO,537042
RO,537043
RO,537044
RO,537046
RO,537047
RO,537048
RO,537049
RO,537050
RO,537055
RO,537056
RO,537060
RO,537061
RO,537062
RO,537063
RO,537064
RO,537065
RO,537066
RO,537070
RO,537071
RO,537075
RO,537076
RO,537080
RO,537081
RO,537082
RO,537083
RO,537084
RO,537086
RO,537087
RO,537090
RO,537091
RO,537092
RO,537095
RO,537096
RO,537097
RO,537098
RO,537099
RO,537101
RO,537102
RO,537103
RO,537104
RO,537106
RO,537107
RO,537115
RO,537116
RO,537117
RO,537118
RO,537120
RO,537121
RO,537122
RO,537123
RO,537124
RO,537126
RO,537127
RO,537128
RO,537130
RO,537131
RO,537132
RO,537135
RO,537136
RO,537140
RO,537141
RO,537145
RO,537146
RO,537147
RO,537148
RO,537149
RO,537151
RO,537152
RO,537153
RO,537154
RO,537155
RO,537156
RO,537157
RO,537158
RO,537159
RO,537161
RO,537165
RO,537166
RO,537167
RO,537168
RO,537169
RO,537171
RO,537172
RO,537173
RO,537174
RO,537175
RO,537176
RO,537177
RO,537178
RO,537179
RO,537181
RO,537182
RO,537183
RO,537184
RO,537186
RO,537187
RO,537188
RO,537195
RO,537200
RO,537201
RO,537202
RO,537203
RO,537205
RO,537206
RO,537207
RO,537208
RO,537209
RO,537211
RO,537212
RO,537213
RO,537214
RO,537215
RO,537216
RO,537217
RO,537225
RO,537226
RO,537227
RO,537230
RO,537231
RO,537232
RO,537235
RO,537236
RO,537237
RO,537238
RO,537239
RO,537240
RO,537241
RO,537242
RO,537243
RO,537244
RO,537246
RO,537250
RO,537251
RO,537252
RO,537253
RO,537255
RO,537256
RO,537257
RO,537258
RO,537259
RO,537260
RO,537261
RO,537262
RO,537263
RO,537264
RO,537265
RO,537266
RO,537267
RO,537268
RO,537269
RO,537271
RO,537272
RO,537275
RO,537280
RO,537281
RO,537282
RO,537285
RO,537286
RO,537290
RO,537291
RO,537292
RO,537295
RO,537296
RO,537297
RO,537298
RO,537299
RO,537300
RO,537301
RO,537302
RO,537303
RO,537305
RO,537306
RO,537307
RO,537308
RO,537309
RO,537310
RO,537311
RO,537312
RO,537313
RO,537314
RO,537316
RO,537317
RO,537318
RO,537319
RO,537321
RO,537322
RO,537323
RO,537324
RO,537326
RO,537330
RO,537331
RO,537332
RO,537333
RO,537335
RO,537336
RO,537337
RO,537340
RO,537341
RO,537342
RO,537343
RO,537344
RO,537346
RO,537347
RO,537348
RO,537350
RO,537355
RO,537356
RO,537360
RO,537361
RO,537362
RO,537363
RO,537364
RO,537366
RO,540001
RO,540002
RO,540003
RO,540004
RO,540005
RO,540006
RO,540007
RO,540008
RO,540011
RO,540012
RO,540013
RO,540014
RO,540015
RO,540018
RO,540019
RO,540020
RO,540021
RO,540022
RO,540023
RO,540026
RO,540027
RO,540028
RO,540029
RO,540030
RO,540031
RO,540034
RO,540035
RO,540036
RO,540037
RO,540038
RO,540039
RO,540040
RO,540042
RO,540043
RO,540044
RO,540045
RO,540046
RO,540049
RO,540050
RO,540051
RO,540052
RO,540053
RO,540056
RO,540057
RO,540058
RO,540059
RO,540060
RO,540061
RO,540064
RO,540065
RO,540066
RO,540067
RO,540068
RO,540069
RO,540072
RO,540073
RO,540074
RO,540075
RO,540076
RO,540077
RO,540080
RO,540081
RO,540082
RO,540083
RO,540084
RO,540085
RO,540088
RO,540089
RO,540090
RO,540091
RO,540092
RO,540095
RO,540096
RO,540097
RO,540098
RO,540099
RO,540102
RO,540103
RO,540104
RO,540105
RO,540106
RO,540109
RO,540110
RO,540111
RO,540112
RO,540113
RO,540116
RO,540117
RO,540118
RO,540119
RO,540120
RO,540121
RO,540124
RO,540125
RO,540126
RO,540127
RO,540128
RO,540131
RO,540132
RO,540133
RO,540134
RO,540135
RO,540136
RO,540139
RO,540140
RO,540142
RO,540143
RO,540146
RO,540147
RO,540148
RO,540149
RO,540150
RO,540151
RO,540154
RO,540155
RO,540156
RO,540157
RO,540158
RO,540159
RO,540162
RO,540163
RO,540164
RO,540165
RO,540166
RO,540167
RO,540170
RO,540171
RO,540172
RO,540173
RO,540174
RO,540175
RO,540178
RO,540179
RO,540180
RO,540181
RO,540182
RO,540183
RO,540186
RO,540187
RO,540188
RO,540189
RO,540190
RO,540191
RO,540194
RO,540195
RO,540196
RO,540197
RO,540198
RO,540199
RO,540202
RO,540203
RO,540204
RO,540205
RO,540206
RO,540207
RO,540210
RO,540211
RO,540212
RO,540213
RO,540214
RO,540217
RO,540218
RO,540219
RO,540220
RO,540221
RO,540224
RO,540225
RO,540226
RO,540227
RO,540228
RO,540229
RO,540232
RO,540233
RO,540234
RO,540235
RO,540236
RO,540237
RO,540240
RO,540241
RO,540242
RO,540243
RO,540244
RO,540245
RO,540248
RO,540249
RO,540250
RO,540251
RO,540252
RO,540253
RO,540256
RO,540257
RO,540258
RO,540259
RO,540260
RO,540261
RO,540264
RO,540265
RO,540266
RO,540267
RO,540268
RO,540269
RO,540272
RO,540273
RO,540274
RO,540275
RO,540276
RO,540277
RO,540280
RO,540281
RO,540282
RO,540283
RO,540284
RO,540285
RO,540288
RO,540289
RO,540290
RO,540291
RO,540292
RO,540293
RO,540296
RO,540297
RO,540298
RO,540299
RO,540300
RO,540303
RO,540304
RO,540305
RO,540306
RO,540307
RO,540311
RO,540312
RO,540313
RO,540314
RO,540318
RO,540319
RO,540320
RO,540321
RO,540322
RO,540326
RO,540327
RO,540328
RO,540329
RO,540330
RO,540331
RO,540334
RO,540335
RO,540336
RO,540337
RO,540342
RO,540343
RO,540344
RO,540345
RO,540346
RO,540347
RO,540349
RO,540350
RO,540351
RO,540352
RO,540353
RO,540354
RO,540357
RO,540358
RO,540359
RO,540360
RO,540361
RO,540362
RO,540365
RO,540366
RO,540367
RO,540368
RO,540369
RO,540370
RO,540373
RO,540374
RO,540375
RO,540376
RO,540377
RO,540378
RO,540381
RO,540382
RO,540383
RO,540384
RO,540385
RO,540386
RO,540389
RO,540390
RO,540391
RO,540392
RO,540393
RO,540394
RO,540397
RO,540398
RO,540399
RO,540400
RO,540401
RO,540402
RO,540405
RO,540406
RO,540407
RO,540408
RO,540409
RO,540410
RO,540413
RO,540414
RO,540415
RO,540416
RO,540417
RO,540418
RO,540421
RO,540422
RO,540423
RO,540424
RO,540425
RO,540426
RO,540429
RO,540430
RO,540431
RO,540432
RO,540433
RO,540434
RO,540437
RO,540438
RO,540439
RO,540440
RO,540441
RO,540442
RO,540445
RO,540446
RO,540447
RO,540448
RO,540449
RO,540450
RO,540453
RO,540454
RO,540455
RO,540456
RO,540457
RO,540458
RO,540461
RO,540462
RO,540463
RO,540464
RO,540465
RO,540466
RO,540469
RO,540470
RO,540471
RO,540472
RO,540473
RO,540474
RO,540477
RO,540478
RO,540479
RO,540480
RO,540481
RO,540482
RO,540485
RO,540486
RO,540487
RO,540488
RO,540489
RO,540490
RO,540493
RO,540494
RO,540495
RO,540496
RO,540497
RO,540498
RO,540501
RO,540502
RO,540503
RO,540504
RO,540505
RO,540506
RO,540509
RO,540510
RO,540511
RO,540512
RO,540513
RO,540514
RO,540517
RO,540518
RO,540519
RO,540520
RO,540521
RO,540522
RO,540525
RO,540526
RO,540527
RO,540528
RO,540529
RO,540530
RO,540533
RO,540534
RO,540535
RO,540536
RO,540537
RO,540538
RO,540541
RO,540542
RO,540543
RO,540544
RO,540545
RO,540546
RO,540549
RO,540550
RO,540551
RO,540552
RO,540553
RO,540554
RO,540556
RO,540557
RO,540558
RO,540559
RO,540560
RO,540561
RO,540562
RO,540565
RO,540566
RO,540567
RO,540568
RO,540569
RO,540570
RO,545100
RO,545101
RO,545102
RO,545103
RO,545104
RO,545105
RO,545106
RO,545107
RO,545108
RO,545200
RO,545201
RO,545202
RO,545203
RO,545204
RO,545205
RO,545206
RO,545300
RO,545301
RO,545302
RO,545400
RO,545401
RO,545402
RO,545403
RO,545404
RO,545405
RO,545406
RO,545407
RO,545500
RO,545501
RO,545502
RO,545503
RO,545504
RO,545600
RO,545601
RO,545602
RO,545603
RO,547005
RO,547006
RO,547007
RO,547008
RO,547009
RO,547011
RO,547012
RO,547013
RO,547014
RO,547015
RO,547016
RO,547017
RO,547018
RO,547019
RO,547021
RO,547025
RO,547026
RO,547027
RO,547028
RO,547029
RO,547031
RO,547032
RO,547033
RO,547034
RO,547035
RO,547036
RO,547037
RO,547040
RO,547041
RO,547042
RO,547043
RO,547045
RO,547046
RO,547047
RO,547048
RO,547049
RO,547051
RO,547055
RO,547056
RO,547057
RO,547058
RO,547059
RO,547061
RO,547062
RO,547065
RO,547066
RO,547067
RO,547068
RO,547069
RO,547071
RO,547072
RO,547073
RO,547074
RO,547076
RO,547077
RO,547078
RO,547079
RO,547085
RO,547086
RO,547087
RO,547088
RO,547090
RO,547091
RO,547095
RO,547096
RO,547100
RO,547101
RO,547102
RO,547103
RO,547104
RO,547106
RO,547110
RO,547111
RO,547112
RO,547113
RO,547114
RO,547116
RO,547120
RO,547121
RO,547122
RO,547123
RO,547125
RO,547126
RO,547130
RO,547131
RO,547132
RO,547133
RO,547134
RO,547135
RO,547136
RO,547137
RO,547140
RO,547141
RO,547142
RO,547143
RO,547144
RO,547146
RO,547147
RO,547148
RO,547150
RO,547151
RO,547152
RO,547153
RO,547154
RO,547156
RO,547157
RO,547160
RO,547161
RO,547162
RO,547163
RO,547165
RO,547166
RO,547167
RO,547168
RO,547170
RO,547171
RO,547172
RO,547173
RO,547174
RO,547175
RO,547176
RO,547177
RO,547178
RO,547179
RO,547180
RO,547181
RO,547182
RO,547183
RO,547184
RO,547185
RO,547186
RO,547187
RO,547188
RO,547190
RO,547191
RO,547192
RO,547195
RO,547196
RO,547197
RO,547198
RO,547199
RO,547200
RO,547201
RO,547202
RO,547203
RO,547205
RO,547206
RO,547207
RO,547208
RO,547210
RO,547211
RO,547212
RO,547213
RO,547214
RO,547215
RO,547216
RO,547217
RO,547218
RO,547219
RO,547221
RO,547225
RO,547226
RO,547227
RO,547228
RO,547229
RO,547231
RO,547235
RO,547236
RO,547237
RO,547238
RO,547239
RO,547241
RO,547244
RO,547245
RO,547246
RO,547247
RO,547248
RO,547249
RO,547251
RO,547255
RO,547256
RO,547257
RO,547258
RO,547260
RO,547261
RO,547262
RO,547263
RO,547264
RO,547265
RO,547266
RO,547267
RO,547268
RO,547269
RO,547271
RO,547275
RO,547276
RO,547277
RO,547278
RO,547279
RO,547280
RO,547281
RO,547282
RO,547283
RO,547284
RO,547286
RO,547287
RO,547288
RO,547289
RO,547290
RO,547291
RO,547292
RO,547295
RO,547296
RO,547297
RO,547298
RO,547299
RO,547301
RO,547302
RO,547303
RO,547304
RO,547306
RO,547310
RO,547311
RO,547312
RO,547313
RO,547314
RO,547316
RO,547317
RO,547320
RO,547321
RO,547322
RO,547323
RO,547325
RO,547326
RO,547327
RO,547328
RO,547329
RO,547331
RO,547332
RO,547333
RO,547334
RO,547336
RO,547340
RO,547341
RO,547342
RO,547343
RO,547344
RO,547346
RO,547347
RO,547348
RO,547349
RO,547351
RO,547352
RO,547360
RO,547361
RO,547362
RO,547365
RO,547366
RO,547367
RO,547368
RO,547369
RO,547371
RO,547375
RO,547376
RO,547377
RO,547378
RO,547379
RO,547380
RO,547381
RO,547382
RO,547385
RO,547386
RO,547387
RO,547388
RO,547389
RO,547391
RO,547392
RO,547393
RO,547394
RO,547396
RO,547400
RO,547401
RO,547402
RO,547403
RO,547404
RO,547406
RO,547407
RO,547410
RO,547411
RO,547412
RO,547413
RO,547414
RO,547416
RO,547417
RO,547418
RO,547420
RO,547421
RO,547422
RO,547423
RO,547424
RO,547426
RO,547427
RO,547428
RO,547430
RO,547431
RO,547432
RO,547433
RO,547435
RO,547436
RO,547437
RO,547438
RO,547439
RO,547440
RO,547441
RO,547442
RO,547443
RO,547444
RO,547445
RO,547446
RO,547447
RO,547448
RO,547449
RO,547450
RO,547451
RO,547452
RO,547453
RO,547454
RO,547455
RO,547456
RO,547457
RO,547460
RO,547461
RO,547465
RO,547466
RO,547467
RO,547468
RO,547469
RO,547471
RO,547472
RO,547473
RO,547474
RO,547476
RO,547480
RO,547481
RO,547482
RO,547483
RO,547484
RO,547485
RO,547486
RO,547487
RO,547488
RO,547489
RO,547491
RO,547492
RO,547493
RO,547494
RO,547496
RO,547497
RO,547498
RO,547499
RO,547501
RO,547502
RO,547505
RO,547506
RO,547507
RO,547508
RO,547510
RO,547511
RO,547512
RO,547515
RO,547516
RO,547517
RO,547518
RO,547519
RO,547521
RO,547522
RO,547523
RO,547525
RO,547526
RO,547530
RO,547531
RO,547532
RO,547535
RO,547536
RO,547537
RO,547538
RO,547540
RO,547541
RO,547542
RO,547543
RO,547544
RO,547546
RO,547547
RO,547550
RO,547551
RO,547552
RO,547553
RO,547554
RO,547555
RO,547556
RO,547557
RO,547558
RO,547559
RO,547561
RO,547565
RO,547566
RO,547567
RO,547568
RO,547570
RO,547571
RO,547575
RO,547576
RO,547577
RO,547580
RO,547581
RO,547582
RO,547583
RO,547584
RO,547585
RO,547586
RO,547590
RO,547591
RO,547592
RO,547593
RO,547595
RO,547596
RO,547597
RO,547598
RO,547600
RO,547601
RO,547602
RO,547605
RO,547606
RO,547607
RO,547608
RO,547609
RO,547611
RO,547612
RO,547615
RO,547616
RO,547617
RO,547618
RO,547619
RO,547621
RO,547622
RO,547623
RO,547624
RO,547625
RO,547626
RO,547627
RO,547628
RO,547629
RO,547630
RO,547631
RO,547632
RO,547635
RO,547636
RO,547637
RO,547638
RO,547639
RO,547640
RO,547641
RO,547642
RO,547645
RO,547646
RO,547647
RO,547650
RO,547651
RO,547655
RO,547656
RO,547660
RO,547661
RO,547662
RO,547663
RO,547664
RO,547666
RO,547667
RO,547668
RO,547669
RO,550001
RO,550003
RO,550004
RO,550005
RO,550006
RO,550009
RO,550010
RO,550011
RO,550012
RO,550013
RO,550017
RO,550018
RO,550019
RO,550020
RO,550021
RO,550024
RO,550025
RO,550026
RO,550027
RO,550028
RO,550031
RO,550032
RO,550033
RO,550034
RO,550035
RO,550036
RO,550039
RO,550040
RO,550041
RO,550042
RO,550043
RO,550046
RO,550047
RO,550048
RO,550049
RO,550052
RO,550056
RO,550057
RO,550058
RO,550062
RO,550063
RO,550064
RO,550068
RO,550069
RO,550070
RO,550073
RO,550074
RO,550075
RO,550076
RO,550077
RO,550081
RO,550082
RO,550083
RO,550084
RO,550085
RO,550086
RO,550087
RO,550088
RO,550089
RO,550090
RO,550091
RO,550092
RO,550093
RO,550094
RO,550096
RO,550097
RO,550098
RO,550099
RO,550101
RO,550102
RO,550103
RO,550104
RO,550105
RO,550106
RO,550107
RO,550108
RO,550109
RO,550112
RO,550113
RO,550114
RO,550117
RO,550118
RO,550119
RO,550122
RO,550123
RO,550124
RO,550125
RO,550126
RO,550129
RO,550130
RO,550131
RO,550132
RO,550135
RO,550136
RO,550137
RO,550138
RO,550141
RO,550142
RO,550143
RO,550144
RO,550145
RO,550148
RO,550149
RO,550150
RO,550151
RO,550154
RO,550155
RO,550156
RO,550159
RO,550160
RO,550163
RO,550164
RO,550165
RO,550166
RO,550169
RO,550170
RO,550171
RO,550172
RO,550173
RO,550176
RO,550177
RO,550178
RO,550179
RO,550182
RO,550183
RO,550184
RO,550185
RO,550188
RO,550189
RO,550190
RO,550191
RO,550194
RO,550195
RO,550196
RO,550197
RO,550200
RO,550201
RO,550202
RO,550205
RO,550206
RO,550207
RO,550208
RO,550209
RO,550210
RO,550211
RO,550214
RO,550215
RO,550216
RO,550217
RO,550218
RO,550222
RO,550223
RO,550224
RO,550225
RO,550226
RO,550227
RO,550228
RO,550231
RO,550232
RO,550233
RO,550234
RO,550235
RO,550238
RO,550239
RO,550240
RO,550241
RO,550242
RO,550245
RO,550246
RO,550247
RO,550248
RO,550249
RO,550253
RO,550254
RO,550255
RO,550256
RO,550257
RO,550260
RO,550261
RO,550262
RO,550263
RO,550264
RO,550267
RO,550268
RO,550269
RO,550270
RO,550271
RO,550272
RO,550273
RO,550275
RO,550276
RO,550277
RO,550278
RO,550281
RO,550282
RO,550283
RO,550284
RO,550285
RO,550286
RO,550289
RO,550290
RO,550291
RO,550292
RO,550293
RO,550296
RO,550297
RO,550298
RO,550299
RO,550300
RO,550303
RO,550304
RO,550305
RO,550308
RO,550309
RO,550310
RO,550311
RO,550314
RO,550315
RO,550316
RO,550317
RO,550320
RO,550321
RO,550324
RO,550325
RO,550326
RO,550327
RO,550330
RO,550331
RO,550332
RO,550335
RO,550336
RO,550337
RO,550340
RO,550341
RO,550344
RO,550345
RO,550346
RO,550350
RO,550351
RO,550352
RO,550355
RO,550356
RO,550357
RO,550360
RO,550361
RO,550362
RO,550365
RO,550366
RO,550367
RO,550370
RO,550371
RO,550372
RO,550375
RO,550376
RO,550377
RO,550378
RO,550381
RO,550382
RO,550383
RO,550384
RO,550387
RO,550388
RO,550389
RO,550390
RO,550393
RO,550394
RO,550395
RO,550396
RO,550399
RO,550400
RO,550401
RO,550402
RO,550403
RO,550406
RO,550407
RO,550408
RO,550409
RO,550410
RO,551001
RO,551002
RO,551003
RO,551004
RO,551005
RO,551006
RO,551009
RO,551010
RO,551011
RO,551012
RO,551013
RO,551014
RO,551017
RO,551018
RO,551019
RO,551020
RO,551021
RO,551022
RO,551025
RO,551026
RO,551027
RO,551028
RO,551029
RO,551030
RO,551033
RO,551034
RO,551035
RO,551036
RO,551037
RO,551040
RO,551041
RO,551042
RO,551043
RO,551044
RO,551045
RO,551047
RO,551050
RO,551051
RO,551052
RO,551053
RO,551054
RO,551055
RO,551058
RO,551059
RO,551060
RO,551061
RO,551062
RO,551063
RO,551066
RO,551067
RO,551068
RO,551069
RO,551070
RO,551071
RO,551074
RO,551075
RO,551076
RO,551077
RO,551078
RO,551079
RO,551082
RO,551083
RO,551084
RO,551085
RO,551086
RO,551089
RO,551090
RO,551093
RO,551094
RO,551097
RO,551098
RO,551101
RO,551102
RO,551105
RO,551106
RO,551107
RO,551108
RO,551109
RO,551112
RO,551113
RO,551114
RO,551115
RO,551118
RO,551119
RO,551120
RO,551121
RO,551124
RO,551125
RO,551126
RO,551129
RO,551130
RO,551131
RO,551132
RO,551134
RO,551135
RO,551136
RO,551137
RO,551138
RO,551139
RO,551140
RO,551143
RO,555100
RO,555101
RO,555102
RO,555200
RO,555201
RO,555202
RO,555203
RO,555250
RO,555300
RO,555301
RO,555400
RO,555500
RO,555501
RO,555502
RO,555600
RO,555601
RO,555700
RO,555701
RO,555702
RO,555703
RO,555704
RO,555705
RO,555706
RO,557005
RO,557006
RO,557007
RO,557010
RO,557011
RO,557015
RO,557016
RO,557017
RO,557020
RO,557021
RO,557022
RO,557023
RO,557024
RO,557025
RO,557026
RO,557027
RO,557030
RO,557031
RO,557032
RO,557035
RO,557036
RO,557037
RO,557038
RO,557039
RO,557041
RO,557045
RO,557046
RO,557047
RO,557050
RO,557051
RO,557052
RO,557055
RO,557056
RO,557060
RO,557061
RO,557062
RO,557065
RO,557066
RO,557067
RO,557070
RO,557071
RO,557075
RO,557080
RO,557081
RO,557082
RO,557083
RO,557085
RO,557090
RO,557091
RO,557092
RO,557095
RO,557100
RO,557101
RO,557102
RO,557105
RO,557106
RO,557107
RO,557108
RO,557109
RO,557110
RO,557115
RO,557116
RO,557117
RO,557118
RO,557119
RO,557120
RO,557121
RO,557122
RO,557123
RO,557124
RO,557126
RO,557130
RO,557131
RO,557135
RO,557136
RO,557140
RO,557141
RO,557145
RO,557146
RO,557147
RO,557148
RO,557150
RO,557151
RO,557152
RO,557155
RO,557156
RO,557157
RO,557158
RO,557159
RO,557160
RO,557161
RO,557162
RO,557165
RO,557166
RO,557167
RO,557168
RO,557169
RO,557170
RO,557175
RO,557176
RO,557177
RO,557178
RO,557180
RO,557185
RO,557190
RO,557191
RO,557192
RO,557193
RO,557194
RO,557195
RO,557196
RO,557200
RO,557201
RO,557205
RO,557210
RO,557211
RO,557212
RO,557213
RO,557214
RO,557216
RO,557220
RO,557225
RO,557226
RO,557227
RO,557228
RO,557229
RO,557231
RO,557232
RO,557233
RO,557234
RO,557236
RO,557240
RO,557241
RO,557242
RO,557243
RO,557244
RO,557245
RO,557246
RO,557247
RO,557248
RO,557249
RO,557251
RO,557255
RO,557256
RO,557260
RO,557261
RO,557262
RO,557263
RO,557265
RO,557266
RO,557270
RO,557271
RO,557275
RO,557276
RO,557280
RO,557281
RO,557285
RO,557286
RO,557290
RO,557291
RO,557295
RO,600001
RO,600002
RO,600003
RO,600004
RO,600005
RO,600008
RO,600009
RO,600010
RO,600011
RO,600012
RO,600015
RO,600016
RO,600017
RO,600018
RO,600019
RO,600022
RO,600023
RO,600024
RO,600025
RO,600026
RO,600029
RO,600030
RO,600031
RO,600032
RO,600033
RO,600036
RO,600037
RO,600038
RO,600039
RO,600040
RO,600043
RO,600044
RO,600045
RO,600046
RO,600049
RO,600050
RO,600051
RO,600052
RO,600055
RO,600056
RO,600057
RO,600058
RO,600059
RO,600062
RO,600063
RO,600064
RO,600065
RO,600066
RO,600069
RO,600070
RO,600071
RO,600072
RO,600073
RO,600076
RO,600077
RO,600078
RO,600079
RO,600080
RO,600083
RO,600084
RO,600085
RO,600086
RO,600087
RO,600090
RO,600091
RO,600092
RO,600093
RO,600094
RO,600097
RO,600098
RO,600099
RO,600100
RO,600101
RO,600104
RO,600105
RO,600106
RO,600107
RO,600108
RO,600111
RO,600112
RO,600113
RO,600114
RO,600115
RO,600118
RO,600119
RO,600120
RO,600121
RO,600122
RO,600125
RO,600126
RO,600127
RO,600128
RO,600129
RO,600132
RO,600133
RO,600134
RO,600135
RO,600136
RO,600139
RO,600140
RO,600141
RO,600142
RO,600143
RO,600146
RO,600147
RO,600148
RO,600149
RO,600150
RO,600153
RO,600154
RO,600155
RO,600156
RO,600157
RO,600160
RO,600161
RO,600162
RO,600163
RO,600164
RO,600167
RO,600168
RO,600169
RO,600170
RO,600171
RO,600174
RO,600175
RO,600176
RO,600177
RO,600178
RO,600181
RO,600182
RO,600183
RO,600184
RO,600185
RO,600188
RO,600189
RO,600190
RO,600191
RO,600192
RO,600195
RO,600196
RO,600197
RO,600198
RO,600199
RO,600202
RO,600203
RO,600204
RO,600205
RO,600206
RO,600209
RO,600210
RO,600211
RO,600212
RO,600213
RO,600216
RO,600217
RO,600218
RO,600219
RO,600220
RO,600223
RO,600224
RO,600225
RO,600226
RO,600227
RO,600230
RO,600231
RO,600232
RO,600233
RO,600234
RO,600237
RO,600238
RO,600239
RO,600240
RO,600241
RO,600244
RO,600245
RO,600246
RO,600247
RO,600248
RO,600251
RO,600252
RO,600253
RO,600254
RO,600255
RO,600258
RO,600259
RO,600260
RO,600261
RO,600262
RO,600265
RO,600266
RO,600267
RO,600268
RO,600269
RO,600272
RO,600273
RO,600274
RO,600275
RO,600276
RO,600277
RO,600279
RO,600280
RO,600281
RO,600282
RO,600283
RO,600286
RO,600287
RO,600288
RO,600289
RO,600290
RO,600293
RO,600294
RO,600295
RO,600296
RO,600297
RO,600298
RO,600300
RO,600301
RO,600302
RO,600303
RO,600304
RO,600307
RO,600308
RO,600309
RO,600310
RO,600311
RO,600314
RO,600315
RO,600316
RO,600317
RO,600318
RO,600321
RO,600322
RO,600323
RO,600324
RO,600325
RO,600328
RO,600329
RO,600330
RO,600331
RO,600332
RO,600335
RO,600336
RO,600337
RO,600338
RO,600339
RO,600342
RO,600343
RO,600344
RO,600345
RO,600346
RO,600349
RO,600350
RO,600351
RO,600352
RO,600353
RO,600354
RO,600356
RO,600357
RO,600358
RO,600359
RO,600360
RO,600363
RO,600364
RO,600365
RO,600366
RO,600367
RO,600370
RO,600371
RO,600372
RO,600373
RO,600374
RO,600377
RO,600378
RO,600379
RO,600380
RO,600381
RO,600384
RO,600385
RO,600386
RO,600387
RO,600388
RO,600391
RO,600392
RO,600393
RO,600394
RO,600395
RO,600398
RO,600399
RO,600400
RO,600401
RO,600402
RO,600405
RO,600406
RO,600407
RO,600408
RO,601001
RO,601002
RO,601003
RO,601004
RO,601005
RO,601006
RO,601007
RO,601010
RO,601011
RO,601012
RO,601013
RO,601014
RO,601017
RO,601018
RO,601019
RO,601020
RO,601021
RO,601024
RO,601025
RO,601026
RO,601027
RO,601028
RO,601031
RO,601032
RO,601033
RO,601034
RO,601035
RO,601038
RO,601039
RO,601040
RO,601041
RO,601042
RO,601045
RO,601046
RO,601047
RO,601048
RO,601049
RO,601052
RO,601053
RO,601054
RO,601055
RO,601056
RO,601059
RO,601060
RO,601061
RO,601062
RO,601063
RO,601066
RO,601067
RO,601068
RO,601069
RO,601070
RO,601073
RO,601074
RO,601075
RO,601076
RO,601077
RO,601080
RO,601081
RO,601082
RO,601083
RO,601084
RO,601087
RO,601088
RO,601089
RO,601090
RO,601091
RO,601094
RO,601095
RO,601096
RO,601097
RO,601098
RO,601101
RO,601102
RO,601103
RO,601104
RO,601105
RO,601108
RO,601109
RO,601110
RO,601111
RO,601112
RO,601115
RO,601116
RO,601117
RO,601118
RO,601119
RO,601122
RO,601123
RO,601124
RO,601125
RO,601126
RO,601129
RO,601130
RO,601131
RO,601132
RO,601133
RO,601136
RO,601137
RO,601138
RO,601139
RO,601140
RO,601143
RO,601144
RO,601145
RO,601146
RO,601147
RO,601150
RO,601151
RO,601152
RO,601155
RO,601156
RO,601157
RO,601158
RO,601159
RO,605100
RO,605101
RO,605102
RO,605200
RO,605201
RO,605202
RO,605300
RO,605301
RO,605302
RO,605303
RO,605304
RO,605305
RO,605400
RO,605401
RO,605500
RO,605501
RO,605502
RO,605600
RO,605601
RO,605602
RO,607005
RO,607006
RO,607007
RO,607008
RO,607009
RO,607011
RO,607012
RO,607013
RO,607015
RO,607016
RO,607020
RO,607021
RO,607022
RO,607023
RO,607024
RO,607026
RO,607030
RO,607031
RO,607032
RO,607033
RO,607035
RO,607036
RO,607037
RO,607038
RO,607040
RO,607041
RO,607042
RO,607043
RO,607044
RO,607046
RO,607047
RO,607048
RO,607050
RO,607051
RO,607052
RO,607053
RO,607054
RO,607056
RO,607057
RO,607060
RO,607061
RO,607062
RO,607065
RO,607066
RO,607067
RO,607068
RO,607069
RO,607070
RO,607071
RO,607075
RO,607076
RO,607077
RO,607078
RO,607079
RO,607081
RO,607085
RO,607086
RO,607087
RO,607088
RO,607089
RO,607090
RO,607091
RO,607095
RO,607096
RO,607097
RO,607098
RO,607099
RO,607101
RO,607102
RO,607103
RO,607104
RO,607105
RO,607106
RO,607107
RO,607110
RO,607111
RO,607112
RO,607113
RO,607114
RO,607116
RO,607117
RO,607120
RO,607121
RO,607122
RO,607123
RO,607124
RO,607126
RO,607127
RO,607130
RO,607131
RO,607132
RO,607133
RO,607134
RO,607135
RO,607136
RO,607137
RO,607138
RO,607140
RO,607141
RO,607142
RO,607143
RO,607144
RO,607146
RO,607147
RO,607148
RO,607149
RO,607151
RO,607152
RO,607153
RO,607154
RO,607156
RO,607160
RO,607161
RO,607162
RO,607163
RO,607164
RO,607166
RO,607167
RO,607170
RO,607175
RO,607176
RO,607177
RO,607178
RO,607179
RO,607181
RO,607182
RO,607183
RO,607185
RO,607186
RO,607187
RO,607188
RO,607189
RO,607191
RO,607192
RO,607193
RO,607195
RO,607196
RO,607197
RO,607198
RO,607200
RO,607201
RO,607202
RO,607203
RO,607205
RO,607206
RO,607207
RO,607208
RO,607209
RO,607211
RO,607212
RO,607215
RO,607216
RO,607217
RO,607218
RO,607219
RO,607220
RO,607221
RO,607222
RO,607223
RO,607224
RO,607226
RO,607230
RO,607231
RO,607232
RO,607233
RO,607235
RO,607236
RO,607237
RO,607240
RO,607241
RO,607242
RO,607243
RO,607244
RO,607246
RO,607247
RO,607248
RO,607250
RO,607251
RO,607252
RO,607253
RO,607254
RO,607256
RO,607257
RO,607260
RO,607261
RO,607262
RO,607263
RO,607264
RO,607266
RO,607267
RO,607270
RO,607271
RO,607272
RO,607273
RO,607274
RO,607275
RO,607276
RO,607277
RO,607278
RO,607279
RO,607281
RO,607282
RO,607285
RO,607286
RO,607287
RO,607288
RO,607289
RO,607291
RO,607295
RO,607296
RO,607300
RO,607301
RO,607302
RO,607303
RO,607304
RO,607305
RO,607306
RO,607307
RO,607308
RO,607310
RO,607311
RO,607312
RO,607313
RO,607315
RO,607316
RO,607317
RO,607318
RO,607319
RO,607321
RO,607322
RO,607323
RO,607325
RO,607326
RO,607327
RO,607328
RO,607329
RO,607331
RO,607332
RO,607333
RO,607334
RO,607336
RO,607337
RO,607338
RO,607339
RO,607341
RO,607345
RO,607346
RO,607347
RO,607348
RO,607349
RO,607351
RO,607355
RO,607356
RO,607357
RO,607358
RO,607359
RO,607361
RO,607362
RO,607365
RO,607366
RO,607367
RO,607368
RO,607369
RO,607371
RO,607375
RO,607376
RO,607377
RO,607378
RO,607379
RO,607381
RO,607382
RO,607385
RO,607386
RO,607390
RO,607391
RO,607392
RO,607393
RO,607394
RO,607395
RO,607396
RO,607397
RO,607398
RO,607400
RO,607401
RO,607402
RO,607403
RO,607404
RO,607406
RO,607407
RO,607408
RO,607409
RO,607411
RO,607415
RO,607416
RO,607417
RO,607418
RO,607419
RO,607421
RO,607422
RO,607423
RO,607425
RO,607426
RO,607427
RO,607428
RO,607429
RO,607430
RO,607431
RO,607432
RO,607433
RO,607434
RO,607436
RO,607437
RO,607438
RO,607439
RO,607440
RO,607441
RO,607442
RO,607443
RO,607444
RO,607446
RO,607447
RO,607448
RO,607449
RO,607450
RO,607451
RO,607452
RO,607453
RO,607454
RO,607456
RO,607457
RO,607458
RO,607459
RO,607461
RO,607465
RO,607466
RO,607467
RO,607468
RO,607469
RO,607471
RO,607472
RO,607475
RO,607476
RO,607477
RO,607478
RO,607480
RO,607481
RO,607482
RO,607483
RO,607484
RO,607486
RO,607490
RO,607491
RO,607492
RO,607493
RO,607494
RO,607496
RO,607497
RO,607498
RO,607499
RO,607501
RO,607502
RO,607503
RO,607504
RO,607506
RO,607507
RO,607510
RO,607511
RO,607512
RO,607513
RO,607514
RO,607516
RO,607520
RO,607521
RO,607522
RO,607523
RO,607524
RO,607526
RO,607527
RO,607530
RO,607531
RO,607532
RO,607533
RO,607534
RO,607536
RO,607537
RO,607540
RO,607541
RO,607542
RO,607543
RO,607544
RO,607546
RO,607550
RO,607551
RO,607552
RO,607553
RO,607554
RO,607556
RO,607560
RO,607561
RO,607562
RO,607563
RO,607564
RO,607566
RO,607567
RO,607568
RO,607569
RO,607571
RO,607572
RO,607580
RO,607581
RO,607582
RO,607585
RO,607586
RO,607587
RO,607588
RO,607589
RO,607591
RO,607592
RO,607593
RO,607594
RO,607595
RO,607596
RO,607597
RO,607598
RO,607599
RO,607601
RO,607605
RO,607606
RO,607607
RO,607608
RO,607609
RO,607611
RO,607612
RO,607613
RO,607615
RO,607616
RO,607617
RO,607618
RO,607620
RO,607621
RO,607622
RO,607623
RO,607624
RO,607626
RO,607627
RO,607630
RO,607631
RO,607632
RO,607635
RO,607636
RO,607637
RO,607638
RO,607639
RO,607641
RO,607645
RO,607646
RO,607647
RO,607648
RO,607649
RO,607651
RO,607652
RO,607653
RO,607655
RO,607656
RO,607657
RO,607658
RO,607659
RO,607660
RO,607661
RO,607665
RO,607666
RO,607667
RO,607668
RO,607669
RO,607671
RO,607672
RO,607673
RO,607674
RO,607676
RO,607677
RO,607678
RO,607679
RO,607681
RO,607682
RO,607683
RO,607690
RO,607691
RO,610001
RO,610002
RO,610003
RO,610004
RO,610005
RO,610006
RO,610007
RO,610010
RO,610011
RO,610012
RO,610013
RO,610016
RO,610017
RO,610018
RO,610019
RO,610022
RO,610023
RO,610024
RO,610025
RO,610028
RO,610029
RO,610030
RO,610031
RO,610033
RO,610034
RO,610035
RO,610036
RO,610039
RO,610040
RO,610041
RO,610042
RO,610043
RO,610046
RO,610047
RO,610048
RO,610049
RO,610052
RO,610053
RO,610054
RO,610055
RO,610058
RO,610059
RO,610060
RO,610061
RO,610064
RO,610065
RO,610066
RO,610067
RO,610070
RO,610071
RO,610072
RO,610073
RO,610076
RO,610077
RO,610078
RO,610079
RO,610082
RO,610083
RO,610084
RO,610085
RO,610088
RO,610089
RO,610090
RO,610091
RO,610094
RO,610095
RO,610096
RO,610097
RO,610100
RO,610101
RO,610102
RO,610103
RO,610106
RO,610107
RO,610108
RO,610109
RO,610112
RO,610113
RO,610114
RO,610115
RO,610118
RO,610119
RO,610120
RO,610121
RO,610124
RO,610125
RO,610126
RO,610127
RO,610130
RO,610131
RO,610132
RO,610133
RO,610136
RO,610137
RO,610138
RO,610139
RO,610142
RO,610143
RO,610144
RO,610145
RO,610148
RO,610149
RO,610150
RO,610151
RO,610154
RO,610155
RO,610156
RO,610157
RO,610160
RO,610161
RO,610162
RO,610165
RO,610166
RO,610167
RO,610168
RO,610171
RO,610172
RO,610173
RO,610174
RO,610177
RO,610178
RO,610179
RO,610180
RO,610183
RO,610184
RO,610185
RO,610186
RO,610189
RO,610190
RO,610191
RO,610192
RO,610195
RO,610196
RO,610197
RO,610200
RO,610201
RO,610202
RO,610203
RO,610206
RO,610207
RO,610208
RO,610209
RO,610212
RO,610213
RO,610214
RO,610215
RO,610216
RO,610219
RO,610220
RO,610221
RO,610222
RO,610225
RO,610226
RO,610227
RO,610228
RO,610229
RO,610231
RO,610232
RO,610233
RO,610234
RO,610237
RO,610238
RO,610239
RO,610240
RO,610241
RO,610242
RO,610243
RO,610244
RO,610245
RO,610246
RO,610249
RO,610250
RO,610251
RO,610252
RO,610253
RO,610254
RO,610255
RO,610256
RO,610257
RO,610258
RO,610261
RO,610262
RO,610263
RO,610264
RO,610267
RO,610268
RO,610269
RO,610270
RO,610273
RO,610274
RO,610275
RO,610276
RO,610279
RO,610280
RO,610281
RO,610282
RO,610285
RO,610286
RO,610287
RO,610290
RO,610291
RO,610292
RO,611001
RO,611002
RO,611003
RO,611004
RO,611005
RO,611008
RO,611009
RO,611010
RO,611011
RO,611014
RO,611015
RO,611016
RO,611017
RO,611020
RO,611021
RO,611022
RO,611025
RO,611026
RO,611027
RO,611028
RO,611029
RO,611032
RO,611033
RO,611034
RO,611035
RO,611038
RO,611039
RO,611040
RO,611041
RO,611044
RO,611045
RO,611046
RO,611047
RO,611050
RO,611051
RO,611052
RO,611053
RO,611056
RO,611057
RO,611058
RO,611059
RO,611062
RO,611063
RO,611064
RO,611065
RO,611068
RO,611069
RO,611070
RO,611071
RO,611074
RO,611075
RO,611076
RO,611077
RO,611080
RO,611081
RO,611082
RO,611083
RO,611086
RO,611087
RO,611088
RO,611089
RO,611092
RO,611093
RO,611094
RO,611095
RO,611098
RO,611099
RO,611100
RO,611101
RO,611104
RO,611105
RO,611106
RO,611107
RO,611110
RO,611111
RO,611112
RO,611113
RO,611116
RO,611117
RO,611118
RO,611119
RO,611122
RO,611123
RO,611124
RO,611127
RO,611128
RO,611129
RO,611130
RO,611133
RO,611134
RO,611135
RO,611136
RO,611139
RO,611140
RO,611141
RO,611142
RO,611145
RO,611146
RO,611147
RO,611148
RO,611151
RO,611152
RO,611153
RO,611156
RO,611157
RO,611160
RO,611161
RO,611162
RO,615100
RO,615101
RO,615102
RO,615103
RO,615104
RO,615105
RO,615106
RO,615200
RO,615201
RO,615202
RO,615203
RO,617005
RO,617010
RO,617011
RO,617012
RO,617013
RO,617015
RO,617016
RO,617017
RO,617018
RO,617019
RO,617021
RO,617022
RO,617023
RO,617025
RO,617026
RO,617027
RO,617028
RO,617030
RO,617031
RO,617032
RO,617033
RO,617034
RO,617036
RO,617037
RO,617040
RO,617041
RO,617042
RO,617043
RO,617044
RO,617046
RO,617047
RO,617048
RO,617049
RO,617051
RO,617052
RO,617053
RO,617054
RO,617060
RO,617061
RO,617062
RO,617063
RO,617065
RO,617066
RO,617067
RO,617070
RO,617071
RO,617072
RO,617073
RO,617075
RO,617076
RO,617077
RO,617078
RO,617079
RO,617081
RO,617082
RO,617085
RO,617086
RO,617087
RO,617088
RO,617089
RO,617090
RO,617091
RO,617092
RO,617093
RO,617094
RO,617096
RO,617097
RO,617100
RO,617101
RO,617102
RO,617103
RO,617104
RO,617106
RO,617107
RO,617108
RO,617109
RO,617111
RO,617112
RO,617113
RO,617114
RO,617115
RO,617116
RO,617117
RO,617118
RO,617119
RO,617121
RO,617125
RO,617127
RO,617128
RO,617130
RO,617135
RO,617136
RO,617137
RO,617140
RO,617141
RO,617142
RO,617143
RO,617145
RO,617146
RO,617147
RO,617148
RO,617149
RO,617150
RO,617151
RO,617152
RO,617155
RO,617156
RO,617157
RO,617158
RO,617159
RO,617160
RO,617161
RO,617162
RO,617163
RO,617165
RO,617166
RO,617167
RO,617168
RO,617169
RO,617171
RO,617175
RO,617176
RO,617177
RO,617178
RO,617179
RO,617181
RO,617182
RO,617183
RO,617185
RO,617186
RO,617187
RO,617188
RO,617190
RO,617191
RO,617192
RO,617193
RO,617194
RO,617195
RO,617196
RO,617197
RO,617198
RO,617200
RO,617201
RO,617202
RO,617205
RO,617206
RO,617207
RO,617210
RO,617211
RO,617212
RO,617213
RO,617214
RO,617216
RO,617217
RO,617218
RO,617219
RO,617221
RO,617222
RO,617230
RO,617231
RO,617232
RO,617235
RO,617236
RO,617237
RO,617238
RO,617240
RO,617241
RO,617242
RO,617243
RO,617244
RO,617245
RO,617246
RO,617250
RO,617251
RO,617252
RO,617253
RO,617254
RO,617256
RO,617257
RO,617260
RO,617261
RO,617262
RO,617263
RO,617264
RO,617266
RO,617270
RO,617271
RO,617272
RO,617273
RO,617275
RO,617276
RO,617280
RO,617281
RO,617282
RO,617283
RO,617284
RO,617286
RO,617287
RO,617288
RO,617289
RO,617291
RO,617292
RO,617300
RO,617301
RO,617302
RO,617303
RO,617305
RO,617306
RO,617307
RO,617308
RO,617309
RO,617311
RO,617315
RO,617316
RO,617317
RO,617318
RO,617320
RO,617321
RO,617322
RO,617323
RO,617325
RO,617326
RO,617327
RO,617328
RO,617329
RO,617331
RO,617332
RO,617335
RO,617336
RO,617340
RO,617341
RO,617342
RO,617343
RO,617344
RO,617346
RO,617347
RO,617348
RO,617349
RO,617351
RO,617352
RO,617360
RO,617361
RO,617362
RO,617363
RO,617364
RO,617366
RO,617367
RO,617368
RO,617370
RO,617371
RO,617372
RO,617373
RO,617375
RO,617376
RO,617377
RO,617378
RO,617379
RO,617380
RO,617381
RO,617382
RO,617383
RO,617385
RO,617386
RO,617387
RO,617390
RO,617391
RO,617392
RO,617395
RO,617396
RO,617397
RO,617398
RO,617399
RO,617400
RO,617410
RO,617411
RO,617415
RO,617416
RO,617417
RO,617418
RO,617419
RO,617421
RO,617422
RO,617423
RO,617424
RO,617425
RO,617426
RO,617427
RO,617428
RO,617429
RO,617431
RO,617432
RO,617435
RO,617436
RO,617437
RO,617438
RO,617439
RO,617441
RO,617442
RO,617445
RO,617446
RO,617447
RO,617448
RO,617449
RO,617451
RO,617455
RO,617456
RO,617457
RO,617458
RO,617460
RO,617465
RO,617466
RO,617470
RO,617471
RO,617472
RO,617473
RO,617474
RO,617475
RO,617476
RO,617480
RO,617481
RO,617482
RO,617483
RO,617485
RO,617486
RO,617487
RO,617490
RO,617491
RO,617492
RO,617495
RO,617496
RO,617497
RO,617498
RO,617499
RO,617500
RO,617501
RO,617502
RO,617503
RO,617505
RO,617506
RO,617507
RO,617508
RO,617509
RO,617511
RO,617512
RO,617513
RO,617515
RO,617516
RO,620001
RO,620002
RO,620003
RO,620004
RO,620005
RO,620006
RO,620009
RO,620010
RO,620011
RO,620012
RO,620015
RO,620016
RO,620017
RO,620018
RO,620021
RO,620022
RO,620023
RO,620024
RO,620027
RO,620028
RO,620029
RO,620030
RO,620031
RO,620034
RO,620035
RO,620036
RO,620037
RO,620040
RO,620041
RO,620042
RO,620043
RO,620046
RO,620047
RO,620048
RO,620049
RO,620050
RO,620051
RO,620053
RO,620054
RO,620055
RO,620056
RO,620057
RO,620060
RO,620061
RO,620062
RO,620063
RO,620064
RO,620067
RO,620068
RO,620069
RO,620070
RO,620071
RO,620072
RO,620075
RO,620076
RO,620077
RO,620080
RO,620081
RO,620082
RO,620083
RO,620084
RO,620087
RO,620088
RO,620089
RO,620090
RO,620091
RO,620094
RO,620095
RO,620098
RO,620099
RO,620100
RO,620101
RO,620104
RO,620105
RO,620106
RO,620107
RO,620110
RO,620111
RO,620112
RO,620113
RO,620114
RO,620117
RO,620118
RO,620119
RO,620122
RO,620123
RO,620124
RO,620125
RO,620128
RO,620129
RO,620130
RO,620133
RO,620134
RO,620135
RO,620136
RO,620137
RO,620139
RO,620140
RO,620141
RO,620144
RO,620145
RO,620146
RO,620149
RO,620150
RO,620151
RO,620152
RO,620155
RO,620156
RO,620157
RO,620158
RO,620160
RO,620161
RO,620162
RO,620165
RO,620166
RO,620167
RO,620170
RO,620171
RO,620172
RO,620175
RO,620176
RO,620177
RO,625100
RO,625101
RO,625102
RO,625103
RO,625200
RO,625201
RO,625202
RO,625203
RO,625204
RO,625205
RO,625206
RO,625300
RO,625301
RO,625400
RO,625401
RO,625402
RO,625403
RO,625404
RO,625405
RO,627005
RO,627006
RO,627007
RO,627008
RO,627009
RO,627011
RO,627012
RO,627015
RO,627020
RO,627021
RO,627022
RO,627025
RO,627026
RO,627027
RO,627028
RO,627029
RO,627031
RO,627032
RO,627033
RO,627034
RO,627035
RO,627036
RO,627037
RO,627038
RO,627039
RO,627041
RO,627045
RO,627046
RO,627050
RO,627051
RO,627052
RO,627055
RO,627056
RO,627057
RO,627060
RO,627061
RO,627062
RO,627063
RO,627064
RO,627065
RO,627066
RO,627067
RO,627068
RO,627070
RO,627071
RO,627072
RO,627073
RO,627074
RO,627076
RO,627077
RO,627078
RO,627080
RO,627081
RO,627082
RO,627083
RO,627084
RO,627086
RO,627087
RO,627090
RO,627091
RO,627092
RO,627093
RO,627094
RO,627096
RO,627097
RO,627098
RO,627099
RO,627100
RO,627101
RO,627102
RO,627103
RO,627105
RO,627106
RO,627107
RO,627108
RO,627110
RO,627111
RO,627112
RO,627113
RO,627114
RO,627116
RO,627117
RO,627118
RO,627119
RO,627121
RO,627122
RO,627123
RO,627124
RO,627126
RO,627127
RO,627128
RO,627135
RO,627136
RO,627137
RO,627138
RO,627139
RO,627140
RO,627141
RO,627142
RO,627143
RO,627144
RO,627146
RO,627147
RO,627148
RO,627150
RO,627151
RO,627155
RO,627156
RO,627160
RO,627161
RO,627162
RO,627163
RO,627164
RO,627166
RO,627167
RO,627168
RO,627169
RO,627171
RO,627175
RO,627176
RO,627177
RO,627178
RO,627179
RO,627180
RO,627181
RO,627182
RO,627183
RO,627185
RO,627186
RO,627187
RO,627188
RO,627189
RO,627190
RO,627191
RO,627192
RO,627193
RO,627194
RO,627196
RO,627200
RO,627201
RO,627202
RO,627203
RO,627204
RO,627205
RO,627206
RO,627207
RO,627208
RO,627210
RO,627211
RO,627212
RO,627213
RO,627214
RO,627215
RO,627216
RO,627217
RO,627220
RO,627221
RO,627222
RO,627223
RO,627225
RO,627226
RO,627227
RO,627228
RO,627229
RO,627230
RO,627231
RO,627232
RO,627233
RO,627234
RO,627236
RO,627237
RO,627238
RO,627239
RO,627240
RO,627241
RO,627242
RO,627243
RO,627244
RO,627246
RO,627247
RO,627248
RO,627249
RO,627251
RO,627252
RO,627253
RO,627260
RO,627261
RO,627265
RO,627266
RO,627267
RO,627268
RO,627269
RO,627271
RO,627272
RO,627273
RO,627275
RO,627276
RO,627277
RO,627278
RO,627280
RO,627281
RO,627282
RO,627283
RO,627284
RO,627285
RO,627286
RO,627287
RO,627288
RO,627289
RO,627291
RO,627292
RO,627293
RO,627295
RO,627296
RO,627297
RO,627298
RO,627300
RO,627301
RO,627302
RO,627303
RO,627305
RO,627306
RO,627307
RO,627308
RO,627309
RO,627311
RO,627315
RO,627316
RO,627317
RO,627320
RO,627321
RO,627322
RO,627325
RO,627326
RO,627327
RO,627328
RO,627330
RO,627331
RO,627335
RO,627336
RO,627337
RO,627338
RO,627339
RO,627341
RO,627342
RO,627343
RO,627344
RO,627346
RO,627350
RO,627351
RO,627352
RO,627353
RO,627354
RO,627355
RO,627356
RO,627357
RO,627358
RO,627359
RO,627361
RO,627365
RO,627366
RO,627367
RO,627368
RO,627369
RO,627371
RO,627375
RO,627376
RO,627377
RO,627378
RO,627379
RO,627381
RO,627382
RO,627383
RO,627385
RO,627386
RO,627387
RO,627390
RO,627391
RO,627392
RO,627393
RO,627394
RO,627395
RO,627396
RO,627397
RO,627398
RO,627399
RO,627401
RO,627402
RO,627405
RO,627406
RO,627407
RO,627408
RO,627409
RO,627411
RO,627415
RO,627416
RO,627417
RO,627418
RO,627419
RO,627421
RO,627422
RO,627423
RO,627424
RO,627425
RO,627426
RO,627427
RO,627428
RO,627429
RO,627431
RO,627435
RO,627436
RO,627437
RO,627438
RO,627439
RO,627441
RO,627445
RO,627446
RO,627447
RO,627448
RO,627449
RO,627451
RO,627455
RO,627456
RO,627457
RO,627458
RO,627459
RO,700001
RO,700002
RO,700003
RO,700004
RO,700005
RO,700006
RO,700009
RO,700010
RO,700011
RO,700012
RO,700013
RO,700014
RO,700015
RO,700019
RO,700020
RO,700021
RO,700022
RO,700023
RO,700024
RO,700025
RO,700028
RO,700029
RO,700030
RO,700031
RO,700032
RO,700036
RO,700037
RO,700038
RO,700039
RO,700040
RO,700044
RO,700045
RO,700046
RO,700047
RO,700048
RO,700049
RO,700050
RO,700051
RO,700054
RO,700055
RO,700056
RO,700057
RO,700058
RO,700062
RO,700063
RO,700064
RO,700065
RO,700066
RO,700067
RO,700070
RO,700071
RO,700072
RO,700073
RO,700074
RO,700075
RO,700079
RO,700080
RO,700081
RO,700082
RO,700083
RO,700087
RO,700088
RO,700089
RO,700090
RO,700091
RO,700092
RO,700093
RO,700094
RO,700098
RO,700099
RO,700100
RO,700101
RO,700102
RO,700106
RO,700107
RO,700108
RO,700109
RO,700110
RO,700111
RO,700115
RO,700116
RO,700117
RO,700118
RO,700119
RO,700123
RO,700124
RO,700125
RO,700126
RO,700127
RO,700128
RO,700132
RO,700133
RO,700134
RO,700135
RO,700136
RO,700137
RO,700141
RO,700142
RO,700143
RO,700144
RO,700145
RO,700151
RO,700152
RO,700153
RO,700154
RO,700155
RO,700156
RO,700160
RO,700161
RO,700162
RO,700163
RO,700164
RO,700165
RO,700169
RO,700170
RO,700171
RO,700172
RO,700173
RO,700174
RO,700177
RO,700178
RO,700179
RO,700180
RO,700181
RO,700182
RO,700186
RO,700187
RO,700188
RO,700189
RO,700190
RO,700194
RO,700195
RO,700196
RO,700197
RO,700198
RO,700202
RO,700203
RO,700204
RO,700205
RO,700206
RO,700207
RO,700211
RO,700212
RO,700213
RO,700214
RO,700215
RO,700216
RO,700220
RO,700221
RO,700222
RO,700223
RO,700224
RO,700229
RO,700230
RO,700231
RO,700232
RO,700233
RO,700237
RO,700238
RO,700239
RO,700240
RO,700241
RO,700242
RO,700243
RO,700246
RO,700247
RO,700248
RO,700249
RO,700250
RO,700251
RO,700255
RO,700256
RO,700257
RO,700258
RO,700259
RO,700260
RO,700264
RO,700265
RO,700266
RO,700267
RO,700268
RO,700269
RO,700272
RO,700273
RO,700274
RO,700275
RO,700276
RO,700277
RO,700278
RO,700280
RO,700281
RO,700282
RO,700283
RO,700284
RO,700285
RO,700286
RO,700287
RO,700289
RO,700290
RO,700291
RO,700292
RO,700293
RO,700294
RO,700295
RO,700296
RO,700297
RO,700298
RO,700299
RO,700301
RO,700302
RO,700303
RO,700304
RO,700305
RO,700306
RO,700308
RO,700309
RO,700310
RO,700311
RO,700312
RO,700313
RO,700317
RO,700318
RO,700319
RO,700320
RO,700321
RO,700325
RO,700326
RO,700327
RO,700328
RO,700329
RO,700333
RO,700334
RO,700335
RO,700336
RO,700337
RO,700341
RO,700342
RO,700343
RO,700344
RO,700345
RO,700346
RO,700347
RO,700349
RO,700350
RO,700351
RO,700352
RO,700353
RO,700357
RO,700358
RO,700359
RO,700360
RO,700361
RO,700365
RO,700366
RO,700367
RO,700368
RO,700369
RO,700370
RO,700373
RO,700374
RO,700375
RO,700376
RO,700377
RO,700380
RO,700381
RO,700382
RO,700383
RO,700384
RO,700385
RO,700389
RO,700390
RO,700391
RO,700392
RO,700393
RO,700397
RO,700398
RO,700399
RO,700400
RO,700401
RO,700407
RO,700408
RO,700409
RO,700410
RO,700411
RO,700412
RO,700413
RO,700414
RO,700415
RO,700416
RO,700417
RO,700418
RO,700419
RO,700420
RO,700421
RO,700422
RO,700423
RO,700424
RO,700425
RO,700426
RO,700427
RO,700428
RO,700430
RO,700431
RO,700432
RO,700433
RO,700434
RO,700435
RO,700436
RO,700439
RO,700440
RO,700441
RO,700442
RO,700443
RO,700444
RO,700445
RO,700446
RO,700447
RO,700451
RO,700452
RO,700453
RO,700454
RO,700455
RO,700456
RO,700457
RO,700460
RO,700461
RO,700462
RO,700463
RO,700464
RO,700465
RO,700468
RO,700469
RO,700470
RO,700471
RO,700472
RO,700473
RO,700474
RO,700475
RO,700476
RO,700478
RO,700479
RO,700480
RO,700481
RO,700482
RO,700483
RO,700484
RO,700485
RO,700486
RO,700487
RO,700488
RO,700489
RO,700490
RO,700491
RO,700492
RO,700493
RO,700494
RO,700495
RO,700496
RO,700497
RO,700498
RO,700499
RO,700500
RO,700502
RO,700503
RO,700504
RO,700505
RO,700506
RO,700507
RO,700508
RO,700509
RO,700511
RO,700512
RO,700513
RO,700514
RO,700515
RO,700516
RO,700517
RO,700519
RO,700520
RO,700521
RO,700522
RO,700523
RO,700524
RO,700525
RO,700527
RO,700528
RO,700529
RO,700530
RO,700531
RO,700534
RO,700535
RO,700536
RO,700537
RO,700538
RO,700539
RO,700540
RO,700541
RO,700542
RO,700543
RO,700544
RO,700545
RO,700546
RO,700547
RO,700548
RO,700549
RO,700551
RO,700552
RO,700553
RO,700554
RO,700555
RO,700556
RO,700559
RO,700560
RO,700561
RO,700562
RO,700569
RO,700570
RO,700571
RO,700572
RO,700573
RO,700574
RO,700575
RO,700576
RO,700579
RO,700580
RO,700581
RO,700582
RO,700583
RO,700584
RO,700585
RO,700587
RO,700588
RO,700589
RO,700590
RO,700591
RO,700592
RO,700595
RO,700596
RO,700597
RO,700598
RO,700599
RO,700600
RO,700603
RO,700604
RO,700605
RO,700606
RO,700607
RO,700608
RO,700609
RO,700611
RO,700612
RO,700613
RO,700614
RO,700615
RO,700616
RO,700617
RO,700618
RO,700619
RO,700620
RO,700621
RO,700622
RO,700623
RO,700624
RO,700625
RO,700626
RO,700627
RO,700628
RO,700629
RO,700630
RO,700631
RO,700632
RO,700633
RO,700634
RO,700635
RO,700636
RO,700638
RO,700639
RO,700640
RO,700641
RO,700642
RO,700646
RO,700647
RO,700648
RO,700649
RO,700650
RO,700651
RO,700652
RO,700653
RO,700654
RO,700656
RO,700657
RO,700658
RO,700659
RO,700660
RO,700661
RO,700662
RO,700665
RO,700666
RO,700668
RO,700669
RO,700670
RO,700671
RO,700672
RO,700673
RO,700674
RO,700675
RO,700676
RO,700677
RO,700678
RO,700679
RO,700680
RO,700681
RO,700682
RO,700684
RO,700685
RO,700686
RO,700687
RO,700688
RO,700689
RO,700690
RO,700691
RO,700692
RO,700693
RO,700694
RO,700695
RO,700696
RO,700697
RO,700698
RO,700702
RO,700703
RO,700704
RO,700705
RO,700706
RO,700707
RO,700710
RO,700711
RO,700712
RO,700713
RO,700714
RO,700715
RO,700716
RO,700717
RO,700718
RO,700719
RO,700720
RO,700721
RO,700722
RO,700723
RO,700724
RO,700725
RO,700729
RO,700730
RO,700731
RO,700732
RO,700733
RO,700734
RO,700735
RO,700736
RO,700737
RO,700738
RO,700739
RO,700931
RO,700932
RO,700933
RO,700934
RO,700935
RO,700936
RO,700937
RO,700940
RO,700946
RO,700950
RO,700951
RO,705100
RO,705101
RO,705200
RO,705201
RO,705202
RO,705203
RO,705204
RO,705205
RO,705300
RO,705301
RO,705302
RO,705303
RO,705304
RO,705305
RO,705306
RO,705307
RO,705308
RO,705309
RO,705310
RO,705311
RO,707005
RO,707006
RO,707007
RO,707008
RO,707010
RO,707011
RO,707012
RO,707013
RO,707014
RO,707016
RO,707017
RO,707020
RO,707021
RO,707022
RO,707023
RO,707025
RO,707026
RO,707027
RO,707028
RO,707029
RO,707031
RO,707032
RO,707035
RO,707036
RO,707037
RO,707038
RO,707039
RO,707041
RO,707045
RO,707046
RO,707047
RO,707048
RO,707049
RO,707051
RO,707055
RO,707056
RO,707057
RO,707058
RO,707059
RO,707060
RO,707061
RO,707062
RO,707063
RO,707064
RO,707065
RO,707066
RO,707070
RO,707071
RO,707072
RO,707073
RO,707075
RO,707076
RO,707077
RO,707078
RO,707079
RO,707080
RO,707081
RO,707082
RO,707083
RO,707084
RO,707085
RO,707086
RO,707100
RO,707101
RO,707102
RO,707105
RO,707106
RO,707107
RO,707110
RO,707115
RO,707116
RO,707117
RO,707118
RO,707120
RO,707121
RO,707122
RO,707123
RO,707124
RO,707126
RO,707127
RO,707128
RO,707129
RO,707131
RO,707132
RO,707140
RO,707141
RO,707142
RO,707145
RO,707146
RO,707150
RO,707151
RO,707152
RO,707153
RO,707155
RO,707156
RO,707157
RO,707158
RO,707159
RO,707161
RO,707162
RO,707163
RO,707164
RO,707165
RO,707166
RO,707167
RO,707168
RO,707169
RO,707171
RO,707175
RO,707180
RO,707181
RO,707182
RO,707185
RO,707186
RO,707187
RO,707188
RO,707189
RO,707190
RO,707191
RO,707192
RO,707193
RO,707194
RO,707195
RO,707196
RO,707200
RO,707201
RO,707202
RO,707203
RO,707204
RO,707206
RO,707207
RO,707208
RO,707210
RO,707211
RO,707212
RO,707213
RO,707214
RO,707215
RO,707216
RO,707217
RO,707218
RO,707219
RO,707221
RO,707222
RO,707225
RO,707226
RO,707227
RO,707228
RO,707229
RO,707231
RO,707235
RO,707236
RO,707237
RO,707240
RO,707241
RO,707245
RO,707246
RO,707247
RO,707248
RO,707250
RO,707251
RO,707252
RO,707253
RO,707254
RO,707256
RO,707257
RO,707260
RO,707261
RO,707262
RO,707265
RO,707266
RO,707267
RO,707268
RO,707270
RO,707271
RO,707272
RO,707273
RO,707274
RO,707276
RO,707280
RO,707281
RO,707282
RO,707283
RO,707285
RO,707286
RO,707287
RO,707288
RO,707290
RO,707291
RO,707292
RO,707295
RO,707296
RO,707297
RO,707298
RO,707299
RO,707300
RO,707301
RO,707302
RO,707305
RO,707306
RO,707307
RO,707308
RO,707309
RO,707311
RO,707312
RO,707313
RO,707314
RO,707316
RO,707317
RO,707318
RO,707319
RO,707325
RO,707326
RO,707327
RO,707328
RO,707329
RO,707330
RO,707331
RO,707332
RO,707333
RO,707335
RO,707336
RO,707337
RO,707340
RO,707345
RO,707346
RO,707350
RO,707351
RO,707352
RO,707353
RO,707355
RO,707356
RO,707360
RO,707361
RO,707362
RO,707365
RO,707366
RO,707367
RO,707368
RO,707369
RO,707370
RO,707371
RO,707372
RO,707373
RO,707374
RO,707376
RO,707380
RO,707381
RO,707382
RO,707383
RO,707384
RO,707386
RO,707387
RO,707388
RO,707389
RO,707390
RO,707391
RO,707392
RO,707395
RO,707396
RO,707397
RO,707400
RO,707401
RO,707402
RO,707403
RO,707405
RO,707406
RO,707407
RO,707408
RO,707410
RO,707415
RO,707416
RO,707417
RO,707420
RO,707421
RO,707422
RO,707423
RO,707425
RO,707426
RO,707427
RO,707428
RO,707429
RO,707431
RO,707432
RO,707435
RO,707436
RO,707437
RO,707438
RO,707439
RO,707441
RO,707442
RO,707443
RO,707445
RO,707446
RO,707447
RO,707448
RO,707449
RO,707450
RO,707451
RO,707452
RO,707453
RO,707455
RO,707456
RO,707457
RO,707458
RO,707459
RO,707460
RO,707461
RO,707462
RO,707465
RO,707466
RO,707467
RO,707468
RO,707469
RO,707471
RO,707472
RO,707473
RO,707475
RO,707476
RO,707477
RO,707478
RO,707479
RO,707481
RO,707482
RO,707485
RO,707486
RO,707487
RO,707488
RO,707489
RO,707491
RO,707495
RO,707496
RO,707500
RO,707501
RO,707502
RO,707503
RO,707504
RO,707505
RO,707506
RO,707507
RO,707508
RO,707509
RO,707510
RO,707511
RO,707515
RO,707516
RO,707517
RO,707518
RO,707520
RO,707521
RO,707522
RO,707523
RO,707524
RO,707526
RO,707530
RO,707531
RO,707532
RO,707533
RO,707534
RO,707536
RO,707537
RO,707538
RO,707539
RO,707541
RO,707545
RO,707546
RO,707547
RO,707548
RO,707549
RO,707551
RO,707552
RO,707553
RO,707555
RO,707556
RO,707557
RO,707558
RO,707560
RO,707561
RO,707562
RO,707565
RO,707566
RO,707567
RO,707568
RO,707570
RO,707571
RO,707572
RO,707575
RO,707576
RO,707577
RO,707578
RO,707579
RO,707580
RO,707581
RO,707582
RO,707583
RO,707584
RO,707586
RO,707587
RO,707590
RO,707591
RO,707592
RO,707593
RO,707594
RO,707596
RO,707600
RO,707601
RO,707602
RO,707603
RO,707604
RO,710001
RO,710002
RO,710003
RO,710004
RO,710005
RO,710006
RO,710007
RO,710010
RO,710011
RO,710012
RO,710013
RO,710014
RO,710019
RO,710020
RO,710021
RO,710022
RO,710023
RO,710024
RO,710025
RO,710026
RO,710028
RO,710029
RO,710030
RO,710031
RO,710032
RO,710033
RO,710038
RO,710039
RO,710040
RO,710041
RO,710042
RO,710043
RO,710048
RO,710049
RO,710050
RO,710051
RO,710052
RO,710053
RO,710058
RO,710059
RO,710060
RO,710061
RO,710062
RO,710067
RO,710068
RO,710069
RO,710070
RO,710071
RO,710076
RO,710077
RO,710078
RO,710079
RO,710080
RO,710085
RO,710086
RO,710087
RO,710088
RO,710089
RO,710095
RO,710096
RO,710097
RO,710098
RO,710099
RO,710100
RO,710105
RO,710106
RO,710107
RO,710108
RO,710109
RO,710114
RO,710115
RO,710116
RO,710117
RO,710118
RO,710124
RO,710125
RO,710126
RO,710127
RO,710128
RO,710133
RO,710134
RO,710135
RO,710136
RO,710137
RO,710142
RO,710143
RO,710144
RO,710145
RO,710146
RO,710147
RO,710152
RO,710153
RO,710154
RO,710155
RO,710156
RO,710161
RO,710162
RO,710163
RO,710164
RO,710165
RO,710166
RO,710171
RO,710172
RO,710173
RO,710174
RO,710175
RO,710176
RO,710182
RO,710183
RO,710184
RO,710185
RO,710186
RO,710191
RO,710192
RO,710193
RO,710194
RO,710195
RO,710200
RO,710201
RO,710202
RO,710203
RO,710204
RO,710205
RO,710206
RO,710210
RO,710211
RO,710212
RO,710213
RO,710214
RO,710220
RO,710221
RO,710222
RO,710223
RO,710224
RO,710233
RO,710234
RO,710236
RO,710237
RO,710238
RO,710239
RO,710244
RO,710245
RO,710246
RO,710247
RO,710248
RO,710252
RO,710253
RO,710254
RO,710255
RO,710256
RO,710261
RO,710262
RO,710263
RO,710264
RO,710265
RO,710270
RO,710271
RO,710272
RO,710273
RO,710278
RO,710279
RO,710280
RO,710281
RO,710282
RO,710283
RO,710284
RO,710287
RO,710288
RO,710289
RO,710290
RO,710291
RO,710292
RO,710297
RO,710298
RO,710299
RO,710300
RO,710301
RO,710302
RO,710307
RO,710308
RO,710309
RO,710310
RO,710311
RO,710312
RO,710313
RO,710318
RO,710319
RO,710320
RO,710321
RO,710326
RO,710327
RO,710328
RO,710329
RO,710330
RO,710332
RO,710335
RO,710336
RO,710337
RO,710338
RO,710339
RO,710345
RO,710346
RO,710347
RO,710348
RO,710349
RO,710350
RO,710355
RO,710356
RO,710357
RO,710358
RO,710359
RO,710360
RO,710365
RO,710366
RO,710367
RO,710368
RO,710369
RO,710370
RO,710375
RO,710376
RO,710377
RO,710378
RO,710379
RO,710380
RO,710382
RO,710383
RO,715100
RO,715101
RO,715102
RO,715103
RO,715200
RO,715201
RO,715202
RO,715203
RO,715300
RO,715301
RO,715302
RO,715303
RO,715304
RO,715305
RO,717005
RO,717006
RO,717007
RO,717008
RO,717009
RO,717011
RO,717015
RO,717016
RO,717017
RO,717018
RO,717019
RO,717021
RO,717022
RO,717023
RO,717024
RO,717025
RO,717026
RO,717027
RO,717028
RO,717029
RO,717031
RO,717035
RO,717036
RO,717037
RO,717038
RO,717040
RO,717041
RO,717045
RO,717046
RO,717047
RO,717050
RO,717051
RO,717052
RO,717055
RO,717056
RO,717060
RO,717061
RO,717062
RO,717063
RO,717064
RO,717066
RO,717067
RO,717070
RO,717071
RO,717072
RO,717075
RO,717076
RO,717077
RO,717078
RO,717079
RO,717081
RO,717082
RO,717085
RO,717086
RO,717087
RO,717088
RO,717090
RO,717091
RO,717092
RO,717093
RO,717094
RO,717096
RO,717097
RO,717098
RO,717099
RO,717100
RO,717101
RO,717102
RO,717103
RO,717104
RO,717105
RO,717106
RO,717107
RO,717108
RO,717109
RO,717110
RO,717111
RO,717112
RO,717113
RO,717114
RO,717116
RO,717117
RO,717120
RO,717121
RO,717122
RO,717123
RO,717125
RO,717126
RO,717127
RO,717130
RO,717131
RO,717132
RO,717133
RO,717134
RO,717136
RO,717140
RO,717141
RO,717142
RO,717145
RO,717146
RO,717147
RO,717148
RO,717149
RO,717151
RO,717155
RO,717156
RO,717157
RO,717158
RO,717159
RO,717160
RO,717161
RO,717162
RO,717163
RO,717164
RO,717166
RO,717170
RO,717171
RO,717172
RO,717173
RO,717174
RO,717175
RO,717176
RO,717177
RO,717178
RO,717179
RO,717181
RO,717182
RO,717183
RO,717185
RO,717186
RO,717187
RO,717188
RO,717189
RO,717191
RO,717195
RO,717196
RO,717197
RO,717198
RO,717199
RO,717200
RO,717201
RO,717202
RO,717203
RO,717204
RO,717205
RO,717206
RO,717207
RO,717209
RO,717210
RO,717211
RO,717212
RO,717213
RO,717214
RO,717215
RO,717216
RO,717220
RO,717221
RO,717222
RO,717223
RO,717224
RO,717225
RO,717226
RO,717227
RO,717230
RO,717231
RO,717232
RO,717233
RO,717234
RO,717236
RO,717237
RO,717238
RO,717239
RO,717241
RO,717245
RO,717246
RO,717247
RO,717248
RO,717249
RO,717251
RO,717252
RO,717253
RO,717254
RO,717256
RO,717260
RO,717261
RO,717262
RO,717263
RO,717264
RO,717266
RO,717267
RO,717270
RO,717271
RO,717272
RO,717273
RO,717274
RO,717276
RO,717277
RO,717280
RO,717281
RO,717282
RO,717283
RO,717285
RO,717286
RO,717290
RO,717291
RO,717292
RO,717295
RO,717296
RO,717297
RO,717298
RO,717300
RO,717301
RO,717302
RO,717305
RO,717306
RO,717307
RO,717308
RO,717310
RO,717311
RO,717312
RO,717313
RO,717315
RO,717316
RO,717317
RO,717320
RO,717321
RO,717322
RO,717323
RO,717324
RO,717325
RO,717326
RO,717327
RO,717328
RO,717329
RO,717331
RO,717332
RO,717335
RO,717336
RO,717340
RO,717341
RO,717342
RO,717343
RO,717345
RO,717346
RO,717347
RO,717348
RO,717349
RO,717351
RO,717352
RO,717353
RO,717355
RO,717356
RO,717357
RO,717358
RO,717360
RO,717361
RO,717362
RO,717363
RO,717364
RO,717366
RO,717370
RO,717371
RO,717372
RO,717373
RO,717374
RO,717376
RO,717380
RO,717381
RO,717382
RO,717385
RO,717386
RO,717387
RO,717388
RO,717389
RO,717390
RO,717391
RO,717392
RO,717395
RO,717396
RO,717397
RO,717398
RO,717399
RO,717400
RO,717401
RO,717402
RO,717403
RO,717404
RO,717406
RO,717410
RO,717415
RO,717416
RO,717417
RO,717418
RO,717419
RO,717421
RO,717422
RO,717423
RO,717424
RO,717426
RO,717427
RO,717435
RO,717436
RO,717437
RO,717438
RO,717439
RO,717441
RO,717442
RO,717445
RO,717446
RO,717447
RO,717449
RO,717450
RO,717451
RO,717452
RO,717453
RO,717454
RO,717455
RO,717456
RO,717457
RO,717460
RO,717461
RO,717462
RO,717463
RO,717464
RO,717465
RO,717466
RO,717467
RO,717470
RO,717471
RO,717472
RO,717475
RO,717476
RO,717477
RO,717478
RO,717479
RO,717481
RO,720001
RO,720002
RO,720003
RO,720004
RO,720005
RO,720008
RO,720009
RO,720011
RO,720012
RO,720013
RO,720014
RO,720017
RO,720018
RO,720019
RO,720021
RO,720022
RO,720023
RO,720024
RO,720026
RO,720027
RO,720028
RO,720029
RO,720031
RO,720032
RO,720033
RO,720034
RO,720035
RO,720036
RO,720037
RO,720038
RO,720039
RO,720042
RO,720043
RO,720044
RO,720045
RO,720046
RO,720049
RO,720051
RO,720052
RO,720053
RO,720054
RO,720057
RO,720058
RO,720059
RO,720061
RO,720062
RO,720063
RO,720066
RO,720067
RO,720068
RO,720069
RO,720071
RO,720074
RO,720075
RO,720076
RO,720077
RO,720078
RO,720082
RO,720084
RO,720085
RO,720086
RO,720087
RO,720089
RO,720091
RO,720092
RO,720093
RO,720094
RO,720097
RO,720098
RO,720099
RO,720101
RO,720102
RO,720103
RO,720104
RO,720106
RO,720107
RO,720108
RO,720109
RO,720110
RO,720111
RO,720112
RO,720115
RO,720116
RO,720117
RO,720118
RO,720119
RO,720123
RO,720124
RO,720125
RO,720126
RO,720127
RO,720131
RO,720132
RO,720133
RO,720134
RO,720135
RO,720136
RO,720139
RO,720141
RO,720142
RO,720143
RO,720144
RO,720145
RO,720146
RO,720147
RO,720148
RO,720149
RO,720151
RO,720152
RO,720153
RO,720154
RO,720155
RO,720156
RO,720157
RO,720158
RO,720159
RO,720161
RO,720164
RO,720165
RO,720166
RO,720167
RO,720168
RO,720169
RO,720172
RO,720173
RO,720174
RO,720175
RO,720176
RO,720179
RO,720181
RO,720182
RO,720183
RO,720184
RO,720185
RO,720188
RO,720189
RO,720191
RO,720192
RO,720193
RO,720196
RO,720197
RO,720198
RO,720199
RO,720201
RO,720204
RO,720205
RO,720206
RO,720207
RO,720208
RO,720209
RO,720213
RO,720214
RO,720215
RO,720216
RO,720217
RO,720221
RO,720222
RO,720223
RO,720224
RO,720225
RO,720228
RO,720229
RO,720231
RO,720232
RO,720233
RO,720234
RO,720235
RO,720237
RO,720238
RO,720239
RO,720241
RO,720242
RO,720245
RO,720246
RO,720247
RO,720248
RO,720249
RO,720253
RO,720254
RO,720255
RO,720256
RO,720257
RO,720258
RO,720262
RO,720263
RO,720264
RO,720265
RO,720266
RO,720269
RO,720271
RO,720272
RO,720273
RO,720274
RO,720275
RO,720278
RO,720279
RO,720281
RO,720282
RO,720283
RO,720284
RO,720285
RO,725100
RO,725200
RO,725201
RO,725202
RO,725300
RO,725301
RO,725400
RO,725500
RO,725501
RO,725502
RO,725600
RO,725601
RO,725700
RO,725701
RO,725702
RO,725703
RO,727005
RO,727006
RO,727007
RO,727008
RO,727009
RO,727011
RO,727015
RO,727016
RO,727017
RO,727020
RO,727021
RO,727025
RO,727026
RO,727027
RO,727030
RO,727035
RO,727040
RO,727041
RO,727042
RO,727043
RO,727044
RO,727045
RO,727046
RO,727050
RO,727055
RO,727056
RO,727057
RO,727060
RO,727061
RO,727062
RO,727063
RO,727064
RO,727066
RO,727067
RO,727068
RO,727069
RO,727071
RO,727075
RO,727076
RO,727077
RO,727078
RO,727079
RO,727081
RO,727082
RO,727083
RO,727084
RO,727086
RO,727090
RO,727091
RO,727092
RO,727093
RO,727094
RO,727095
RO,727096
RO,727097
RO,727098
RO,727099
RO,727100
RO,727101
RO,727105
RO,727106
RO,727107
RO,727108
RO,727110
RO,727111
RO,727112
RO,727113
RO,727114
RO,727116
RO,727120
RO,727121
RO,727125
RO,727126
RO,727127
RO,727130
RO,727135
RO,727136
RO,727140
RO,727141
RO,727142
RO,727143
RO,727144
RO,727146
RO,727147
RO,727148
RO,727149
RO,727150
RO,727151
RO,727152
RO,727153
RO,727155
RO,727156
RO,727157
RO,727158
RO,727159
RO,727160
RO,727170
RO,727171
RO,727172
RO,727173
RO,727174
RO,727176
RO,727177
RO,727178
RO,727180
RO,727181
RO,727182
RO,727185
RO,727190
RO,727191
RO,727192
RO,727193
RO,727194
RO,727196
RO,727197
RO,727198
RO,727200
RO,727201
RO,727202
RO,727203
RO,727204
RO,727206
RO,727210
RO,727211
RO,727215
RO,727216
RO,727217
RO,727218
RO,727219
RO,727220
RO,727221
RO,727222
RO,727225
RO,727226
RO,727230
RO,727231
RO,727232
RO,727233
RO,727234
RO,727235
RO,727236
RO,727237
RO,727238
RO,727239
RO,727241
RO,727242
RO,727243
RO,727244
RO,727245
RO,727246
RO,727247
RO,727248
RO,727250
RO,727251
RO,727255
RO,727256
RO,727260
RO,727261
RO,727262
RO,727265
RO,727266
RO,727267
RO,727268
RO,727269
RO,727271
RO,727272
RO,727273
RO,727274
RO,727276
RO,727280
RO,727281
RO,727282
RO,727285
RO,727286
RO,727287
RO,727288
RO,727289
RO,727290
RO,727291
RO,727292
RO,727293
RO,727294
RO,727296
RO,727300
RO,727301
RO,727305
RO,727310
RO,727311
RO,727312
RO,727313
RO,727314
RO,727315
RO,727316
RO,727320
RO,727325
RO,727326
RO,727327
RO,727330
RO,727331
RO,727332
RO,727335
RO,727336
RO,727337
RO,727338
RO,727339
RO,727341
RO,727345
RO,727350
RO,727351
RO,727352
RO,727353
RO,727354
RO,727355
RO,727356
RO,727357
RO,727360
RO,727361
RO,727362
RO,727363
RO,727365
RO,727366
RO,727367
RO,727368
RO,727370
RO,727371
RO,727372
RO,727373
RO,727374
RO,727376
RO,727377
RO,727378
RO,727379
RO,727380
RO,727381
RO,727385
RO,727386
RO,727387
RO,727388
RO,727390
RO,727391
RO,727392
RO,727393
RO,727394
RO,727396
RO,727400
RO,727401
RO,727405
RO,727406
RO,727407
RO,727408
RO,727409
RO,727411
RO,727415
RO,727416
RO,727420
RO,727425
RO,727426
RO,727427
RO,727428
RO,727430
RO,727431
RO,727432
RO,727433
RO,727434
RO,727436
RO,727437
RO,727440
RO,727441
RO,727445
RO,727446
RO,727447
RO,727448
RO,727449
RO,727451
RO,727452
RO,727455
RO,727456
RO,727460
RO,727461
RO,727462
RO,727465
RO,727466
RO,727467
RO,727468
RO,727469
RO,727470
RO,727475
RO,727476
RO,727477
RO,727478
RO,727479
RO,727480
RO,727481
RO,727485
RO,727486
RO,727490
RO,727491
RO,727492
RO,727495
RO,727500
RO,727501
RO,727502
RO,727505
RO,727506
RO,727507
RO,727508
RO,727509
RO,727510
RO,727511
RO,727515
RO,727516
RO,727517
RO,727518
RO,727519
RO,727521
RO,727522
RO,727525
RO,727526
RO,727527
RO,727528
RO,727529
RO,727530
RO,727531
RO,727532
RO,727533
RO,727534
RO,727535
RO,727536
RO,727537
RO,727538
RO,727539
RO,727541
RO,727542
RO,727543
RO,727544
RO,727546
RO,727547
RO,727555
RO,727556
RO,727557
RO,727558
RO,727559
RO,727560
RO,727561
RO,727562
RO,727563
RO,727564
RO,727566
RO,727567
RO,727568
RO,727569
RO,727571
RO,727572
RO,727573
RO,727580
RO,727581
RO,727585
RO,727590
RO,727591
RO,727592
RO,727593
RO,727595
RO,727596
RO,727597
RO,727600
RO,727601
RO,727602
RO,727603
RO,727605
RO,727610
RO,727611
RO,727615
RO,727616
RO,727620
RO,727621
RO,727622
RO,727623
RO,727624
RO,727626
RO,727627
RO,727628
RO,727630
RO,727631
RO,727632
RO,727633
RO,727634
RO,727636
RO,727637
RO,727638
RO,727639
RO,727640
RO,727641
RO,727642
RO,727643
RO,727644
RO,727646
RO,727647
RO,727648
RO,730001
RO,730002
RO,730003
RO,730004
RO,730005
RO,730006
RO,730007
RO,730008
RO,730009
RO,730010
RO,730015
RO,730016
RO,730017
RO,730018
RO,730019
RO,730020
RO,730021
RO,730025
RO,730026
RO,730027
RO,730028
RO,730029
RO,730030
RO,730035
RO,730036
RO,730037
RO,730038
RO,730039
RO,730040
RO,730041
RO,730042
RO,730045
RO,730046
RO,730047
RO,730048
RO,730049
RO,730050
RO,730051
RO,730054
RO,730055
RO,730056
RO,730057
RO,730058
RO,730059
RO,730064
RO,730065
RO,730066
RO,730067
RO,730068
RO,730073
RO,730074
RO,730075
RO,730076
RO,730077
RO,730082
RO,730083
RO,730084
RO,730085
RO,730086
RO,730091
RO,730092
RO,730093
RO,730094
RO,730095
RO,730096
RO,730101
RO,730102
RO,730103
RO,730104
RO,730105
RO,730110
RO,730111
RO,730112
RO,730113
RO,730114
RO,730115
RO,730120
RO,730121
RO,730122
RO,730123
RO,730124
RO,730129
RO,730130
RO,730131
RO,730132
RO,730133
RO,730138
RO,730139
RO,730140
RO,730141
RO,730142
RO,730143
RO,730148
RO,730149
RO,730150
RO,730151
RO,730152
RO,730157
RO,730158
RO,730159
RO,730160
RO,730161
RO,730162
RO,730167
RO,730168
RO,730169
RO,730170
RO,730171
RO,730176
RO,730177
RO,730178
RO,730179
RO,730180
RO,730185
RO,730186
RO,730187
RO,730188
RO,730189
RO,730194
RO,730195
RO,730196
RO,730197
RO,730198
RO,730203
RO,730204
RO,730205
RO,730206
RO,730207
RO,730208
RO,730213
RO,730214
RO,730215
RO,730216
RO,730217
RO,730222
RO,730223
RO,730224
RO,730225
RO,730226
RO,730227
RO,730228
RO,730232
RO,730233
RO,730234
RO,730235
RO,730236
RO,730237
RO,730242
RO,731001
RO,731002
RO,731003
RO,731004
RO,731005
RO,731010
RO,731011
RO,731012
RO,731013
RO,731018
RO,731019
RO,731020
RO,731021
RO,731022
RO,731023
RO,731030
RO,731031
RO,731032
RO,731033
RO,731034
RO,731035
RO,731040
RO,731041
RO,731042
RO,731043
RO,731044
RO,731045
RO,731049
RO,731050
RO,731051
RO,731052
RO,731053
RO,731054
RO,731055
RO,731058
RO,731059
RO,731060
RO,731061
RO,731062
RO,731067
RO,731068
RO,731069
RO,731070
RO,731071
RO,731076
RO,731077
RO,731078
RO,731079
RO,731085
RO,731086
RO,731087
RO,731088
RO,731089
RO,731097
RO,731098
RO,731099
RO,731100
RO,731101
RO,731102
RO,731107
RO,731108
RO,731109
RO,731110
RO,731111
RO,731112
RO,731117
RO,731118
RO,731119
RO,731120
RO,731121
RO,731126
RO,731127
RO,731128
RO,731129
RO,731135
RO,731136
RO,731137
RO,731138
RO,731139
RO,731140
RO,731145
RO,731146
RO,731147
RO,731148
RO,731149
RO,731154
RO,731155
RO,731156
RO,731157
RO,731158
RO,731163
RO,731164
RO,731165
RO,731166
RO,731171
RO,731172
RO,731173
RO,731174
RO,731175
RO,731176
RO,731181
RO,731182
RO,731183
RO,731184
RO,731185
RO,731190
RO,731191
RO,731192
RO,731193
RO,731194
RO,731199
RO,731200
RO,731201
RO,731202
RO,731203
RO,731208
RO,731209
RO,731210
RO,731211
RO,731212
RO,731217
RO,731218
RO,731219
RO,731220
RO,731221
RO,731226
RO,731227
RO,731228
RO,731229
RO,731230
RO,731231
RO,735100
RO,735200
RO,735201
RO,735202
RO,735203
RO,735204
RO,735205
RO,735206
RO,737005
RO,737006
RO,737007
RO,737008
RO,737010
RO,737011
RO,737012
RO,737013
RO,737014
RO,737016
RO,737017
RO,737020
RO,737021
RO,737022
RO,737023
RO,737025
RO,737026
RO,737027
RO,737028
RO,737029
RO,737031
RO,737032
RO,737033
RO,737034
RO,737036
RO,737037
RO,737038
RO,737045
RO,737046
RO,737047
RO,737048
RO,737049
RO,737050
RO,737051
RO,737052
RO,737053
RO,737054
RO,737056
RO,737060
RO,737061
RO,737062
RO,737065
RO,737066
RO,737067
RO,737068
RO,737069
RO,737070
RO,737071
RO,737072
RO,737075
RO,737076
RO,737077
RO,737078
RO,737079
RO,737081
RO,737082
RO,737083
RO,737084
RO,737085
RO,737086
RO,737087
RO,737088
RO,737089
RO,737091
RO,737092
RO,737093
RO,737094
RO,737095
RO,737096
RO,737097
RO,737098
RO,737099
RO,737101
RO,737102
RO,737105
RO,737106
RO,737107
RO,737108
RO,737110
RO,737111
RO,737112
RO,737113
RO,737114
RO,737115
RO,737116
RO,737117
RO,737130
RO,737131
RO,737132
RO,737133
RO,737135
RO,737136
RO,737137
RO,737138
RO,737139
RO,737141
RO,737142
RO,737145
RO,737146
RO,737147
RO,737148
RO,737149
RO,737151
RO,737155
RO,737156
RO,737157
RO,737158
RO,737160
RO,737161
RO,737162
RO,737163
RO,737164
RO,737166
RO,737170
RO,737171
RO,737172
RO,737173
RO,737175
RO,737176
RO,737177
RO,737178
RO,737179
RO,737181
RO,737182
RO,737183
RO,737184
RO,737186
RO,737190
RO,737191
RO,737192
RO,737193
RO,737194
RO,737196
RO,737200
RO,737201
RO,737202
RO,737203
RO,737204
RO,737206
RO,737207
RO,737208
RO,737209
RO,737211
RO,737212
RO,737213
RO,737220
RO,737221
RO,737222
RO,737223
RO,737224
RO,737226
RO,737230
RO,737231
RO,737232
RO,737233
RO,737234
RO,737235
RO,737236
RO,737237
RO,737238
RO,737240
RO,737241
RO,737242
RO,737243
RO,737245
RO,737246
RO,737247
RO,737248
RO,737249
RO,737251
RO,737255
RO,737256
RO,737257
RO,737258
RO,737259
RO,737260
RO,737261
RO,737262
RO,737263
RO,737264
RO,737266
RO,737270
RO,737271
RO,737272
RO,737273
RO,737274
RO,737276
RO,737277
RO,737278
RO,737279
RO,737280
RO,737281
RO,737282
RO,737283
RO,737284
RO,737285
RO,737286
RO,737287
RO,737288
RO,737289
RO,737291
RO,737292
RO,737295
RO,737296
RO,737297
RO,737298
RO,737299
RO,737300
RO,737301
RO,737302
RO,737303
RO,737304
RO,737306
RO,737307
RO,737308
RO,737309
RO,737311
RO,737312
RO,737313
RO,737314
RO,737316
RO,737320
RO,737321
RO,737322
RO,737323
RO,737325
RO,737326
RO,737327
RO,737328
RO,737329
RO,737331
RO,737332
RO,737333
RO,737335
RO,737336
RO,737337
RO,737338
RO,737339
RO,737340
RO,737341
RO,737342
RO,737343
RO,737344
RO,737346
RO,737347
RO,737350
RO,737351
RO,737352
RO,737353
RO,737354
RO,737356
RO,737360
RO,737361
RO,737362
RO,737365
RO,737366
RO,737367
RO,737368
RO,737370
RO,737371
RO,737372
RO,737373
RO,737374
RO,737376
RO,737377
RO,737380
RO,737381
RO,737382
RO,737383
RO,737384
RO,737386
RO,737390
RO,737391
RO,737392
RO,737393
RO,737395
RO,737396
RO,737397
RO,737398
RO,737399
RO,737401
RO,737402
RO,737403
RO,737405
RO,737406
RO,737407
RO,737408
RO,737409
RO,737410
RO,737411
RO,737412
RO,737413
RO,737414
RO,737415
RO,737416
RO,737417
RO,737418
RO,737419
RO,737421
RO,737422
RO,737425
RO,737426
RO,737427
RO,737428
RO,737429
RO,737431
RO,737432
RO,737433
RO,737434
RO,737436
RO,737437
RO,737438
RO,737439
RO,737445
RO,737446
RO,737447
RO,737448
RO,737449
RO,737451
RO,737452
RO,737453
RO,737454
RO,737455
RO,737456
RO,737457
RO,737458
RO,737459
RO,737461
RO,737462
RO,737463
RO,737464
RO,737465
RO,737466
RO,737467
RO,737468
RO,737469
RO,737471
RO,737472
RO,737475
RO,737476
RO,737477
RO,737478
RO,737479
RO,737481
RO,737482
RO,737485
RO,737486
RO,737487
RO,737488
RO,737489
RO,737491
RO,737492
RO,737495
RO,737496
RO,737497
RO,737498
RO,737499
RO,737501
RO,737502
RO,737505
RO,737506
RO,737507
RO,737508
RO,737510
RO,737511
RO,737512
RO,737513
RO,737515
RO,737516
RO,737517
RO,737518
RO,737519
RO,737521
RO,737522
RO,737525
RO,737526
RO,737527
RO,737528
RO,737529
RO,737531
RO,737532
RO,737533
RO,737534
RO,737535
RO,737536
RO,737537
RO,737538
RO,737539
RO,737541
RO,737542
RO,737543
RO,737544
RO,737546
RO,737550
RO,737551
RO,737552
RO,737553
RO,737554
RO,737556
RO,737557
RO,737558
RO,737559
RO,737561
RO,737565
RO,737566
RO,737567
RO,737570
RO,737571
RO,737575
RO,737576
RO,737577
RO,737578
RO,737579
RO,737581
RO,737585
RO,737586
RO,737587
RO,737588
RO,737589
RO,737591
RO,737592
RO,737593
RO,737595
RO,737596
RO,737597
RO,737598
RO,737599
RO,737601
RO,737602
RO,737603
RO,737604
RO,737606
RO,737607
RO,737615
RO,737616
RO,737617
RO,737618
RO,737620
RO,737621
RO,737622
RO,737625
RO,737626
RO,737627
RO,737628
RO,737629
RO,737631
RO,737632
RO,737633
RO,737634
RO,737635
RO,737636
RO,737637
RO,737638
RO,800001
RO,800002
RO,800003
RO,800004
RO,800005
RO,800008
RO,800009
RO,800010
RO,800011
RO,800012
RO,800015
RO,800016
RO,800017
RO,800018
RO,800021
RO,800022
RO,800023
RO,800024
RO,800025
RO,800028
RO,800029
RO,800030
RO,800031
RO,800032
RO,800035
RO,800036
RO,800037
RO,800038
RO,800041
RO,800042
RO,800043
RO,800044
RO,800045
RO,800048
RO,800049
RO,800050
RO,800051
RO,800052
RO,800055
RO,800056
RO,800057
RO,800058
RO,800062
RO,800063
RO,800064
RO,800065
RO,800066
RO,800069
RO,800070
RO,800071
RO,800072
RO,800073
RO,800076
RO,800077
RO,800078
RO,800079
RO,800080
RO,800083
RO,800084
RO,800085
RO,800086
RO,800087
RO,800090
RO,800091
RO,800092
RO,800093
RO,800094
RO,800095
RO,800098
RO,800099
RO,800100
RO,800101
RO,800102
RO,800105
RO,800106
RO,800107
RO,800108
RO,800109
RO,800112
RO,800113
RO,800114
RO,800115
RO,800116
RO,800119
RO,800120
RO,800121
RO,800122
RO,800123
RO,800126
RO,800127
RO,800128
RO,800129
RO,800130
RO,800131
RO,800134
RO,800135
RO,800136
RO,800137
RO,800138
RO,800139
RO,800142
RO,800143
RO,800144
RO,800145
RO,800146
RO,800149
RO,800150
RO,800151
RO,800152
RO,800153
RO,800156
RO,800157
RO,800158
RO,800159
RO,800160
RO,800163
RO,800164
RO,800165
RO,800166
RO,800167
RO,800170
RO,800171
RO,800172
RO,800173
RO,800174
RO,800175
RO,800176
RO,800179
RO,800180
RO,800181
RO,800182
RO,800183
RO,800186
RO,800187
RO,800188
RO,800189
RO,800190
RO,800193
RO,800194
RO,800195
RO,800196
RO,800197
RO,800198
RO,800201
RO,800202
RO,800203
RO,800204
RO,800205
RO,800208
RO,800209
RO,800210
RO,800211
RO,800212
RO,800215
RO,800216
RO,800217
RO,800218
RO,800219
RO,800222
RO,800223
RO,800224
RO,800225
RO,800226
RO,800227
RO,800230
RO,800231
RO,800232
RO,800233
RO,800234
RO,800235
RO,800238
RO,800239
RO,800240
RO,800241
RO,800242
RO,800245
RO,800246
RO,800247
RO,800248
RO,800249
RO,800251
RO,800252
RO,800253
RO,800254
RO,800255
RO,800258
RO,800259
RO,800260
RO,800261
RO,800262
RO,800265
RO,800266
RO,800267
RO,800268
RO,800269
RO,800272
RO,800273
RO,800274
RO,800275
RO,800276
RO,800279
RO,800280
RO,800281
RO,800282
RO,800283
RO,800284
RO,800287
RO,800288
RO,800289
RO,800290
RO,800291
RO,800294
RO,800295
RO,800296
RO,800297
RO,800298
RO,800302
RO,800303
RO,800304
RO,800305
RO,800306
RO,800309
RO,800310
RO,800311
RO,800312
RO,800313
RO,800316
RO,800317
RO,800318
RO,800319
RO,800320
RO,800322
RO,800323
RO,800324
RO,800325
RO,800326
RO,800329
RO,800330
RO,800331
RO,800332
RO,800333
RO,800336
RO,800337
RO,800338
RO,800339
RO,800340
RO,800343
RO,800344
RO,800345
RO,800346
RO,800350
RO,800351
RO,800352
RO,800353
RO,800354
RO,800357
RO,800358
RO,800359
RO,800360
RO,800361
RO,800364
RO,800365
RO,800366
RO,800367
RO,800368
RO,800371
RO,800372
RO,800373
RO,800374
RO,800375
RO,800378
RO,800379
RO,800380
RO,800381
RO,800382
RO,800385
RO,800386
RO,800387
RO,800388
RO,800389
RO,800390
RO,800393
RO,800394
RO,800395
RO,800396
RO,800397
RO,800400
RO,800401
RO,800402
RO,800403
RO,800407
RO,800408
RO,800409
RO,800410
RO,800411
RO,800414
RO,800415
RO,800416
RO,800417
RO,800418
RO,800421
RO,800422
RO,800423
RO,800424
RO,800425
RO,800428
RO,800429
RO,800430
RO,800431
RO,800432
RO,800435
RO,800436
RO,800437
RO,800438
RO,800439
RO,800442
RO,800443
RO,800444
RO,800445
RO,800446
RO,800449
RO,800450
RO,800451
RO,800452
RO,800453
RO,800456
RO,800457
RO,800458
RO,800459
RO,800460
RO,800463
RO,800464
RO,800465
RO,800466
RO,800467
RO,800470
RO,800471
RO,800472
RO,800473
RO,800474
RO,800477
RO,800478
RO,800479
RO,800480
RO,800481
RO,800484
RO,800485
RO,800486
RO,800487
RO,800488
RO,800491
RO,800492
RO,800493
RO,800494
RO,800495
RO,800496
RO,800499
RO,800500
RO,800501
RO,800502
RO,800503
RO,800506
RO,800507
RO,800508
RO,800509
RO,800510
RO,800511
RO,800514
RO,800515
RO,800516
RO,800517
RO,800521
RO,800522
RO,800523
RO,800524
RO,800525
RO,800528
RO,800529
RO,800530
RO,800531
RO,800532
RO,800535
RO,800536
RO,800537
RO,800538
RO,800539
RO,800542
RO,800543
RO,800544
RO,800545
RO,800546
RO,800549
RO,800550
RO,800551
RO,800552
RO,800553
RO,800556
RO,800557
RO,800558
RO,800559
RO,800560
RO,800563
RO,800564
RO,800565
RO,800566
RO,800567
RO,800571
RO,800572
RO,800573
RO,800574
RO,800577
RO,800578
RO,800579
RO,800580
RO,800581
RO,800584
RO,800585
RO,800586
RO,800587
RO,800588
RO,800591
RO,800592
RO,800593
RO,800594
RO,800595
RO,800598
RO,800599
RO,800600
RO,800601
RO,800602
RO,800605
RO,800606
RO,800607
RO,800608
RO,800609
RO,800612
RO,800613
RO,800614
RO,800615
RO,800616
RO,800619
RO,800620
RO,800621
RO,800622
RO,800623
RO,800626
RO,800627
RO,800628
RO,800629
RO,800630
RO,800633
RO,800634
RO,800635
RO,800636
RO,800637
RO,800640
RO,800641
RO,800642
RO,800643
RO,800644
RO,800647
RO,800648
RO,800649
RO,800650
RO,800651
RO,800654
RO,800655
RO,800656
RO,800657
RO,800658
RO,800661
RO,800662
RO,800663
RO,800664
RO,800665
RO,800668
RO,800669
RO,800670
RO,800671
RO,800672
RO,800675
RO,800676
RO,800677
RO,800678
RO,800679
RO,800682
RO,800683
RO,800684
RO,800685
RO,800686
RO,800687
RO,800690
RO,800691
RO,800692
RO,800693
RO,800694
RO,800697
RO,800698
RO,800699
RO,800700
RO,800701
RO,800702
RO,805100
RO,805200
RO,805201
RO,805202
RO,805300
RO,807005
RO,807006
RO,807010
RO,807011
RO,807012
RO,807013
RO,807014
RO,807016
RO,807020
RO,807021
RO,807022
RO,807023
RO,807025
RO,807030
RO,807031
RO,807035
RO,807036
RO,807037
RO,807038
RO,807039
RO,807041
RO,807042
RO,807043
RO,807044
RO,807046
RO,807050
RO,807051
RO,807052
RO,807053
RO,807055
RO,807056
RO,807057
RO,807058
RO,807060
RO,807061
RO,807062
RO,807063
RO,807065
RO,807066
RO,807067
RO,807068
RO,807070
RO,807071
RO,807072
RO,807075
RO,807076
RO,807077
RO,807080
RO,807081
RO,807082
RO,807083
RO,807085
RO,807086
RO,807087
RO,807088
RO,807089
RO,807091
RO,807095
RO,807100
RO,807105
RO,807110
RO,807111
RO,807115
RO,807116
RO,807117
RO,807118
RO,807119
RO,807121
RO,807122
RO,807125
RO,807126
RO,807130
RO,807131
RO,807135
RO,807136
RO,807137
RO,807140
RO,807141
RO,807142
RO,807143
RO,807145
RO,807146
RO,807147
RO,807148
RO,807149
RO,807151
RO,807152
RO,807153
RO,807155
RO,807156
RO,807157
RO,807158
RO,807159
RO,807160
RO,807161
RO,807165
RO,807170
RO,807171
RO,807175
RO,807176
RO,807177
RO,807180
RO,807185
RO,807190
RO,807191
RO,807195
RO,807200
RO,807201
RO,807202
RO,807203
RO,807204
RO,807206
RO,807210
RO,807211
RO,807212
RO,807215
RO,807216
RO,807217
RO,807218
RO,807219
RO,807221
RO,807222
RO,807223
RO,807224
RO,807226
RO,807227
RO,807228
RO,807235
RO,807236
RO,807240
RO,807241
RO,807245
RO,807246
RO,807250
RO,807251
RO,807252
RO,807253
RO,807254
RO,807255
RO,807256
RO,807257
RO,807260
RO,807261
RO,807265
RO,807266
RO,807270
RO,807271
RO,807272
RO,807275
RO,807276
RO,807277
RO,807280
RO,807285
RO,807286
RO,807290
RO,807291
RO,807292
RO,807295
RO,807300
RO,807301
RO,807302
RO,807305
RO,807306
RO,807310
RO,807311
RO,807312
RO,807313
RO,807314
RO,807316
RO,807320
RO,807321
RO,807325
RO,807326
RO,807327
RO,807330
RO,807331
RO,807335
RO,807336
RO,810001
RO,810002
RO,810003
RO,810004
RO,810005
RO,810008
RO,810009
RO,810010
RO,810011
RO,810012
RO,810015
RO,810016
RO,810017
RO,810018
RO,810019
RO,810022
RO,810023
RO,810024
RO,810025
RO,810026
RO,810029
RO,810030
RO,810031
RO,810032
RO,810033
RO,810036
RO,810037
RO,810038
RO,810039
RO,810040
RO,810041
RO,810044
RO,810045
RO,810046
RO,810047
RO,810048
RO,810051
RO,810052
RO,810053
RO,810054
RO,810055
RO,810058
RO,810059
RO,810060
RO,810061
RO,810062
RO,810065
RO,810066
RO,810067
RO,810068
RO,810069
RO,810072
RO,810073
RO,810074
RO,810075
RO,810076
RO,810079
RO,810080
RO,810081
RO,810082
RO,810083
RO,810086
RO,810087
RO,810088
RO,810089
RO,810090
RO,810093
RO,810094
RO,810095
RO,810096
RO,810097
RO,810098
RO,810101
RO,810102
RO,810103
RO,810104
RO,810105
RO,810108
RO,810109
RO,810110
RO,810111
RO,810112
RO,810115
RO,810116
RO,810117
RO,810118
RO,810119
RO,810122
RO,810123
RO,810124
RO,810125
RO,810126
RO,810129
RO,810130
RO,810131
RO,810132
RO,810133
RO,810136
RO,810137
RO,810138
RO,810139
RO,810140
RO,810143
RO,810144
RO,810145
RO,810146
RO,810147
RO,810148
RO,810151
RO,810152
RO,810153
RO,810154
RO,810155
RO,810156
RO,810159
RO,810160
RO,810161
RO,810162
RO,810165
RO,810166
RO,810167
RO,810168
RO,810169
RO,810172
RO,810173
RO,810174
RO,810175
RO,810176
RO,810179
RO,810180
RO,810181
RO,810182
RO,810183
RO,810186
RO,810187
RO,810188
RO,810189
RO,810190
RO,810191
RO,810194
RO,810195
RO,810196
RO,810197
RO,810198
RO,810199
RO,810202
RO,810203
RO,810204
RO,810205
RO,810206
RO,810209
RO,810210
RO,810211
RO,810212
RO,810213
RO,810214
RO,810217
RO,810218
RO,810219
RO,810220
RO,810223
RO,810224
RO,810225
RO,810226
RO,810229
RO,810230
RO,810231
RO,810232
RO,810233
RO,810234
RO,810237
RO,810238
RO,810239
RO,810240
RO,810241
RO,810244
RO,810245
RO,810246
RO,810247
RO,810249
RO,810252
RO,810253
RO,810254
RO,810255
RO,810256
RO,810259
RO,810260
RO,810261
RO,810262
RO,810263
RO,810264
RO,810267
RO,810269
RO,810270
RO,810271
RO,810274
RO,810275
RO,810276
RO,810277
RO,810278
RO,810281
RO,810282
RO,810283
RO,810284
RO,810285
RO,810288
RO,810289
RO,810290
RO,810291
RO,810292
RO,810295
RO,810296
RO,810297
RO,810298
RO,810299
RO,810300
RO,810303
RO,810304
RO,810305
RO,810306
RO,810307
RO,810310
RO,810311
RO,810312
RO,810313
RO,810314
RO,810315
RO,810318
RO,810319
RO,810320
RO,810321
RO,810322
RO,810325
RO,810326
RO,810327
RO,810328
RO,810329
RO,810330
RO,810333
RO,810334
RO,810335
RO,810336
RO,810339
RO,810340
RO,810341
RO,810342
RO,810343
RO,810346
RO,810347
RO,810348
RO,810349
RO,810350
RO,810353
RO,810354
RO,810355
RO,810356
RO,810357
RO,810358
RO,810361
RO,810362
RO,810363
RO,810364
RO,810365
RO,810366
RO,810369
RO,810370
RO,810371
RO,810372
RO,810373
RO,810374
RO,810377
RO,810378
RO,810379
RO,810380
RO,810381
RO,810384
RO,810385
RO,810386
RO,810387
RO,810388
RO,810391
RO,810392
RO,810393
RO,810394
RO,810395
RO,810396
RO,810399
RO,810400
RO,810401
RO,810402
RO,810403
RO,810404
RO,810407
RO,810408
RO,810409
RO,810410
RO,810411
RO,810414
RO,810415
RO,810416
RO,810417
RO,810418
RO,810421
RO,810422
RO,810423
RO,810424
RO,810425
RO,810428
RO,810429
RO,810430
RO,810431
RO,810432
RO,810433
RO,810436
RO,810437
RO,810438
RO,810439
RO,810440
RO,810443
RO,810444
RO,810445
RO,810446
RO,810447
RO,810450
RO,810451
RO,810452
RO,810453
RO,810454
RO,810457
RO,810458
RO,810459
RO,810460
RO,810461
RO,810464
RO,810465
RO,810466
RO,810467
RO,810468
RO,810471
RO,810472
RO,810473
RO,810474
RO,810475
RO,810478
RO,810479
RO,810480
RO,810481
RO,810482
RO,810483
RO,810486
RO,810487
RO,810488
RO,810489
RO,810490
RO,810491
RO,810494
RO,810495
RO,810496
RO,810497
RO,810498
RO,810501
RO,810502
RO,810503
RO,810504
RO,810505
RO,810506
RO,810509
RO,810510
RO,810511
RO,810512
RO,810513
RO,810514
RO,810517
RO,810518
RO,810519
RO,810520
RO,810521
RO,810522
RO,810525
RO,810526
RO,810527
RO,810528
RO,810529
RO,810532
RO,810533
RO,810534
RO,810535
RO,810538
RO,810539
RO,810540
RO,810541
RO,810542
RO,815100
RO,815200
RO,815201
RO,815202
RO,815203
RO,815204
RO,815205
RO,815206
RO,815300
RO,815301
RO,815302
RO,815303
RO,817005
RO,817010
RO,817011
RO,817012
RO,817013
RO,817014
RO,817016
RO,817020
RO,817021
RO,817022
RO,817023
RO,817025
RO,817026
RO,817027
RO,817030
RO,817031
RO,817032
RO,817033
RO,817035
RO,817036
RO,817037
RO,817038
RO,817039
RO,817040
RO,817041
RO,817042
RO,817045
RO,817046
RO,817047
RO,817048
RO,817049
RO,817051
RO,817055
RO,817056
RO,817057
RO,817058
RO,817059
RO,817060
RO,817061
RO,817065
RO,817066
RO,817067
RO,817070
RO,817075
RO,817076
RO,817080
RO,817081
RO,817082
RO,817083
RO,817084
RO,817086
RO,817090
RO,817091
RO,817092
RO,817093
RO,817094
RO,817095
RO,817096
RO,817100
RO,817101
RO,817102
RO,817105
RO,817106
RO,817107
RO,817110
RO,817111
RO,817112
RO,817113
RO,817115
RO,817116
RO,817120
RO,817121
RO,817122
RO,817123
RO,817125
RO,817126
RO,817127
RO,817128
RO,817129
RO,817130
RO,817131
RO,817132
RO,817133
RO,817134
RO,817136
RO,817140
RO,817141
RO,817142
RO,817143
RO,817144
RO,817146
RO,817150
RO,817151
RO,817152
RO,817153
RO,817155
RO,817156
RO,817160
RO,817161
RO,817162
RO,817163
RO,817165
RO,817166
RO,817170
RO,817171
RO,817175
RO,817176
RO,817177
RO,817178
RO,817180
RO,817181
RO,817182
RO,817183
RO,817185
RO,817190
RO,817191
RO,817195
RO,817196
RO,817197
RO,817200
RO,817201
RO,817202
RO,817205
RO,817206
RO,817210
RO,817211
RO,817212
RO,817215
RO,817216
RO,817220
RO,817221
RO,820001
RO,820002
RO,820003
RO,820004
RO,820005
RO,820006
RO,820007
RO,820009
RO,820010
RO,820011
RO,820012
RO,820013
RO,820014
RO,820017
RO,820018
RO,820019
RO,820020
RO,820021
RO,820022
RO,820025
RO,820026
RO,820027
RO,820028
RO,820029
RO,820030
RO,820033
RO,820034
RO,820035
RO,820036
RO,820037
RO,820040
RO,820041
RO,820042
RO,820043
RO,820044
RO,820045
RO,820048
RO,820049
RO,820050
RO,820051
RO,820052
RO,820053
RO,820056
RO,820057
RO,820058
RO,820059
RO,820060
RO,820061
RO,820064
RO,820065
RO,820066
RO,820067
RO,820068
RO,820069
RO,820072
RO,820073
RO,820074
RO,820075
RO,820076
RO,820077
RO,820078
RO,820080
RO,820081
RO,820082
RO,820085
RO,820086
RO,820087
RO,820088
RO,820089
RO,820091
RO,820092
RO,820093
RO,820094
RO,820095
RO,820096
RO,820097
RO,820098
RO,820099
RO,820100
RO,820101
RO,820103
RO,820106
RO,820107
RO,820108
RO,820109
RO,820112
RO,820113
RO,820114
RO,820115
RO,820116
RO,820119
RO,820120
RO,820121
RO,820122
RO,820123
RO,820126
RO,820127
RO,820128
RO,820129
RO,820130
RO,820131
RO,820134
RO,820135
RO,820136
RO,820137
RO,820138
RO,820139
RO,820142
RO,820143
RO,820144
RO,820145
RO,820146
RO,820147
RO,820150
RO,820151
RO,820152
RO,820153
RO,820155
RO,820156
RO,820157
RO,820158
RO,820159
RO,820160
RO,820161
RO,820164
RO,820165
RO,820166
RO,820167
RO,820168
RO,820169
RO,820172
RO,820173
RO,820174
RO,820175
RO,820176
RO,820177
RO,820180
RO,820181
RO,820182
RO,820183
RO,820184
RO,820185
RO,820187
RO,820188
RO,820189
RO,820190
RO,820191
RO,820192
RO,820195
RO,820196
RO,820197
RO,820198
RO,820199
RO,820200
RO,820203
RO,820204
RO,820205
RO,820206
RO,820207
RO,820208
RO,820211
RO,820212
RO,820213
RO,820214
RO,820215
RO,820216
RO,820219
RO,820220
RO,820221
RO,820222
RO,820226
RO,820227
RO,820228
RO,820229
RO,820230
RO,820233
RO,820234
RO,820235
RO,820236
RO,820237
RO,820238
RO,820241
RO,820242
RO,820243
RO,820244
RO,820245
RO,820246
RO,820247
RO,820248
RO,820249
RO,825100
RO,825200
RO,825201
RO,825202
RO,825300
RO,825400
RO,827005
RO,827006
RO,827007
RO,827008
RO,827009
RO,827010
RO,827011
RO,827012
RO,827015
RO,827016
RO,827017
RO,827018
RO,827019
RO,827020
RO,827025
RO,827026
RO,827027
RO,827028
RO,827029
RO,827031
RO,827032
RO,827035
RO,827036
RO,827040
RO,827041
RO,827042
RO,827043
RO,827045
RO,827046
RO,827047
RO,827048
RO,827050
RO,827051
RO,827052
RO,827053
RO,827055
RO,827056
RO,827057
RO,827060
RO,827061
RO,827062
RO,827065
RO,827070
RO,827071
RO,827072
RO,827073
RO,827074
RO,827075
RO,827076
RO,827077
RO,827078
RO,827080
RO,827085
RO,827090
RO,827091
RO,827092
RO,827093
RO,827095
RO,827096
RO,827097
RO,827100
RO,827105
RO,827106
RO,827107
RO,827108
RO,827110
RO,827111
RO,827115
RO,827116
RO,827117
RO,827120
RO,827121
RO,827125
RO,827130
RO,827131
RO,827132
RO,827133
RO,827135
RO,827136
RO,827137
RO,827138
RO,827139
RO,827140
RO,827141
RO,827142
RO,827145
RO,827146
RO,827147
RO,827150
RO,827151
RO,827152
RO,827153
RO,827154
RO,827156
RO,827157
RO,827160
RO,827161
RO,827162
RO,827165
RO,827170
RO,827171
RO,827172
RO,827173
RO,827175
RO,827176
RO,827180
RO,827185
RO,827190
RO,827191
RO,827192
RO,827193
RO,827194
RO,827195
RO,827200
RO,827201
RO,827205
RO,827210
RO,827211
RO,827212
RO,827215
RO,827216
RO,827217
RO,827220
RO,827221
RO,827222
RO,827223
RO,827224
RO,827226
RO,827227
RO,827230
RO,827235
RO,827236
RO,827237
RO,900001
RO,900002
RO,900003
RO,900004
RO,900005
RO,900006
RO,900007
RO,900008
RO,900012
RO,900013
RO,900014
RO,900015
RO,900016
RO,900020
RO,900021
RO,900022
RO,900023
RO,900024
RO,900025
RO,900026
RO,900027
RO,900028
RO,900029
RO,900030
RO,900031
RO,900032
RO,900033
RO,900034
RO,900035
RO,900036
RO,900037
RO,900038
RO,900039
RO,900040
RO,900041
RO,900042
RO,900043
RO,900044
RO,900045
RO,900046
RO,900047
RO,900048
RO,900049
RO,900050
RO,900051
RO,900055
RO,900056
RO,900057
RO,900058
RO,900062
RO,900063
RO,900064
RO,900068
RO,900069
RO,900070
RO,900075
RO,900076
RO,900077
RO,900082
RO,900083
RO,900088
RO,900089
RO,900090
RO,900091
RO,900095
RO,900096
RO,900097
RO,900102
RO,900103
RO,900104
RO,900105
RO,900109
RO,900110
RO,900111
RO,900116
RO,900117
RO,900118
RO,900119
RO,900122
RO,900123
RO,900124
RO,900125
RO,900130
RO,900131
RO,900132
RO,900133
RO,900137
RO,900138
RO,900139
RO,900140
RO,900144
RO,900145
RO,900146
RO,900147
RO,900152
RO,900153
RO,900154
RO,900155
RO,900160
RO,900161
RO,900162
RO,900167
RO,900168
RO,900169
RO,900170
RO,900175
RO,900176
RO,900177
RO,900178
RO,900182
RO,900183
RO,900184
RO,900189
RO,900190
RO,900191
RO,900196
RO,900197
RO,900198
RO,900199
RO,900203
RO,900204
RO,900205
RO,900206
RO,900210
RO,900211
RO,900212
RO,900217
RO,900218
RO,900219
RO,900224
RO,900225
RO,900226
RO,900227
RO,900228
RO,900229
RO,900233
RO,900234
RO,900235
RO,900236
RO,900237
RO,900238
RO,900241
RO,900242
RO,900243
RO,900247
RO,900248
RO,900249
RO,900250
RO,900251
RO,900255
RO,900256
RO,900257
RO,900258
RO,900259
RO,900263
RO,900264
RO,900265
RO,900266
RO,900270
RO,900271
RO,900272
RO,900273
RO,900277
RO,900278
RO,900279
RO,900280
RO,900284
RO,900285
RO,900286
RO,900287
RO,900292
RO,900293
RO,900294
RO,900295
RO,900299
RO,900300
RO,900301
RO,900302
RO,900303
RO,900307
RO,900308
RO,900309
RO,900310
RO,900311
RO,900316
RO,900317
RO,900318
RO,900319
RO,900320
RO,900326
RO,900327
RO,900328
RO,900329
RO,900330
RO,900337
RO,900338
RO,900339
RO,900340
RO,900341
RO,900345
RO,900346
RO,900347
RO,900348
RO,900349
RO,900350
RO,900354
RO,900355
RO,900356
RO,900357
RO,900362
RO,900363
RO,900364
RO,900365
RO,900366
RO,900367
RO,900371
RO,900372
RO,900373
RO,900374
RO,900375
RO,900376
RO,900377
RO,900378
RO,900379
RO,900380
RO,900382
RO,900383
RO,900384
RO,900388
RO,900389
RO,900390
RO,900394
RO,900395
RO,900396
RO,900402
RO,900403
RO,900407
RO,900408
RO,900409
RO,900412
RO,900413
RO,900414
RO,900415
RO,900419
RO,900420
RO,900421
RO,900426
RO,900427
RO,900432
RO,900433
RO,900434
RO,900438
RO,900439
RO,900440
RO,900455
RO,900456
RO,900457
RO,900462
RO,900463
RO,900464
RO,900469
RO,900470
RO,900471
RO,900472
RO,900476
RO,900477
RO,900478
RO,900482
RO,900483
RO,900487
RO,900488
RO,900489
RO,900493
RO,900494
RO,900497
RO,900498
RO,900502
RO,900503
RO,900504
RO,900507
RO,900508
RO,900511
RO,900512
RO,900513
RO,900514
RO,900517
RO,900518
RO,900519
RO,900520
RO,900524
RO,900525
RO,900526
RO,900527
RO,900532
RO,900533
RO,900534
RO,900538
RO,900539
RO,900540
RO,900544
RO,900545
RO,900546
RO,900552
RO,900553
RO,900554
RO,900559
RO,900560
RO,900561
RO,900562
RO,900565
RO,900566
RO,900567
RO,900572
RO,900573
RO,900574
RO,900575
RO,900580
RO,900581
RO,900587
RO,900588
RO,900589
RO,900590
RO,900591
RO,900592
RO,900597
RO,900598
RO,900599
RO,900600
RO,900604
RO,900605
RO,900606
RO,900607
RO,900608
RO,900612
RO,900613
RO,900614
RO,900615
RO,900619
RO,900620
RO,900621
RO,900622
RO,900627
RO,900628
RO,900629
RO,900630
RO,900634
RO,900635
RO,900636
RO,900642
RO,900643
RO,900647
RO,900648
RO,900649
RO,900652
RO,900653
RO,900654
RO,900657
RO,900658
RO,900659
RO,900663
RO,900664
RO,900665
RO,900669
RO,900670
RO,900673
RO,900674
RO,900675
RO,900676
RO,900682
RO,900683
RO,900684
RO,900685
RO,900690
RO,900691
RO,900692
RO,900693
RO,900696
RO,900697
RO,900698
RO,900699
RO,900702
RO,900703
RO,900704
RO,900705
RO,900709
RO,900710
RO,900711
RO,900716
RO,900717
RO,900720
RO,900721
RO,900725
RO,900726
RO,900727
RO,900728
RO,900732
RO,900733
RO,900734
RO,900735
RO,900742
RO,900743
RO,900744
RO,900745
RO,900746
RO,905100
RO,905101
RO,905200
RO,905300
RO,905350
RO,905360
RO,905400
RO,905401
RO,905500
RO,905501
RO,905502
RO,905503
RO,905504
RO,905550
RO,905560
RO,905600
RO,905601
RO,905602
RO,905700
RO,905701
RO,905800
RO,905801
RO,905802
RO,905803
RO,905900
RO,905901
RO,905902
RO,906100
RO,907005
RO,907006
RO,907007
RO,907010
RO,907011
RO,907012
RO,907013
RO,907014
RO,907015
RO,907016
RO,907017
RO,907018
RO,907020
RO,907021
RO,907022
RO,907023
RO,907024
RO,907025
RO,907026
RO,907027
RO,907028
RO,907030
RO,907031
RO,907032
RO,907035
RO,907036
RO,907037
RO,907038
RO,907040
RO,907041
RO,907042
RO,907045
RO,907046
RO,907047
RO,907048
RO,907050
RO,907051
RO,907052
RO,907055
RO,907056
RO,907060
RO,907061
RO,907065
RO,907066
RO,907067
RO,907068
RO,907069
RO,907070
RO,907071
RO,907072
RO,907073
RO,907074
RO,907076
RO,907080
RO,907081
RO,907082
RO,907085
RO,907086
RO,907087
RO,907090
RO,907091
RO,907095
RO,907096
RO,907097
RO,907098
RO,907099
RO,907101
RO,907105
RO,907106
RO,907110
RO,907111
RO,907112
RO,907113
RO,907115
RO,907116
RO,907117
RO,907118
RO,907119
RO,907121
RO,907125
RO,907126
RO,907130
RO,907135
RO,907140
RO,907141
RO,907142
RO,907145
RO,907146
RO,907147
RO,907148
RO,907149
RO,907150
RO,907151
RO,907152
RO,907153
RO,907154
RO,907155
RO,907156
RO,907160
RO,907161
RO,907162
RO,907163
RO,907165
RO,907166
RO,907167
RO,907168
RO,907169
RO,907171
RO,907172
RO,907175
RO,907176
RO,907177
RO,907180
RO,907181
RO,907182
RO,907183
RO,907184
RO,907186
RO,907190
RO,907191
RO,907195
RO,907196
RO,907197
RO,907200
RO,907201
RO,907202
RO,907203
RO,907204
RO,907206
RO,907207
RO,907210
RO,907211
RO,907215
RO,907216
RO,907217
RO,907218
RO,907220
RO,907221
RO,907222
RO,907223
RO,907224
RO,907226
RO,907230
RO,907231
RO,907232
RO,907233
RO,907234
RO,907235
RO,907236
RO,907240
RO,907241
RO,907242
RO,907243
RO,907244
RO,907245
RO,907246
RO,907250
RO,907251
RO,907255
RO,907256
RO,907257
RO,907260
RO,907261
RO,907265
RO,907266
RO,907267
RO,907270
RO,907271
RO,907275
RO,907276
RO,907277
RO,907278
RO,907279
RO,907280
RO,907281
RO,907285
RO,907286
RO,907287
RO,907288
RO,907290
RO,907291
RO,907295
RO,907300
RO,907305
RO,910001
RO,910002
RO,910003
RO,910004
RO,910005
RO,910010
RO,910011
RO,910012
RO,910013
RO,910014
RO,910019
RO,910020
RO,910021
RO,910022
RO,910023
RO,910024
RO,910025
RO,910026
RO,910027
RO,910028
RO,910029
RO,910030
RO,910031
RO,910032
RO,910033
RO,910034
RO,910035
RO,910036
RO,910040
RO,910041
RO,910042
RO,910043
RO,910044
RO,910045
RO,910048
RO,910049
RO,910050
RO,910051
RO,910052
RO,910053
RO,910054
RO,910058
RO,910059
RO,910060
RO,910061
RO,910062
RO,910067
RO,910068
RO,910069
RO,910070
RO,910071
RO,910077
RO,910078
RO,910079
RO,910080
RO,910081
RO,910085
RO,910086
RO,910087
RO,910088
RO,910089
RO,910093
RO,910094
RO,910095
RO,910096
RO,910097
RO,910098
RO,910102
RO,910103
RO,910104
RO,910105
RO,910110
RO,910111
RO,910112
RO,910113
RO,910114
RO,910115
RO,910116
RO,910117
RO,910118
RO,910119
RO,910120
RO,910125
RO,910126
RO,910127
RO,910128
RO,910129
RO,910130
RO,910131
RO,910132
RO,910134
RO,910135
RO,910136
RO,910137
RO,910138
RO,910139
RO,910144
RO,910145
RO,910146
RO,910147
RO,910148
RO,910149
RO,910153
RO,910154
RO,910155
RO,910156
RO,910157
RO,910158
RO,910160
RO,910161
RO,910162
RO,910163
RO,910164
RO,910165
RO,915100
RO,915101
RO,915102
RO,915103
RO,915104
RO,915200
RO,915201
RO,915202
RO,915300
RO,915301
RO,915302
RO,915303
RO,915400
RO,917005
RO,917006
RO,917007
RO,917010
RO,917011
RO,917012
RO,917013
RO,917014
RO,917015
RO,917020
RO,917025
RO,917030
RO,917035
RO,917040
RO,917041
RO,917045
RO,917046
RO,917047
RO,917050
RO,917051
RO,917052
RO,917053
RO,917055
RO,917056
RO,917057
RO,917058
RO,917059
RO,917061
RO,917065
RO,917066
RO,917067
RO,917080
RO,917081
RO,917082
RO,917083
RO,917085
RO,917086
RO,917087
RO,917090
RO,917091
RO,917092
RO,917093
RO,917094
RO,917096
RO,917100
RO,917101
RO,917102
RO,917103
RO,917104
RO,917106
RO,917110
RO,917115
RO,917116
RO,917117
RO,917118
RO,917120
RO,917121
RO,917122
RO,917123
RO,917124
RO,917126
RO,917130
RO,917131
RO,917132
RO,917133
RO,917134
RO,917136
RO,917137
RO,917138
RO,917139
RO,917140
RO,917141
RO,917142
RO,917145
RO,917146
RO,917147
RO,917150
RO,917151
RO,917155
RO,917156
RO,917160
RO,917161
RO,917162
RO,917163
RO,917165
RO,917170
RO,917171
RO,917172
RO,917175
RO,917176
RO,917177
RO,917180
RO,917181
RO,917182
RO,917183
RO,917185
RO,917190
RO,917191
RO,917192
RO,917195
RO,917196
RO,917197
RO,917200
RO,917201
RO,917202
RO,917203
RO,917205
RO,917206
RO,917210
RO,917215
RO,917216
RO,917217
RO,917218
RO,917219
RO,917221
RO,917222
RO,917225
RO,917226
RO,917230
RO,917231
RO,917232
RO,917235
RO,917236
RO,917240
RO,917245
RO,917250
RO,917251
RO,917252
RO,917253
RO,917254
RO,917256
RO,917257
RO,917260
RO,917265
RO,917266
RO,917267
RO,917268
RO,917270
RO,917271
RO,917275
RO,917276
RO,917277
RO,917278
RO,917279
RO,917280
RO,917281
RO,917282
RO,917285
RO,917290
RO,917291
RO,917295
RO,917296
RO,920001
RO,920002
RO,920003
RO,920004
RO,920005
RO,920006
RO,920007
RO,920012
RO,920013
RO,920014
RO,920015
RO,920016
RO,920017
RO,920018
RO,920022
RO,920023
RO,920024
RO,920025
RO,920030
RO,920031
RO,920032
RO,920033
RO,920034
RO,920035
RO,920036
RO,920041
RO,920042
RO,920043
RO,920044
RO,920049
RO,920050
RO,920051
RO,920055
RO,920056
RO,920057
RO,920058
RO,920063
RO,920064
RO,920065
RO,920066
RO,920072
RO,920073
RO,920074
RO,920075
RO,920080
RO,920081
RO,920082
RO,920083
RO,920084
RO,920085
RO,920086
RO,920087
RO,920092
RO,920093
RO,920094
RO,920095
RO,920096
RO,925100
RO,925101
RO,925102
RO,925150
RO,925200
RO,925300
RO,927005
RO,927006
RO,927010
RO,927011
RO,927012
RO,927013
RO,927015
RO,927020
RO,927021
RO,927025
RO,927026
RO,927030
RO,927031
RO,927032
RO,927033
RO,927035
RO,927036
RO,927037
RO,927040
RO,927041
RO,927042
RO,927043
RO,927044
RO,927045
RO,927046
RO,927050
RO,927051
RO,927055
RO,927056
RO,927057
RO,927058
RO,927060
RO,927061
RO,927065
RO,927070
RO,927071
RO,927075
RO,927076
RO,927077
RO,927078
RO,927080
RO,927081
RO,927082
RO,927083
RO,927085
RO,927086
RO,927090
RO,927091
RO,927092
RO,927095
RO,927096
RO,927097
RO,927100
RO,927101
RO,927102
RO,927103
RO,927104
RO,927105
RO,927106
RO,927107
RO,927110
RO,927111
RO,927115
RO,927116
RO,927117
RO,927118
RO,927120
RO,927125
RO,927130
RO,927135
RO,927140
RO,927145
RO,927146
RO,927147
RO,927150
RO,927151
RO,927155
RO,927156
RO,927160
RO,927165
RO,927166
RO,927167
RO,927168
RO,927170
RO,927171
RO,927172
RO,927175
RO,927176
RO,927180
RO,927181
RO,927182
RO,927183
RO,927185
RO,927190
RO,927191
RO,927192
RO,927193
RO,927194
RO,927195
RO,927196
RO,927197
RO,927198
RO,927200
RO,927201
RO,927205
RO,927206
RO,927207
RO,927208
RO,927210
RO,927211
RO,927215
RO,927216
RO,927217
RO,927220
RO,927221
RO,927222
RO,927223
RO,927224
RO,927226
RO,927230
RO,927231
RO,927232
RO,927235
RO,927236
RO,927240
RO,927241
RO,927242
RO,927243
RO,927245
RO,927246
RO,927250
