country_code,code
SE,100 04
SE,100 05
SE,100 12
SE,100 19
SE,100 26
SE,100 28
SE,100 29
SE,100 31
SE,100 40
SE,100 41
SE,100 44
SE,100 52
SE,100 54
SE,100 55
SE,100 61
SE,100 64
SE,100 73
SE,100 74
SE,101 01
SE,101 10
SE,101 20
SE,101 21
SE,101 22
SE,101 23
SE,101 24
SE,101 25
SE,101 26
SE,101 27
SE,101 28
SE,101 29
SE,101 30
SE,101 31
SE,101 32
SE,101 33
SE,101 34
SE,101 35
SE,101 36
SE,101 37
SE,101 38
SE,101 39
SE,101 52
SE,101 53
SE,101 54
SE,101 55
SE,101 56
SE,101 58
SE,101 59
SE,102 04
SE,102 14
SE,102 15
SE,102 16
SE,102 17
SE,102 18
SE,102 20
SE,102 21
SE,102 22
SE,102 23
SE,102 24
SE,102 25
SE,102 26
SE,102 27
SE,102 28
SE,102 29
SE,102 30
SE,102 31
SE,102 32
SE,102 33
SE,102 34
SE,102 35
SE,102 39
SE,102 40
SE,102 41
SE,102 42
SE,102 43
SE,102 44
SE,102 45
SE,102 46
SE,102 47
SE,102 48
SE,102 49
SE,102 50
SE,102 51
SE,102 52
SE,102 53
SE,102 54
SE,102 60
SE,102 61
SE,102 62
SE,102 63
SE,102 64
SE,102 65
SE,102 66
SE,102 67
SE,102 68
SE,102 69
SE,102 70
SE,102 71
SE,102 72
SE,102 73
SE,102 74
SE,103 01
SE,103 02
SE,103 03
SE,103 04
SE,103 05
SE,103 06
SE,103 07
SE,103 10
SE,103 11
SE,103 12
SE,103 13
SE,103 14
SE,103 15
SE,103 16
SE,103 17
SE,103 18
SE,103 20
SE,103 21
SE,103 22
SE,103 23
SE,103 24
SE,103 25
SE,103 26
SE,103 27
SE,103 29
SE,103 32
SE,103 33
SE,103 34
SE,103 35
SE,103 36
SE,103 37
SE,103 38
SE,103 39
SE,103 50
SE,103 51
SE,103 52
SE,103 54
SE,103 55
SE,103 59
SE,103 60
SE,103 61
SE,103 62
SE,103 63
SE,103 64
SE,103 65
SE,103 66
SE,103 67
SE,103 68
SE,103 69
SE,103 70
SE,103 71
SE,103 72
SE,103 73
SE,103 74
SE,103 75
SE,103 76
SE,103 77
SE,103 78
SE,103 79
SE,103 80
SE,103 82
SE,103 83
SE,103 84
SE,103 85
SE,103 86
SE,103 87
SE,103 88
SE,103 89
SE,103 90
SE,103 91
SE,103 92
SE,103 93
SE,103 94
SE,103 95
SE,103 96
SE,103 97
SE,103 98
SE,103 99
SE,104 05
SE,104 06
SE,104 20
SE,104 22
SE,104 25
SE,104 30
SE,104 31
SE,104 32
SE,104 35
SE,104 40
SE,104 41
SE,104 50
SE,104 51
SE,104 55
SE,104 60
SE,104 62
SE,104 65
SE,105 00
SE,105 04
SE,105 06
SE,105 07
SE,105 09
SE,105 10
SE,105 11
SE,105 12
SE,105 15
SE,105 16
SE,105 17
SE,105 18
SE,105 19
SE,105 20
SE,105 21
SE,105 22
SE,105 23
SE,105 24
SE,105 25
SE,105 26
SE,105 30
SE,105 31
SE,105 32
SE,105 33
SE,105 34
SE,105 35
SE,105 36
SE,105 39
SE,105 40
SE,105 44
SE,105 45
SE,105 46
SE,105 47
SE,105 49
SE,105 50
SE,105 52
SE,105 53
SE,105 60
SE,105 61
SE,105 69
SE,105 70
SE,105 71
SE,105 73
SE,105 74
SE,105 78
SE,105 80
SE,105 82
SE,105 83
SE,105 88
SE,105 99
SE,106 00
SE,106 10
SE,106 11
SE,106 12
SE,106 14
SE,106 18
SE,106 20
SE,106 26
SE,106 27
SE,106 29
SE,106 30
SE,106 31
SE,106 32
SE,106 35
SE,106 36
SE,106 37
SE,106 38
SE,106 40
SE,106 42
SE,106 43
SE,106 44
SE,106 45
SE,106 47
SE,106 48
SE,106 50
SE,106 53
SE,106 54
SE,106 55
SE,106 56
SE,106 57
SE,106 58
SE,106 60
SE,106 61
SE,106 63
SE,106 64
SE,106 65
SE,106 66
SE,106 67
SE,106 70
SE,106 75
SE,106 77
SE,106 78
SE,106 80
SE,106 82
SE,106 85
SE,106 88
SE,106 91
SE,107 00
SE,107 07
SE,107 10
SE,107 21
SE,107 22
SE,107 23
SE,107 24
SE,107 25
SE,107 26
SE,107 60
SE,107 67
SE,107 68
SE,107 69
SE,107 70
SE,107 72
SE,107 75
SE,107 76
SE,107 77
SE,107 80
SE,107 81
SE,107 82
SE,107 85
SE,107 86
SE,107 88
SE,107 90
SE,107 91
SE,107 95
SE,107 96
SE,109 00
SE,109 01
SE,109 02
SE,109 03
SE,109 04
SE,109 05
SE,109 06
SE,109 07
SE,109 08
SE,109 09
SE,109 10
SE,109 11
SE,109 12
SE,109 13
SE,109 14
SE,109 15
SE,109 16
SE,109 17
SE,109 18
SE,109 19
SE,109 20
SE,109 21
SE,109 22
SE,109 23
SE,109 24
SE,109 25
SE,109 26
SE,109 27
SE,109 28
SE,109 29
SE,109 30
SE,109 31
SE,109 32
SE,109 33
SE,109 34
SE,109 35
SE,109 36
SE,109 37
SE,109 38
SE,109 39
SE,109 40
SE,109 41
SE,109 42
SE,109 43
SE,109 44
SE,109 45
SE,109 46
SE,109 47
SE,109 48
SE,109 49
SE,109 50
SE,109 51
SE,109 52
SE,109 53
SE,109 54
SE,109 55
SE,109 56
SE,109 57
SE,109 58
SE,109 59
SE,109 60
SE,109 61
SE,109 62
SE,109 63
SE,109 64
SE,109 65
SE,109 66
SE,109 67
SE,109 68
SE,109 69
SE,109 70
SE,109 71
SE,109 72
SE,109 73
SE,109 74
SE,109 75
SE,109 76
SE,109 77
SE,109 78
SE,109 79
SE,109 80
SE,109 81
SE,109 82
SE,109 83
SE,109 84
SE,109 85
SE,109 86
SE,109 87
SE,109 88
SE,109 89
SE,109 90
SE,109 91
SE,109 92
SE,109 93
SE,109 94
SE,109 95
SE,109 96
SE,109 97
SE,109 98
SE,109 99
SE,110 00
SE,110 01
SE,110 02
SE,110 03
SE,110 04
SE,110 05
SE,110 06
SE,110 07
SE,110 08
SE,110 09
SE,110 10
SE,110 11
SE,110 12
SE,110 13
SE,110 15
SE,110 16
SE,110 17
SE,110 19
SE,110 20
SE,110 22
SE,110 23
SE,110 25
SE,110 26
SE,110 27
SE,110 29
SE,110 30
SE,110 34
SE,110 37
SE,110 39
SE,110 43
SE,110 45
SE,110 46
SE,110 49
SE,110 50
SE,110 51
SE,110 52
SE,110 53
SE,110 54
SE,110 55
SE,110 56
SE,110 57
SE,110 58
SE,110 59
SE,110 60
SE,110 69
SE,110 70
SE,110 75
SE,110 76
SE,110 77
SE,110 78
SE,110 79
SE,110 80
SE,110 81
SE,110 82
SE,110 83
SE,110 84
SE,110 85
SE,110 86
SE,110 87
SE,110 88
SE,110 89
SE,110 90
SE,110 91
SE,110 92
SE,110 93
SE,110 94
SE,110 95
SE,110 96
SE,110 97
SE,110 98
SE,110 99
SE,111 01
SE,111 02
SE,111 15
SE,111 20
SE,111 21
SE,111 22
SE,111 23
SE,111 24
SE,111 27
SE,111 28
SE,111 29
SE,111 30
SE,111 31
SE,111 34
SE,111 35
SE,111 36
SE,111 37
SE,111 38
SE,111 39
SE,111 40
SE,111 43
SE,111 44
SE,111 45
SE,111 46
SE,111 47
SE,111 48
SE,111 49
SE,111 51
SE,111 52
SE,111 53
SE,111 56
SE,111 57
SE,111 60
SE,111 61
SE,111 64
SE,111 71
SE,111 73
SE,111 74
SE,111 75
SE,111 76
SE,111 77
SE,111 81
SE,111 82
SE,111 83
SE,111 84
SE,111 85
SE,111 86
SE,111 87
SE,111 88
SE,111 89
SE,111 91
SE,111 92
SE,111 93
SE,111 94
SE,111 95
SE,111 96
SE,111 97
SE,111 98
SE,111 99
SE,112 01
SE,112 02
SE,112 03
SE,112 04
SE,112 06
SE,112 13
SE,112 14
SE,112 15
SE,112 16
SE,112 17
SE,112 18
SE,112 19
SE,112 20
SE,112 21
SE,112 22
SE,112 23
SE,112 24
SE,112 25
SE,112 26
SE,112 27
SE,112 28
SE,112 29
SE,112 30
SE,112 31
SE,112 32
SE,112 33
SE,112 34
SE,112 35
SE,112 36
SE,112 37
SE,112 38
SE,112 39
SE,112 40
SE,112 41
SE,112 42
SE,112 43
SE,112 44
SE,112 45
SE,112 46
SE,112 47
SE,112 48
SE,112 49
SE,112 50
SE,112 51
SE,112 52
SE,112 53
SE,112 54
SE,112 55
SE,112 56
SE,112 57
SE,112 58
SE,112 59
SE,112 60
SE,112 61
SE,112 62
SE,112 63
SE,112 64
SE,112 65
SE,112 66
SE,112 67
SE,112 69
SE,112 72
SE,112 73
SE,112 74
SE,112 75
SE,112 76
SE,112 77
SE,112 78
SE,112 79
SE,112 80
SE,112 81
SE,112 82
SE,112 83
SE,112 84
SE,112 85
SE,112 86
SE,112 87
SE,112 88
SE,112 89
SE,112 92
SE,112 93
SE,112 94
SE,112 96
SE,112 97
SE,112 98
SE,113 01
SE,113 02
SE,113 03
SE,113 04
SE,113 20
SE,113 21
SE,113 22
SE,113 23
SE,113 24
SE,113 25
SE,113 26
SE,113 27
SE,113 28
SE,113 29
SE,113 30
SE,113 31
SE,113 32
SE,113 33
SE,113 34
SE,113 35
SE,113 36
SE,113 37
SE,113 38
SE,113 39
SE,113 40
SE,113 41
SE,113 42
SE,113 43
SE,113 44
SE,113 45
SE,113 46
SE,113 47
SE,113 48
SE,113 49
SE,113 50
SE,113 51
SE,113 52
SE,113 53
SE,113 54
SE,113 55
SE,113 56
SE,113 57
SE,113 58
SE,113 59
SE,113 60
SE,113 61
SE,113 62
SE,113 63
SE,113 64
SE,113 65
SE,113 66
SE,113 67
SE,113 68
SE,113 69
SE,113 76
SE,113 78
SE,113 79
SE,113 80
SE,113 81
SE,113 82
SE,113 83
SE,113 84
SE,113 85
SE,113 86
SE,113 87
SE,113 88
SE,113 89
SE,113 90
SE,113 91
SE,113 92
SE,113 93
SE,113 94
SE,113 95
SE,113 96
SE,113 97
SE,113 98
SE,113 99
SE,114 01
SE,114 02
SE,114 11
SE,114 15
SE,114 16
SE,114 17
SE,114 18
SE,114 19
SE,114 20
SE,114 21
SE,114 22
SE,114 23
SE,114 24
SE,114 25
SE,114 26
SE,114 27
SE,114 28
SE,114 29
SE,114 30
SE,114 31
SE,114 32
SE,114 33
SE,114 34
SE,114 35
SE,114 36
SE,114 37
SE,114 38
SE,114 39
SE,114 40
SE,114 41
SE,114 42
SE,114 43
SE,114 44
SE,114 45
SE,114 46
SE,114 47
SE,114 48
SE,114 49
SE,114 50
SE,114 51
SE,114 52
SE,114 53
SE,114 54
SE,114 55
SE,114 56
SE,114 57
SE,114 58
SE,114 59
SE,114 60
SE,114 73
SE,114 75
SE,114 76
SE,114 78
SE,114 79
SE,114 80
SE,114 81
SE,114 82
SE,114 83
SE,114 84
SE,114 85
SE,114 86
SE,114 87
SE,114 88
SE,114 89
SE,114 90
SE,114 92
SE,114 94
SE,114 95
SE,114 97
SE,114 98
SE,114 99
SE,115 01
SE,115 02
SE,115 20
SE,115 21
SE,115 22
SE,115 23
SE,115 24
SE,115 25
SE,115 26
SE,115 27
SE,115 28
SE,115 29
SE,115 30
SE,115 31
SE,115 32
SE,115 33
SE,115 34
SE,115 35
SE,115 36
SE,115 37
SE,115 38
SE,115 39
SE,115 40
SE,115 41
SE,115 42
SE,115 43
SE,115 44
SE,115 45
SE,115 46
SE,115 47
SE,115 48
SE,115 49
SE,115 50
SE,115 51
SE,115 53
SE,115 56
SE,115 57
SE,115 58
SE,115 59
SE,115 60
SE,115 71
SE,115 73
SE,115 74
SE,115 76
SE,115 77
SE,115 78
SE,115 79
SE,115 80
SE,115 82
SE,115 83
SE,115 84
SE,115 87
SE,115 88
SE,115 89
SE,115 90
SE,115 91
SE,115 92
SE,115 93
SE,115 94
SE,115 95
SE,115 96
SE,115 97
SE,115 99
SE,116 01
SE,116 18
SE,116 20
SE,116 21
SE,116 22
SE,116 23
SE,116 24
SE,116 25
SE,116 28
SE,116 29
SE,116 30
SE,116 31
SE,116 32
SE,116 33
SE,116 34
SE,116 35
SE,116 36
SE,116 37
SE,116 38
SE,116 39
SE,116 40
SE,116 41
SE,116 42
SE,116 43
SE,116 44
SE,116 45
SE,116 46
SE,116 47
SE,116 48
SE,116 49
SE,116 61
SE,116 62
SE,116 63
SE,116 64
SE,116 65
SE,116 66
SE,116 67
SE,116 68
SE,116 74
SE,116 81
SE,116 85
SE,116 88
SE,116 91
SE,116 92
SE,116 93
SE,116 94
SE,117 01
SE,117 05
SE,117 18
SE,117 26
SE,117 27
SE,117 28
SE,117 29
SE,117 30
SE,117 31
SE,117 32
SE,117 33
SE,117 34
SE,117 35
SE,117 36
SE,117 37
SE,117 38
SE,117 39
SE,117 40
SE,117 41
SE,117 43
SE,117 50
SE,117 54
SE,117 55
SE,117 56
SE,117 57
SE,117 58
SE,117 59
SE,117 60
SE,117 61
SE,117 62
SE,117 63
SE,117 64
SE,117 65
SE,117 66
SE,117 67
SE,117 68
SE,117 69
SE,117 70
SE,117 71
SE,117 75
SE,117 80
SE,117 83
SE,117 84
SE,117 85
SE,117 86
SE,117 88
SE,117 90
SE,117 91
SE,117 92
SE,117 93
SE,117 94
SE,117 95
SE,117 96
SE,117 97
SE,117 98
SE,117 99
SE,118 01
SE,118 05
SE,118 18
SE,118 20
SE,118 21
SE,118 22
SE,118 23
SE,118 24
SE,118 25
SE,118 26
SE,118 27
SE,118 28
SE,118 29
SE,118 30
SE,118 42
SE,118 46
SE,118 47
SE,118 48
SE,118 49
SE,118 50
SE,118 51
SE,118 52
SE,118 53
SE,118 54
SE,118 55
SE,118 56
SE,118 57
SE,118 58
SE,118 59
SE,118 60
SE,118 61
SE,118 62
SE,118 63
SE,118 64
SE,118 65
SE,118 66
SE,118 67
SE,118 69
SE,118 72
SE,118 80
SE,118 81
SE,118 82
SE,118 83
SE,118 85
SE,118 86
SE,118 87
SE,118 88
SE,118 89
SE,118 90
SE,118 91
SE,118 92
SE,118 93
SE,118 94
SE,118 95
SE,120 00
SE,120 01
SE,120 02
SE,120 03
SE,120 04
SE,120 05
SE,120 06
SE,120 07
SE,120 08
SE,120 09
SE,120 10
SE,120 11
SE,120 12
SE,120 13
SE,120 14
SE,120 15
SE,120 16
SE,120 17
SE,120 18
SE,120 19
SE,120 20
SE,120 21
SE,120 22
SE,120 23
SE,120 24
SE,120 25
SE,120 26
SE,120 30
SE,120 31
SE,120 32
SE,120 33
SE,120 38
SE,120 39
SE,120 40
SE,120 44
SE,120 47
SE,120 48
SE,120 50
SE,120 51
SE,120 52
SE,120 53
SE,120 54
SE,120 55
SE,120 56
SE,120 57
SE,120 58
SE,120 59
SE,120 60
SE,120 61
SE,120 62
SE,120 63
SE,120 64
SE,120 65
SE,120 66
SE,120 67
SE,120 68
SE,120 69
SE,120 70
SE,120 71
SE,120 78
SE,120 79
SE,120 80
SE,120 81
SE,120 82
SE,120 83
SE,120 86
SE,120 87
SE,120 88
SE,120 90
SE,121 00
SE,121 05
SE,121 06
SE,121 07
SE,121 11
SE,121 12
SE,121 13
SE,121 14
SE,121 15
SE,121 16
SE,121 17
SE,121 18
SE,121 19
SE,121 20
SE,121 21
SE,121 22
SE,121 23
SE,121 24
SE,121 25
SE,121 26
SE,121 27
SE,121 28
SE,121 29
SE,121 30
SE,121 31
SE,121 32
SE,121 33
SE,121 34
SE,121 35
SE,121 36
SE,121 37
SE,121 38
SE,121 39
SE,121 40
SE,121 43
SE,121 44
SE,121 45
SE,121 46
SE,121 47
SE,121 48
SE,121 49
SE,121 50
SE,121 51
SE,121 52
SE,121 53
SE,121 54
SE,121 55
SE,121 56
SE,121 62
SE,121 63
SE,121 77
SE,121 86
SE,121 87
SE,121 88
SE,121 89
SE,122 00
SE,122 03
SE,122 06
SE,122 20
SE,122 31
SE,122 32
SE,122 33
SE,122 34
SE,122 37
SE,122 38
SE,122 39
SE,122 40
SE,122 41
SE,122 42
SE,122 43
SE,122 44
SE,122 45
SE,122 46
SE,122 47
SE,122 48
SE,122 49
SE,122 60
SE,122 62
SE,122 63
SE,122 64
SE,122 65
SE,122 66
SE,122 86
SE,122 88
SE,123 00
SE,123 01
SE,123 03
SE,123 05
SE,123 20
SE,123 21
SE,123 22
SE,123 23
SE,123 24
SE,123 26
SE,123 27
SE,123 28
SE,123 31
SE,123 32
SE,123 33
SE,123 34
SE,123 40
SE,123 41
SE,123 42
SE,123 43
SE,123 44
SE,123 46
SE,123 47
SE,123 48
SE,123 49
SE,123 50
SE,123 52
SE,123 53
SE,123 54
SE,123 55
SE,123 56
SE,123 57
SE,123 58
SE,123 59
SE,123 60
SE,123 61
SE,123 63
SE,123 71
SE,123 72
SE,123 73
SE,123 86
SE,123 87
SE,124 00
SE,124 03
SE,124 04
SE,124 20
SE,124 21
SE,124 22
SE,124 25
SE,124 30
SE,124 31
SE,124 32
SE,124 33
SE,124 34
SE,124 36
SE,124 50
SE,124 51
SE,124 52
SE,124 53
SE,124 54
SE,124 55
SE,124 56
SE,124 57
SE,124 58
SE,124 59
SE,124 60
SE,124 61
SE,124 62
SE,124 63
SE,124 64
SE,124 65
SE,124 66
SE,124 67
SE,124 70
SE,124 71
SE,124 72
SE,124 73
SE,124 74
SE,124 75
SE,124 76
SE,125 00
SE,125 01
SE,125 02
SE,125 03
SE,125 05
SE,125 20
SE,125 21
SE,125 22
SE,125 23
SE,125 24
SE,125 25
SE,125 30
SE,125 31
SE,125 32
SE,125 33
SE,125 34
SE,125 35
SE,125 40
SE,125 41
SE,125 42
SE,125 43
SE,125 44
SE,125 45
SE,125 46
SE,125 47
SE,125 48
SE,125 49
SE,125 51
SE,125 52
SE,125 53
SE,125 54
SE,125 55
SE,125 56
SE,125 57
SE,125 58
SE,125 59
SE,125 60
SE,125 70
SE,125 71
SE,125 72
SE,125 73
SE,125 74
SE,125 80
SE,125 81
SE,125 82
SE,125 86
SE,126 00
SE,126 01
SE,126 08
SE,126 09
SE,126 11
SE,126 12
SE,126 13
SE,126 14
SE,126 15
SE,126 16
SE,126 17
SE,126 18
SE,126 19
SE,126 20
SE,126 25
SE,126 26
SE,126 27
SE,126 28
SE,126 29
SE,126 30
SE,126 31
SE,126 32
SE,126 33
SE,126 34
SE,126 35
SE,126 36
SE,126 37
SE,126 38
SE,126 39
SE,126 40
SE,126 41
SE,126 42
SE,126 47
SE,126 48
SE,126 49
SE,126 50
SE,126 51
SE,126 52
SE,126 53
SE,126 54
SE,126 55
SE,126 75
SE,126 77
SE,126 78
SE,126 79
SE,126 80
SE,126 81
SE,126 86
SE,126 88
SE,126 89
SE,127 00
SE,127 02
SE,127 03
SE,127 20
SE,127 21
SE,127 22
SE,127 23
SE,127 24
SE,127 25
SE,127 26
SE,127 29
SE,127 30
SE,127 31
SE,127 32
SE,127 33
SE,127 34
SE,127 35
SE,127 36
SE,127 37
SE,127 38
SE,127 39
SE,127 40
SE,127 41
SE,127 42
SE,127 43
SE,127 44
SE,127 45
SE,127 46
SE,127 47
SE,127 48
SE,127 49
SE,127 51
SE,127 55
SE,127 60
SE,127 61
SE,127 81
SE,127 84
SE,127 85
SE,127 86
SE,127 87
SE,128 00
SE,128 04
SE,128 05
SE,128 06
SE,128 07
SE,128 20
SE,128 21
SE,128 22
SE,128 23
SE,128 24
SE,128 30
SE,128 31
SE,128 32
SE,128 33
SE,128 34
SE,128 35
SE,128 36
SE,128 38
SE,128 39
SE,128 41
SE,128 42
SE,128 43
SE,128 44
SE,128 45
SE,128 46
SE,128 47
SE,128 48
SE,128 62
SE,128 63
SE,128 64
SE,128 65
SE,128 66
SE,128 67
SE,128 68
SE,128 69
SE,128 85
SE,129 00
SE,129 04
SE,129 06
SE,129 07
SE,129 18
SE,129 20
SE,129 21
SE,129 22
SE,129 23
SE,129 30
SE,129 31
SE,129 32
SE,129 33
SE,129 34
SE,129 35
SE,129 36
SE,129 37
SE,129 38
SE,129 39
SE,129 40
SE,129 41
SE,129 42
SE,129 43
SE,129 44
SE,129 45
SE,129 46
SE,129 47
SE,129 48
SE,129 49
SE,129 50
SE,129 51
SE,129 52
SE,129 53
SE,129 54
SE,129 55
SE,129 56
SE,129 57
SE,130 25
SE,130 33
SE,130 34
SE,130 36
SE,130 37
SE,130 38
SE,130 39
SE,130 40
SE,130 41
SE,130 42
SE,130 43
SE,130 44
SE,130 45
SE,130 54
SE,130 55
SE,130 56
SE,130 61
SE,131 00
SE,131 02
SE,131 03
SE,131 04
SE,131 05
SE,131 06
SE,131 07
SE,131 08
SE,131 10
SE,131 20
SE,131 21
SE,131 22
SE,131 23
SE,131 24
SE,131 25
SE,131 26
SE,131 27
SE,131 28
SE,131 29
SE,131 30
SE,131 31
SE,131 32
SE,131 33
SE,131 34
SE,131 35
SE,131 36
SE,131 37
SE,131 38
SE,131 39
SE,131 40
SE,131 41
SE,131 42
SE,131 43
SE,131 44
SE,131 45
SE,131 46
SE,131 47
SE,131 48
SE,131 49
SE,131 50
SE,131 51
SE,131 52
SE,131 53
SE,131 54
SE,131 55
SE,131 56
SE,131 57
SE,131 59
SE,131 60
SE,131 61
SE,131 62
SE,131 65
SE,131 71
SE,131 72
SE,131 73
SE,131 74
SE,131 75
SE,131 80
SE,131 81
SE,131 82
SE,131 83
SE,131 85
SE,131 86
SE,131 87
SE,131 88
SE,131 89
SE,131 90
SE,131 91
SE,131 92
SE,131 93
SE,132 00
SE,132 02
SE,132 03
SE,132 04
SE,132 05
SE,132 20
SE,132 21
SE,132 22
SE,132 23
SE,132 25
SE,132 26
SE,132 27
SE,132 30
SE,132 31
SE,132 32
SE,132 33
SE,132 34
SE,132 35
SE,132 36
SE,132 37
SE,132 38
SE,132 39
SE,132 40
SE,132 41
SE,132 42
SE,132 43
SE,132 44
SE,132 45
SE,132 46
SE,132 47
SE,132 48
SE,132 49
SE,132 51
SE,132 52
SE,132 53
SE,132 54
SE,132 81
SE,132 82
SE,132 85
SE,133 00
SE,133 02
SE,133 04
SE,133 20
SE,133 21
SE,133 22
SE,133 23
SE,133 31
SE,133 32
SE,133 33
SE,133 34
SE,133 35
SE,133 36
SE,133 37
SE,133 38
SE,133 39
SE,133 41
SE,133 42
SE,133 43
SE,133 44
SE,133 48
SE,133 49
SE,133 80
SE,133 81
SE,133 83
SE,134 00
SE,134 01
SE,134 06
SE,134 07
SE,134 08
SE,134 20
SE,134 21
SE,134 22
SE,134 23
SE,134 24
SE,134 25
SE,134 26
SE,134 27
SE,134 28
SE,134 29
SE,134 30
SE,134 31
SE,134 32
SE,134 33
SE,134 34
SE,134 35
SE,134 36
SE,134 37
SE,134 38
SE,134 39
SE,134 40
SE,134 41
SE,134 42
SE,134 43
SE,134 44
SE,134 50
SE,134 51
SE,134 52
SE,134 53
SE,134 60
SE,134 61
SE,134 62
SE,134 63
SE,134 64
SE,134 65
SE,134 66
SE,134 67
SE,134 69
SE,134 81
SE,134 82
SE,134 92
SE,135 00
SE,135 01
SE,135 02
SE,135 17
SE,135 20
SE,135 21
SE,135 22
SE,135 23
SE,135 24
SE,135 25
SE,135 26
SE,135 27
SE,135 28
SE,135 29
SE,135 30
SE,135 31
SE,135 33
SE,135 34
SE,135 35
SE,135 36
SE,135 37
SE,135 38
SE,135 39
SE,135 40
SE,135 41
SE,135 42
SE,135 43
SE,135 44
SE,135 45
SE,135 46
SE,135 47
SE,135 48
SE,135 49
SE,135 50
SE,135 51
SE,135 52
SE,135 53
SE,135 54
SE,135 55
SE,135 58
SE,135 59
SE,135 60
SE,135 61
SE,135 62
SE,135 63
SE,135 67
SE,135 68
SE,135 69
SE,135 70
SE,135 81
SE,135 82
SE,136 00
SE,136 02
SE,136 03
SE,136 11
SE,136 12
SE,136 18
SE,136 20
SE,136 21
SE,136 22
SE,136 23
SE,136 25
SE,136 26
SE,136 27
SE,136 35
SE,136 36
SE,136 37
SE,136 38
SE,136 39
SE,136 40
SE,136 41
SE,136 42
SE,136 43
SE,136 44
SE,136 45
SE,136 46
SE,136 47
SE,136 48
SE,136 49
SE,136 50
SE,136 51
SE,136 52
SE,136 53
SE,136 54
SE,136 55
SE,136 56
SE,136 57
SE,136 58
SE,136 59
SE,136 60
SE,136 61
SE,136 62
SE,136 63
SE,136 64
SE,136 65
SE,136 66
SE,136 67
SE,136 68
SE,136 69
SE,136 70
SE,136 71
SE,136 72
SE,136 73
SE,136 74
SE,136 75
SE,136 76
SE,136 80
SE,136 81
SE,136 82
SE,136 83
SE,136 87
SE,136 89
SE,136 91
SE,137 00
SE,137 01
SE,137 02
SE,137 20
SE,137 21
SE,137 22
SE,137 23
SE,137 24
SE,137 25
SE,137 31
SE,137 32
SE,137 34
SE,137 36
SE,137 37
SE,137 38
SE,137 39
SE,137 40
SE,137 41
SE,137 42
SE,137 43
SE,137 54
SE,137 55
SE,137 56
SE,137 57
SE,137 58
SE,137 61
SE,137 62
SE,137 63
SE,137 64
SE,137 65
SE,137 66
SE,137 67
SE,137 68
SE,137 69
SE,137 70
SE,137 71
SE,137 91
SE,137 92
SE,137 93
SE,137 94
SE,137 95
SE,137 96
SE,137 97
SE,138 00
SE,138 20
SE,138 21
SE,138 22
SE,138 30
SE,138 31
SE,138 32
SE,138 33
SE,138 34
SE,138 35
SE,138 36
SE,138 37
SE,138 39
SE,138 40
SE,139 00
SE,139 01
SE,139 02
SE,139 03
SE,139 20
SE,139 21
SE,139 22
SE,139 23
SE,139 24
SE,139 30
SE,139 31
SE,139 32
SE,139 33
SE,139 34
SE,139 35
SE,139 36
SE,139 40
SE,139 41
SE,139 50
SE,139 51
SE,139 52
SE,139 53
SE,139 54
SE,139 55
SE,139 56
SE,139 60
SE,139 70
SE,139 71
SE,139 72
SE,139 73
SE,139 74
SE,139 75
SE,139 90
SE,141 00
SE,141 01
SE,141 02
SE,141 04
SE,141 05
SE,141 06
SE,141 07
SE,141 08
SE,141 09
SE,141 12
SE,141 16
SE,141 17
SE,141 18
SE,141 19
SE,141 20
SE,141 21
SE,141 22
SE,141 23
SE,141 24
SE,141 25
SE,141 26
SE,141 27
SE,141 28
SE,141 30
SE,141 31
SE,141 32
SE,141 33
SE,141 34
SE,141 35
SE,141 36
SE,141 37
SE,141 38
SE,141 39
SE,141 40
SE,141 41
SE,141 42
SE,141 43
SE,141 44
SE,141 45
SE,141 46
SE,141 47
SE,141 48
SE,141 49
SE,141 50
SE,141 51
SE,141 52
SE,141 53
SE,141 54
SE,141 55
SE,141 56
SE,141 57
SE,141 58
SE,141 59
SE,141 60
SE,141 61
SE,141 62
SE,141 63
SE,141 68
SE,141 69
SE,141 70
SE,141 71
SE,141 72
SE,141 73
SE,141 74
SE,141 75
SE,141 81
SE,141 82
SE,141 83
SE,141 84
SE,141 85
SE,141 86
SE,141 87
SE,141 88
SE,141 89
SE,141 91
SE,141 92
SE,141 99
SE,142 00
SE,142 02
SE,142 20
SE,142 21
SE,142 22
SE,142 25
SE,142 29
SE,142 30
SE,142 31
SE,142 32
SE,142 33
SE,142 34
SE,142 35
SE,142 40
SE,142 41
SE,142 42
SE,142 43
SE,142 50
SE,142 51
SE,142 52
SE,142 53
SE,142 60
SE,142 61
SE,142 62
SE,142 63
SE,142 64
SE,142 65
SE,142 66
SE,142 81
SE,142 82
SE,142 91
SE,143 00
SE,143 01
SE,143 03
SE,143 20
SE,143 30
SE,143 31
SE,143 32
SE,143 35
SE,143 40
SE,143 41
SE,143 42
SE,143 43
SE,143 44
SE,143 45
SE,143 46
SE,143 47
SE,144 00
SE,144 02
SE,144 20
SE,144 21
SE,144 24
SE,144 30
SE,144 31
SE,144 32
SE,144 33
SE,144 37
SE,144 40
SE,144 42
SE,144 44
SE,144 51
SE,144 52
SE,144 61
SE,144 62
SE,144 63
SE,144 64
SE,144 80
SE,145 00
SE,145 01
SE,145 02
SE,145 03
SE,145 04
SE,145 05
SE,145 20
SE,145 50
SE,145 51
SE,145 52
SE,145 53
SE,145 56
SE,145 57
SE,145 58
SE,145 59
SE,145 60
SE,145 63
SE,145 64
SE,145 65
SE,145 67
SE,145 68
SE,145 69
SE,145 70
SE,145 71
SE,145 72
SE,145 73
SE,145 74
SE,145 75
SE,145 76
SE,145 81
SE,145 83
SE,145 84
SE,145 88
SE,145 90
SE,146 00
SE,146 20
SE,146 21
SE,146 22
SE,146 30
SE,146 31
SE,146 32
SE,146 33
SE,146 34
SE,146 36
SE,146 37
SE,146 38
SE,146 40
SE,146 41
SE,146 45
SE,146 46
SE,146 48
SE,146 49
SE,146 50
SE,146 52
SE,146 53
SE,146 54
SE,146 80
SE,147 00
SE,147 01
SE,147 07
SE,147 20
SE,147 21
SE,147 22
SE,147 23
SE,147 25
SE,147 30
SE,147 31
SE,147 32
SE,147 33
SE,147 34
SE,147 35
SE,147 39
SE,147 40
SE,147 41
SE,147 42
SE,147 43
SE,147 44
SE,147 45
SE,147 46
SE,147 50
SE,147 51
SE,147 52
SE,147 53
SE,147 54
SE,147 55
SE,147 60
SE,147 61
SE,147 62
SE,147 63
SE,147 70
SE,147 71
SE,147 80
SE,147 82
SE,147 85
SE,147 91
SE,147 92
SE,148 00
SE,148 02
SE,148 20
SE,148 21
SE,148 22
SE,148 25
SE,148 30
SE,148 31
SE,148 32
SE,148 33
SE,148 34
SE,148 35
SE,148 40
SE,148 60
SE,148 70
SE,148 71
SE,148 80
SE,148 91
SE,148 92
SE,148 93
SE,148 95
SE,148 96
SE,148 97
SE,149 00
SE,149 02
SE,149 20
SE,149 21
SE,149 22
SE,149 23
SE,149 25
SE,149 30
SE,149 31
SE,149 32
SE,149 33
SE,149 34
SE,149 35
SE,149 40
SE,149 41
SE,149 42
SE,149 43
SE,149 45
SE,149 50
SE,149 51
SE,149 80
SE,149 81
SE,149 82
SE,149 91
SE,149 92
SE,149 95
SE,150 21
SE,150 23
SE,151 00
SE,151 01
SE,151 02
SE,151 03
SE,151 04
SE,151 05
SE,151 06
SE,151 07
SE,151 08
SE,151 09
SE,151 10
SE,151 13
SE,151 20
SE,151 21
SE,151 22
SE,151 23
SE,151 24
SE,151 26
SE,151 27
SE,151 28
SE,151 29
SE,151 32
SE,151 33
SE,151 34
SE,151 35
SE,151 36
SE,151 37
SE,151 38
SE,151 39
SE,151 40
SE,151 44
SE,151 45
SE,151 46
SE,151 47
SE,151 48
SE,151 50
SE,151 51
SE,151 52
SE,151 53
SE,151 54
SE,151 55
SE,151 56
SE,151 57
SE,151 59
SE,151 60
SE,151 61
SE,151 62
SE,151 63
SE,151 64
SE,151 65
SE,151 66
SE,151 67
SE,151 68
SE,151 71
SE,151 72
SE,151 73
SE,151 81
SE,151 82
SE,151 83
SE,151 84
SE,151 85
SE,151 87
SE,151 88
SE,151 89
SE,151 92
SE,151 96
SE,152 00
SE,152 05
SE,152 07
SE,152 20
SE,152 25
SE,152 26
SE,152 27
SE,152 28
SE,152 30
SE,152 31
SE,152 40
SE,152 41
SE,152 42
SE,152 43
SE,152 44
SE,152 48
SE,152 49
SE,152 50
SE,152 51
SE,152 52
SE,152 54
SE,152 56
SE,152 57
SE,152 58
SE,152 59
SE,152 70
SE,152 71
SE,152 86
SE,152 95
SE,152 97
SE,153 00
SE,153 07
SE,153 20
SE,153 21
SE,153 22
SE,153 26
SE,153 30
SE,153 31
SE,153 32
SE,153 35
SE,153 36
SE,153 37
SE,153 38
SE,153 60
SE,153 71
SE,153 81
SE,153 91
SE,153 92
SE,153 93
SE,153 94
SE,153 95
SE,153 96
SE,155 00
SE,155 20
SE,155 21
SE,155 22
SE,155 30
SE,155 31
SE,155 32
SE,155 33
SE,155 34
SE,155 35
SE,155 80
SE,155 81
SE,155 91
SE,155 92
SE,155 93
SE,155 94
SE,161 00
SE,161 02
SE,161 03
SE,161 04
SE,161 05
SE,161 07
SE,161 11
SE,161 20
SE,161 24
SE,161 25
SE,161 26
SE,161 84
SE,161 86
SE,161 89
SE,162 00
SE,162 01
SE,162 06
SE,162 11
SE,162 12
SE,162 13
SE,162 15
SE,162 16
SE,162 20
SE,162 43
SE,162 44
SE,162 45
SE,162 46
SE,162 47
SE,162 50
SE,162 51
SE,162 52
SE,162 53
SE,162 54
SE,162 55
SE,162 56
SE,162 57
SE,162 58
SE,162 60
SE,162 61
SE,162 62
SE,162 63
SE,162 64
SE,162 65
SE,162 66
SE,162 67
SE,162 68
SE,162 70
SE,162 71
SE,162 72
SE,162 73
SE,162 74
SE,162 83
SE,162 87
SE,162 88
SE,162 89
SE,163 00
SE,163 03
SE,163 04
SE,163 05
SE,163 08
SE,163 10
SE,163 19
SE,163 20
SE,163 21
SE,163 29
SE,163 40
SE,163 41
SE,163 42
SE,163 43
SE,163 44
SE,163 45
SE,163 46
SE,163 47
SE,163 49
SE,163 50
SE,163 51
SE,163 52
SE,163 53
SE,163 54
SE,163 55
SE,163 56
SE,163 57
SE,163 61
SE,163 62
SE,163 63
SE,163 64
SE,163 65
SE,163 66
SE,163 67
SE,163 68
SE,163 70
SE,163 71
SE,163 72
SE,163 73
SE,163 74
SE,163 75
SE,163 76
SE,163 77
SE,163 80
SE,163 85
SE,163 88
SE,163 89
SE,163 91
SE,163 94
SE,164 00
SE,164 06
SE,164 07
SE,164 19
SE,164 20
SE,164 21
SE,164 22
SE,164 23
SE,164 24
SE,164 25
SE,164 26
SE,164 28
SE,164 29
SE,164 30
SE,164 31
SE,164 32
SE,164 33
SE,164 34
SE,164 35
SE,164 36
SE,164 37
SE,164 38
SE,164 39
SE,164 40
SE,164 41
SE,164 42
SE,164 43
SE,164 44
SE,164 45
SE,164 46
SE,164 47
SE,164 48
SE,164 51
SE,164 52
SE,164 53
SE,164 55
SE,164 71
SE,164 72
SE,164 73
SE,164 74
SE,164 75
SE,164 76
SE,164 77
SE,164 78
SE,164 79
SE,164 80
SE,164 81
SE,164 82
SE,164 83
SE,164 84
SE,164 85
SE,164 86
SE,164 87
SE,164 88
SE,164 89
SE,164 90
SE,164 91
SE,164 92
SE,164 93
SE,164 94
SE,164 95
SE,164 96
SE,164 97
SE,164 98
SE,164 99
SE,165 00
SE,165 10
SE,165 11
SE,165 12
SE,165 13
SE,165 15
SE,165 16
SE,165 20
SE,165 21
SE,165 22
SE,165 23
SE,165 24
SE,165 52
SE,165 53
SE,165 54
SE,165 55
SE,165 56
SE,165 57
SE,165 58
SE,165 59
SE,165 60
SE,165 61
SE,165 62
SE,165 63
SE,165 64
SE,165 65
SE,165 66
SE,165 70
SE,165 71
SE,165 72
SE,165 73
SE,165 74
SE,165 75
SE,165 76
SE,165 77
SE,165 78
SE,167 00
SE,167 14
SE,167 15
SE,167 17
SE,167 19
SE,167 20
SE,167 21
SE,167 22
SE,167 24
SE,167 31
SE,167 32
SE,167 33
SE,167 35
SE,167 36
SE,167 37
SE,167 38
SE,167 39
SE,167 40
SE,167 41
SE,167 43
SE,167 44
SE,167 45
SE,167 51
SE,167 52
SE,167 53
SE,167 54
SE,167 55
SE,167 56
SE,167 57
SE,167 58
SE,167 61
SE,167 62
SE,167 63
SE,167 64
SE,167 65
SE,167 66
SE,167 67
SE,167 71
SE,167 72
SE,167 73
SE,167 74
SE,167 75
SE,167 76
SE,167 80
SE,167 81
SE,168 00
SE,168 10
SE,168 20
SE,168 27
SE,168 30
SE,168 31
SE,168 32
SE,168 33
SE,168 34
SE,168 35
SE,168 36
SE,168 37
SE,168 38
SE,168 39
SE,168 40
SE,168 41
SE,168 42
SE,168 43
SE,168 44
SE,168 45
SE,168 46
SE,168 47
SE,168 48
SE,168 49
SE,168 50
SE,168 51
SE,168 52
SE,168 53
SE,168 54
SE,168 55
SE,168 56
SE,168 57
SE,168 58
SE,168 59
SE,168 60
SE,168 61
SE,168 62
SE,168 63
SE,168 64
SE,168 65
SE,168 66
SE,168 67
SE,168 68
SE,168 69
SE,168 70
SE,168 71
SE,168 72
SE,168 73
SE,168 74
SE,168 75
SE,168 76
SE,168 77
SE,168 78
SE,168 80
SE,169 00
SE,169 02
SE,169 03
SE,169 04
SE,169 05
SE,169 20
SE,169 26
SE,169 27
SE,169 28
SE,169 29
SE,169 30
SE,169 31
SE,169 32
SE,169 33
SE,169 34
SE,169 35
SE,169 36
SE,169 37
SE,169 38
SE,169 39
SE,169 40
SE,169 41
SE,169 50
SE,169 51
SE,169 52
SE,169 53
SE,169 54
SE,169 55
SE,169 56
SE,169 57
SE,169 58
SE,169 59
SE,169 60
SE,169 61
SE,169 62
SE,169 63
SE,169 64
SE,169 65
SE,169 66
SE,169 67
SE,169 68
SE,169 69
SE,169 70
SE,169 71
SE,169 72
SE,169 73
SE,169 74
SE,169 75
SE,169 79
SE,169 80
SE,169 81
SE,169 82
SE,169 83
SE,169 84
SE,169 85
SE,169 86
SE,169 87
SE,169 88
SE,169 89
SE,169 90
SE,169 91
SE,169 92
SE,169 93
SE,169 94
SE,169 95
SE,169 97
SE,169 99
SE,170 00
SE,170 07
SE,170 08
SE,170 09
SE,170 20
SE,170 61
SE,170 62
SE,170 63
SE,170 64
SE,170 65
SE,170 66
SE,170 67
SE,170 68
SE,170 69
SE,170 70
SE,170 71
SE,170 72
SE,170 73
SE,170 74
SE,170 75
SE,170 76
SE,170 77
SE,170 78
SE,170 79
SE,170 80
SE,170 81
SE,170 82
SE,170 84
SE,170 85
SE,170 87
SE,171 00
SE,171 01
SE,171 02
SE,171 04
SE,171 05
SE,171 06
SE,171 08
SE,171 09
SE,171 11
SE,171 12
SE,171 13
SE,171 14
SE,171 16
SE,171 17
SE,171 18
SE,171 19
SE,171 20
SE,171 21
SE,171 22
SE,171 23
SE,171 24
SE,171 25
SE,171 26
SE,171 27
SE,171 28
SE,171 29
SE,171 41
SE,171 42
SE,171 43
SE,171 44
SE,171 45
SE,171 47
SE,171 48
SE,171 49
SE,171 50
SE,171 51
SE,171 52
SE,171 53
SE,171 54
SE,171 55
SE,171 56
SE,171 57
SE,171 58
SE,171 59
SE,171 60
SE,171 61
SE,171 62
SE,171 63
SE,171 64
SE,171 65
SE,171 66
SE,171 67
SE,171 68
SE,171 69
SE,171 70
SE,171 71
SE,171 72
SE,171 73
SE,171 74
SE,171 75
SE,171 76
SE,171 77
SE,171 78
SE,171 79
SE,171 80
SE,171 81
SE,171 82
SE,171 83
SE,171 84
SE,171 85
SE,171 86
SE,171 87
SE,171 88
SE,171 89
SE,171 90
SE,171 91
SE,171 92
SE,171 93
SE,171 94
SE,171 95
SE,171 96
SE,171 97
SE,171 99
SE,172 00
SE,172 05
SE,172 13
SE,172 14
SE,172 15
SE,172 19
SE,172 20
SE,172 21
SE,172 22
SE,172 23
SE,172 24
SE,172 25
SE,172 26
SE,172 27
SE,172 29
SE,172 30
SE,172 31
SE,172 32
SE,172 33
SE,172 34
SE,172 35
SE,172 36
SE,172 37
SE,172 38
SE,172 39
SE,172 40
SE,172 41
SE,172 61
SE,172 62
SE,172 63
SE,172 64
SE,172 65
SE,172 66
SE,172 67
SE,172 68
SE,172 69
SE,172 70
SE,172 71
SE,172 72
SE,172 73
SE,172 74
SE,172 75
SE,172 76
SE,172 77
SE,172 78
SE,172 79
SE,172 81
SE,172 82
SE,172 84
SE,172 85
SE,172 87
SE,172 88
SE,172 90
SE,172 92
SE,172 98
SE,172 99
SE,173 00
SE,173 01
SE,173 02
SE,173 05
SE,173 06
SE,173 07
SE,173 08
SE,173 10
SE,173 11
SE,173 13
SE,173 15
SE,173 17
SE,173 18
SE,173 20
SE,173 21
SE,173 22
SE,173 23
SE,173 24
SE,173 25
SE,173 26
SE,173 27
SE,173 28
SE,173 29
SE,173 30
SE,173 31
SE,173 32
SE,173 33
SE,173 34
SE,173 35
SE,173 36
SE,173 37
SE,173 38
SE,173 39
SE,173 40
SE,173 41
SE,173 42
SE,173 43
SE,173 44
SE,173 45
SE,173 50
SE,173 51
SE,173 60
SE,173 65
SE,173 80
SE,173 81
SE,173 82
SE,173 83
SE,173 85
SE,173 86
SE,174 00
SE,174 02
SE,174 07
SE,174 13
SE,174 20
SE,174 27
SE,174 41
SE,174 42
SE,174 43
SE,174 44
SE,174 45
SE,174 46
SE,174 47
SE,174 48
SE,174 49
SE,174 50
SE,174 51
SE,174 52
SE,174 53
SE,174 54
SE,174 55
SE,174 56
SE,174 57
SE,174 58
SE,174 59
SE,174 60
SE,174 61
SE,174 62
SE,174 63
SE,174 64
SE,174 65
SE,174 66
SE,174 86
SE,174 87
SE,174 88
SE,175 00
SE,175 04
SE,175 06
SE,175 08
SE,175 14
SE,175 15
SE,175 16
SE,175 17
SE,175 18
SE,175 19
SE,175 20
SE,175 26
SE,175 27
SE,175 29
SE,175 41
SE,175 43
SE,175 44
SE,175 45
SE,175 46
SE,175 47
SE,175 48
SE,175 49
SE,175 50
SE,175 51
SE,175 52
SE,175 53
SE,175 54
SE,175 55
SE,175 56
SE,175 57
SE,175 60
SE,175 61
SE,175 62
SE,175 63
SE,175 64
SE,175 65
SE,175 66
SE,175 67
SE,175 68
SE,175 69
SE,175 72
SE,175 79
SE,175 80
SE,175 81
SE,175 84
SE,175 88
SE,175 89
SE,176 00
SE,176 02
SE,176 27
SE,176 68
SE,176 69
SE,176 70
SE,176 71
SE,176 72
SE,176 73
SE,176 74
SE,176 75
SE,176 76
SE,176 77
SE,176 80
SE,177 00
SE,177 10
SE,177 20
SE,177 21
SE,177 22
SE,177 23
SE,177 24
SE,177 25
SE,177 28
SE,177 30
SE,177 31
SE,177 32
SE,177 33
SE,177 34
SE,177 35
SE,177 36
SE,177 37
SE,177 38
SE,177 39
SE,177 40
SE,177 41
SE,177 42
SE,177 43
SE,177 44
SE,177 45
SE,177 46
SE,177 47
SE,177 50
SE,177 51
SE,177 52
SE,177 53
SE,177 54
SE,177 55
SE,177 56
SE,177 57
SE,177 58
SE,177 59
SE,177 60
SE,177 61
SE,177 62
SE,177 63
SE,177 64
SE,177 65
SE,177 70
SE,177 71
SE,177 80
SE,177 81
SE,178 00
SE,178 02
SE,178 17
SE,178 20
SE,178 21
SE,178 22
SE,178 23
SE,178 24
SE,178 30
SE,178 31
SE,178 32
SE,178 33
SE,178 34
SE,178 35
SE,178 36
SE,178 37
SE,178 38
SE,178 39
SE,178 40
SE,178 41
SE,178 51
SE,178 52
SE,178 53
SE,178 54
SE,178 90
SE,178 91
SE,178 92
SE,178 93
SE,179 03
SE,179 04
SE,179 05
SE,179 60
SE,179 61
SE,179 62
SE,179 63
SE,179 65
SE,179 75
SE,179 95
SE,179 96
SE,179 97
SE,179 98
SE,181 00
SE,181 01
SE,181 03
SE,181 04
SE,181 05
SE,181 06
SE,181 10
SE,181 18
SE,181 20
SE,181 21
SE,181 22
SE,181 23
SE,181 24
SE,181 25
SE,181 26
SE,181 29
SE,181 30
SE,181 31
SE,181 32
SE,181 33
SE,181 34
SE,181 35
SE,181 36
SE,181 37
SE,181 38
SE,181 39
SE,181 40
SE,181 41
SE,181 42
SE,181 43
SE,181 44
SE,181 45
SE,181 46
SE,181 47
SE,181 48
SE,181 50
SE,181 51
SE,181 55
SE,181 56
SE,181 57
SE,181 58
SE,181 59
SE,181 60
SE,181 61
SE,181 62
SE,181 63
SE,181 64
SE,181 65
SE,181 66
SE,181 67
SE,181 70
SE,181 71
SE,181 72
SE,181 73
SE,181 74
SE,181 75
SE,181 76
SE,181 77
SE,181 78
SE,181 79
SE,181 81
SE,181 82
SE,181 85
SE,181 86
SE,181 87
SE,181 90
SE,182 00
SE,182 01
SE,182 02
SE,182 03
SE,182 04
SE,182 05
SE,182 06
SE,182 07
SE,182 10
SE,182 11
SE,182 12
SE,182 14
SE,182 15
SE,182 16
SE,182 17
SE,182 20
SE,182 30
SE,182 31
SE,182 32
SE,182 33
SE,182 34
SE,182 35
SE,182 36
SE,182 37
SE,182 38
SE,182 39
SE,182 45
SE,182 46
SE,182 47
SE,182 48
SE,182 49
SE,182 50
SE,182 52
SE,182 53
SE,182 54
SE,182 55
SE,182 56
SE,182 57
SE,182 60
SE,182 61
SE,182 62
SE,182 63
SE,182 64
SE,182 65
SE,182 66
SE,182 67
SE,182 68
SE,182 69
SE,182 70
SE,182 73
SE,182 74
SE,182 75
SE,182 76
SE,182 77
SE,182 78
SE,182 79
SE,182 82
SE,182 85
SE,182 87
SE,182 88
SE,182 91
SE,183 00
SE,183 01
SE,183 02
SE,183 03
SE,183 04
SE,183 10
SE,183 11
SE,183 12
SE,183 13
SE,183 14
SE,183 15
SE,183 16
SE,183 17
SE,183 18
SE,183 19
SE,183 20
SE,183 21
SE,183 22
SE,183 23
SE,183 25
SE,183 26
SE,183 30
SE,183 31
SE,183 32
SE,183 33
SE,183 34
SE,183 35
SE,183 36
SE,183 37
SE,183 38
SE,183 39
SE,183 41
SE,183 47
SE,183 48
SE,183 49
SE,183 50
SE,183 51
SE,183 52
SE,183 53
SE,183 54
SE,183 55
SE,183 56
SE,183 57
SE,183 58
SE,183 59
SE,183 60
SE,183 61
SE,183 62
SE,183 63
SE,183 64
SE,183 65
SE,183 66
SE,183 67
SE,183 68
SE,183 69
SE,183 70
SE,183 71
SE,183 72
SE,183 74
SE,183 75
SE,183 76
SE,183 77
SE,183 78
SE,183 79
SE,183 80
SE,183 81
SE,183 83
SE,183 84
SE,183 85
SE,184 00
SE,184 03
SE,184 10
SE,184 20
SE,184 21
SE,184 22
SE,184 23
SE,184 24
SE,184 25
SE,184 26
SE,184 27
SE,184 28
SE,184 30
SE,184 31
SE,184 32
SE,184 33
SE,184 34
SE,184 35
SE,184 36
SE,184 37
SE,184 38
SE,184 39
SE,184 40
SE,184 41
SE,184 42
SE,184 43
SE,184 44
SE,184 50
SE,184 51
SE,184 52
SE,184 53
SE,184 60
SE,184 61
SE,184 62
SE,184 63
SE,184 64
SE,184 70
SE,184 80
SE,184 85
SE,184 86
SE,184 91
SE,184 92
SE,184 93
SE,184 94
SE,184 95
SE,184 96
SE,184 97
SE,184 99
SE,185 00
SE,185 20
SE,185 21
SE,185 22
SE,185 23
SE,185 31
SE,185 32
SE,185 33
SE,185 34
SE,185 35
SE,185 37
SE,185 39
SE,185 41
SE,185 51
SE,185 81
SE,185 82
SE,185 83
SE,185 91
SE,185 92
SE,185 93
SE,185 94
SE,185 95
SE,185 99
SE,186 00
SE,186 01
SE,186 03
SE,186 20
SE,186 21
SE,186 22
SE,186 23
SE,186 24
SE,186 25
SE,186 26
SE,186 30
SE,186 31
SE,186 32
SE,186 33
SE,186 34
SE,186 35
SE,186 36
SE,186 37
SE,186 38
SE,186 39
SE,186 40
SE,186 41
SE,186 42
SE,186 43
SE,186 44
SE,186 45
SE,186 46
SE,186 47
SE,186 48
SE,186 49
SE,186 50
SE,186 51
SE,186 52
SE,186 53
SE,186 54
SE,186 55
SE,186 56
SE,186 60
SE,186 70
SE,186 86
SE,186 91
SE,186 92
SE,186 93
SE,186 94
SE,186 95
SE,186 96
SE,186 97
SE,187 00
SE,187 05
SE,187 06
SE,187 10
SE,187 11
SE,187 12
SE,187 13
SE,187 14
SE,187 15
SE,187 20
SE,187 26
SE,187 27
SE,187 28
SE,187 29
SE,187 30
SE,187 31
SE,187 32
SE,187 33
SE,187 34
SE,187 35
SE,187 36
SE,187 37
SE,187 38
SE,187 40
SE,187 41
SE,187 42
SE,187 43
SE,187 44
SE,187 45
SE,187 46
SE,187 48
SE,187 49
SE,187 50
SE,187 51
SE,187 52
SE,187 53
SE,187 54
SE,187 60
SE,187 61
SE,187 62
SE,187 63
SE,187 64
SE,187 65
SE,187 66
SE,187 67
SE,187 68
SE,187 69
SE,187 70
SE,187 72
SE,187 73
SE,187 74
SE,187 75
SE,187 76
SE,187 77
SE,187 80
SE,190 00
SE,190 02
SE,190 10
SE,190 11
SE,190 12
SE,190 17
SE,190 20
SE,190 40
SE,190 45
SE,190 46
SE,190 47
SE,190 50
SE,190 60
SE,190 70
SE,190 80
SE,190 81
SE,190 82
SE,190 83
SE,190 84
SE,190 85
SE,190 90
SE,191 00
SE,191 02
SE,191 18
SE,191 20
SE,191 21
SE,191 22
SE,191 23
SE,191 24
SE,191 26
SE,191 27
SE,191 28
SE,191 29
SE,191 31
SE,191 33
SE,191 34
SE,191 35
SE,191 36
SE,191 37
SE,191 38
SE,191 39
SE,191 40
SE,191 41
SE,191 42
SE,191 43
SE,191 44
SE,191 45
SE,191 46
SE,191 47
SE,191 48
SE,191 49
SE,191 50
SE,191 60
SE,191 61
SE,191 62
SE,191 63
SE,191 64
SE,191 65
SE,191 81
SE,191 83
SE,191 84
SE,191 85
SE,191 86
SE,191 89
SE,191 90
SE,191 97
SE,192 00
SE,192 05
SE,192 06
SE,192 07
SE,192 08
SE,192 10
SE,192 20
SE,192 21
SE,192 30
SE,192 32
SE,192 48
SE,192 51
SE,192 52
SE,192 53
SE,192 54
SE,192 55
SE,192 56
SE,192 57
SE,192 58
SE,192 59
SE,192 65
SE,192 66
SE,192 67
SE,192 68
SE,192 69
SE,192 70
SE,192 71
SE,192 72
SE,192 73
SE,192 74
SE,192 75
SE,192 76
SE,192 77
SE,192 78
SE,192 79
SE,192 80
SE,192 81
SE,193 00
SE,193 20
SE,193 21
SE,193 22
SE,193 23
SE,193 24
SE,193 28
SE,193 30
SE,193 31
SE,193 32
SE,193 33
SE,193 34
SE,193 35
SE,193 36
SE,193 37
SE,193 40
SE,193 41
SE,193 91
SE,194 00
SE,194 02
SE,194 04
SE,194 05
SE,194 10
SE,194 17
SE,194 18
SE,194 19
SE,194 20
SE,194 21
SE,194 22
SE,194 23
SE,194 26
SE,194 27
SE,194 28
SE,194 29
SE,194 30
SE,194 31
SE,194 32
SE,194 33
SE,194 34
SE,194 35
SE,194 36
SE,194 37
SE,194 38
SE,194 39
SE,194 40
SE,194 41
SE,194 42
SE,194 43
SE,194 44
SE,194 45
SE,194 46
SE,194 47
SE,194 49
SE,194 51
SE,194 52
SE,194 53
SE,194 54
SE,194 55
SE,194 56
SE,194 57
SE,194 60
SE,194 61
SE,194 62
SE,194 63
SE,194 64
SE,194 65
SE,194 66
SE,194 67
SE,194 68
SE,194 69
SE,194 70
SE,194 71
SE,194 72
SE,194 73
SE,194 74
SE,194 75
SE,194 76
SE,194 77
SE,194 78
SE,194 79
SE,194 80
SE,194 81
SE,194 82
SE,194 83
SE,194 84
SE,194 86
SE,194 87
SE,194 88
SE,194 89
SE,194 91
SE,194 92
SE,194 98
SE,195 00
SE,195 02
SE,195 03
SE,195 04
SE,195 05
SE,195 06
SE,195 10
SE,195 18
SE,195 19
SE,195 20
SE,195 21
SE,195 22
SE,195 23
SE,195 24
SE,195 25
SE,195 30
SE,195 31
SE,195 32
SE,195 33
SE,195 34
SE,195 35
SE,195 36
SE,195 40
SE,195 41
SE,195 42
SE,195 43
SE,195 44
SE,195 45
SE,195 46
SE,195 47
SE,195 50
SE,195 51
SE,195 52
SE,195 53
SE,195 54
SE,195 55
SE,195 56
SE,195 57
SE,195 58
SE,195 59
SE,195 60
SE,195 61
SE,195 65
SE,195 70
SE,195 71
SE,195 72
SE,195 80
SE,195 81
SE,195 82
SE,195 83
SE,195 85
SE,195 87
SE,195 91
SE,195 92
SE,195 93
SE,195 94
SE,195 95
SE,195 96
SE,196 00
SE,196 01
SE,196 02
SE,196 20
SE,196 21
SE,196 22
SE,196 23
SE,196 24
SE,196 28
SE,196 30
SE,196 31
SE,196 32
SE,196 33
SE,196 34
SE,196 35
SE,196 36
SE,196 37
SE,196 38
SE,196 39
SE,196 40
SE,196 41
SE,196 50
SE,196 80
SE,196 81
SE,196 85
SE,196 91
SE,196 92
SE,196 93
SE,197 00
SE,197 20
SE,197 21
SE,197 22
SE,197 25
SE,197 30
SE,197 31
SE,197 32
SE,197 33
SE,197 34
SE,197 35
SE,197 36
SE,197 40
SE,197 91
SE,197 92
SE,197 93
SE,200 01
SE,200 02
SE,200 03
SE,200 04
SE,200 05
SE,200 06
SE,200 07
SE,200 10
SE,200 11
SE,200 21
SE,200 22
SE,200 24
SE,200 25
SE,200 31
SE,200 32
SE,200 39
SE,200 40
SE,200 41
SE,200 42
SE,200 43
SE,200 45
SE,200 46
SE,200 49
SE,200 60
SE,200 61
SE,200 62
SE,200 70
SE,200 71
SE,200 72
SE,200 73
SE,200 74
SE,201 10
SE,201 20
SE,201 21
SE,201 22
SE,201 23
SE,201 24
SE,201 25
SE,201 26
SE,201 80
SE,202 10
SE,202 11
SE,202 12
SE,202 13
SE,202 14
SE,202 15
SE,202 19
SE,202 20
SE,202 21
SE,202 22
SE,202 23
SE,202 24
SE,202 25
SE,202 26
SE,202 27
SE,202 28
SE,202 29
SE,202 30
SE,202 40
SE,202 50
SE,202 60
SE,202 70
SE,202 71
SE,202 80
SE,203 10
SE,203 11
SE,203 12
SE,203 13
SE,203 14
SE,203 15
SE,203 20
SE,205 01
SE,205 02
SE,205 03
SE,205 04
SE,205 05
SE,205 06
SE,205 07
SE,205 08
SE,205 09
SE,205 10
SE,205 11
SE,205 12
SE,205 13
SE,205 14
SE,205 15
SE,205 16
SE,205 17
SE,205 18
SE,205 19
SE,205 20
SE,205 21
SE,205 22
SE,205 23
SE,205 25
SE,205 26
SE,205 28
SE,205 29
SE,205 30
SE,205 31
SE,205 33
SE,205 35
SE,205 36
SE,205 37
SE,205 38
SE,205 39
SE,205 40
SE,205 41
SE,205 42
SE,205 43
SE,205 44
SE,205 45
SE,205 47
SE,205 50
SE,205 52
SE,205 55
SE,205 56
SE,205 57
SE,205 58
SE,205 59
SE,205 60
SE,205 65
SE,205 70
SE,205 74
SE,205 75
SE,205 76
SE,205 77
SE,205 78
SE,205 79
SE,205 80
SE,205 81
SE,205 85
SE,205 90
SE,205 95
SE,207 01
SE,207 02
SE,207 03
SE,207 04
SE,207 05
SE,207 06
SE,207 07
SE,207 08
SE,207 09
SE,207 10
SE,207 11
SE,207 12
SE,207 13
SE,207 14
SE,207 15
SE,207 16
SE,207 17
SE,207 18
SE,207 19
SE,207 20
SE,207 21
SE,207 22
SE,207 23
SE,207 24
SE,207 25
SE,207 26
SE,207 27
SE,207 28
SE,207 91
SE,207 92
SE,207 94
SE,207 95
SE,207 97
SE,207 98
SE,207 99
SE,208 00
SE,208 01
SE,208 02
SE,208 03
SE,208 04
SE,208 05
SE,208 06
SE,208 07
SE,208 08
SE,208 09
SE,208 10
SE,208 11
SE,208 12
SE,208 13
SE,208 14
SE,208 15
SE,208 16
SE,208 17
SE,208 18
SE,208 19
SE,208 20
SE,208 21
SE,208 22
SE,208 23
SE,208 24
SE,208 25
SE,208 26
SE,208 27
SE,208 28
SE,208 29
SE,208 30
SE,208 31
SE,208 32
SE,208 33
SE,208 34
SE,208 35
SE,208 36
SE,208 37
SE,208 38
SE,208 39
SE,208 40
SE,208 41
SE,208 42
SE,208 43
SE,208 44
SE,208 45
SE,208 46
SE,208 47
SE,208 48
SE,208 49
SE,208 50
SE,208 51
SE,208 52
SE,208 53
SE,208 54
SE,208 55
SE,208 56
SE,208 57
SE,208 58
SE,208 59
SE,208 60
SE,208 61
SE,208 62
SE,208 63
SE,208 64
SE,208 65
SE,208 66
SE,208 67
SE,208 68
SE,208 69
SE,208 70
SE,208 71
SE,208 72
SE,208 73
SE,208 74
SE,208 75
SE,208 76
SE,208 77
SE,208 78
SE,208 79
SE,208 80
SE,208 81
SE,208 82
SE,208 83
SE,208 84
SE,208 85
SE,208 86
SE,208 87
SE,208 88
SE,208 89
SE,208 90
SE,208 91
SE,208 92
SE,208 93
SE,208 94
SE,208 95
SE,208 96
SE,208 97
SE,208 98
SE,208 99
SE,209 00
SE,209 01
SE,209 02
SE,209 03
SE,209 04
SE,209 05
SE,209 06
SE,209 07
SE,209 08
SE,209 09
SE,209 10
SE,209 11
SE,209 12
SE,209 13
SE,209 14
SE,209 15
SE,209 16
SE,209 17
SE,209 18
SE,209 19
SE,209 20
SE,209 21
SE,209 22
SE,209 23
SE,209 24
SE,209 25
SE,209 26
SE,209 27
SE,209 28
SE,209 29
SE,209 30
SE,209 31
SE,209 32
SE,209 33
SE,209 34
SE,209 35
SE,209 36
SE,209 37
SE,209 38
SE,209 39
SE,209 40
SE,209 41
SE,209 42
SE,209 43
SE,209 44
SE,209 45
SE,209 46
SE,209 47
SE,209 48
SE,209 49
SE,209 50
SE,209 51
SE,209 52
SE,209 53
SE,209 54
SE,209 55
SE,209 56
SE,209 57
SE,209 58
SE,209 59
SE,209 60
SE,209 61
SE,209 62
SE,209 63
SE,209 64
SE,209 65
SE,209 66
SE,209 67
SE,209 68
SE,209 69
SE,209 70
SE,209 71
SE,209 72
SE,209 73
SE,209 74
SE,209 75
SE,209 76
SE,209 77
SE,209 78
SE,209 79
SE,209 80
SE,209 81
SE,209 82
SE,209 83
SE,209 84
SE,209 85
SE,209 86
SE,209 87
SE,209 88
SE,209 89
SE,209 90
SE,209 91
SE,209 92
SE,209 93
SE,209 94
SE,209 95
SE,209 96
SE,209 97
SE,209 98
SE,209 99
SE,211 00
SE,211 01
SE,211 03
SE,211 05
SE,211 10
SE,211 11
SE,211 12
SE,211 13
SE,211 14
SE,211 15
SE,211 16
SE,211 17
SE,211 18
SE,211 19
SE,211 20
SE,211 21
SE,211 22
SE,211 24
SE,211 25
SE,211 26
SE,211 27
SE,211 28
SE,211 29
SE,211 30
SE,211 31
SE,211 32
SE,211 33
SE,211 34
SE,211 35
SE,211 36
SE,211 37
SE,211 38
SE,211 39
SE,211 40
SE,211 41
SE,211 42
SE,211 43
SE,211 44
SE,211 45
SE,211 46
SE,211 47
SE,211 48
SE,211 49
SE,211 50
SE,211 51
SE,211 52
SE,211 53
SE,211 54
SE,211 55
SE,211 56
SE,211 57
SE,211 58
SE,211 59
SE,211 60
SE,211 65
SE,211 71
SE,211 73
SE,211 74
SE,211 75
SE,211 76
SE,211 77
SE,212 00
SE,212 01
SE,212 02
SE,212 06
SE,212 07
SE,212 08
SE,212 09
SE,212 10
SE,212 11
SE,212 12
SE,212 13
SE,212 14
SE,212 15
SE,212 16
SE,212 17
SE,212 18
SE,212 19
SE,212 20
SE,212 21
SE,212 22
SE,212 23
SE,212 24
SE,212 25
SE,212 26
SE,212 27
SE,212 28
SE,212 29
SE,212 30
SE,212 31
SE,212 32
SE,212 33
SE,212 34
SE,212 35
SE,212 36
SE,212 37
SE,212 38
SE,212 39
SE,212 40
SE,212 41
SE,212 42
SE,212 43
SE,212 44
SE,212 45
SE,212 46
SE,212 50
SE,212 51
SE,212 52
SE,212 60
SE,212 91
SE,213 00
SE,213 61
SE,213 62
SE,213 63
SE,213 64
SE,213 65
SE,213 66
SE,213 67
SE,213 68
SE,213 69
SE,213 70
SE,213 71
SE,213 72
SE,213 73
SE,213 74
SE,213 75
SE,213 76
SE,213 77
SE,214 00
SE,214 02
SE,214 04
SE,214 10
SE,214 11
SE,214 12
SE,214 13
SE,214 20
SE,214 21
SE,214 22
SE,214 23
SE,214 24
SE,214 25
SE,214 26
SE,214 27
SE,214 28
SE,214 29
SE,214 30
SE,214 31
SE,214 32
SE,214 33
SE,214 34
SE,214 35
SE,214 36
SE,214 37
SE,214 38
SE,214 39
SE,214 40
SE,214 41
SE,214 42
SE,214 43
SE,214 44
SE,214 45
SE,214 46
SE,214 47
SE,214 48
SE,214 49
SE,214 50
SE,214 54
SE,214 55
SE,214 56
SE,214 57
SE,214 58
SE,214 59
SE,214 63
SE,214 66
SE,214 67
SE,215 00
SE,215 10
SE,215 26
SE,215 27
SE,215 32
SE,215 33
SE,215 34
SE,215 35
SE,215 36
SE,215 37
SE,215 50
SE,215 51
SE,215 52
SE,215 53
SE,215 58
SE,215 59
SE,215 60
SE,215 61
SE,215 62
SE,215 63
SE,215 64
SE,215 65
SE,215 66
SE,215 67
SE,215 68
SE,215 69
SE,215 70
SE,215 71
SE,215 72
SE,215 73
SE,215 74
SE,215 78
SE,215 79
SE,215 80
SE,215 81
SE,215 82
SE,215 83
SE,215 84
SE,215 85
SE,215 86
SE,216 00
SE,216 08
SE,216 09
SE,216 10
SE,216 11
SE,216 12
SE,216 13
SE,216 14
SE,216 15
SE,216 16
SE,216 17
SE,216 18
SE,216 19
SE,216 20
SE,216 21
SE,216 22
SE,216 23
SE,216 24
SE,216 25
SE,216 26
SE,216 30
SE,216 31
SE,216 32
SE,216 33
SE,216 41
SE,216 42
SE,216 43
SE,216 44
SE,216 45
SE,216 46
SE,216 47
SE,216 48
SE,216 49
SE,217 00
SE,217 01
SE,217 41
SE,217 42
SE,217 43
SE,217 44
SE,217 45
SE,217 46
SE,217 47
SE,217 48
SE,217 49
SE,217 51
SE,217 52
SE,217 53
SE,217 54
SE,217 55
SE,217 56
SE,217 57
SE,217 58
SE,217 59
SE,217 61
SE,217 62
SE,217 63
SE,217 64
SE,217 65
SE,217 66
SE,217 67
SE,217 71
SE,217 72
SE,217 73
SE,217 74
SE,217 75
SE,218 00
SE,218 20
SE,218 21
SE,218 24
SE,218 31
SE,218 32
SE,218 33
SE,218 34
SE,218 36
SE,218 37
SE,218 38
SE,218 39
SE,218 40
SE,218 41
SE,218 42
SE,218 44
SE,218 45
SE,218 46
SE,218 47
SE,218 51
SE,218 52
SE,218 53
SE,218 54
SE,218 55
SE,218 71
SE,218 72
SE,218 73
SE,218 74
SE,218 75
SE,220 02
SE,220 07
SE,220 09
SE,220 10
SE,220 11
SE,220 13
SE,221 00
SE,221 01
SE,221 02
SE,221 03
SE,221 04
SE,221 05
SE,221 09
SE,221 82
SE,221 83
SE,221 84
SE,221 85
SE,221 86
SE,221 87
SE,221 88
SE,222 00
SE,222 19
SE,222 20
SE,222 21
SE,222 22
SE,222 23
SE,222 24
SE,222 25
SE,222 26
SE,222 27
SE,222 28
SE,222 29
SE,222 30
SE,222 35
SE,222 36
SE,222 37
SE,222 39
SE,222 40
SE,222 41
SE,222 42
SE,222 70
SE,222 71
SE,222 74
SE,222 75
SE,222 76
SE,223 00
SE,223 49
SE,223 50
SE,223 51
SE,223 52
SE,223 53
SE,223 54
SE,223 55
SE,223 56
SE,223 57
SE,223 58
SE,223 59
SE,223 61
SE,223 62
SE,223 63
SE,223 69
SE,223 70
SE,223 81
SE,224 00
SE,224 21
SE,224 22
SE,224 30
SE,224 56
SE,224 57
SE,224 58
SE,224 60
SE,224 64
SE,224 65
SE,224 66
SE,224 67
SE,224 68
SE,224 71
SE,224 72
SE,224 73
SE,224 74
SE,224 75
SE,224 76
SE,224 77
SE,224 78
SE,224 79
SE,224 80
SE,224 81
SE,224 82
SE,224 84
SE,225 91
SE,225 92
SE,225 93
SE,225 94
SE,226 00
SE,226 38
SE,226 39
SE,226 41
SE,226 42
SE,226 43
SE,226 44
SE,226 45
SE,226 46
SE,226 47
SE,226 48
SE,226 49
SE,226 50
SE,226 51
SE,226 52
SE,226 53
SE,226 54
SE,226 55
SE,226 56
SE,226 57
SE,226 58
SE,226 60
SE,227 00
SE,227 21
SE,227 22
SE,227 28
SE,227 29
SE,227 30
SE,227 31
SE,227 32
SE,227 33
SE,227 34
SE,227 35
SE,227 36
SE,227 38
SE,227 60
SE,227 61
SE,227 62
SE,227 63
SE,227 64
SE,228 00
SE,228 10
SE,228 11
SE,228 12
SE,228 13
SE,228 14
SE,228 20
SE,230 32
SE,230 40
SE,230 41
SE,230 42
SE,230 43
SE,230 44
SE,230 53
SE,231 02
SE,231 03
SE,231 05
SE,231 06
SE,231 08
SE,231 10
SE,231 20
SE,231 21
SE,231 22
SE,231 23
SE,231 24
SE,231 25
SE,231 27
SE,231 31
SE,231 32
SE,231 33
SE,231 34
SE,231 36
SE,231 38
SE,231 42
SE,231 43
SE,231 44
SE,231 45
SE,231 51
SE,231 52
SE,231 53
SE,231 54
SE,231 55
SE,231 56
SE,231 61
SE,231 62
SE,231 63
SE,231 64
SE,231 65
SE,231 66
SE,231 67
SE,231 68
SE,231 69
SE,231 70
SE,231 72
SE,231 73
SE,231 75
SE,231 76
SE,231 78
SE,231 79
SE,231 81
SE,231 83
SE,231 85
SE,231 87
SE,231 91
SE,231 92
SE,231 93
SE,231 94
SE,231 95
SE,231 96
SE,231 97
SE,231 98
SE,231 99
SE,232 01
SE,232 02
SE,232 20
SE,232 21
SE,232 22
SE,232 23
SE,232 24
SE,232 31
SE,232 32
SE,232 33
SE,232 34
SE,232 35
SE,232 36
SE,232 37
SE,232 38
SE,232 39
SE,232 41
SE,232 51
SE,232 52
SE,232 53
SE,232 54
SE,232 61
SE,232 91
SE,233 01
SE,233 02
SE,233 20
SE,233 21
SE,233 22
SE,233 23
SE,233 24
SE,233 25
SE,233 26
SE,233 31
SE,233 32
SE,233 33
SE,233 34
SE,233 35
SE,233 36
SE,233 37
SE,233 38
SE,233 39
SE,233 41
SE,233 42
SE,233 43
SE,233 44
SE,233 51
SE,233 61
SE,233 62
SE,233 63
SE,233 64
SE,233 65
SE,233 71
SE,233 75
SE,233 76
SE,233 80
SE,233 81
SE,233 91
SE,233 92
SE,233 93
SE,233 94
SE,234 01
SE,234 20
SE,234 21
SE,234 22
SE,234 23
SE,234 27
SE,234 31
SE,234 32
SE,234 33
SE,234 34
SE,234 35
SE,234 36
SE,234 37
SE,234 38
SE,234 39
SE,234 40
SE,234 41
SE,234 42
SE,234 43
SE,234 56
SE,234 81
SE,235 01
SE,235 20
SE,235 21
SE,235 22
SE,235 25
SE,235 31
SE,235 32
SE,235 33
SE,235 34
SE,235 35
SE,235 36
SE,235 37
SE,235 38
SE,235 39
SE,235 41
SE,235 42
SE,235 43
SE,235 81
SE,235 82
SE,235 83
SE,235 91
SE,235 92
SE,235 93
SE,235 94
SE,235 99
SE,236 01
SE,236 20
SE,236 21
SE,236 22
SE,236 23
SE,236 24
SE,236 25
SE,236 31
SE,236 32
SE,236 33
SE,236 34
SE,236 35
SE,236 36
SE,236 37
SE,236 38
SE,236 41
SE,236 42
SE,236 51
SE,236 61
SE,236 91
SE,237 01
SE,237 20
SE,237 21
SE,237 22
SE,237 23
SE,237 24
SE,237 25
SE,237 31
SE,237 32
SE,237 33
SE,237 34
SE,237 35
SE,237 36
SE,237 37
SE,237 41
SE,237 42
SE,237 91
SE,238 01
SE,238 20
SE,238 21
SE,238 22
SE,238 23
SE,238 30
SE,238 31
SE,238 32
SE,238 33
SE,238 34
SE,238 35
SE,238 36
SE,238 37
SE,238 38
SE,238 39
SE,238 40
SE,238 41
SE,238 42
SE,238 43
SE,239 01
SE,239 20
SE,239 21
SE,239 22
SE,239 24
SE,239 30
SE,239 31
SE,239 32
SE,239 33
SE,239 34
SE,239 35
SE,239 36
SE,239 40
SE,239 41
SE,239 42
SE,240 10
SE,240 12
SE,240 13
SE,240 14
SE,240 30
SE,240 32
SE,240 33
SE,240 35
SE,240 36
SE,240 40
SE,241 02
SE,241 03
SE,241 05
SE,241 10
SE,241 20
SE,241 21
SE,241 22
SE,241 23
SE,241 24
SE,241 25
SE,241 26
SE,241 30
SE,241 31
SE,241 32
SE,241 33
SE,241 34
SE,241 35
SE,241 36
SE,241 37
SE,241 38
SE,241 39
SE,241 40
SE,241 61
SE,241 62
SE,241 64
SE,241 65
SE,241 71
SE,241 72
SE,241 74
SE,241 75
SE,241 80
SE,241 81
SE,241 91
SE,241 92
SE,241 93
SE,241 94
SE,241 95
SE,241 96
SE,242 01
SE,242 20
SE,242 21
SE,242 22
SE,242 24
SE,242 30
SE,242 31
SE,242 32
SE,242 33
SE,242 34
SE,242 35
SE,242 71
SE,242 72
SE,242 80
SE,242 91
SE,242 92
SE,242 93
SE,242 94
SE,242 95
SE,242 96
SE,242 97
SE,242 98
SE,243 01
SE,243 20
SE,243 21
SE,243 22
SE,243 23
SE,243 26
SE,243 30
SE,243 31
SE,243 32
SE,243 33
SE,243 34
SE,243 35
SE,243 36
SE,243 39
SE,243 40
SE,243 71
SE,243 72
SE,243 73
SE,243 91
SE,243 92
SE,243 93
SE,243 94
SE,243 95
SE,243 96
SE,243 97
SE,244 00
SE,244 01
SE,244 02
SE,244 20
SE,244 21
SE,244 22
SE,244 23
SE,244 24
SE,244 30
SE,244 31
SE,244 32
SE,244 33
SE,244 36
SE,244 38
SE,244 39
SE,244 41
SE,244 44
SE,244 45
SE,244 46
SE,244 60
SE,244 62
SE,244 63
SE,244 65
SE,244 66
SE,244 71
SE,244 80
SE,244 82
SE,244 91
SE,244 93
SE,244 94
SE,244 95
SE,245 01
SE,245 02
SE,245 18
SE,245 20
SE,245 21
SE,245 22
SE,245 23
SE,245 24
SE,245 25
SE,245 30
SE,245 31
SE,245 32
SE,245 33
SE,245 34
SE,245 35
SE,245 37
SE,245 38
SE,245 41
SE,245 42
SE,245 43
SE,245 44
SE,245 45
SE,245 46
SE,245 61
SE,245 62
SE,245 63
SE,245 64
SE,245 65
SE,245 66
SE,245 80
SE,245 91
SE,245 92
SE,245 93
SE,246 01
SE,246 02
SE,246 20
SE,246 21
SE,246 22
SE,246 25
SE,246 30
SE,246 31
SE,246 32
SE,246 33
SE,246 34
SE,246 35
SE,246 36
SE,246 41
SE,246 42
SE,246 43
SE,246 50
SE,246 51
SE,246 52
SE,246 55
SE,246 57
SE,247 00
SE,247 01
SE,247 19
SE,247 20
SE,247 21
SE,247 22
SE,247 23
SE,247 24
SE,247 25
SE,247 26
SE,247 27
SE,247 28
SE,247 29
SE,247 31
SE,247 32
SE,247 33
SE,247 34
SE,247 35
SE,247 36
SE,247 41
SE,247 45
SE,247 47
SE,247 50
SE,247 51
SE,247 52
SE,247 53
SE,247 54
SE,247 55
SE,247 56
SE,247 60
SE,247 61
SE,247 62
SE,247 63
SE,247 64
SE,247 70
SE,247 71
SE,247 72
SE,247 81
SE,247 82
SE,247 91
SE,247 92
SE,247 93
SE,247 94
SE,247 95
SE,247 96
SE,247 97
SE,247 98
SE,247 99
SE,250 02
SE,250 03
SE,250 04
SE,250 05
SE,250 06
SE,250 07
SE,250 08
SE,250 09
SE,250 13
SE,250 14
SE,250 15
SE,250 16
SE,250 18
SE,250 19
SE,250 20
SE,250 22
SE,250 23
SE,250 24
SE,250 25
SE,250 53
SE,250 54
SE,251 00
SE,251 01
SE,251 06
SE,251 07
SE,251 08
SE,251 09
SE,251 10
SE,251 11
SE,251 12
SE,251 13
SE,251 14
SE,251 81
SE,251 82
SE,251 83
SE,251 84
SE,251 85
SE,251 87
SE,251 88
SE,251 89
SE,252 00
SE,252 01
SE,252 02
SE,252 08
SE,252 18
SE,252 19
SE,252 20
SE,252 21
SE,252 22
SE,252 23
SE,252 24
SE,252 25
SE,252 26
SE,252 27
SE,252 28
SE,252 29
SE,252 30
SE,252 31
SE,252 32
SE,252 33
SE,252 34
SE,252 36
SE,252 37
SE,252 38
SE,252 40
SE,252 41
SE,252 44
SE,252 45
SE,252 46
SE,252 47
SE,252 48
SE,252 49
SE,252 50
SE,252 51
SE,252 52
SE,252 63
SE,252 66
SE,252 67
SE,252 68
SE,252 69
SE,252 70
SE,252 71
SE,252 75
SE,252 76
SE,252 77
SE,252 78
SE,252 79
SE,252 80
SE,252 84
SE,252 85
SE,252 86
SE,253 00
SE,253 01
SE,253 02
SE,253 41
SE,253 42
SE,253 51
SE,253 52
SE,253 53
SE,253 54
SE,253 55
SE,253 56
SE,253 60
SE,253 61
SE,253 62
SE,253 68
SE,253 73
SE,253 74
SE,253 75
SE,254 00
SE,254 01
SE,254 02
SE,254 03
SE,254 04
SE,254 08
SE,254 20
SE,254 21
SE,254 22
SE,254 23
SE,254 24
SE,254 26
SE,254 30
SE,254 31
SE,254 33
SE,254 34
SE,254 35
SE,254 36
SE,254 37
SE,254 38
SE,254 39
SE,254 40
SE,254 41
SE,254 42
SE,254 43
SE,254 44
SE,254 45
SE,254 46
SE,254 47
SE,254 48
SE,254 49
SE,254 50
SE,254 51
SE,254 52
SE,254 53
SE,254 54
SE,254 55
SE,254 56
SE,254 57
SE,254 58
SE,254 59
SE,254 60
SE,254 61
SE,254 62
SE,254 63
SE,254 64
SE,254 65
SE,254 66
SE,254 67
SE,254 68
SE,254 69
SE,254 70
SE,254 71
SE,254 72
SE,254 73
SE,254 74
SE,254 75
SE,254 76
SE,254 77
SE,254 78
SE,254 81
SE,254 82
SE,254 83
SE,254 84
SE,255 91
SE,255 92
SE,256 00
SE,256 54
SE,256 55
SE,256 56
SE,256 57
SE,256 58
SE,256 59
SE,256 61
SE,256 62
SE,256 63
SE,256 64
SE,256 65
SE,256 66
SE,256 67
SE,256 68
SE,256 69
SE,256 71
SE,257 21
SE,257 30
SE,257 31
SE,257 32
SE,257 33
SE,257 34
SE,258 00
SE,258 01
SE,258 02
SE,258 03
SE,258 04
SE,258 05
SE,258 06
SE,258 07
SE,258 08
SE,258 09
SE,258 10
SE,258 11
SE,258 12
SE,258 13
SE,258 14
SE,258 15
SE,258 16
SE,258 17
SE,258 18
SE,258 19
SE,258 20
SE,258 21
SE,258 22
SE,258 23
SE,258 24
SE,258 25
SE,258 26
SE,258 27
SE,258 28
SE,258 29
SE,258 30
SE,258 35
SE,258 40
SE,258 45
SE,258 50
SE,258 51
SE,258 52
SE,258 53
SE,258 54
SE,258 55
SE,258 56
SE,258 57
SE,258 58
SE,258 59
SE,258 60
SE,258 70
SE,258 90
SE,258 95
SE,258 96
SE,259 60
SE,259 61
SE,259 62
SE,259 63
SE,259 64
SE,259 65
SE,259 66
SE,259 67
SE,259 68
SE,259 69
SE,259 70
SE,259 71
SE,259 72
SE,259 73
SE,259 74
SE,259 75
SE,259 76
SE,259 77
SE,259 78
SE,259 79
SE,259 80
SE,259 81
SE,259 82
SE,259 83
SE,259 84
SE,259 85
SE,259 86
SE,259 87
SE,259 88
SE,259 89
SE,259 90
SE,259 91
SE,259 92
SE,259 93
SE,259 94
SE,259 95
SE,259 96
SE,259 97
SE,259 98
SE,259 99
SE,260 13
SE,260 20
SE,260 21
SE,260 22
SE,260 23
SE,260 24
SE,260 30
SE,260 33
SE,260 34
SE,260 35
SE,260 36
SE,260 37
SE,260 38
SE,260 39
SE,260 41
SE,260 42
SE,260 43
SE,260 50
SE,260 51
SE,260 60
SE,260 61
SE,260 70
SE,260 83
SE,260 91
SE,260 92
SE,260 93
SE,261 00
SE,261 03
SE,261 04
SE,261 06
SE,261 07
SE,261 08
SE,261 20
SE,261 22
SE,261 23
SE,261 24
SE,261 25
SE,261 26
SE,261 27
SE,261 29
SE,261 30
SE,261 31
SE,261 32
SE,261 33
SE,261 34
SE,261 35
SE,261 36
SE,261 37
SE,261 38
SE,261 39
SE,261 40
SE,261 41
SE,261 42
SE,261 43
SE,261 44
SE,261 45
SE,261 46
SE,261 47
SE,261 51
SE,261 52
SE,261 53
SE,261 60
SE,261 61
SE,261 62
SE,261 63
SE,261 65
SE,261 71
SE,261 72
SE,261 73
SE,261 75
SE,261 76
SE,261 80
SE,261 91
SE,261 92
SE,261 93
SE,261 94
SE,261 95
SE,262 00
SE,262 01
SE,262 10
SE,262 20
SE,262 21
SE,262 22
SE,262 23
SE,262 24
SE,262 30
SE,262 31
SE,262 32
SE,262 33
SE,262 34
SE,262 35
SE,262 36
SE,262 37
SE,262 41
SE,262 42
SE,262 43
SE,262 44
SE,262 50
SE,262 51
SE,262 52
SE,262 53
SE,262 54
SE,262 55
SE,262 57
SE,262 58
SE,262 60
SE,262 61
SE,262 62
SE,262 63
SE,262 64
SE,262 65
SE,262 66
SE,262 67
SE,262 68
SE,262 70
SE,262 71
SE,262 72
SE,262 73
SE,262 74
SE,262 78
SE,262 79
SE,262 80
SE,262 81
SE,262 82
SE,262 84
SE,262 91
SE,262 92
SE,262 93
SE,262 94
SE,262 95
SE,262 96
SE,263 00
SE,263 02
SE,263 03
SE,263 20
SE,263 21
SE,263 22
SE,263 23
SE,263 25
SE,263 31
SE,263 32
SE,263 33
SE,263 34
SE,263 35
SE,263 36
SE,263 37
SE,263 38
SE,263 39
SE,263 50
SE,263 51
SE,263 52
SE,263 53
SE,263 54
SE,263 57
SE,263 58
SE,263 61
SE,263 62
SE,263 63
SE,263 64
SE,263 65
SE,263 71
SE,263 72
SE,263 73
SE,263 75
SE,263 76
SE,263 77
SE,263 82
SE,263 83
SE,263 91
SE,263 92
SE,263 93
SE,263 94
SE,263 95
SE,264 01
SE,264 02
SE,264 03
SE,264 20
SE,264 21
SE,264 22
SE,264 23
SE,264 31
SE,264 32
SE,264 33
SE,264 34
SE,264 35
SE,264 36
SE,264 37
SE,264 38
SE,264 39
SE,264 51
SE,264 52
SE,264 53
SE,264 54
SE,264 70
SE,264 71
SE,264 80
SE,264 91
SE,264 92
SE,264 93
SE,264 94
SE,265 01
SE,265 02
SE,265 03
SE,265 20
SE,265 21
SE,265 22
SE,265 24
SE,265 25
SE,265 30
SE,265 31
SE,265 32
SE,265 33
SE,265 34
SE,265 35
SE,265 36
SE,265 37
SE,265 38
SE,265 39
SE,265 40
SE,265 50
SE,265 71
SE,265 72
SE,265 74
SE,265 75
SE,265 80
SE,265 81
SE,265 82
SE,265 90
SE,266 02
SE,266 07
SE,266 20
SE,266 21
SE,266 31
SE,266 32
SE,266 33
SE,266 34
SE,266 35
SE,266 51
SE,266 52
SE,266 53
SE,266 54
SE,266 55
SE,266 75
SE,266 91
SE,266 92
SE,266 93
SE,266 94
SE,266 95
SE,266 97
SE,266 98
SE,267 01
SE,267 02
SE,267 03
SE,267 20
SE,267 21
SE,267 22
SE,267 23
SE,267 25
SE,267 31
SE,267 32
SE,267 33
SE,267 34
SE,267 35
SE,267 36
SE,267 37
SE,267 38
SE,267 39
SE,267 40
SE,267 41
SE,267 71
SE,267 72
SE,267 73
SE,267 74
SE,267 75
SE,267 76
SE,267 77
SE,267 81
SE,267 82
SE,267 90
SE,268 01
SE,268 02
SE,268 05
SE,268 20
SE,268 21
SE,268 22
SE,268 31
SE,268 32
SE,268 33
SE,268 34
SE,268 68
SE,268 71
SE,268 72
SE,268 73
SE,268 74
SE,268 75
SE,268 76
SE,268 77
SE,268 78
SE,268 80
SE,268 81
SE,268 90
SE,269 01
SE,269 02
SE,269 04
SE,269 20
SE,269 21
SE,269 22
SE,269 25
SE,269 31
SE,269 32
SE,269 33
SE,269 34
SE,269 35
SE,269 36
SE,269 37
SE,269 38
SE,269 39
SE,269 40
SE,269 41
SE,269 42
SE,269 43
SE,269 44
SE,269 62
SE,269 71
SE,269 72
SE,269 73
SE,269 74
SE,269 76
SE,269 77
SE,269 78
SE,269 80
SE,269 81
SE,269 82
SE,269 83
SE,269 84
SE,269 91
SE,269 92
SE,269 93
SE,269 94
SE,269 95
SE,269 96
SE,270 21
SE,270 22
SE,270 31
SE,270 33
SE,270 35
SE,271 00
SE,271 01
SE,271 02
SE,271 20
SE,271 21
SE,271 22
SE,271 23
SE,271 24
SE,271 25
SE,271 31
SE,271 32
SE,271 33
SE,271 34
SE,271 35
SE,271 36
SE,271 37
SE,271 38
SE,271 39
SE,271 40
SE,271 41
SE,271 42
SE,271 43
SE,271 44
SE,271 45
SE,271 46
SE,271 50
SE,271 51
SE,271 52
SE,271 53
SE,271 54
SE,271 55
SE,271 56
SE,271 57
SE,271 60
SE,271 70
SE,271 71
SE,271 72
SE,271 73
SE,271 74
SE,271 75
SE,271 76
SE,271 77
SE,271 78
SE,271 80
SE,271 81
SE,271 82
SE,271 83
SE,271 91
SE,271 92
SE,271 93
SE,271 94
SE,271 95
SE,271 96
SE,271 97
SE,271 98
SE,271 99
SE,272 00
SE,272 03
SE,272 20
SE,272 21
SE,272 22
SE,272 23
SE,272 24
SE,272 31
SE,272 32
SE,272 33
SE,272 34
SE,272 35
SE,272 36
SE,272 37
SE,272 38
SE,272 39
SE,272 61
SE,272 80
SE,272 81
SE,272 91
SE,272 92
SE,272 93
SE,272 94
SE,272 95
SE,272 96
SE,272 97
SE,273 01
SE,273 03
SE,273 20
SE,273 21
SE,273 22
SE,273 30
SE,273 31
SE,273 32
SE,273 33
SE,273 34
SE,273 35
SE,273 36
SE,273 50
SE,273 55
SE,273 57
SE,273 70
SE,273 71
SE,273 72
SE,273 75
SE,273 80
SE,273 91
SE,273 92
SE,273 93
SE,273 94
SE,273 95
SE,273 96
SE,273 97
SE,273 98
SE,274 01
SE,274 02
SE,274 03
SE,274 04
SE,274 06
SE,274 20
SE,274 21
SE,274 22
SE,274 23
SE,274 24
SE,274 30
SE,274 31
SE,274 32
SE,274 33
SE,274 34
SE,274 35
SE,274 36
SE,274 37
SE,274 38
SE,274 50
SE,274 51
SE,274 53
SE,274 54
SE,274 56
SE,274 60
SE,274 61
SE,274 62
SE,274 63
SE,274 80
SE,274 91
SE,274 92
SE,274 93
SE,274 94
SE,275 00
SE,275 06
SE,275 20
SE,275 21
SE,275 22
SE,275 23
SE,275 30
SE,275 31
SE,275 32
SE,275 33
SE,275 34
SE,275 35
SE,275 36
SE,275 37
SE,275 38
SE,275 39
SE,275 62
SE,275 63
SE,275 64
SE,275 66
SE,275 67
SE,275 68
SE,275 70
SE,275 71
SE,275 72
SE,275 75
SE,275 76
SE,275 80
SE,275 91
SE,275 92
SE,275 93
SE,275 94
SE,275 95
SE,275 96
SE,276 02
SE,276 03
SE,276 21
SE,276 30
SE,276 35
SE,276 36
SE,276 37
SE,276 40
SE,276 45
SE,276 46
SE,276 50
SE,276 55
SE,276 56
SE,276 60
SE,277 01
SE,277 21
SE,277 30
SE,277 31
SE,277 32
SE,277 35
SE,277 36
SE,277 37
SE,277 40
SE,277 45
SE,277 50
SE,277 55
SE,277 56
SE,277 57
SE,280 10
SE,280 20
SE,280 22
SE,280 23
SE,280 40
SE,280 60
SE,280 63
SE,280 64
SE,280 70
SE,280 72
SE,281 00
SE,281 01
SE,281 02
SE,281 03
SE,281 08
SE,281 10
SE,281 11
SE,281 20
SE,281 21
SE,281 22
SE,281 23
SE,281 24
SE,281 25
SE,281 26
SE,281 30
SE,281 31
SE,281 32
SE,281 33
SE,281 34
SE,281 35
SE,281 36
SE,281 37
SE,281 38
SE,281 39
SE,281 40
SE,281 41
SE,281 42
SE,281 43
SE,281 44
SE,281 45
SE,281 46
SE,281 47
SE,281 48
SE,281 49
SE,281 50
SE,281 51
SE,281 52
SE,281 53
SE,281 54
SE,281 55
SE,281 80
SE,281 81
SE,281 82
SE,281 83
SE,281 85
SE,281 87
SE,281 91
SE,281 92
SE,281 93
SE,281 95
SE,281 97
SE,282 01
SE,282 03
SE,282 04
SE,282 05
SE,282 06
SE,282 20
SE,282 21
SE,282 22
SE,282 23
SE,282 24
SE,282 31
SE,282 32
SE,282 33
SE,282 34
SE,282 35
SE,282 61
SE,282 62
SE,282 63
SE,282 64
SE,282 65
SE,282 66
SE,282 67
SE,282 68
SE,282 69
SE,282 71
SE,282 72
SE,282 73
SE,282 74
SE,282 75
SE,282 76
SE,282 91
SE,282 92
SE,282 93
SE,282 94
SE,282 95
SE,283 00
SE,283 01
SE,283 02
SE,283 20
SE,283 21
SE,283 22
SE,283 23
SE,283 31
SE,283 32
SE,283 33
SE,283 34
SE,283 35
SE,283 36
SE,283 41
SE,283 42
SE,283 43
SE,283 44
SE,283 45
SE,283 50
SE,283 71
SE,283 72
SE,283 76
SE,283 80
SE,283 83
SE,283 91
SE,283 93
SE,283 94
SE,283 95
SE,283 96
SE,284 01
SE,284 20
SE,284 21
SE,284 22
SE,284 31
SE,284 32
SE,284 33
SE,284 34
SE,284 35
SE,284 36
SE,284 37
SE,284 38
SE,284 80
SE,284 85
SE,284 91
SE,284 92
SE,285 01
SE,285 20
SE,285 21
SE,285 22
SE,285 23
SE,285 24
SE,285 31
SE,285 32
SE,285 33
SE,285 34
SE,285 35
SE,285 36
SE,285 37
SE,285 38
SE,285 39
SE,285 40
SE,285 91
SE,285 93
SE,286 01
SE,286 20
SE,286 21
SE,286 22
SE,286 31
SE,286 32
SE,286 33
SE,286 34
SE,286 35
SE,286 36
SE,286 37
SE,286 38
SE,286 72
SE,286 73
SE,286 74
SE,286 75
SE,286 80
SE,286 85
SE,286 91
SE,286 92
SE,286 95
SE,287 02
SE,287 21
SE,287 22
SE,287 24
SE,287 31
SE,287 32
SE,287 33
SE,287 34
SE,287 72
SE,287 81
SE,287 91
SE,287 92
SE,287 93
SE,288 20
SE,288 21
SE,288 22
SE,288 31
SE,288 32
SE,288 33
SE,288 34
SE,288 90
SE,288 93
SE,289 00
SE,289 03
SE,289 04
SE,289 05
SE,289 06
SE,289 20
SE,289 21
SE,289 31
SE,289 32
SE,289 33
SE,289 40
SE,289 41
SE,289 42
SE,289 43
SE,289 46
SE,289 47
SE,289 50
SE,289 71
SE,289 72
SE,289 73
SE,289 89
SE,289 90
SE,289 92
SE,289 93
SE,289 94
SE,290 10
SE,290 11
SE,290 30
SE,290 31
SE,290 32
SE,290 33
SE,290 34
SE,290 37
SE,290 38
SE,290 50
SE,290 51
SE,290 60
SE,290 62
SE,291 00
SE,291 02
SE,291 03
SE,291 05
SE,291 07
SE,291 08
SE,291 09
SE,291 11
SE,291 12
SE,291 13
SE,291 14
SE,291 15
SE,291 16
SE,291 17
SE,291 20
SE,291 21
SE,291 22
SE,291 23
SE,291 25
SE,291 26
SE,291 28
SE,291 29
SE,291 30
SE,291 31
SE,291 32
SE,291 33
SE,291 34
SE,291 35
SE,291 36
SE,291 37
SE,291 38
SE,291 39
SE,291 40
SE,291 41
SE,291 42
SE,291 43
SE,291 44
SE,291 45
SE,291 46
SE,291 47
SE,291 48
SE,291 49
SE,291 50
SE,291 51
SE,291 53
SE,291 54
SE,291 55
SE,291 56
SE,291 57
SE,291 58
SE,291 59
SE,291 60
SE,291 61
SE,291 62
SE,291 63
SE,291 65
SE,291 66
SE,291 67
SE,291 68
SE,291 69
SE,291 70
SE,291 73
SE,291 75
SE,291 76
SE,291 77
SE,291 80
SE,291 81
SE,291 84
SE,291 85
SE,291 86
SE,291 87
SE,291 88
SE,291 89
SE,291 91
SE,291 92
SE,291 93
SE,291 94
SE,291 95
SE,291 96
SE,291 97
SE,291 98
SE,293 00
SE,293 02
SE,293 20
SE,293 21
SE,293 22
SE,293 23
SE,293 24
SE,293 31
SE,293 32
SE,293 33
SE,293 34
SE,293 35
SE,293 36
SE,293 37
SE,293 38
SE,293 39
SE,293 40
SE,293 41
SE,293 42
SE,293 72
SE,293 73
SE,293 74
SE,293 80
SE,293 91
SE,293 92
SE,293 93
SE,293 94
SE,293 95
SE,294 00
SE,294 02
SE,294 05
SE,294 07
SE,294 20
SE,294 21
SE,294 22
SE,294 23
SE,294 25
SE,294 31
SE,294 32
SE,294 33
SE,294 34
SE,294 35
SE,294 36
SE,294 37
SE,294 38
SE,294 39
SE,294 40
SE,294 71
SE,294 72
SE,294 74
SE,294 75
SE,294 76
SE,294 77
SE,294 80
SE,294 81
SE,294 91
SE,294 92
SE,294 93
SE,294 94
SE,294 95
SE,295 00
SE,295 04
SE,295 20
SE,295 21
SE,295 22
SE,295 23
SE,295 31
SE,295 32
SE,295 34
SE,295 35
SE,295 36
SE,295 37
SE,295 38
SE,295 39
SE,295 51
SE,295 72
SE,295 73
SE,295 74
SE,295 80
SE,295 91
SE,295 94
SE,296 00
SE,296 02
SE,296 03
SE,296 20
SE,296 21
SE,296 22
SE,296 23
SE,296 24
SE,296 25
SE,296 31
SE,296 32
SE,296 33
SE,296 34
SE,296 35
SE,296 37
SE,296 38
SE,296 39
SE,296 41
SE,296 72
SE,296 80
SE,296 81
SE,296 85
SE,296 86
SE,296 91
SE,296 92
SE,297 01
SE,297 02
SE,297 20
SE,297 21
SE,297 22
SE,297 31
SE,297 32
SE,297 72
SE,297 91
SE,297 92
SE,297 93
SE,297 94
SE,297 95
SE,297 96
SE,298 01
SE,298 20
SE,298 21
SE,298 31
SE,298 32
SE,298 33
SE,298 34
SE,298 91
SE,298 92
SE,298 93
SE,298 94
SE,298 96
SE,300 04
SE,300 05
SE,300 07
SE,300 08
SE,300 10
SE,300 13
SE,301 02
SE,301 03
SE,301 04
SE,301 05
SE,301 06
SE,301 07
SE,301 08
SE,301 09
SE,301 10
SE,301 16
SE,301 17
SE,301 18
SE,301 19
SE,301 21
SE,301 22
SE,301 23
SE,301 24
SE,301 25
SE,301 27
SE,301 28
SE,301 80
SE,301 81
SE,301 82
SE,301 85
SE,301 86
SE,301 87
SE,302 01
SE,302 02
SE,302 03
SE,302 04
SE,302 20
SE,302 21
SE,302 22
SE,302 23
SE,302 24
SE,302 25
SE,302 26
SE,302 27
SE,302 28
SE,302 29
SE,302 30
SE,302 31
SE,302 32
SE,302 33
SE,302 34
SE,302 35
SE,302 36
SE,302 37
SE,302 38
SE,302 39
SE,302 40
SE,302 41
SE,302 42
SE,302 43
SE,302 44
SE,302 45
SE,302 46
SE,302 47
SE,302 48
SE,302 49
SE,302 50
SE,302 51
SE,302 52
SE,302 53
SE,302 54
SE,302 55
SE,302 56
SE,302 57
SE,302 58
SE,302 59
SE,302 60
SE,302 61
SE,302 62
SE,302 63
SE,302 64
SE,302 65
SE,302 66
SE,302 67
SE,302 68
SE,302 69
SE,302 70
SE,302 71
SE,302 72
SE,302 73
SE,302 74
SE,302 75
SE,302 76
SE,302 77
SE,302 79
SE,302 83
SE,302 90
SE,302 91
SE,302 92
SE,302 93
SE,302 94
SE,302 95
SE,302 96
SE,305 04
SE,305 05
SE,305 60
SE,305 61
SE,305 64
SE,305 65
SE,305 70
SE,305 71
SE,305 72
SE,305 75
SE,305 76
SE,305 77
SE,305 78
SE,305 91
SE,305 92
SE,305 93
SE,305 94
SE,305 95
SE,305 96
SE,305 97
SE,308 00
SE,308 01
SE,310 20
SE,310 21
SE,310 31
SE,310 34
SE,310 38
SE,310 40
SE,310 41
SE,310 42
SE,310 44
SE,310 50
SE,310 58
SE,310 60
SE,310 61
SE,310 62
SE,310 63
SE,310 83
SE,311 00
SE,311 01
SE,311 03
SE,311 04
SE,311 05
SE,311 06
SE,311 09
SE,311 10
SE,311 20
SE,311 21
SE,311 22
SE,311 23
SE,311 30
SE,311 31
SE,311 32
SE,311 33
SE,311 34
SE,311 35
SE,311 36
SE,311 37
SE,311 38
SE,311 39
SE,311 40
SE,311 41
SE,311 42
SE,311 43
SE,311 44
SE,311 45
SE,311 46
SE,311 47
SE,311 48
SE,311 50
SE,311 51
SE,311 52
SE,311 54
SE,311 60
SE,311 61
SE,311 62
SE,311 63
SE,311 64
SE,311 65
SE,311 67
SE,311 68
SE,311 69
SE,311 70
SE,311 71
SE,311 72
SE,311 73
SE,311 74
SE,311 75
SE,311 76
SE,311 77
SE,311 78
SE,311 79
SE,311 80
SE,311 81
SE,311 82
SE,311 83
SE,311 84
SE,311 85
SE,311 90
SE,311 91
SE,311 92
SE,311 93
SE,311 94
SE,311 95
SE,311 96
SE,311 97
SE,311 98
SE,311 99
SE,312 00
SE,312 02
SE,312 03
SE,312 04
SE,312 05
SE,312 06
SE,312 07
SE,312 20
SE,312 21
SE,312 22
SE,312 30
SE,312 31
SE,312 32
SE,312 33
SE,312 34
SE,312 35
SE,312 36
SE,312 40
SE,312 45
SE,312 50
SE,312 51
SE,312 52
SE,312 53
SE,312 60
SE,312 61
SE,312 62
SE,312 71
SE,312 72
SE,312 73
SE,312 75
SE,312 77
SE,312 80
SE,312 91
SE,312 92
SE,312 93
SE,312 94
SE,312 95
SE,312 96
SE,312 97
SE,312 98
SE,313 01
SE,313 02
SE,313 03
SE,313 20
SE,313 21
SE,313 22
SE,313 30
SE,313 31
SE,313 32
SE,313 33
SE,313 50
SE,313 91
SE,313 92
SE,313 93
SE,313 94
SE,313 95
SE,313 96
SE,313 97
SE,314 01
SE,314 03
SE,314 04
SE,314 05
SE,314 20
SE,314 21
SE,314 22
SE,314 31
SE,314 32
SE,314 33
SE,314 34
SE,314 41
SE,314 42
SE,314 51
SE,314 52
SE,314 80
SE,314 81
SE,314 82
SE,314 91
SE,314 92
SE,314 93
SE,314 94
SE,314 95
SE,314 96
SE,314 97
SE,314 98
SE,330 10
SE,330 12
SE,330 15
SE,330 17
SE,330 18
SE,330 21
SE,330 26
SE,330 27
SE,330 31
SE,330 33
SE,331 01
SE,331 02
SE,331 03
SE,331 04
SE,331 20
SE,331 21
SE,331 22
SE,331 23
SE,331 24
SE,331 25
SE,331 26
SE,331 27
SE,331 29
SE,331 30
SE,331 31
SE,331 32
SE,331 33
SE,331 34
SE,331 35
SE,331 36
SE,331 37
SE,331 40
SE,331 41
SE,331 42
SE,331 43
SE,331 44
SE,331 50
SE,331 51
SE,331 52
SE,331 53
SE,331 54
SE,331 55
SE,331 56
SE,331 71
SE,331 72
SE,331 73
SE,331 74
SE,331 76
SE,331 77
SE,331 79
SE,331 81
SE,331 82
SE,331 83
SE,331 84
SE,331 85
SE,331 91
SE,331 92
SE,331 93
SE,331 94
SE,331 95
SE,331 96
SE,331 97
SE,331 98
SE,332 01
SE,332 20
SE,332 21
SE,332 22
SE,332 23
SE,332 24
SE,332 25
SE,332 28
SE,332 30
SE,332 31
SE,332 32
SE,332 33
SE,332 34
SE,332 35
SE,332 36
SE,332 37
SE,332 38
SE,332 80
SE,332 81
SE,332 91
SE,332 92
SE,333 01
SE,333 02
SE,333 03
SE,333 04
SE,333 20
SE,333 21
SE,333 22
SE,333 23
SE,333 24
SE,333 28
SE,333 30
SE,333 31
SE,333 32
SE,333 33
SE,333 71
SE,333 72
SE,333 73
SE,333 74
SE,333 75
SE,333 76
SE,333 77
SE,333 78
SE,333 91
SE,333 92
SE,333 93
SE,334 01
SE,334 20
SE,334 21
SE,334 22
SE,334 23
SE,334 24
SE,334 25
SE,334 31
SE,334 32
SE,334 33
SE,334 35
SE,334 80
SE,334 91
SE,335 01
SE,335 03
SE,335 04
SE,335 20
SE,335 21
SE,335 22
SE,335 23
SE,335 24
SE,335 25
SE,335 28
SE,335 30
SE,335 31
SE,335 32
SE,335 33
SE,335 71
SE,335 72
SE,335 73
SE,335 74
SE,335 80
SE,335 91
SE,335 92
SE,335 93
SE,335 94
SE,335 95
SE,335 96
SE,340 10
SE,340 12
SE,340 13
SE,340 14
SE,340 15
SE,340 30
SE,340 32
SE,340 36
SE,340 37
SE,341 01
SE,341 02
SE,341 04
SE,341 05
SE,341 06
SE,341 07
SE,341 08
SE,341 09
SE,341 10
SE,341 11
SE,341 12
SE,341 14
SE,341 16
SE,341 17
SE,341 18
SE,341 20
SE,341 21
SE,341 22
SE,341 23
SE,341 24
SE,341 25
SE,341 26
SE,341 30
SE,341 31
SE,341 32
SE,341 33
SE,341 34
SE,341 35
SE,341 36
SE,341 37
SE,341 38
SE,341 39
SE,341 40
SE,341 41
SE,341 42
SE,341 43
SE,341 44
SE,341 50
SE,341 51
SE,341 52
SE,341 55
SE,341 60
SE,341 70
SE,341 71
SE,341 72
SE,341 73
SE,341 74
SE,341 75
SE,341 76
SE,341 77
SE,341 80
SE,341 81
SE,341 82
SE,341 83
SE,341 84
SE,341 85
SE,341 91
SE,341 93
SE,341 94
SE,341 95
SE,341 96
SE,342 00
SE,342 01
SE,342 05
SE,342 06
SE,342 10
SE,342 11
SE,342 20
SE,342 21
SE,342 22
SE,342 23
SE,342 30
SE,342 31
SE,342 32
SE,342 33
SE,342 34
SE,342 35
SE,342 36
SE,342 50
SE,342 51
SE,342 52
SE,342 53
SE,342 54
SE,342 55
SE,342 60
SE,342 61
SE,342 62
SE,342 63
SE,342 64
SE,342 65
SE,342 80
SE,342 90
SE,342 91
SE,342 92
SE,342 93
SE,342 94
SE,342 95
SE,343 01
SE,343 20
SE,343 21
SE,343 22
SE,343 23
SE,343 24
SE,343 30
SE,343 31
SE,343 32
SE,343 33
SE,343 34
SE,343 35
SE,343 36
SE,343 37
SE,343 38
SE,343 41
SE,343 71
SE,343 72
SE,343 73
SE,343 74
SE,343 75
SE,343 76
SE,343 81
SE,343 82
SE,343 90
SE,343 91
SE,343 92
SE,343 93
SE,343 94
SE,343 95
SE,343 96
SE,343 97
SE,350 02
SE,350 03
SE,350 04
SE,350 05
SE,350 06
SE,350 07
SE,350 08
SE,350 33
SE,350 43
SE,350 53
SE,351 01
SE,351 02
SE,351 03
SE,351 04
SE,351 05
SE,351 06
SE,351 08
SE,351 12
SE,351 15
SE,351 21
SE,351 23
SE,351 24
SE,351 25
SE,351 26
SE,351 27
SE,351 28
SE,351 29
SE,351 70
SE,351 80
SE,351 81
SE,351 82
SE,351 83
SE,351 84
SE,351 85
SE,351 86
SE,351 87
SE,351 88
SE,351 89
SE,351 94
SE,351 95
SE,351 96
SE,351 97
SE,352 20
SE,352 21
SE,352 22
SE,352 23
SE,352 26
SE,352 29
SE,352 30
SE,352 31
SE,352 32
SE,352 33
SE,352 34
SE,352 35
SE,352 36
SE,352 37
SE,352 38
SE,352 39
SE,352 40
SE,352 41
SE,352 42
SE,352 43
SE,352 44
SE,352 45
SE,352 46
SE,352 47
SE,352 48
SE,352 49
SE,352 50
SE,352 51
SE,352 52
SE,352 53
SE,352 54
SE,352 55
SE,352 56
SE,352 57
SE,352 58
SE,352 59
SE,352 60
SE,352 61
SE,352 62
SE,352 63
SE,352 64
SE,352 65
SE,352 66
SE,352 70
SE,352 71
SE,352 72
SE,352 73
SE,352 74
SE,355 71
SE,355 72
SE,355 73
SE,355 74
SE,355 75
SE,355 91
SE,355 92
SE,355 93
SE,355 94
SE,355 95
SE,355 96
SE,355 97
SE,355 98
SE,355 99
SE,358 01
SE,358 03
SE,358 10
SE,358 11
SE,358 12
SE,359 30
SE,359 40
SE,359 70
SE,359 99
SE,360 10
SE,360 13
SE,360 14
SE,360 23
SE,360 24
SE,360 30
SE,360 32
SE,360 40
SE,360 42
SE,360 43
SE,360 44
SE,360 47
SE,360 50
SE,360 51
SE,360 52
SE,360 53
SE,360 60
SE,360 65
SE,360 70
SE,360 71
SE,360 72
SE,360 73
SE,360 74
SE,360 75
SE,360 76
SE,360 77
SE,361 01
SE,361 20
SE,361 21
SE,361 22
SE,361 30
SE,361 31
SE,361 32
SE,361 33
SE,361 42
SE,361 53
SE,361 54
SE,361 80
SE,361 91
SE,361 92
SE,361 93
SE,361 94
SE,361 95
SE,361 96
SE,361 97
SE,362 00
SE,362 01
SE,362 20
SE,362 21
SE,362 22
SE,362 23
SE,362 30
SE,362 31
SE,362 32
SE,362 40
SE,362 50
SE,362 51
SE,362 52
SE,362 53
SE,362 54
SE,362 56
SE,362 57
SE,362 58
SE,362 91
SE,362 92
SE,362 93
SE,362 94
SE,362 95
SE,362 96
SE,362 97
SE,362 98
SE,363 03
SE,363 21
SE,363 30
SE,363 31
SE,363 33
SE,363 34
SE,363 35
SE,363 41
SE,363 42
SE,363 44
SE,363 45
SE,363 91
SE,363 92
SE,363 93
SE,363 94
SE,364 03
SE,364 04
SE,364 21
SE,364 30
SE,364 31
SE,364 33
SE,364 41
SE,364 42
SE,364 43
SE,364 44
SE,364 45
SE,364 91
SE,364 92
SE,364 93
SE,364 95
SE,364 96
SE,364 97
SE,365 31
SE,365 32
SE,365 33
SE,365 41
SE,365 42
SE,365 43
SE,365 44
SE,365 91
SE,365 92
SE,365 93
SE,365 94
SE,370 10
SE,370 11
SE,370 12
SE,370 17
SE,370 22
SE,370 23
SE,370 24
SE,370 30
SE,370 33
SE,370 34
SE,370 42
SE,370 43
SE,370 45
SE,371 00
SE,371 01
SE,371 02
SE,371 04
SE,371 05
SE,371 06
SE,371 07
SE,371 08
SE,371 10
SE,371 11
SE,371 12
SE,371 13
SE,371 14
SE,371 15
SE,371 16
SE,371 18
SE,371 20
SE,371 21
SE,371 22
SE,371 23
SE,371 24
SE,371 25
SE,371 29
SE,371 30
SE,371 31
SE,371 32
SE,371 33
SE,371 34
SE,371 35
SE,371 36
SE,371 37
SE,371 38
SE,371 39
SE,371 40
SE,371 41
SE,371 42
SE,371 43
SE,371 44
SE,371 45
SE,371 46
SE,371 47
SE,371 48
SE,371 49
SE,371 50
SE,371 51
SE,371 52
SE,371 53
SE,371 54
SE,371 55
SE,371 56
SE,371 57
SE,371 60
SE,371 61
SE,371 62
SE,371 63
SE,371 64
SE,371 65
SE,371 70
SE,371 75
SE,371 79
SE,371 80
SE,371 81
SE,371 82
SE,371 83
SE,371 84
SE,371 85
SE,371 86
SE,371 87
SE,371 88
SE,371 89
SE,371 91
SE,371 92
SE,371 93
SE,371 94
SE,372 00
SE,372 01
SE,372 02
SE,372 06
SE,372 18
SE,372 19
SE,372 20
SE,372 21
SE,372 22
SE,372 25
SE,372 29
SE,372 30
SE,372 31
SE,372 32
SE,372 33
SE,372 34
SE,372 35
SE,372 36
SE,372 37
SE,372 38
SE,372 39
SE,372 40
SE,372 41
SE,372 50
SE,372 51
SE,372 52
SE,372 53
SE,372 60
SE,372 61
SE,372 62
SE,372 63
SE,372 73
SE,372 74
SE,372 75
SE,372 76
SE,372 77
SE,372 78
SE,372 80
SE,372 81
SE,372 90
SE,372 91
SE,372 92
SE,372 93
SE,372 94
SE,372 95
SE,372 96
SE,372 97
SE,372 98
SE,373 00
SE,373 02
SE,373 03
SE,373 04
SE,373 05
SE,373 06
SE,373 07
SE,373 20
SE,373 30
SE,373 31
SE,373 32
SE,373 33
SE,373 34
SE,373 35
SE,373 36
SE,373 37
SE,373 38
SE,373 39
SE,373 40
SE,373 41
SE,373 42
SE,373 43
SE,373 44
SE,373 45
SE,373 46
SE,373 51
SE,373 52
SE,373 53
SE,373 54
SE,373 61
SE,373 62
SE,373 63
SE,373 64
SE,373 65
SE,373 66
SE,373 71
SE,373 72
SE,373 73
SE,373 74
SE,373 75
SE,373 77
SE,373 78
SE,373 79
SE,374 00
SE,374 01
SE,374 02
SE,374 20
SE,374 21
SE,374 22
SE,374 23
SE,374 24
SE,374 30
SE,374 31
SE,374 32
SE,374 33
SE,374 34
SE,374 35
SE,374 36
SE,374 37
SE,374 38
SE,374 39
SE,374 40
SE,374 41
SE,374 50
SE,374 51
SE,374 52
SE,374 53
SE,374 54
SE,374 70
SE,374 80
SE,374 81
SE,374 82
SE,374 83
SE,374 91
SE,374 92
SE,374 93
SE,374 94
SE,374 95
SE,374 96
SE,375 20
SE,375 21
SE,375 22
SE,375 30
SE,375 31
SE,375 32
SE,375 33
SE,375 34
SE,375 85
SE,375 86
SE,375 90
SE,375 91
SE,376 20
SE,376 23
SE,376 24
SE,376 35
SE,376 36
SE,376 37
SE,376 81
SE,376 82
SE,376 92
SE,376 93
SE,380 30
SE,380 31
SE,380 40
SE,380 41
SE,380 42
SE,380 44
SE,380 52
SE,380 53
SE,380 62
SE,380 65
SE,380 74
SE,380 75
SE,382 01
SE,382 20
SE,382 21
SE,382 22
SE,382 23
SE,382 24
SE,382 28
SE,382 30
SE,382 31
SE,382 32
SE,382 33
SE,382 34
SE,382 35
SE,382 36
SE,382 37
SE,382 38
SE,382 39
SE,382 40
SE,382 41
SE,382 42
SE,382 43
SE,382 44
SE,382 45
SE,382 46
SE,382 71
SE,382 72
SE,382 73
SE,382 74
SE,382 75
SE,382 76
SE,382 80
SE,382 90
SE,382 91
SE,382 92
SE,382 93
SE,382 94
SE,382 96
SE,382 97
SE,383 01
SE,383 20
SE,383 21
SE,383 22
SE,383 23
SE,383 24
SE,383 25
SE,383 30
SE,383 31
SE,383 32
SE,383 33
SE,383 34
SE,383 35
SE,383 36
SE,383 37
SE,383 38
SE,383 39
SE,383 91
SE,383 92
SE,384 02
SE,384 20
SE,384 21
SE,384 22
SE,384 30
SE,384 31
SE,384 40
SE,384 71
SE,384 72
SE,384 73
SE,384 91
SE,384 92
SE,384 93
SE,385 01
SE,385 02
SE,385 03
SE,385 20
SE,385 21
SE,385 22
SE,385 25
SE,385 30
SE,385 31
SE,385 32
SE,385 33
SE,385 34
SE,385 40
SE,385 41
SE,385 42
SE,385 50
SE,385 51
SE,385 90
SE,385 91
SE,385 92
SE,385 93
SE,385 94
SE,385 95
SE,385 96
SE,385 97
SE,385 98
SE,385 99
SE,386 01
SE,386 02
SE,386 20
SE,386 21
SE,386 22
SE,386 23
SE,386 30
SE,386 31
SE,386 32
SE,386 33
SE,386 34
SE,386 35
SE,386 50
SE,386 51
SE,386 60
SE,386 61
SE,386 62
SE,386 63
SE,386 64
SE,386 80
SE,386 90
SE,386 92
SE,386 93
SE,386 94
SE,386 95
SE,386 96
SE,387 01
SE,387 03
SE,387 04
SE,387 20
SE,387 21
SE,387 22
SE,387 23
SE,387 24
SE,387 30
SE,387 31
SE,387 32
SE,387 33
SE,387 34
SE,387 35
SE,387 36
SE,387 37
SE,387 38
SE,387 50
SE,387 51
SE,387 52
SE,387 70
SE,387 71
SE,387 72
SE,387 73
SE,387 74
SE,387 75
SE,387 88
SE,387 90
SE,387 91
SE,387 92
SE,387 93
SE,387 94
SE,387 95
SE,387 96
SE,388 01
SE,388 04
SE,388 20
SE,388 21
SE,388 22
SE,388 30
SE,388 31
SE,388 32
SE,388 40
SE,388 41
SE,388 50
SE,388 91
SE,388 92
SE,388 93
SE,388 94
SE,388 95
SE,388 96
SE,388 97
SE,388 98
SE,388 99
SE,390 02
SE,390 03
SE,390 04
SE,390 06
SE,390 07
SE,390 08
SE,391 00
SE,391 01
SE,391 20
SE,391 21
SE,391 22
SE,391 23
SE,391 25
SE,391 26
SE,391 27
SE,391 28
SE,391 29
SE,391 82
SE,391 83
SE,391 84
SE,391 85
SE,391 86
SE,391 87
SE,391 88
SE,392 30
SE,392 31
SE,392 32
SE,392 33
SE,392 34
SE,392 35
SE,392 36
SE,392 37
SE,392 38
SE,392 39
SE,392 40
SE,392 41
SE,392 42
SE,392 43
SE,392 44
SE,392 45
SE,392 46
SE,392 47
SE,392 48
SE,392 49
SE,392 50
SE,392 51
SE,392 52
SE,392 53
SE,392 54
SE,392 56
SE,393 00
SE,393 49
SE,393 50
SE,393 51
SE,393 52
SE,393 53
SE,393 54
SE,393 55
SE,393 56
SE,393 57
SE,393 58
SE,393 59
SE,393 60
SE,393 61
SE,393 63
SE,393 64
SE,393 65
SE,393 66
SE,394 70
SE,394 71
SE,394 74
SE,394 77
SE,395 90
SE,395 91
SE,395 92
SE,395 93
SE,395 94
SE,395 95
SE,395 97
SE,395 98
SE,398 00
SE,398 01
SE,398 02
SE,398 03
SE,398 04
SE,398 06
SE,398 07
SE,398 08
SE,398 09
SE,398 10
SE,398 11
SE,400 10
SE,400 12
SE,400 13
SE,400 14
SE,400 15
SE,400 16
SE,400 18
SE,400 20
SE,400 22
SE,400 24
SE,400 25
SE,400 26
SE,400 27
SE,400 28
SE,400 29
SE,400 31
SE,400 32
SE,400 36
SE,400 40
SE,400 43
SE,400 50
SE,400 53
SE,400 60
SE,400 64
SE,400 70
SE,400 72
SE,400 90
SE,400 91
SE,400 92
SE,400 93
SE,400 94
SE,400 95
SE,400 96
SE,400 97
SE,400 99
SE,401 10
SE,401 11
SE,401 20
SE,401 21
SE,401 22
SE,401 23
SE,401 24
SE,401 25
SE,401 26
SE,401 27
SE,401 50
SE,401 51
SE,401 80
SE,401 82
SE,401 83
SE,401 84
SE,401 99
SE,402 20
SE,402 21
SE,402 22
SE,402 23
SE,402 24
SE,402 25
SE,402 26
SE,402 27
SE,402 28
SE,402 29
SE,402 30
SE,402 31
SE,402 32
SE,402 33
SE,402 34
SE,402 35
SE,402 36
SE,402 38
SE,402 40
SE,402 41
SE,402 42
SE,402 43
SE,402 50
SE,402 51
SE,402 52
SE,402 54
SE,402 55
SE,402 56
SE,402 57
SE,402 58
SE,402 59
SE,402 61
SE,402 62
SE,402 64
SE,402 71
SE,402 72
SE,402 73
SE,402 74
SE,402 75
SE,402 76
SE,402 77
SE,402 78
SE,403 00
SE,403 10
SE,403 11
SE,403 12
SE,403 13
SE,403 14
SE,403 15
SE,403 16
SE,403 17
SE,403 20
SE,403 21
SE,403 30
SE,403 31
SE,403 32
SE,403 36
SE,403 38
SE,403 39
SE,403 40
SE,403 43
SE,404 01
SE,404 20
SE,404 21
SE,404 22
SE,404 23
SE,404 24
SE,404 25
SE,404 26
SE,404 27
SE,404 28
SE,404 29
SE,404 30
SE,404 31
SE,404 32
SE,404 39
SE,404 80
SE,404 82
SE,404 83
SE,404 84
SE,404 85
SE,405 00
SE,405 02
SE,405 03
SE,405 04
SE,405 05
SE,405 06
SE,405 07
SE,405 08
SE,405 09
SE,405 10
SE,405 12
SE,405 13
SE,405 14
SE,405 15
SE,405 16
SE,405 18
SE,405 19
SE,405 20
SE,405 21
SE,405 22
SE,405 23
SE,405 24
SE,405 30
SE,405 31
SE,405 32
SE,405 33
SE,405 34
SE,405 35
SE,405 36
SE,405 37
SE,405 38
SE,405 40
SE,405 44
SE,405 45
SE,405 50
SE,405 70
SE,405 83
SE,405 90
SE,407 00
SE,408 00
SE,408 01
SE,408 02
SE,408 03
SE,408 04
SE,408 05
SE,408 06
SE,408 07
SE,408 08
SE,408 09
SE,408 10
SE,408 11
SE,408 12
SE,408 13
SE,408 14
SE,408 15
SE,408 16
SE,408 17
SE,408 18
SE,408 19
SE,408 20
SE,408 21
SE,408 22
SE,408 23
SE,408 24
SE,408 25
SE,408 26
SE,408 27
SE,408 28
SE,408 29
SE,408 30
SE,408 31
SE,408 32
SE,408 33
SE,408 34
SE,408 35
SE,408 36
SE,408 37
SE,408 38
SE,408 39
SE,408 40
SE,408 41
SE,408 42
SE,408 43
SE,408 44
SE,408 45
SE,408 46
SE,408 47
SE,408 48
SE,408 49
SE,408 50
SE,408 51
SE,408 52
SE,408 53
SE,408 54
SE,408 55
SE,408 56
SE,408 57
SE,408 58
SE,408 59
SE,408 60
SE,408 61
SE,408 62
SE,408 63
SE,408 64
SE,408 65
SE,408 66
SE,408 67
SE,408 68
SE,408 69
SE,408 70
SE,408 71
SE,408 72
SE,408 73
SE,408 74
SE,408 75
SE,408 76
SE,408 77
SE,408 78
SE,408 79
SE,408 80
SE,408 81
SE,408 82
SE,408 83
SE,408 84
SE,408 85
SE,408 86
SE,408 87
SE,408 88
SE,408 89
SE,408 90
SE,408 91
SE,408 92
SE,408 93
SE,408 94
SE,408 95
SE,408 96
SE,408 97
SE,408 98
SE,408 99
SE,409 00
SE,409 01
SE,409 02
SE,409 03
SE,409 04
SE,409 05
SE,409 06
SE,409 07
SE,409 08
SE,409 09
SE,409 10
SE,409 11
SE,409 12
SE,409 13
SE,409 14
SE,409 15
SE,409 16
SE,409 17
SE,409 18
SE,409 19
SE,409 20
SE,409 21
SE,409 22
SE,409 23
SE,409 24
SE,409 25
SE,409 26
SE,409 27
SE,409 28
SE,409 29
SE,409 30
SE,409 31
SE,409 32
SE,409 33
SE,409 34
SE,409 35
SE,409 36
SE,409 37
SE,409 38
SE,409 39
SE,409 40
SE,409 41
SE,409 42
SE,409 43
SE,409 44
SE,409 45
SE,409 46
SE,409 47
SE,409 48
SE,409 49
SE,409 50
SE,409 51
SE,409 52
SE,409 53
SE,409 54
SE,409 55
SE,409 56
SE,409 57
SE,409 58
SE,409 59
SE,409 60
SE,409 61
SE,409 62
SE,409 63
SE,409 64
SE,409 65
SE,409 66
SE,409 67
SE,409 68
SE,409 69
SE,409 70
SE,409 71
SE,409 72
SE,409 73
SE,409 74
SE,409 75
SE,409 76
SE,409 77
SE,409 78
SE,409 79
SE,409 80
SE,409 81
SE,409 82
SE,409 83
SE,409 84
SE,409 85
SE,409 86
SE,409 87
SE,409 88
SE,409 89
SE,409 90
SE,409 91
SE,409 92
SE,409 93
SE,409 94
SE,409 95
SE,409 96
SE,409 97
SE,409 98
SE,409 99
SE,411 00
SE,411 01
SE,411 02
SE,411 03
SE,411 04
SE,411 05
SE,411 06
SE,411 07
SE,411 08
SE,411 09
SE,411 10
SE,411 11
SE,411 12
SE,411 13
SE,411 14
SE,411 15
SE,411 16
SE,411 17
SE,411 18
SE,411 19
SE,411 20
SE,411 21
SE,411 22
SE,411 23
SE,411 24
SE,411 25
SE,411 26
SE,411 27
SE,411 28
SE,411 29
SE,411 30
SE,411 31
SE,411 32
SE,411 33
SE,411 34
SE,411 35
SE,411 36
SE,411 37
SE,411 38
SE,411 39
SE,411 40
SE,411 41
SE,411 42
SE,411 43
SE,411 81
SE,411 85
SE,411 90
SE,412 00
SE,412 20
SE,412 21
SE,412 22
SE,412 48
SE,412 49
SE,412 50
SE,412 51
SE,412 52
SE,412 53
SE,412 54
SE,412 55
SE,412 56
SE,412 57
SE,412 58
SE,412 59
SE,412 60
SE,412 61
SE,412 62
SE,412 63
SE,412 64
SE,412 65
SE,412 66
SE,412 67
SE,412 68
SE,412 69
SE,412 70
SE,412 71
SE,412 72
SE,412 73
SE,412 74
SE,412 75
SE,412 76
SE,412 77
SE,412 78
SE,412 79
SE,412 80
SE,412 81
SE,412 82
SE,412 83
SE,412 85
SE,412 86
SE,412 87
SE,412 88
SE,412 89
SE,412 90
SE,412 92
SE,412 93
SE,412 94
SE,412 95
SE,412 96
SE,412 97
SE,412 98
SE,412 99
SE,413 00
SE,413 01
SE,413 02
SE,413 03
SE,413 04
SE,413 05
SE,413 06
SE,413 07
SE,413 08
SE,413 09
SE,413 10
SE,413 11
SE,413 12
SE,413 13
SE,413 14
SE,413 15
SE,413 16
SE,413 17
SE,413 18
SE,413 19
SE,413 20
SE,413 21
SE,413 22
SE,413 23
SE,413 24
SE,413 25
SE,413 26
SE,413 27
SE,413 28
SE,413 30
SE,413 45
SE,413 46
SE,413 80
SE,413 82
SE,413 85
SE,413 90
SE,414 00
SE,414 20
SE,414 50
SE,414 51
SE,414 52
SE,414 53
SE,414 54
SE,414 55
SE,414 56
SE,414 57
SE,414 58
SE,414 59
SE,414 60
SE,414 61
SE,414 62
SE,414 63
SE,414 64
SE,414 65
SE,414 66
SE,414 67
SE,414 68
SE,414 69
SE,414 70
SE,414 71
SE,414 72
SE,414 73
SE,414 74
SE,414 75
SE,414 76
SE,414 77
SE,414 78
SE,414 79
SE,414 80
SE,414 81
SE,414 82
SE,414 83
SE,414 84
SE,414 85
SE,415 00
SE,415 01
SE,415 02
SE,415 03
SE,415 04
SE,415 05
SE,415 06
SE,415 07
SE,415 08
SE,415 09
SE,415 10
SE,415 11
SE,415 12
SE,415 13
SE,415 14
SE,415 15
SE,415 16
SE,415 17
SE,415 18
SE,415 19
SE,415 20
SE,415 21
SE,415 22
SE,415 23
SE,415 24
SE,415 25
SE,415 26
SE,415 27
SE,415 28
SE,415 31
SE,415 32
SE,415 33
SE,415 34
SE,415 35
SE,415 36
SE,415 37
SE,415 38
SE,415 41
SE,415 42
SE,415 43
SE,415 44
SE,415 45
SE,415 46
SE,415 47
SE,415 48
SE,415 50
SE,415 51
SE,415 52
SE,415 53
SE,415 54
SE,415 55
SE,415 56
SE,415 57
SE,415 61
SE,415 62
SE,415 63
SE,415 64
SE,415 65
SE,415 66
SE,415 67
SE,415 68
SE,415 71
SE,415 72
SE,415 73
SE,415 74
SE,415 80
SE,415 81
SE,415 82
SE,415 83
SE,415 90
SE,415 99
SE,416 00
SE,416 20
SE,416 47
SE,416 48
SE,416 49
SE,416 50
SE,416 51
SE,416 52
SE,416 53
SE,416 54
SE,416 55
SE,416 56
SE,416 57
SE,416 58
SE,416 59
SE,416 60
SE,416 61
SE,416 62
SE,416 63
SE,416 64
SE,416 65
SE,416 66
SE,416 67
SE,416 68
SE,416 69
SE,416 70
SE,416 71
SE,416 72
SE,416 73
SE,416 74
SE,416 75
SE,416 76
SE,416 77
SE,416 78
SE,416 79
SE,416 80
SE,416 81
SE,416 82
SE,416 85
SE,416 99
SE,417 00
SE,417 01
SE,417 02
SE,417 03
SE,417 04
SE,417 05
SE,417 06
SE,417 07
SE,417 08
SE,417 09
SE,417 10
SE,417 11
SE,417 12
SE,417 13
SE,417 14
SE,417 15
SE,417 16
SE,417 17
SE,417 18
SE,417 19
SE,417 20
SE,417 21
SE,417 22
SE,417 23
SE,417 24
SE,417 25
SE,417 26
SE,417 27
SE,417 28
SE,417 29
SE,417 30
SE,417 39
SE,417 40
SE,417 41
SE,417 42
SE,417 43
SE,417 44
SE,417 45
SE,417 46
SE,417 47
SE,417 48
SE,417 49
SE,417 50
SE,417 52
SE,417 53
SE,417 54
SE,417 55
SE,417 56
SE,417 57
SE,417 58
SE,417 60
SE,417 61
SE,417 62
SE,417 63
SE,417 64
SE,417 65
SE,417 66
SE,417 67
SE,417 68
SE,417 69
SE,417 70
SE,417 79
SE,417 80
SE,417 81
SE,417 85
SE,418 00
SE,418 02
SE,418 03
SE,418 04
SE,418 05
SE,418 11
SE,418 12
SE,418 21
SE,418 22
SE,418 23
SE,418 24
SE,418 30
SE,418 31
SE,418 32
SE,418 33
SE,418 34
SE,418 35
SE,418 36
SE,418 37
SE,418 38
SE,418 39
SE,418 40
SE,418 41
SE,418 42
SE,418 43
SE,418 70
SE,418 71
SE,418 72
SE,418 73
SE,418 74
SE,418 75
SE,418 76
SE,418 77
SE,418 78
SE,418 79
SE,421 00
SE,421 01
SE,421 02
SE,421 08
SE,421 10
SE,421 20
SE,421 21
SE,421 22
SE,421 23
SE,421 26
SE,421 30
SE,421 31
SE,421 32
SE,421 33
SE,421 34
SE,421 35
SE,421 36
SE,421 37
SE,421 38
SE,421 39
SE,421 40
SE,421 41
SE,421 42
SE,421 43
SE,421 44
SE,421 45
SE,421 46
SE,421 47
SE,421 48
SE,421 49
SE,421 50
SE,421 51
SE,421 52
SE,421 53
SE,421 54
SE,421 57
SE,421 58
SE,421 59
SE,421 60
SE,421 61
SE,421 62
SE,421 63
SE,421 64
SE,421 65
SE,421 66
SE,421 67
SE,421 70
SE,421 71
SE,421 72
SE,421 73
SE,421 74
SE,422 00
SE,422 02
SE,422 03
SE,422 04
SE,422 10
SE,422 20
SE,422 41
SE,422 42
SE,422 43
SE,422 44
SE,422 45
SE,422 46
SE,422 47
SE,422 48
SE,422 49
SE,422 50
SE,422 51
SE,422 52
SE,422 53
SE,422 54
SE,422 55
SE,422 56
SE,422 57
SE,422 58
SE,422 59
SE,422 62
SE,422 80
SE,423 00
SE,423 20
SE,423 21
SE,423 22
SE,423 23
SE,423 32
SE,423 33
SE,423 34
SE,423 35
SE,423 36
SE,423 37
SE,423 38
SE,423 39
SE,423 40
SE,423 41
SE,423 42
SE,423 43
SE,423 44
SE,423 46
SE,423 47
SE,423 48
SE,423 49
SE,423 50
SE,423 51
SE,423 52
SE,423 53
SE,423 54
SE,423 55
SE,423 56
SE,423 59
SE,423 61
SE,423 63
SE,423 70
SE,423 71
SE,423 72
SE,423 73
SE,424 00
SE,424 01
SE,424 02
SE,424 04
SE,424 05
SE,424 06
SE,424 08
SE,424 10
SE,424 20
SE,424 21
SE,424 22
SE,424 23
SE,424 24
SE,424 31
SE,424 32
SE,424 33
SE,424 34
SE,424 35
SE,424 36
SE,424 37
SE,424 38
SE,424 39
SE,424 40
SE,424 41
SE,424 42
SE,424 43
SE,424 44
SE,424 45
SE,424 46
SE,424 47
SE,424 48
SE,424 49
SE,424 50
SE,424 53
SE,424 54
SE,424 55
SE,424 56
SE,424 57
SE,424 61
SE,424 65
SE,424 66
SE,424 67
SE,424 68
SE,424 69
SE,424 70
SE,424 71
SE,424 72
SE,424 80
SE,424 90
SE,424 91
SE,425 00
SE,425 02
SE,425 08
SE,425 30
SE,425 31
SE,425 32
SE,425 33
SE,425 34
SE,425 35
SE,425 36
SE,425 37
SE,425 38
SE,425 39
SE,425 41
SE,425 42
SE,425 43
SE,425 65
SE,426 00
SE,426 04
SE,426 05
SE,426 20
SE,426 50
SE,426 51
SE,426 52
SE,426 53
SE,426 54
SE,426 55
SE,426 56
SE,426 57
SE,426 58
SE,426 59
SE,426 68
SE,426 69
SE,426 70
SE,426 71
SE,426 72
SE,426 73
SE,426 74
SE,426 76
SE,426 77
SE,426 79
SE,426 80
SE,427 00
SE,427 20
SE,427 21
SE,427 22
SE,427 23
SE,427 24
SE,427 34
SE,427 35
SE,427 36
SE,427 37
SE,427 38
SE,427 39
SE,427 40
SE,427 41
SE,427 42
SE,427 50
SE,427 51
SE,428 20
SE,428 21
SE,428 22
SE,428 30
SE,428 31
SE,428 32
SE,428 33
SE,428 34
SE,428 35
SE,428 36
SE,428 37
SE,428 80
SE,428 81
SE,429 11
SE,429 12
SE,429 13
SE,429 20
SE,429 21
SE,429 22
SE,429 23
SE,429 30
SE,429 31
SE,429 32
SE,429 33
SE,429 34
SE,429 35
SE,429 41
SE,429 42
SE,429 43
SE,429 44
SE,429 80
SE,430 10
SE,430 16
SE,430 17
SE,430 20
SE,430 22
SE,430 24
SE,430 25
SE,430 30
SE,430 31
SE,430 33
SE,430 63
SE,430 64
SE,430 65
SE,430 80
SE,430 81
SE,430 82
SE,430 83
SE,430 84
SE,430 85
SE,430 90
SE,430 92
SE,430 93
SE,430 94
SE,430 95
SE,430 96
SE,430 97
SE,431 00
SE,431 01
SE,431 02
SE,431 04
SE,431 10
SE,431 19
SE,431 20
SE,431 21
SE,431 22
SE,431 23
SE,431 24
SE,431 25
SE,431 26
SE,431 30
SE,431 31
SE,431 32
SE,431 33
SE,431 34
SE,431 35
SE,431 36
SE,431 37
SE,431 38
SE,431 39
SE,431 40
SE,431 41
SE,431 42
SE,431 43
SE,431 44
SE,431 45
SE,431 46
SE,431 47
SE,431 48
SE,431 49
SE,431 50
SE,431 51
SE,431 53
SE,431 59
SE,431 60
SE,431 61
SE,431 62
SE,431 63
SE,431 64
SE,431 66
SE,431 67
SE,431 68
SE,431 69
SE,431 80
SE,431 81
SE,431 82
SE,431 83
SE,431 84
SE,431 85
SE,431 86
SE,431 87
SE,431 90
SE,432 00
SE,432 01
SE,432 02
SE,432 03
SE,432 05
SE,432 06
SE,432 07
SE,432 08
SE,432 10
SE,432 13
SE,432 14
SE,432 15
SE,432 16
SE,432 17
SE,432 18
SE,432 19
SE,432 21
SE,432 22
SE,432 23
SE,432 24
SE,432 25
SE,432 30
SE,432 31
SE,432 32
SE,432 33
SE,432 34
SE,432 35
SE,432 36
SE,432 37
SE,432 38
SE,432 39
SE,432 40
SE,432 41
SE,432 42
SE,432 43
SE,432 44
SE,432 45
SE,432 46
SE,432 47
SE,432 48
SE,432 50
SE,432 51
SE,432 52
SE,432 53
SE,432 54
SE,432 55
SE,432 56
SE,432 57
SE,432 63
SE,432 64
SE,432 65
SE,432 66
SE,432 67
SE,432 68
SE,432 69
SE,432 74
SE,432 75
SE,432 76
SE,432 77
SE,432 78
SE,432 79
SE,432 80
SE,432 81
SE,432 82
SE,432 84
SE,432 85
SE,432 86
SE,432 87
SE,432 89
SE,432 91
SE,432 92
SE,432 93
SE,432 94
SE,432 95
SE,432 96
SE,432 97
SE,432 98
SE,432 99
SE,433 00
SE,433 02
SE,433 04
SE,433 20
SE,433 21
SE,433 22
SE,433 23
SE,433 24
SE,433 25
SE,433 26
SE,433 28
SE,433 30
SE,433 31
SE,433 32
SE,433 33
SE,433 34
SE,433 35
SE,433 36
SE,433 37
SE,433 38
SE,433 39
SE,433 41
SE,433 42
SE,433 43
SE,433 44
SE,433 45
SE,433 46
SE,433 47
SE,433 48
SE,433 49
SE,433 50
SE,433 51
SE,433 52
SE,433 53
SE,433 60
SE,433 61
SE,433 62
SE,433 63
SE,433 64
SE,433 65
SE,433 66
SE,433 67
SE,433 68
SE,433 69
SE,433 70
SE,433 75
SE,433 76
SE,433 80
SE,433 81
SE,433 82
SE,433 83
SE,433 84
SE,433 86
SE,434 00
SE,434 01
SE,434 03
SE,434 20
SE,434 21
SE,434 22
SE,434 23
SE,434 24
SE,434 30
SE,434 31
SE,434 32
SE,434 33
SE,434 34
SE,434 35
SE,434 36
SE,434 37
SE,434 38
SE,434 39
SE,434 40
SE,434 41
SE,434 42
SE,434 43
SE,434 44
SE,434 45
SE,434 46
SE,434 47
SE,434 48
SE,434 50
SE,434 51
SE,434 52
SE,434 60
SE,434 79
SE,434 80
SE,434 81
SE,434 82
SE,434 88
SE,434 90
SE,434 91
SE,434 92
SE,434 93
SE,434 94
SE,434 95
SE,434 96
SE,434 97
SE,434 98
SE,434 99
SE,435 00
SE,435 01
SE,435 20
SE,435 21
SE,435 22
SE,435 23
SE,435 24
SE,435 25
SE,435 30
SE,435 31
SE,435 32
SE,435 33
SE,435 35
SE,435 37
SE,435 38
SE,435 39
SE,435 40
SE,435 41
SE,435 42
SE,435 43
SE,435 44
SE,435 80
SE,435 82
SE,435 83
SE,435 84
SE,435 85
SE,435 87
SE,435 88
SE,436 00
SE,436 01
SE,436 02
SE,436 20
SE,436 21
SE,436 22
SE,436 23
SE,436 26
SE,436 32
SE,436 33
SE,436 34
SE,436 35
SE,436 36
SE,436 37
SE,436 38
SE,436 39
SE,436 40
SE,436 42
SE,436 43
SE,436 44
SE,436 45
SE,436 50
SE,436 51
SE,436 52
SE,436 53
SE,436 54
SE,436 55
SE,436 56
SE,436 57
SE,436 58
SE,436 82
SE,436 83
SE,436 84
SE,437 00
SE,437 20
SE,437 21
SE,437 22
SE,437 30
SE,437 31
SE,437 32
SE,437 33
SE,437 34
SE,437 35
SE,437 36
SE,437 38
SE,437 40
SE,437 41
SE,437 42
SE,437 91
SE,437 92
SE,437 93
SE,438 00
SE,438 05
SE,438 07
SE,438 08
SE,438 09
SE,438 10
SE,438 11
SE,438 12
SE,438 13
SE,438 14
SE,438 20
SE,438 21
SE,438 22
SE,438 23
SE,438 24
SE,438 32
SE,438 33
SE,438 34
SE,438 35
SE,438 36
SE,438 38
SE,438 39
SE,438 51
SE,438 52
SE,438 53
SE,438 54
SE,438 70
SE,438 80
SE,438 81
SE,438 91
SE,438 92
SE,438 93
SE,438 94
SE,438 95
SE,438 96
SE,438 97
SE,438 98
SE,439 00
SE,439 03
SE,439 05
SE,439 08
SE,439 20
SE,439 21
SE,439 22
SE,439 23
SE,439 24
SE,439 25
SE,439 26
SE,439 30
SE,439 31
SE,439 32
SE,439 33
SE,439 34
SE,439 35
SE,439 36
SE,439 37
SE,439 51
SE,439 52
SE,439 53
SE,439 54
SE,439 55
SE,439 61
SE,439 62
SE,439 63
SE,439 64
SE,439 65
SE,439 71
SE,439 72
SE,439 73
SE,439 74
SE,439 75
SE,439 91
SE,439 92
SE,439 93
SE,439 94
SE,440 30
SE,441 00
SE,441 01
SE,441 11
SE,441 15
SE,441 16
SE,441 17
SE,441 18
SE,441 20
SE,441 21
SE,441 22
SE,441 23
SE,441 24
SE,441 25
SE,441 26
SE,441 27
SE,441 28
SE,441 29
SE,441 30
SE,441 31
SE,441 32
SE,441 33
SE,441 34
SE,441 35
SE,441 36
SE,441 37
SE,441 38
SE,441 39
SE,441 40
SE,441 41
SE,441 42
SE,441 43
SE,441 44
SE,441 45
SE,441 46
SE,441 50
SE,441 51
SE,441 55
SE,441 56
SE,441 57
SE,441 58
SE,441 60
SE,441 63
SE,441 65
SE,441 70
SE,441 71
SE,441 72
SE,441 73
SE,441 74
SE,441 75
SE,441 80
SE,441 81
SE,441 82
SE,441 83
SE,441 84
SE,441 85
SE,441 86
SE,441 91
SE,441 92
SE,441 93
SE,441 94
SE,441 95
SE,441 96
SE,442 00
SE,442 02
SE,442 06
SE,442 10
SE,442 11
SE,442 12
SE,442 15
SE,442 16
SE,442 17
SE,442 18
SE,442 19
SE,442 20
SE,442 30
SE,442 31
SE,442 32
SE,442 33
SE,442 34
SE,442 35
SE,442 36
SE,442 37
SE,442 38
SE,442 39
SE,442 40
SE,442 41
SE,442 42
SE,442 43
SE,442 44
SE,442 45
SE,442 46
SE,442 47
SE,442 48
SE,442 49
SE,442 50
SE,442 51
SE,442 52
SE,442 53
SE,442 54
SE,442 55
SE,442 60
SE,442 65
SE,442 66
SE,442 67
SE,442 70
SE,442 71
SE,442 72
SE,442 73
SE,442 74
SE,442 75
SE,442 77
SE,442 80
SE,442 81
SE,442 82
SE,442 83
SE,442 84
SE,442 90
SE,442 91
SE,442 92
SE,442 93
SE,442 94
SE,442 95
SE,442 96
SE,442 97
SE,442 98
SE,443 00
SE,443 03
SE,443 04
SE,443 05
SE,443 11
SE,443 12
SE,443 13
SE,443 14
SE,443 15
SE,443 20
SE,443 21
SE,443 22
SE,443 23
SE,443 24
SE,443 25
SE,443 30
SE,443 31
SE,443 32
SE,443 33
SE,443 34
SE,443 35
SE,443 36
SE,443 38
SE,443 39
SE,443 40
SE,443 41
SE,443 42
SE,443 43
SE,443 44
SE,443 45
SE,443 50
SE,443 51
SE,443 60
SE,443 61
SE,443 70
SE,443 71
SE,443 72
SE,443 73
SE,443 74
SE,443 80
SE,443 91
SE,443 92
SE,443 95
SE,443 96
SE,444 00
SE,444 02
SE,444 19
SE,444 20
SE,444 21
SE,444 22
SE,444 23
SE,444 24
SE,444 26
SE,444 28
SE,444 30
SE,444 31
SE,444 32
SE,444 40
SE,444 41
SE,444 42
SE,444 43
SE,444 44
SE,444 45
SE,444 46
SE,444 47
SE,444 48
SE,444 52
SE,444 53
SE,444 54
SE,444 55
SE,444 60
SE,444 61
SE,444 65
SE,444 82
SE,444 83
SE,444 84
SE,444 85
SE,444 86
SE,444 87
SE,444 91
SE,444 92
SE,444 93
SE,444 94
SE,444 95
SE,444 96
SE,444 97
SE,445 02
SE,445 21
SE,445 22
SE,445 23
SE,445 32
SE,445 33
SE,445 34
SE,445 36
SE,445 37
SE,445 52
SE,445 55
SE,445 56
SE,445 57
SE,445 80
SE,446 00
SE,446 20
SE,446 21
SE,446 22
SE,446 23
SE,446 32
SE,446 33
SE,446 34
SE,446 35
SE,446 36
SE,446 37
SE,446 38
SE,446 40
SE,446 41
SE,446 91
SE,446 92
SE,446 93
SE,446 94
SE,446 95
SE,446 96
SE,446 97
SE,447 00
SE,447 20
SE,447 21
SE,447 22
SE,447 23
SE,447 24
SE,447 30
SE,447 31
SE,447 32
SE,447 33
SE,447 34
SE,447 35
SE,447 37
SE,447 80
SE,447 81
SE,447 82
SE,447 83
SE,447 84
SE,447 91
SE,447 92
SE,447 93
SE,447 94
SE,447 95
SE,448 00
SE,448 02
SE,448 20
SE,448 21
SE,448 22
SE,448 23
SE,448 24
SE,448 30
SE,448 31
SE,448 32
SE,448 33
SE,448 34
SE,448 35
SE,448 36
SE,448 37
SE,448 50
SE,448 51
SE,448 91
SE,448 92
SE,448 95
SE,448 96
SE,449 00
SE,449 11
SE,449 14
SE,449 15
SE,449 20
SE,449 21
SE,449 22
SE,449 30
SE,449 31
SE,449 32
SE,449 33
SE,449 34
SE,449 35
SE,449 36
SE,449 40
SE,449 41
SE,449 42
SE,449 43
SE,449 44
SE,449 50
SE,449 51
SE,449 70
SE,449 80
SE,449 81
SE,449 90
SE,450 33
SE,450 34
SE,450 43
SE,450 45
SE,450 46
SE,450 47
SE,450 52
SE,450 53
SE,450 54
SE,450 63
SE,450 70
SE,450 71
SE,450 73
SE,450 84
SE,451 01
SE,451 03
SE,451 05
SE,451 06
SE,451 07
SE,451 10
SE,451 15
SE,451 16
SE,451 17
SE,451 18
SE,451 19
SE,451 20
SE,451 21
SE,451 22
SE,451 23
SE,451 24
SE,451 25
SE,451 26
SE,451 27
SE,451 30
SE,451 31
SE,451 32
SE,451 33
SE,451 34
SE,451 40
SE,451 41
SE,451 42
SE,451 43
SE,451 44
SE,451 45
SE,451 50
SE,451 51
SE,451 52
SE,451 53
SE,451 54
SE,451 55
SE,451 60
SE,451 61
SE,451 62
SE,451 63
SE,451 70
SE,451 71
SE,451 72
SE,451 73
SE,451 75
SE,451 76
SE,451 77
SE,451 78
SE,451 79
SE,451 80
SE,451 81
SE,451 82
SE,451 83
SE,451 84
SE,451 85
SE,451 90
SE,451 91
SE,451 92
SE,451 93
SE,451 94
SE,451 95
SE,451 96
SE,451 97
SE,451 98
SE,452 01
SE,452 04
SE,452 05
SE,452 20
SE,452 21
SE,452 22
SE,452 23
SE,452 24
SE,452 30
SE,452 31
SE,452 32
SE,452 33
SE,452 34
SE,452 35
SE,452 36
SE,452 37
SE,452 38
SE,452 40
SE,452 50
SE,452 51
SE,452 52
SE,452 60
SE,452 70
SE,452 71
SE,452 80
SE,452 83
SE,452 85
SE,452 88
SE,452 90
SE,452 91
SE,452 92
SE,452 93
SE,452 94
SE,452 95
SE,452 96
SE,452 97
SE,453 00
SE,453 01
SE,453 18
SE,453 20
SE,453 21
SE,453 22
SE,453 23
SE,453 24
SE,453 25
SE,453 29
SE,453 30
SE,453 31
SE,453 32
SE,453 33
SE,453 34
SE,453 35
SE,453 36
SE,453 37
SE,453 38
SE,453 40
SE,453 41
SE,453 50
SE,453 80
SE,453 81
SE,453 91
SE,453 92
SE,453 93
SE,454 20
SE,454 21
SE,454 30
SE,454 31
SE,454 32
SE,454 80
SE,454 91
SE,454 92
SE,454 93
SE,454 94
SE,454 95
SE,455 00
SE,455 01
SE,455 20
SE,455 21
SE,455 22
SE,455 30
SE,455 31
SE,455 32
SE,455 33
SE,455 34
SE,455 35
SE,455 41
SE,455 61
SE,455 80
SE,455 81
SE,455 82
SE,455 83
SE,455 91
SE,455 92
SE,455 93
SE,455 95
SE,455 96
SE,455 97
SE,455 98
SE,456 01
SE,456 20
SE,456 21
SE,456 22
SE,456 23
SE,456 24
SE,456 25
SE,456 26
SE,456 31
SE,456 32
SE,456 33
SE,456 34
SE,456 42
SE,456 43
SE,456 44
SE,456 47
SE,456 50
SE,456 51
SE,456 55
SE,456 60
SE,456 61
SE,456 62
SE,456 80
SE,456 81
SE,456 91
SE,456 92
SE,456 93
SE,456 94
SE,457 00
SE,457 01
SE,457 02
SE,457 18
SE,457 20
SE,457 21
SE,457 22
SE,457 23
SE,457 25
SE,457 27
SE,457 30
SE,457 31
SE,457 32
SE,457 40
SE,457 41
SE,457 42
SE,457 43
SE,457 45
SE,457 46
SE,457 47
SE,457 48
SE,457 50
SE,457 51
SE,457 55
SE,457 56
SE,457 60
SE,457 61
SE,457 72
SE,457 73
SE,457 80
SE,457 81
SE,457 82
SE,457 91
SE,457 93
SE,457 95
SE,457 96
SE,457 97
SE,458 01
SE,458 20
SE,458 21
SE,458 22
SE,458 30
SE,458 31
SE,458 32
SE,458 40
SE,458 70
SE,458 80
SE,458 81
SE,458 91
SE,458 92
SE,458 93
SE,458 94
SE,458 96
SE,458 97
SE,459 01
SE,459 20
SE,459 21
SE,459 22
SE,459 23
SE,459 30
SE,459 31
SE,459 32
SE,459 33
SE,459 80
SE,459 91
SE,459 93
SE,459 94
SE,460 11
SE,460 12
SE,460 20
SE,460 21
SE,460 64
SE,460 65
SE,461 00
SE,461 01
SE,461 04
SE,461 06
SE,461 11
SE,461 12
SE,461 20
SE,461 21
SE,461 22
SE,461 23
SE,461 24
SE,461 25
SE,461 26
SE,461 27
SE,461 29
SE,461 30
SE,461 31
SE,461 32
SE,461 33
SE,461 34
SE,461 35
SE,461 37
SE,461 38
SE,461 39
SE,461 40
SE,461 41
SE,461 42
SE,461 43
SE,461 44
SE,461 50
SE,461 51
SE,461 52
SE,461 53
SE,461 54
SE,461 55
SE,461 57
SE,461 58
SE,461 59
SE,461 60
SE,461 61
SE,461 62
SE,461 63
SE,461 64
SE,461 65
SE,461 66
SE,461 67
SE,461 68
SE,461 70
SE,461 71
SE,461 73
SE,461 77
SE,461 78
SE,461 79
SE,461 80
SE,461 81
SE,461 82
SE,461 83
SE,461 84
SE,461 85
SE,461 86
SE,461 88
SE,461 91
SE,461 92
SE,461 93
SE,461 94
SE,461 95
SE,461 96
SE,461 97
SE,461 98
SE,461 99
SE,462 00
SE,462 01
SE,462 02
SE,462 03
SE,462 10
SE,462 20
SE,462 21
SE,462 22
SE,462 23
SE,462 24
SE,462 28
SE,462 29
SE,462 30
SE,462 31
SE,462 32
SE,462 33
SE,462 34
SE,462 35
SE,462 36
SE,462 37
SE,462 38
SE,462 40
SE,462 41
SE,462 42
SE,462 50
SE,462 51
SE,462 52
SE,462 53
SE,462 54
SE,462 55
SE,462 56
SE,462 60
SE,462 61
SE,462 69
SE,462 73
SE,462 80
SE,462 81
SE,462 82
SE,462 85
SE,462 87
SE,462 91
SE,462 93
SE,462 94
SE,462 95
SE,462 96
SE,462 97
SE,463 01
SE,463 20
SE,463 21
SE,463 22
SE,463 23
SE,463 24
SE,463 25
SE,463 30
SE,463 31
SE,463 32
SE,463 33
SE,463 34
SE,463 35
SE,463 71
SE,463 72
SE,463 75
SE,463 80
SE,463 81
SE,463 82
SE,463 83
SE,463 91
SE,463 92
SE,463 93
SE,463 94
SE,463 95
SE,463 96
SE,463 97
SE,464 01
SE,464 02
SE,464 06
SE,464 20
SE,464 21
SE,464 22
SE,464 23
SE,464 30
SE,464 31
SE,464 32
SE,464 33
SE,464 34
SE,464 40
SE,464 50
SE,464 61
SE,464 62
SE,464 63
SE,464 64
SE,464 65
SE,464 66
SE,464 71
SE,464 72
SE,464 80
SE,464 82
SE,464 91
SE,464 92
SE,464 93
SE,464 94
SE,464 95
SE,465 01
SE,465 20
SE,465 21
SE,465 30
SE,465 31
SE,465 80
SE,465 81
SE,465 82
SE,465 91
SE,465 93
SE,465 94
SE,465 95
SE,465 96
SE,465 97
SE,465 98
SE,466 01
SE,466 20
SE,466 21
SE,466 22
SE,466 30
SE,466 31
SE,466 32
SE,466 33
SE,466 80
SE,466 91
SE,466 92
SE,466 93
SE,466 94
SE,466 95
SE,467 01
SE,467 20
SE,467 21
SE,467 22
SE,467 23
SE,467 30
SE,467 31
SE,467 32
SE,467 35
SE,467 40
SE,467 80
SE,467 81
SE,467 82
SE,467 83
SE,467 84
SE,467 91
SE,467 92
SE,467 93
SE,467 94
SE,467 95
SE,467 96
SE,468 21
SE,468 22
SE,468 30
SE,468 31
SE,468 32
SE,468 33
SE,468 34
SE,468 80
SE,468 81
SE,468 82
SE,468 90
SE,471 00
SE,471 01
SE,471 02
SE,471 04
SE,471 05
SE,471 06
SE,471 10
SE,471 11
SE,471 12
SE,471 13
SE,471 14
SE,471 15
SE,471 16
SE,471 17
SE,471 20
SE,471 21
SE,471 22
SE,471 30
SE,471 31
SE,471 32
SE,471 33
SE,471 41
SE,471 42
SE,471 43
SE,471 44
SE,471 50
SE,471 51
SE,471 60
SE,471 61
SE,471 62
SE,471 70
SE,471 71
SE,471 72
SE,471 73
SE,471 74
SE,471 75
SE,471 80
SE,471 90
SE,471 91
SE,471 92
SE,471 93
SE,471 94
SE,471 95
SE,471 96
SE,471 97
SE,471 98
SE,471 99
SE,472 00
SE,472 01
SE,472 20
SE,472 21
SE,472 22
SE,472 23
SE,472 31
SE,472 32
SE,472 91
SE,472 92
SE,472 93
SE,472 94
SE,472 95
SE,472 96
SE,472 97
SE,472 98
SE,473 00
SE,473 01
SE,473 20
SE,473 21
SE,473 22
SE,473 23
SE,473 31
SE,473 32
SE,473 33
SE,473 34
SE,473 80
SE,473 91
SE,473 92
SE,473 93
SE,473 94
SE,473 95
SE,473 96
SE,473 97
SE,473 98
SE,473 99
SE,474 01
SE,474 02
SE,474 04
SE,474 11
SE,474 12
SE,474 13
SE,474 14
SE,474 15
SE,474 16
SE,474 20
SE,474 21
SE,474 22
SE,474 23
SE,474 31
SE,474 32
SE,474 70
SE,474 71
SE,474 74
SE,474 91
SE,474 92
SE,474 93
SE,474 94
SE,474 95
SE,474 96
SE,475 00
SE,475 10
SE,475 11
SE,475 12
SE,475 20
SE,475 22
SE,475 25
SE,475 31
SE,475 32
SE,475 35
SE,475 36
SE,475 37
SE,475 40
SE,475 41
SE,475 42
SE,475 45
SE,475 50
SE,475 51
SE,475 52
SE,475 53
SE,475 80
SE,501 00
SE,501 10
SE,501 11
SE,501 12
SE,501 13
SE,501 14
SE,501 15
SE,501 17
SE,501 18
SE,501 25
SE,501 26
SE,501 27
SE,501 77
SE,501 78
SE,501 79
SE,501 80
SE,501 81
SE,501 82
SE,501 83
SE,501 84
SE,501 85
SE,501 86
SE,501 87
SE,501 88
SE,501 89
SE,501 90
SE,503 00
SE,503 05
SE,503 06
SE,503 07
SE,503 08
SE,503 09
SE,503 10
SE,503 11
SE,503 12
SE,503 13
SE,503 14
SE,503 15
SE,503 16
SE,503 17
SE,503 18
SE,503 19
SE,503 30
SE,503 31
SE,503 32
SE,503 33
SE,503 34
SE,503 35
SE,503 36
SE,503 37
SE,503 38
SE,503 42
SE,503 43
SE,504 00
SE,504 02
SE,504 03
SE,504 04
SE,504 05
SE,504 07
SE,504 08
SE,504 09
SE,504 10
SE,504 11
SE,504 12
SE,504 16
SE,504 17
SE,504 18
SE,504 19
SE,504 20
SE,504 30
SE,504 31
SE,504 32
SE,504 33
SE,504 34
SE,504 35
SE,504 37
SE,504 38
SE,504 39
SE,504 41
SE,504 42
SE,504 43
SE,504 44
SE,504 45
SE,504 46
SE,504 47
SE,504 50
SE,504 51
SE,504 52
SE,504 53
SE,504 54
SE,504 55
SE,504 56
SE,504 57
SE,504 58
SE,504 60
SE,504 61
SE,504 62
SE,504 63
SE,504 64
SE,504 65
SE,504 66
SE,504 67
SE,504 68
SE,504 70
SE,504 71
SE,504 72
SE,504 75
SE,504 78
SE,504 80
SE,504 81
SE,504 82
SE,504 83
SE,504 90
SE,504 91
SE,504 92
SE,504 93
SE,504 94
SE,504 95
SE,504 96
SE,504 97
SE,506 00
SE,506 02
SE,506 03
SE,506 30
SE,506 31
SE,506 32
SE,506 34
SE,506 35
SE,506 36
SE,506 37
SE,506 38
SE,506 39
SE,506 40
SE,506 41
SE,506 42
SE,506 43
SE,506 44
SE,506 46
SE,506 47
SE,506 48
SE,506 49
SE,506 70
SE,507 00
SE,507 10
SE,507 11
SE,507 15
SE,507 20
SE,507 30
SE,507 31
SE,507 32
SE,507 33
SE,507 34
SE,507 40
SE,507 41
SE,507 42
SE,507 43
SE,507 44
SE,507 45
SE,507 50
SE,507 51
SE,507 52
SE,507 53
SE,507 60
SE,507 61
SE,507 62
SE,507 63
SE,507 64
SE,507 65
SE,507 70
SE,507 71
SE,507 90
SE,508 00
SE,508 01
SE,508 02
SE,508 03
SE,508 04
SE,508 05
SE,508 06
SE,508 07
SE,508 08
SE,508 09
SE,508 10
SE,508 11
SE,508 12
SE,508 13
SE,508 14
SE,508 15
SE,508 16
SE,508 17
SE,508 18
SE,508 19
SE,508 20
SE,508 21
SE,508 22
SE,508 23
SE,508 24
SE,508 25
SE,508 26
SE,508 27
SE,508 28
SE,508 29
SE,508 30
SE,508 31
SE,508 32
SE,508 33
SE,508 34
SE,508 35
SE,508 36
SE,508 37
SE,508 38
SE,508 39
SE,508 40
SE,508 41
SE,508 42
SE,508 43
SE,508 44
SE,508 45
SE,508 46
SE,508 47
SE,508 48
SE,508 49
SE,508 50
SE,508 51
SE,508 52
SE,508 53
SE,508 54
SE,508 55
SE,508 56
SE,508 57
SE,508 58
SE,508 59
SE,508 60
SE,508 61
SE,508 62
SE,508 63
SE,508 64
SE,508 65
SE,508 66
SE,508 67
SE,508 68
SE,508 69
SE,508 70
SE,508 71
SE,508 72
SE,508 73
SE,508 74
SE,508 75
SE,508 76
SE,508 77
SE,508 78
SE,508 79
SE,508 80
SE,508 81
SE,508 82
SE,508 83
SE,508 84
SE,508 85
SE,508 86
SE,508 87
SE,508 88
SE,508 89
SE,508 90
SE,508 91
SE,508 92
SE,508 93
SE,508 94
SE,508 95
SE,508 96
SE,508 97
SE,508 98
SE,508 99
SE,510 21
SE,510 22
SE,511 00
SE,511 02
SE,511 03
SE,511 04
SE,511 05
SE,511 10
SE,511 20
SE,511 21
SE,511 22
SE,511 23
SE,511 24
SE,511 31
SE,511 41
SE,511 42
SE,511 53
SE,511 54
SE,511 55
SE,511 56
SE,511 57
SE,511 58
SE,511 59
SE,511 61
SE,511 62
SE,511 63
SE,511 64
SE,511 68
SE,511 69
SE,511 70
SE,511 71
SE,511 72
SE,511 73
SE,511 74
SE,511 80
SE,511 81
SE,511 82
SE,511 91
SE,511 92
SE,511 93
SE,511 94
SE,511 95
SE,511 96
SE,511 97
SE,511 98
SE,511 99
SE,512 00
SE,512 04
SE,512 20
SE,512 21
SE,512 22
SE,512 23
SE,512 24
SE,512 50
SE,512 51
SE,512 52
SE,512 53
SE,512 54
SE,512 60
SE,512 61
SE,512 62
SE,512 63
SE,512 64
SE,512 65
SE,512 76
SE,512 77
SE,512 80
SE,512 81
SE,512 83
SE,512 84
SE,512 85
SE,512 90
SE,512 91
SE,512 92
SE,512 93
SE,512 94
SE,512 95
SE,513 00
SE,513 20
SE,513 21
SE,513 32
SE,513 33
SE,513 34
SE,513 35
SE,513 50
SE,513 70
SE,513 80
SE,513 81
SE,513 82
SE,513 91
SE,513 92
SE,513 93
SE,513 94
SE,513 95
SE,513 96
SE,513 97
SE,514 00
SE,514 04
SE,514 05
SE,514 06
SE,514 11
SE,514 12
SE,514 20
SE,514 21
SE,514 22
SE,514 23
SE,514 24
SE,514 31
SE,514 32
SE,514 33
SE,514 34
SE,514 35
SE,514 40
SE,514 41
SE,514 42
SE,514 43
SE,514 44
SE,514 50
SE,514 52
SE,514 53
SE,514 54
SE,514 55
SE,514 60
SE,514 61
SE,514 62
SE,514 63
SE,514 70
SE,514 80
SE,514 81
SE,514 83
SE,514 84
SE,514 91
SE,514 92
SE,514 93
SE,514 94
SE,514 95
SE,515 00
SE,515 20
SE,515 21
SE,515 22
SE,515 32
SE,515 33
SE,515 34
SE,515 35
SE,515 60
SE,515 61
SE,515 70
SE,515 91
SE,515 92
SE,515 93
SE,516 00
SE,516 20
SE,516 21
SE,516 22
SE,516 30
SE,516 31
SE,516 32
SE,516 33
SE,516 34
SE,516 50
SE,516 77
SE,516 80
SE,516 81
SE,516 90
SE,516 91
SE,516 92
SE,516 93
SE,516 94
SE,516 95
SE,516 96
SE,517 00
SE,517 20
SE,517 21
SE,517 22
SE,517 23
SE,517 33
SE,517 34
SE,517 35
SE,517 36
SE,517 37
SE,517 70
SE,517 71
SE,517 81
SE,517 82
SE,517 83
SE,517 91
SE,517 92
SE,517 93
SE,517 94
SE,517 95
SE,517 96
SE,518 02
SE,518 20
SE,518 21
SE,518 22
SE,518 30
SE,518 31
SE,518 32
SE,518 33
SE,518 40
SE,518 41
SE,518 42
SE,518 43
SE,518 90
SE,518 91
SE,519 00
SE,519 20
SE,519 21
SE,519 30
SE,519 31
SE,519 81
SE,519 90
SE,519 91
SE,519 92
SE,519 93
SE,519 94
SE,519 95
SE,519 96
SE,519 97
SE,520 10
SE,520 11
SE,520 24
SE,520 25
SE,520 26
SE,520 40
SE,520 43
SE,520 50
SE,521 01
SE,521 02
SE,521 03
SE,521 04
SE,521 05
SE,521 18
SE,521 20
SE,521 21
SE,521 22
SE,521 23
SE,521 24
SE,521 29
SE,521 30
SE,521 31
SE,521 32
SE,521 33
SE,521 34
SE,521 35
SE,521 36
SE,521 37
SE,521 38
SE,521 39
SE,521 40
SE,521 41
SE,521 42
SE,521 43
SE,521 44
SE,521 45
SE,521 46
SE,521 47
SE,521 51
SE,521 52
SE,521 53
SE,521 54
SE,521 55
SE,521 56
SE,521 60
SE,521 61
SE,521 62
SE,521 63
SE,521 64
SE,521 70
SE,521 71
SE,521 72
SE,521 73
SE,521 74
SE,521 75
SE,521 81
SE,521 82
SE,521 85
SE,521 86
SE,521 88
SE,521 91
SE,521 92
SE,521 93
SE,521 94
SE,521 95
SE,521 96
SE,521 97
SE,521 98
SE,522 01
SE,522 20
SE,522 21
SE,522 22
SE,522 23
SE,522 24
SE,522 25
SE,522 26
SE,522 30
SE,522 31
SE,522 32
SE,522 33
SE,522 34
SE,522 35
SE,522 36
SE,522 37
SE,522 81
SE,522 82
SE,522 83
SE,522 84
SE,522 85
SE,522 91
SE,522 92
SE,522 93
SE,522 94
SE,523 01
SE,523 02
SE,523 04
SE,523 20
SE,523 21
SE,523 22
SE,523 23
SE,523 24
SE,523 25
SE,523 26
SE,523 30
SE,523 31
SE,523 32
SE,523 33
SE,523 34
SE,523 35
SE,523 36
SE,523 37
SE,523 38
SE,523 39
SE,523 40
SE,523 41
SE,523 43
SE,523 44
SE,523 45
SE,523 60
SE,523 61
SE,523 62
SE,523 72
SE,523 74
SE,523 75
SE,523 76
SE,523 77
SE,523 78
SE,523 84
SE,523 85
SE,523 86
SE,523 90
SE,523 91
SE,523 92
SE,523 93
SE,523 94
SE,523 95
SE,523 96
SE,523 97
SE,523 98
SE,523 99
SE,524 01
SE,524 02
SE,524 20
SE,524 21
SE,524 22
SE,524 23
SE,524 24
SE,524 25
SE,524 26
SE,524 30
SE,524 31
SE,524 32
SE,524 33
SE,524 41
SE,524 42
SE,524 80
SE,524 91
SE,524 92
SE,524 93
SE,524 95
SE,524 96
SE,530 10
SE,530 30
SE,530 32
SE,531 01
SE,531 02
SE,531 03
SE,531 04
SE,531 10
SE,531 16
SE,531 17
SE,531 18
SE,531 19
SE,531 20
SE,531 29
SE,531 30
SE,531 31
SE,531 32
SE,531 33
SE,531 34
SE,531 35
SE,531 36
SE,531 37
SE,531 38
SE,531 39
SE,531 40
SE,531 41
SE,531 42
SE,531 43
SE,531 44
SE,531 50
SE,531 51
SE,531 52
SE,531 53
SE,531 54
SE,531 55
SE,531 56
SE,531 57
SE,531 58
SE,531 59
SE,531 60
SE,531 61
SE,531 65
SE,531 70
SE,531 71
SE,531 73
SE,531 74
SE,531 75
SE,531 81
SE,531 82
SE,531 85
SE,531 86
SE,531 87
SE,531 88
SE,531 91
SE,531 92
SE,531 93
SE,531 94
SE,531 95
SE,531 96
SE,531 97
SE,531 98
SE,531 99
SE,532 01
SE,532 02
SE,532 20
SE,532 21
SE,532 22
SE,532 23
SE,532 24
SE,532 29
SE,532 30
SE,532 31
SE,532 32
SE,532 33
SE,532 34
SE,532 35
SE,532 36
SE,532 37
SE,532 38
SE,532 39
SE,532 40
SE,532 41
SE,532 72
SE,532 73
SE,532 74
SE,532 80
SE,532 86
SE,532 88
SE,532 89
SE,532 92
SE,532 93
SE,532 94
SE,532 95
SE,532 96
SE,533 01
SE,533 02
SE,533 03
SE,533 04
SE,533 20
SE,533 21
SE,533 22
SE,533 23
SE,533 29
SE,533 30
SE,533 31
SE,533 32
SE,533 33
SE,533 34
SE,533 50
SE,533 72
SE,533 73
SE,533 74
SE,533 80
SE,533 81
SE,533 82
SE,533 91
SE,533 92
SE,533 93
SE,533 94
SE,533 95
SE,533 96
SE,533 97
SE,534 01
SE,534 03
SE,534 20
SE,534 21
SE,534 22
SE,534 23
SE,534 24
SE,534 25
SE,534 30
SE,534 31
SE,534 32
SE,534 33
SE,534 34
SE,534 50
SE,534 60
SE,534 61
SE,534 62
SE,534 73
SE,534 81
SE,534 82
SE,534 84
SE,534 90
SE,534 91
SE,534 92
SE,534 93
SE,534 94
SE,534 95
SE,534 96
SE,535 21
SE,535 22
SE,535 23
SE,535 30
SE,535 91
SE,535 92
SE,535 93
SE,540 15
SE,540 16
SE,540 17
SE,540 66
SE,541 01
SE,541 02
SE,541 05
SE,541 06
SE,541 07
SE,541 12
SE,541 18
SE,541 20
SE,541 21
SE,541 22
SE,541 23
SE,541 24
SE,541 25
SE,541 26
SE,541 27
SE,541 28
SE,541 29
SE,541 30
SE,541 31
SE,541 32
SE,541 33
SE,541 34
SE,541 35
SE,541 36
SE,541 37
SE,541 38
SE,541 39
SE,541 40
SE,541 41
SE,541 42
SE,541 43
SE,541 44
SE,541 45
SE,541 46
SE,541 47
SE,541 48
SE,541 50
SE,541 51
SE,541 52
SE,541 53
SE,541 54
SE,541 55
SE,541 56
SE,541 57
SE,541 62
SE,541 63
SE,541 64
SE,541 65
SE,541 66
SE,541 70
SE,541 71
SE,541 77
SE,541 78
SE,541 80
SE,541 83
SE,541 84
SE,541 85
SE,541 86
SE,541 87
SE,541 91
SE,541 92
SE,541 93
SE,541 94
SE,541 95
SE,541 96
SE,541 97
SE,541 98
SE,542 01
SE,542 18
SE,542 20
SE,542 21
SE,542 22
SE,542 23
SE,542 24
SE,542 30
SE,542 31
SE,542 32
SE,542 33
SE,542 34
SE,542 35
SE,542 36
SE,542 37
SE,542 38
SE,542 39
SE,542 40
SE,542 41
SE,542 42
SE,542 43
SE,542 44
SE,542 45
SE,542 46
SE,542 47
SE,542 66
SE,542 72
SE,542 73
SE,542 74
SE,542 75
SE,542 85
SE,542 86
SE,542 87
SE,542 88
SE,542 91
SE,542 92
SE,542 93
SE,542 94
SE,542 95
SE,543 01
SE,543 20
SE,543 21
SE,543 22
SE,543 23
SE,543 30
SE,543 31
SE,543 32
SE,543 33
SE,543 34
SE,543 35
SE,543 36
SE,543 37
SE,543 50
SE,543 51
SE,543 80
SE,543 81
SE,543 91
SE,543 92
SE,543 93
SE,543 94
SE,543 95
SE,544 01
SE,544 20
SE,544 21
SE,544 22
SE,544 30
SE,544 31
SE,544 32
SE,544 33
SE,544 34
SE,544 35
SE,544 36
SE,544 50
SE,544 81
SE,544 91
SE,544 92
SE,544 93
SE,544 94
SE,545 01
SE,545 02
SE,545 20
SE,545 21
SE,545 22
SE,545 23
SE,545 30
SE,545 31
SE,545 32
SE,545 33
SE,545 34
SE,545 35
SE,545 41
SE,545 72
SE,545 90
SE,545 91
SE,545 92
SE,545 93
SE,545 94
SE,545 95
SE,546 01
SE,546 18
SE,546 20
SE,546 21
SE,546 22
SE,546 23
SE,546 30
SE,546 31
SE,546 32
SE,546 33
SE,546 34
SE,546 72
SE,546 73
SE,546 81
SE,546 82
SE,546 91
SE,546 92
SE,546 93
SE,546 94
SE,546 95
SE,547 00
SE,547 02
SE,547 20
SE,547 21
SE,547 22
SE,547 24
SE,547 25
SE,547 30
SE,547 31
SE,547 72
SE,547 81
SE,547 82
SE,547 91
SE,547 92
SE,547 93
SE,548 00
SE,548 02
SE,548 20
SE,548 21
SE,548 22
SE,548 31
SE,548 32
SE,548 73
SE,548 74
SE,548 91
SE,548 92
SE,548 93
SE,549 02
SE,549 03
SE,549 04
SE,549 05
SE,549 06
SE,549 20
SE,549 21
SE,549 31
SE,549 34
SE,549 37
SE,549 38
SE,549 39
SE,549 40
SE,549 41
SE,549 42
SE,549 43
SE,549 47
SE,549 48
SE,549 49
SE,549 50
SE,549 51
SE,549 52
SE,549 53
SE,549 54
SE,549 55
SE,549 56
SE,549 60
SE,549 61
SE,549 62
SE,549 63
SE,549 64
SE,549 65
SE,549 66
SE,549 67
SE,549 70
SE,549 76
SE,549 77
SE,549 91
SE,549 92
SE,549 93
SE,549 94
SE,549 96
SE,549 98
SE,549 99
SE,550 01
SE,550 02
SE,550 03
SE,550 04
SE,550 05
SE,550 06
SE,550 08
SE,550 09
SE,550 10
SE,550 11
SE,550 12
SE,551 00
SE,551 01
SE,551 03
SE,551 10
SE,551 11
SE,551 12
SE,551 13
SE,551 14
SE,551 15
SE,551 16
SE,551 17
SE,551 18
SE,551 19
SE,551 20
SE,551 21
SE,551 22
SE,551 23
SE,551 26
SE,551 27
SE,551 30
SE,551 40
SE,551 80
SE,551 81
SE,551 82
SE,551 83
SE,551 84
SE,551 85
SE,551 86
SE,551 89
SE,551 90
SE,551 91
SE,551 92
SE,551 93
SE,551 95
SE,551 99
SE,553 00
SE,553 02
SE,553 03
SE,553 05
SE,553 07
SE,553 08
SE,553 09
SE,553 10
SE,553 11
SE,553 12
SE,553 13
SE,553 14
SE,553 15
SE,553 16
SE,553 17
SE,553 18
SE,553 20
SE,553 21
SE,553 22
SE,553 23
SE,553 24
SE,553 29
SE,553 30
SE,553 31
SE,553 32
SE,553 33
SE,553 34
SE,553 35
SE,553 36
SE,553 37
SE,553 38
SE,553 39
SE,554 00
SE,554 38
SE,554 39
SE,554 45
SE,554 46
SE,554 47
SE,554 48
SE,554 49
SE,554 50
SE,554 51
SE,554 52
SE,554 53
SE,554 54
SE,554 56
SE,554 57
SE,554 58
SE,554 59
SE,554 62
SE,554 63
SE,554 64
SE,554 65
SE,554 66
SE,554 72
SE,554 73
SE,554 74
SE,554 75
SE,555 92
SE,555 93
SE,555 94
SE,556 00
SE,556 10
SE,556 11
SE,556 12
SE,556 14
SE,556 15
SE,556 16
SE,556 25
SE,556 26
SE,556 27
SE,556 28
SE,556 29
SE,556 31
SE,556 32
SE,556 33
SE,556 50
SE,556 52
SE,558 00
SE,558 10
SE,560 13
SE,560 25
SE,560 27
SE,560 28
SE,560 34
SE,560 42
SE,561 01
SE,561 02
SE,561 04
SE,561 05
SE,561 06
SE,561 20
SE,561 21
SE,561 22
SE,561 23
SE,561 24
SE,561 25
SE,561 30
SE,561 31
SE,561 32
SE,561 33
SE,561 34
SE,561 35
SE,561 36
SE,561 38
SE,561 39
SE,561 40
SE,561 41
SE,561 42
SE,561 43
SE,561 44
SE,561 46
SE,561 48
SE,561 49
SE,561 50
SE,561 51
SE,561 60
SE,561 61
SE,561 62
SE,561 63
SE,561 82
SE,561 83
SE,561 84
SE,561 85
SE,561 91
SE,561 92
SE,561 93
SE,561 95
SE,561 96
SE,562 01
SE,562 02
SE,562 20
SE,562 21
SE,562 22
SE,562 23
SE,562 24
SE,562 28
SE,562 30
SE,562 31
SE,562 32
SE,562 33
SE,562 40
SE,562 41
SE,562 42
SE,562 50
SE,562 80
SE,562 91
SE,563 01
SE,563 20
SE,563 21
SE,563 22
SE,563 31
SE,563 32
SE,563 91
SE,563 92
SE,563 93
SE,563 94
SE,564 20
SE,564 21
SE,564 22
SE,564 23
SE,564 24
SE,564 28
SE,564 31
SE,564 32
SE,564 33
SE,564 34
SE,564 35
SE,564 36
SE,564 91
SE,565 01
SE,565 18
SE,565 20
SE,565 21
SE,565 22
SE,565 23
SE,565 24
SE,565 25
SE,565 28
SE,565 29
SE,565 31
SE,565 32
SE,565 33
SE,565 34
SE,565 76
SE,565 91
SE,565 92
SE,565 93
SE,565 94
SE,565 96
SE,565 97
SE,566 00
SE,566 01
SE,566 18
SE,566 20
SE,566 21
SE,566 22
SE,566 23
SE,566 24
SE,566 28
SE,566 31
SE,566 32
SE,566 33
SE,566 34
SE,566 35
SE,566 36
SE,566 37
SE,566 80
SE,566 91
SE,566 92
SE,566 93
SE,567 01
SE,567 20
SE,567 21
SE,567 22
SE,567 23
SE,567 24
SE,567 30
SE,567 31
SE,567 32
SE,567 33
SE,567 91
SE,567 92
SE,567 93
SE,568 20
SE,568 21
SE,568 22
SE,568 23
SE,568 24
SE,568 30
SE,568 31
SE,568 32
SE,568 91
SE,568 92
SE,568 93
SE,570 01
SE,570 02
SE,570 03
SE,570 10
SE,570 12
SE,570 13
SE,570 15
SE,570 16
SE,570 19
SE,570 21
SE,570 23
SE,570 30
SE,570 31
SE,570 32
SE,570 33
SE,570 34
SE,570 60
SE,570 72
SE,570 75
SE,570 76
SE,570 80
SE,570 81
SE,570 82
SE,570 83
SE,570 84
SE,570 90
SE,570 91
SE,571 00
SE,571 03
SE,571 06
SE,571 10
SE,571 19
SE,571 20
SE,571 21
SE,571 22
SE,571 23
SE,571 24
SE,571 25
SE,571 29
SE,571 31
SE,571 32
SE,571 33
SE,571 34
SE,571 35
SE,571 36
SE,571 37
SE,571 38
SE,571 39
SE,571 40
SE,571 41
SE,571 42
SE,571 43
SE,571 61
SE,571 62
SE,571 63
SE,571 64
SE,571 65
SE,571 66
SE,571 67
SE,571 68
SE,571 69
SE,571 71
SE,571 72
SE,571 73
SE,571 74
SE,571 75
SE,571 76
SE,571 77
SE,571 78
SE,571 80
SE,571 81
SE,571 82
SE,571 83
SE,571 85
SE,571 88
SE,571 91
SE,571 92
SE,571 93
SE,571 94
SE,571 95
SE,571 97
SE,572 00
SE,572 01
SE,572 02
SE,572 04
SE,572 05
SE,572 06
SE,572 07
SE,572 20
SE,572 21
SE,572 22
SE,572 23
SE,572 24
SE,572 25
SE,572 26
SE,572 27
SE,572 28
SE,572 29
SE,572 30
SE,572 31
SE,572 32
SE,572 33
SE,572 34
SE,572 35
SE,572 36
SE,572 37
SE,572 40
SE,572 41
SE,572 42
SE,572 50
SE,572 51
SE,572 55
SE,572 56
SE,572 57
SE,572 58
SE,572 60
SE,572 61
SE,572 62
SE,572 63
SE,572 73
SE,572 74
SE,572 75
SE,572 76
SE,572 83
SE,572 91
SE,572 92
SE,572 93
SE,572 95
SE,572 96
SE,572 97
SE,573 00
SE,573 02
SE,573 20
SE,573 21
SE,573 22
SE,573 23
SE,573 24
SE,573 25
SE,573 26
SE,573 28
SE,573 29
SE,573 31
SE,573 32
SE,573 33
SE,573 34
SE,573 35
SE,573 36
SE,573 37
SE,573 38
SE,573 39
SE,573 40
SE,573 41
SE,573 42
SE,573 43
SE,573 61
SE,573 73
SE,573 74
SE,573 75
SE,573 76
SE,573 77
SE,573 82
SE,573 83
SE,573 91
SE,573 92
SE,573 93
SE,573 94
SE,573 95
SE,573 96
SE,573 97
SE,573 98
SE,573 99
SE,574 00
SE,574 02
SE,574 03
SE,574 20
SE,574 21
SE,574 22
SE,574 23
SE,574 28
SE,574 31
SE,574 32
SE,574 33
SE,574 34
SE,574 35
SE,574 36
SE,574 37
SE,574 38
SE,574 39
SE,574 40
SE,574 41
SE,574 42
SE,574 43
SE,574 50
SE,574 53
SE,574 54
SE,574 55
SE,574 71
SE,574 72
SE,574 73
SE,574 74
SE,574 75
SE,574 76
SE,574 80
SE,574 81
SE,574 85
SE,574 91
SE,574 92
SE,574 93
SE,574 94
SE,574 95
SE,574 96
SE,574 97
SE,574 98
SE,575 01
SE,575 20
SE,575 21
SE,575 22
SE,575 23
SE,575 28
SE,575 31
SE,575 32
SE,575 33
SE,575 34
SE,575 35
SE,575 36
SE,575 37
SE,575 38
SE,575 39
SE,575 80
SE,575 81
SE,575 82
SE,575 91
SE,575 92
SE,575 93
SE,575 94
SE,575 95
SE,575 96
SE,575 97
SE,575 98
SE,575 99
SE,576 01
SE,576 02
SE,576 20
SE,576 21
SE,576 22
SE,576 23
SE,576 24
SE,576 25
SE,576 31
SE,576 32
SE,576 33
SE,576 35
SE,576 36
SE,576 80
SE,576 91
SE,576 92
SE,576 93
SE,576 94
SE,576 95
SE,576 96
SE,576 97
SE,577 01
SE,577 02
SE,577 03
SE,577 04
SE,577 05
SE,577 20
SE,577 21
SE,577 22
SE,577 23
SE,577 24
SE,577 25
SE,577 26
SE,577 30
SE,577 31
SE,577 32
SE,577 33
SE,577 34
SE,577 35
SE,577 36
SE,577 37
SE,577 38
SE,577 39
SE,577 50
SE,577 51
SE,577 71
SE,577 72
SE,577 73
SE,577 74
SE,577 75
SE,577 76
SE,577 77
SE,577 80
SE,577 90
SE,577 91
SE,577 92
SE,577 93
SE,577 94
SE,577 95
SE,577 96
SE,577 97
SE,577 98
SE,577 99
SE,578 01
SE,578 20
SE,578 21
SE,578 22
SE,578 23
SE,578 24
SE,578 25
SE,578 31
SE,578 32
SE,578 33
SE,578 74
SE,578 75
SE,578 91
SE,578 92
SE,578 93
SE,578 94
SE,578 95
SE,579 00
SE,579 02
SE,579 20
SE,579 21
SE,579 22
SE,579 23
SE,579 30
SE,579 31
SE,579 32
SE,579 33
SE,579 40
SE,579 71
SE,579 72
SE,579 80
SE,579 90
SE,579 91
SE,579 92
SE,579 93
SE,579 94
SE,579 95
SE,579 96
SE,580 02
SE,580 03
SE,580 05
SE,580 06
SE,580 07
SE,580 08
SE,580 09
SE,580 10
SE,580 11
SE,580 13
SE,580 15
SE,581 00
SE,581 01
SE,581 02
SE,581 03
SE,581 04
SE,581 05
SE,581 06
SE,581 07
SE,581 10
SE,581 11
SE,581 12
SE,581 13
SE,581 14
SE,581 15
SE,581 16
SE,581 17
SE,581 18
SE,581 19
SE,581 21
SE,581 28
SE,581 31
SE,581 33
SE,581 50
SE,581 80
SE,581 81
SE,581 82
SE,581 83
SE,581 84
SE,581 85
SE,581 86
SE,581 87
SE,581 88
SE,581 89
SE,581 90
SE,581 91
SE,581 92
SE,581 93
SE,581 94
SE,581 95
SE,581 96
SE,581 97
SE,581 98
SE,581 99
SE,582 00
SE,582 01
SE,582 02
SE,582 03
SE,582 10
SE,582 12
SE,582 13
SE,582 14
SE,582 15
SE,582 16
SE,582 17
SE,582 18
SE,582 19
SE,582 20
SE,582 21
SE,582 22
SE,582 23
SE,582 24
SE,582 25
SE,582 26
SE,582 27
SE,582 28
SE,582 29
SE,582 30
SE,582 31
SE,582 32
SE,582 33
SE,582 34
SE,582 35
SE,582 36
SE,582 37
SE,582 38
SE,582 39
SE,582 40
SE,582 41
SE,582 42
SE,582 43
SE,582 44
SE,582 45
SE,582 46
SE,582 47
SE,582 48
SE,582 49
SE,582 52
SE,582 53
SE,582 54
SE,582 55
SE,582 56
SE,582 72
SE,582 73
SE,582 74
SE,582 75
SE,582 76
SE,582 77
SE,582 78
SE,583 00
SE,583 02
SE,583 27
SE,583 28
SE,583 29
SE,583 30
SE,583 31
SE,583 32
SE,583 33
SE,583 34
SE,583 35
SE,583 36
SE,583 37
SE,583 38
SE,583 60
SE,583 71
SE,583 72
SE,583 91
SE,583 92
SE,583 93
SE,583 94
SE,584 00
SE,584 22
SE,584 31
SE,584 32
SE,584 34
SE,584 35
SE,584 36
SE,584 37
SE,584 39
SE,585 00
SE,585 06
SE,585 07
SE,585 61
SE,585 62
SE,585 63
SE,585 64
SE,585 65
SE,585 71
SE,585 72
SE,585 73
SE,585 74
SE,585 75
SE,585 76
SE,585 77
SE,585 78
SE,585 80
SE,585 91
SE,585 92
SE,585 93
SE,585 94
SE,585 95
SE,585 96
SE,585 97
SE,585 98
SE,585 99
SE,586 00
SE,586 42
SE,586 43
SE,586 44
SE,586 45
SE,586 46
SE,586 47
SE,586 48
SE,586 49
SE,586 62
SE,586 63
SE,586 65
SE,586 66
SE,587 00
SE,587 21
SE,587 23
SE,587 24
SE,587 25
SE,587 26
SE,587 27
SE,587 29
SE,587 31
SE,587 32
SE,587 33
SE,587 34
SE,587 35
SE,587 36
SE,587 37
SE,587 38
SE,587 39
SE,587 50
SE,587 52
SE,587 58
SE,588 01
SE,588 02
SE,588 03
SE,588 05
SE,588 06
SE,588 07
SE,588 08
SE,588 09
SE,588 10
SE,588 11
SE,588 13
SE,588 15
SE,588 18
SE,588 20
SE,589 00
SE,589 21
SE,589 23
SE,589 25
SE,589 27
SE,589 29
SE,589 31
SE,589 33
SE,589 35
SE,589 37
SE,589 39
SE,589 41
SE,589 43
SE,589 50
SE,589 51
SE,589 52
SE,589 53
SE,589 55
SE,589 57
SE,589 61
SE,589 63
SE,589 64
SE,589 65
SE,590 10
SE,590 11
SE,590 12
SE,590 13
SE,590 14
SE,590 15
SE,590 16
SE,590 17
SE,590 18
SE,590 19
SE,590 20
SE,590 21
SE,590 23
SE,590 30
SE,590 31
SE,590 32
SE,590 33
SE,590 34
SE,590 36
SE,590 37
SE,590 38
SE,590 39
SE,590 40
SE,590 41
SE,590 42
SE,590 43
SE,590 44
SE,590 45
SE,590 46
SE,590 47
SE,590 48
SE,590 49
SE,590 50
SE,590 51
SE,590 52
SE,590 53
SE,590 54
SE,590 55
SE,590 62
SE,590 69
SE,590 70
SE,590 71
SE,590 72
SE,590 73
SE,590 74
SE,590 75
SE,590 76
SE,590 77
SE,590 78
SE,590 79
SE,590 80
SE,590 81
SE,590 83
SE,590 90
SE,590 91
SE,590 92
SE,590 93
SE,590 94
SE,590 95
SE,590 96
SE,590 98
SE,591 00
SE,591 01
SE,591 02
SE,591 04
SE,591 05
SE,591 06
SE,591 20
SE,591 21
SE,591 22
SE,591 23
SE,591 24
SE,591 26
SE,591 27
SE,591 29
SE,591 30
SE,591 31
SE,591 32
SE,591 33
SE,591 34
SE,591 35
SE,591 36
SE,591 37
SE,591 38
SE,591 39
SE,591 45
SE,591 46
SE,591 47
SE,591 50
SE,591 51
SE,591 52
SE,591 53
SE,591 54
SE,591 55
SE,591 60
SE,591 61
SE,591 62
SE,591 70
SE,591 71
SE,591 72
SE,591 73
SE,591 74
SE,591 75
SE,591 76
SE,591 77
SE,591 78
SE,591 79
SE,591 81
SE,591 82
SE,591 84
SE,591 85
SE,591 86
SE,591 90
SE,591 91
SE,591 92
SE,591 93
SE,591 94
SE,591 95
SE,591 96
SE,591 97
SE,591 98
SE,591 99
SE,592 01
SE,592 20
SE,592 21
SE,592 22
SE,592 23
SE,592 24
SE,592 29
SE,592 30
SE,592 31
SE,592 32
SE,592 40
SE,592 41
SE,592 42
SE,592 80
SE,592 81
SE,592 82
SE,592 91
SE,592 92
SE,592 93
SE,592 94
SE,593 00
SE,593 02
SE,593 03
SE,593 10
SE,593 11
SE,593 20
SE,593 21
SE,593 22
SE,593 23
SE,593 24
SE,593 25
SE,593 26
SE,593 30
SE,593 31
SE,593 32
SE,593 33
SE,593 34
SE,593 35
SE,593 36
SE,593 37
SE,593 38
SE,593 39
SE,593 40
SE,593 41
SE,593 42
SE,593 43
SE,593 44
SE,593 50
SE,593 51
SE,593 52
SE,593 53
SE,593 54
SE,593 61
SE,593 62
SE,593 70
SE,593 71
SE,593 72
SE,593 73
SE,593 74
SE,593 75
SE,593 76
SE,593 80
SE,593 81
SE,593 82
SE,593 83
SE,593 84
SE,593 85
SE,593 86
SE,593 87
SE,593 91
SE,593 92
SE,593 93
SE,593 95
SE,593 96
SE,593 97
SE,594 01
SE,594 20
SE,594 21
SE,594 22
SE,594 23
SE,594 30
SE,594 31
SE,594 32
SE,594 70
SE,594 71
SE,594 72
SE,594 73
SE,594 74
SE,594 75
SE,594 91
SE,594 92
SE,594 93
SE,594 94
SE,595 01
SE,595 03
SE,595 04
SE,595 20
SE,595 21
SE,595 22
SE,595 23
SE,595 24
SE,595 29
SE,595 30
SE,595 31
SE,595 32
SE,595 33
SE,595 34
SE,595 35
SE,595 40
SE,595 41
SE,595 42
SE,595 43
SE,595 44
SE,595 50
SE,595 51
SE,595 52
SE,595 53
SE,595 54
SE,595 57
SE,595 58
SE,595 59
SE,595 70
SE,595 71
SE,595 72
SE,595 73
SE,595 75
SE,595 76
SE,595 80
SE,595 81
SE,595 82
SE,595 83
SE,595 91
SE,595 92
SE,595 93
SE,595 94
SE,595 95
SE,595 96
SE,595 97
SE,596 00
SE,596 01
SE,596 20
SE,596 21
SE,596 22
SE,596 23
SE,596 31
SE,596 32
SE,596 33
SE,596 34
SE,596 36
SE,596 91
SE,596 92
SE,596 93
SE,596 95
SE,597 00
SE,597 20
SE,597 21
SE,597 22
SE,597 23
SE,597 24
SE,597 25
SE,597 26
SE,597 30
SE,597 31
SE,597 32
SE,597 40
SE,597 41
SE,597 42
SE,597 43
SE,597 50
SE,597 51
SE,597 52
SE,597 53
SE,597 55
SE,597 80
SE,597 91
SE,597 92
SE,597 93
SE,597 94
SE,597 95
SE,597 96
SE,597 97
SE,598 01
SE,598 05
SE,598 20
SE,598 21
SE,598 22
SE,598 23
SE,598 24
SE,598 30
SE,598 31
SE,598 32
SE,598 34
SE,598 35
SE,598 36
SE,598 37
SE,598 38
SE,598 39
SE,598 40
SE,598 70
SE,598 71
SE,598 72
SE,598 73
SE,598 80
SE,598 81
SE,598 82
SE,598 83
SE,598 84
SE,598 85
SE,598 86
SE,598 91
SE,598 92
SE,598 93
SE,598 94
SE,598 95
SE,598 96
SE,598 97
SE,598 98
SE,599 01
SE,599 20
SE,599 21
SE,599 22
SE,599 23
SE,599 31
SE,599 32
SE,599 33
SE,599 80
SE,599 91
SE,599 92
SE,599 93
SE,599 94
SE,600 00
SE,600 02
SE,600 03
SE,600 04
SE,600 05
SE,600 06
SE,600 07
SE,600 11
SE,600 12
SE,600 13
SE,600 14
SE,600 40
SE,600 41
SE,600 42
SE,600 43
SE,600 44
SE,600 45
SE,600 46
SE,600 47
SE,601 00
SE,601 02
SE,601 03
SE,601 04
SE,601 05
SE,601 07
SE,601 10
SE,601 14
SE,601 15
SE,601 16
SE,601 17
SE,601 19
SE,601 60
SE,601 69
SE,601 70
SE,601 71
SE,601 72
SE,601 73
SE,601 74
SE,601 75
SE,601 76
SE,601 77
SE,601 78
SE,601 79
SE,601 80
SE,601 81
SE,601 82
SE,601 83
SE,601 84
SE,601 85
SE,601 86
SE,601 87
SE,601 88
SE,601 89
SE,602 00
SE,602 01
SE,602 02
SE,602 03
SE,602 04
SE,602 05
SE,602 06
SE,602 08
SE,602 09
SE,602 10
SE,602 11
SE,602 12
SE,602 13
SE,602 14
SE,602 15
SE,602 16
SE,602 17
SE,602 18
SE,602 19
SE,602 20
SE,602 21
SE,602 22
SE,602 23
SE,602 24
SE,602 25
SE,602 26
SE,602 27
SE,602 28
SE,602 29
SE,602 30
SE,602 31
SE,602 32
SE,602 33
SE,602 34
SE,602 35
SE,602 36
SE,602 37
SE,602 38
SE,602 39
SE,602 40
SE,602 41
SE,602 42
SE,602 43
SE,602 44
SE,602 45
SE,602 46
SE,602 47
SE,602 51
SE,603 00
SE,603 01
SE,603 02
SE,603 36
SE,603 37
SE,603 45
SE,603 47
SE,603 48
SE,603 49
SE,603 50
SE,603 51
SE,603 52
SE,603 53
SE,603 54
SE,603 55
SE,603 56
SE,603 57
SE,603 58
SE,603 59
SE,603 60
SE,603 61
SE,603 62
SE,603 63
SE,603 64
SE,603 65
SE,603 66
SE,603 67
SE,603 68
SE,603 69
SE,603 70
SE,603 71
SE,603 72
SE,603 73
SE,603 74
SE,603 75
SE,603 76
SE,603 77
SE,603 78
SE,603 79
SE,603 80
SE,603 81
SE,603 83
SE,603 85
SE,603 86
SE,603 87
SE,604 00
SE,605 00
SE,605 60
SE,605 70
SE,605 80
SE,605 84
SE,605 91
SE,605 92
SE,605 93
SE,605 94
SE,605 95
SE,605 96
SE,605 97
SE,605 98
SE,605 99
SE,606 00
SE,607 00
SE,608 00
SE,608 01
SE,608 02
SE,608 03
SE,608 04
SE,608 06
SE,608 07
SE,608 10
SE,608 11
SE,608 12
SE,608 13
SE,608 14
SE,608 15
SE,608 49
SE,609 10
SE,609 11
SE,610 10
SE,610 11
SE,610 12
SE,610 13
SE,610 14
SE,610 20
SE,610 21
SE,610 24
SE,610 25
SE,610 26
SE,610 27
SE,610 28
SE,610 29
SE,610 30
SE,610 31
SE,610 32
SE,610 33
SE,610 40
SE,610 41
SE,610 42
SE,610 50
SE,610 53
SE,610 54
SE,610 55
SE,610 56
SE,610 60
SE,610 70
SE,610 71
SE,610 72
SE,610 73
SE,610 74
SE,610 75
SE,611 00
SE,611 01
SE,611 02
SE,611 03
SE,611 04
SE,611 05
SE,611 07
SE,611 08
SE,611 10
SE,611 11
SE,611 12
SE,611 14
SE,611 15
SE,611 16
SE,611 20
SE,611 22
SE,611 23
SE,611 24
SE,611 25
SE,611 26
SE,611 27
SE,611 29
SE,611 30
SE,611 31
SE,611 32
SE,611 33
SE,611 34
SE,611 35
SE,611 36
SE,611 37
SE,611 38
SE,611 39
SE,611 44
SE,611 45
SE,611 46
SE,611 47
SE,611 50
SE,611 55
SE,611 56
SE,611 57
SE,611 60
SE,611 61
SE,611 62
SE,611 63
SE,611 64
SE,611 65
SE,611 66
SE,611 67
SE,611 68
SE,611 70
SE,611 72
SE,611 73
SE,611 74
SE,611 75
SE,611 76
SE,611 79
SE,611 80
SE,611 81
SE,611 82
SE,611 83
SE,611 84
SE,611 85
SE,611 86
SE,611 88
SE,611 89
SE,611 90
SE,611 91
SE,611 92
SE,611 93
SE,611 94
SE,611 95
SE,611 96
SE,611 97
SE,611 98
SE,611 99
SE,612 01
SE,612 02
SE,612 03
SE,612 20
SE,612 21
SE,612 22
SE,612 23
SE,612 24
SE,612 25
SE,612 30
SE,612 31
SE,612 32
SE,612 33
SE,612 34
SE,612 35
SE,612 36
SE,612 37
SE,612 38
SE,612 40
SE,612 41
SE,612 42
SE,612 43
SE,612 44
SE,612 45
SE,612 46
SE,612 47
SE,612 71
SE,612 72
SE,612 73
SE,612 74
SE,612 75
SE,612 76
SE,612 80
SE,612 81
SE,612 82
SE,612 83
SE,612 91
SE,612 92
SE,612 93
SE,612 94
SE,612 95
SE,612 96
SE,613 00
SE,613 10
SE,613 11
SE,613 20
SE,613 21
SE,613 22
SE,613 23
SE,613 24
SE,613 30
SE,613 31
SE,613 32
SE,613 33
SE,613 35
SE,613 36
SE,613 37
SE,613 38
SE,613 40
SE,613 41
SE,613 51
SE,613 80
SE,613 81
SE,614 01
SE,614 20
SE,614 21
SE,614 22
SE,614 30
SE,614 31
SE,614 32
SE,614 33
SE,614 34
SE,614 80
SE,614 81
SE,614 82
SE,614 90
SE,614 92
SE,614 93
SE,614 94
SE,614 95
SE,614 96
SE,614 97
SE,614 98
SE,614 99
SE,615 01
SE,615 02
SE,615 20
SE,615 21
SE,615 22
SE,615 23
SE,615 24
SE,615 30
SE,615 31
SE,615 32
SE,615 33
SE,615 71
SE,615 72
SE,615 73
SE,615 74
SE,615 75
SE,615 80
SE,615 91
SE,615 92
SE,615 93
SE,615 94
SE,615 95
SE,615 96
SE,616 00
SE,616 20
SE,616 21
SE,616 22
SE,616 30
SE,616 31
SE,616 32
SE,616 33
SE,616 34
SE,616 35
SE,616 90
SE,616 91
SE,617 00
SE,617 01
SE,617 10
SE,617 20
SE,617 21
SE,617 22
SE,617 30
SE,617 31
SE,617 32
SE,617 34
SE,617 71
SE,617 90
SE,617 91
SE,617 92
SE,618 00
SE,618 01
SE,618 20
SE,618 21
SE,618 22
SE,618 23
SE,618 30
SE,618 31
SE,618 32
SE,618 33
SE,618 34
SE,618 35
SE,618 92
SE,618 93
SE,618 95
SE,619 01
SE,619 02
SE,619 20
SE,619 21
SE,619 22
SE,619 23
SE,619 30
SE,619 31
SE,619 32
SE,619 33
SE,619 34
SE,619 35
SE,619 36
SE,619 71
SE,619 72
SE,619 73
SE,619 80
SE,619 91
SE,619 92
SE,619 94
SE,619 95
SE,620 10
SE,620 11
SE,620 12
SE,620 13
SE,620 16
SE,620 20
SE,620 23
SE,620 24
SE,620 30
SE,620 33
SE,620 34
SE,620 35
SE,621 00
SE,621 05
SE,621 11
SE,621 12
SE,621 13
SE,621 14
SE,621 15
SE,621 16
SE,621 19
SE,621 20
SE,621 21
SE,621 22
SE,621 23
SE,621 24
SE,621 25
SE,621 26
SE,621 29
SE,621 37
SE,621 38
SE,621 39
SE,621 40
SE,621 41
SE,621 42
SE,621 43
SE,621 44
SE,621 45
SE,621 46
SE,621 47
SE,621 48
SE,621 49
SE,621 50
SE,621 51
SE,621 52
SE,621 53
SE,621 54
SE,621 55
SE,621 56
SE,621 57
SE,621 58
SE,621 65
SE,621 67
SE,621 70
SE,621 71
SE,621 72
SE,621 73
SE,621 74
SE,621 75
SE,621 76
SE,621 77
SE,621 78
SE,621 79
SE,621 80
SE,621 81
SE,621 82
SE,621 83
SE,621 84
SE,621 85
SE,621 86
SE,621 87
SE,621 88
SE,621 89
SE,621 90
SE,621 91
SE,621 92
SE,621 93
SE,621 94
SE,621 95
SE,621 96
SE,621 97
SE,621 98
SE,621 99
SE,622 21
SE,622 30
SE,622 32
SE,622 34
SE,622 36
SE,622 38
SE,622 40
SE,622 42
SE,622 44
SE,622 46
SE,622 48
SE,622 50
SE,622 52
SE,622 54
SE,622 56
SE,622 58
SE,622 59
SE,622 60
SE,622 61
SE,622 65
SE,622 66
SE,622 70
SE,622 75
SE,622 76
SE,623 00
SE,623 11
SE,623 12
SE,623 13
SE,623 14
SE,623 15
SE,623 16
SE,623 20
SE,623 21
SE,623 25
SE,623 30
SE,623 31
SE,623 32
SE,623 33
SE,623 35
SE,623 36
SE,623 37
SE,623 38
SE,623 40
SE,623 41
SE,623 42
SE,623 43
SE,623 44
SE,623 46
SE,623 47
SE,623 48
SE,623 49
SE,623 50
SE,623 51
SE,623 52
SE,623 53
SE,623 54
SE,623 55
SE,623 56
SE,623 57
SE,623 59
SE,623 60
SE,623 61
SE,623 62
SE,623 63
SE,623 64
SE,623 65
SE,623 66
SE,623 67
SE,623 68
SE,623 69
SE,623 70
SE,623 71
SE,623 72
SE,623 74
SE,623 75
SE,623 76
SE,623 77
SE,623 78
SE,623 79
SE,624 00
SE,624 20
SE,624 21
SE,624 22
SE,624 30
SE,624 32
SE,624 34
SE,624 36
SE,624 38
SE,624 40
SE,624 42
SE,624 44
SE,624 46
SE,624 48
SE,624 49
SE,624 50
SE,624 52
SE,624 53
SE,624 54
SE,624 55
SE,624 56
SE,624 58
SE,624 60
SE,624 62
SE,624 64
SE,624 65
SE,624 66
SE,624 67
SE,624 70
SE,630 03
SE,630 04
SE,630 05
SE,630 06
SE,630 07
SE,630 08
SE,630 09
SE,630 12
SE,630 14
SE,631 00
SE,631 01
SE,631 02
SE,631 03
SE,631 04
SE,631 05
SE,631 06
SE,631 07
SE,631 08
SE,631 80
SE,631 81
SE,631 84
SE,631 85
SE,631 86
SE,631 87
SE,631 88
SE,631 89
SE,631 92
SE,631 93
SE,631 94
SE,632 01
SE,632 17
SE,632 18
SE,632 19
SE,632 20
SE,632 21
SE,632 22
SE,632 23
SE,632 24
SE,632 25
SE,632 26
SE,632 27
SE,632 28
SE,632 29
SE,632 30
SE,632 31
SE,632 32
SE,632 33
SE,632 34
SE,632 35
SE,632 36
SE,632 37
SE,632 39
SE,633 01
SE,633 02
SE,633 40
SE,633 41
SE,633 42
SE,633 43
SE,633 44
SE,633 45
SE,633 46
SE,633 47
SE,633 48
SE,633 49
SE,633 50
SE,633 51
SE,633 52
SE,633 53
SE,633 54
SE,633 55
SE,633 56
SE,633 57
SE,633 58
SE,633 59
SE,633 60
SE,633 61
SE,633 62
SE,633 63
SE,633 69
SE,633 70
SE,634 01
SE,635 01
SE,635 02
SE,635 03
SE,635 04
SE,635 05
SE,635 06
SE,635 07
SE,635 08
SE,635 09
SE,635 10
SE,635 11
SE,635 12
SE,635 13
SE,635 14
SE,635 17
SE,635 18
SE,635 19
SE,635 20
SE,635 30
SE,635 31
SE,635 32
SE,635 33
SE,635 34
SE,635 35
SE,635 36
SE,635 37
SE,635 38
SE,638 01
SE,638 02
SE,638 03
SE,638 05
SE,638 07
SE,638 08
SE,638 09
SE,638 10
SE,638 11
SE,638 12
SE,638 14
SE,638 21
SE,640 10
SE,640 20
SE,640 23
SE,640 24
SE,640 25
SE,640 30
SE,640 31
SE,640 32
SE,640 33
SE,640 34
SE,640 40
SE,640 43
SE,640 45
SE,640 50
SE,640 51
SE,640 60
SE,640 61
SE,641 01
SE,641 02
SE,641 03
SE,641 05
SE,641 20
SE,641 21
SE,641 22
SE,641 23
SE,641 27
SE,641 29
SE,641 30
SE,641 31
SE,641 32
SE,641 33
SE,641 34
SE,641 35
SE,641 36
SE,641 37
SE,641 38
SE,641 39
SE,641 45
SE,641 46
SE,641 47
SE,641 48
SE,641 49
SE,641 50
SE,641 51
SE,641 52
SE,641 53
SE,641 61
SE,641 62
SE,641 63
SE,641 64
SE,641 80
SE,641 81
SE,641 82
SE,641 91
SE,641 92
SE,641 93
SE,641 94
SE,641 95
SE,641 96
SE,641 97
SE,641 98
SE,641 99
SE,642 01
SE,642 06
SE,642 20
SE,642 21
SE,642 22
SE,642 23
SE,642 24
SE,642 28
SE,642 31
SE,642 32
SE,642 33
SE,642 34
SE,642 35
SE,642 36
SE,642 37
SE,642 60
SE,642 61
SE,642 62
SE,642 63
SE,642 81
SE,642 82
SE,642 83
SE,642 84
SE,642 91
SE,642 92
SE,642 93
SE,642 94
SE,642 95
SE,642 96
SE,642 97
SE,642 98
SE,643 01
SE,643 06
SE,643 20
SE,643 21
SE,643 22
SE,643 30
SE,643 31
SE,643 32
SE,643 33
SE,643 60
SE,643 62
SE,643 80
SE,643 91
SE,643 92
SE,643 93
SE,643 94
SE,643 95
SE,643 96
SE,643 97
SE,643 98
SE,643 99
SE,644 01
SE,644 20
SE,644 21
SE,644 22
SE,644 30
SE,644 31
SE,644 32
SE,644 33
SE,644 34
SE,644 35
SE,644 36
SE,644 80
SE,645 00
SE,645 01
SE,645 02
SE,645 06
SE,645 10
SE,645 20
SE,645 21
SE,645 22
SE,645 23
SE,645 24
SE,645 25
SE,645 30
SE,645 31
SE,645 32
SE,645 33
SE,645 34
SE,645 35
SE,645 40
SE,645 41
SE,645 42
SE,645 43
SE,645 44
SE,645 45
SE,645 47
SE,645 50
SE,645 51
SE,645 52
SE,645 59
SE,645 61
SE,645 62
SE,645 71
SE,645 80
SE,645 82
SE,645 83
SE,645 84
SE,645 87
SE,645 88
SE,645 91
SE,645 92
SE,645 93
SE,645 94
SE,645 96
SE,645 97
SE,646 01
SE,646 02
SE,646 03
SE,646 20
SE,646 21
SE,646 22
SE,646 23
SE,646 30
SE,646 31
SE,646 32
SE,646 33
SE,646 34
SE,646 35
SE,646 50
SE,646 51
SE,646 80
SE,646 91
SE,646 92
SE,646 93
SE,646 94
SE,646 95
SE,646 96
SE,647 01
SE,647 05
SE,647 20
SE,647 21
SE,647 22
SE,647 23
SE,647 24
SE,647 30
SE,647 31
SE,647 32
SE,647 33
SE,647 35
SE,647 50
SE,647 51
SE,647 52
SE,647 81
SE,647 83
SE,647 91
SE,647 92
SE,647 93
SE,647 95
SE,648 06
SE,648 30
SE,648 31
SE,649 30
SE,649 91
SE,650 01
SE,650 02
SE,650 04
SE,650 05
SE,650 07
SE,650 08
SE,650 09
SE,650 12
SE,651 00
SE,651 01
SE,651 02
SE,651 03
SE,651 04
SE,651 05
SE,651 06
SE,651 07
SE,651 08
SE,651 09
SE,651 10
SE,651 11
SE,651 12
SE,651 13
SE,651 14
SE,651 15
SE,651 16
SE,651 19
SE,651 21
SE,651 22
SE,651 28
SE,651 80
SE,651 81
SE,651 82
SE,651 83
SE,651 84
SE,651 85
SE,651 86
SE,651 87
SE,651 88
SE,651 89
SE,652 01
SE,652 10
SE,652 11
SE,652 12
SE,652 13
SE,652 14
SE,652 15
SE,652 16
SE,652 17
SE,652 18
SE,652 19
SE,652 20
SE,652 21
SE,652 22
SE,652 23
SE,652 24
SE,652 25
SE,652 26
SE,652 27
SE,652 28
SE,652 29
SE,652 30
SE,652 31
SE,652 32
SE,652 33
SE,652 37
SE,653 01
SE,653 36
SE,653 37
SE,653 38
SE,653 39
SE,653 40
SE,653 41
SE,653 42
SE,653 43
SE,653 44
SE,653 45
SE,653 46
SE,653 47
SE,653 48
SE,653 49
SE,653 50
SE,653 51
SE,653 52
SE,654 01
SE,654 55
SE,654 57
SE,654 58
SE,654 59
SE,654 60
SE,654 61
SE,654 62
SE,654 63
SE,654 64
SE,654 65
SE,654 66
SE,654 67
SE,654 68
SE,654 69
SE,655 02
SE,655 60
SE,655 61
SE,655 91
SE,655 92
SE,655 93
SE,655 94
SE,655 95
SE,655 96
SE,655 97
SE,655 98
SE,656 01
SE,656 28
SE,656 29
SE,656 31
SE,656 32
SE,656 33
SE,656 34
SE,656 35
SE,656 36
SE,656 37
SE,656 38
SE,656 39
SE,656 71
SE,656 72
SE,658 00
SE,658 10
SE,658 11
SE,658 12
SE,658 13
SE,658 14
SE,658 15
SE,658 16
SE,658 17
SE,658 18
SE,658 19
SE,658 20
SE,659 97
SE,659 98
SE,659 99
SE,660 10
SE,660 11
SE,660 40
SE,660 50
SE,660 52
SE,660 57
SE,660 60
SE,661 00
SE,661 20
SE,661 21
SE,661 22
SE,661 23
SE,661 24
SE,661 25
SE,661 26
SE,661 29
SE,661 30
SE,661 31
SE,661 32
SE,661 33
SE,661 40
SE,661 41
SE,661 42
SE,661 43
SE,661 80
SE,661 81
SE,661 91
SE,661 92
SE,661 93
SE,661 94
SE,661 95
SE,661 96
SE,662 00
SE,662 03
SE,662 20
SE,662 21
SE,662 22
SE,662 23
SE,662 24
SE,662 27
SE,662 30
SE,662 31
SE,662 32
SE,662 33
SE,662 34
SE,662 35
SE,662 36
SE,662 37
SE,662 50
SE,662 91
SE,662 92
SE,662 95
SE,662 96
SE,662 97
SE,662 98
SE,663 01
SE,663 11
SE,663 12
SE,663 20
SE,663 21
SE,663 22
SE,663 29
SE,663 30
SE,663 31
SE,663 32
SE,663 33
SE,663 34
SE,663 40
SE,663 41
SE,663 42
SE,663 43
SE,663 81
SE,663 91
SE,663 92
SE,664 01
SE,664 20
SE,664 21
SE,664 22
SE,664 23
SE,664 28
SE,664 30
SE,664 31
SE,664 32
SE,664 33
SE,664 34
SE,664 40
SE,664 50
SE,664 51
SE,664 52
SE,664 80
SE,664 91
SE,664 92
SE,664 93
SE,664 94
SE,664 95
SE,664 96
SE,665 01
SE,665 20
SE,665 21
SE,665 22
SE,665 23
SE,665 24
SE,665 25
SE,665 30
SE,665 31
SE,665 32
SE,665 33
SE,665 34
SE,665 35
SE,665 91
SE,665 92
SE,665 93
SE,665 94
SE,666 00
SE,666 01
SE,666 20
SE,666 21
SE,666 22
SE,666 23
SE,666 24
SE,666 25
SE,666 30
SE,666 31
SE,666 32
SE,666 40
SE,666 41
SE,666 91
SE,666 92
SE,666 93
SE,666 94
SE,666 95
SE,667 01
SE,667 20
SE,667 21
SE,667 22
SE,667 29
SE,667 30
SE,667 31
SE,667 32
SE,667 33
SE,667 34
SE,667 91
SE,668 00
SE,668 01
SE,668 20
SE,668 21
SE,668 22
SE,668 24
SE,668 30
SE,668 31
SE,668 32
SE,668 40
SE,668 88
SE,668 91
SE,668 92
SE,668 93
SE,668 94
SE,668 95
SE,669 20
SE,669 21
SE,669 22
SE,669 27
SE,669 30
SE,669 31
SE,669 32
SE,669 91
SE,669 92
SE,670 10
SE,670 20
SE,670 35
SE,670 40
SE,670 41
SE,670 43
SE,671 01
SE,671 20
SE,671 21
SE,671 22
SE,671 23
SE,671 24
SE,671 25
SE,671 26
SE,671 27
SE,671 29
SE,671 30
SE,671 31
SE,671 32
SE,671 33
SE,671 34
SE,671 40
SE,671 41
SE,671 42
SE,671 50
SE,671 51
SE,671 52
SE,671 60
SE,671 70
SE,671 80
SE,671 81
SE,671 82
SE,671 91
SE,671 92
SE,671 93
SE,671 94
SE,671 95
SE,671 96
SE,671 97
SE,671 98
SE,672 01
SE,672 02
SE,672 20
SE,672 21
SE,672 22
SE,672 23
SE,672 24
SE,672 29
SE,672 30
SE,672 31
SE,672 32
SE,672 41
SE,672 91
SE,672 92
SE,672 93
SE,672 94
SE,672 95
SE,672 96
SE,673 01
SE,673 02
SE,673 20
SE,673 21
SE,673 22
SE,673 29
SE,673 31
SE,673 32
SE,673 34
SE,673 35
SE,673 37
SE,673 91
SE,673 92
SE,673 93
SE,673 96
SE,673 97
SE,673 98
SE,673 99
SE,680 50
SE,680 51
SE,680 52
SE,680 60
SE,680 61
SE,680 63
SE,680 65
SE,680 71
SE,680 90
SE,680 96
SE,681 01
SE,681 04
SE,681 06
SE,681 10
SE,681 20
SE,681 21
SE,681 22
SE,681 23
SE,681 24
SE,681 25
SE,681 26
SE,681 27
SE,681 28
SE,681 29
SE,681 30
SE,681 31
SE,681 32
SE,681 33
SE,681 34
SE,681 35
SE,681 36
SE,681 37
SE,681 38
SE,681 40
SE,681 41
SE,681 42
SE,681 43
SE,681 50
SE,681 51
SE,681 52
SE,681 53
SE,681 54
SE,681 55
SE,681 60
SE,681 61
SE,681 80
SE,681 82
SE,681 83
SE,681 84
SE,681 85
SE,681 91
SE,681 92
SE,681 93
SE,681 94
SE,681 95
SE,681 96
SE,682 01
SE,682 03
SE,682 04
SE,682 20
SE,682 21
SE,682 22
SE,682 23
SE,682 24
SE,682 27
SE,682 30
SE,682 31
SE,682 32
SE,682 33
SE,682 34
SE,682 40
SE,682 60
SE,682 82
SE,682 90
SE,682 91
SE,682 92
SE,682 93
SE,682 94
SE,683 01
SE,683 02
SE,683 20
SE,683 21
SE,683 22
SE,683 23
SE,683 24
SE,683 29
SE,683 30
SE,683 31
SE,683 32
SE,683 33
SE,683 34
SE,683 40
SE,683 60
SE,683 61
SE,683 62
SE,683 80
SE,683 85
SE,683 91
SE,683 92
SE,683 93
SE,683 94
SE,683 95
SE,684 01
SE,684 20
SE,684 21
SE,684 22
SE,684 23
SE,684 28
SE,684 29
SE,684 30
SE,684 31
SE,684 32
SE,684 91
SE,684 92
SE,684 93
SE,684 95
SE,685 01
SE,685 20
SE,685 21
SE,685 22
SE,685 23
SE,685 24
SE,685 25
SE,685 29
SE,685 30
SE,685 32
SE,685 33
SE,685 34
SE,685 80
SE,685 91
SE,685 92
SE,685 93
SE,685 94
SE,685 97
SE,685 99
SE,686 01
SE,686 20
SE,686 21
SE,686 22
SE,686 23
SE,686 24
SE,686 25
SE,686 26
SE,686 28
SE,686 29
SE,686 30
SE,686 31
SE,686 33
SE,686 34
SE,686 35
SE,686 80
SE,686 91
SE,686 92
SE,686 93
SE,686 94
SE,686 95
SE,686 96
SE,686 97
SE,686 98
SE,688 21
SE,688 22
SE,688 23
SE,688 29
SE,688 30
SE,688 31
SE,688 91
SE,688 92
SE,690 45
SE,691 01
SE,691 02
SE,691 05
SE,691 10
SE,691 20
SE,691 21
SE,691 22
SE,691 23
SE,691 24
SE,691 25
SE,691 26
SE,691 27
SE,691 31
SE,691 32
SE,691 33
SE,691 34
SE,691 35
SE,691 36
SE,691 37
SE,691 38
SE,691 41
SE,691 42
SE,691 43
SE,691 44
SE,691 45
SE,691 46
SE,691 47
SE,691 48
SE,691 50
SE,691 51
SE,691 52
SE,691 53
SE,691 54
SE,691 75
SE,691 76
SE,691 77
SE,691 78
SE,691 79
SE,691 80
SE,691 81
SE,691 82
SE,691 83
SE,691 85
SE,691 86
SE,691 88
SE,691 91
SE,691 92
SE,691 93
SE,691 94
SE,692 01
SE,692 20
SE,692 21
SE,692 22
SE,692 23
SE,692 24
SE,692 25
SE,692 29
SE,692 30
SE,692 31
SE,692 32
SE,692 33
SE,692 34
SE,692 35
SE,692 36
SE,692 37
SE,692 38
SE,692 71
SE,692 72
SE,692 73
SE,692 75
SE,692 80
SE,692 81
SE,692 82
SE,692 83
SE,692 84
SE,692 85
SE,692 91
SE,692 92
SE,692 93
SE,693 01
SE,693 03
SE,693 20
SE,693 21
SE,693 22
SE,693 29
SE,693 30
SE,693 31
SE,693 32
SE,693 33
SE,693 34
SE,693 35
SE,693 70
SE,693 73
SE,693 80
SE,693 81
SE,693 91
SE,693 92
SE,693 93
SE,693 94
SE,693 95
SE,694 00
SE,694 01
SE,694 02
SE,694 20
SE,694 21
SE,694 22
SE,694 23
SE,694 24
SE,694 30
SE,694 31
SE,694 32
SE,694 33
SE,694 34
SE,694 35
SE,694 36
SE,694 37
SE,694 50
SE,694 60
SE,694 72
SE,694 80
SE,694 81
SE,694 82
SE,694 83
SE,694 91
SE,694 92
SE,694 93
SE,694 94
SE,694 95
SE,694 96
SE,694 97
SE,694 98
SE,694 99
SE,695 01
SE,695 20
SE,695 21
SE,695 22
SE,695 29
SE,695 30
SE,695 31
SE,695 32
SE,695 50
SE,695 60
SE,695 72
SE,695 80
SE,695 81
SE,695 82
SE,695 84
SE,695 85
SE,695 91
SE,695 92
SE,695 93
SE,695 94
SE,695 95
SE,695 96
SE,695 97
SE,696 01
SE,696 20
SE,696 21
SE,696 22
SE,696 23
SE,696 30
SE,696 31
SE,696 32
SE,696 33
SE,696 34
SE,696 73
SE,696 74
SE,696 75
SE,696 76
SE,696 80
SE,696 81
SE,696 82
SE,696 91
SE,696 92
SE,696 93
SE,696 94
SE,696 95
SE,696 96
SE,696 97
SE,697 20
SE,697 21
SE,697 22
SE,697 30
SE,697 31
SE,697 32
SE,697 74
SE,697 80
SE,697 91
SE,697 92
SE,697 93
SE,697 94
SE,700 02
SE,700 05
SE,700 06
SE,700 08
SE,700 09
SE,700 10
SE,700 12
SE,700 13
SE,700 14
SE,700 15
SE,701 00
SE,701 01
SE,701 10
SE,701 11
SE,701 12
SE,701 13
SE,701 14
SE,701 15
SE,701 16
SE,701 17
SE,701 18
SE,701 19
SE,701 21
SE,701 22
SE,701 23
SE,701 30
SE,701 31
SE,701 32
SE,701 33
SE,701 34
SE,701 35
SE,701 40
SE,701 41
SE,701 42
SE,701 43
SE,701 44
SE,701 45
SE,701 46
SE,701 47
SE,701 48
SE,701 49
SE,701 50
SE,701 51
SE,701 71
SE,701 79
SE,701 80
SE,701 81
SE,701 82
SE,701 83
SE,701 84
SE,701 85
SE,701 86
SE,701 87
SE,701 88
SE,701 89
SE,701 90
SE,701 91
SE,701 92
SE,701 93
SE,701 94
SE,701 95
SE,701 96
SE,701 97
SE,701 98
SE,701 99
SE,702 01
SE,702 02
SE,702 03
SE,702 04
SE,702 05
SE,702 08
SE,702 10
SE,702 11
SE,702 12
SE,702 13
SE,702 14
SE,702 15
SE,702 16
SE,702 17
SE,702 18
SE,702 19
SE,702 20
SE,702 21
SE,702 22
SE,702 23
SE,702 24
SE,702 25
SE,702 26
SE,702 27
SE,702 28
SE,702 29
SE,702 30
SE,702 31
SE,702 32
SE,702 33
SE,702 34
SE,702 35
SE,702 36
SE,702 37
SE,702 39
SE,702 40
SE,702 41
SE,702 42
SE,702 43
SE,702 52
SE,702 54
SE,702 80
SE,702 81
SE,702 82
SE,702 83
SE,702 84
SE,702 85
SE,702 86
SE,702 87
SE,702 98
SE,702 99
SE,703 01
SE,703 02
SE,703 03
SE,703 39
SE,703 40
SE,703 41
SE,703 42
SE,703 43
SE,703 44
SE,703 45
SE,703 46
SE,703 47
SE,703 48
SE,703 49
SE,703 50
SE,703 51
SE,703 52
SE,703 53
SE,703 54
SE,703 55
SE,703 56
SE,703 57
SE,703 58
SE,703 59
SE,703 60
SE,703 61
SE,703 62
SE,703 63
SE,703 64
SE,703 65
SE,703 66
SE,703 67
SE,703 68
SE,703 69
SE,703 70
SE,703 71
SE,703 72
SE,703 73
SE,703 74
SE,703 75
SE,703 76
SE,703 78
SE,703 80
SE,703 81
SE,703 82
SE,703 83
SE,703 85
SE,705 10
SE,705 91
SE,705 92
SE,705 93
SE,705 94
SE,705 95
SE,705 96
SE,705 97
SE,705 98
SE,708 00
SE,708 01
SE,708 02
SE,708 03
SE,708 04
SE,708 05
SE,708 06
SE,708 07
SE,708 08
SE,708 09
SE,708 10
SE,709 99
SE,710 41
SE,711 01
SE,711 02
SE,711 04
SE,711 20
SE,711 21
SE,711 22
SE,711 23
SE,711 24
SE,711 30
SE,711 31
SE,711 32
SE,711 33
SE,711 34
SE,711 35
SE,711 36
SE,711 72
SE,711 76
SE,711 77
SE,711 78
SE,711 80
SE,711 81
SE,711 82
SE,711 91
SE,711 92
SE,711 93
SE,711 94
SE,711 95
SE,711 96
SE,711 97
SE,711 98
SE,712 01
SE,712 02
SE,712 20
SE,712 21
SE,712 22
SE,712 30
SE,712 31
SE,712 32
SE,712 33
SE,712 34
SE,712 60
SE,712 80
SE,712 81
SE,712 82
SE,712 83
SE,712 91
SE,712 93
SE,712 94
SE,712 95
SE,713 01
SE,713 20
SE,713 21
SE,713 22
SE,713 23
SE,713 30
SE,713 31
SE,713 32
SE,713 33
SE,713 34
SE,713 72
SE,713 80
SE,713 81
SE,713 82
SE,713 91
SE,713 92
SE,713 93
SE,713 94
SE,714 01
SE,714 20
SE,714 21
SE,714 22
SE,714 30
SE,714 31
SE,714 32
SE,714 33
SE,714 34
SE,714 35
SE,714 36
SE,714 37
SE,714 72
SE,714 80
SE,714 81
SE,714 82
SE,714 91
SE,714 92
SE,714 93
SE,714 94
SE,715 01
SE,715 20
SE,715 21
SE,715 31
SE,715 32
SE,715 72
SE,715 91
SE,715 92
SE,715 93
SE,715 94
SE,715 95
SE,715 96
SE,716 01
SE,716 20
SE,716 21
SE,716 30
SE,716 31
SE,716 81
SE,716 91
SE,716 92
SE,716 93
SE,716 94
SE,718 01
SE,718 20
SE,718 21
SE,718 22
SE,718 30
SE,718 31
SE,718 32
SE,718 33
SE,718 40
SE,718 80
SE,718 81
SE,718 91
SE,718 92
SE,718 93
SE,718 94
SE,718 95
SE,718 96
SE,718 97
SE,719 21
SE,719 22
SE,719 30
SE,719 31
SE,719 32
SE,719 40
SE,719 41
SE,719 80
SE,719 91
SE,719 92
SE,719 93
SE,719 94
SE,719 95
SE,720 01
SE,720 02
SE,720 03
SE,720 07
SE,720 10
SE,720 11
SE,720 12
SE,720 13
SE,720 15
SE,720 16
SE,720 17
SE,720 18
SE,720 19
SE,720 20
SE,721 00
SE,721 01
SE,721 03
SE,721 04
SE,721 05
SE,721 06
SE,721 07
SE,721 08
SE,721 09
SE,721 10
SE,721 11
SE,721 19
SE,721 20
SE,721 22
SE,721 23
SE,721 26
SE,721 27
SE,721 28
SE,721 29
SE,721 30
SE,721 31
SE,721 32
SE,721 33
SE,721 34
SE,721 35
SE,721 36
SE,721 37
SE,721 38
SE,721 50
SE,721 51
SE,721 52
SE,721 53
SE,721 57
SE,721 59
SE,721 61
SE,721 62
SE,721 63
SE,721 64
SE,721 65
SE,721 66
SE,721 67
SE,721 68
SE,721 69
SE,721 70
SE,721 71
SE,721 73
SE,721 74
SE,721 75
SE,721 76
SE,721 77
SE,721 78
SE,721 80
SE,721 82
SE,721 83
SE,721 84
SE,721 85
SE,721 86
SE,721 87
SE,721 89
SE,722 01
SE,722 09
SE,722 10
SE,722 11
SE,722 12
SE,722 13
SE,722 14
SE,722 15
SE,722 16
SE,722 17
SE,722 18
SE,722 19
SE,722 20
SE,722 21
SE,722 22
SE,722 23
SE,722 24
SE,722 25
SE,722 26
SE,722 27
SE,722 28
SE,722 31
SE,722 33
SE,722 40
SE,722 41
SE,722 42
SE,722 43
SE,722 44
SE,722 45
SE,722 46
SE,723 01
SE,723 34
SE,723 35
SE,723 36
SE,723 37
SE,723 38
SE,723 39
SE,723 40
SE,723 41
SE,723 42
SE,723 43
SE,723 44
SE,723 45
SE,723 46
SE,723 47
SE,723 48
SE,723 49
SE,723 50
SE,723 51
SE,723 52
SE,723 53
SE,723 55
SE,723 56
SE,723 57
SE,723 58
SE,723 59
SE,724 01
SE,724 02
SE,724 55
SE,724 60
SE,724 61
SE,724 62
SE,724 63
SE,724 64
SE,724 65
SE,724 66
SE,724 67
SE,724 68
SE,724 69
SE,724 70
SE,724 71
SE,724 72
SE,724 73
SE,724 74
SE,724 75
SE,724 76
SE,724 77
SE,724 78
SE,724 79
SE,724 80
SE,724 81
SE,724 82
SE,724 83
SE,724 87
SE,725 90
SE,725 91
SE,725 92
SE,725 93
SE,725 94
SE,725 95
SE,725 96
SE,725 97
SE,725 98
SE,726 20
SE,726 30
SE,726 31
SE,726 91
SE,726 92
SE,728 00
SE,728 02
SE,728 04
SE,728 05
SE,728 20
SE,730 30
SE,730 40
SE,730 50
SE,730 60
SE,730 61
SE,730 70
SE,730 71
SE,730 91
SE,731 01
SE,731 02
SE,731 03
SE,731 10
SE,731 11
SE,731 12
SE,731 13
SE,731 14
SE,731 15
SE,731 19
SE,731 20
SE,731 21
SE,731 22
SE,731 23
SE,731 24
SE,731 25
SE,731 26
SE,731 27
SE,731 29
SE,731 30
SE,731 31
SE,731 32
SE,731 33
SE,731 34
SE,731 35
SE,731 36
SE,731 37
SE,731 40
SE,731 41
SE,731 42
SE,731 43
SE,731 50
SE,731 51
SE,731 52
SE,731 53
SE,731 54
SE,731 60
SE,731 70
SE,731 80
SE,731 81
SE,731 85
SE,731 91
SE,731 92
SE,731 93
SE,731 94
SE,731 95
SE,731 96
SE,731 97
SE,731 98
SE,732 01
SE,732 02
SE,732 20
SE,732 21
SE,732 22
SE,732 23
SE,732 24
SE,732 25
SE,732 26
SE,732 27
SE,732 30
SE,732 31
SE,732 32
SE,732 33
SE,732 34
SE,732 45
SE,732 46
SE,732 47
SE,732 48
SE,732 49
SE,732 50
SE,732 71
SE,732 72
SE,732 73
SE,732 81
SE,732 91
SE,732 92
SE,732 93
SE,732 94
SE,732 95
SE,732 96
SE,732 97
SE,732 98
SE,733 01
SE,733 20
SE,733 21
SE,733 22
SE,733 23
SE,733 24
SE,733 25
SE,733 26
SE,733 27
SE,733 30
SE,733 31
SE,733 32
SE,733 33
SE,733 34
SE,733 35
SE,733 36
SE,733 37
SE,733 38
SE,733 39
SE,733 40
SE,733 45
SE,733 60
SE,733 61
SE,733 62
SE,733 63
SE,733 73
SE,733 75
SE,733 91
SE,733 92
SE,733 93
SE,733 94
SE,733 95
SE,733 96
SE,733 97
SE,733 98
SE,733 99
SE,734 01
SE,734 20
SE,734 21
SE,734 22
SE,734 23
SE,734 24
SE,734 25
SE,734 26
SE,734 27
SE,734 28
SE,734 30
SE,734 31
SE,734 32
SE,734 33
SE,734 34
SE,734 35
SE,734 36
SE,734 37
SE,734 38
SE,734 39
SE,734 40
SE,734 50
SE,734 51
SE,734 80
SE,734 91
SE,734 92
SE,734 93
SE,734 94
SE,735 01
SE,735 02
SE,735 20
SE,735 21
SE,735 22
SE,735 23
SE,735 31
SE,735 32
SE,735 33
SE,735 34
SE,735 35
SE,735 36
SE,735 37
SE,735 38
SE,735 60
SE,735 91
SE,735 92
SE,736 01
SE,736 20
SE,736 21
SE,736 22
SE,736 23
SE,736 25
SE,736 30
SE,736 31
SE,736 32
SE,736 33
SE,736 34
SE,736 35
SE,736 36
SE,736 85
SE,736 91
SE,736 92
SE,736 93
SE,737 00
SE,737 01
SE,737 02
SE,737 03
SE,737 20
SE,737 21
SE,737 22
SE,737 23
SE,737 24
SE,737 25
SE,737 26
SE,737 30
SE,737 31
SE,737 32
SE,737 33
SE,737 34
SE,737 40
SE,737 41
SE,737 42
SE,737 43
SE,737 44
SE,737 45
SE,737 46
SE,737 47
SE,737 48
SE,737 49
SE,737 61
SE,737 80
SE,737 81
SE,737 82
SE,737 83
SE,737 84
SE,737 90
SE,737 91
SE,737 92
SE,738 01
SE,738 02
SE,738 20
SE,738 21
SE,738 22
SE,738 23
SE,738 30
SE,738 31
SE,738 32
SE,738 33
SE,738 34
SE,738 35
SE,738 50
SE,738 91
SE,738 92
SE,739 01
SE,739 20
SE,739 21
SE,739 22
SE,739 23
SE,739 30
SE,739 31
SE,739 70
SE,739 91
SE,739 92
SE,739 93
SE,740 10
SE,740 11
SE,740 12
SE,740 20
SE,740 21
SE,740 22
SE,740 30
SE,740 44
SE,740 45
SE,740 46
SE,740 47
SE,740 48
SE,740 71
SE,740 81
SE,740 82
SE,740 83
SE,741 01
SE,741 20
SE,741 21
SE,741 22
SE,741 23
SE,741 24
SE,741 25
SE,741 30
SE,741 31
SE,741 39
SE,741 40
SE,741 41
SE,741 42
SE,741 43
SE,741 44
SE,741 45
SE,741 46
SE,741 47
SE,741 51
SE,741 52
SE,741 71
SE,741 72
SE,741 73
SE,741 74
SE,741 75
SE,741 76
SE,741 77
SE,741 78
SE,741 80
SE,741 90
SE,741 91
SE,741 92
SE,741 93
SE,741 94
SE,741 95
SE,741 96
SE,741 97
SE,741 98
SE,742 00
SE,742 01
SE,742 03
SE,742 19
SE,742 20
SE,742 21
SE,742 31
SE,742 32
SE,742 33
SE,742 34
SE,742 35
SE,742 36
SE,742 41
SE,742 42
SE,742 43
SE,742 50
SE,742 91
SE,742 92
SE,742 93
SE,742 94
SE,742 95
SE,742 96
SE,742 97
SE,743 01
SE,743 05
SE,743 10
SE,743 19
SE,743 20
SE,743 21
SE,743 22
SE,743 30
SE,743 32
SE,743 34
SE,743 35
SE,743 40
SE,743 41
SE,743 45
SE,743 50
SE,743 61
SE,743 62
SE,743 63
SE,743 64
SE,743 71
SE,743 72
SE,743 73
SE,743 74
SE,743 81
SE,743 82
SE,743 86
SE,743 87
SE,743 91
SE,743 92
SE,743 93
SE,743 94
SE,743 95
SE,744 01
SE,744 02
SE,744 19
SE,744 20
SE,744 21
SE,744 31
SE,744 32
SE,744 50
SE,744 51
SE,744 81
SE,744 82
SE,744 88
SE,744 91
SE,744 92
SE,744 93
SE,744 94
SE,744 95
SE,744 96
SE,744 97
SE,745 00
SE,745 02
SE,745 03
SE,745 10
SE,745 20
SE,745 21
SE,745 22
SE,745 23
SE,745 25
SE,745 26
SE,745 27
SE,745 28
SE,745 30
SE,745 31
SE,745 32
SE,745 33
SE,745 34
SE,745 35
SE,745 36
SE,745 37
SE,745 38
SE,745 39
SE,745 40
SE,745 41
SE,745 42
SE,745 44
SE,745 45
SE,745 47
SE,745 60
SE,745 61
SE,745 62
SE,745 63
SE,745 64
SE,745 69
SE,745 71
SE,745 80
SE,745 81
SE,745 82
SE,745 83
SE,745 84
SE,745 85
SE,745 86
SE,745 88
SE,745 91
SE,745 92
SE,745 93
SE,745 94
SE,745 95
SE,745 96
SE,745 97
SE,745 98
SE,745 99
SE,746 01
SE,746 20
SE,746 21
SE,746 22
SE,746 23
SE,746 24
SE,746 25
SE,746 26
SE,746 27
SE,746 29
SE,746 30
SE,746 31
SE,746 32
SE,746 33
SE,746 34
SE,746 35
SE,746 36
SE,746 37
SE,746 38
SE,746 39
SE,746 40
SE,746 41
SE,746 50
SE,746 51
SE,746 52
SE,746 80
SE,746 91
SE,746 92
SE,746 93
SE,746 94
SE,746 95
SE,746 96
SE,747 00
SE,747 01
SE,747 02
SE,747 03
SE,747 04
SE,747 05
SE,747 19
SE,747 20
SE,747 21
SE,747 30
SE,747 31
SE,747 32
SE,747 40
SE,747 41
SE,747 42
SE,747 43
SE,747 44
SE,747 80
SE,747 91
SE,747 92
SE,747 93
SE,747 94
SE,747 95
SE,748 01
SE,748 02
SE,748 18
SE,748 19
SE,748 20
SE,748 21
SE,748 22
SE,748 30
SE,748 31
SE,748 32
SE,748 40
SE,748 41
SE,748 42
SE,748 50
SE,748 91
SE,748 92
SE,748 93
SE,748 94
SE,748 95
SE,748 96
SE,749 00
SE,749 06
SE,749 35
SE,749 40
SE,749 41
SE,749 42
SE,749 43
SE,749 44
SE,749 45
SE,749 46
SE,749 47
SE,749 48
SE,749 49
SE,749 50
SE,749 51
SE,749 52
SE,749 59
SE,749 60
SE,749 61
SE,749 62
SE,749 63
SE,749 70
SE,749 71
SE,749 72
SE,749 81
SE,750 02
SE,750 03
SE,750 04
SE,750 06
SE,750 07
SE,750 08
SE,750 09
SE,750 10
SE,750 11
SE,750 13
SE,750 15
SE,750 16
SE,750 17
SE,750 20
SE,750 21
SE,750 22
SE,750 23
SE,750 24
SE,750 25
SE,750 26
SE,751 00
SE,751 01
SE,751 03
SE,751 04
SE,751 05
SE,751 06
SE,751 08
SE,751 09
SE,751 10
SE,751 20
SE,751 21
SE,751 22
SE,751 23
SE,751 24
SE,751 25
SE,751 26
SE,751 27
SE,751 28
SE,751 29
SE,751 30
SE,751 31
SE,751 32
SE,751 33
SE,751 34
SE,751 35
SE,751 36
SE,751 37
SE,751 38
SE,751 40
SE,751 41
SE,751 42
SE,751 43
SE,751 44
SE,751 45
SE,751 46
SE,751 47
SE,751 48
SE,751 49
SE,751 70
SE,751 71
SE,751 72
SE,751 73
SE,751 74
SE,751 75
SE,751 76
SE,751 81
SE,751 82
SE,751 83
SE,751 84
SE,751 85
SE,751 86
SE,751 87
SE,751 88
SE,751 89
SE,752 00
SE,752 17
SE,752 18
SE,752 19
SE,752 20
SE,752 21
SE,752 22
SE,752 23
SE,752 24
SE,752 25
SE,752 26
SE,752 27
SE,752 28
SE,752 29
SE,752 30
SE,752 31
SE,752 32
SE,752 33
SE,752 34
SE,752 35
SE,752 36
SE,752 37
SE,752 38
SE,752 39
SE,752 40
SE,752 41
SE,752 42
SE,752 43
SE,752 44
SE,752 54
SE,752 57
SE,752 58
SE,752 60
SE,752 61
SE,752 62
SE,752 63
SE,752 64
SE,752 65
SE,752 66
SE,752 67
SE,752 68
SE,752 69
SE,752 71
SE,752 72
SE,752 73
SE,752 75
SE,753 00
SE,753 01
SE,753 02
SE,753 03
SE,753 08
SE,753 09
SE,753 10
SE,753 11
SE,753 12
SE,753 13
SE,753 14
SE,753 15
SE,753 16
SE,753 17
SE,753 18
SE,753 19
SE,753 20
SE,753 21
SE,753 22
SE,753 23
SE,753 24
SE,753 25
SE,753 26
SE,753 27
SE,753 28
SE,753 29
SE,753 30
SE,753 31
SE,753 32
SE,753 33
SE,753 34
SE,753 35
SE,753 36
SE,753 37
SE,753 40
SE,753 41
SE,753 42
SE,753 50
SE,753 75
SE,753 80
SE,753 81
SE,753 82
SE,753 83
SE,754 00
SE,754 18
SE,754 19
SE,754 20
SE,754 21
SE,754 22
SE,754 23
SE,754 24
SE,754 25
SE,754 26
SE,754 27
SE,754 28
SE,754 29
SE,754 30
SE,754 31
SE,754 32
SE,754 33
SE,754 34
SE,754 35
SE,754 36
SE,754 37
SE,754 39
SE,754 40
SE,754 41
SE,754 42
SE,754 43
SE,754 44
SE,754 45
SE,754 46
SE,754 47
SE,754 48
SE,754 49
SE,754 50
SE,754 51
SE,754 52
SE,754 53
SE,754 54
SE,754 60
SE,754 71
SE,754 73
SE,754 74
SE,755 00
SE,755 50
SE,755 76
SE,755 77
SE,755 78
SE,755 91
SE,755 92
SE,755 93
SE,755 94
SE,755 95
SE,755 96
SE,755 97
SE,755 98
SE,756 00
SE,756 42
SE,756 43
SE,756 44
SE,756 45
SE,756 46
SE,756 47
SE,756 48
SE,756 49
SE,756 50
SE,756 51
SE,756 52
SE,756 53
SE,756 54
SE,756 55
SE,756 56
SE,756 57
SE,756 58
SE,756 59
SE,756 60
SE,757 00
SE,757 52
SE,757 53
SE,757 54
SE,757 55
SE,757 56
SE,757 57
SE,757 58
SE,757 59
SE,758 00
SE,758 01
SE,758 02
SE,758 03
SE,758 04
SE,758 06
SE,758 08
SE,758 09
SE,758 10
SE,758 13
SE,758 15
SE,758 16
SE,758 22
SE,758 23
SE,758 24
SE,758 25
SE,758 26
SE,758 52
SE,758 53
SE,758 54
SE,758 55
SE,758 56
SE,758 57
SE,758 71
SE,758 72
SE,758 73
SE,759 00
SE,760 10
SE,760 15
SE,760 17
SE,760 18
SE,760 19
SE,760 21
SE,760 31
SE,760 40
SE,760 41
SE,760 42
SE,760 44
SE,760 45
SE,760 49
SE,761 00
SE,761 02
SE,761 03
SE,761 10
SE,761 11
SE,761 12
SE,761 13
SE,761 20
SE,761 21
SE,761 22
SE,761 23
SE,761 24
SE,761 28
SE,761 29
SE,761 30
SE,761 31
SE,761 32
SE,761 33
SE,761 34
SE,761 40
SE,761 41
SE,761 42
SE,761 43
SE,761 44
SE,761 45
SE,761 46
SE,761 49
SE,761 50
SE,761 51
SE,761 52
SE,761 53
SE,761 54
SE,761 60
SE,761 61
SE,761 62
SE,761 63
SE,761 64
SE,761 65
SE,761 71
SE,761 72
SE,761 73
SE,761 74
SE,761 75
SE,761 76
SE,761 80
SE,761 84
SE,761 88
SE,761 91
SE,761 92
SE,761 93
SE,761 94
SE,761 96
SE,761 97
SE,761 98
SE,762 00
SE,762 20
SE,762 21
SE,762 22
SE,762 23
SE,762 31
SE,762 41
SE,762 51
SE,762 61
SE,762 62
SE,762 71
SE,762 91
SE,762 92
SE,762 93
SE,762 94
SE,762 95
SE,762 96
SE,762 97
SE,762 98
SE,763 00
SE,763 20
SE,763 21
SE,763 22
SE,763 23
SE,763 30
SE,763 34
SE,763 35
SE,763 40
SE,763 41
SE,763 42
SE,763 43
SE,763 71
SE,763 81
SE,763 82
SE,763 90
SE,763 91
SE,763 92
SE,763 93
SE,763 94
SE,764 21
SE,764 30
SE,764 31
SE,764 53
SE,764 54
SE,764 56
SE,764 57
SE,764 91
SE,764 92
SE,764 93
SE,770 10
SE,770 12
SE,770 13
SE,770 14
SE,770 70
SE,770 71
SE,771 01
SE,771 03
SE,771 20
SE,771 21
SE,771 22
SE,771 23
SE,771 24
SE,771 25
SE,771 26
SE,771 28
SE,771 30
SE,771 31
SE,771 32
SE,771 33
SE,771 34
SE,771 35
SE,771 36
SE,771 40
SE,771 41
SE,771 42
SE,771 43
SE,771 50
SE,771 51
SE,771 52
SE,771 53
SE,771 54
SE,771 55
SE,771 60
SE,771 65
SE,771 80
SE,771 81
SE,771 82
SE,771 83
SE,771 84
SE,771 90
SE,771 92
SE,771 94
SE,772 01
SE,772 20
SE,772 21
SE,772 22
SE,772 30
SE,772 31
SE,772 32
SE,772 40
SE,772 50
SE,772 70
SE,772 80
SE,772 90
SE,772 92
SE,772 94
SE,774 01
SE,774 02
SE,774 04
SE,774 20
SE,774 21
SE,774 22
SE,774 23
SE,774 24
SE,774 27
SE,774 29
SE,774 30
SE,774 31
SE,774 32
SE,774 33
SE,774 34
SE,774 35
SE,774 40
SE,774 41
SE,774 60
SE,774 61
SE,774 62
SE,774 63
SE,774 67
SE,774 68
SE,774 80
SE,774 81
SE,774 82
SE,774 89
SE,774 91
SE,774 92
SE,774 93
SE,774 94
SE,774 97
SE,774 98
SE,774 99
SE,775 25
SE,775 26
SE,775 28
SE,775 50
SE,775 51
SE,775 52
SE,775 53
SE,775 54
SE,775 70
SE,775 71
SE,775 95
SE,775 96
SE,776 01
SE,776 02
SE,776 06
SE,776 20
SE,776 21
SE,776 22
SE,776 23
SE,776 28
SE,776 30
SE,776 31
SE,776 32
SE,776 33
SE,776 34
SE,776 35
SE,776 36
SE,776 70
SE,776 71
SE,776 72
SE,776 73
SE,776 74
SE,776 90
SE,776 91
SE,776 92
SE,776 93
SE,776 95
SE,776 96
SE,776 97
SE,776 98
SE,777 01
SE,777 03
SE,777 20
SE,777 21
SE,777 22
SE,777 23
SE,777 25
SE,777 30
SE,777 31
SE,777 32
SE,777 33
SE,777 34
SE,777 50
SE,777 51
SE,777 60
SE,777 80
SE,777 81
SE,777 82
SE,777 90
SE,777 91
SE,777 93
SE,777 94
SE,780 40
SE,780 41
SE,780 44
SE,780 45
SE,780 50
SE,780 51
SE,780 53
SE,780 54
SE,780 61
SE,780 64
SE,780 66
SE,780 67
SE,780 68
SE,780 69
SE,780 91
SE,781 00
SE,781 01
SE,781 02
SE,781 05
SE,781 06
SE,781 07
SE,781 10
SE,781 15
SE,781 20
SE,781 21
SE,781 22
SE,781 23
SE,781 24
SE,781 26
SE,781 27
SE,781 28
SE,781 29
SE,781 60
SE,781 61
SE,781 62
SE,781 68
SE,781 69
SE,781 70
SE,781 71
SE,781 72
SE,781 73
SE,781 74
SE,781 81
SE,781 82
SE,781 83
SE,781 84
SE,781 85
SE,781 87
SE,781 88
SE,781 89
SE,781 90
SE,781 91
SE,781 92
SE,781 93
SE,781 94
SE,781 95
SE,781 96
SE,781 97
SE,781 98
SE,781 99
SE,782 01
SE,782 03
SE,782 20
SE,782 21
SE,782 22
SE,782 23
SE,782 24
SE,782 27
SE,782 30
SE,782 31
SE,782 33
SE,782 34
SE,782 35
SE,782 75
SE,782 90
SE,782 91
SE,783 01
SE,783 20
SE,783 21
SE,783 22
SE,783 23
SE,783 27
SE,783 30
SE,783 31
SE,783 32
SE,783 34
SE,783 35
SE,783 50
SE,783 90
SE,783 91
SE,783 92
SE,783 93
SE,783 95
SE,784 01
SE,784 30
SE,784 31
SE,784 32
SE,784 33
SE,784 34
SE,784 35
SE,784 36
SE,784 37
SE,784 39
SE,784 40
SE,784 41
SE,784 42
SE,784 43
SE,784 44
SE,784 45
SE,784 50
SE,784 51
SE,784 52
SE,784 53
SE,784 54
SE,784 55
SE,784 56
SE,784 60
SE,784 61
SE,784 62
SE,784 63
SE,784 65
SE,784 66
SE,784 67
SE,784 68
SE,784 72
SE,784 73
SE,784 74
SE,784 75
SE,784 76
SE,784 77
SE,784 78
SE,785 00
SE,785 04
SE,785 20
SE,785 21
SE,785 30
SE,785 42
SE,785 43
SE,785 44
SE,785 45
SE,785 60
SE,785 61
SE,785 62
SE,785 63
SE,785 80
SE,785 91
SE,785 92
SE,786 00
SE,786 02
SE,786 20
SE,786 21
SE,786 31
SE,786 32
SE,786 33
SE,786 71
SE,786 72
SE,786 91
SE,786 92
SE,786 93
SE,786 94
SE,786 95
SE,786 97
SE,790 15
SE,790 20
SE,790 21
SE,790 22
SE,790 23
SE,790 24
SE,790 25
SE,790 26
SE,790 31
SE,790 70
SE,790 90
SE,790 91
SE,791 01
SE,791 05
SE,791 06
SE,791 07
SE,791 09
SE,791 10
SE,791 11
SE,791 12
SE,791 13
SE,791 14
SE,791 16
SE,791 17
SE,791 18
SE,791 19
SE,791 20
SE,791 21
SE,791 22
SE,791 23
SE,791 24
SE,791 25
SE,791 26
SE,791 27
SE,791 28
SE,791 29
SE,791 30
SE,791 31
SE,791 32
SE,791 33
SE,791 34
SE,791 35
SE,791 36
SE,791 37
SE,791 38
SE,791 40
SE,791 41
SE,791 42
SE,791 43
SE,791 44
SE,791 45
SE,791 46
SE,791 47
SE,791 50
SE,791 51
SE,791 52
SE,791 53
SE,791 55
SE,791 56
SE,791 60
SE,791 61
SE,791 62
SE,791 70
SE,791 71
SE,791 72
SE,791 73
SE,791 74
SE,791 75
SE,791 76
SE,791 77
SE,791 79
SE,791 80
SE,791 82
SE,791 83
SE,791 84
SE,791 85
SE,791 86
SE,791 87
SE,791 88
SE,791 89
SE,791 91
SE,791 92
SE,791 93
SE,791 94
SE,791 95
SE,791 96
SE,792 01
SE,792 02
SE,792 03
SE,792 05
SE,792 07
SE,792 08
SE,792 20
SE,792 21
SE,792 22
SE,792 23
SE,792 24
SE,792 25
SE,792 26
SE,792 27
SE,792 30
SE,792 31
SE,792 32
SE,792 33
SE,792 34
SE,792 35
SE,792 36
SE,792 37
SE,792 50
SE,792 51
SE,792 52
SE,792 53
SE,792 75
SE,792 77
SE,792 80
SE,792 85
SE,792 90
SE,792 91
SE,792 92
SE,792 93
SE,792 94
SE,792 95
SE,792 96
SE,792 97
SE,792 98
SE,793 01
SE,793 04
SE,793 11
SE,793 12
SE,793 13
SE,793 20
SE,793 21
SE,793 22
SE,793 23
SE,793 24
SE,793 25
SE,793 26
SE,793 27
SE,793 30
SE,793 31
SE,793 32
SE,793 33
SE,793 35
SE,793 36
SE,793 40
SE,793 41
SE,793 50
SE,793 60
SE,793 70
SE,793 80
SE,793 85
SE,793 86
SE,793 90
SE,793 91
SE,793 92
SE,793 93
SE,793 94
SE,793 97
SE,794 01
SE,794 20
SE,794 21
SE,794 22
SE,794 30
SE,794 31
SE,794 32
SE,794 33
SE,794 34
SE,794 90
SE,794 91
SE,794 92
SE,794 93
SE,794 95
SE,794 98
SE,795 01
SE,795 03
SE,795 20
SE,795 21
SE,795 22
SE,795 23
SE,795 30
SE,795 31
SE,795 32
SE,795 33
SE,795 35
SE,795 36
SE,795 70
SE,795 71
SE,795 80
SE,795 90
SE,795 91
SE,795 92
SE,795 95
SE,795 96
SE,796 01
SE,796 02
SE,796 20
SE,796 21
SE,796 22
SE,796 25
SE,796 26
SE,796 30
SE,796 31
SE,796 90
SE,796 91
SE,796 92
SE,796 99
SE,797 31
SE,797 71
SE,797 92
SE,800 02
SE,800 04
SE,800 06
SE,800 08
SE,800 10
SE,800 11
SE,800 14
SE,800 15
SE,801 00
SE,801 01
SE,801 02
SE,801 03
SE,801 04
SE,801 05
SE,801 06
SE,801 07
SE,801 08
SE,801 26
SE,801 27
SE,801 28
SE,801 29
SE,801 30
SE,801 31
SE,801 32
SE,801 33
SE,801 34
SE,801 35
SE,801 36
SE,801 37
SE,801 38
SE,801 39
SE,801 70
SE,801 71
SE,801 72
SE,801 73
SE,801 74
SE,801 76
SE,801 81
SE,801 82
SE,801 83
SE,801 84
SE,801 85
SE,801 86
SE,801 87
SE,801 88
SE,802 00
SE,802 08
SE,802 10
SE,802 50
SE,802 51
SE,802 52
SE,802 53
SE,802 54
SE,802 55
SE,802 56
SE,802 57
SE,802 58
SE,802 60
SE,802 61
SE,802 62
SE,802 63
SE,802 64
SE,802 65
SE,802 66
SE,802 67
SE,802 69
SE,802 70
SE,802 71
SE,802 72
SE,802 74
SE,802 75
SE,802 76
SE,802 77
SE,802 80
SE,802 81
SE,802 82
SE,802 83
SE,802 84
SE,802 85
SE,802 86
SE,802 87
SE,802 88
SE,802 91
SE,802 92
SE,802 93
SE,803 01
SE,803 02
SE,803 09
SE,803 10
SE,803 11
SE,803 20
SE,803 21
SE,803 22
SE,803 23
SE,803 24
SE,803 25
SE,804 00
SE,804 23
SE,804 24
SE,804 25
SE,804 26
SE,804 27
SE,804 28
SE,804 29
SE,804 30
SE,804 31
SE,804 32
SE,804 33
SE,804 34
SE,805 01
SE,805 91
SE,805 92
SE,805 95
SE,805 96
SE,805 97
SE,805 98
SE,806 00
SE,806 26
SE,806 27
SE,806 28
SE,806 30
SE,806 31
SE,806 32
SE,806 33
SE,806 34
SE,806 35
SE,806 36
SE,806 37
SE,806 38
SE,806 41
SE,806 42
SE,806 43
SE,806 45
SE,806 46
SE,806 47
SE,806 48
SE,806 49
SE,808 00
SE,808 01
SE,808 02
SE,808 04
SE,808 10
SE,808 11
SE,808 14
SE,808 15
SE,808 86
SE,810 20
SE,810 21
SE,810 22
SE,810 40
SE,810 64
SE,810 65
SE,811 00
SE,811 01
SE,811 02
SE,811 03
SE,811 04
SE,811 19
SE,811 20
SE,811 21
SE,811 22
SE,811 23
SE,811 24
SE,811 25
SE,811 26
SE,811 30
SE,811 31
SE,811 32
SE,811 33
SE,811 34
SE,811 35
SE,811 36
SE,811 37
SE,811 38
SE,811 39
SE,811 40
SE,811 41
SE,811 50
SE,811 51
SE,811 52
SE,811 53
SE,811 54
SE,811 60
SE,811 61
SE,811 62
SE,811 70
SE,811 71
SE,811 73
SE,811 74
SE,811 80
SE,811 81
SE,811 85
SE,811 88
SE,811 89
SE,811 91
SE,811 92
SE,811 93
SE,811 94
SE,811 95
SE,811 96
SE,811 97
SE,811 98
SE,811 99
SE,812 01
SE,812 03
SE,812 04
SE,812 19
SE,812 20
SE,812 21
SE,812 22
SE,812 25
SE,812 30
SE,812 31
SE,812 40
SE,812 41
SE,812 51
SE,812 90
SE,812 92
SE,812 93
SE,812 94
SE,813 01
SE,813 02
SE,813 19
SE,813 20
SE,813 21
SE,813 22
SE,813 23
SE,813 27
SE,813 30
SE,813 31
SE,813 32
SE,813 33
SE,813 34
SE,813 35
SE,813 36
SE,813 40
SE,813 81
SE,813 82
SE,813 91
SE,813 94
SE,813 95
SE,813 96
SE,814 00
SE,814 01
SE,814 20
SE,814 21
SE,814 22
SE,814 23
SE,814 24
SE,814 25
SE,814 26
SE,814 27
SE,814 30
SE,814 31
SE,814 32
SE,814 40
SE,814 41
SE,814 42
SE,814 70
SE,814 81
SE,814 91
SE,814 92
SE,814 93
SE,814 94
SE,814 95
SE,815 00
SE,815 03
SE,815 04
SE,815 19
SE,815 20
SE,815 21
SE,815 22
SE,815 23
SE,815 24
SE,815 25
SE,815 26
SE,815 27
SE,815 28
SE,815 35
SE,815 36
SE,815 37
SE,815 38
SE,815 40
SE,815 41
SE,815 44
SE,815 45
SE,815 69
SE,815 75
SE,815 76
SE,815 80
SE,815 81
SE,815 82
SE,815 83
SE,815 91
SE,815 92
SE,815 93
SE,815 94
SE,815 95
SE,815 96
SE,816 01
SE,816 20
SE,816 21
SE,816 22
SE,816 23
SE,816 25
SE,816 26
SE,816 30
SE,816 31
SE,816 80
SE,816 90
SE,816 91
SE,816 92
SE,816 93
SE,816 94
SE,816 95
SE,817 01
SE,817 02
SE,817 20
SE,817 21
SE,817 30
SE,817 40
SE,817 91
SE,817 92
SE,817 93
SE,817 94
SE,818 01
SE,818 02
SE,818 03
SE,818 04
SE,818 19
SE,818 20
SE,818 21
SE,818 30
SE,818 31
SE,818 32
SE,818 33
SE,818 34
SE,818 35
SE,818 41
SE,818 42
SE,818 43
SE,818 45
SE,818 91
SE,818 92
SE,818 95
SE,818 96
SE,819 00
SE,819 11
SE,819 30
SE,819 40
SE,819 61
SE,819 62
SE,819 63
SE,819 64
SE,819 65
SE,819 66
SE,820 10
SE,820 11
SE,820 20
SE,820 21
SE,820 22
SE,820 23
SE,820 26
SE,820 29
SE,820 40
SE,820 41
SE,820 42
SE,820 43
SE,820 46
SE,820 50
SE,820 51
SE,820 60
SE,820 62
SE,820 64
SE,820 65
SE,820 70
SE,820 71
SE,820 72
SE,820 74
SE,820 75
SE,820 76
SE,820 77
SE,820 78
SE,821 00
SE,821 10
SE,821 11
SE,821 12
SE,821 13
SE,821 19
SE,821 20
SE,821 21
SE,821 22
SE,821 23
SE,821 24
SE,821 25
SE,821 26
SE,821 27
SE,821 30
SE,821 31
SE,821 32
SE,821 33
SE,821 34
SE,821 35
SE,821 36
SE,821 40
SE,821 41
SE,821 42
SE,821 43
SE,821 50
SE,821 51
SE,821 58
SE,821 60
SE,821 61
SE,821 62
SE,821 63
SE,821 67
SE,821 68
SE,821 80
SE,821 81
SE,821 82
SE,821 89
SE,821 91
SE,821 92
SE,821 93
SE,821 94
SE,821 95
SE,821 98
SE,822 01
SE,822 20
SE,822 21
SE,822 22
SE,822 25
SE,822 30
SE,822 31
SE,822 40
SE,822 80
SE,822 81
SE,822 91
SE,822 92
SE,822 98
SE,822 99
SE,823 01
SE,823 03
SE,823 20
SE,823 21
SE,823 22
SE,823 30
SE,823 80
SE,823 91
SE,823 92
SE,823 93
SE,824 00
SE,824 01
SE,824 02
SE,824 08
SE,824 09
SE,824 10
SE,824 11
SE,824 12
SE,824 13
SE,824 14
SE,824 15
SE,824 20
SE,824 21
SE,824 22
SE,824 23
SE,824 24
SE,824 25
SE,824 26
SE,824 27
SE,824 28
SE,824 30
SE,824 31
SE,824 32
SE,824 33
SE,824 34
SE,824 35
SE,824 39
SE,824 40
SE,824 41
SE,824 42
SE,824 43
SE,824 44
SE,824 45
SE,824 50
SE,824 51
SE,824 52
SE,824 53
SE,824 54
SE,824 55
SE,824 56
SE,824 60
SE,824 61
SE,824 62
SE,824 65
SE,824 66
SE,824 67
SE,824 70
SE,824 71
SE,824 72
SE,824 73
SE,824 74
SE,824 77
SE,824 78
SE,824 79
SE,824 80
SE,824 81
SE,824 82
SE,824 83
SE,824 91
SE,824 92
SE,824 93
SE,824 94
SE,824 95
SE,824 96
SE,825 00
SE,825 01
SE,825 19
SE,825 20
SE,825 21
SE,825 30
SE,825 31
SE,825 32
SE,825 80
SE,825 91
SE,825 92
SE,825 93
SE,825 95
SE,825 96
SE,826 01
SE,826 04
SE,826 08
SE,826 11
SE,826 12
SE,826 13
SE,826 20
SE,826 21
SE,826 22
SE,826 23
SE,826 24
SE,826 25
SE,826 26
SE,826 27
SE,826 30
SE,826 31
SE,826 32
SE,826 34
SE,826 35
SE,826 36
SE,826 37
SE,826 39
SE,826 40
SE,826 50
SE,826 60
SE,826 61
SE,826 62
SE,826 66
SE,826 67
SE,826 68
SE,826 69
SE,826 70
SE,826 72
SE,826 73
SE,826 75
SE,826 76
SE,826 77
SE,826 79
SE,826 80
SE,826 81
SE,826 82
SE,826 83
SE,826 84
SE,826 85
SE,826 86
SE,826 91
SE,826 92
SE,826 93
SE,826 94
SE,826 95
SE,827 00
SE,827 01
SE,827 02
SE,827 20
SE,827 21
SE,827 22
SE,827 23
SE,827 24
SE,827 25
SE,827 27
SE,827 28
SE,827 30
SE,827 31
SE,827 32
SE,827 33
SE,827 34
SE,827 35
SE,827 40
SE,827 50
SE,827 51
SE,827 52
SE,827 53
SE,827 54
SE,827 60
SE,827 61
SE,827 62
SE,827 63
SE,827 70
SE,827 71
SE,827 72
SE,827 73
SE,827 75
SE,827 76
SE,827 80
SE,827 81
SE,827 82
SE,827 91
SE,827 92
SE,827 93
SE,827 94
SE,827 95
SE,828 01
SE,828 20
SE,828 21
SE,828 22
SE,828 23
SE,828 25
SE,828 30
SE,828 31
SE,828 32
SE,828 33
SE,828 34
SE,828 80
SE,828 81
SE,828 91
SE,828 92
SE,828 93
SE,828 94
SE,828 95
SE,828 99
SE,829 20
SE,829 21
SE,829 22
SE,829 23
SE,829 24
SE,829 50
SE,829 51
SE,829 52
SE,829 53
SE,829 60
SE,829 61
SE,829 62
SE,829 91
SE,829 95
SE,829 96
SE,829 98
SE,830 01
SE,830 02
SE,830 04
SE,830 05
SE,830 10
SE,830 12
SE,830 13
SE,830 15
SE,830 19
SE,830 21
SE,830 22
SE,830 23
SE,830 24
SE,830 30
SE,830 43
SE,830 44
SE,830 47
SE,830 51
SE,830 60
SE,830 67
SE,830 70
SE,830 76
SE,830 80
SE,830 81
SE,830 86
SE,830 90
SE,830 93
SE,831 00
SE,831 01
SE,831 02
SE,831 03
SE,831 04
SE,831 05
SE,831 06
SE,831 07
SE,831 08
SE,831 09
SE,831 11
SE,831 17
SE,831 18
SE,831 19
SE,831 20
SE,831 21
SE,831 22
SE,831 23
SE,831 24
SE,831 25
SE,831 26
SE,831 27
SE,831 28
SE,831 29
SE,831 30
SE,831 31
SE,831 32
SE,831 33
SE,831 34
SE,831 35
SE,831 36
SE,831 37
SE,831 38
SE,831 39
SE,831 40
SE,831 41
SE,831 42
SE,831 43
SE,831 44
SE,831 45
SE,831 46
SE,831 47
SE,831 48
SE,831 49
SE,831 50
SE,831 51
SE,831 52
SE,831 53
SE,831 54
SE,831 55
SE,831 56
SE,831 57
SE,831 58
SE,831 59
SE,831 60
SE,831 61
SE,831 62
SE,831 63
SE,831 64
SE,831 65
SE,831 66
SE,831 70
SE,831 71
SE,831 72
SE,831 73
SE,831 74
SE,831 75
SE,831 76
SE,831 77
SE,831 78
SE,831 80
SE,831 81
SE,831 82
SE,831 83
SE,831 84
SE,831 85
SE,831 86
SE,831 87
SE,831 88
SE,831 89
SE,831 90
SE,831 91
SE,831 92
SE,831 95
SE,831 96
SE,831 97
SE,831 99
SE,832 00
SE,832 01
SE,832 20
SE,832 21
SE,832 23
SE,832 41
SE,832 42
SE,832 43
SE,832 44
SE,832 45
SE,832 46
SE,832 47
SE,832 48
SE,832 51
SE,832 53
SE,832 54
SE,832 55
SE,832 56
SE,832 80
SE,832 81
SE,832 82
SE,832 93
SE,832 94
SE,832 96
SE,833 01
SE,833 02
SE,833 03
SE,833 04
SE,833 17
SE,833 18
SE,833 19
SE,833 20
SE,833 21
SE,833 22
SE,833 23
SE,833 24
SE,833 26
SE,833 27
SE,833 31
SE,833 32
SE,833 33
SE,833 34
SE,833 35
SE,833 36
SE,833 41
SE,833 48
SE,833 49
SE,833 51
SE,833 59
SE,833 61
SE,833 80
SE,833 81
SE,833 82
SE,833 83
SE,833 84
SE,833 85
SE,833 86
SE,833 87
SE,833 91
SE,833 92
SE,833 93
SE,833 94
SE,833 95
SE,833 96
SE,833 97
SE,833 98
SE,833 99
SE,834 01
SE,834 20
SE,834 21
SE,834 31
SE,834 32
SE,834 33
SE,834 34
SE,834 96
SE,834 97
SE,834 98
SE,834 99
SE,835 01
SE,835 05
SE,835 20
SE,835 21
SE,835 22
SE,835 23
SE,835 31
SE,835 32
SE,835 33
SE,835 39
SE,835 40
SE,835 41
SE,835 42
SE,835 61
SE,835 62
SE,835 63
SE,835 64
SE,835 67
SE,835 68
SE,835 80
SE,835 91
SE,835 92
SE,835 93
SE,835 94
SE,835 95
SE,835 96
SE,835 97
SE,835 98
SE,835 99
SE,836 31
SE,836 71
SE,836 91
SE,836 92
SE,836 93
SE,836 94
SE,836 95
SE,837 01
SE,837 20
SE,837 21
SE,837 22
SE,837 23
SE,837 24
SE,837 25
SE,837 31
SE,837 32
SE,837 41
SE,837 51
SE,837 52
SE,837 71
SE,837 72
SE,837 73
SE,837 75
SE,837 91
SE,837 92
SE,837 93
SE,837 94
SE,837 95
SE,837 96
SE,837 97
SE,837 98
SE,837 99
SE,838 01
SE,838 20
SE,838 21
SE,838 26
SE,838 27
SE,838 71
SE,838 72
SE,838 73
SE,838 74
SE,838 75
SE,838 76
SE,838 77
SE,838 78
SE,838 79
SE,838 80
SE,838 81
SE,838 82
SE,838 83
SE,839 01
SE,839 02
SE,839 03
SE,839 04
SE,839 05
SE,839 06
SE,839 07
SE,839 08
SE,839 09
SE,839 10
SE,839 11
SE,839 12
SE,839 13
SE,839 14
SE,839 15
SE,839 16
SE,839 17
SE,839 18
SE,839 19
SE,839 20
SE,839 21
SE,839 22
SE,839 23
SE,839 24
SE,839 25
SE,839 26
SE,839 27
SE,839 28
SE,839 29
SE,839 30
SE,839 31
SE,839 32
SE,839 33
SE,839 34
SE,839 35
SE,839 36
SE,839 37
SE,839 38
SE,839 39
SE,839 40
SE,839 41
SE,839 42
SE,839 43
SE,839 44
SE,839 45
SE,839 46
SE,839 47
SE,839 48
SE,839 49
SE,839 50
SE,839 77
SE,839 80
SE,839 81
SE,839 83
SE,839 84
SE,839 85
SE,839 86
SE,839 87
SE,839 88
SE,839 89
SE,840 10
SE,840 12
SE,840 13
SE,840 24
SE,840 30
SE,840 31
SE,840 32
SE,840 34
SE,840 35
SE,840 40
SE,840 50
SE,840 58
SE,840 60
SE,840 64
SE,840 67
SE,840 70
SE,840 73
SE,840 80
SE,840 85
SE,840 90
SE,840 91
SE,840 92
SE,840 93
SE,840 94
SE,840 95
SE,840 96
SE,840 97
SE,840 98
SE,841 00
SE,841 01
SE,841 02
SE,841 03
SE,841 20
SE,841 21
SE,841 22
SE,841 23
SE,841 31
SE,841 32
SE,841 33
SE,841 34
SE,841 44
SE,841 71
SE,841 72
SE,841 73
SE,841 74
SE,841 75
SE,841 76
SE,841 77
SE,841 80
SE,841 81
SE,841 91
SE,841 92
SE,841 93
SE,841 94
SE,841 95
SE,841 96
SE,841 97
SE,841 98
SE,841 99
SE,842 01
SE,842 20
SE,842 21
SE,842 22
SE,842 31
SE,842 32
SE,842 33
SE,842 34
SE,842 35
SE,842 71
SE,842 80
SE,842 90
SE,842 91
SE,842 92
SE,842 93
SE,842 94
SE,842 95
SE,842 96
SE,842 97
SE,842 99
SE,843 01
SE,843 20
SE,843 21
SE,843 31
SE,843 32
SE,843 41
SE,843 91
SE,843 92
SE,843 93
SE,843 94
SE,843 95
SE,843 96
SE,843 97
SE,843 98
SE,844 01
SE,844 20
SE,844 21
SE,844 22
SE,844 23
SE,844 31
SE,844 32
SE,844 41
SE,844 51
SE,844 61
SE,844 91
SE,844 92
SE,844 93
SE,844 94
SE,844 95
SE,844 96
SE,844 97
SE,844 98
SE,845 01
SE,845 20
SE,845 21
SE,845 31
SE,845 51
SE,845 52
SE,845 61
SE,845 62
SE,845 71
SE,845 72
SE,845 73
SE,845 91
SE,845 93
SE,845 94
SE,845 95
SE,845 97
SE,845 98
SE,845 99
SE,846 01
SE,846 02
SE,846 03
SE,846 20
SE,846 21
SE,846 31
SE,846 71
SE,846 72
SE,846 73
SE,846 74
SE,846 91
SE,846 92
SE,846 93
SE,846 94
SE,846 95
SE,846 96
SE,846 97
SE,846 98
SE,850 02
SE,850 03
SE,850 06
SE,850 07
SE,850 08
SE,850 09
SE,850 10
SE,850 11
SE,850 12
SE,850 13
SE,850 15
SE,851 00
SE,851 02
SE,851 03
SE,851 04
SE,851 05
SE,851 06
SE,851 07
SE,851 08
SE,851 10
SE,851 11
SE,851 21
SE,851 22
SE,851 23
SE,851 24
SE,851 25
SE,851 70
SE,851 71
SE,851 72
SE,851 73
SE,851 74
SE,851 75
SE,851 76
SE,851 78
SE,851 79
SE,851 80
SE,851 81
SE,851 82
SE,851 83
SE,851 84
SE,851 85
SE,851 86
SE,851 87
SE,851 88
SE,851 89
SE,851 90
SE,851 92
SE,851 93
SE,851 94
SE,851 96
SE,851 98
SE,851 99
SE,852 01
SE,852 29
SE,852 30
SE,852 31
SE,852 32
SE,852 33
SE,852 34
SE,852 35
SE,852 36
SE,852 37
SE,852 38
SE,852 39
SE,852 40
SE,852 41
SE,852 42
SE,852 43
SE,852 44
SE,853 01
SE,853 50
SE,853 51
SE,853 52
SE,853 53
SE,853 56
SE,853 57
SE,853 58
SE,853 59
SE,854 01
SE,854 02
SE,854 60
SE,854 61
SE,854 62
SE,854 63
SE,854 66
SE,854 67
SE,854 68
SE,855 61
SE,855 90
SE,855 91
SE,855 92
SE,855 97
SE,855 98
SE,855 99
SE,856 01
SE,856 30
SE,856 31
SE,856 32
SE,856 33
SE,856 34
SE,856 35
SE,856 40
SE,856 41
SE,856 42
SE,856 43
SE,856 44
SE,856 45
SE,856 50
SE,856 51
SE,856 52
SE,856 53
SE,857 00
SE,857 01
SE,857 30
SE,857 31
SE,857 32
SE,857 33
SE,857 34
SE,857 35
SE,857 40
SE,857 41
SE,857 42
SE,857 50
SE,857 51
SE,857 52
SE,857 53
SE,858 00
SE,858 10
SE,858 20
SE,858 30
SE,858 40
SE,859 00
SE,859 01
SE,859 02
SE,859 03
SE,859 04
SE,859 05
SE,859 06
SE,859 07
SE,859 08
SE,859 09
SE,859 10
SE,859 11
SE,859 12
SE,859 13
SE,859 14
SE,859 15
SE,859 16
SE,859 17
SE,859 18
SE,859 19
SE,859 20
SE,859 21
SE,859 22
SE,859 23
SE,859 24
SE,859 25
SE,859 26
SE,859 27
SE,859 28
SE,859 29
SE,859 30
SE,859 31
SE,859 32
SE,859 33
SE,859 34
SE,859 35
SE,859 36
SE,859 37
SE,859 38
SE,859 39
SE,859 40
SE,859 41
SE,859 42
SE,859 43
SE,859 44
SE,859 45
SE,859 46
SE,859 47
SE,859 48
SE,859 49
SE,859 50
SE,859 51
SE,859 52
SE,859 53
SE,859 54
SE,859 55
SE,859 56
SE,859 57
SE,859 58
SE,859 59
SE,859 60
SE,859 61
SE,859 62
SE,859 63
SE,859 64
SE,859 65
SE,859 66
SE,859 67
SE,859 68
SE,859 69
SE,859 70
SE,859 71
SE,859 72
SE,859 73
SE,859 74
SE,859 75
SE,859 76
SE,859 77
SE,859 78
SE,859 79
SE,859 80
SE,859 81
SE,859 82
SE,859 83
SE,859 84
SE,859 85
SE,859 86
SE,859 87
SE,859 88
SE,859 89
SE,859 90
SE,859 91
SE,859 92
SE,859 93
SE,859 94
SE,859 95
SE,859 96
SE,859 97
SE,859 98
SE,859 99
SE,860 13
SE,860 25
SE,860 30
SE,860 32
SE,860 33
SE,860 35
SE,860 40
SE,860 41
SE,861 01
SE,861 20
SE,861 21
SE,861 22
SE,861 23
SE,861 24
SE,861 26
SE,861 27
SE,861 28
SE,861 31
SE,861 32
SE,861 33
SE,861 34
SE,861 35
SE,861 36
SE,861 38
SE,861 39
SE,861 41
SE,861 42
SE,861 43
SE,861 45
SE,861 51
SE,861 52
SE,861 81
SE,861 82
SE,861 83
SE,861 84
SE,861 91
SE,861 92
SE,861 93
SE,861 94
SE,861 95
SE,862 01
SE,862 02
SE,862 20
SE,862 21
SE,862 22
SE,862 23
SE,862 24
SE,862 31
SE,862 32
SE,862 33
SE,862 34
SE,862 40
SE,862 41
SE,862 91
SE,862 92
SE,862 94
SE,862 95
SE,862 96
SE,863 01
SE,863 20
SE,863 21
SE,863 22
SE,863 23
SE,863 31
SE,863 32
SE,863 33
SE,863 34
SE,863 35
SE,863 36
SE,863 37
SE,863 41
SE,863 42
SE,864 01
SE,864 20
SE,864 21
SE,864 22
SE,864 23
SE,864 31
SE,864 32
SE,864 33
SE,864 41
SE,864 91
SE,864 92
SE,864 95
SE,864 96
SE,865 01
SE,865 20
SE,865 21
SE,865 22
SE,865 31
SE,865 32
SE,865 33
SE,865 51
SE,865 91
SE,865 92
SE,870 10
SE,870 15
SE,870 16
SE,870 30
SE,870 31
SE,870 32
SE,870 33
SE,870 52
SE,871 01
SE,871 02
SE,871 03
SE,871 04
SE,871 20
SE,871 21
SE,871 22
SE,871 23
SE,871 24
SE,871 25
SE,871 26
SE,871 27
SE,871 29
SE,871 30
SE,871 31
SE,871 32
SE,871 33
SE,871 34
SE,871 40
SE,871 41
SE,871 42
SE,871 45
SE,871 50
SE,871 51
SE,871 52
SE,871 53
SE,871 54
SE,871 60
SE,871 61
SE,871 62
SE,871 65
SE,871 66
SE,871 71
SE,871 80
SE,871 81
SE,871 82
SE,871 84
SE,871 85
SE,871 86
SE,871 87
SE,871 88
SE,871 91
SE,871 92
SE,871 93
SE,871 94
SE,871 95
SE,871 96
SE,871 97
SE,871 98
SE,871 99
SE,872 00
SE,872 20
SE,872 21
SE,872 22
SE,872 23
SE,872 24
SE,872 25
SE,872 26
SE,872 30
SE,872 31
SE,872 32
SE,872 33
SE,872 34
SE,872 35
SE,872 36
SE,872 43
SE,872 63
SE,872 64
SE,872 75
SE,872 80
SE,872 91
SE,872 92
SE,872 93
SE,872 94
SE,872 95
SE,872 96
SE,872 97
SE,872 98
SE,873 02
SE,873 03
SE,873 20
SE,873 21
SE,873 22
SE,873 30
SE,873 40
SE,873 50
SE,873 71
SE,873 72
SE,873 80
SE,873 81
SE,873 91
SE,873 92
SE,873 93
SE,873 94
SE,873 95
SE,873 96
SE,873 97
SE,873 98
SE,873 99
SE,880 30
SE,880 37
SE,880 40
SE,880 41
SE,880 50
SE,880 51
SE,881 01
SE,881 04
SE,881 06
SE,881 20
SE,881 21
SE,881 22
SE,881 23
SE,881 24
SE,881 25
SE,881 26
SE,881 27
SE,881 30
SE,881 31
SE,881 32
SE,881 33
SE,881 34
SE,881 35
SE,881 40
SE,881 41
SE,881 50
SE,881 51
SE,881 52
SE,881 60
SE,881 70
SE,881 80
SE,881 81
SE,881 84
SE,881 85
SE,881 86
SE,881 91
SE,881 92
SE,881 93
SE,881 94
SE,881 95
SE,881 96
SE,881 97
SE,881 98
SE,881 99
SE,882 01
SE,882 20
SE,882 21
SE,882 22
SE,882 30
SE,882 40
SE,882 50
SE,882 80
SE,882 81
SE,882 91
SE,882 93
SE,882 95
SE,883 02
SE,883 03
SE,883 04
SE,883 05
SE,883 70
SE,883 71
SE,883 72
SE,883 91
SE,883 92
SE,883 93
SE,883 94
SE,883 95
SE,883 96
SE,883 97
SE,890 35
SE,890 37
SE,890 42
SE,890 50
SE,890 51
SE,890 54
SE,891 01
SE,891 04
SE,891 15
SE,891 16
SE,891 17
SE,891 18
SE,891 20
SE,891 21
SE,891 22
SE,891 23
SE,891 24
SE,891 25
SE,891 26
SE,891 27
SE,891 28
SE,891 29
SE,891 30
SE,891 31
SE,891 32
SE,891 33
SE,891 34
SE,891 35
SE,891 36
SE,891 37
SE,891 38
SE,891 39
SE,891 40
SE,891 41
SE,891 42
SE,891 43
SE,891 44
SE,891 45
SE,891 50
SE,891 51
SE,891 55
SE,891 60
SE,891 61
SE,891 62
SE,891 63
SE,891 64
SE,891 65
SE,891 77
SE,891 78
SE,891 80
SE,891 82
SE,891 85
SE,891 86
SE,891 88
SE,891 89
SE,891 90
SE,891 92
SE,891 95
SE,891 96
SE,892 00
SE,892 20
SE,892 21
SE,892 22
SE,892 23
SE,892 24
SE,892 30
SE,892 31
SE,892 32
SE,892 33
SE,892 34
SE,892 40
SE,892 41
SE,892 42
SE,892 43
SE,892 50
SE,892 51
SE,892 92
SE,893 00
SE,893 01
SE,893 02
SE,893 20
SE,893 21
SE,893 22
SE,893 23
SE,893 24
SE,893 30
SE,893 31
SE,893 40
SE,893 80
SE,893 91
SE,893 92
SE,893 95
SE,893 96
SE,893 99
SE,894 20
SE,894 21
SE,894 22
SE,894 23
SE,894 30
SE,894 31
SE,894 35
SE,894 40
SE,894 41
SE,894 91
SE,894 93
SE,894 95
SE,895 01
SE,895 20
SE,895 21
SE,895 22
SE,895 23
SE,895 30
SE,895 40
SE,895 80
SE,895 91
SE,895 92
SE,895 93
SE,895 95
SE,895 97
SE,895 98
SE,895 99
SE,896 21
SE,896 31
SE,896 32
SE,896 80
SE,896 91
SE,896 93
SE,897 90
SE,897 91
SE,897 92
SE,900 01
SE,900 02
SE,901 00
SE,901 01
SE,901 02
SE,901 03
SE,901 04
SE,901 05
SE,901 06
SE,901 07
SE,901 08
SE,901 09
SE,901 10
SE,901 19
SE,901 20
SE,901 21
SE,901 22
SE,901 23
SE,901 24
SE,901 25
SE,901 30
SE,901 31
SE,901 32
SE,901 33
SE,901 37
SE,901 70
SE,901 71
SE,901 72
SE,901 73
SE,901 74
SE,901 75
SE,901 76
SE,901 77
SE,901 78
SE,901 79
SE,901 80
SE,901 81
SE,901 82
SE,901 83
SE,901 84
SE,901 85
SE,901 86
SE,901 87
SE,901 88
SE,901 89
SE,903 00
SE,903 01
SE,903 02
SE,903 03
SE,903 04
SE,903 10
SE,903 11
SE,903 13
SE,903 14
SE,903 20
SE,903 21
SE,903 22
SE,903 23
SE,903 25
SE,903 26
SE,903 27
SE,903 28
SE,903 29
SE,903 30
SE,903 31
SE,903 32
SE,903 33
SE,903 34
SE,903 35
SE,903 36
SE,903 37
SE,903 38
SE,903 39
SE,903 40
SE,903 42
SE,903 43
SE,903 44
SE,903 45
SE,903 46
SE,903 47
SE,903 51
SE,903 52
SE,903 53
SE,903 54
SE,903 55
SE,903 60
SE,903 61
SE,903 62
SE,903 63
SE,903 64
SE,903 65
SE,904 00
SE,904 01
SE,904 02
SE,904 03
SE,904 04
SE,904 05
SE,904 06
SE,904 20
SE,904 21
SE,904 22
SE,904 26
SE,904 31
SE,904 32
SE,904 33
SE,904 34
SE,904 35
SE,904 36
SE,904 40
SE,904 41
SE,905 00
SE,905 21
SE,905 31
SE,905 32
SE,905 71
SE,905 72
SE,905 80
SE,905 81
SE,905 82
SE,905 83
SE,905 86
SE,905 87
SE,905 88
SE,905 91
SE,905 92
SE,905 93
SE,905 94
SE,905 95
SE,905 96
SE,906 00
SE,906 02
SE,906 03
SE,906 04
SE,906 05
SE,906 12
SE,906 13
SE,906 15
SE,906 20
SE,906 21
SE,906 22
SE,906 24
SE,906 25
SE,906 26
SE,906 27
SE,906 28
SE,906 29
SE,906 30
SE,906 37
SE,906 38
SE,906 40
SE,906 41
SE,906 42
SE,906 43
SE,906 50
SE,906 51
SE,906 52
SE,906 53
SE,906 54
SE,906 55
SE,906 56
SE,906 57
SE,906 60
SE,907 00
SE,907 02
SE,907 03
SE,907 04
SE,907 12
SE,907 13
SE,907 19
SE,907 27
SE,907 28
SE,907 29
SE,907 30
SE,907 31
SE,907 32
SE,907 33
SE,907 34
SE,907 35
SE,907 36
SE,907 37
SE,907 38
SE,907 39
SE,907 40
SE,907 41
SE,907 42
SE,907 43
SE,907 46
SE,907 49
SE,907 50
SE,907 51
SE,907 52
SE,907 53
SE,907 54
SE,907 55
SE,907 88
SE,908 01
SE,908 02
SE,908 03
SE,908 04
SE,908 05
SE,908 06
SE,908 07
SE,908 09
SE,908 10
SE,908 11
SE,908 12
SE,908 13
SE,908 14
SE,908 15
SE,908 50
SE,910 20
SE,910 50
SE,910 52
SE,910 60
SE,910 63
SE,910 88
SE,910 94
SE,911 01
SE,911 02
SE,911 20
SE,911 21
SE,911 30
SE,911 31
SE,911 32
SE,911 33
SE,911 34
SE,911 35
SE,911 36
SE,911 81
SE,911 82
SE,911 91
SE,911 92
SE,911 93
SE,911 94
SE,912 01
SE,912 20
SE,912 21
SE,912 22
SE,912 23
SE,912 24
SE,912 31
SE,912 32
SE,912 33
SE,912 34
SE,912 70
SE,912 81
SE,912 90
SE,912 91
SE,912 92
SE,912 93
SE,912 94
SE,912 95
SE,912 97
SE,912 98
SE,912 99
SE,913 01
SE,913 20
SE,913 21
SE,913 22
SE,913 31
SE,913 32
SE,913 33
SE,913 34
SE,913 35
SE,913 41
SE,913 42
SE,913 80
SE,914 01
SE,914 20
SE,914 21
SE,914 22
SE,914 29
SE,914 31
SE,914 32
SE,914 33
SE,914 41
SE,914 81
SE,914 90
SE,914 91
SE,914 92
SE,914 93
SE,914 94
SE,914 95
SE,914 96
SE,914 97
SE,914 98
SE,915 01
SE,915 20
SE,915 21
SE,915 23
SE,915 31
SE,915 32
SE,915 34
SE,915 81
SE,915 91
SE,915 92
SE,915 93
SE,915 94
SE,915 95
SE,915 96
SE,915 97
SE,915 98
SE,916 01
SE,916 20
SE,916 21
SE,916 31
SE,916 81
SE,916 91
SE,916 92
SE,916 93
SE,916 95
SE,917 01
SE,917 02
SE,917 03
SE,917 04
SE,917 20
SE,917 21
SE,917 22
SE,917 31
SE,917 32
SE,917 81
SE,917 82
SE,917 87
SE,917 91
SE,917 93
SE,917 94
SE,917 95
SE,917 99
SE,918 01
SE,918 03
SE,918 20
SE,918 21
SE,918 31
SE,918 32
SE,918 34
SE,918 91
SE,918 92
SE,918 93
SE,918 94
SE,919 01
SE,919 20
SE,919 21
SE,919 31
SE,919 32
SE,919 85
SE,919 91
SE,919 92
SE,919 93
SE,919 94
SE,919 95
SE,920 34
SE,920 37
SE,920 38
SE,920 39
SE,920 40
SE,920 41
SE,920 42
SE,920 51
SE,920 64
SE,920 66
SE,920 70
SE,920 72
SE,920 73
SE,920 75
SE,921 01
SE,921 20
SE,921 21
SE,921 22
SE,921 23
SE,921 24
SE,921 27
SE,921 28
SE,921 29
SE,921 31
SE,921 32
SE,921 33
SE,921 34
SE,921 35
SE,921 36
SE,921 37
SE,921 41
SE,921 42
SE,921 45
SE,921 46
SE,921 73
SE,921 81
SE,921 82
SE,921 91
SE,921 92
SE,921 93
SE,921 94
SE,921 95
SE,921 96
SE,921 99
SE,922 01
SE,922 20
SE,922 21
SE,922 31
SE,922 32
SE,922 61
SE,922 62
SE,922 63
SE,922 65
SE,922 66
SE,922 67
SE,922 73
SE,922 75
SE,922 76
SE,922 77
SE,922 78
SE,922 81
SE,922 82
SE,922 90
SE,922 91
SE,922 92
SE,922 93
SE,922 94
SE,922 95
SE,923 01
SE,923 20
SE,923 21
SE,923 22
SE,923 23
SE,923 24
SE,923 26
SE,923 31
SE,923 32
SE,923 41
SE,923 81
SE,923 94
SE,923 95
SE,923 96
SE,923 97
SE,923 98
SE,923 99
SE,924 01
SE,924 20
SE,924 21
SE,924 22
SE,924 31
SE,924 32
SE,924 81
SE,924 92
SE,924 93
SE,924 94
SE,924 95
SE,924 98
SE,925 32
SE,925 91
SE,925 93
SE,930 10
SE,930 15
SE,930 27
SE,930 47
SE,930 52
SE,930 55
SE,930 61
SE,930 70
SE,930 71
SE,930 72
SE,930 81
SE,930 82
SE,930 85
SE,930 86
SE,930 87
SE,930 88
SE,930 89
SE,930 90
SE,930 91
SE,930 92
SE,930 93
SE,930 95
SE,931 00
SE,931 01
SE,931 02
SE,931 20
SE,931 21
SE,931 22
SE,931 23
SE,931 24
SE,931 27
SE,931 28
SE,931 30
SE,931 31
SE,931 32
SE,931 33
SE,931 34
SE,931 35
SE,931 36
SE,931 37
SE,931 38
SE,931 39
SE,931 40
SE,931 41
SE,931 42
SE,931 44
SE,931 45
SE,931 46
SE,931 48
SE,931 49
SE,931 50
SE,931 51
SE,931 52
SE,931 53
SE,931 54
SE,931 55
SE,931 56
SE,931 57
SE,931 58
SE,931 61
SE,931 62
SE,931 63
SE,931 64
SE,931 65
SE,931 70
SE,931 71
SE,931 76
SE,931 77
SE,931 78
SE,931 80
SE,931 85
SE,931 86
SE,931 87
SE,931 91
SE,931 92
SE,931 93
SE,931 94
SE,931 95
SE,931 96
SE,931 97
SE,931 98
SE,931 99
SE,932 01
SE,932 20
SE,932 21
SE,932 22
SE,932 23
SE,932 31
SE,932 32
SE,932 33
SE,932 34
SE,932 35
SE,932 36
SE,932 37
SE,932 51
SE,932 52
SE,932 61
SE,932 81
SE,932 82
SE,932 83
SE,932 91
SE,932 93
SE,932 94
SE,933 00
SE,933 01
SE,933 20
SE,933 21
SE,933 22
SE,933 27
SE,933 31
SE,933 32
SE,933 33
SE,933 34
SE,933 81
SE,933 82
SE,933 83
SE,933 90
SE,933 91
SE,933 92
SE,933 99
SE,934 01
SE,934 20
SE,934 21
SE,934 24
SE,934 31
SE,934 32
SE,934 41
SE,934 51
SE,934 52
SE,934 61
SE,934 81
SE,934 82
SE,934 91
SE,934 92
SE,934 93
SE,934 94
SE,934 95
SE,934 96
SE,934 97
SE,934 98
SE,935 01
SE,935 20
SE,935 21
SE,935 31
SE,935 32
SE,935 70
SE,935 81
SE,935 91
SE,935 92
SE,935 93
SE,936 01
SE,936 20
SE,936 21
SE,936 31
SE,936 32
SE,936 51
SE,936 81
SE,936 91
SE,936 92
SE,936 93
SE,936 94
SE,936 95
SE,937 01
SE,937 20
SE,937 21
SE,937 31
SE,937 32
SE,937 33
SE,937 80
SE,937 91
SE,937 92
SE,937 93
SE,937 94
SE,937 95
SE,937 96
SE,938 01
SE,938 19
SE,938 20
SE,938 21
SE,938 31
SE,938 32
SE,938 81
SE,938 92
SE,938 93
SE,938 94
SE,938 95
SE,938 96
SE,939 20
SE,939 21
SE,939 31
SE,939 32
SE,939 81
SE,939 91
SE,939 92
SE,939 93
SE,939 94
SE,939 95
SE,941 01
SE,941 02
SE,941 17
SE,941 18
SE,941 19
SE,941 20
SE,941 21
SE,941 22
SE,941 23
SE,941 24
SE,941 25
SE,941 26
SE,941 28
SE,941 31
SE,941 32
SE,941 33
SE,941 34
SE,941 35
SE,941 36
SE,941 37
SE,941 38
SE,941 39
SE,941 40
SE,941 41
SE,941 42
SE,941 43
SE,941 46
SE,941 47
SE,941 48
SE,941 50
SE,941 51
SE,941 52
SE,941 53
SE,941 61
SE,941 62
SE,941 63
SE,941 64
SE,941 65
SE,941 66
SE,941 80
SE,941 85
SE,941 86
SE,941 87
SE,941 91
SE,941 92
SE,941 99
SE,942 01
SE,942 03
SE,942 04
SE,942 05
SE,942 20
SE,942 21
SE,942 22
SE,942 28
SE,942 31
SE,942 32
SE,942 33
SE,942 34
SE,942 35
SE,942 36
SE,942 81
SE,942 82
SE,942 85
SE,942 91
SE,942 92
SE,942 93
SE,942 94
SE,942 95
SE,942 98
SE,942 99
SE,943 01
SE,943 20
SE,943 21
SE,943 22
SE,943 23
SE,943 28
SE,943 31
SE,943 32
SE,943 33
SE,943 35
SE,943 36
SE,944 01
SE,944 20
SE,944 21
SE,944 31
SE,944 32
SE,944 71
SE,944 72
SE,944 73
SE,944 91
SE,944 92
SE,944 93
SE,944 94
SE,945 01
SE,945 20
SE,945 21
SE,945 23
SE,945 31
SE,945 32
SE,945 33
SE,945 34
SE,945 91
SE,945 92
SE,945 93
SE,946 31
SE,946 40
SE,946 91
SE,946 92
SE,946 99
SE,950 40
SE,950 42
SE,952 00
SE,952 01
SE,952 04
SE,952 20
SE,952 21
SE,952 22
SE,952 23
SE,952 27
SE,952 31
SE,952 32
SE,952 33
SE,952 34
SE,952 35
SE,952 36
SE,952 41
SE,952 42
SE,952 43
SE,952 44
SE,952 50
SE,952 51
SE,952 61
SE,952 62
SE,952 63
SE,952 70
SE,952 71
SE,952 72
SE,952 81
SE,952 82
SE,952 83
SE,952 91
SE,952 92
SE,952 93
SE,952 94
SE,952 95
SE,952 96
SE,952 97
SE,952 98
SE,953 01
SE,953 20
SE,953 21
SE,953 22
SE,953 23
SE,953 24
SE,953 28
SE,953 31
SE,953 32
SE,953 33
SE,953 34
SE,953 35
SE,953 36
SE,953 37
SE,953 85
SE,953 91
SE,953 92
SE,953 93
SE,953 94
SE,953 95
SE,954 01
SE,954 20
SE,954 21
SE,954 22
SE,954 23
SE,954 31
SE,954 32
SE,954 33
SE,954 34
SE,954 35
SE,954 41
SE,954 42
SE,955 01
SE,955 20
SE,955 21
SE,955 22
SE,955 31
SE,955 32
SE,955 91
SE,955 92
SE,955 95
SE,955 96
SE,955 99
SE,956 01
SE,956 20
SE,956 21
SE,956 22
SE,956 23
SE,956 31
SE,956 32
SE,956 81
SE,956 91
SE,956 92
SE,956 93
SE,956 98
SE,956 99
SE,957 01
SE,957 20
SE,957 21
SE,957 22
SE,957 23
SE,957 31
SE,957 32
SE,957 85
SE,957 91
SE,957 92
SE,957 93
SE,957 94
SE,957 95
SE,957 99
SE,960 24
SE,960 30
SE,960 32
SE,960 33
SE,961 00
SE,961 01
SE,961 03
SE,961 17
SE,961 19
SE,961 20
SE,961 21
SE,961 22
SE,961 23
SE,961 28
SE,961 31
SE,961 32
SE,961 33
SE,961 34
SE,961 35
SE,961 36
SE,961 37
SE,961 38
SE,961 39
SE,961 40
SE,961 42
SE,961 43
SE,961 44
SE,961 45
SE,961 46
SE,961 47
SE,961 48
SE,961 49
SE,961 50
SE,961 51
SE,961 61
SE,961 62
SE,961 64
SE,961 67
SE,961 68
SE,961 73
SE,961 74
SE,961 75
SE,961 76
SE,961 77
SE,961 78
SE,961 86
SE,961 90
SE,961 91
SE,961 92
SE,961 93
SE,961 94
SE,961 95
SE,961 96
SE,961 97
SE,961 98
SE,962 01
SE,962 02
SE,962 03
SE,962 05
SE,962 20
SE,962 21
SE,962 22
SE,962 23
SE,962 24
SE,962 25
SE,962 26
SE,962 31
SE,962 32
SE,962 33
SE,962 80
SE,962 85
SE,962 96
SE,962 97
SE,962 98
SE,962 99
SE,971 00
SE,971 02
SE,971 03
SE,971 04
SE,971 05
SE,971 06
SE,971 07
SE,971 08
SE,971 09
SE,971 10
SE,971 25
SE,971 26
SE,971 27
SE,971 28
SE,971 29
SE,971 60
SE,971 70
SE,971 71
SE,971 72
SE,971 73
SE,971 74
SE,971 75
SE,971 76
SE,971 77
SE,971 79
SE,971 80
SE,971 81
SE,971 82
SE,971 83
SE,971 85
SE,971 86
SE,971 87
SE,971 88
SE,971 89
SE,971 90
SE,972 00
SE,972 21
SE,972 22
SE,972 23
SE,972 31
SE,972 32
SE,972 33
SE,972 34
SE,972 35
SE,972 36
SE,972 38
SE,972 39
SE,972 41
SE,972 42
SE,972 45
SE,972 51
SE,972 52
SE,972 53
SE,972 54
SE,973 00
SE,973 18
SE,973 21
SE,973 22
SE,973 23
SE,973 24
SE,973 25
SE,973 27
SE,973 28
SE,973 29
SE,973 31
SE,973 32
SE,973 33
SE,973 34
SE,973 35
SE,973 41
SE,973 42
SE,973 43
SE,973 44
SE,973 45
SE,973 46
SE,973 47
SE,974 00
SE,974 21
SE,974 22
SE,974 23
SE,974 32
SE,974 33
SE,974 34
SE,974 35
SE,974 36
SE,974 37
SE,974 38
SE,974 39
SE,974 41
SE,974 42
SE,974 43
SE,974 44
SE,974 51
SE,974 52
SE,974 53
SE,974 54
SE,974 55
SE,974 99
SE,975 61
SE,975 91
SE,975 92
SE,975 93
SE,975 94
SE,975 95
SE,975 96
SE,975 97
SE,975 98
SE,976 01
SE,976 26
SE,976 27
SE,976 31
SE,976 32
SE,976 33
SE,976 34
SE,976 36
SE,977 21
SE,977 22
SE,977 51
SE,977 52
SE,977 53
SE,977 54
SE,977 55
SE,977 56
SE,977 75
SE,978 00
SE,978 20
SE,980 10
SE,980 13
SE,980 14
SE,980 16
SE,980 20
SE,980 41
SE,980 42
SE,980 45
SE,980 60
SE,980 61
SE,980 62
SE,980 63
SE,980 65
SE,981 01
SE,981 02
SE,981 05
SE,981 07
SE,981 15
SE,981 16
SE,981 17
SE,981 18
SE,981 19
SE,981 20
SE,981 21
SE,981 22
SE,981 23
SE,981 24
SE,981 27
SE,981 28
SE,981 29
SE,981 30
SE,981 31
SE,981 32
SE,981 33
SE,981 34
SE,981 35
SE,981 36
SE,981 37
SE,981 38
SE,981 39
SE,981 40
SE,981 41
SE,981 42
SE,981 43
SE,981 44
SE,981 45
SE,981 46
SE,981 47
SE,981 80
SE,981 81
SE,981 82
SE,981 83
SE,981 84
SE,981 85
SE,981 86
SE,981 87
SE,981 88
SE,981 89
SE,981 91
SE,981 92
SE,981 93
SE,981 94
SE,981 95
SE,981 99
SE,982 01
SE,982 03
SE,982 04
SE,982 05
SE,982 06
SE,982 07
SE,982 20
SE,982 21
SE,982 22
SE,982 28
SE,982 31
SE,982 32
SE,982 34
SE,982 35
SE,982 36
SE,982 37
SE,982 38
SE,982 39
SE,982 41
SE,982 60
SE,982 61
SE,982 81
SE,982 82
SE,982 91
SE,982 92
SE,982 93
SE,982 99
SE,983 03
SE,983 20
SE,983 21
SE,983 22
SE,983 25
SE,983 28
SE,983 31
SE,983 32
SE,983 33
SE,983 34
SE,983 35
SE,983 36
SE,983 41
SE,983 81
SE,984 01
SE,984 20
SE,984 21
SE,984 22
SE,984 23
SE,984 28
SE,984 31
SE,984 32
SE,984 33
SE,984 70
SE,984 85
SE,984 91
SE,984 92
SE,984 94
SE,984 95
SE,984 99
SE,985 93
SE,986 31
