postcode,area_source_id,relationship_type,is_primary
01010,tr:district:adana:seyhan,served_by,true
01020,tr:district:adana:seyhan,served_by,true
01030,tr:district:adana:seyhan,served_by,true
01040,tr:district:adana:seyhan,served_by,true
01050,tr:district:adana:seyhan,served_by,true
01060,tr:district:adana:seyhan,served_by,true
01070,tr:district:adana:seyhan,served_by,true
01080,tr:district:adana:seyhan,served_by,true
01100,tr:district:adana:seyhan,served_by,true
01110,tr:district:adana:seyhan,served_by,true
01120,tr:district:adana:seyhan,served_by,true
01130,tr:district:adana:seyhan,served_by,true
01140,tr:district:adana:seyhan,served_by,true
01150,tr:district:adana:seyhan,served_by,true
01160,tr:district:adana:seyhan,served_by,true
01170,tr:district:adana:cukurova,served_by,true
01180,tr:district:adana:seyhan,served_by,true
01190,tr:district:adana:seyhan,served_by,true
01200,tr:district:adana:seyhan,served_by,true
01220,tr:district:adana:yuregir,served_by,true
01230,tr:district:adana:yuregir,served_by,true
01240,tr:district:adana:yuregir,served_by,true
01250,tr:district:adana:sarcam,served_by,true
01260,tr:district:adana:yuregir,served_by,true
01280,tr:district:adana:yuregir,served_by,true
01285,tr:district:adana:yuregir,served_by,true
01316,tr:district:adana:yuregir,served_by,true
01340,tr:district:adana:sarcam,served_by,true
01350,tr:district:adana:yuregir,served_by,true
01355,tr:district:adana:seyhan,served_by,true
01358,tr:district:adana:yuregir,served_by,true
01360,tr:district:adana:cukurova,served_by,true
01365,tr:district:adana:seyhan,served_by,true
01370,tr:district:adana:yuregir,served_by,true
01375,tr:district:adana:yuregir,served_by,true
01380,tr:district:adana:sarcam,served_by,true
01390,tr:district:adana:yuregir,served_by,true
01400,tr:district:adana:sarcam,served_by,true
01410,tr:district:adana:sarcam,served_by,true
01415,tr:district:adana:yuregir,served_by,true
01430,tr:district:adana:seyhan,served_by,true
01460,tr:district:adana:sarcam,served_by,true
01470,tr:district:adana:pozant,served_by,true
01490,tr:district:adana:pozant,served_by,true
01500,tr:district:adana:kozan,served_by,true
01510,tr:district:adana:kozan,served_by,true
01530,tr:district:adana:kozan,served_by,true
01540,tr:district:adana:kozan,served_by,true
01555,tr:district:adana:kozan,served_by,true
01640,tr:district:adana:tufanbeyli,served_by,true
01660,tr:district:adana:feke,served_by,true
01680,tr:district:adana:yumurtalk,served_by,true
01700,tr:district:adana:imamoglu,served_by,true
01720,tr:district:adana:aladag,served_by,true
01740,tr:district:adana:saimbeyli,served_by,true
01770,tr:district:adana:karaisal,served_by,true
01780,tr:district:adana:cukurova,served_by,true
01790,tr:district:adana:sarcam,served_by,true
01900,tr:district:adana:karatas,served_by,true
01920,tr:district:adana:ceyhan,served_by,true
01930,tr:district:adana:ceyhan,served_by,true
01940,tr:district:adana:ceyhan,served_by,true
01950,tr:district:adana:ceyhan,served_by,true
01960,tr:district:adana:ceyhan,served_by,true
02000,tr:district:adyaman:merkez,served_by,true
02030,tr:district:adyaman:merkez,served_by,true
02040,tr:district:adyaman:merkez,served_by,true
02100,tr:district:adyaman:merkez,served_by,true
02200,tr:district:adyaman:merkez,served_by,true
02230,tr:district:adyaman:merkez,served_by,true
02240,tr:district:adyaman:merkez,served_by,true
02270,tr:district:adyaman:merkez,served_by,true
02290,tr:district:adyaman:merkez,served_by,true
02300,tr:district:adyaman:besni,served_by,true
02320,tr:district:adyaman:besni,served_by,true
02330,tr:district:adyaman:besni,served_by,true
02340,tr:district:adyaman:besni,served_by,true
02346,tr:district:adyaman:besni,served_by,true
02348,tr:district:adyaman:besni,served_by,true
02350,tr:district:adyaman:tut,served_by,true
02400,tr:district:adyaman:kahta,served_by,true
02440,tr:district:adyaman:kahta,served_by,true
02450,tr:district:adyaman:kahta,served_by,true
02500,tr:district:adyaman:golbas,served_by,true
02520,tr:district:adyaman:golbas,served_by,true
02530,tr:district:adyaman:golbas,served_by,true
02540,tr:district:adyaman:golbas,served_by,true
02600,tr:district:adyaman:celikhan,served_by,true
02610,tr:district:adyaman:celikhan,served_by,true
02700,tr:district:adyaman:gerger,served_by,true
02800,tr:district:adyaman:samsat,served_by,true
02900,tr:district:adyaman:sincik,served_by,true
02920,tr:district:adyaman:sincik,served_by,true
03030,tr:district:afyonkarahisar:merkez,served_by,true
03040,tr:district:afyonkarahisar:merkez,served_by,true
03060,tr:district:afyonkarahisar:cobanlar,served_by,true
03080,tr:district:afyonkarahisar:merkez,served_by,true
03100,tr:district:afyonkarahisar:merkez,served_by,true
03103,tr:district:afyonkarahisar:merkez,served_by,true
03107,tr:district:afyonkarahisar:cobanlar,served_by,true
03110,tr:district:afyonkarahisar:sinanpasa,served_by,true
03120,tr:district:afyonkarahisar:sinanpasa,served_by,true
03121,tr:district:afyonkarahisar:sinanpasa,served_by,true
03140,tr:district:afyonkarahisar:merkez,served_by,true
03150,tr:district:afyonkarahisar:merkez,served_by,true
03200,tr:district:afyonkarahisar:merkez,served_by,true
03204,tr:district:afyonkarahisar:merkez,served_by,true
03210,tr:district:afyonkarahisar:merkez,served_by,true
03211,tr:district:afyonkarahisar:merkez,served_by,true
03212,tr:district:afyonkarahisar:merkez,served_by,true
03213,tr:district:afyonkarahisar:merkez,served_by,true
03214,tr:district:afyonkarahisar:merkez,served_by,true
03215,tr:district:afyonkarahisar:merkez,served_by,true
03216,tr:district:afyonkarahisar:merkez,served_by,true
03217,tr:district:afyonkarahisar:merkez,served_by,true
03218,tr:district:afyonkarahisar:merkez,served_by,true
03300,tr:district:afyonkarahisar:bolvadin,served_by,true
03330,tr:district:afyonkarahisar:bolvadin,served_by,true
03350,tr:district:afyonkarahisar:bolvadin,served_by,true
03370,tr:district:afyonkarahisar:ihsaniye,served_by,true
03375,tr:district:afyonkarahisar:ihsaniye,served_by,true
03380,tr:district:afyonkarahisar:ihsaniye,served_by,true
03383,tr:district:afyonkarahisar:ihsaniye,served_by,true
03384,tr:district:afyonkarahisar:ihsaniye,served_by,true
03400,tr:district:afyonkarahisar:dinar,served_by,true
03402,tr:district:afyonkarahisar:dinar,served_by,true
03450,tr:district:afyonkarahisar:basmakc,served_by,true
03490,tr:district:afyonkarahisar:dinar,served_by,true
03500,tr:district:afyonkarahisar:sandkl,served_by,true
03510,tr:district:afyonkarahisar:sandkl,served_by,true
03530,tr:district:afyonkarahisar:hocalar,served_by,true
03560,tr:district:afyonkarahisar:kzloren,served_by,true
03600,tr:district:afyonkarahisar:emirdag,served_by,true
03630,tr:district:afyonkarahisar:emirdag,served_by,true
03700,tr:district:afyonkarahisar:cay,served_by,true
03706,tr:district:afyonkarahisar:cay,served_by,true
03720,tr:district:afyonkarahisar:cay,served_by,true
03750,tr:district:afyonkarahisar:iscehisar,served_by,true
03752,tr:district:afyonkarahisar:iscehisar,served_by,true
03754,tr:district:afyonkarahisar:iscehisar,served_by,true
03780,tr:district:afyonkarahisar:bayat,served_by,true
03800,tr:district:afyonkarahisar:suhut,served_by,true
03810,tr:district:afyonkarahisar:suhut,served_by,true
03830,tr:district:afyonkarahisar:suhut,served_by,true
03850,tr:district:afyonkarahisar:sinanpasa,served_by,true
03852,tr:district:afyonkarahisar:sinanpasa,served_by,true
03854,tr:district:afyonkarahisar:sinanpasa,served_by,true
03857,tr:district:afyonkarahisar:sinanpasa,served_by,true
03858,tr:district:afyonkarahisar:sinanpasa,served_by,true
03859,tr:district:afyonkarahisar:sinanpasa,served_by,true
03860,tr:district:afyonkarahisar:sinanpasa,served_by,true
03870,tr:district:afyonkarahisar:sinanpasa,served_by,true
03900,tr:district:afyonkarahisar:sultandag,served_by,true
03910,tr:district:afyonkarahisar:sultandag,served_by,true
03911,tr:district:afyonkarahisar:sultandag,served_by,true
03940,tr:district:afyonkarahisar:sultandag,served_by,true
03950,tr:district:afyonkarahisar:dazkr,served_by,true
03960,tr:district:afyonkarahisar:evciler,served_by,true
04000,tr:district:agr:merkez,served_by,true
04100,tr:district:agr:merkez,served_by,true
04200,tr:district:agr:merkez,served_by,true
04400,tr:district:agr:dogubayazt,served_by,true
04500,tr:district:agr:patnos,served_by,true
04600,tr:district:agr:eleskirt,served_by,true
04700,tr:district:agr:tutak,served_by,true
04800,tr:district:agr:taslcay,served_by,true
04850,tr:district:agr:hamur,served_by,true
04900,tr:district:agr:diyadin,served_by,true
04950,tr:district:agr:dogubayazt,served_by,true
05000,tr:district:amasya:merkez,served_by,true
05100,tr:district:amasya:merkez,served_by,true
05110,tr:district:amasya:merkez,served_by,true
05200,tr:district:amasya:merkez,served_by,true
05240,tr:district:amasya:merkez,served_by,true
05300,tr:district:amasya:merzifon,served_by,true
05500,tr:district:amasya:suluova,served_by,true
05700,tr:district:amasya:gumushackoy,served_by,true
05720,tr:district:amasya:hamamozu,served_by,true
05800,tr:district:amasya:tasova,served_by,true
05845,tr:district:amasya:tasova,served_by,true
05900,tr:district:amasya:goynucek,served_by,true
06010,tr:district:ankara:kecioren,served_by,true
06050,tr:district:ankara:altndag,served_by,true
06070,tr:district:ankara:altndag,served_by,true
06080,tr:district:ankara:altndag,served_by,true
06090,tr:district:ankara:altndag,served_by,true
06105,tr:district:ankara:yenimahalle,served_by,true
06110,tr:district:ankara:altndag,served_by,true
06120,tr:district:ankara:kecioren,served_by,true
06130,tr:district:ankara:altndag,served_by,true
06135,tr:district:ankara:kecioren,served_by,true
06140,tr:district:ankara:altndag,served_by,true
06145,tr:district:ankara:pursaklar,served_by,true
06146,tr:district:ankara:pursaklar,served_by,true
06150,tr:district:ankara:altndag,served_by,true
06160,tr:district:ankara:altndag,served_by,true
06165,tr:district:ankara:altndag,served_by,true
06170,tr:district:ankara:yenimahalle,served_by,true
06190,tr:district:ankara:yenimahalle,served_by,true
06200,tr:district:ankara:yenimahalle,served_by,true
06210,tr:district:ankara:yenimahalle,served_by,true
06220,tr:district:ankara:kecioren,served_by,true
06230,tr:district:ankara:altndag,served_by,true
06250,tr:district:ankara:altndag,served_by,true
06260,tr:district:ankara:mamak,served_by,true
06263,tr:district:ankara:mamak,served_by,true
06270,tr:district:ankara:mamak,served_by,true
06280,tr:district:ankara:kecioren,served_by,true
06290,tr:district:ankara:kecioren,served_by,true
06291,tr:district:ankara:kecioren,served_by,true
06300,tr:district:ankara:kecioren,served_by,true
06310,tr:district:ankara:kecioren,served_by,true
06320,tr:district:ankara:mamak,served_by,true
06340,tr:district:ankara:mamak,served_by,true
06350,tr:district:ankara:mamak,served_by,true
06360,tr:district:ankara:altndag,served_by,true
06365,tr:district:ankara:altndag,served_by,true
06370,tr:district:ankara:yenimahalle,served_by,true
06374,tr:district:ankara:yenimahalle,served_by,true
06378,tr:district:ankara:yenimahalle,served_by,true
06420,tr:district:ankara:cankaya,served_by,true
06430,tr:district:ankara:cankaya,served_by,true
06450,tr:district:ankara:cankaya,served_by,true
06460,tr:district:ankara:cankaya,served_by,true
06470,tr:district:ankara:mamak,served_by,true
06480,tr:district:ankara:mamak,served_by,true
06490,tr:district:ankara:cankaya,served_by,true
06510,tr:district:ankara:cankaya,served_by,true
06520,tr:district:ankara:cankaya,served_by,true
06530,tr:district:ankara:cankaya,served_by,true
06540,tr:district:ankara:cankaya,served_by,true
06543,tr:district:ankara:cankaya,served_by,true
06550,tr:district:ankara:cankaya,served_by,true
06560,tr:district:ankara:yenimahalle,served_by,true
06570,tr:district:ankara:cankaya,served_by,true
06590,tr:district:ankara:cankaya,served_by,true
06610,tr:district:ankara:cankaya,served_by,true
06620,tr:district:ankara:mamak,served_by,true
06630,tr:district:ankara:mamak,served_by,true
06635,tr:district:ankara:mamak,served_by,true
06660,tr:district:ankara:cankaya,served_by,true
06670,tr:district:ankara:cankaya,served_by,true
06680,tr:district:ankara:cankaya,served_by,true
06690,tr:district:ankara:cankaya,served_by,true
06700,tr:district:ankara:cankaya,served_by,true
06705,tr:district:ankara:cankaya,served_by,true
06710,tr:district:ankara:ayas,served_by,true
06720,tr:district:ankara:bala,served_by,true
06726,tr:district:ankara:bala,served_by,true
06730,tr:district:ankara:beypazar,served_by,true
06732,tr:district:ankara:beypazar,served_by,true
06733,tr:district:ankara:beypazar,served_by,true
06734,tr:district:ankara:beypazar,served_by,true
06740,tr:district:ankara:camldere,served_by,true
06750,tr:district:ankara:akyurt,served_by,true
06760,tr:district:ankara:cubuk,served_by,true
06770,tr:district:ankara:evren,served_by,true
06780,tr:district:ankara:elmadag,served_by,true
06790,tr:district:ankara:etimesgut,served_by,true
06794,tr:district:ankara:etimesgut,served_by,true
06796,tr:district:ankara:etimesgut,served_by,true
06797,tr:district:ankara:etimesgut,served_by,true
06800,tr:district:ankara:cankaya,served_by,true
06805,tr:district:ankara:cankaya,served_by,true
06810,tr:district:ankara:cankaya,served_by,true
06815,tr:district:ankara:etimesgut,served_by,true
06820,tr:district:ankara:etimesgut,served_by,true
06824,tr:district:ankara:etimesgut,served_by,true
06827,tr:district:ankara:etimesgut,served_by,true
06830,tr:district:ankara:golbas,served_by,true
06840,tr:district:ankara:gudul,served_by,true
06842,tr:district:ankara:gudul,served_by,true
06843,tr:district:ankara:gudul,served_by,true
06844,tr:district:ankara:gudul,served_by,true
06850,tr:district:ankara:elmadag,served_by,true
06852,tr:district:ankara:mamak,served_by,true
06860,tr:district:ankara:haymana,served_by,true
06863,tr:district:ankara:haymana,served_by,true
06870,tr:district:ankara:kalecik,served_by,true
06890,tr:district:ankara:kzlcahamam,served_by,true
06900,tr:district:ankara:polatl,served_by,true
06909,tr:district:ankara:sincan,served_by,true
06920,tr:district:ankara:nallhan,served_by,true
06922,tr:district:ankara:nallhan,served_by,true
06925,tr:district:ankara:nallhan,served_by,true
06930,tr:district:ankara:sincan,served_by,true
06932,tr:district:ankara:sincan,served_by,true
06933,tr:district:ankara:sincan,served_by,true
06934,tr:district:ankara:sincan,served_by,true
06935,tr:district:ankara:sincan,served_by,true
06936,tr:district:ankara:sincan,served_by,true
06940,tr:district:ankara:sincan,served_by,true
06946,tr:district:ankara:sincan,served_by,true
06949,tr:district:ankara:sincan,served_by,true
06950,tr:district:ankara:sereflikochisar,served_by,true
06970,tr:district:ankara:akyurt,served_by,true
06980,tr:district:ankara:kahramankazan,served_by,true
07010,tr:district:antalya:muratpasa,served_by,true
07025,tr:district:antalya:kepez,served_by,true
07030,tr:district:antalya:muratpasa,served_by,true
07040,tr:district:antalya:muratpasa,served_by,true
07050,tr:district:antalya:muratpasa,served_by,true
07060,tr:district:antalya:kepez,served_by,true
07070,tr:district:antalya:konyaalt,served_by,true
07080,tr:district:antalya:kepez,served_by,true
07090,tr:district:antalya:kepez,served_by,true
07100,tr:district:antalya:muratpasa,served_by,true
07112,tr:district:antalya:aksu,served_by,true
07119,tr:district:antalya:aksu,served_by,true
07121,tr:district:antalya:dosemealt,served_by,true
07130,tr:district:antalya:konyaalt,served_by,true
07150,tr:district:antalya:dosemealt,served_by,true
07160,tr:district:antalya:muratpasa,served_by,true
07170,tr:district:antalya:kepez,served_by,true
07190,tr:district:antalya:dosemealt,served_by,true
07200,tr:district:antalya:muratpasa,served_by,true
07210,tr:district:antalya:kepez,served_by,true
07220,tr:district:antalya:kepez,served_by,true
07230,tr:district:antalya:muratpasa,served_by,true
07260,tr:district:antalya:kepez,served_by,true
07300,tr:district:antalya:muratpasa,served_by,true
07310,tr:district:antalya:muratpasa,served_by,true
07320,tr:district:antalya:kepez,served_by,true
07330,tr:district:antalya:manavgat,served_by,true
07350,tr:district:antalya:kumluca,served_by,true
07365,tr:district:antalya:kumluca,served_by,true
07370,tr:district:antalya:kumluca,served_by,true
07390,tr:district:antalya:kumluca,served_by,true
07400,tr:district:antalya:alanya,served_by,true
07407,tr:district:antalya:alanya,served_by,true
07410,tr:district:antalya:alanya,served_by,true
07415,tr:district:antalya:alanya,served_by,true
07425,tr:district:antalya:alanya,served_by,true
07430,tr:district:antalya:alanya,served_by,true
07440,tr:district:antalya:alanya,served_by,true
07450,tr:district:antalya:alanya,served_by,true
07460,tr:district:antalya:alanya,served_by,true
07468,tr:district:antalya:alanya,served_by,true
07469,tr:district:antalya:alanya,served_by,true
07470,tr:district:antalya:alanya,served_by,true
07475,tr:district:antalya:alanya,served_by,true
07491,tr:district:antalya:alanya,served_by,true
07495,tr:district:antalya:alanya,served_by,true
07500,tr:district:antalya:serik,served_by,true
07503,tr:district:antalya:serik,served_by,true
07506,tr:district:antalya:serik,served_by,true
07511,tr:district:antalya:serik,served_by,true
07521,tr:district:antalya:serik,served_by,true
07525,tr:district:antalya:serik,served_by,true
07535,tr:district:antalya:serik,served_by,true
07541,tr:district:antalya:serik,served_by,true
07550,tr:district:antalya:manavgat,served_by,true
07552,tr:district:antalya:serik,served_by,true
07570,tr:district:antalya:demre,served_by,true
07580,tr:district:antalya:kas,served_by,true
07600,tr:district:antalya:manavgat,served_by,true
07630,tr:district:antalya:akseki,served_by,true
07650,tr:district:antalya:akseki,served_by,true
07680,tr:district:antalya:ibrad,served_by,true
07691,tr:district:antalya:ibrad,served_by,true
07700,tr:district:antalya:elmal,served_by,true
07716,tr:district:antalya:elmal,served_by,true
07740,tr:district:antalya:finike,served_by,true
07750,tr:district:antalya:finike,served_by,true
07770,tr:district:antalya:elmal,served_by,true
07780,tr:district:antalya:kas,served_by,true
07800,tr:district:antalya:korkuteli,served_by,true
07810,tr:district:antalya:korkuteli,served_by,true
07830,tr:district:antalya:korkuteli,served_by,true
07840,tr:district:antalya:korkuteli,served_by,true
07860,tr:district:antalya:gundogmus,served_by,true
07880,tr:district:antalya:finike,served_by,true
07900,tr:district:antalya:gazipasa,served_by,true
07915,tr:district:antalya:gazipasa,served_by,true
07930,tr:district:antalya:finike,served_by,true
07940,tr:district:antalya:finike,served_by,true
07960,tr:district:antalya:kas,served_by,true
07965,tr:district:antalya:kas,served_by,true
07970,tr:district:antalya:kas,served_by,true
07974,tr:district:antalya:kas,served_by,true
07976,tr:district:antalya:kas,served_by,true
07980,tr:district:antalya:kemer,served_by,true
07985,tr:district:antalya:konyaalt,served_by,true
07990,tr:district:antalya:kemer,served_by,true
07994,tr:district:antalya:kemer,served_by,true
07995,tr:district:antalya:kemer,served_by,true
08000,tr:district:artvin:merkez,served_by,true
08100,tr:district:artvin:merkez,served_by,true
08200,tr:district:artvin:arhavi,served_by,true
08290,tr:district:artvin:arhavi,served_by,true
08300,tr:district:artvin:ardanuc,served_by,true
08390,tr:district:artvin:ardanuc,served_by,true
08400,tr:district:artvin:borcka,served_by,true
08490,tr:district:artvin:borcka,served_by,true
08500,tr:district:artvin:murgul,served_by,true
08590,tr:district:artvin:murgul,served_by,true
08600,tr:district:artvin:hopa,served_by,true
08610,tr:district:artvin:hopa,served_by,true
08690,tr:district:artvin:hopa,served_by,true
08700,tr:district:artvin:savsat,served_by,true
08790,tr:district:artvin:savsat,served_by,true
08800,tr:district:artvin:yusufeli,served_by,true
08890,tr:district:artvin:yusufeli,served_by,true
09000,tr:district:aydn:efeler,served_by,true
09010,tr:district:aydn:efeler,served_by,true
09020,tr:district:aydn:efeler,served_by,true
09090,tr:district:aydn:efeler,served_by,true
09100,tr:district:aydn:efeler,served_by,true
09110,tr:district:aydn:efeler,served_by,true
09120,tr:district:aydn:efeler,served_by,true
09130,tr:district:aydn:efeler,served_by,true
09170,tr:district:aydn:soke,served_by,true
09200,tr:district:aydn:soke,served_by,true
09206,tr:district:aydn:soke,served_by,true
09207,tr:district:aydn:soke,served_by,true
09220,tr:district:aydn:soke,served_by,true
09230,tr:district:aydn:soke,served_by,true
09250,tr:district:aydn:soke,served_by,true
09260,tr:district:aydn:soke,served_by,true
09270,tr:district:aydn:didim,served_by,true
09290,tr:district:aydn:didim,served_by,true
09295,tr:district:aydn:didim,served_by,true
09320,tr:district:aydn:didim,served_by,true
09330,tr:district:aydn:germencik,served_by,true
09350,tr:district:aydn:yenipazar,served_by,true
09370,tr:district:aydn:karacasu,served_by,true
09380,tr:district:aydn:karacasu,served_by,true
09385,tr:district:aydn:karacasu,served_by,true
09390,tr:district:aydn:karacasu,served_by,true
09400,tr:district:aydn:kusadas,served_by,true
09430,tr:district:aydn:kusadas,served_by,true
09460,tr:district:aydn:kusadas,served_by,true
09470,tr:district:aydn:sultanhisar,served_by,true
09490,tr:district:aydn:sultanhisar,served_by,true
09500,tr:district:aydn:cine,served_by,true
09520,tr:district:aydn:cine,served_by,true
09540,tr:district:aydn:karpuzlu,served_by,true
09570,tr:district:aydn:kosk,served_by,true
09600,tr:district:aydn:incirliova,served_by,true
09610,tr:district:aydn:incirliova,served_by,true
09630,tr:district:aydn:efeler,served_by,true
09650,tr:district:aydn:sultanhisar,served_by,true
09670,tr:district:aydn:buharkent,served_by,true
09670,tr:district:aydn:kocarl,served_by,false
09700,tr:district:aydn:germencik,served_by,true
09710,tr:district:aydn:germencik,served_by,true
09720,tr:district:aydn:germencik,served_by,true
09760,tr:district:aydn:bozdogan,served_by,true
09780,tr:district:aydn:bozdogan,served_by,true
09800,tr:district:aydn:nazilli,served_by,true
09870,tr:district:aydn:nazilli,served_by,true
09900,tr:district:aydn:nazilli,served_by,true
09930,tr:district:aydn:kuyucak,served_by,true
09935,tr:district:aydn:kuyucak,served_by,true
09940,tr:district:aydn:kuyucak,served_by,true
09950,tr:district:aydn:kuyucak,served_by,true
09965,tr:district:aydn:kuyucak,served_by,true
09970,tr:district:aydn:kocarl,served_by,true
09990,tr:district:aydn:kocarl,served_by,true
10010,tr:district:balkesir:karesi,served_by,true
10020,tr:district:balkesir:karesi,served_by,true
10030,tr:district:balkesir:karesi,served_by,true
10040,tr:district:balkesir:alteylul,served_by,true
10043,tr:district:balkesir:karesi,served_by,true
10050,tr:district:balkesir:alteylul,served_by,true
10085,tr:district:balkesir:karesi,served_by,true
10095,tr:district:balkesir:ivrindi,served_by,true
10100,tr:district:balkesir:alteylul,served_by,true
10110,tr:district:balkesir:karesi,served_by,true
10140,tr:district:balkesir:alteylul,served_by,true
10160,tr:district:balkesir:balya,served_by,true
10180,tr:district:balkesir:karesi,served_by,true
10185,tr:district:balkesir:alteylul,served_by,true
10190,tr:district:balkesir:alteylul,served_by,true
10195,tr:district:balkesir:alteylul,served_by,true
10200,tr:district:balkesir:bandrma,served_by,true
10245,tr:district:balkesir:bandrma,served_by,true
10250,tr:district:balkesir:bandrma,served_by,true
10280,tr:district:balkesir:ayvalk,served_by,true
10300,tr:district:balkesir:edremit,served_by,true
10305,tr:district:balkesir:edremit,served_by,true
10325,tr:district:balkesir:edremit,served_by,true
10330,tr:district:balkesir:sndrg,served_by,true
10360,tr:district:balkesir:marmara,served_by,true
10365,tr:district:balkesir:marmara,served_by,true
10390,tr:district:balkesir:edremit,served_by,true
10395,tr:district:balkesir:edremit,served_by,true
10400,tr:district:balkesir:ayvalk,served_by,true
10405,tr:district:balkesir:ayvalk,served_by,true
10410,tr:district:balkesir:ayvalk,served_by,true
10425,tr:district:balkesir:ayvalk,served_by,true
10440,tr:district:balkesir:bigadic,served_by,true
10443,tr:district:balkesir:bigadic,served_by,true
10460,tr:district:balkesir:bigadic,served_by,true
10463,tr:district:balkesir:bigadic,served_by,true
10470,tr:district:balkesir:manyas,served_by,true
10480,tr:district:balkesir:manyas,served_by,true
10490,tr:district:balkesir:manyas,served_by,true
10500,tr:district:balkesir:erdek,served_by,true
10510,tr:district:balkesir:erdek,served_by,true
10525,tr:district:balkesir:erdek,served_by,true
10530,tr:district:balkesir:erdek,served_by,true
10560,tr:district:balkesir:havran,served_by,true
10565,tr:district:balkesir:havran,served_by,true
10580,tr:district:balkesir:savastepe,served_by,true
10590,tr:district:balkesir:savastepe,served_by,true
10600,tr:district:balkesir:susurluk,served_by,true
10610,tr:district:balkesir:susurluk,served_by,true
10615,tr:district:balkesir:susurluk,served_by,true
10660,tr:district:balkesir:kepsut,served_by,true
10680,tr:district:balkesir:gonen,served_by,true
10700,tr:district:balkesir:burhaniye,served_by,true
10715,tr:district:balkesir:gomec,served_by,true
10730,tr:district:balkesir:burhaniye,served_by,true
10770,tr:district:balkesir:ivrindi,served_by,true
10775,tr:district:balkesir:ivrindi,served_by,true
10780,tr:district:balkesir:ivrindi,served_by,true
10785,tr:district:balkesir:ivrindi,served_by,true
10800,tr:district:balkesir:dursunbey,served_by,true
10840,tr:district:balkesir:balya,served_by,true
10870,tr:district:balkesir:edremit,served_by,true
10900,tr:district:balkesir:gonen,served_by,true
10940,tr:district:balkesir:marmara,served_by,true
10975,tr:district:balkesir:erdek,served_by,true
11000,tr:district:bilecik:merkez,served_by,true
11130,tr:district:bilecik:merkez,served_by,true
11230,tr:district:bilecik:merkez,served_by,true
11300,tr:district:bilecik:bozuyuk,served_by,true
11460,tr:district:bilecik:bozuyuk,served_by,true
11500,tr:district:bilecik:osmaneli,served_by,true
11600,tr:district:bilecik:sogut,served_by,true
11640,tr:district:bilecik:inhisar,served_by,true
11700,tr:district:bilecik:golpazar,served_by,true
11780,tr:district:bilecik:yenipazar,served_by,true
11800,tr:district:bilecik:pazaryeri,served_by,true
12000,tr:district:bingol:merkez,served_by,true
12300,tr:district:bingol:merkez,served_by,true
12400,tr:district:bingol:merkez,served_by,true
12500,tr:district:bingol:genc,served_by,true
12600,tr:district:bingol:adakl,served_by,true
12650,tr:district:bingol:yayladere,served_by,true
12700,tr:district:bingol:solhan,served_by,true
12800,tr:district:bingol:kig,served_by,true
12830,tr:district:bingol:yedisu,served_by,true
12900,tr:district:bingol:karlova,served_by,true
13000,tr:district:bitlis:merkez,served_by,true
13200,tr:district:bitlis:tatvan,served_by,true
13400,tr:district:bitlis:ahlat,served_by,true
13500,tr:district:bitlis:adilcevaz,served_by,true
13600,tr:district:bitlis:hizan,served_by,true
13700,tr:district:bitlis:mutki,served_by,true
13800,tr:district:bitlis:guroymak,served_by,true
13810,tr:district:bitlis:guroymak,served_by,true
14020,tr:district:bolu:merkez,served_by,true
14030,tr:district:bolu:merkez,served_by,true
14100,tr:district:bolu:merkez,served_by,true
14200,tr:district:bolu:merkez,served_by,true
14300,tr:district:bolu:merkez,served_by,true
14610,tr:district:bolu:kbrsck,served_by,true
14650,tr:district:bolu:yenicaga,served_by,true
14750,tr:district:bolu:seben,served_by,true
14780,tr:district:bolu:goynuk,served_by,true
14800,tr:district:bolu:mudurnu,served_by,true
14810,tr:district:bolu:mudurnu,served_by,true
14840,tr:district:bolu:mengen,served_by,true
14850,tr:district:bolu:mengen,served_by,true
14900,tr:district:bolu:gerede,served_by,true
14910,tr:district:bolu:dortdivan,served_by,true
15000,tr:district:burdur:merkez,served_by,true
15030,tr:district:burdur:merkez,served_by,true
15040,tr:district:burdur:merkez,served_by,true
15070,tr:district:burdur:celtikci,served_by,true
15090,tr:district:burdur:kemer,served_by,true
15100,tr:district:burdur:merkez,served_by,true
15200,tr:district:burdur:merkez,served_by,true
15300,tr:district:burdur:bucak,served_by,true
15325,tr:district:burdur:bucak,served_by,true
15400,tr:district:burdur:golhisar,served_by,true
15420,tr:district:burdur:altnyayla,served_by,true
15500,tr:district:burdur:yesilova,served_by,true
15600,tr:district:burdur:tefenni,served_by,true
15700,tr:district:burdur:karamanl,served_by,true
15800,tr:district:burdur:aglasun,served_by,true
15900,tr:district:burdur:cavdr,served_by,true
15930,tr:district:burdur:cavdr,served_by,true
16010,tr:district:bursa:osmangazi,served_by,true
16020,tr:district:bursa:osmangazi,served_by,true
16030,tr:district:bursa:osmangazi,served_by,true
16040,tr:district:bursa:osmangazi,served_by,true
16050,tr:district:bursa:osmangazi,served_by,true
16060,tr:district:bursa:osmangazi,served_by,true
16080,tr:district:bursa:osmangazi,served_by,true
16090,tr:district:bursa:osmangazi,served_by,true
16110,tr:district:bursa:nilufer,served_by,true
16120,tr:district:bursa:nilufer,served_by,true
16130,tr:district:bursa:nilufer,served_by,true
16140,tr:district:bursa:nilufer,served_by,true
16150,tr:district:bursa:osmangazi,served_by,true
16159,tr:district:bursa:nilufer,served_by,true
16160,tr:district:bursa:osmangazi,served_by,true
16170,tr:district:bursa:osmangazi,served_by,true
16190,tr:district:bursa:osmangazi,served_by,true
16200,tr:district:bursa:osmangazi,served_by,true
16220,tr:district:bursa:osmangazi,served_by,true
16230,tr:district:bursa:osmangazi,served_by,true
16240,tr:district:bursa:osmangazi,served_by,true
16245,tr:district:bursa:osmangazi,served_by,true
16250,tr:district:bursa:osmangazi,served_by,true
16265,tr:district:bursa:osmangazi,served_by,true
16270,tr:district:bursa:osmangazi,served_by,true
16270,tr:district:bursa:yldrm,served_by,false
16285,tr:district:bursa:nilufer,served_by,true
16290,tr:district:bursa:yldrm,served_by,true
16300,tr:district:bursa:yldrm,served_by,true
16310,tr:district:bursa:yldrm,served_by,true
16315,tr:district:bursa:nilufer,served_by,true
16320,tr:district:bursa:yldrm,served_by,true
16335,tr:district:bursa:osmangazi,served_by,true
16340,tr:district:bursa:yldrm,served_by,true
16350,tr:district:bursa:yldrm,served_by,true
16360,tr:district:bursa:yldrm,served_by,true
16370,tr:district:bursa:osmangazi,served_by,true
16370,tr:district:bursa:yldrm,served_by,false
16400,tr:district:bursa:inegol,served_by,true
16415,tr:district:bursa:inegol,served_by,true
16440,tr:district:bursa:inegol,served_by,true
16450,tr:district:bursa:kestel,served_by,true
16460,tr:district:bursa:kestel,served_by,true
16500,tr:district:bursa:mustafakemalpasa,served_by,true
16510,tr:district:bursa:mustafakemalpasa,served_by,true
16535,tr:district:bursa:mustafakemalpasa,served_by,true
16536,tr:district:bursa:mustafakemalpasa,served_by,true
16550,tr:district:bursa:mustafakemalpasa,served_by,true
16560,tr:district:bursa:mustafakemalpasa,served_by,true
16561,tr:district:bursa:mustafakemalpasa,served_by,true
16580,tr:district:bursa:gursu,served_by,true
16600,tr:district:bursa:gemlik,served_by,true
16620,tr:district:bursa:gemlik,served_by,true
16630,tr:district:bursa:gemlik,served_by,true
16650,tr:district:bursa:gemlik,served_by,true
16700,tr:district:bursa:karacabey,served_by,true
16710,tr:district:bursa:karacabey,served_by,true
16740,tr:district:bursa:keles,served_by,true
16770,tr:district:bursa:harmanck,served_by,true
16800,tr:district:bursa:orhangazi,served_by,true
16805,tr:district:bursa:orhangazi,served_by,true
16810,tr:district:bursa:orhangazi,served_by,true
16815,tr:district:bursa:orhangazi,served_by,true
16820,tr:district:bursa:orhangazi,served_by,true
16825,tr:district:bursa:orhangazi,served_by,true
16850,tr:district:bursa:orhangazi,served_by,true
16860,tr:district:bursa:iznik,served_by,true
16870,tr:district:bursa:iznik,served_by,true
16890,tr:district:bursa:iznik,served_by,true
16900,tr:district:bursa:yenisehir,served_by,true
16940,tr:district:bursa:mudanya,served_by,true
16950,tr:district:bursa:mudanya,served_by,true
16960,tr:district:bursa:mudanya,served_by,true
16970,tr:district:bursa:mudanya,served_by,true
16980,tr:district:bursa:orhaneli,served_by,true
16990,tr:district:bursa:buyukorhan,served_by,true
17000,tr:district:canakkale:merkez,served_by,true
17020,tr:district:canakkale:merkez,served_by,true
17100,tr:district:canakkale:merkez,served_by,true
17110,tr:district:canakkale:merkez,served_by,true
17200,tr:district:canakkale:biga,served_by,true
17340,tr:district:canakkale:gelibolu,served_by,true
17360,tr:district:canakkale:gelibolu,served_by,true
17400,tr:district:canakkale:can,served_by,true
17410,tr:district:canakkale:can,served_by,true
17500,tr:district:canakkale:gelibolu,served_by,true
17550,tr:district:canakkale:yenice,served_by,true
17560,tr:district:canakkale:yenice,served_by,true
17600,tr:district:canakkale:ezine,served_by,true
17610,tr:district:canakkale:ezine,served_by,true
17680,tr:district:canakkale:bozcaada,served_by,true
17700,tr:district:canakkale:bayramic,served_by,true
17720,tr:district:canakkale:bayramic,served_by,true
17760,tr:district:canakkale:gokceada,served_by,true
17800,tr:district:canakkale:lapseki,served_by,true
17810,tr:district:canakkale:lapseki,served_by,true
17820,tr:district:canakkale:lapseki,served_by,true
17860,tr:district:canakkale:ayvack,served_by,true
17900,tr:district:canakkale:eceabat,served_by,true
17950,tr:district:canakkale:biga,served_by,true
17980,tr:district:canakkale:ayvack,served_by,true
18000,tr:district:cankr:merkez,served_by,true
18100,tr:district:cankr:merkez,served_by,true
18200,tr:district:cankr:merkez,served_by,true
18260,tr:district:cankr:korgun,served_by,true
18280,tr:district:cankr:kzlrmak,served_by,true
18300,tr:district:cankr:kursunlu,served_by,true
18310,tr:district:cankr:atkaracalar,served_by,true
18315,tr:district:cankr:atkaracalar,served_by,true
18320,tr:district:cankr:bayramoren,served_by,true
18400,tr:district:cankr:ilgaz,served_by,true
18600,tr:district:cankr:cerkes,served_by,true
18650,tr:district:cankr:sabanozu,served_by,true
18700,tr:district:cankr:eldivan,served_by,true
18800,tr:district:cankr:orta,served_by,true
18900,tr:district:cankr:yaprakl,served_by,true
19000,tr:district:corum:merkez,served_by,true
19020,tr:district:corum:lacin,served_by,true
19030,tr:district:corum:merkez,served_by,true
19040,tr:district:corum:merkez,served_by,true
19060,tr:district:corum:dodurga,served_by,true
19070,tr:district:corum:oguzlar,served_by,true
19100,tr:district:corum:merkez,served_by,true
19200,tr:district:corum:merkez,served_by,true
19300,tr:district:corum:sungurlu,served_by,true
19310,tr:district:corum:bogazkale,served_by,true
19400,tr:district:corum:iskilip,served_by,true
19410,tr:district:corum:ugurludag,served_by,true
19500,tr:district:corum:osmanck,served_by,true
19600,tr:district:corum:alaca,served_by,true
19700,tr:district:corum:mecitozu,served_by,true
19800,tr:district:corum:bayat,served_by,true
19800,tr:district:corum:dodurga,served_by,false
19900,tr:district:corum:karg,served_by,true
19950,tr:district:corum:ortakoy,served_by,true
20010,tr:district:denizli:merkezefendi,served_by,true
20020,tr:district:denizli:merkezefendi,served_by,true
20030,tr:district:denizli:merkezefendi,served_by,true
20040,tr:district:denizli:merkezefendi,served_by,true
20050,tr:district:denizli:merkezefendi,served_by,true
20060,tr:district:denizli:merkezefendi,served_by,true
20150,tr:district:denizli:pamukkale,served_by,true
20160,tr:district:denizli:pamukkale,served_by,true
20170,tr:district:denizli:pamukkale,served_by,true
20180,tr:district:denizli:pamukkale,served_by,true
20190,tr:district:denizli:pamukkale,served_by,true
20240,tr:district:denizli:honaz,served_by,true
20300,tr:district:denizli:saraykoy,served_by,true
20310,tr:district:denizli:saraykoy,served_by,true
20315,tr:district:denizli:saraykoy,served_by,true
20320,tr:district:denizli:saraykoy,served_by,true
20325,tr:district:denizli:saraykoy,served_by,true
20330,tr:district:denizli:honaz,served_by,true
20350,tr:district:denizli:cardak,served_by,true
20360,tr:district:denizli:cardak,served_by,true
20370,tr:district:denizli:bozkurt,served_by,true
20380,tr:district:denizli:bozkurt,served_by,true
20400,tr:district:denizli:buldan,served_by,true
20410,tr:district:denizli:buldan,served_by,true
20430,tr:district:denizli:serinhisar,served_by,true
20440,tr:district:denizli:serinhisar,served_by,true
20460,tr:district:denizli:guney,served_by,true
20480,tr:district:denizli:babadag,served_by,true
20500,tr:district:denizli:tavas,served_by,true
20510,tr:district:denizli:tavas,served_by,true
20520,tr:district:denizli:tavas,served_by,true
20530,tr:district:denizli:tavas,served_by,true
20535,tr:district:denizli:tavas,served_by,true
20540,tr:district:denizli:tavas,served_by,true
20555,tr:district:denizli:tavas,served_by,true
20560,tr:district:denizli:tavas,served_by,true
20565,tr:district:denizli:tavas,served_by,true
20570,tr:district:denizli:kale,served_by,true
20575,tr:district:denizli:kale,served_by,true
20590,tr:district:denizli:beyagac,served_by,true
20600,tr:district:denizli:civril,served_by,true
20610,tr:district:denizli:civril,served_by,true
20620,tr:district:denizli:civril,served_by,true
20630,tr:district:denizli:civril,served_by,true
20640,tr:district:denizli:civril,served_by,true
20650,tr:district:denizli:civril,served_by,true
20670,tr:district:denizli:civril,served_by,true
20675,tr:district:denizli:civril,served_by,true
20680,tr:district:denizli:civril,served_by,true
20690,tr:district:denizli:civril,served_by,true
20700,tr:district:denizli:cal,served_by,true
20710,tr:district:denizli:cal,served_by,true
20720,tr:district:denizli:cal,served_by,true
20730,tr:district:denizli:cal,served_by,true
20740,tr:district:denizli:cal,served_by,true
20750,tr:district:denizli:cal,served_by,true
20755,tr:district:denizli:cal,served_by,true
20760,tr:district:denizli:cal,served_by,true
20765,tr:district:denizli:cal,served_by,true
20770,tr:district:denizli:baklan,served_by,true
20780,tr:district:denizli:baklan,served_by,true
20800,tr:district:denizli:acpayam,served_by,true
20810,tr:district:denizli:acpayam,served_by,true
20820,tr:district:denizli:acpayam,served_by,true
20830,tr:district:denizli:acpayam,served_by,true
20840,tr:district:denizli:acpayam,served_by,true
20870,tr:district:denizli:acpayam,served_by,true
20880,tr:district:denizli:acpayam,served_by,true
20890,tr:district:denizli:acpayam,served_by,true
20930,tr:district:denizli:bekilli,served_by,true
20940,tr:district:denizli:bekilli,served_by,true
20950,tr:district:denizli:tavas,served_by,true
20960,tr:district:denizli:tavas,served_by,true
20980,tr:district:denizli:cameli,served_by,true
21010,tr:district:diyarbakr:yenisehir,served_by,true
21050,tr:district:diyarbakr:baglar,served_by,true
21070,tr:district:diyarbakr:kayapnar,served_by,true
21076,tr:district:diyarbakr:kayapnar,served_by,true
21080,tr:district:diyarbakr:baglar,served_by,true
21090,tr:district:diyarbakr:baglar,served_by,true
21100,tr:district:diyarbakr:yenisehir,served_by,true
21120,tr:district:diyarbakr:yenisehir,served_by,true
21200,tr:district:diyarbakr:sur,served_by,true
21280,tr:district:diyarbakr:sur,served_by,true
21300,tr:district:diyarbakr:sur,served_by,true
21310,tr:district:diyarbakr:sur,served_by,true
21450,tr:district:diyarbakr:kocakoy,served_by,true
21470,tr:district:diyarbakr:egil,served_by,true
21500,tr:district:diyarbakr:bismil,served_by,true
21510,tr:district:diyarbakr:bismil,served_by,true
21520,tr:district:diyarbakr:bismil,served_by,true
21560,tr:district:diyarbakr:hazro,served_by,true
21600,tr:district:diyarbakr:cermik,served_by,true
21640,tr:district:diyarbakr:silvan,served_by,true
21700,tr:district:diyarbakr:lice,served_by,true
21750,tr:district:diyarbakr:cnar,served_by,true
21800,tr:district:diyarbakr:hani,served_by,true
21830,tr:district:diyarbakr:dicle,served_by,true
21870,tr:district:diyarbakr:cungus,served_by,true
21900,tr:district:diyarbakr:kulp,served_by,true
21950,tr:district:diyarbakr:ergani,served_by,true
22020,tr:district:edirne:merkez,served_by,true
22030,tr:district:edirne:merkez,served_by,true
22100,tr:district:edirne:merkez,served_by,true
22130,tr:district:edirne:merkez,served_by,true
22200,tr:district:edirne:uzunkopru,served_by,true
22260,tr:district:edirne:uzunkopru,served_by,true
22300,tr:district:edirne:uzunkopru,served_by,true
22360,tr:district:edirne:uzunkopru,served_by,true
22400,tr:district:edirne:ipsala,served_by,true
22420,tr:district:edirne:ipsala,served_by,true
22490,tr:district:edirne:ipsala,served_by,true
22500,tr:district:edirne:havsa,served_by,true
22530,tr:district:edirne:havsa,served_by,true
22560,tr:district:edirne:suloglu,served_by,true
22580,tr:district:edirne:suloglu,served_by,true
22600,tr:district:edirne:meric,served_by,true
22610,tr:district:edirne:meric,served_by,true
22670,tr:district:edirne:meric,served_by,true
22680,tr:district:edirne:meric,served_by,true
22700,tr:district:edirne:enez,served_by,true
22750,tr:district:edirne:enez,served_by,true
22770,tr:district:edirne:merkez,served_by,true
22800,tr:district:edirne:kesan,served_by,true
22880,tr:district:edirne:kesan,served_by,true
22900,tr:district:edirne:kesan,served_by,true
22950,tr:district:edirne:lalapasa,served_by,true
22970,tr:district:edirne:lalapasa,served_by,true
23040,tr:district:elazg:merkez,served_by,true
23050,tr:district:elazg:merkez,served_by,true
23090,tr:district:elazg:merkez,served_by,true
23100,tr:district:elazg:merkez,served_by,true
23180,tr:district:elazg:merkez,served_by,true
23190,tr:district:elazg:merkez,served_by,true
23200,tr:district:elazg:merkez,served_by,true
23250,tr:district:elazg:merkez,served_by,true
23270,tr:district:elazg:merkez,served_by,true
23280,tr:district:elazg:merkez,served_by,true
23300,tr:district:elazg:merkez,served_by,true
23350,tr:district:elazg:merkez,served_by,true
23400,tr:district:elazg:maden,served_by,true
23410,tr:district:elazg:alacakaya,served_by,true
23500,tr:district:elazg:palu,served_by,true
23510,tr:district:elazg:arcak,served_by,true
23530,tr:district:elazg:palu,served_by,true
23600,tr:district:elazg:karakocan,served_by,true
23700,tr:district:elazg:keban,served_by,true
23800,tr:district:elazg:baskil,served_by,true
23850,tr:district:elazg:kovanclar,served_by,true
23900,tr:district:elazg:sivrice,served_by,true
23960,tr:district:elazg:agn,served_by,true
24002,tr:district:erzincan:merkez,served_by,true
24036,tr:district:erzincan:merkez,served_by,true
24045,tr:district:erzincan:merkez,served_by,true
24050,tr:district:erzincan:merkez,served_by,true
24100,tr:district:erzincan:merkez,served_by,true
24139,tr:district:erzincan:merkez,served_by,true
24140,tr:district:erzincan:merkez,served_by,true
24143,tr:district:erzincan:merkez,served_by,true
24150,tr:district:erzincan:uzumlu,served_by,true
24160,tr:district:erzincan:uzumlu,served_by,true
24170,tr:district:erzincan:merkez,served_by,true
24180,tr:district:erzincan:merkez,served_by,true
24300,tr:district:erzincan:refahiye,served_by,true
24400,tr:district:erzincan:kemah,served_by,true
24500,tr:district:erzincan:cayrl,served_by,true
24503,tr:district:erzincan:cayrl,served_by,true
24510,tr:district:erzincan:otlukbeli,served_by,true
24515,tr:district:erzincan:otlukbeli,served_by,true
24600,tr:district:erzincan:kemaliye,served_by,true
24610,tr:district:erzincan:kemaliye,served_by,true
24620,tr:district:erzincan:kemaliye,served_by,true
24700,tr:district:erzincan:ilic,served_by,true
24710,tr:district:erzincan:ilic,served_by,true
24800,tr:district:erzincan:tercan,served_by,true
24860,tr:district:erzincan:tercan,served_by,true
24870,tr:district:erzincan:tercan,served_by,true
24880,tr:district:erzincan:tercan,served_by,true
25010,tr:district:erzurum:yakutiye,served_by,true
25030,tr:district:erzurum:yakutiye,served_by,true
25040,tr:district:erzurum:yakutiye,served_by,true
25050,tr:district:erzurum:yakutiye,served_by,true
25060,tr:district:erzurum:palandoken,served_by,true
25070,tr:district:erzurum:palandoken,served_by,true
25080,tr:district:erzurum:palandoken,served_by,true
25090,tr:district:erzurum:palandoken,served_by,true
25100,tr:district:erzurum:yakutiye,served_by,true
25200,tr:district:erzurum:yakutiye,served_by,true
25240,tr:district:erzurum:yakutiye,served_by,true
25300,tr:district:erzurum:pasinler,served_by,true
25320,tr:district:erzurum:koprukoy,served_by,true
25340,tr:district:erzurum:koprukoy,served_by,true
25360,tr:district:erzurum:senkaya,served_by,true
25370,tr:district:erzurum:senkaya,served_by,true
25380,tr:district:erzurum:senkaya,served_by,true
25390,tr:district:erzurum:senkaya,served_by,true
25400,tr:district:erzurum:oltu,served_by,true
25430,tr:district:erzurum:tortum,served_by,true
25440,tr:district:erzurum:uzundere,served_by,true
25460,tr:district:erzurum:tortum,served_by,true
25470,tr:district:erzurum:tortum,served_by,true
25480,tr:district:erzurum:tortum,served_by,true
25500,tr:district:erzurum:askale,served_by,true
25530,tr:district:erzurum:narman,served_by,true
25534,tr:district:erzurum:narman,served_by,true
25560,tr:district:erzurum:tekman,served_by,true
25600,tr:district:erzurum:hns,served_by,true
25610,tr:district:erzurum:karacoban,served_by,true
25650,tr:district:erzurum:olur,served_by,true
25680,tr:district:erzurum:askale,served_by,true
25700,tr:district:erzurum:aziziye,served_by,true
25750,tr:district:erzurum:cat,served_by,true
25760,tr:district:erzurum:cat,served_by,true
25800,tr:district:erzurum:horasan,served_by,true
25830,tr:district:erzurum:karayaz,served_by,true
25840,tr:district:erzurum:karayaz,served_by,true
25900,tr:district:erzurum:ispir,served_by,true
25930,tr:district:erzurum:pazaryolu,served_by,true
25940,tr:district:erzurum:ispir,served_by,true
26004,tr:district:eskisehir:odunpazar,served_by,true
26005,tr:district:eskisehir:tepebas,served_by,true
26010,tr:district:eskisehir:odunpazar,served_by,true
26020,tr:district:eskisehir:odunpazar,served_by,true
26030,tr:district:eskisehir:odunpazar,served_by,true
26040,tr:district:eskisehir:odunpazar,served_by,true
26050,tr:district:eskisehir:odunpazar,served_by,true
26060,tr:district:eskisehir:odunpazar,served_by,true
26070,tr:district:eskisehir:odunpazar,served_by,true
26080,tr:district:eskisehir:odunpazar,served_by,true
26090,tr:district:eskisehir:odunpazar,served_by,true
26100,tr:district:eskisehir:odunpazar,served_by,true
26110,tr:district:eskisehir:odunpazar,served_by,true
26120,tr:district:eskisehir:tepebas,served_by,true
26130,tr:district:eskisehir:tepebas,served_by,true
26140,tr:district:eskisehir:odunpazar,served_by,true
26150,tr:district:eskisehir:tepebas,served_by,true
26160,tr:district:eskisehir:odunpazar,served_by,true
26170,tr:district:eskisehir:tepebas,served_by,true
26180,tr:district:eskisehir:tepebas,served_by,true
26190,tr:district:eskisehir:tepebas,served_by,true
26200,tr:district:eskisehir:tepebas,served_by,true
26210,tr:district:eskisehir:tepebas,served_by,true
26220,tr:district:eskisehir:tepebas,served_by,true
26230,tr:district:eskisehir:tepebas,served_by,true
26240,tr:district:eskisehir:odunpazar,served_by,true
26250,tr:district:eskisehir:odunpazar,served_by,true
26550,tr:district:eskisehir:tepebas,served_by,true
26555,tr:district:eskisehir:tepebas,served_by,true
26560,tr:district:eskisehir:tepebas,served_by,true
26563,tr:district:eskisehir:tepebas,served_by,true
26576,tr:district:eskisehir:odunpazar,served_by,true
26600,tr:district:eskisehir:sivrihisar,served_by,true
26625,tr:district:eskisehir:sivrihisar,served_by,true
26630,tr:district:eskisehir:gunyuzu,served_by,true
26640,tr:district:eskisehir:sivrihisar,served_by,true
26650,tr:district:eskisehir:gunyuzu,served_by,true
26657,tr:district:eskisehir:sivrihisar,served_by,true
26663,tr:district:eskisehir:gunyuzu,served_by,true
26670,tr:district:eskisehir:inonu,served_by,true
26690,tr:district:eskisehir:inonu,served_by,true
26700,tr:district:eskisehir:cifteler,served_by,true
26710,tr:district:eskisehir:han,served_by,true
26750,tr:district:eskisehir:beylikova,served_by,true
26800,tr:district:eskisehir:mahmudiye,served_by,true
26850,tr:district:eskisehir:alpu,served_by,true
26860,tr:district:eskisehir:alpu,served_by,true
26870,tr:district:eskisehir:sarcakaya,served_by,true
26880,tr:district:eskisehir:mihalgazi,served_by,true
26900,tr:district:eskisehir:mihalcck,served_by,true
26920,tr:district:eskisehir:mihalcck,served_by,true
26940,tr:district:eskisehir:mihalcck,served_by,true
26950,tr:district:eskisehir:seyitgazi,served_by,true
26960,tr:district:eskisehir:seyitgazi,served_by,true
26970,tr:district:eskisehir:seyitgazi,served_by,true
27000,tr:district:gaziantep:sehitkamil,served_by,true
27010,tr:district:gaziantep:sahinbey,served_by,true
27060,tr:district:gaziantep:sehitkamil,served_by,true
27070,tr:district:gaziantep:sahinbey,served_by,true
27080,tr:district:gaziantep:sehitkamil,served_by,true
27090,tr:district:gaziantep:sehitkamil,served_by,true
27100,tr:district:gaziantep:sahinbey,served_by,true
27110,tr:district:gaziantep:sehitkamil,served_by,true
27200,tr:district:gaziantep:sahinbey,served_by,true
27220,tr:district:gaziantep:sahinbey,served_by,true
27240,tr:district:gaziantep:sahinbey,served_by,true
27245,tr:district:gaziantep:sahinbey,served_by,true
27260,tr:district:gaziantep:sahinbey,served_by,true
27270,tr:district:gaziantep:sahinbey,served_by,true
27300,tr:district:gaziantep:sahinbey,served_by,true
27400,tr:district:gaziantep:sahinbey,served_by,true
27410,tr:district:gaziantep:sahinbey,served_by,true
27470,tr:district:gaziantep:sahinbey,served_by,true
27500,tr:district:gaziantep:sehitkamil,served_by,true
27560,tr:district:gaziantep:sehitkamil,served_by,true
27580,tr:district:gaziantep:sehitkamil,served_by,true
27590,tr:district:gaziantep:sehitkamil,served_by,true
27600,tr:district:gaziantep:sehitkamil,served_by,true
27610,tr:district:gaziantep:sehitkamil,served_by,true
27620,tr:district:gaziantep:sehitkamil,served_by,true
27630,tr:district:gaziantep:sehitkamil,served_by,true
27650,tr:district:gaziantep:araban,served_by,true
27655,tr:district:gaziantep:araban,served_by,true
27660,tr:district:gaziantep:sehitkamil,served_by,true
27700,tr:district:gaziantep:nizip,served_by,true
27715,tr:district:gaziantep:nizip,served_by,true
27720,tr:district:gaziantep:nizip,served_by,true
27725,tr:district:gaziantep:nizip,served_by,true
27800,tr:district:gaziantep:islahiye,served_by,true
27805,tr:district:gaziantep:islahiye,served_by,true
27810,tr:district:gaziantep:islahiye,served_by,true
27815,tr:district:gaziantep:islahiye,served_by,true
27821,tr:district:gaziantep:islahiye,served_by,true
27840,tr:district:gaziantep:nurdag,served_by,true
27845,tr:district:gaziantep:nurdag,served_by,true
27850,tr:district:gaziantep:nurdag,served_by,true
27880,tr:district:gaziantep:karkams,served_by,true
27900,tr:district:gaziantep:oguzeli,served_by,true
27910,tr:district:gaziantep:oguzeli,served_by,true
27920,tr:district:gaziantep:oguzeli,served_by,true
27970,tr:district:gaziantep:yavuzeli,served_by,true
28000,tr:district:giresun:merkez,served_by,true
28030,tr:district:giresun:merkez,served_by,true
28100,tr:district:giresun:merkez,served_by,true
28200,tr:district:giresun:merkez,served_by,true
28300,tr:district:giresun:bulancak,served_by,true
28310,tr:district:giresun:bulancak,served_by,true
28340,tr:district:giresun:piraziz,served_by,true
28400,tr:district:giresun:sebinkarahisar,served_by,true
28500,tr:district:giresun:tirebolu,served_by,true
28510,tr:district:giresun:dogankent,served_by,true
28520,tr:district:giresun:guce,served_by,true
28600,tr:district:giresun:espiye,served_by,true
28610,tr:district:giresun:yagldere,served_by,true
28700,tr:district:giresun:alucra,served_by,true
28710,tr:district:giresun:camoluk,served_by,true
28800,tr:district:giresun:gorele,served_by,true
28810,tr:district:giresun:canakc,served_by,true
28820,tr:district:giresun:gorele,served_by,true
28850,tr:district:giresun:eynesil,served_by,true
28900,tr:district:giresun:kesap,served_by,true
28950,tr:district:giresun:dereli,served_by,true
29000,tr:district:gumushane:merkez,served_by,true
29100,tr:district:gumushane:merkez,served_by,true
29150,tr:district:gumushane:merkez,served_by,true
29200,tr:district:gumushane:merkez,served_by,true
29600,tr:district:gumushane:kelkit,served_by,true
29650,tr:district:gumushane:kose,served_by,true
29700,tr:district:gumushane:siran,served_by,true
29800,tr:district:gumushane:torul,served_by,true
29810,tr:district:gumushane:kurtun,served_by,true
29830,tr:district:gumushane:kurtun,served_by,true
30000,tr:district:hakkari:merkez,served_by,true
30110,tr:district:hakkari:merkez,served_by,true
30300,tr:district:hakkari:yuksekova,served_by,true
30330,tr:district:hakkari:yuksekova,served_by,true
30400,tr:district:hakkari:yuksekova,served_by,true
30700,tr:district:hakkari:cukurca,served_by,true
30800,tr:district:hakkari:semdinli,served_by,true
31001,tr:district:hatay:antakya,served_by,true
31027,tr:district:hatay:antakya,served_by,true
31030,tr:district:hatay:antakya,served_by,true
31035,tr:district:hatay:antakya,served_by,true
31040,tr:district:hatay:antakya,served_by,true
31060,tr:district:hatay:antakya,served_by,true
31070,tr:district:hatay:antakya,served_by,true
31080,tr:district:hatay:defne,served_by,true
31115,tr:district:hatay:antakya,served_by,true
31120,tr:district:hatay:antakya,served_by,true
31135,tr:district:hatay:antakya,served_by,true
31141,tr:district:hatay:defne,served_by,true
31145,tr:district:hatay:defne,served_by,true
31150,tr:district:hatay:antakya,served_by,true
31158,tr:district:hatay:defne,served_by,true
31160,tr:district:hatay:defne,served_by,true
31175,tr:district:hatay:antakya,served_by,true
31180,tr:district:hatay:antakya,served_by,true
31185,tr:district:hatay:defne,served_by,true
31190,tr:district:hatay:yayladag,served_by,true
31196,tr:district:hatay:antakya,served_by,true
31200,tr:district:hatay:iskenderun,served_by,true
31215,tr:district:hatay:iskenderun,served_by,true
31217,tr:district:hatay:iskenderun,served_by,true
31218,tr:district:hatay:iskenderun,served_by,true
31225,tr:district:hatay:arsuz,served_by,true
31230,tr:district:hatay:iskenderun,served_by,true
31240,tr:district:hatay:iskenderun,served_by,true
31241,tr:district:hatay:iskenderun,served_by,true
31245,tr:district:hatay:arsuz,served_by,true
31270,tr:district:hatay:arsuz,served_by,true
31275,tr:district:hatay:arsuz,served_by,true
31280,tr:district:hatay:iskenderun,served_by,true
31285,tr:district:hatay:arsuz,served_by,true
31290,tr:district:hatay:arsuz,served_by,true
31300,tr:district:hatay:iskenderun,served_by,true
31350,tr:district:hatay:belen,served_by,true
31440,tr:district:hatay:krkhan,served_by,true
31445,tr:district:hatay:krkhan,served_by,true
31500,tr:district:hatay:reyhanl,served_by,true
31520,tr:district:hatay:kumlu,served_by,true
31550,tr:district:hatay:yayladag,served_by,true
31553,tr:district:hatay:yayladag,served_by,true
31557,tr:district:hatay:yayladag,served_by,true
31560,tr:district:hatay:yayladag,served_by,true
31600,tr:district:hatay:dortyol,served_by,true
31620,tr:district:hatay:dortyol,served_by,true
31630,tr:district:hatay:dortyol,served_by,true
31670,tr:district:hatay:dortyol,served_by,true
31690,tr:district:hatay:dortyol,served_by,true
31700,tr:district:hatay:hassa,served_by,true
31706,tr:district:hatay:hassa,served_by,true
31710,tr:district:hatay:hassa,served_by,true
31715,tr:district:hatay:hassa,served_by,true
31720,tr:district:hatay:hassa,served_by,true
31750,tr:district:hatay:altnozu,served_by,true
31753,tr:district:hatay:altnozu,served_by,true
31755,tr:district:hatay:altnozu,served_by,true
31757,tr:district:hatay:altnozu,served_by,true
31785,tr:district:hatay:samandag,served_by,true
31795,tr:district:hatay:samandag,served_by,true
31800,tr:district:hatay:samandag,served_by,true
31810,tr:district:hatay:samandag,served_by,true
31815,tr:district:hatay:samandag,served_by,true
31820,tr:district:hatay:defne,served_by,true
31825,tr:district:hatay:samandag,served_by,true
31835,tr:district:hatay:samandag,served_by,true
31855,tr:district:hatay:samandag,served_by,true
31865,tr:district:hatay:samandag,served_by,true
31880,tr:district:hatay:samandag,served_by,true
31885,tr:district:hatay:samandag,served_by,true
31900,tr:district:hatay:payas,served_by,true
31960,tr:district:hatay:erzin,served_by,true
32000,tr:district:isparta:merkez,served_by,true
32040,tr:district:isparta:merkez,served_by,true
32090,tr:district:isparta:gonen,served_by,true
32100,tr:district:isparta:merkez,served_by,true
32110,tr:district:isparta:merkez,served_by,true
32120,tr:district:isparta:merkez,served_by,true
32200,tr:district:isparta:merkez,served_by,true
32300,tr:district:isparta:merkez,served_by,true
32400,tr:district:isparta:yalvac,served_by,true
32430,tr:district:isparta:yalvac,served_by,true
32500,tr:district:isparta:egirdir,served_by,true
32510,tr:district:isparta:aksu,served_by,true
32550,tr:district:isparta:egirdir,served_by,true
32600,tr:district:isparta:senirkent,served_by,true
32610,tr:district:isparta:senirkent,served_by,true
32650,tr:district:isparta:uluborlu,served_by,true
32670,tr:district:isparta:atabey,served_by,true
32700,tr:district:isparta:keciborlu,served_by,true
32750,tr:district:isparta:keciborlu,served_by,true
32800,tr:district:isparta:sarkikaraagac,served_by,true
32810,tr:district:isparta:sarkikaraagac,served_by,true
32820,tr:district:isparta:sarkikaraagac,served_by,true
32850,tr:district:isparta:yenisarbademli,served_by,true
32900,tr:district:isparta:gelendost,served_by,true
32950,tr:district:isparta:sutculer,served_by,true
33010,tr:district:mersin:akdeniz,served_by,true
33020,tr:district:mersin:akdeniz,served_by,true
33040,tr:district:mersin:akdeniz,served_by,true
33050,tr:district:mersin:akdeniz,served_by,true
33060,tr:district:mersin:akdeniz,served_by,true
33070,tr:district:mersin:akdeniz,served_by,true
33080,tr:district:mersin:toroslar,served_by,true
33090,tr:district:mersin:toroslar,served_by,true
33100,tr:district:mersin:akdeniz,served_by,true
33110,tr:district:mersin:yenisehir,served_by,true
33115,tr:district:mersin:akdeniz,served_by,true
33120,tr:district:mersin:yenisehir,served_by,true
33130,tr:district:mersin:yenisehir,served_by,true
33140,tr:district:mersin:yenisehir,served_by,true
33150,tr:district:mersin:yenisehir,served_by,true
33160,tr:district:mersin:yenisehir,served_by,true
33200,tr:district:mersin:mezitli,served_by,true
33220,tr:district:mersin:toroslar,served_by,true
33230,tr:district:mersin:toroslar,served_by,true
33240,tr:district:mersin:toroslar,served_by,true
33250,tr:district:mersin:toroslar,served_by,true
33285,tr:district:mersin:toroslar,served_by,true
33315,tr:district:mersin:toroslar,served_by,true
33325,tr:district:mersin:toroslar,served_by,true
33330,tr:district:mersin:mezitli,served_by,true
33335,tr:district:mersin:mezitli,served_by,true
33340,tr:district:mersin:mezitli,served_by,true
33400,tr:district:mersin:tarsus,served_by,true
33410,tr:district:mersin:tarsus,served_by,true
33420,tr:district:mersin:tarsus,served_by,true
33430,tr:district:mersin:tarsus,served_by,true
33440,tr:district:mersin:tarsus,served_by,true
33450,tr:district:mersin:tarsus,served_by,true
33460,tr:district:mersin:tarsus,served_by,true
33470,tr:district:mersin:tarsus,served_by,true
33480,tr:district:mersin:tarsus,served_by,true
33500,tr:district:mersin:tarsus,served_by,true
33530,tr:district:mersin:tarsus,served_by,true
33580,tr:district:mersin:camlyayla,served_by,true
33590,tr:district:mersin:camlyayla,served_by,true
33600,tr:district:mersin:mut,served_by,true
33630,tr:district:mersin:anamur,served_by,true
33640,tr:district:mersin:anamur,served_by,true
33645,tr:district:mersin:anamur,served_by,true
33650,tr:district:mersin:anamur,served_by,true
33660,tr:district:mersin:anamur,served_by,true
33700,tr:district:mersin:gulnar,served_by,true
33705,tr:district:mersin:gulnar,served_by,true
33710,tr:district:mersin:gulnar,served_by,true
33715,tr:district:mersin:gulnar,served_by,true
33720,tr:district:mersin:gulnar,served_by,true
33730,tr:district:mersin:erdemli,served_by,true
33750,tr:district:mersin:erdemli,served_by,true
33760,tr:district:mersin:erdemli,served_by,true
33770,tr:district:mersin:erdemli,served_by,true
33780,tr:district:mersin:erdemli,served_by,true
33790,tr:district:mersin:erdemli,served_by,true
33830,tr:district:mersin:bozyaz,served_by,true
33835,tr:district:mersin:bozyaz,served_by,true
33836,tr:district:mersin:bozyaz,served_by,true
33840,tr:district:mersin:aydnck,served_by,true
33875,tr:district:mersin:erdemli,served_by,true
33900,tr:district:mersin:silifke,served_by,true
33920,tr:district:mersin:silifke,served_by,true
33940,tr:district:mersin:silifke,served_by,true
33948,tr:district:mersin:erdemli,served_by,true
33950,tr:district:mersin:silifke,served_by,true
33960,tr:district:mersin:silifke,served_by,true
33980,tr:district:mersin:silifke,served_by,true
33990,tr:district:mersin:silifke,served_by,true
34010,tr:district:istanbul:zeytinburnu,served_by,true
34015,tr:district:istanbul:zeytinburnu,served_by,true
34020,tr:district:istanbul:zeytinburnu,served_by,true
34025,tr:district:istanbul:zeytinburnu,served_by,true
34035,tr:district:istanbul:bayrampasa,served_by,true
34040,tr:district:istanbul:bayrampasa,served_by,true
34045,tr:district:istanbul:bayrampasa,served_by,true
34050,tr:district:istanbul:eyupsultan,served_by,true
34055,tr:district:istanbul:eyupsultan,served_by,true
34060,tr:district:istanbul:eyupsultan,served_by,true
34065,tr:district:istanbul:eyupsultan,served_by,true
34070,tr:district:istanbul:eyupsultan,served_by,true
34075,tr:district:istanbul:eyupsultan,served_by,true
34076,tr:district:istanbul:eyupsultan,served_by,true
34077,tr:district:istanbul:eyupsultan,served_by,true
34080,tr:district:istanbul:fatih,served_by,true
34083,tr:district:istanbul:fatih,served_by,true
34087,tr:district:istanbul:fatih,served_by,true
34091,tr:district:istanbul:fatih,served_by,true
34093,tr:district:istanbul:fatih,served_by,true
34096,tr:district:istanbul:fatih,served_by,true
34098,tr:district:istanbul:fatih,served_by,true
34104,tr:district:istanbul:fatih,served_by,true
34107,tr:district:istanbul:fatih,served_by,true
34110,tr:district:istanbul:fatih,served_by,true
34112,tr:district:istanbul:fatih,served_by,true
34116,tr:district:istanbul:fatih,served_by,true
34120,tr:district:istanbul:fatih,served_by,true
34122,tr:district:istanbul:fatih,served_by,true
34126,tr:district:istanbul:fatih,served_by,true
34130,tr:district:istanbul:fatih,served_by,true
34134,tr:district:istanbul:fatih,served_by,true
34140,tr:district:istanbul:bakrkoy,served_by,true
34142,tr:district:istanbul:bakrkoy,served_by,true
34145,tr:district:istanbul:bakrkoy,served_by,true
34146,tr:district:istanbul:bakrkoy,served_by,true
34147,tr:district:istanbul:bakrkoy,served_by,true
34149,tr:district:istanbul:bakrkoy,served_by,true
34153,tr:district:istanbul:bakrkoy,served_by,true
34158,tr:district:istanbul:bakrkoy,served_by,true
34160,tr:district:istanbul:gungoren,served_by,true
34164,tr:district:istanbul:gungoren,served_by,true
34165,tr:district:istanbul:gungoren,served_by,true
34173,tr:district:istanbul:gungoren,served_by,true
34180,tr:district:istanbul:bahcelievler,served_by,true
34182,tr:district:istanbul:bahcelievler,served_by,true
34183,tr:district:istanbul:bahcelievler,served_by,true
34186,tr:district:istanbul:bahcelievler,served_by,true
34188,tr:district:istanbul:bahcelievler,served_by,true
34192,tr:district:istanbul:bahcelievler,served_by,true
34194,tr:district:istanbul:bahcelievler,served_by,true
34196,tr:district:istanbul:bahcelievler,served_by,true
34197,tr:district:istanbul:bahcelievler,served_by,true
34200,tr:district:istanbul:bagclar,served_by,true
34203,tr:district:istanbul:bagclar,served_by,true
34204,tr:district:istanbul:bagclar,served_by,true
34209,tr:district:istanbul:bagclar,served_by,true
34210,tr:district:istanbul:bagclar,served_by,true
34212,tr:district:istanbul:bagclar,served_by,true
34214,tr:district:istanbul:bagclar,served_by,true
34218,tr:district:istanbul:bagclar,served_by,true
34220,tr:district:istanbul:esenler,served_by,true
34225,tr:district:istanbul:esenler,served_by,true
34230,tr:district:istanbul:esenler,served_by,true
34235,tr:district:istanbul:esenler,served_by,true
34240,tr:district:istanbul:gaziosmanpasa,served_by,true
34245,tr:district:istanbul:gaziosmanpasa,served_by,true
34250,tr:district:istanbul:gaziosmanpasa,served_by,true
34255,tr:district:istanbul:gaziosmanpasa,served_by,true
34260,tr:district:istanbul:sultangazi,served_by,true
34265,tr:district:istanbul:sultangazi,served_by,true
34270,tr:district:istanbul:sultangazi,served_by,true
34275,tr:district:istanbul:arnavutkoy,served_by,true
34281,tr:district:istanbul:arnavutkoy,served_by,true
34283,tr:district:istanbul:arnavutkoy,served_by,true
34285,tr:district:istanbul:arnavutkoy,served_by,true
34287,tr:district:istanbul:arnavutkoy,served_by,true
34290,tr:district:istanbul:kucukcekmece,served_by,true
34295,tr:district:istanbul:kucukcekmece,served_by,true
34303,tr:district:istanbul:kucukcekmece,served_by,true
34307,tr:district:istanbul:kucukcekmece,served_by,true
34310,tr:district:istanbul:avclar,served_by,true
34315,tr:district:istanbul:avclar,served_by,true
34320,tr:district:istanbul:avclar,served_by,true
34325,tr:district:istanbul:avclar,served_by,true
34330,tr:district:istanbul:besiktas,served_by,true
34335,tr:district:istanbul:besiktas,served_by,true
34337,tr:district:istanbul:besiktas,served_by,true
34340,tr:district:istanbul:besiktas,served_by,true
34342,tr:district:istanbul:besiktas,served_by,true
34345,tr:district:istanbul:besiktas,served_by,true
34347,tr:district:istanbul:besiktas,served_by,true
34349,tr:district:istanbul:besiktas,served_by,true
34353,tr:district:istanbul:besiktas,served_by,true
34357,tr:district:istanbul:besiktas,served_by,true
34360,tr:district:istanbul:sisli,served_by,true
34363,tr:district:istanbul:sisli,served_by,true
34365,tr:district:istanbul:sisli,served_by,true
34367,tr:district:istanbul:sisli,served_by,true
34371,tr:district:istanbul:sisli,served_by,true
34373,tr:district:istanbul:sisli,served_by,true
34375,tr:district:istanbul:sisli,served_by,true
34377,tr:district:istanbul:sisli,served_by,true
34379,tr:district:istanbul:sisli,served_by,true
34380,tr:district:istanbul:sisli,served_by,true
34381,tr:district:istanbul:sisli,served_by,true
34382,tr:district:istanbul:sisli,served_by,true
34384,tr:district:istanbul:sisli,served_by,true
34387,tr:district:istanbul:sisli,served_by,true
34394,tr:district:istanbul:sisli,served_by,true
34396,tr:district:istanbul:saryer,served_by,true
34398,tr:district:istanbul:saryer,served_by,true
34400,tr:district:istanbul:kagthane,served_by,true
34403,tr:district:istanbul:kagthane,served_by,true
34406,tr:district:istanbul:kagthane,served_by,true
34408,tr:district:istanbul:kagthane,served_by,true
34410,tr:district:istanbul:kagthane,served_by,true
34413,tr:district:istanbul:kagthane,served_by,true
34415,tr:district:istanbul:kagthane,served_by,true
34418,tr:district:istanbul:kagthane,served_by,true
34421,tr:district:istanbul:beyoglu,served_by,true
34425,tr:district:istanbul:beyoglu,served_by,true
34427,tr:district:istanbul:beyoglu,served_by,true
34430,tr:district:istanbul:beyoglu,served_by,true
34433,tr:district:istanbul:beyoglu,served_by,true
34435,tr:district:istanbul:beyoglu,served_by,true
34437,tr:district:istanbul:beyoglu,served_by,true
34440,tr:district:istanbul:beyoglu,served_by,true
34445,tr:district:istanbul:beyoglu,served_by,true
34450,tr:district:istanbul:saryer,served_by,true
34453,tr:district:istanbul:saryer,served_by,true
34457,tr:district:istanbul:saryer,served_by,true
34460,tr:district:istanbul:saryer,served_by,true
34464,tr:district:istanbul:saryer,served_by,true
34467,tr:district:istanbul:saryer,served_by,true
34470,tr:district:istanbul:saryer,served_by,true
34473,tr:district:istanbul:saryer,served_by,true
34480,tr:district:istanbul:basaksehir,served_by,true
34488,tr:district:istanbul:basaksehir,served_by,true
34490,tr:district:istanbul:basaksehir,served_by,true
34494,tr:district:istanbul:basaksehir,served_by,true
34500,tr:district:istanbul:buyukcekmece,served_by,true
34510,tr:district:istanbul:esenyurt,served_by,true
34513,tr:district:istanbul:esenyurt,served_by,true
34515,tr:district:istanbul:esenyurt,served_by,true
34517,tr:district:istanbul:esenyurt,served_by,true
34520,tr:district:istanbul:beylikduzu,served_by,true
34522,tr:district:istanbul:esenyurt,served_by,true
34524,tr:district:istanbul:beylikduzu,served_by,true
34528,tr:district:istanbul:beylikduzu,served_by,true
34530,tr:district:istanbul:buyukcekmece,served_by,true
34535,tr:district:istanbul:buyukcekmece,served_by,true
34537,tr:district:istanbul:buyukcekmece,served_by,true
34538,tr:district:istanbul:esenyurt,served_by,true
34540,tr:district:istanbul:catalca,served_by,true
34545,tr:district:istanbul:catalca,served_by,true
34550,tr:district:istanbul:catalca,served_by,true
34555,tr:district:istanbul:arnavutkoy,served_by,true
34557,tr:district:istanbul:arnavutkoy,served_by,true
34560,tr:district:istanbul:catalca,served_by,true
34562,tr:district:istanbul:catalca,served_by,true
34570,tr:district:istanbul:silivri,served_by,true
34580,tr:district:istanbul:silivri,served_by,true
34582,tr:district:istanbul:silivri,served_by,true
34584,tr:district:istanbul:buyukcekmece,served_by,true
34590,tr:district:istanbul:silivri,served_by,true
34660,tr:district:istanbul:uskudar,served_by,true
34662,tr:district:istanbul:uskudar,served_by,true
34664,tr:district:istanbul:uskudar,served_by,true
34668,tr:district:istanbul:uskudar,served_by,true
34672,tr:district:istanbul:uskudar,served_by,true
34674,tr:district:istanbul:uskudar,served_by,true
34676,tr:district:istanbul:uskudar,served_by,true
34680,tr:district:istanbul:uskudar,served_by,true
34682,tr:district:istanbul:uskudar,served_by,true
34684,tr:district:istanbul:uskudar,served_by,true
34688,tr:district:istanbul:uskudar,served_by,true
34690,tr:district:istanbul:uskudar,served_by,true
34692,tr:district:istanbul:uskudar,served_by,true
34696,tr:district:istanbul:uskudar,served_by,true
34699,tr:district:istanbul:uskudar,served_by,true
34700,tr:district:istanbul:uskudar,served_by,true
34704,tr:district:istanbul:atasehir,served_by,true
34707,tr:district:istanbul:atasehir,served_by,true
34710,tr:district:istanbul:kadkoy,served_by,true
34714,tr:district:istanbul:kadkoy,served_by,true
34716,tr:district:istanbul:kadkoy,served_by,true
34718,tr:district:istanbul:kadkoy,served_by,true
34720,tr:district:istanbul:kadkoy,served_by,true
34722,tr:district:istanbul:kadkoy,served_by,true
34724,tr:district:istanbul:kadkoy,served_by,true
34726,tr:district:istanbul:kadkoy,served_by,true
34728,tr:district:istanbul:kadkoy,served_by,true
34730,tr:district:istanbul:kadkoy,served_by,true
34732,tr:district:istanbul:kadkoy,served_by,true
34734,tr:district:istanbul:kadkoy,served_by,true
34736,tr:district:istanbul:kadkoy,served_by,true
34738,tr:district:istanbul:kadkoy,served_by,true
34740,tr:district:istanbul:kadkoy,served_by,true
34742,tr:district:istanbul:kadkoy,served_by,true
34744,tr:district:istanbul:kadkoy,served_by,true
34746,tr:district:istanbul:atasehir,served_by,true
34750,tr:district:istanbul:atasehir,served_by,true
34752,tr:district:istanbul:atasehir,served_by,true
34755,tr:district:istanbul:atasehir,served_by,true
34758,tr:district:istanbul:atasehir,served_by,true
34760,tr:district:istanbul:umraniye,served_by,true
34762,tr:district:istanbul:umraniye,served_by,true
34764,tr:district:istanbul:umraniye,served_by,true
34766,tr:district:istanbul:umraniye,served_by,true
34768,tr:district:istanbul:umraniye,served_by,true
34771,tr:district:istanbul:umraniye,served_by,true
34773,tr:district:istanbul:umraniye,served_by,true
34774,tr:district:istanbul:umraniye,served_by,true
34775,tr:district:istanbul:umraniye,served_by,true
34776,tr:district:istanbul:umraniye,served_by,true
34779,tr:district:istanbul:atasehir,served_by,true
34782,tr:district:istanbul:cekmekoy,served_by,true
34785,tr:district:istanbul:sancaktepe,served_by,true
34788,tr:district:istanbul:cekmekoy,served_by,true
34791,tr:district:istanbul:sancaktepe,served_by,true
34794,tr:district:istanbul:cekmekoy,served_by,true
34799,tr:district:istanbul:cekmekoy,served_by,true
34800,tr:district:istanbul:beykoz,served_by,true
34805,tr:district:istanbul:beykoz,served_by,true
34810,tr:district:istanbul:beykoz,served_by,true
34815,tr:district:istanbul:beykoz,served_by,true
34820,tr:district:istanbul:beykoz,served_by,true
34825,tr:district:istanbul:beykoz,served_by,true
34829,tr:district:istanbul:beykoz,served_by,true
34830,tr:district:istanbul:beykoz,served_by,true
34840,tr:district:istanbul:maltepe,served_by,true
34841,tr:district:istanbul:maltepe,served_by,true
34843,tr:district:istanbul:maltepe,served_by,true
34844,tr:district:istanbul:maltepe,served_by,true
34846,tr:district:istanbul:maltepe,served_by,true
34848,tr:district:istanbul:maltepe,served_by,true
34852,tr:district:istanbul:maltepe,served_by,true
34854,tr:district:istanbul:maltepe,served_by,true
34858,tr:district:istanbul:maltepe,served_by,true
34860,tr:district:istanbul:kartal,served_by,true
34862,tr:district:istanbul:kartal,served_by,true
34865,tr:district:istanbul:kartal,served_by,true
34870,tr:district:istanbul:kartal,served_by,true
34873,tr:district:istanbul:kartal,served_by,true
34876,tr:district:istanbul:kartal,served_by,true
34880,tr:district:istanbul:kartal,served_by,true
34882,tr:district:istanbul:kartal,served_by,true
34885,tr:district:istanbul:sancaktepe,served_by,true
34887,tr:district:istanbul:sancaktepe,served_by,true
34888,tr:district:istanbul:atasehir,served_by,true
34890,tr:district:istanbul:pendik,served_by,true
34893,tr:district:istanbul:pendik,served_by,true
34896,tr:district:istanbul:pendik,served_by,true
34899,tr:district:istanbul:pendik,served_by,true
34903,tr:district:istanbul:pendik,served_by,true
34906,tr:district:istanbul:pendik,served_by,true
34909,tr:district:istanbul:pendik,served_by,true
34912,tr:district:istanbul:pendik,served_by,true
34916,tr:district:istanbul:pendik,served_by,true
34920,tr:district:istanbul:sultanbeyli,served_by,true
34925,tr:district:istanbul:sultanbeyli,served_by,true
34930,tr:district:istanbul:sultanbeyli,served_by,true
34935,tr:district:istanbul:sultanbeyli,served_by,true
34940,tr:district:istanbul:tuzla,served_by,true
34944,tr:district:istanbul:tuzla,served_by,true
34947,tr:district:istanbul:tuzla,served_by,true
34950,tr:district:istanbul:tuzla,served_by,true
34953,tr:district:istanbul:tuzla,served_by,true
34956,tr:district:istanbul:tuzla,served_by,true
34959,tr:district:istanbul:tuzla,served_by,true
34970,tr:district:istanbul:adalar,served_by,true
34973,tr:district:istanbul:adalar,served_by,true
34975,tr:district:istanbul:adalar,served_by,true
34977,tr:district:istanbul:adalar,served_by,true
34980,tr:district:istanbul:sile,served_by,true
34990,tr:district:istanbul:sile,served_by,true
35030,tr:district:izmir:bornova,served_by,true
35040,tr:district:izmir:bornova,served_by,true
35050,tr:district:izmir:bornova,served_by,true
35060,tr:district:izmir:bornova,served_by,true
35070,tr:district:izmir:bornova,served_by,true
35080,tr:district:izmir:bornova,served_by,true
35090,tr:district:izmir:bornova,served_by,true
35100,tr:district:izmir:bornova,served_by,true
35110,tr:district:izmir:karabaglar,served_by,true
35120,tr:district:izmir:karabaglar,served_by,true
35130,tr:district:izmir:karabaglar,served_by,true
35140,tr:district:izmir:karabaglar,served_by,true
35150,tr:district:izmir:karabaglar,served_by,true
35160,tr:district:izmir:karabaglar,served_by,true
35170,tr:district:izmir:konak,served_by,true
35180,tr:district:izmir:konak,served_by,true
35190,tr:district:izmir:konak,served_by,true
35210,tr:district:izmir:konak,served_by,true
35220,tr:district:izmir:konak,served_by,true
35230,tr:district:izmir:konak,served_by,true
35240,tr:district:izmir:konak,served_by,true
35250,tr:district:izmir:konak,served_by,true
35260,tr:district:izmir:konak,served_by,true
35270,tr:district:izmir:konak,served_by,true
35280,tr:district:izmir:konak,served_by,true
35290,tr:district:izmir:konak,served_by,true
35310,tr:district:izmir:guzelbahce,served_by,true
35320,tr:district:izmir:narldere,served_by,true
35330,tr:district:izmir:balcova,served_by,true
35370,tr:district:izmir:buca,served_by,true
35380,tr:district:izmir:buca,served_by,true
35390,tr:district:izmir:buca,served_by,true
35395,tr:district:izmir:buca,served_by,true
35400,tr:district:izmir:buca,served_by,true
35410,tr:district:izmir:gaziemir,served_by,true
35415,tr:district:izmir:gaziemir,served_by,true
35425,tr:district:izmir:gaziemir,served_by,true
35430,tr:district:izmir:urla,served_by,true
35460,tr:district:izmir:seferihisar,served_by,true
35465,tr:district:izmir:seferihisar,served_by,true
35470,tr:district:izmir:menderes,served_by,true
35472,tr:district:izmir:menderes,served_by,true
35473,tr:district:izmir:menderes,served_by,true
35474,tr:district:izmir:menderes,served_by,true
35475,tr:district:izmir:menderes,served_by,true
35476,tr:district:izmir:menderes,served_by,true
35477,tr:district:izmir:menderes,served_by,true
35478,tr:district:izmir:menderes,served_by,true
35479,tr:district:izmir:menderes,served_by,true
35480,tr:district:izmir:menderes,served_by,true
35485,tr:district:izmir:seferihisar,served_by,true
35495,tr:district:izmir:menderes,served_by,true
35510,tr:district:izmir:bayrakl,served_by,true
35520,tr:district:izmir:bayrakl,served_by,true
35530,tr:district:izmir:bayrakl,served_by,true
35535,tr:district:izmir:bayrakl,served_by,true
35540,tr:district:izmir:bayrakl,served_by,true
35550,tr:district:izmir:karsyaka,served_by,true
35560,tr:district:izmir:karsyaka,served_by,true
35570,tr:district:izmir:karsyaka,served_by,true
35575,tr:district:izmir:karsyaka,served_by,true
35580,tr:district:izmir:karsyaka,served_by,true
35590,tr:district:izmir:karsyaka,served_by,true
35600,tr:district:izmir:karsyaka,served_by,true
35610,tr:district:izmir:cigli,served_by,true
35620,tr:district:izmir:cigli,served_by,true
35630,tr:district:izmir:cigli,served_by,true
35640,tr:district:izmir:cigli,served_by,true
35650,tr:district:izmir:cigli,served_by,true
35660,tr:district:izmir:menemen,served_by,true
35663,tr:district:izmir:menemen,served_by,true
35665,tr:district:izmir:menemen,served_by,true
35667,tr:district:izmir:menemen,served_by,true
35670,tr:district:izmir:menemen,served_by,true
35672,tr:district:izmir:menemen,served_by,true
35674,tr:district:izmir:menemen,served_by,true
35676,tr:district:izmir:menemen,served_by,true
35680,tr:district:izmir:foca,served_by,true
35683,tr:district:izmir:foca,served_by,true
35687,tr:district:izmir:foca,served_by,true
35700,tr:district:izmir:bergama,served_by,true
35715,tr:district:izmir:bergama,served_by,true
35720,tr:district:izmir:bergama,served_by,true
35725,tr:district:izmir:bergama,served_by,true
35727,tr:district:izmir:bergama,served_by,true
35729,tr:district:izmir:bergama,served_by,true
35730,tr:district:izmir:bergama,served_by,false
35730,tr:district:izmir:kemalpasa,served_by,true
35733,tr:district:izmir:kemalpasa,served_by,true
35735,tr:district:izmir:kemalpasa,served_by,true
35737,tr:district:izmir:kemalpasa,served_by,true
35740,tr:district:izmir:kemalpasa,served_by,true
35743,tr:district:izmir:kemalpasa,served_by,true
35750,tr:district:izmir:odemis,served_by,true
35753,tr:district:izmir:odemis,served_by,true
35755,tr:district:izmir:odemis,served_by,true
35761,tr:district:izmir:odemis,served_by,true
35762,tr:district:izmir:odemis,served_by,true
35763,tr:district:izmir:odemis,served_by,true
35765,tr:district:izmir:odemis,served_by,true
35767,tr:district:izmir:odemis,served_by,true
35773,tr:district:izmir:odemis,served_by,true
35780,tr:district:izmir:odemis,served_by,true
35790,tr:district:izmir:beydag,served_by,true
35800,tr:district:izmir:aliaga,served_by,true
35810,tr:district:izmir:aliaga,served_by,true
35820,tr:district:izmir:aliaga,served_by,true
35840,tr:district:izmir:bayndr,served_by,true
35843,tr:district:izmir:bayndr,served_by,true
35845,tr:district:izmir:bayndr,served_by,true
35847,tr:district:izmir:bayndr,served_by,true
35860,tr:district:izmir:torbal,served_by,true
35865,tr:district:izmir:torbal,served_by,true
35870,tr:district:izmir:torbal,served_by,true
35875,tr:district:izmir:torbal,served_by,true
35880,tr:district:izmir:torbal,served_by,true
35885,tr:district:izmir:torbal,served_by,true
35890,tr:district:izmir:kiraz,served_by,true
35900,tr:district:izmir:tire,served_by,true
35910,tr:district:izmir:tire,served_by,true
35920,tr:district:izmir:selcuk,served_by,true
35925,tr:district:izmir:selcuk,served_by,true
35930,tr:district:izmir:cesme,served_by,true
35937,tr:district:izmir:cesme,served_by,true
35960,tr:district:izmir:karaburun,served_by,true
35970,tr:district:izmir:karaburun,served_by,true
35980,tr:district:izmir:dikili,served_by,true
35985,tr:district:izmir:dikili,served_by,true
35990,tr:district:izmir:knk,served_by,true
36000,tr:district:kars:merkez,served_by,true
36500,tr:district:kars:sarkams,served_by,true
36670,tr:district:kars:digor,served_by,true
36680,tr:district:kars:digor,served_by,true
36700,tr:district:kars:kagzman,served_by,true
36730,tr:district:kars:arpacay,served_by,true
36760,tr:district:kars:susuz,served_by,true
36780,tr:district:kars:akyaka,served_by,true
36900,tr:district:kars:selim,served_by,true
37100,tr:district:kastamonu:merkez,served_by,true
37150,tr:district:kastamonu:merkez,served_by,true
37200,tr:district:kastamonu:merkez,served_by,true
37210,tr:district:kastamonu:merkez,served_by,true
37250,tr:district:kastamonu:ihsangazi,served_by,true
37270,tr:district:kastamonu:seydiler,served_by,true
37300,tr:district:kastamonu:tosya,served_by,true
37400,tr:district:kastamonu:taskopru,served_by,true
37450,tr:district:kastamonu:hanonu,served_by,true
37500,tr:district:kastamonu:inebolu,served_by,true
37550,tr:district:kastamonu:doganyurt,served_by,true
37600,tr:district:kastamonu:cide,served_by,true
37650,tr:district:kastamonu:senpazar,served_by,true
37680,tr:district:kastamonu:bozkurt,served_by,true
37700,tr:district:kastamonu:devrekani,served_by,true
37750,tr:district:kastamonu:azdavay,served_by,true
37770,tr:district:kastamonu:pnarbas,served_by,true
37800,tr:district:kastamonu:arac,served_by,true
37830,tr:district:kastamonu:arac,served_by,true
37850,tr:district:kastamonu:arac,served_by,true
37870,tr:district:kastamonu:daday,served_by,true
37900,tr:district:kastamonu:kure,served_by,true
37920,tr:district:kastamonu:agl,served_by,true
37940,tr:district:kastamonu:catalzeytin,served_by,true
37970,tr:district:kastamonu:abana,served_by,true
38010,tr:district:kayseri:kocasinan,served_by,true
38020,tr:district:kayseri:kocasinan,served_by,true
38030,tr:district:kayseri:melikgazi,served_by,true
38039,tr:district:kayseri:melikgazi,served_by,true
38040,tr:district:kayseri:melikgazi,served_by,true
38050,tr:district:kayseri:melikgazi,served_by,true
38060,tr:district:kayseri:melikgazi,served_by,true
38070,tr:district:kayseri:melikgazi,served_by,true
38080,tr:district:kayseri:kocasinan,served_by,true
38090,tr:district:kayseri:kocasinan,served_by,true
38100,tr:district:kayseri:kocasinan,served_by,true
38110,tr:district:kayseri:kocasinan,served_by,true
38125,tr:district:kayseri:kocasinan,served_by,true
38160,tr:district:kayseri:talas,served_by,true
38180,tr:district:kayseri:melikgazi,served_by,true
38210,tr:district:kayseri:haclar,served_by,true
38220,tr:district:kayseri:melikgazi,served_by,true
38225,tr:district:kayseri:melikgazi,served_by,true
38280,tr:district:kayseri:talas,served_by,true
38290,tr:district:kayseri:kocasinan,served_by,true
38310,tr:district:kayseri:talas,served_by,true
38350,tr:district:kayseri:melikgazi,served_by,true
38400,tr:district:kayseri:develi,served_by,true
38500,tr:district:kayseri:yahyal,served_by,true
38560,tr:district:kayseri:incesu,served_by,true
38580,tr:district:kayseri:incesu,served_by,true
38600,tr:district:kayseri:bunyan,served_by,true
38660,tr:district:kayseri:sarz,served_by,true
38700,tr:district:kayseri:pnarbas,served_by,true
38730,tr:district:kayseri:pnarbas,served_by,true
38750,tr:district:kayseri:felahiye,served_by,true
38770,tr:district:kayseri:ozvatan,served_by,true
38800,tr:district:kayseri:yesilhisar,served_by,true
38820,tr:district:kayseri:saroglan,served_by,true
38830,tr:district:kayseri:akksla,served_by,true
38835,tr:district:kayseri:akksla,served_by,true
38840,tr:district:kayseri:saroglan,served_by,true
38850,tr:district:kayseri:saroglan,served_by,true
38860,tr:district:kayseri:saroglan,served_by,true
38900,tr:district:kayseri:tomarza,served_by,true
38940,tr:district:kayseri:tomarza,served_by,true
39000,tr:district:krklareli:merkez,served_by,true
39060,tr:district:krklareli:merkez,served_by,true
39100,tr:district:krklareli:merkez,served_by,true
39200,tr:district:krklareli:babaeski,served_by,true
39300,tr:district:krklareli:pnarhisar,served_by,true
39400,tr:district:krklareli:vize,served_by,true
39500,tr:district:krklareli:demirkoy,served_by,true
39570,tr:district:krklareli:babaeski,served_by,true
39600,tr:district:krklareli:pehlivankoy,served_by,true
39640,tr:district:krklareli:pehlivankoy,served_by,true
39650,tr:district:krklareli:demirkoy,served_by,true
39700,tr:district:krklareli:kofcaz,served_by,true
39750,tr:district:krklareli:luleburgaz,served_by,true
39770,tr:district:krklareli:luleburgaz,served_by,true
39780,tr:district:krklareli:luleburgaz,served_by,true
39790,tr:district:krklareli:luleburgaz,served_by,true
40000,tr:district:krsehir:merkez,served_by,true
40020,tr:district:krsehir:boztepe,served_by,true
40060,tr:district:krsehir:boztepe,served_by,true
40080,tr:district:krsehir:merkez,served_by,true
40100,tr:district:krsehir:merkez,served_by,true
40200,tr:district:krsehir:merkez,served_by,true
40300,tr:district:krsehir:kaman,served_by,true
40320,tr:district:krsehir:akpnar,served_by,true
40390,tr:district:krsehir:kaman,served_by,true
40500,tr:district:krsehir:mucur,served_by,true
40700,tr:district:krsehir:cicekdag,served_by,true
40720,tr:district:krsehir:akcakent,served_by,true
40730,tr:district:krsehir:cicekdag,served_by,true
41000,tr:district:kocaeli:izmit,served_by,true
41030,tr:district:kocaeli:basiskele,served_by,true
41040,tr:district:kocaeli:izmit,served_by,true
41050,tr:district:kocaeli:izmit,served_by,true
41060,tr:district:kocaeli:izmit,served_by,true
41080,tr:district:kocaeli:kartepe,served_by,true
41090,tr:district:kocaeli:basiskele,served_by,true
41100,tr:district:kocaeli:izmit,served_by,true
41110,tr:district:kocaeli:kartepe,served_by,true
41140,tr:district:kocaeli:basiskele,served_by,true
41170,tr:district:kocaeli:kartepe,served_by,true
41180,tr:district:kocaeli:kartepe,served_by,true
41190,tr:district:kocaeli:basiskele,served_by,true
41200,tr:district:kocaeli:izmit,served_by,true
41245,tr:district:kocaeli:basiskele,served_by,true
41250,tr:district:kocaeli:kartepe,served_by,true
41255,tr:district:kocaeli:kartepe,served_by,true
41275,tr:district:kocaeli:basiskele,served_by,true
41285,tr:district:kocaeli:kartepe,served_by,true
41295,tr:district:kocaeli:kartepe,served_by,true
41300,tr:district:kocaeli:izmit,served_by,true
41310,tr:district:kocaeli:izmit,served_by,true
41320,tr:district:kocaeli:kartepe,served_by,true
41400,tr:district:kocaeli:gebze,served_by,true
41420,tr:district:kocaeli:cayrova,served_by,true
41455,tr:district:kocaeli:dilovas,served_by,true
41500,tr:district:kocaeli:karamursel,served_by,true
41600,tr:district:kocaeli:kandra,served_by,true
41650,tr:district:kocaeli:golcuk,served_by,true
41700,tr:district:kocaeli:darca,served_by,true
41780,tr:district:kocaeli:korfez,served_by,true
41800,tr:district:kocaeli:korfez,served_by,true
41900,tr:district:kocaeli:derince,served_by,true
41950,tr:district:kocaeli:golcuk,served_by,true
42005,tr:district:konya:meram,served_by,true
42010,tr:district:konya:meram,served_by,true
42020,tr:district:konya:karatay,served_by,true
42030,tr:district:konya:karatay,served_by,true
42040,tr:district:konya:meram,served_by,true
42050,tr:district:konya:karatay,served_by,true
42060,tr:district:konya:selcuklu,served_by,true
42070,tr:district:konya:selcuklu,served_by,true
42080,tr:district:konya:selcuklu,served_by,true
42090,tr:district:konya:meram,served_by,true
42100,tr:district:konya:selcuklu,served_by,true
42110,tr:district:konya:selcuklu,served_by,true
42132,tr:district:konya:selcuklu,served_by,true
42140,tr:district:konya:meram,served_by,true
42208,tr:district:konya:selcuklu,served_by,true
42250,tr:district:konya:selcuklu,served_by,true
42280,tr:district:konya:selcuklu,served_by,true
42285,tr:district:konya:selcuklu,served_by,true
42290,tr:district:konya:karatay,served_by,true
42310,tr:district:konya:eregli,served_by,true
42320,tr:district:konya:eregli,served_by,true
42325,tr:district:konya:eregli,served_by,true
42335,tr:district:konya:eregli,served_by,true
42345,tr:district:konya:eregli,served_by,true
42350,tr:district:konya:eregli,served_by,true
42355,tr:district:konya:eregli,served_by,true
42360,tr:district:konya:seydisehir,served_by,true
42363,tr:district:konya:seydisehir,served_by,true
42365,tr:district:konya:seydisehir,served_by,true
42370,tr:district:konya:seydisehir,served_by,true
42380,tr:district:konya:seydisehir,served_by,true
42385,tr:district:konya:seydisehir,served_by,true
42390,tr:district:konya:ahrl,served_by,true
42395,tr:district:konya:ahrl,served_by,true
42400,tr:district:konya:karapnar,served_by,true
42415,tr:district:konya:karapnar,served_by,true
42420,tr:district:konya:karapnar,served_by,true
42425,tr:district:konya:karapnar,served_by,true
42430,tr:district:konya:sarayonu,served_by,true
42440,tr:district:konya:sarayonu,served_by,true
42450,tr:district:konya:altnekin,served_by,true
42460,tr:district:konya:akoren,served_by,true
42470,tr:district:konya:yalhuyuk,served_by,true
42480,tr:district:konya:derebucak,served_by,true
42482,tr:district:konya:derebucak,served_by,true
42484,tr:district:konya:derebucak,served_by,true
42485,tr:district:konya:derebucak,served_by,true
42490,tr:district:konya:guneysnr,served_by,true
42500,tr:district:konya:cumra,served_by,true
42502,tr:district:konya:cumra,served_by,true
42508,tr:district:konya:cumra,served_by,true
42509,tr:district:konya:cumra,served_by,true
42510,tr:district:konya:cumra,served_by,true
42515,tr:district:konya:cumra,served_by,true
42520,tr:district:konya:cumra,served_by,true
42530,tr:district:konya:yunak,served_by,true
42533,tr:district:konya:yunak,served_by,true
42534,tr:district:konya:yunak,served_by,true
42535,tr:district:konya:yunak,served_by,true
42536,tr:district:konya:yunak,served_by,true
42537,tr:district:konya:yunak,served_by,true
42538,tr:district:konya:yunak,served_by,true
42550,tr:district:konya:aksehir,served_by,true
42560,tr:district:konya:aksehir,served_by,true
42580,tr:district:konya:aksehir,served_by,true
42581,tr:district:konya:aksehir,served_by,true
42582,tr:district:konya:aksehir,served_by,true
42583,tr:district:konya:aksehir,served_by,true
42584,tr:district:konya:aksehir,served_by,true
42585,tr:district:konya:aksehir,served_by,true
42586,tr:district:konya:aksehir,served_by,true
42587,tr:district:konya:aksehir,served_by,true
42600,tr:district:konya:ilgn,served_by,true
42603,tr:district:konya:ilgn,served_by,true
42605,tr:district:konya:ilgn,served_by,true
42610,tr:district:konya:ilgn,served_by,true
42613,tr:district:konya:ilgn,served_by,true
42615,tr:district:konya:ilgn,served_by,true
42620,tr:district:konya:ilgn,served_by,true
42625,tr:district:konya:ilgn,served_by,true
42630,tr:district:konya:bozkr,served_by,true
42635,tr:district:konya:bozkr,served_by,true
42645,tr:district:konya:bozkr,served_by,true
42650,tr:district:konya:bozkr,served_by,true
42655,tr:district:konya:bozkr,served_by,true
42670,tr:district:konya:bozkr,served_by,true
42690,tr:district:konya:huyuk,served_by,true
42696,tr:district:konya:huyuk,served_by,true
42698,tr:district:konya:huyuk,served_by,true
42700,tr:district:konya:beysehir,served_by,true
42710,tr:district:konya:beysehir,served_by,true
42715,tr:district:konya:beysehir,served_by,true
42720,tr:district:konya:beysehir,served_by,true
42730,tr:district:konya:beysehir,served_by,true
42740,tr:district:konya:beysehir,served_by,true
42760,tr:district:konya:beysehir,served_by,true
42770,tr:district:konya:kulu,served_by,true
42773,tr:district:konya:kulu,served_by,true
42774,tr:district:konya:kulu,served_by,true
42775,tr:district:konya:kulu,served_by,true
42777,tr:district:konya:kulu,served_by,true
42780,tr:district:konya:kulu,served_by,true
42790,tr:district:konya:kulu,served_by,true
42800,tr:district:konya:kadnhan,served_by,true
42810,tr:district:konya:kadnhan,served_by,true
42815,tr:district:konya:kadnhan,served_by,true
42825,tr:district:konya:kadnhan,served_by,true
42830,tr:district:konya:hadim,served_by,true
42835,tr:district:konya:hadim,served_by,true
42840,tr:district:konya:hadim,served_by,true
42845,tr:district:konya:hadim,served_by,true
42850,tr:district:konya:cihanbeyli,served_by,true
42855,tr:district:konya:cihanbeyli,served_by,true
42860,tr:district:konya:cihanbeyli,served_by,true
42865,tr:district:konya:cihanbeyli,served_by,true
42870,tr:district:konya:cihanbeyli,served_by,true
42875,tr:district:konya:cihanbeyli,served_by,true
42880,tr:district:konya:cihanbeyli,served_by,true
42885,tr:district:konya:cihanbeyli,served_by,true
42890,tr:district:konya:cihanbeyli,served_by,true
42900,tr:district:konya:derbent,served_by,true
42910,tr:district:konya:emirgazi,served_by,true
42915,tr:district:konya:emirgazi,served_by,true
42920,tr:district:konya:celtik,served_by,true
42930,tr:district:konya:doganhisar,served_by,true
42936,tr:district:konya:doganhisar,served_by,true
42940,tr:district:konya:doganhisar,served_by,true
42950,tr:district:konya:doganhisar,served_by,true
42960,tr:district:konya:taskent,served_by,true
42965,tr:district:konya:taskent,served_by,true
42968,tr:district:konya:taskent,served_by,true
42970,tr:district:konya:tuzlukcu,served_by,true
42980,tr:district:konya:halkapnar,served_by,true
43020,tr:district:kutahya:merkez,served_by,true
43030,tr:district:kutahya:merkez,served_by,true
43040,tr:district:kutahya:merkez,served_by,true
43050,tr:district:kutahya:merkez,served_by,true
43100,tr:district:kutahya:merkez,served_by,true
43210,tr:district:kutahya:aslanapa,served_by,true
43270,tr:district:kutahya:merkez,served_by,true
43290,tr:district:kutahya:merkez,served_by,true
43300,tr:district:kutahya:tavsanl,served_by,true
43410,tr:district:kutahya:tavsanl,served_by,true
43463,tr:district:kutahya:tavsanl,served_by,true
43500,tr:district:kutahya:simav,served_by,true
43510,tr:district:kutahya:simav,served_by,true
43530,tr:district:kutahya:pazarlar,served_by,true
43590,tr:district:kutahya:simav,served_by,true
43600,tr:district:kutahya:gediz,served_by,true
43630,tr:district:kutahya:gediz,served_by,true
43640,tr:district:kutahya:gediz,served_by,true
43694,tr:district:kutahya:gediz,served_by,true
43700,tr:district:kutahya:emet,served_by,true
43710,tr:district:kutahya:cavdarhisar,served_by,true
43780,tr:district:kutahya:hisarck,served_by,true
43800,tr:district:kutahya:altntas,served_by,true
43820,tr:district:kutahya:dumlupnar,served_by,true
43850,tr:district:kutahya:domanic,served_by,true
43860,tr:district:kutahya:domanic,served_by,true
43900,tr:district:kutahya:tavsanl,served_by,true
43950,tr:district:kutahya:saphane,served_by,true
44000,tr:district:malatya:battalgazi,served_by,false
44000,tr:district:malatya:yesilyurt,served_by,true
44050,tr:district:malatya:battalgazi,served_by,true
44060,tr:district:malatya:battalgazi,served_by,true
44070,tr:district:malatya:yesilyurt,served_by,true
44080,tr:district:malatya:yesilyurt,served_by,true
44090,tr:district:malatya:yesilyurt,served_by,true
44100,tr:district:malatya:battalgazi,served_by,true
44110,tr:district:malatya:yesilyurt,served_by,true
44120,tr:district:malatya:battalgazi,served_by,true
44170,tr:district:malatya:battalgazi,served_by,true
44180,tr:district:malatya:yesilyurt,served_by,true
44200,tr:district:malatya:battalgazi,served_by,true
44210,tr:district:malatya:battalgazi,served_by,true
44230,tr:district:malatya:yesilyurt,served_by,true
44280,tr:district:malatya:battalgazi,served_by,true
44300,tr:district:malatya:battalgazi,served_by,true
44310,tr:district:malatya:yesilyurt,served_by,true
44320,tr:district:malatya:battalgazi,served_by,true
44350,tr:district:malatya:yazhan,served_by,true
44370,tr:district:malatya:kale,served_by,true
44400,tr:district:malatya:hekimhan,served_by,true
44410,tr:district:malatya:hekimhan,served_by,true
44420,tr:district:malatya:hekimhan,served_by,true
44430,tr:district:malatya:hekimhan,served_by,true
44500,tr:district:malatya:dogansehir,served_by,true
44510,tr:district:malatya:dogansehir,served_by,true
44520,tr:district:malatya:dogansehir,served_by,true
44530,tr:district:malatya:dogansehir,served_by,true
44540,tr:district:malatya:dogansehir,served_by,true
44600,tr:district:malatya:akcadag,served_by,true
44700,tr:district:malatya:darende,served_by,true
44705,tr:district:malatya:darende,served_by,true
44710,tr:district:malatya:darende,served_by,true
44720,tr:district:malatya:darende,served_by,true
44730,tr:district:malatya:darende,served_by,true
44740,tr:district:malatya:darende,served_by,true
44750,tr:district:malatya:darende,served_by,true
44760,tr:district:malatya:kuluncak,served_by,true
44800,tr:district:malatya:arapgir,served_by,true
44850,tr:district:malatya:puturge,served_by,true
44880,tr:district:malatya:doganyol,served_by,true
44900,tr:district:malatya:yesilyurt,served_by,true
44910,tr:district:malatya:yesilyurt,served_by,true
44915,tr:district:malatya:yesilyurt,served_by,true
44920,tr:district:malatya:yesilyurt,served_by,true
44960,tr:district:malatya:arguvan,served_by,true
45000,tr:district:manisa:sehzadeler,served_by,true
45010,tr:district:manisa:sehzadeler,served_by,true
45020,tr:district:manisa:sehzadeler,served_by,true
45030,tr:district:manisa:yunusemre,served_by,true
45040,tr:district:manisa:sehzadeler,served_by,true
45060,tr:district:manisa:sehzadeler,served_by,true
45070,tr:district:manisa:sehzadeler,served_by,true
45072,tr:district:manisa:sehzadeler,served_by,true
45080,tr:district:manisa:sehzadeler,served_by,true
45090,tr:district:manisa:sehzadeler,served_by,true
45110,tr:district:manisa:yunusemre,served_by,true
45120,tr:district:manisa:yunusemre,served_by,true
45125,tr:district:manisa:yunusemre,served_by,true
45140,tr:district:manisa:yunusemre,served_by,true
45150,tr:district:manisa:yunusemre,served_by,true
45170,tr:district:manisa:kula,served_by,true
45180,tr:district:manisa:kula,served_by,true
45200,tr:district:manisa:akhisar,served_by,true
45215,tr:district:manisa:akhisar,served_by,true
45230,tr:district:manisa:akhisar,served_by,true
45240,tr:district:manisa:akhisar,served_by,true
45250,tr:district:manisa:akhisar,served_by,true
45260,tr:district:manisa:akhisar,served_by,true
45280,tr:district:manisa:akhisar,served_by,true
45300,tr:district:manisa:salihli,served_by,true
45310,tr:district:manisa:salihli,served_by,true
45320,tr:district:manisa:salihli,served_by,true
45325,tr:district:manisa:salihli,served_by,true
45330,tr:district:manisa:salihli,served_by,true
45340,tr:district:manisa:salihli,served_by,true
45350,tr:district:manisa:salihli,served_by,true
45370,tr:district:manisa:salihli,served_by,true
45400,tr:district:manisa:turgutlu,served_by,true
45420,tr:district:manisa:turgutlu,served_by,true
45450,tr:district:manisa:ahmetli,served_by,true
45470,tr:district:manisa:sargol,served_by,true
45500,tr:district:manisa:soma,served_by,true
45510,tr:district:manisa:soma,served_by,true
45520,tr:district:manisa:soma,served_by,true
45530,tr:district:manisa:soma,served_by,true
45540,tr:district:manisa:soma,served_by,true
45560,tr:district:manisa:akhisar,served_by,true
45580,tr:district:manisa:golmarmara,served_by,true
45600,tr:district:manisa:alasehir,served_by,true
45610,tr:district:manisa:alasehir,served_by,true
45615,tr:district:manisa:alasehir,served_by,true
45620,tr:district:manisa:alasehir,served_by,true
45630,tr:district:manisa:alasehir,served_by,true
45650,tr:district:manisa:alasehir,served_by,true
45660,tr:district:manisa:alasehir,served_by,true
45700,tr:district:manisa:krkagac,served_by,true
45707,tr:district:manisa:krkagac,served_by,true
45720,tr:district:manisa:krkagac,served_by,true
45730,tr:district:manisa:krkagac,served_by,true
45740,tr:district:manisa:krkagac,served_by,true
45750,tr:district:manisa:gordes,served_by,true
45760,tr:district:manisa:gordes,served_by,true
45770,tr:district:manisa:gordes,served_by,true
45800,tr:district:manisa:saruhanl,served_by,true
45804,tr:district:manisa:saruhanl,served_by,true
45805,tr:district:manisa:saruhanl,served_by,true
45810,tr:district:manisa:saruhanl,served_by,true
45815,tr:district:manisa:saruhanl,served_by,true
45820,tr:district:manisa:saruhanl,served_by,true
45830,tr:district:manisa:saruhanl,served_by,true
45835,tr:district:manisa:saruhanl,served_by,true
45840,tr:district:manisa:saruhanl,served_by,true
45850,tr:district:manisa:saruhanl,served_by,true
45860,tr:district:manisa:saruhanl,served_by,true
45870,tr:district:manisa:saruhanl,served_by,true
45880,tr:district:manisa:saruhanl,served_by,true
45890,tr:district:manisa:saruhanl,served_by,true
45900,tr:district:manisa:demirci,served_by,true
45930,tr:district:manisa:koprubas,served_by,true
45940,tr:district:manisa:koprubas,served_by,true
45970,tr:district:manisa:selendi,served_by,true
46000,tr:district:kahramanmaras:onikisubat,served_by,true
46030,tr:district:kahramanmaras:dulkadiroglu,served_by,true
46040,tr:district:kahramanmaras:onikisubat,served_by,true
46050,tr:district:kahramanmaras:onikisubat,served_by,true
46080,tr:district:kahramanmaras:dulkadiroglu,served_by,true
46090,tr:district:kahramanmaras:dulkadiroglu,served_by,true
46100,tr:district:kahramanmaras:dulkadiroglu,served_by,true
46110,tr:district:kahramanmaras:onikisubat,served_by,true
46120,tr:district:kahramanmaras:onikisubat,served_by,true
46130,tr:district:kahramanmaras:dulkadiroglu,served_by,true
46140,tr:district:kahramanmaras:onikisubat,served_by,true
46145,tr:district:kahramanmaras:onikisubat,served_by,true
46150,tr:district:kahramanmaras:onikisubat,served_by,true
46160,tr:district:kahramanmaras:onikisubat,served_by,true
46170,tr:district:kahramanmaras:onikisubat,served_by,true
46180,tr:district:kahramanmaras:onikisubat,served_by,true
46185,tr:district:kahramanmaras:onikisubat,served_by,true
46190,tr:district:kahramanmaras:onikisubat,served_by,true
46200,tr:district:kahramanmaras:dulkadiroglu,served_by,true
46216,tr:district:kahramanmaras:onikisubat,served_by,true
46266,tr:district:kahramanmaras:onikisubat,served_by,true
46300,tr:district:kahramanmaras:elbistan,served_by,true
46320,tr:district:kahramanmaras:elbistan,served_by,true
46328,tr:district:kahramanmaras:elbistan,served_by,true
46330,tr:district:kahramanmaras:elbistan,served_by,true
46340,tr:district:kahramanmaras:elbistan,served_by,true
46350,tr:district:kahramanmaras:elbistan,served_by,true
46357,tr:district:kahramanmaras:elbistan,served_by,true
46360,tr:district:kahramanmaras:ekinozu,served_by,true
46370,tr:district:kahramanmaras:nurhak,served_by,true
46371,tr:district:kahramanmaras:nurhak,served_by,true
46372,tr:district:kahramanmaras:nurhak,served_by,true
46373,tr:district:kahramanmaras:nurhak,served_by,true
46376,tr:district:kahramanmaras:elbistan,served_by,true
46380,tr:district:kahramanmaras:elbistan,served_by,true
46390,tr:district:kahramanmaras:elbistan,served_by,true
46400,tr:district:kahramanmaras:andrn,served_by,true
46410,tr:district:kahramanmaras:andrn,served_by,true
46420,tr:district:kahramanmaras:andrn,served_by,true
46430,tr:district:kahramanmaras:andrn,served_by,true
46500,tr:district:kahramanmaras:afsin,served_by,true
46540,tr:district:kahramanmaras:afsin,served_by,true
46550,tr:district:kahramanmaras:afsin,served_by,true
46556,tr:district:kahramanmaras:afsin,served_by,true
46566,tr:district:kahramanmaras:afsin,served_by,true
46567,tr:district:kahramanmaras:afsin,served_by,true
46570,tr:district:kahramanmaras:afsin,served_by,true
46576,tr:district:kahramanmaras:afsin,served_by,true
46577,tr:district:kahramanmaras:afsin,served_by,true
46580,tr:district:kahramanmaras:afsin,served_by,true
46600,tr:district:kahramanmaras:goksun,served_by,true
46610,tr:district:kahramanmaras:goksun,served_by,true
46620,tr:district:kahramanmaras:goksun,served_by,true
46630,tr:district:kahramanmaras:goksun,served_by,true
46640,tr:district:kahramanmaras:goksun,served_by,true
46650,tr:district:kahramanmaras:goksun,served_by,true
46660,tr:district:kahramanmaras:goksun,served_by,true
46670,tr:district:kahramanmaras:goksun,served_by,true
46700,tr:district:kahramanmaras:pazarck,served_by,true
46710,tr:district:kahramanmaras:pazarck,served_by,true
46720,tr:district:kahramanmaras:caglayancerit,served_by,true
46730,tr:district:kahramanmaras:pazarck,served_by,true
46750,tr:district:kahramanmaras:pazarck,served_by,true
46760,tr:district:kahramanmaras:pazarck,served_by,true
46770,tr:district:kahramanmaras:caglayancerit,served_by,true
46780,tr:district:kahramanmaras:caglayancerit,served_by,true
46800,tr:district:kahramanmaras:turkoglu,served_by,true
46810,tr:district:kahramanmaras:turkoglu,served_by,true
46820,tr:district:kahramanmaras:turkoglu,served_by,true
46830,tr:district:kahramanmaras:turkoglu,served_by,true
46840,tr:district:kahramanmaras:turkoglu,served_by,true
47060,tr:district:mardin:artuklu,served_by,true
47080,tr:district:mardin:artuklu,served_by,true
47100,tr:district:mardin:artuklu,served_by,true
47200,tr:district:mardin:artuklu,served_by,true
47300,tr:district:mardin:nusaybin,served_by,true
47320,tr:district:mardin:nusaybin,served_by,true
47400,tr:district:mardin:kzltepe,served_by,true
47420,tr:district:mardin:artuklu,served_by,true
47440,tr:district:mardin:kzltepe,served_by,true
47460,tr:district:mardin:kzltepe,served_by,true
47465,tr:district:mardin:kzltepe,served_by,true
47500,tr:district:mardin:midyat,served_by,true
47510,tr:district:mardin:midyat,served_by,true
47520,tr:district:mardin:midyat,served_by,true
47530,tr:district:mardin:midyat,served_by,true
47535,tr:district:mardin:midyat,served_by,true
47545,tr:district:mardin:midyat,served_by,true
47547,tr:district:mardin:midyat,served_by,true
47570,tr:district:mardin:omerli,served_by,true
47650,tr:district:mardin:yesilli,served_by,true
47700,tr:district:mardin:mazdag,served_by,true
47750,tr:district:mardin:dargecit,served_by,true
47800,tr:district:mardin:derik,served_by,true
47860,tr:district:mardin:savur,served_by,true
47880,tr:district:mardin:savur,served_by,true
48000,tr:district:mugla:mentese,served_by,true
48040,tr:district:mugla:mentese,served_by,true
48070,tr:district:mugla:mentese,served_by,true
48100,tr:district:mugla:mentese,served_by,true
48183,tr:district:mugla:mentese,served_by,true
48200,tr:district:mugla:milas,served_by,true
48210,tr:district:mugla:milas,served_by,true
48220,tr:district:mugla:milas,served_by,true
48230,tr:district:mugla:milas,served_by,true
48277,tr:district:mugla:milas,served_by,true
48300,tr:district:mugla:fethiye,served_by,true
48303,tr:district:mugla:fethiye,served_by,true
48310,tr:district:mugla:fethiye,served_by,true
48330,tr:district:mugla:fethiye,served_by,true
48340,tr:district:mugla:fethiye,served_by,true
48350,tr:district:mugla:fethiye,served_by,true
48360,tr:district:mugla:seydikemer,served_by,true
48363,tr:district:mugla:seydikemer,served_by,true
48370,tr:district:mugla:seydikemer,served_by,true
48375,tr:district:mugla:fethiye,served_by,true
48400,tr:district:mugla:bodrum,served_by,true
48401,tr:district:mugla:bodrum,served_by,true
48420,tr:district:mugla:bodrum,served_by,true
48440,tr:district:mugla:bodrum,served_by,true
48450,tr:district:mugla:bodrum,served_by,true
48470,tr:district:mugla:bodrum,served_by,true
48480,tr:district:mugla:bodrum,served_by,true
48483,tr:district:mugla:bodrum,served_by,true
48500,tr:district:mugla:yatagan,served_by,true
48510,tr:district:mugla:yatagan,served_by,true
48514,tr:district:mugla:yatagan,served_by,true
48516,tr:district:mugla:yatagan,served_by,true
48533,tr:district:mugla:kavakldere,served_by,true
48540,tr:district:mugla:yatagan,served_by,true
48550,tr:district:mugla:yatagan,served_by,true
48570,tr:district:mugla:kavakldere,served_by,true
48580,tr:district:mugla:kavakldere,served_by,true
48585,tr:district:mugla:kavakldere,served_by,true
48600,tr:district:mugla:ortaca,served_by,true
48640,tr:district:mugla:ula,served_by,true
48650,tr:district:mugla:ula,served_by,true
48660,tr:district:mugla:ula,served_by,true
48670,tr:district:mugla:milas,served_by,true
48700,tr:district:mugla:marmaris,served_by,true
48704,tr:district:mugla:marmaris,served_by,true
48706,tr:district:mugla:marmaris,served_by,true
48710,tr:district:mugla:marmaris,served_by,true
48720,tr:district:mugla:marmaris,served_by,true
48740,tr:district:mugla:marmaris,served_by,true
48770,tr:district:mugla:dalaman,served_by,true
48800,tr:district:mugla:koycegiz,served_by,true
48803,tr:district:mugla:koycegiz,served_by,true
48804,tr:district:mugla:koycegiz,served_by,true
48840,tr:district:mugla:ortaca,served_by,true
48850,tr:district:mugla:seydikemer,served_by,true
48860,tr:district:mugla:seydikemer,served_by,true
48870,tr:district:mugla:seydikemer,served_by,true
48900,tr:district:mugla:datca,served_by,true
48960,tr:district:mugla:bodrum,served_by,true
48965,tr:district:mugla:bodrum,served_by,true
48970,tr:district:mugla:bodrum,served_by,true
48990,tr:district:mugla:bodrum,served_by,true
49090,tr:district:mus:merkez,served_by,true
49100,tr:district:mus:merkez,served_by,true
49120,tr:district:mus:merkez,served_by,true
49150,tr:district:mus:merkez,served_by,true
49160,tr:district:mus:merkez,served_by,true
49200,tr:district:mus:merkez,served_by,true
49240,tr:district:mus:merkez,served_by,true
49250,tr:district:mus:merkez,served_by,true
49300,tr:district:mus:merkez,served_by,true
49400,tr:district:mus:malazgirt,served_by,true
49420,tr:district:mus:malazgirt,served_by,true
49500,tr:district:mus:bulank,served_by,true
49510,tr:district:mus:bulank,served_by,true
49530,tr:district:mus:bulank,served_by,true
49540,tr:district:mus:bulank,served_by,true
49600,tr:district:mus:varto,served_by,true
49610,tr:district:mus:varto,served_by,true
49620,tr:district:mus:varto,served_by,true
49700,tr:district:mus:haskoy,served_by,true
49730,tr:district:mus:korkut,served_by,true
49800,tr:district:mus:korkut,served_by,true
50000,tr:district:nevsehir:merkez,served_by,true
50040,tr:district:nevsehir:merkez,served_by,true
50100,tr:district:nevsehir:merkez,served_by,true
50130,tr:district:nevsehir:merkez,served_by,true
50140,tr:district:nevsehir:acgol,served_by,true
50160,tr:district:nevsehir:merkez,served_by,true
50170,tr:district:nevsehir:merkez,served_by,true
50180,tr:district:nevsehir:merkez,served_by,true
50200,tr:district:nevsehir:merkez,served_by,true
50210,tr:district:nevsehir:merkez,served_by,true
50220,tr:district:nevsehir:merkez,served_by,true
50230,tr:district:nevsehir:acgol,served_by,true
50240,tr:district:nevsehir:merkez,served_by,true
50260,tr:district:nevsehir:acgol,served_by,true
50300,tr:district:nevsehir:merkez,served_by,true
50350,tr:district:nevsehir:urgup,served_by,true
50400,tr:district:nevsehir:urgup,served_by,true
50500,tr:district:nevsehir:avanos,served_by,true
50530,tr:district:nevsehir:avanos,served_by,true
50600,tr:district:nevsehir:kozakl,served_by,true
50650,tr:district:nevsehir:urgup,served_by,true
50700,tr:district:nevsehir:derinkuyu,served_by,true
50706,tr:district:nevsehir:derinkuyu,served_by,true
50760,tr:district:nevsehir:derinkuyu,served_by,true
50800,tr:district:nevsehir:hacbektas,served_by,true
50840,tr:district:nevsehir:avanos,served_by,true
50860,tr:district:nevsehir:avanos,served_by,true
50900,tr:district:nevsehir:gulsehir,served_by,true
51000,tr:district:nigde:merkez,served_by,true
51010,tr:district:nigde:merkez,served_by,true
51030,tr:district:nigde:merkez,served_by,true
51040,tr:district:nigde:merkez,served_by,true
51070,tr:district:nigde:merkez,served_by,true
51080,tr:district:nigde:merkez,served_by,true
51085,tr:district:nigde:merkez,served_by,true
51100,tr:district:nigde:merkez,served_by,true
51110,tr:district:nigde:merkez,served_by,true
51200,tr:district:nigde:merkez,served_by,true
51280,tr:district:nigde:merkez,served_by,true
51600,tr:district:nigde:altunhisar,served_by,true
51603,tr:district:nigde:altunhisar,served_by,true
51604,tr:district:nigde:altunhisar,served_by,true
51660,tr:district:nigde:camard,served_by,true
51700,tr:district:nigde:bor,served_by,true
51710,tr:district:nigde:bor,served_by,true
51720,tr:district:nigde:bor,served_by,true
51730,tr:district:nigde:bor,served_by,true
51800,tr:district:nigde:ciftlik,served_by,true
51810,tr:district:nigde:ciftlik,served_by,true
51815,tr:district:nigde:ciftlik,served_by,true
51816,tr:district:nigde:ciftlik,served_by,true
51900,tr:district:nigde:uluksla,served_by,true
52000,tr:district:ordu:altnordu,served_by,true
52010,tr:district:ordu:gulyal,served_by,true
52020,tr:district:ordu:kabaduz,served_by,true
52100,tr:district:ordu:altnordu,served_by,true
52200,tr:district:ordu:altnordu,served_by,true
52300,tr:district:ordu:unye,served_by,true
52310,tr:district:ordu:caybas,served_by,true
52320,tr:district:ordu:ikizce,served_by,true
52330,tr:district:ordu:unye,served_by,true
52340,tr:district:ordu:caybas,served_by,true
52350,tr:district:ordu:unye,served_by,true
52400,tr:district:ordu:fatsa,served_by,true
52410,tr:district:ordu:fatsa,served_by,true
52420,tr:district:ordu:catalpnar,served_by,true
52430,tr:district:ordu:camas,served_by,true
52440,tr:district:ordu:fatsa,served_by,true
52460,tr:district:ordu:fatsa,served_by,true
52500,tr:district:ordu:aybast,served_by,true
52510,tr:district:ordu:kabatas,served_by,true
52520,tr:district:ordu:kabatas,served_by,true
52600,tr:district:ordu:golkoy,served_by,true
52610,tr:district:ordu:gurgentepe,served_by,true
52700,tr:district:ordu:korgan,served_by,true
52710,tr:district:ordu:korgan,served_by,true
52750,tr:district:ordu:persembe,served_by,true
52760,tr:district:ordu:persembe,served_by,true
52800,tr:district:ordu:kumru,served_by,true
52850,tr:district:ordu:ulubey,served_by,true
52900,tr:district:ordu:mesudiye,served_by,true
52950,tr:district:ordu:akkus,served_by,true
52960,tr:district:ordu:akkus,served_by,true
53020,tr:district:rize:merkez,served_by,true
53200,tr:district:rize:cayeli,served_by,true
53210,tr:district:rize:cayeli,served_by,true
53220,tr:district:rize:cayeli,served_by,true
53260,tr:district:rize:cayeli,served_by,true
53270,tr:district:rize:cayeli,served_by,true
53300,tr:district:rize:pazar,served_by,true
53340,tr:district:rize:pazar,served_by,true
53350,tr:district:rize:guneysu,served_by,true
53390,tr:district:rize:guneysu,served_by,true
53400,tr:district:rize:ardesen,served_by,true
53480,tr:district:rize:ardesen,served_by,true
53490,tr:district:rize:ardesen,served_by,true
53500,tr:district:rize:kalkandere,served_by,true
53540,tr:district:rize:kalkandere,served_by,true
53550,tr:district:rize:hemsin,served_by,true
53560,tr:district:rize:hemsin,served_by,true
53600,tr:district:rize:iyidere,served_by,true
53610,tr:district:rize:iyidere,served_by,true
53620,tr:district:rize:iyidere,served_by,true
53650,tr:district:rize:ikizdere,served_by,true
53690,tr:district:rize:ikizdere,served_by,true
53700,tr:district:rize:fndkl,served_by,true
53740,tr:district:rize:fndkl,served_by,true
53750,tr:district:rize:camlhemsin,served_by,true
53780,tr:district:rize:camlhemsin,served_by,true
53800,tr:district:rize:merkez,served_by,true
53870,tr:district:rize:merkez,served_by,true
53900,tr:district:rize:derepazar,served_by,true
53940,tr:district:rize:derepazar,served_by,true
53950,tr:district:rize:merkez,served_by,true
54050,tr:district:sakarya:serdivan,served_by,true
54055,tr:district:sakarya:serdivan,served_by,true
54100,tr:district:sakarya:adapazar,served_by,true
54110,tr:district:sakarya:ferizli,served_by,true
54130,tr:district:sakarya:serdivan,served_by,true
54150,tr:district:sakarya:ferizli,served_by,true
54160,tr:district:sakarya:sogutlu,served_by,true
54200,tr:district:sakarya:erenler,served_by,true
54210,tr:district:sakarya:ferizli,served_by,true
54290,tr:district:sakarya:adapazar,served_by,true
54300,tr:district:sakarya:hendek,served_by,true
54400,tr:district:sakarya:akyaz,served_by,true
54405,tr:district:sakarya:akyaz,served_by,true
54420,tr:district:sakarya:akyaz,served_by,true
54430,tr:district:sakarya:karapurcek,served_by,true
54500,tr:district:sakarya:karasu,served_by,true
54540,tr:district:sakarya:karasu,served_by,true
54580,tr:district:sakarya:arifiye,served_by,true
54590,tr:district:sakarya:arifiye,served_by,true
54600,tr:district:sakarya:sapanca,served_by,true
54650,tr:district:sakarya:kaynarca,served_by,true
54680,tr:district:sakarya:kaynarca,served_by,true
54700,tr:district:sakarya:geyve,served_by,true
54750,tr:district:sakarya:tarakl,served_by,true
54800,tr:district:sakarya:kocaali,served_by,true
54900,tr:district:sakarya:pamukova,served_by,true
54950,tr:district:sakarya:geyve,served_by,true
55000,tr:district:samsun:ilkadm,served_by,true
55020,tr:district:samsun:ilkadm,served_by,true
55030,tr:district:samsun:ilkadm,served_by,true
55040,tr:district:samsun:ilkadm,served_by,true
55050,tr:district:samsun:ilkadm,served_by,true
55060,tr:district:samsun:ilkadm,served_by,true
55070,tr:district:samsun:ilkadm,served_by,true
55080,tr:district:samsun:canik,served_by,true
55090,tr:district:samsun:ilkadm,served_by,true
55100,tr:district:samsun:ilkadm,served_by,true
55200,tr:district:samsun:atakum,served_by,true
55270,tr:district:samsun:atakum,served_by,true
55300,tr:district:samsun:tekkekoy,served_by,true
55310,tr:district:samsun:tekkekoy,served_by,true
55320,tr:district:samsun:tekkekoy,served_by,true
55330,tr:district:samsun:tekkekoy,served_by,true
55400,tr:district:samsun:bafra,served_by,true
55420,tr:district:samsun:19-mays,served_by,true
55421,tr:district:samsun:19-mays,served_by,true
55430,tr:district:samsun:bafra,served_by,true
55431,tr:district:samsun:19-mays,served_by,true
55440,tr:district:samsun:bafra,served_by,true
55500,tr:district:samsun:carsamba,served_by,true
55506,tr:district:samsun:carsamba,served_by,true
55507,tr:district:samsun:carsamba,served_by,true
55510,tr:district:samsun:carsamba,served_by,true
55515,tr:district:samsun:carsamba,served_by,true
55530,tr:district:samsun:salpazar,served_by,true
55530,tr:district:samsun:tekkekoy,served_by,false
55550,tr:district:samsun:ayvack,served_by,true
55600,tr:district:samsun:terme,served_by,true
55700,tr:district:samsun:havza,served_by,true
55702,tr:district:samsun:havza,served_by,true
55715,tr:district:samsun:havza,served_by,true
55760,tr:district:samsun:ladik,served_by,true
55800,tr:district:samsun:alacam,served_by,true
55810,tr:district:samsun:yakakent,served_by,true
55850,tr:district:samsun:kavak,served_by,true
55860,tr:district:samsun:asarck,served_by,true
55900,tr:district:samsun:vezirkopru,served_by,true
56100,tr:district:siirt:merkez,served_by,true
56210,tr:district:siirt:merkez,served_by,true
56220,tr:district:siirt:merkez,served_by,true
56460,tr:district:siirt:baykan,served_by,true
56470,tr:district:siirt:baykan,served_by,true
56500,tr:district:siirt:kurtalan,served_by,true
56540,tr:district:siirt:kurtalan,served_by,true
56700,tr:district:siirt:pervari,served_by,true
56760,tr:district:siirt:sirvan,served_by,true
56800,tr:district:siirt:eruh,served_by,true
56870,tr:district:siirt:tillo,served_by,true
57000,tr:district:sinop:merkez,served_by,true
57200,tr:district:sinop:boyabat,served_by,true
57300,tr:district:sinop:sarayduzu,served_by,true
57400,tr:district:sinop:ayanck,served_by,true
57600,tr:district:sinop:gerze,served_by,true
57660,tr:district:sinop:dikmen,served_by,true
57700,tr:district:sinop:duragan,served_by,true
57800,tr:district:sinop:erfelek,served_by,true
57900,tr:district:sinop:turkeli,served_by,true
58000,tr:district:sivas:merkez,served_by,true
58010,tr:district:sivas:merkez,served_by,true
58020,tr:district:sivas:merkez,served_by,true
58030,tr:district:sivas:merkez,served_by,true
58040,tr:district:sivas:merkez,served_by,true
58050,tr:district:sivas:merkez,served_by,true
58060,tr:district:sivas:merkez,served_by,true
58070,tr:district:sivas:merkez,served_by,true
58080,tr:district:sivas:merkez,served_by,true
58140,tr:district:sivas:merkez,served_by,true
58300,tr:district:sivas:divrigi,served_by,true
58380,tr:district:sivas:ulas,served_by,true
58400,tr:district:sivas:sarksla,served_by,true
58430,tr:district:sivas:sarksla,served_by,true
58470,tr:district:sivas:altnyayla,served_by,true
58500,tr:district:sivas:yldzeli,served_by,true
58520,tr:district:sivas:yldzeli,served_by,true
58525,tr:district:sivas:yldzeli,served_by,true
58550,tr:district:sivas:aknclar,served_by,true
58580,tr:district:sivas:gemerek,served_by,true
58600,tr:district:sivas:susehri,served_by,true
58640,tr:district:sivas:golova,served_by,true
58660,tr:district:sivas:koyulhisar,served_by,true
58700,tr:district:sivas:zara,served_by,true
58760,tr:district:sivas:hafik,served_by,true
58780,tr:district:sivas:dogansar,served_by,true
58800,tr:district:sivas:gurun,served_by,true
58840,tr:district:sivas:gemerek,served_by,true
58880,tr:district:sivas:gemerek,served_by,true
58900,tr:district:sivas:kangal,served_by,true
58980,tr:district:sivas:imranl,served_by,true
59000,tr:district:tekirdag:suleymanpasa,served_by,true
59010,tr:district:tekirdag:suleymanpasa,served_by,true
59020,tr:district:tekirdag:suleymanpasa,served_by,true
59030,tr:district:tekirdag:suleymanpasa,served_by,true
59050,tr:district:tekirdag:suleymanpasa,served_by,true
59060,tr:district:tekirdag:suleymanpasa,served_by,true
59100,tr:district:tekirdag:suleymanpasa,served_by,true
59200,tr:district:tekirdag:suleymanpasa,served_by,true
59300,tr:district:tekirdag:malkara,served_by,true
59310,tr:district:tekirdag:malkara,served_by,true
59315,tr:district:tekirdag:malkara,served_by,true
59320,tr:district:tekirdag:malkara,served_by,true
59400,tr:district:tekirdag:hayrabolu,served_by,true
59410,tr:district:tekirdag:hayrabolu,served_by,true
59500,tr:district:tekirdag:cerkezkoy,served_by,true
59510,tr:district:tekirdag:kapakl,served_by,true
59520,tr:district:tekirdag:kapakl,served_by,true
59530,tr:district:tekirdag:cerkezkoy,served_by,true
59560,tr:district:tekirdag:sarkoy,served_by,true
59570,tr:district:tekirdag:sarkoy,served_by,true
59600,tr:district:tekirdag:saray,served_by,true
59610,tr:district:tekirdag:saray,served_by,true
59700,tr:district:tekirdag:muratl,served_by,true
59740,tr:district:tekirdag:marmaraereglisi,served_by,true
59750,tr:district:tekirdag:marmaraereglisi,served_by,true
59760,tr:district:tekirdag:marmaraereglisi,served_by,true
59800,tr:district:tekirdag:sarkoy,served_by,true
59850,tr:district:tekirdag:corlu,served_by,true
59860,tr:district:tekirdag:corlu,served_by,true
59870,tr:district:tekirdag:ergene,served_by,true
59880,tr:district:tekirdag:ergene,served_by,true
59930,tr:district:tekirdag:ergene,served_by,true
59950,tr:district:tekirdag:ergene,served_by,true
60000,tr:district:tokat:merkez,served_by,true
60030,tr:district:tokat:merkez,served_by,true
60100,tr:district:tokat:merkez,served_by,true
60200,tr:district:tokat:merkez,served_by,true
60230,tr:district:tokat:merkez,served_by,true
60235,tr:district:tokat:merkez,served_by,true
60240,tr:district:tokat:merkez,served_by,true
60255,tr:district:tokat:merkez,served_by,true
60300,tr:district:tokat:turhal,served_by,true
60320,tr:district:tokat:turhal,served_by,true
60400,tr:district:tokat:zile,served_by,true
60500,tr:district:tokat:erbaa,served_by,true
60515,tr:district:tokat:erbaa,served_by,true
60525,tr:district:tokat:erbaa,served_by,true
60540,tr:district:tokat:erbaa,served_by,true
60600,tr:district:tokat:niksar,served_by,true
60620,tr:district:tokat:basciftlik,served_by,true
60625,tr:district:tokat:basciftlik,served_by,true
60630,tr:district:tokat:niksar,served_by,true
60640,tr:district:tokat:niksar,served_by,true
60645,tr:district:tokat:niksar,served_by,true
60650,tr:district:tokat:niksar,served_by,true
60670,tr:district:tokat:artova,served_by,true
60700,tr:district:tokat:resadiye,served_by,true
60710,tr:district:tokat:resadiye,served_by,true
60715,tr:district:tokat:resadiye,served_by,true
60720,tr:district:tokat:resadiye,served_by,true
60730,tr:district:tokat:resadiye,served_by,true
60740,tr:district:tokat:resadiye,served_by,true
60800,tr:district:tokat:pazar,served_by,true
60820,tr:district:tokat:pazar,served_by,true
60860,tr:district:tokat:yesilyurt,served_by,true
60870,tr:district:tokat:sulusaray,served_by,true
60900,tr:district:tokat:almus,served_by,true
60915,tr:district:tokat:almus,served_by,true
60930,tr:district:tokat:almus,served_by,true
60940,tr:district:tokat:almus,served_by,true
60950,tr:district:tokat:almus,served_by,true
61000,tr:district:trabzon:ortahisar,served_by,true
61010,tr:district:trabzon:ortahisar,served_by,true
61030,tr:district:trabzon:ortahisar,served_by,true
61040,tr:district:trabzon:ortahisar,served_by,true
61080,tr:district:trabzon:ortahisar,served_by,true
61100,tr:district:trabzon:ortahisar,served_by,true
61170,tr:district:trabzon:akcaabat,served_by,true
61180,tr:district:trabzon:ortahisar,served_by,true
61195,tr:district:trabzon:ortahisar,served_by,true
61200,tr:district:trabzon:ortahisar,served_by,true
61220,tr:district:trabzon:ortahisar,served_by,true
61230,tr:district:trabzon:akcaabat,served_by,true
61250,tr:district:trabzon:yomra,served_by,true
61270,tr:district:trabzon:yomra,served_by,true
61280,tr:district:trabzon:yomra,served_by,true
61290,tr:district:trabzon:yomra,served_by,true
61300,tr:district:trabzon:akcaabat,served_by,true
61310,tr:district:trabzon:akcaabat,served_by,true
61380,tr:district:trabzon:duzkoy,served_by,true
61390,tr:district:trabzon:duzkoy,served_by,true
61400,tr:district:trabzon:vakfkebir,served_by,true
61410,tr:district:trabzon:vakfkebir,served_by,true
61420,tr:district:trabzon:carsbas,served_by,true
61450,tr:district:trabzon:hayrat,served_by,true
61470,tr:district:trabzon:hayrat,served_by,true
61500,tr:district:trabzon:tonya,served_by,true
61510,tr:district:trabzon:tonya,served_by,true
61530,tr:district:trabzon:surmene,served_by,true
61560,tr:district:trabzon:of,served_by,true
61570,tr:district:trabzon:of,served_by,true
61580,tr:district:trabzon:of,served_by,true
61585,tr:district:trabzon:of,served_by,true
61600,tr:district:trabzon:surmene,served_by,true
61630,tr:district:trabzon:koprubas,served_by,true
61670,tr:district:trabzon:salpazar,served_by,true
61700,tr:district:trabzon:arakl,served_by,true
61720,tr:district:trabzon:arakl,served_by,true
61750,tr:district:trabzon:macka,served_by,true
61770,tr:district:trabzon:macka,served_by,true
61800,tr:district:trabzon:besikduzu,served_by,true
61820,tr:district:trabzon:besikduzu,served_by,true
61827,tr:district:trabzon:besikduzu,served_by,true
61830,tr:district:trabzon:of,served_by,true
61850,tr:district:trabzon:of,served_by,true
61900,tr:district:trabzon:arsin,served_by,true
61910,tr:district:trabzon:arsin,served_by,true
61915,tr:district:trabzon:arsin,served_by,true
61930,tr:district:trabzon:arsin,served_by,true
61940,tr:district:trabzon:caykara,served_by,true
61950,tr:district:trabzon:dernekpazar,served_by,true
62000,tr:district:tunceli:merkez,served_by,true
62400,tr:district:tunceli:hozat,served_by,true
62500,tr:district:tunceli:pertek,served_by,true
62600,tr:district:tunceli:cemisgezek,served_by,true
62700,tr:district:tunceli:pulumur,served_by,true
62710,tr:district:tunceli:pulumur,served_by,true
62800,tr:district:tunceli:mazgirt,served_by,true
62900,tr:district:tunceli:ovack,served_by,true
62950,tr:district:tunceli:nazmiye,served_by,true
63000,tr:district:sanlurfa:eyyubiye,served_by,true
63040,tr:district:sanlurfa:haliliye,served_by,true
63050,tr:district:sanlurfa:haliliye,served_by,true
63100,tr:district:sanlurfa:haliliye,served_by,true
63200,tr:district:sanlurfa:eyyubiye,served_by,true
63210,tr:district:sanlurfa:eyyubiye,served_by,true
63250,tr:district:sanlurfa:eyyubiye,served_by,true
63290,tr:district:sanlurfa:haliliye,served_by,true
63300,tr:district:sanlurfa:haliliye,served_by,true
63310,tr:district:sanlurfa:haliliye,served_by,true
63320,tr:district:sanlurfa:karakopru,served_by,true
63330,tr:district:sanlurfa:karakopru,served_by,true
63340,tr:district:sanlurfa:karakopru,served_by,true
63400,tr:district:sanlurfa:birecik,served_by,true
63420,tr:district:sanlurfa:birecik,served_by,true
63500,tr:district:sanlurfa:akcakale,served_by,true
63510,tr:district:sanlurfa:harran,served_by,true
63570,tr:district:sanlurfa:ceylanpnar,served_by,true
63600,tr:district:sanlurfa:siverek,served_by,true
63614,tr:district:sanlurfa:siverek,served_by,true
63615,tr:district:sanlurfa:siverek,served_by,true
63700,tr:district:sanlurfa:viransehir,served_by,true
63800,tr:district:sanlurfa:suruc,served_by,true
63820,tr:district:sanlurfa:suruc,served_by,true
63850,tr:district:sanlurfa:bozova,served_by,true
63900,tr:district:sanlurfa:hilvan,served_by,true
63950,tr:district:sanlurfa:halfeti,served_by,true
63970,tr:district:sanlurfa:halfeti,served_by,true
63986,tr:district:sanlurfa:halfeti,served_by,true
64000,tr:district:usak:merkez,served_by,true
64100,tr:district:usak:merkez,served_by,true
64200,tr:district:usak:merkez,served_by,true
64300,tr:district:usak:merkez,served_by,true
64400,tr:district:usak:merkez,served_by,true
64420,tr:district:usak:merkez,served_by,true
64500,tr:district:usak:banaz,served_by,true
64520,tr:district:usak:banaz,served_by,true
64600,tr:district:usak:esme,served_by,true
64610,tr:district:usak:esme,served_by,true
64700,tr:district:usak:karahall,served_by,true
64800,tr:district:usak:sivasl,served_by,true
64820,tr:district:usak:sivasl,served_by,true
64830,tr:district:usak:sivasl,served_by,true
64840,tr:district:usak:sivasl,served_by,true
64900,tr:district:usak:ulubey,served_by,true
65030,tr:district:van:tusba,served_by,true
65040,tr:district:van:tusba,served_by,true
65090,tr:district:van:tusba,served_by,true
65100,tr:district:van:ipekyolu,served_by,true
65130,tr:district:van:ipekyolu,served_by,true
65140,tr:district:van:ipekyolu,served_by,true
65150,tr:district:van:ipekyolu,served_by,true
65170,tr:district:van:edremit,served_by,true
65210,tr:district:van:ipekyolu,served_by,true
65220,tr:district:van:ipekyolu,served_by,true
65250,tr:district:van:ipekyolu,served_by,true
65300,tr:district:van:edremit,served_by,true
65400,tr:district:van:ercis,served_by,true
65440,tr:district:van:ercis,served_by,true
65450,tr:district:van:ercis,served_by,true
65500,tr:district:van:muradiye,served_by,true
65510,tr:district:van:muradiye,served_by,true
65570,tr:district:van:ozalp,served_by,true
65600,tr:district:van:baskale,served_by,true
65700,tr:district:van:gevas,served_by,true
65710,tr:district:van:bahcesaray,served_by,true
65800,tr:district:van:ozalp,served_by,true
65804,tr:district:van:ozalp,served_by,true
65830,tr:district:van:saray,served_by,true
65870,tr:district:van:catak,served_by,true
65900,tr:district:van:gurpnar,served_by,true
65970,tr:district:van:caldran,served_by,true
66000,tr:district:yozgat:merkez,served_by,true
66100,tr:district:yozgat:merkez,served_by,true
66300,tr:district:yozgat:akdagmadeni,served_by,true
66320,tr:district:yozgat:saraykent,served_by,true
66400,tr:district:yozgat:bogazlyan,served_by,true
66470,tr:district:yozgat:yenifakl,served_by,true
66475,tr:district:yozgat:bogazlyan,served_by,true
66500,tr:district:yozgat:cekerek,served_by,true
66510,tr:district:yozgat:aydnck,served_by,true
66540,tr:district:yozgat:kadsehri,served_by,true
66600,tr:district:yozgat:cayralan,served_by,true
66620,tr:district:yozgat:candr,served_by,true
66650,tr:district:yozgat:sarkaya,served_by,true
66700,tr:district:yozgat:sorgun,served_by,true
66710,tr:district:yozgat:sorgun,served_by,true
66720,tr:district:yozgat:sorgun,served_by,true
66740,tr:district:yozgat:sorgun,served_by,true
66800,tr:district:yozgat:sefaatli,served_by,true
66900,tr:district:yozgat:yerkoy,served_by,true
67000,tr:district:zonguldak:merkez,served_by,true
67010,tr:district:zonguldak:merkez,served_by,true
67020,tr:district:zonguldak:merkez,served_by,true
67030,tr:district:zonguldak:merkez,served_by,true
67040,tr:district:zonguldak:merkez,served_by,true
67100,tr:district:zonguldak:merkez,served_by,true
67150,tr:district:zonguldak:merkez,served_by,true
67155,tr:district:zonguldak:merkez,served_by,true
67160,tr:district:zonguldak:merkez,served_by,true
67170,tr:district:zonguldak:merkez,served_by,true
67300,tr:district:zonguldak:eregli,served_by,true
67350,tr:district:zonguldak:eregli,served_by,true
67380,tr:district:zonguldak:eregli,served_by,true
67390,tr:district:zonguldak:eregli,served_by,true
67500,tr:district:zonguldak:kilimli,served_by,true
67510,tr:district:zonguldak:merkez,served_by,true
67600,tr:district:zonguldak:kozlu,served_by,true
67620,tr:district:zonguldak:kozlu,served_by,true
67660,tr:district:zonguldak:caycuma,served_by,true
67670,tr:district:zonguldak:gokcebey,served_by,true
67680,tr:district:zonguldak:gokcebey,served_by,true
67800,tr:district:zonguldak:devrek,served_by,true
67825,tr:district:zonguldak:devrek,served_by,true
67830,tr:district:zonguldak:devrek,served_by,true
67850,tr:district:zonguldak:alapl,served_by,true
67900,tr:district:zonguldak:caycuma,served_by,true
67960,tr:district:zonguldak:caycuma,served_by,true
67965,tr:district:zonguldak:caycuma,served_by,true
67970,tr:district:zonguldak:caycuma,served_by,true
67975,tr:district:zonguldak:caycuma,served_by,true
67980,tr:district:zonguldak:merkez,served_by,true
68000,tr:district:aksaray:merkez,served_by,true
68100,tr:district:aksaray:merkez,served_by,true
68105,tr:district:aksaray:merkez,served_by,true
68120,tr:district:aksaray:merkez,served_by,true
68135,tr:district:aksaray:merkez,served_by,true
68165,tr:district:aksaray:merkez,served_by,true
68180,tr:district:aksaray:merkez,served_by,true
68190,tr:district:aksaray:merkez,served_by,true
68200,tr:district:aksaray:merkez,served_by,true
68220,tr:district:aksaray:merkez,served_by,true
68230,tr:district:aksaray:merkez,served_by,true
68270,tr:district:aksaray:merkez,served_by,true
68400,tr:district:aksaray:ortakoy,served_by,true
68500,tr:district:aksaray:guzelyurt,served_by,true
68570,tr:district:aksaray:guzelyurt,served_by,true
68600,tr:district:aksaray:agacoren,served_by,true
68700,tr:district:aksaray:saryahsi,served_by,true
68800,tr:district:aksaray:eskil,served_by,true
68801,tr:district:aksaray:eskil,served_by,true
68900,tr:district:aksaray:gulagac,served_by,true
68910,tr:district:aksaray:gulagac,served_by,true
68940,tr:district:aksaray:gulagac,served_by,true
69000,tr:district:bayburt:merkez,served_by,true
69300,tr:district:bayburt:merkez,served_by,true
69400,tr:district:bayburt:demirozu,served_by,true
69450,tr:district:bayburt:demirozu,served_by,true
69500,tr:district:bayburt:aydntepe,served_by,true
70000,tr:district:karaman:merkez,served_by,true
70100,tr:district:karaman:merkez,served_by,true
70110,tr:district:karaman:merkez,served_by,true
70140,tr:district:karaman:merkez,served_by,true
70200,tr:district:karaman:merkez,served_by,true
70400,tr:district:karaman:ermenek,served_by,true
70450,tr:district:karaman:ermenek,served_by,true
70460,tr:district:karaman:ermenek,served_by,true
70500,tr:district:karaman:ayranc,served_by,true
70600,tr:district:karaman:kazmkarabekir,served_by,true
70700,tr:district:karaman:basyayla,served_by,true
70800,tr:district:karaman:sarveliler,served_by,true
70810,tr:district:karaman:sarveliler,served_by,true
71000,tr:district:krkkale:merkez,served_by,true
71100,tr:district:krkkale:merkez,served_by,true
71200,tr:district:krkkale:merkez,served_by,true
71300,tr:district:krkkale:merkez,served_by,true
71400,tr:district:krkkale:merkez,served_by,true
71450,tr:district:krkkale:yahsihan,served_by,true
71451,tr:district:krkkale:yahsihan,served_by,true
71460,tr:district:krkkale:bahsl,served_by,true
71500,tr:district:krkkale:karakecili,served_by,true
71520,tr:district:krkkale:balseyh,served_by,true
71670,tr:district:krkkale:delice,served_by,true
71700,tr:district:krkkale:delice,served_by,true
71800,tr:district:krkkale:keskin,served_by,true
71810,tr:district:krkkale:celebi,served_by,true
71860,tr:district:krkkale:keskin,served_by,true
71900,tr:district:krkkale:sulakyurt,served_by,true
72000,tr:district:batman:merkez,served_by,true
72040,tr:district:batman:merkez,served_by,true
72050,tr:district:batman:merkez,served_by,true
72060,tr:district:batman:merkez,served_by,true
72070,tr:district:batman:merkez,served_by,true
72200,tr:district:batman:besiri,served_by,true
72240,tr:district:batman:besiri,served_by,true
72300,tr:district:batman:gercus,served_by,true
72310,tr:district:batman:gercus,served_by,true
72350,tr:district:batman:hasankeyf,served_by,true
72400,tr:district:batman:kozluk,served_by,true
72500,tr:district:batman:sason,served_by,true
73000,tr:district:srnak:merkez,served_by,true
73200,tr:district:srnak:cizre,served_by,true
73300,tr:district:srnak:idil,served_by,true
73400,tr:district:srnak:silopi,served_by,true
73420,tr:district:srnak:silopi,served_by,true
73600,tr:district:srnak:uludere,served_by,true
73620,tr:district:srnak:uludere,served_by,true
73660,tr:district:srnak:uludere,served_by,true
73700,tr:district:srnak:guclukonak,served_by,true
73710,tr:district:srnak:guclukonak,served_by,true
73800,tr:district:srnak:beytussebap,served_by,true
74100,tr:district:bartn:merkez,served_by,true
74110,tr:district:bartn:merkez,served_by,true
74200,tr:district:bartn:merkez,served_by,true
74250,tr:district:bartn:merkez,served_by,true
74300,tr:district:bartn:amasra,served_by,true
74310,tr:district:bartn:amasra,served_by,true
74400,tr:district:bartn:merkez,served_by,true
74410,tr:district:bartn:ulus,served_by,true
74500,tr:district:bartn:kurucasile,served_by,true
74510,tr:district:bartn:kurucasile,served_by,true
74600,tr:district:bartn:ulus,served_by,true
74610,tr:district:bartn:ulus,served_by,true
75000,tr:district:ardahan:merkez,served_by,true
75400,tr:district:ardahan:cldr,served_by,true
75600,tr:district:ardahan:damal,served_by,true
75700,tr:district:ardahan:gole,served_by,true
75800,tr:district:ardahan:posof,served_by,true
75900,tr:district:ardahan:hanak,served_by,true
76000,tr:district:igdr:merkez,served_by,true
76400,tr:district:igdr:merkez,served_by,true
76410,tr:district:igdr:merkez,served_by,true
76420,tr:district:igdr:merkez,served_by,true
76500,tr:district:igdr:aralk,served_by,true
76700,tr:district:igdr:karakoyunlu,served_by,true
76900,tr:district:igdr:tuzluca,served_by,true
77100,tr:district:yalova:merkez,served_by,true
77200,tr:district:yalova:merkez,served_by,true
77210,tr:district:yalova:merkez,served_by,true
77300,tr:district:yalova:cnarck,served_by,true
77310,tr:district:yalova:cnarck,served_by,true
77330,tr:district:yalova:cnarck,served_by,true
77340,tr:district:yalova:cnarck,served_by,true
77400,tr:district:yalova:termal,served_by,true
77500,tr:district:yalova:armutlu,served_by,true
77600,tr:district:yalova:ciftlikkoy,served_by,true
77700,tr:district:yalova:altnova,served_by,true
77710,tr:district:yalova:altnova,served_by,true
77720,tr:district:yalova:altnova,served_by,true
77730,tr:district:yalova:altnova,served_by,true
77740,tr:district:yalova:altnova,served_by,true
78000,tr:district:karabuk:merkez,served_by,true
78020,tr:district:karabuk:merkez,served_by,true
78050,tr:district:karabuk:merkez,served_by,true
78100,tr:district:karabuk:merkez,served_by,true
78200,tr:district:karabuk:merkez,served_by,true
78300,tr:district:karabuk:eflani,served_by,true
78400,tr:district:karabuk:eskipazar,served_by,true
78500,tr:district:karabuk:ovack,served_by,true
78600,tr:district:karabuk:safranbolu,served_by,true
78610,tr:district:karabuk:safranbolu,served_by,true
78700,tr:district:karabuk:yenice,served_by,true
79000,tr:district:kilis:merkez,served_by,true
79500,tr:district:kilis:elbeyli,served_by,true
79600,tr:district:kilis:musabeyli,served_by,true
79700,tr:district:kilis:polateli,served_by,true
80000,tr:district:osmaniye:merkez,served_by,true
80010,tr:district:osmaniye:merkez,served_by,true
80020,tr:district:osmaniye:merkez,served_by,true
80030,tr:district:osmaniye:merkez,served_by,true
80440,tr:district:osmaniye:merkez,served_by,true
80500,tr:district:osmaniye:bahce,served_by,true
80600,tr:district:osmaniye:duzici,served_by,true
80710,tr:district:osmaniye:duzici,served_by,true
80720,tr:district:osmaniye:duzici,served_by,true
80730,tr:district:osmaniye:duzici,served_by,true
80740,tr:district:osmaniye:duzici,served_by,true
80750,tr:district:osmaniye:kadirli,served_by,true
80760,tr:district:osmaniye:kadirli,served_by,true
80850,tr:district:osmaniye:hasanbeyli,served_by,true
80900,tr:district:osmaniye:sumbas,served_by,true
80940,tr:district:osmaniye:sumbas,served_by,true
80950,tr:district:osmaniye:toprakkale,served_by,true
80990,tr:district:osmaniye:toprakkale,served_by,true
81010,tr:district:duzce:merkez,served_by,true
81020,tr:district:duzce:merkez,served_by,true
81030,tr:district:duzce:merkez,served_by,true
81100,tr:district:duzce:merkez,served_by,true
81600,tr:district:duzce:merkez,served_by,true
81620,tr:district:duzce:merkez,served_by,true
81630,tr:district:duzce:merkez,served_by,true
81650,tr:district:duzce:akcakoca,served_by,true
81700,tr:district:duzce:cumayeri,served_by,true
81750,tr:district:duzce:cilimli,served_by,true
81800,tr:district:duzce:golyaka,served_by,true
81850,tr:district:duzce:gumusova,served_by,true
81900,tr:district:duzce:kaynasl,served_by,true
81950,tr:district:duzce:yglca,served_by,true
