postcode,area_source_id,relationship_type,is_primary
01106,vn:ward:hong-gai,served_by,true
01111,vn:ward:ha-lam,served_by,true
01114,vn:ward:ha-tu,served_by,true
01117,vn:ward:cao-xanh,served_by,true
01119,vn:ward:bai-chay,served_by,true
01123,vn:ward:quang-ninh:viet-hung,served_by,true
01125,vn:ward:tuan-chau,served_by,true
01126,vn:ward:hoanh-bo,served_by,true
01130,vn:commune:quang-ninh:thong-nhat,served_by,true
01133,vn:commune:ky-thuong,served_by,true
01137,vn:commune:quang-la,served_by,true
01139,vn:ward:ha-long,served_by,true
01214,vn:ward:cua-ong,served_by,true
01215,vn:commune:hai-hoa,served_by,true
01217,vn:ward:mong-duong,served_by,true
01219,vn:ward:quang-hanh,served_by,true
01222,vn:ward:cam-pha,served_by,true
01318,vn:special_zone:van-don,served_by,true
01409,vn:special_zone:co-to,served_by,true
01513,vn:commune:hai-son,served_by,true
01519,vn:commune:vinh-thuc,served_by,true
01523,vn:commune:hai-ninh,served_by,true
01524,vn:ward:mong-cai-1,served_by,true
01525,vn:ward:mong-cai-2,served_by,true
01526,vn:ward:mong-cai-3,served_by,true
01606,vn:commune:quang-ha,served_by,true
01610,vn:commune:quang-duc,served_by,true
01612,vn:commune:quang-ninh:duong-hoa,served_by,true
01621,vn:commune:cai-chien,served_by,true
01706,vn:commune:binh-lieu,served_by,true
01709,vn:commune:hoanh-mo,served_by,true
01711,vn:commune:luc-hon,served_by,true
01807,vn:commune:quang-tan,served_by,true
01815,vn:commune:dam-ha,served_by,true
01906,vn:commune:quang-ninh:tien-yen,served_by,true
01909,vn:commune:dong-ngu,served_by,true
01914,vn:commune:dien-xa,served_by,true
01916,vn:commune:hai-lang,served_by,true
02006,vn:commune:ba-che,served_by,true
02010,vn:commune:luong-minh,served_by,true
02206,vn:ward:quang-yen,served_by,true
02207,vn:ward:ha-an,served_by,true
02212,vn:ward:dong-mai,served_by,true
02215,vn:ward:hiep-hoa,served_by,true
02219,vn:ward:phong-coc,served_by,true
02222,vn:ward:lien-hoa,served_by,true
02309,vn:ward:vang-danh,served_by,true
02317,vn:ward:yen-tu,served_by,true
02318,vn:ward:uong-bi,served_by,true
02411,vn:ward:mao-khe,served_by,true
02414,vn:ward:hoang-que,served_by,true
02418,vn:ward:binh-khe,served_by,true
02419,vn:ward:an-sinh,served_by,true
02427,vn:ward:dong-trieu,served_by,true
03112,vn:ward:le-thanh-nghi,served_by,true
03119,vn:ward:thach-khoi,served_by,true
03120,vn:ward:tan-hung,served_by,true
03121,vn:ward:nam-dong,served_by,true
03122,vn:ward:ai-quoc,served_by,true
03125,vn:ward:viet-hoa,served_by,true
03126,vn:ward:tu-minh,served_by,true
03127,vn:ward:hai-duong,served_by,true
03128,vn:ward:thanh-dong,served_by,true
03206,vn:commune:thanh-ha,served_by,true
03231,vn:commune:ha-tay,served_by,true
03232,vn:commune:ha-bac,served_by,true
03233,vn:commune:ha-nam,served_by,true
03234,vn:commune:ha-dong,served_by,true
03306,vn:commune:phu-thai,served_by,true
03312,vn:commune:lai-khe,served_by,true
03327,vn:commune:an-thanh,served_by,true
03328,vn:commune:kim-thanh,served_by,true
03431,vn:ward:kinh-mon,served_by,true
03432,vn:ward:nguyen-dai-nang,served_by,true
03433,vn:ward:tran-lieu,served_by,true
03434,vn:ward:bac-an-phu,served_by,true
03435,vn:ward:pham-su-manh,served_by,true
03436,vn:ward:nhi-chieu,served_by,true
03437,vn:commune:nam-an-phu,served_by,true
03526,vn:ward:chu-van-an,served_by,true
03527,vn:ward:chi-linh,served_by,true
03528,vn:ward:tran-hung-dao,served_by,true
03529,vn:ward:nguyen-trai,served_by,true
03530,vn:ward:tran-nhan-tong,served_by,true
03531,vn:ward:le-dai-hanh,served_by,true
03556,vn:commune:nam-sach,served_by,true
03557,vn:commune:an-phu,served_by,true
03564,vn:commune:hop-tien,served_by,true
03566,vn:commune:hai-phong:tran-phu,served_by,true
03570,vn:commune:thai-tan,served_by,true
03606,vn:commune:hai-phong:cam-giang,served_by,true
03625,vn:commune:mao-dien,served_by,true
03626,vn:commune:hai-phong:cam-giang-2,served_by,true
03627,vn:commune:tue-tinh,served_by,true
03656,vn:commune:gia-loc,served_by,true
03657,vn:commune:gia-phuc,served_by,true
03665,vn:commune:yet-kieu,served_by,true
03679,vn:commune:truong-tan,served_by,true
03706,vn:commune:ke-sat,served_by,true
03724,vn:commune:binh-giang,served_by,true
03725,vn:commune:duong-an,served_by,true
03726,vn:commune:thuong-hong,served_by,true
03756,vn:commune:thanh-mien,served_by,true
03775,vn:commune:bac-thanh-mien,served_by,true
03776,vn:commune:hai-hung,served_by,true
03777,vn:commune:nguyen-luong-bang,served_by,true
03778,vn:commune:nam-thanh-mien,served_by,true
03806,vn:commune:ninh-giang,served_by,true
03834,vn:commune:vinh-lai,served_by,true
03835,vn:commune:khuc-thua-du,served_by,true
03836,vn:commune:hai-phong:tan-an,served_by,true
03837,vn:commune:hong-chau,served_by,true
03906,vn:commune:tu-ky,served_by,true
03907,vn:commune:chi-minh,served_by,true
03912,vn:commune:hai-phong:dai-son,served_by,true
03916,vn:commune:hai-phong:tan-ky,served_by,true
03924,vn:commune:lac-phuong,served_by,true
03928,vn:commune:nguyen-giap,served_by,true
04117,vn:ward:hong-bang,served_by,true
04118,vn:ward:hong-an,served_by,true
04213,vn:ward:gia-vien,served_by,true
04219,vn:ward:ngo-quyen,served_by,true
04308,vn:ward:hai-phong:hoa-binh,served_by,true
04318,vn:ward:bach-dang,served_by,true
04330,vn:ward:luu-kiem,served_by,true
04338,vn:ward:thien-huong,served_by,true
04343,vn:commune:viet-khe,served_by,true
04344,vn:ward:thuy-nguyen,served_by,true
04345,vn:ward:nam-trieu,served_by,true
04346,vn:ward:le-ich-moc,served_by,true
04422,vn:ward:an-duong,served_by,true
04423,vn:ward:an-hai,served_by,true
04424,vn:ward:an-phong,served_by,true
04506,vn:commune:an-lao,served_by,true
04523,vn:commune:an-hung,served_by,true
04524,vn:commune:hai-phong:an-khanh,served_by,true
04525,vn:commune:an-quang,served_by,true
04526,vn:commune:an-truong,served_by,true
04616,vn:ward:kien-an,served_by,true
04617,vn:ward:phu-lien,served_by,true
04707,vn:ward:an-bien,served_by,true
04721,vn:ward:le-chan,served_by,true
04814,vn:ward:hai-an,served_by,true
04815,vn:ward:dong-hai,served_by,true
04907,vn:ward:hung-dao,served_by,true
04912,vn:ward:duong-kinh,served_by,true
05013,vn:ward:nam-do-son,served_by,true
05014,vn:ward:do-son,served_by,true
05115,vn:commune:kien-hung,served_by,true
05124,vn:commune:kien-thuy,served_by,true
05125,vn:commune:kien-minh,served_by,true
05126,vn:commune:kien-hai,served_by,true
05206,vn:commune:tien-lang,served_by,true
05217,vn:commune:tan-minh,served_by,true
05218,vn:commune:tien-minh,served_by,true
05224,vn:commune:hung-thang,served_by,true
05229,vn:commune:hai-phong:quyet-thang,served_by,true
05230,vn:commune:chan-hung,served_by,true
05306,vn:commune:vinh-bao,served_by,true
05314,vn:commune:vinh-hoa,served_by,true
05319,vn:commune:vinh-hai,served_by,true
05336,vn:commune:nguyen-binh-khiem,served_by,true
05337,vn:commune:vinh-am,served_by,true
05338,vn:commune:vinh-thinh,served_by,true
05339,vn:commune:vinh-thuan,served_by,true
05418,vn:special_zone:cat-hai,served_by,true
05506,vn:special_zone:bach-long-vi,served_by,true
06106,vn:ward:hung-yen:tran-hung-dao,served_by,true
06119,vn:ward:vu-phuc,served_by,true
06122,vn:ward:tran-lam,served_by,true
06125,vn:ward:thai-binh,served_by,true
06126,vn:ward:tra-ly,served_by,true
06206,vn:commune:kien-xuong,served_by,true
06213,vn:commune:hung-yen:le-loi,served_by,true
06216,vn:commune:tra-giang,served_by,true
06222,vn:commune:hung-yen:binh-nguyen,served_by,true
06224,vn:commune:quang-lich,served_by,true
06227,vn:commune:vu-quy,served_by,true
06229,vn:commune:hong-vu,served_by,true
06235,vn:commune:hung-yen:binh-thanh,served_by,true
06237,vn:commune:binh-dinh,served_by,true
06306,vn:commune:tien-hai,served_by,true
06325,vn:commune:ai-quoc,served_by,true
06338,vn:commune:hung-yen:nam-cuong,served_by,true
06341,vn:commune:dong-tien-hai,served_by,true
06342,vn:commune:tay-tien-hai,served_by,true
06343,vn:commune:nam-tien-hai,served_by,true
06344,vn:commune:dong-chau,served_by,true
06345,vn:commune:hung-phu,served_by,true
06454,vn:commune:thai-thuy,served_by,true
06455,vn:commune:thuy-anh,served_by,true
06456,vn:commune:dong-thuy-anh,served_by,true
06457,vn:commune:bac-thuy-anh,served_by,true
06458,vn:commune:tay-thuy-anh,served_by,true
06459,vn:commune:nam-thuy-anh,served_by,true
06460,vn:commune:thai-ninh,served_by,true
06461,vn:commune:dong-thai-ninh,served_by,true
06462,vn:commune:bac-thai-ninh,served_by,true
06463,vn:commune:tay-thai-ninh,served_by,true
06464,vn:commune:nam-thai-ninh,served_by,true
06644,vn:commune:quynh-phu,served_by,true
06645,vn:commune:minh-tho,served_by,true
06646,vn:commune:nguyen-du,served_by,true
06647,vn:commune:quynh-an,served_by,true
06648,vn:commune:ngoc-lam,served_by,true
06649,vn:commune:dong-bang,served_by,true
06675,vn:commune:a-sao,served_by,true
06676,vn:commune:phu-duc,served_by,true
06677,vn:commune:hung-yen:tan-tien,served_by,true
06706,vn:commune:hung-ha,served_by,true
06738,vn:commune:hong-minh,served_by,true
06741,vn:commune:tien-la,served_by,true
06742,vn:commune:le-quy-don,served_by,true
06743,vn:commune:than-khe,served_by,true
06744,vn:commune:dien-ha,served_by,true
06745,vn:commune:ngu-thien,served_by,true
06746,vn:commune:long-hung,served_by,true
06806,vn:commune:dong-hung,served_by,true
06843,vn:commune:dong-quan,served_by,true
06850,vn:commune:bac-dong-hung,served_by,true
06851,vn:commune:nam-dong-hung,served_by,true
06852,vn:commune:tien-hung,served_by,true
06853,vn:commune:dong-tien-hung,served_by,true
06854,vn:commune:bac-tien-hung,served_by,true
06855,vn:commune:nam-tien-hung,served_by,true
06856,vn:commune:bac-dong-quan,served_by,true
06906,vn:commune:vu-thu,served_by,true
06936,vn:commune:thu-tri,served_by,true
06937,vn:commune:tan-thuan,served_by,true
06938,vn:commune:thu-vu,served_by,true
06939,vn:commune:vu-tien,served_by,true
06940,vn:commune:hung-yen:van-xuan,served_by,true
07119,vn:ward:truong-thi,served_by,true
07131,vn:ward:nam-dinh,served_by,true
07133,vn:ward:dong-a,served_by,true
07134,vn:ward:vi-khe,served_by,true
07135,vn:ward:thanh-nam,served_by,true
07137,vn:ward:my-loc,served_by,true
07139,vn:ward:thien-truong,served_by,true
07258,vn:commune:ninh-binh:lien-minh,served_by,true
07268,vn:commune:hien-khanh,served_by,true
07272,vn:commune:ninh-binh:minh-tan,served_by,true
07274,vn:commune:vu-ban,served_by,true
07309,vn:commune:ninh-binh:tan-minh,served_by,true
07328,vn:commune:yen-dong,served_by,true
07331,vn:commune:ninh-binh:yen-cuong,served_by,true
07338,vn:commune:y-yen,served_by,true
07339,vn:commune:van-thang,served_by,true
07340,vn:commune:vu-duong,served_by,true
07341,vn:commune:phong-doanh,served_by,true
07408,vn:commune:dong-thinh,served_by,true
07414,vn:commune:nghia-son,served_by,true
07417,vn:commune:quy-nhat,served_by,true
07421,vn:commune:rang-dong,served_by,true
07423,vn:commune:nghia-lam,served_by,true
07431,vn:commune:nghia-hung,served_by,true
07432,vn:commune:ninh-binh:hong-phong,served_by,true
07509,vn:commune:nam-hong,served_by,true
07515,vn:ward:hong-quang,served_by,true
07526,vn:commune:nam-truc,served_by,true
07527,vn:commune:nam-minh,served_by,true
07528,vn:commune:nam-dong,served_by,true
07529,vn:commune:nam-ninh,served_by,true
07606,vn:commune:co-le,served_by,true
07617,vn:commune:ninh-cuong,served_by,true
07622,vn:commune:cat-thanh,served_by,true
07627,vn:commune:ninh-binh:ninh-giang,served_by,true
07628,vn:commune:truc-ninh,served_by,true
07629,vn:commune:ninh-binh:quang-hung,served_by,true
07630,vn:commune:minh-thai,served_by,true
07706,vn:commune:ninh-binh:xuan-truong,served_by,true
07716,vn:commune:ninh-binh:xuan-giang,served_by,true
07721,vn:commune:xuan-hong,served_by,true
07726,vn:commune:xuan-hung,served_by,true
07806,vn:commune:giao-thuy,served_by,true
07828,vn:commune:giao-minh,served_by,true
07829,vn:commune:giao-hoa,served_by,true
07830,vn:commune:giao-phuc,served_by,true
07831,vn:commune:giao-hung,served_by,true
07832,vn:commune:giao-binh,served_by,true
07833,vn:commune:giao-ninh,served_by,true
07912,vn:commune:ninh-binh:hai-hung,served_by,true
07915,vn:commune:hai-anh,served_by,true
07920,vn:commune:hai-an,served_by,true
07929,vn:commune:hai-xuan,served_by,true
07937,vn:commune:hai-quang,served_by,true
07941,vn:commune:hai-hau,served_by,true
07942,vn:commune:hai-tien,served_by,true
07943,vn:commune:hai-thinh,served_by,true
08120,vn:ward:hoa-lu,served_by,true
08121,vn:ward:dong-hoa-lu,served_by,true
08122,vn:ward:tay-hoa-lu,served_by,true
08123,vn:ward:nam-hoa-lu,served_by,true
08124,vn:ward:yen-thang,served_by,true
08308,vn:commune:gia-tran,served_by,true
08310,vn:commune:gia-van,served_by,true
08312,vn:commune:gia-hung,served_by,true
08325,vn:commune:gia-phong,served_by,true
08327,vn:commune:gia-vien,served_by,true
08328,vn:commune:dai-hoang,served_by,true
08406,vn:commune:nho-quan,served_by,true
08410,vn:commune:gia-tuong,served_by,true
08412,vn:commune:ninh-binh:gia-lam,served_by,true
08416,vn:commune:phu-son,served_by,true
08421,vn:commune:ninh-binh:thanh-son,served_by,true
08425,vn:commune:quynh-luu,served_by,true
08429,vn:commune:cuc-phuong,served_by,true
08431,vn:commune:phu-long,served_by,true
08507,vn:ward:trung-son,served_by,true
08510,vn:ward:yen-son,served_by,true
08515,vn:ward:tam-diep,served_by,true
08615,vn:commune:yen-tu,served_by,true
08619,vn:commune:yen-mac,served_by,true
08623,vn:commune:yen-mo,served_by,true
08624,vn:commune:dong-thai,served_by,true
08706,vn:commune:phat-diem,served_by,true
08708,vn:commune:quang-thien,served_by,true
08713,vn:commune:chat-binh,served_by,true
08723,vn:commune:lai-thanh,served_by,true
08724,vn:commune:ninh-binh:dinh-hoa,served_by,true
08731,vn:commune:ninh-binh:kim-dong,served_by,true
08732,vn:commune:ninh-binh:binh-minh,served_by,true
08733,vn:commune:kim-son,served_by,true
08808,vn:commune:khanh-thien,served_by,true
08818,vn:commune:khanh-trung,served_by,true
08819,vn:commune:khanh-hoi,served_by,true
08821,vn:commune:khanh-nhac,served_by,true
08825,vn:commune:yen-khanh,served_by,true
11018,vn:ward:cua-nam,served_by,true
11024,vn:ward:hoan-kiem,served_by,true
11025,vn:ward:hong-ha,served_by,true
11110,vn:ward:giang-vo,served_by,true
11119,vn:ward:ngoc-ha,served_by,true
11120,vn:ward:ba-dinh,served_by,true
11210,vn:ward:phu-thuong,served_by,true
11214,vn:ward:tay-ho,served_by,true
11307,vn:ward:nghia-do,served_by,true
11312,vn:ward:yen-hoa,served_by,true
11314,vn:ward:cau-giay,served_by,true
11410,vn:ward:khuong-dinh,served_by,true
11412,vn:ward:phuong-liet,served_by,true
11417,vn:ward:thanh-xuan,served_by,true
11508,vn:ward:van-mieu-quoc-tu-giam,served_by,true
11511,vn:ward:o-cho-dua,served_by,true
11520,vn:ward:kim-lien,served_by,true
11527,vn:ward:dong-da,served_by,true
11528,vn:ward:lang,served_by,true
11618,vn:ward:bach-mai,served_by,true
11622,vn:ward:vinh-tuy,served_by,true
11626,vn:ward:hai-ba-trung,served_by,true
11707,vn:ward:yen-so,served_by,true
11709,vn:ward:linh-nam,served_by,true
11712,vn:ward:vinh-hung,served_by,true
11715,vn:ward:tuong-mai,served_by,true
11717,vn:ward:dinh-cong,served_by,true
11719,vn:ward:hoang-liet,served_by,true
11720,vn:ward:hoang-mai,served_by,true
11806,vn:ward:viet-hung,served_by,true
11813,vn:ward:bo-de,served_by,true
11814,vn:ward:long-bien,served_by,true
11817,vn:ward:phuc-loi,served_by,true
11908,vn:ward:xuan-dinh,served_by,true
11909,vn:ward:dong-ngac,served_by,true
11912,vn:ward:thuong-cat,served_by,true
11914,vn:ward:tay-tuu,served_by,true
11916,vn:ward:phu-dien,served_by,true
12008,vn:ward:xuan-phuong,served_by,true
12009,vn:ward:tay-mo,served_by,true
12010,vn:ward:dai-mo,served_by,true
12016,vn:ward:tu-liem,served_by,true
12114,vn:ward:duong-noi,served_by,true
12116,vn:ward:yen-nghia,served_by,true
12120,vn:ward:phu-luong,served_by,true
12121,vn:ward:kien-hung,served_by,true
12123,vn:ward:ha-dong,served_by,true
12206,vn:commune:soc-son,served_by,true
12210,vn:commune:trung-gia,served_by,true
12232,vn:commune:da-phuc,served_by,true
12233,vn:commune:noi-bai,served_by,true
12234,vn:commune:kim-anh,served_by,true
12306,vn:commune:dong-anh,served_by,true
12330,vn:commune:thu-lam,served_by,true
12331,vn:commune:phuc-thinh,served_by,true
12332,vn:commune:thien-loc,served_by,true
12333,vn:commune:vinh-thanh,served_by,true
12413,vn:commune:phu-dong,served_by,true
12423,vn:commune:bat-trang,served_by,true
12428,vn:commune:gia-lam,served_by,true
12429,vn:commune:thuan-an,served_by,true
12510,vn:ward:thanh-liet,served_by,true
12516,vn:commune:ngoc-hoi,served_by,true
12522,vn:commune:thanh-tri,served_by,true
12523,vn:commune:dai-thanh,served_by,true
12524,vn:commune:nam-phu,served_by,true
12608,vn:commune:minh-chau,served_by,true
12614,vn:commune:co-do,served_by,true
12620,vn:commune:vat-lai,served_by,true
12629,vn:commune:ba-vi,served_by,true
12630,vn:commune:yen-bai,served_by,true
12637,vn:commune:quang-oai,served_by,true
12638,vn:commune:bat-bat,served_by,true
12639,vn:commune:suoi-hai,served_by,true
12721,vn:ward:son-tay,served_by,true
12722,vn:ward:tung-thien,served_by,true
12723,vn:commune:doai-phuong,served_by,true
12806,vn:commune:phuc-tho,served_by,true
12810,vn:commune:hat-mon,served_by,true
12829,vn:commune:phuc-loc,served_by,true
12907,vn:commune:quang-minh,served_by,true
12912,vn:commune:tien-thang,served_by,true
12923,vn:commune:me-linh,served_by,true
12924,vn:commune:yen-lang,served_by,true
13007,vn:commune:dan-phuong,served_by,true
13022,vn:commune:o-dien,served_by,true
13023,vn:commune:lien-minh,served_by,true
13117,vn:commune:ha-bang,served_by,true
13129,vn:commune:thach-that,served_by,true
13130,vn:commune:tay-phuong,served_by,true
13131,vn:commune:hoa-lac,served_by,true
13132,vn:commune:yen-xuan,served_by,true
13219,vn:commune:an-khanh,served_by,true
13224,vn:commune:son-dong,served_by,true
13226,vn:commune:hoai-duc,served_by,true
13227,vn:commune:duong-hoa,served_by,true
13306,vn:commune:quoc-oai,served_by,true
13314,vn:commune:phu-cat,served_by,true
13325,vn:commune:hung-dao,served_by,true
13327,vn:commune:kieu-phu,served_by,true
13411,vn:commune:phu-nghia,served_by,true
13417,vn:commune:xuan-mai,served_by,true
13423,vn:commune:tran-phu,served_by,true
13427,vn:commune:hoa-phu,served_by,true
13432,vn:commune:quang-bi,served_by,true
13438,vn:ward:chuong-my,served_by,true
13510,vn:commune:tam-hung,served_by,true
13512,vn:commune:binh-minh,served_by,true
13521,vn:commune:dan-hoa,served_by,true
13527,vn:commune:thanh-oai,served_by,true
13606,vn:commune:thuong-tin,served_by,true
13611,vn:commune:hong-van,served_by,true
13632,vn:commune:chuong-duong,served_by,true
13635,vn:commune:thuong-phuc,served_by,true
13718,vn:commune:hong-son,served_by,true
13723,vn:commune:huong-son,served_by,true
13728,vn:commune:my-duc,served_by,true
13729,vn:commune:phuc-son,served_by,true
13806,vn:commune:van-dinh,served_by,true
13835,vn:commune:ung-thien,served_by,true
13836,vn:commune:hoa-xa,served_by,true
13837,vn:commune:ung-hoa,served_by,true
13906,vn:commune:phu-xuyen,served_by,true
13921,vn:commune:phuong-duc,served_by,true
13926,vn:commune:chuyen-my,served_by,true
13930,vn:commune:dai-xuyen,served_by,true
15115,vn:ward:vinh-phuc,served_by,true
15116,vn:ward:vinh-yen,served_by,true
15214,vn:commune:hoi-thinh,served_by,true
15219,vn:commune:tam-duong,served_by,true
15220,vn:commune:hoang-an,served_by,true
15221,vn:commune:tam-duong-bac,served_by,true
15308,vn:commune:dai-dinh,served_by,true
15309,vn:commune:dao-tru,served_by,true
15313,vn:commune:tam-dao,served_by,true
15406,vn:commune:lap-thach,served_by,true
15409,vn:commune:lien-hoa,served_by,true
15412,vn:commune:phu-tho:thai-hoa,served_by,true
15414,vn:commune:hop-ly,served_by,true
15421,vn:commune:phu-tho:son-dong,served_by,true
15424,vn:commune:tien-lu,served_by,true
15506,vn:commune:tam-son,served_by,true
15512,vn:commune:hai-luu,served_by,true
15523,vn:commune:song-lo,served_by,true
15524,vn:commune:phu-tho:yen-lang,served_by,true
15606,vn:commune:vinh-tuong,served_by,true
15612,vn:commune:tho-tang,served_by,true
15631,vn:commune:vinh-phu,served_by,true
15635,vn:commune:vinh-hung,served_by,true
15636,vn:commune:vinh-an,served_by,true
15637,vn:commune:phu-tho:vinh-thanh,served_by,true
15706,vn:commune:yen-lac,served_by,true
15711,vn:commune:te-lo,served_by,true
15712,vn:commune:tam-hong,served_by,true
15715,vn:commune:lien-chau,served_by,true
15722,vn:commune:nguyet-duc,served_by,true
15819,vn:commune:binh-xuyen,served_by,true
15820,vn:commune:binh-nguyen,served_by,true
15821,vn:commune:xuan-lang,served_by,true
15822,vn:commune:binh-tuyen,served_by,true
15910,vn:ward:xuan-hoa,served_by,true
15916,vn:ward:phuc-yen,served_by,true
16111,vn:ward:vu-ninh,served_by,true
16114,vn:ward:kinh-bac,served_by,true
16118,vn:ward:vo-cuong,served_by,true
16120,vn:ward:hap-linh,served_by,true
16121,vn:ward:nam-son,served_by,true
16211,vn:commune:tam-da,served_by,true
16213,vn:commune:yen-trung,served_by,true
16215,vn:commune:tam-giang,served_by,true
16218,vn:commune:van-mon,served_by,true
16220,vn:ward:yen-phong,served_by,true
16307,vn:ward:dong-nguyen,served_by,true
16309,vn:ward:tam-son,served_by,true
16312,vn:ward:phu-khe,served_by,true
16318,vn:ward:tu-son,served_by,true
16410,vn:commune:dai-dong,served_by,true
16413,vn:commune:phat-tich,served_by,true
16416,vn:commune:tan-chi,served_by,true
16419,vn:commune:lien-bao,served_by,true
16420,vn:ward:tien-du,served_by,true
16510,vn:ward:tri-qua,served_by,true
16514,vn:ward:song-lieu,served_by,true
16518,vn:ward:ninh-xa,served_by,true
16520,vn:ward:tram-lo,served_by,true
16522,vn:ward:mao-dien,served_by,true
16524,vn:ward:thuan-thanh,served_by,true
16607,vn:commune:trung-chinh,served_by,true
16611,vn:commune:trung-kenh,served_by,true
16618,vn:commune:lam-thao,served_by,true
16620,vn:ward:luong-tai,served_by,true
16706,vn:ward:gia-binh,served_by,true
16708,vn:ward:nhan-thang,served_by,true
16710,vn:commune:cao-duc,served_by,true
16713,vn:commune:dai-lai,served_by,true
16717,vn:commune:dong-cuu,served_by,true
16811,vn:ward:nhan-hoa,served_by,true
16814,vn:ward:phuong-lieu,served_by,true
16819,vn:ward:chi-lang,served_by,true
16820,vn:ward:bong-lai,served_by,true
16822,vn:ward:dao-vien,served_by,true
16826,vn:ward:phu-lang,served_by,true
16827,vn:ward:que-vo,served_by,true
17110,vn:ward:hong-chau,served_by,true
17121,vn:commune:tan-hung,served_by,true
17123,vn:ward:pho-hien,served_by,true
17124,vn:ward:son-nam,served_by,true
17221,vn:commune:hung-yen:tien-lu,served_by,true
17222,vn:commune:hoang-hoa-tham,served_by,true
17223,vn:commune:tien-hoa,served_by,true
17309,vn:commune:quang-hung,served_by,true
17311,vn:commune:doan-dao,served_by,true
17315,vn:commune:tien-tien,served_by,true
17319,vn:commune:tong-tran,served_by,true
17406,vn:commune:an-thi,served_by,true
17414,vn:commune:xuan-truc,served_by,true
17420,vn:commune:nguyen-trai,served_by,true
17425,vn:commune:hong-quang,served_by,true
17427,vn:commune:pham-ngu-lao,served_by,true
17519,vn:ward:my-hao,served_by,true
17520,vn:ward:duong-hao,served_by,true
17521,vn:ward:thuong-hong,served_by,true
17606,vn:commune:nhu-quynh,served_by,true
17607,vn:commune:lac-dao,served_by,true
17609,vn:commune:hung-yen:dai-dong,served_by,true
17656,vn:commune:van-giang,served_by,true
17659,vn:commune:phung-cong,served_by,true
17660,vn:commune:nghia-tru,served_by,true
17666,vn:commune:me-so,served_by,true
17706,vn:commune:yen-my,served_by,true
17707,vn:commune:nguyen-van-linh,served_by,true
17712,vn:commune:hoan-long,served_by,true
17716,vn:commune:viet-yen,served_by,true
17806,vn:commune:khoai-chau,served_by,true
17826,vn:commune:hung-yen:chi-minh,served_by,true
17831,vn:commune:trieu-viet-vuong,served_by,true
17832,vn:commune:viet-tien,served_by,true
17833,vn:commune:chau-ninh,served_by,true
17906,vn:commune:luong-bang,served_by,true
17907,vn:commune:nghia-dan,served_by,true
17918,vn:commune:duc-hop,served_by,true
17922,vn:commune:hiep-cuong,served_by,true
18113,vn:ward:phu-van,served_by,true
18115,vn:ward:chau-son,served_by,true
18127,vn:ward:ha-nam,served_by,true
18128,vn:ward:phu-ly,served_by,true
18129,vn:ward:liem-tuyen,served_by,true
18216,vn:ward:dong-van,served_by,true
18219,vn:ward:tien-son,served_by,true
18224,vn:ward:duy-tien,served_by,true
18225,vn:ward:duy-tan,served_by,true
18226,vn:ward:duy-ha,served_by,true
18313,vn:ward:le-ho,served_by,true
18314,vn:ward:nguyen-uy,served_by,true
18324,vn:ward:tam-chuc,served_by,true
18325,vn:ward:ly-thuong-kiet,served_by,true
18326,vn:ward:kim-thanh,served_by,true
18327,vn:ward:kim-bang,served_by,true
18421,vn:commune:ninh-binh:tan-thanh,served_by,true
18423,vn:commune:liem-ha,served_by,true
18424,vn:commune:thanh-binh,served_by,true
18425,vn:commune:thanh-lam,served_by,true
18426,vn:commune:thanh-liem,served_by,true
18506,vn:commune:binh-my,served_by,true
18508,vn:commune:ninh-binh:binh-an,served_by,true
18525,vn:commune:binh-luc,served_by,true
18526,vn:commune:ninh-binh:binh-giang,served_by,true
18527,vn:commune:binh-son,served_by,true
18606,vn:commune:vinh-tru,served_by,true
18609,vn:commune:bac-ly,served_by,true
18629,vn:commune:ly-nhan,served_by,true
18630,vn:commune:nam-xang,served_by,true
18631,vn:commune:tran-thuong,served_by,true
18632,vn:commune:nhan-ha,served_by,true
18633,vn:commune:nam-ly,served_by,true
20108,vn:commune:ngoc-duong,served_by,true
20114,vn:ward:ha-giang-1,served_by,true
20115,vn:ward:ha-giang-2,served_by,true
20206,vn:commune:vi-xuyen,served_by,true
20209,vn:commune:linh-ho,served_by,true
20212,vn:commune:tung-ba,served_by,true
20213,vn:commune:thuan-hoa,served_by,true
20214,vn:commune:minh-tan,served_by,true
20215,vn:commune:thanh-thuy,served_by,true
20218,vn:commune:lao-chai,served_by,true
20221,vn:commune:phu-linh,served_by,true
20223,vn:commune:cao-bo,served_by,true
20224,vn:commune:thuong-son,served_by,true
20226,vn:commune:viet-lam,served_by,true
20229,vn:commune:bach-ngoc,served_by,true
20306,vn:commune:yen-minh,served_by,true
20310,vn:commune:thang-mo,served_by,true
20312,vn:commune:bach-dich,served_by,true
20317,vn:commune:duong-thuong,served_by,true
20318,vn:commune:du-gia,served_by,true
20320,vn:commune:ngoc-long,served_by,true
20323,vn:commune:mau-due,served_by,true
20357,vn:commune:can-ty,served_by,true
20359,vn:commune:nghia-thuan,served_by,true
20361,vn:commune:tung-vai,served_by,true
20365,vn:commune:quan-ba,served_by,true
20368,vn:commune:lung-tam,served_by,true
20406,vn:commune:meo-vac,served_by,true
20413,vn:commune:sung-mang,served_by,true
20416,vn:commune:niem-son,served_by,true
20418,vn:commune:khau-vai,served_by,true
20419,vn:commune:tat-nga,served_by,true
20423,vn:commune:son-vi,served_by,true
20506,vn:commune:dong-van,served_by,true
20508,vn:commune:lung-cu,served_by,true
20510,vn:commune:sa-phin,served_by,true
20512,vn:commune:pho-bang,served_by,true
20518,vn:commune:lung-phin,served_by,true
20607,vn:commune:tan-tien,served_by,true
20612,vn:commune:thang-tin,served_by,true
20613,vn:commune:ban-may,served_by,true
20618,vn:commune:po-ly-ngai,served_by,true
20621,vn:commune:ho-thau,served_by,true
20623,vn:commune:thong-nguyen,served_by,true
20627,vn:commune:nam-dich,served_by,true
20631,vn:commune:hoang-su-phi,served_by,true
20710,vn:commune:xin-man,served_by,true
20712,vn:commune:pa-vay-su,served_by,true
20715,vn:commune:nam-dan,served_by,true
20717,vn:commune:khuon-lung,served_by,true
20718,vn:commune:quang-nguyen,served_by,true
20724,vn:commune:trung-thinh,served_by,true
20758,vn:commune:tan-trinh,served_by,true
20760,vn:commune:tien-nguyen,served_by,true
20762,vn:commune:yen-thanh,served_by,true
20764,vn:commune:bang-lang,served_by,true
20766,vn:commune:xuan-giang,served_by,true
20767,vn:commune:tien-yen,served_by,true
20771,vn:commune:quang-binh,served_by,true
20808,vn:commune:dong-tam,served_by,true
20812,vn:commune:tan-quang,served_by,true
20816,vn:commune:dong-yen,served_by,true
20819,vn:commune:vinh-tuy,served_by,true
20820,vn:commune:hung-an,served_by,true
20824,vn:commune:lien-hiep,served_by,true
20828,vn:commune:bang-hanh,served_by,true
20829,vn:commune:bac-quang,served_by,true
20908,vn:commune:giap-trung,served_by,true
20909,vn:commune:minh-son,served_by,true
20911,vn:commune:minh-ngoc,served_by,true
20915,vn:commune:yen-cuong,served_by,true
20916,vn:commune:duong-hong,served_by,true
20919,vn:commune:bac-me,served_by,true
21112,vn:ward:tan-giang,served_by,true
21117,vn:ward:thuc-phan,served_by,true
21118,vn:ward:nung-tri-cao,served_by,true
21157,vn:commune:nam-tuan,served_by,true
21166,vn:commune:bach-dang,served_by,true
21172,vn:commune:nguyen-hue,served_by,true
21177,vn:commune:hoa-an,served_by,true
21212,vn:commune:lung-nam,served_by,true
21214,vn:commune:truong-ha,served_by,true
21224,vn:commune:tong-cot,served_by,true
21225,vn:commune:thong-nong,served_by,true
21226,vn:commune:ha-quang,served_by,true
21229,vn:commune:can-yen,served_by,true
21233,vn:commune:thanh-long,served_by,true
21356,vn:commune:bao-lac,served_by,true
21357,vn:commune:co-ba,served_by,true
21359,vn:commune:coc-pang,served_by,true
21363,vn:commune:cao-bang:hung-dao,served_by,true
21365,vn:commune:son-lo,served_by,true
21368,vn:commune:huy-giap,served_by,true
21370,vn:commune:xuan-truong,served_by,true
21372,vn:commune:khanh-xuan,served_by,true
21410,vn:commune:ly-bon,served_by,true
21414,vn:commune:nam-quang,served_by,true
21416,vn:commune:quang-lam,served_by,true
21418,vn:commune:yen-tho,served_by,true
21420,vn:commune:bao-lam,served_by,true
21506,vn:commune:nguyen-binh,served_by,true
21512,vn:commune:ca-thanh,served_by,true
21514,vn:commune:tinh-tuc,served_by,true
21516,vn:commune:phan-thanh,served_by,true
21517,vn:commune:thanh-cong,served_by,true
21520,vn:commune:tam-kim,served_by,true
21524,vn:commune:minh-tam,served_by,true
21606,vn:commune:dong-khe,served_by,true
21608,vn:commune:duc-long,served_by,true
21613,vn:commune:kim-dong,served_by,true
21614,vn:commune:canh-tan,served_by,true
21615,vn:commune:minh-khai,served_by,true
21622,vn:commune:thach-an,served_by,true
21665,vn:commune:phuc-hoa,served_by,true
21707,vn:commune:quang-long,served_by,true
21709,vn:commune:ly-quoc,served_by,true
21715,vn:commune:vinh-quy,served_by,true
21720,vn:commune:ha-lang,served_by,true
21806,vn:commune:trung-khanh,served_by,true
21808,vn:commune:dinh-phong,served_by,true
21818,vn:commune:doai-duong,served_by,true
21825,vn:commune:dam-thuy,served_by,true
21826,vn:commune:tra-linh,served_by,true
21828,vn:commune:quang-trung,served_by,true
21830,vn:commune:quang-han,served_by,true
21906,vn:commune:quang-uyen,served_by,true
21907,vn:commune:doc-lap,served_by,true
21918,vn:commune:hanh-phuc,served_by,true
21926,vn:commune:be-van-dan,served_by,true
22106,vn:ward:an-tuong,served_by,true
22107,vn:ward:nong-tien,served_by,true
22110,vn:ward:minh-xuan,served_by,true
22119,vn:ward:my-lam,served_by,true
22120,vn:ward:binh-thuan,served_by,true
22206,vn:commune:yen-son,served_by,true
22207,vn:commune:tan-long,served_by,true
22209,vn:commune:kien-thiet,served_by,true
22211,vn:commune:xuan-van,served_by,true
22213,vn:commune:luc-hanh,served_by,true
22222,vn:commune:nhu-khe,served_by,true
22229,vn:commune:thai-binh,served_by,true
22234,vn:commune:trung-son,served_by,true
22235,vn:commune:hung-loi,served_by,true
22310,vn:commune:yen-lap,served_by,true
22314,vn:commune:trung-ha,served_by,true
22316,vn:commune:tan-my,served_by,true
22317,vn:commune:tan-an,served_by,true
22322,vn:commune:yen-nguyen,served_by,true
22323,vn:commune:tuyen-quang:hoa-an,served_by,true
22328,vn:commune:kim-binh,served_by,true
22329,vn:commune:tri-phu,served_by,true
22331,vn:commune:kien-dai,served_by,true
22332,vn:commune:chiem-hoa,served_by,true
22409,vn:commune:hong-thai,served_by,true
22410,vn:commune:yen-hoa,served_by,true
22411,vn:commune:thuong-nong,served_by,true
22414,vn:commune:con-lon,served_by,true
22418,vn:commune:na-hang,served_by,true
22507,vn:commune:thuong-lam,served_by,true
22511,vn:commune:binh-an,served_by,true
22514,vn:commune:lam-binh,served_by,true
22515,vn:commune:minh-quang,served_by,true
22609,vn:commune:phu-luu,served_by,true
22613,vn:commune:bach-xa,served_by,true
22615,vn:commune:yen-phu,served_by,true
22619,vn:commune:hung-duc,served_by,true
22621,vn:commune:thai-hoa,served_by,true
22622,vn:commune:thai-son,served_by,true
22623,vn:commune:binh-xa,served_by,true
22624,vn:commune:ham-yen,served_by,true
22706,vn:commune:son-duong,served_by,true
22709,vn:commune:tan-trao,served_by,true
22711,vn:commune:minh-thanh,served_by,true
22717,vn:commune:dong-tho,served_by,true
22719,vn:commune:tuyen-quang:hong-son,served_by,true
22721,vn:commune:truong-sinh,served_by,true
22729,vn:commune:tan-thanh,served_by,true
22731,vn:commune:phu-luong,served_by,true
22739,vn:commune:binh-ca,served_by,true
22740,vn:commune:son-thuy,served_by,true
23107,vn:ward:duc-xuan,served_by,true
23114,vn:ward:bac-kan,served_by,true
23206,vn:commune:phu-thong,served_by,true
23217,vn:commune:cam-giang,served_by,true
23223,vn:commune:vinh-thong,served_by,true
23224,vn:commune:bach-thong,served_by,true
23225,vn:commune:phong-quang,served_by,true
23308,vn:commune:bang-van,served_by,true
23312,vn:commune:na-phac,served_by,true
23313,vn:commune:hiep-luc,served_by,true
23316,vn:commune:thuong-quan,served_by,true
23317,vn:commune:ngan-son,served_by,true
23407,vn:commune:bang-thanh,served_by,true
23413,vn:commune:nghien-loan,served_by,true
23416,vn:commune:cao-minh,served_by,true
23506,vn:commune:cho-ra,served_by,true
23508,vn:commune:thai-nguyen:phuc-loc,served_by,true
23521,vn:commune:dong-phuc,served_by,true
23522,vn:commune:ba-be,served_by,true
23523,vn:commune:thuong-minh,served_by,true
23612,vn:commune:nam-cuong,served_by,true
23615,vn:commune:quang-bach,served_by,true
23618,vn:commune:yen-thinh,served_by,true
23620,vn:commune:nghia-ta,served_by,true
23622,vn:commune:yen-phong,served_by,true
23628,vn:commune:cho-don,served_by,true
23714,vn:commune:thanh-mai,served_by,true
23716,vn:commune:thanh-thinh,served_by,true
23722,vn:commune:tan-ky,served_by,true
23723,vn:commune:cho-moi,served_by,true
23724,vn:commune:thai-nguyen:yen-binh,served_by,true
23808,vn:commune:cuong-loi,served_by,true
23811,vn:commune:van-lang,served_by,true
23815,vn:commune:con-minh,served_by,true
23819,vn:commune:xuan-duong,served_by,true
23821,vn:commune:thai-nguyen:tran-phu,served_by,true
23828,vn:commune:na-ri,served_by,true
24107,vn:ward:linh-son,served_by,true
24114,vn:ward:quan-trieu,served_by,true
24119,vn:ward:quyet-thang,served_by,true
24124,vn:ward:phan-dinh-phung,served_by,true
24127,vn:ward:gia-sang,served_by,true
24129,vn:commune:tan-cuong,served_by,true
24131,vn:ward:tich-luong,served_by,true
24138,vn:commune:dai-phuc,served_by,true
24209,vn:commune:quang-son,served_by,true
24211,vn:commune:thai-nguyen:van-lang,served_by,true
24215,vn:commune:nam-hoa,served_by,true
24216,vn:commune:trai-cau,served_by,true
24220,vn:commune:van-han,served_by,true
24221,vn:commune:dong-hy,served_by,true
24308,vn:commune:nghinh-tuong,served_by,true
24309,vn:commune:sang-moc,served_by,true
24314,vn:commune:la-hien,served_by,true
24317,vn:commune:trang-xa,served_by,true
24318,vn:commune:dan-tien,served_by,true
24321,vn:commune:vo-nhai,served_by,true
24322,vn:commune:than-sa,served_by,true
24410,vn:commune:yen-trach,served_by,true
24413,vn:commune:thai-nguyen:hop-thanh,served_by,true
24418,vn:commune:vo-tranh,served_by,true
24421,vn:commune:thai-nguyen:phu-luong,served_by,true
24509,vn:commune:lam-vy,served_by,true
24512,vn:commune:kim-phuong,served_by,true
24521,vn:commune:phu-dinh,served_by,true
24522,vn:commune:binh-thanh,served_by,true
24524,vn:commune:binh-yen,served_by,true
24528,vn:commune:trung-hoi,served_by,true
24529,vn:commune:phuong-tien,served_by,true
24530,vn:commune:dinh-hoa,served_by,true
24608,vn:commune:phu-lac,served_by,true
24609,vn:commune:duc-luong,served_by,true
24615,vn:commune:thai-nguyen:phu-xuyen,served_by,true
24616,vn:commune:phu-thinh,served_by,true
24618,vn:commune:la-bang,served_by,true
24624,vn:commune:van-phu,served_by,true
24627,vn:commune:quan-chu,served_by,true
24635,vn:commune:thai-nguyen:an-khanh,served_by,true
24636,vn:commune:dai-tu,served_by,true
24712,vn:commune:thai-nguyen:thanh-cong,served_by,true
24715,vn:ward:phuc-thuan,served_by,true
24717,vn:ward:trung-thanh,served_by,true
24724,vn:ward:pho-yen,served_by,true
24725,vn:ward:van-xuan,served_by,true
24806,vn:ward:bach-quang,served_by,true
24807,vn:ward:ba-xuyen,served_by,true
24817,vn:ward:song-cong,served_by,true
24908,vn:commune:thai-nguyen:tan-thanh,served_by,true
24910,vn:commune:tan-khanh,served_by,true
24916,vn:commune:diem-thuy,served_by,true
24921,vn:commune:kha-son,served_by,true
24926,vn:commune:phu-binh,served_by,true
25107,vn:ward:dong-kinh,served_by,true
25110,vn:ward:tam-thanh,served_by,true
25114,vn:ward:luong-van-tri,served_by,true
25115,vn:ward:ky-lua,served_by,true
25164,vn:commune:dong-dang,served_by,true
25176,vn:commune:cong-son,served_by,true
25179,vn:commune:cao-loc,served_by,true
25181,vn:commune:ba-son,served_by,true
25206,vn:commune:na-sam,served_by,true
25209,vn:commune:thuy-hung,served_by,true
25214,vn:commune:hoi-hoan,served_by,true
25223,vn:commune:hoang-van-thu,served_by,true
25226,vn:commune:lang-son:van-lang,served_by,true
25306,vn:commune:that-khe,served_by,true
25309,vn:commune:quoc-khanh,served_by,true
25314,vn:commune:lang-son:doan-ket,served_by,true
25317,vn:commune:lang-son:tan-tien,served_by,true
25323,vn:commune:khang-chien,served_by,true
25325,vn:commune:quoc-viet,served_by,true
25329,vn:commune:trang-dinh,served_by,true
25406,vn:commune:binh-gia,served_by,true
25409,vn:commune:hong-phong,served_by,true
25410,vn:commune:hoa-tham,served_by,true
25413,vn:commune:quy-hoa,served_by,true
25416,vn:commune:thien-thuat,served_by,true
25417,vn:commune:thien-hoa,served_by,true
25418,vn:commune:thien-long,served_by,true
25423,vn:commune:tan-van,served_by,true
25456,vn:commune:bac-son,served_by,true
25463,vn:commune:tan-tri,served_by,true
25465,vn:commune:vu-le,served_by,true
25468,vn:commune:nhat-hoa,served_by,true
25470,vn:commune:vu-lang,served_by,true
25474,vn:commune:hung-vu,served_by,true
25506,vn:commune:van-quan,served_by,true
25508,vn:commune:diem-he,served_by,true
25516,vn:commune:tri-le,served_by,true
25518,vn:commune:yen-phuc,served_by,true
25523,vn:commune:tan-doan,served_by,true
25526,vn:commune:khanh-khe,served_by,true
25606,vn:commune:huu-lung,served_by,true
25608,vn:commune:cai-kinh,served_by,true
25610,vn:commune:huu-lien,served_by,true
25613,vn:commune:lang-son:yen-binh,served_by,true
25615,vn:commune:thien-tan,served_by,true
25619,vn:commune:van-nham,served_by,true
25629,vn:commune:lang-son:tan-thanh,served_by,true
25632,vn:commune:tuan-son,served_by,true
25711,vn:commune:bang-mac,served_by,true
25712,vn:commune:van-linh,served_by,true
25715,vn:commune:chi-lang,served_by,true
25718,vn:commune:quan-son,served_by,true
25719,vn:commune:nhan-ly,served_by,true
25725,vn:commune:chien-thang,served_by,true
25806,vn:commune:loc-binh,served_by,true
25809,vn:commune:mau-son,served_by,true
25815,vn:commune:thong-nhat,served_by,true
25821,vn:commune:lang-son:xuan-duong,served_by,true
25827,vn:commune:na-duong,served_by,true
25828,vn:commune:loi-bac,served_by,true
25831,vn:commune:khuat-xa,served_by,true
25907,vn:commune:kien-moc,served_by,true
25910,vn:commune:dinh-lap,served_by,true
25911,vn:commune:lang-son:thai-binh,served_by,true
25917,vn:commune:chau-son,served_by,true
26113,vn:ward:da-mai,served_by,true
26117,vn:ward:tan-tien,served_by,true
26122,vn:ward:bac-giang,served_by,true
26162,vn:ward:tu-lan,served_by,true
26166,vn:ward:van-ha,served_by,true
26169,vn:ward:nenh,served_by,true
26175,vn:ward:viet-yen,served_by,true
26207,vn:ward:canh-thuy,served_by,true
26215,vn:ward:tan-an,served_by,true
26219,vn:ward:tien-phong,served_by,true
26226,vn:commune:dong-viet,served_by,true
26227,vn:ward:yen-dung,served_by,true
26310,vn:commune:dong-phu,served_by,true
26313,vn:commune:bao-dai,served_by,true
26321,vn:commune:cam-ly,served_by,true
26322,vn:commune:bac-lung,served_by,true
26327,vn:commune:nghia-phuong,served_by,true
26330,vn:commune:truong-son,served_by,true
26332,vn:commune:luc-son,served_by,true
26333,vn:ward:luc-nam,served_by,true
26410,vn:commune:van-son,served_by,true
26414,vn:commune:dai-son,served_by,true
26418,vn:commune:yen-dinh,served_by,true
26421,vn:commune:an-lac,served_by,true
26422,vn:commune:duong-huu,served_by,true
26425,vn:commune:tuan-dao,served_by,true
26427,vn:commune:tay-yen-tu,served_by,true
26429,vn:commune:bac-ninh:son-dong,served_by,true
26506,vn:ward:chu,served_by,true
26512,vn:commune:bien-dong,served_by,true
26514,vn:commune:sa-ly,served_by,true
26517,vn:commune:tan-son,served_by,true
26519,vn:commune:son-hai,served_by,true
26521,vn:commune:bien-son,served_by,true
26526,vn:commune:kien-lao,served_by,true
26529,vn:commune:nam-duong,served_by,true
26531,vn:ward:phuong-son,served_by,true
26534,vn:commune:deo-gia,served_by,true
26536,vn:commune:luc-ngan,served_by,true
26610,vn:ward:kep,served_by,true
26618,vn:commune:tien-luc,served_by,true
26622,vn:commune:my-thai,served_by,true
26626,vn:commune:tan-dinh,served_by,true
26629,vn:ward:lang-giang,served_by,true
26713,vn:commune:xuan-luong,served_by,true
26714,vn:commune:tam-tien,served_by,true
26723,vn:ward:bo-ha,served_by,true
26724,vn:commune:dong-ky,served_by,true
26727,vn:commune:yen-the,served_by,true
26809,vn:commune:bac-ninh:phuc-hoa,served_by,true
26811,vn:commune:nha-nam,served_by,true
26813,vn:commune:bac-ninh:quang-trung,served_by,true
26825,vn:commune:ngoc-thien,served_by,true
26830,vn:commune:bac-ninh:tan-yen,served_by,true
26912,vn:commune:hoang-van,served_by,true
26920,vn:commune:hop-thinh,served_by,true
26924,vn:commune:xuan-cam,served_by,true
26932,vn:ward:bac-ninh:hiep-hoa,served_by,true
30109,vn:ward:doan-ket,served_by,true
30110,vn:ward:tan-phong,served_by,true
30207,vn:commune:binh-lu,served_by,true
30211,vn:commune:ta-leng,served_by,true
30217,vn:commune:khun-ha,served_by,true
30219,vn:commune:ban-bo,served_by,true
30306,vn:commune:phong-tho,served_by,true
30307,vn:commune:khong-lao,served_by,true
30309,vn:commune:dao-san,served_by,true
30313,vn:commune:si-lo-lau,served_by,true
30323,vn:commune:sin-suoi-ho,served_by,true
30407,vn:commune:bum-nua,served_by,true
30409,vn:commune:pa-u,served_by,true
30411,vn:commune:thu-lum,served_by,true
30413,vn:commune:mu-ca,served_by,true
30414,vn:commune:muong-te,served_by,true
30416,vn:commune:bum-to,served_by,true
30417,vn:commune:ta-tong,served_by,true
30507,vn:commune:nam-hang,served_by,true
30512,vn:commune:hua-bum,served_by,true
30513,vn:commune:muong-mo,served_by,true
30516,vn:commune:le-loi,served_by,true
30606,vn:commune:sin-ho,served_by,true
30610,vn:commune:pa-tan,served_by,true
30611,vn:commune:hong-thu,served_by,true
30617,vn:commune:tua-sin-chai,served_by,true
30618,vn:commune:nam-ma,served_by,true
30622,vn:commune:nam-cuoi,served_by,true
30624,vn:commune:pu-sam-cap,served_by,true
30626,vn:commune:nam-tam,served_by,true
30706,vn:commune:tan-uyen,served_by,true
30708,vn:commune:muong-khoa,served_by,true
30711,vn:commune:nam-so,served_by,true
30713,vn:commune:pac-ta,served_by,true
30806,vn:commune:than-uyen,served_by,true
30814,vn:commune:khoen-on,served_by,true
30816,vn:commune:muong-kim,served_by,true
30818,vn:commune:muong-than,served_by,true
31109,vn:ward:lao-cai,served_by,true
31115,vn:commune:hop-thanh,served_by,true
31116,vn:ward:cam-duong,served_by,true
31123,vn:commune:coc-san,served_by,true
31207,vn:commune:xuan-quang,served_by,true
31213,vn:commune:lao-cai:gia-phu,served_by,true
31216,vn:commune:tang-loong,served_by,true
31221,vn:commune:bao-thang,served_by,true
31222,vn:commune:phong-hai,served_by,true
31306,vn:commune:bac-ha,served_by,true
31309,vn:commune:ta-cu-ty,served_by,true
31312,vn:commune:lung-phinh,served_by,true
31321,vn:commune:bao-nhai,served_by,true
31322,vn:commune:coc-lau,served_by,true
31326,vn:commune:ban-lien,served_by,true
31406,vn:commune:si-ma-cai,served_by,true
31410,vn:commune:sin-cheng,served_by,true
31506,vn:commune:muong-khuong,served_by,true
31509,vn:commune:pha-long,served_by,true
31513,vn:commune:ban-lau,served_by,true
31517,vn:commune:cao-son,served_by,true
31606,vn:commune:bat-xat,served_by,true
31610,vn:commune:trinh-tuong,served_by,true
31612,vn:commune:a-mu-sung,served_by,true
31615,vn:commune:y-ty,served_by,true
31616,vn:commune:den-sang,served_by,true
31619,vn:commune:muong-hum,served_by,true
31622,vn:commune:ban-xeo,served_by,true
31706,vn:ward:sa-pa,served_by,true
31709,vn:commune:ta-phin,served_by,true
31710,vn:commune:ngu-chi-son,served_by,true
31714,vn:commune:ta-van,served_by,true
31715,vn:commune:ban-ho,served_by,true
31718,vn:commune:muong-bo,served_by,true
31810,vn:commune:vo-lao,served_by,true
31815,vn:commune:nam-chay,served_by,true
31816,vn:commune:nam-xe,served_by,true
31817,vn:commune:minh-luong,served_by,true
31820,vn:commune:duong-quy,served_by,true
31827,vn:commune:chieng-ken,served_by,true
31829,vn:commune:van-ban,served_by,true
31830,vn:commune:khanh-yen,served_by,true
31908,vn:commune:xuan-hoa,served_by,true
31910,vn:commune:nghia-do,served_by,true
31913,vn:commune:thuong-ha,served_by,true
31918,vn:commune:bao-ha,served_by,true
31921,vn:commune:phuc-khanh,served_by,true
31924,vn:commune:bao-yen,served_by,true
32116,vn:commune:muong-phang,served_by,true
32118,vn:commune:na-tau,served_by,true
32119,vn:ward:muong-thanh,served_by,true
32120,vn:ward:dien-bien-phu,served_by,true
32208,vn:commune:thanh-an,served_by,true
32214,vn:commune:muong-pon,served_by,true
32216,vn:commune:thanh-nua,served_by,true
32220,vn:commune:thanh-yen,served_by,true
32226,vn:commune:nua-ngam,served_by,true
32228,vn:commune:muong-nha,served_by,true
32231,vn:commune:sam-mun,served_by,true
32309,vn:commune:xa-dung,served_by,true
32310,vn:commune:na-son,served_by,true
32311,vn:commune:pu-nhi,served_by,true
32314,vn:commune:phinh-giang,served_by,true
32316,vn:commune:tia-dinh,served_by,true
32319,vn:commune:muong-luan,served_by,true
32406,vn:commune:muong-ang,served_by,true
32413,vn:commune:muong-lan,served_by,true
32415,vn:commune:bung-lao,served_by,true
32506,vn:commune:tuan-giao,served_by,true
32513,vn:commune:pu-nhung,served_by,true
32516,vn:commune:muong-mun,served_by,true
32521,vn:commune:chieng-sinh,served_by,true
32524,vn:commune:quai-to,served_by,true
32606,vn:commune:tua-chua,served_by,true
32610,vn:commune:tua-thang,served_by,true
32612,vn:commune:sin-chai,served_by,true
32617,vn:commune:sinh-phinh,served_by,true
32618,vn:commune:sang-nhe,served_by,true
32709,vn:ward:muong-lay,served_by,true
32758,vn:commune:nam-nen,served_by,true
32759,vn:commune:pa-ham,served_by,true
32763,vn:commune:muong-tung,served_by,true
32766,vn:commune:na-sang,served_by,true
32806,vn:commune:na-hy,served_by,true
32807,vn:commune:si-pa-phin,served_by,true
32810,vn:commune:cha-to,served_by,true
32819,vn:commune:na-bung,served_by,true
32821,vn:commune:muong-cha,served_by,true
32906,vn:commune:muong-nhe,served_by,true
32911,vn:commune:sin-thau,served_by,true
32912,vn:commune:nam-ke,served_by,true
32913,vn:commune:dien-bien:quang-lam,served_by,true
32916,vn:commune:muong-toong,served_by,true
33110,vn:ward:nam-cuong,served_by,true
33112,vn:ward:au-lau,served_by,true
33118,vn:ward:van-phu,served_by,true
33123,vn:ward:yen-bai,served_by,true
33206,vn:commune:yen-binh,served_by,true
33212,vn:commune:lao-cai:yen-thanh,served_by,true
33215,vn:commune:cam-nhan,served_by,true
33221,vn:commune:bao-ai,served_by,true
33231,vn:commune:thac-ba,served_by,true
33308,vn:commune:muong-lai,served_by,true
33312,vn:commune:lam-thuong,served_by,true
33316,vn:commune:tan-linh,served_by,true
33319,vn:commune:khanh-hoa,served_by,true
33323,vn:commune:phuc-loi,served_by,true
33330,vn:commune:luc-yen,served_by,true
33406,vn:commune:mau-a,served_by,true
33411,vn:commune:lam-giang,served_by,true
33416,vn:commune:dong-cuong,served_by,true
33417,vn:commune:phong-du-ha,served_by,true
33418,vn:commune:phong-du-thuong,served_by,true
33420,vn:commune:tan-hop,served_by,true
33425,vn:commune:mo-vang,served_by,true
33428,vn:commune:xuan-ai,served_by,true
33433,vn:commune:chau-que,served_by,true
33506,vn:commune:mu-cang-chai,served_by,true
33508,vn:commune:khao-mang,served_by,true
33510,vn:commune:lao-cai:lao-chai,served_by,true
33512,vn:commune:che-tao,served_by,true
33514,vn:commune:pung-luong,served_by,true
33519,vn:commune:nam-co,served_by,true
33609,vn:commune:tram-tau,served_by,true
33615,vn:commune:ta-xi-lang,served_by,true
33616,vn:commune:phinh-ho,served_by,true
33618,vn:commune:lao-cai:hanh-phuc,served_by,true
33706,vn:ward:trung-tam,served_by,true
33712,vn:ward:cau-thia,served_by,true
33713,vn:ward:nghia-lo,served_by,true
33812,vn:commune:gia-hoi,served_by,true
33814,vn:commune:tu-le,served_by,true
33816,vn:commune:son-luong,served_by,true
33828,vn:commune:cat-thinh,served_by,true
33829,vn:commune:thuong-bang-la,served_by,true
33831,vn:commune:nghia-tam,served_by,true
33833,vn:commune:chan-thinh,served_by,true
33837,vn:commune:lien-son,served_by,true
33838,vn:commune:van-chan,served_by,true
33913,vn:commune:quy-mong,served_by,true
33916,vn:commune:hung-khanh,served_by,true
33918,vn:commune:viet-hong,served_by,true
33923,vn:commune:luong-thinh,served_by,true
33928,vn:commune:tran-yen,served_by,true
34107,vn:ward:chieng-an,served_by,true
34111,vn:ward:chieng-coi,served_by,true
34112,vn:ward:to-hieu,served_by,true
34116,vn:ward:chieng-sinh,served_by,true
34208,vn:commune:ngoc-chien,served_by,true
34210,vn:commune:chieng-lao,served_by,true
34216,vn:commune:muong-bu,served_by,true
34218,vn:commune:chieng-hoa,served_by,true
34222,vn:commune:muong-la,served_by,true
34256,vn:commune:muong-chien,served_by,true
34264,vn:commune:muong-sai,served_by,true
34266,vn:commune:muong-gion,served_by,true
34267,vn:commune:quynh-nhai,served_by,true
34306,vn:commune:thuan-chau,served_by,true
34307,vn:commune:chieng-la,served_by,true
34311,vn:commune:muong-khieng,served_by,true
34318,vn:commune:muong-e,served_by,true
34322,vn:commune:long-he,served_by,true
34324,vn:commune:muong-bam,served_by,true
34325,vn:commune:co-ma,served_by,true
34332,vn:commune:nam-lau,served_by,true
34334,vn:commune:muoi-noi,served_by,true
34335,vn:commune:binh-thuan,served_by,true
34406,vn:commune:song-ma,served_by,true
34407,vn:commune:chieng-khoong,served_by,true
34409,vn:commune:nam-ty,served_by,true
34411,vn:commune:muong-lam,served_by,true
34412,vn:commune:bo-sinh,served_by,true
34417,vn:commune:chieng-so,served_by,true
34419,vn:commune:huoi-mot,served_by,true
34421,vn:commune:muong-hung,served_by,true
34422,vn:commune:chieng-khuong,served_by,true
34456,vn:commune:sop-cop,served_by,true
34458,vn:commune:pung-banh,served_by,true
34460,vn:commune:muong-leo,served_by,true
34463,vn:commune:son-la:muong-lan,served_by,true
34508,vn:commune:ta-hoc,served_by,true
34510,vn:commune:chieng-sung,served_by,true
34513,vn:commune:chieng-mung,served_by,true
34516,vn:commune:muong-chanh,served_by,true
34518,vn:commune:phieng-cam,served_by,true
34520,vn:commune:chieng-mai,served_by,true
34524,vn:commune:phieng-pan,served_by,true
34528,vn:commune:mai-son,served_by,true
34606,vn:commune:bac-yen,served_by,true
34607,vn:commune:ta-xua,served_by,true
34609,vn:commune:xim-vang,served_by,true
34611,vn:commune:pac-nga,served_by,true
34616,vn:commune:ta-khoa,served_by,true
34618,vn:commune:chieng-sai,served_by,true
34656,vn:commune:yen-chau,served_by,true
34662,vn:commune:son-la:yen-son,served_by,true
34664,vn:commune:phieng-khoai,served_by,true
34666,vn:commune:chieng-hac,served_by,true
34667,vn:commune:long-phieng,served_by,true
34709,vn:commune:doan-ket,served_by,true
34711,vn:commune:tan-yen,served_by,true
34717,vn:commune:long-sap,served_by,true
34718,vn:commune:chieng-son,served_by,true
34721,vn:ward:moc-son,served_by,true
34722,vn:ward:thao-nguyen,served_by,true
34724,vn:ward:van-son,served_by,true
34725,vn:ward:moc-chau,served_by,true
34806,vn:commune:van-ho,served_by,true
34812,vn:commune:song-khua,served_by,true
34815,vn:commune:to-mua,served_by,true
34818,vn:commune:xuan-nha,served_by,true
34908,vn:commune:muong-coi,served_by,true
34910,vn:commune:suoi-to,served_by,true
34916,vn:commune:gia-phu,served_by,true
34921,vn:commune:kim-bon,served_by,true
34923,vn:commune:tuong-ha,served_by,true
34930,vn:commune:tan-phong,served_by,true
34932,vn:commune:muong-bang,served_by,true
34933,vn:commune:phu-yen,served_by,true
35107,vn:ward:thanh-mieu,served_by,true
35114,vn:commune:hy-cuong,served_by,true
35118,vn:ward:phu-tho:van-phu,served_by,true
35120,vn:ward:nong-trang,served_by,true
35129,vn:ward:viet-tri,served_by,true
35214,vn:commune:phu-my,served_by,true
35216,vn:commune:tram-than,served_by,true
35220,vn:commune:phu-ninh,served_by,true
35222,vn:commune:binh-phu,served_by,true
35225,vn:commune:dan-chu,served_by,true
35256,vn:commune:phu-tho:lam-thao,served_by,true
35260,vn:commune:xuan-lung,served_by,true
35262,vn:commune:phung-nguyen,served_by,true
35266,vn:commune:ban-nguyen,served_by,true
35306,vn:commune:doan-hung,served_by,true
35308,vn:commune:chi-dam,served_by,true
35313,vn:commune:bang-luan,served_by,true
35319,vn:commune:tay-coc,served_by,true
35331,vn:commune:chan-mong,served_by,true
35406,vn:commune:ha-hoa,served_by,true
35414,vn:commune:dan-thuong,served_by,true
35420,vn:commune:hien-luong,served_by,true
35426,vn:commune:phu-tho:van-lang,served_by,true
35429,vn:commune:vinh-chan,served_by,true
35436,vn:commune:yen-ky,served_by,true
35506,vn:commune:phu-tho:yen-lap,served_by,true
35509,vn:commune:xuan-vien,served_by,true
35514,vn:commune:phu-tho:trung-son,served_by,true
35516,vn:commune:thuong-long,served_by,true
35521,vn:commune:minh-hoa,served_by,true
35523,vn:commune:phu-tho:son-luong,served_by,true
35559,vn:commune:thu-cuc,served_by,true
35561,vn:commune:lai-dong,served_by,true
35564,vn:commune:xuan-dai,served_by,true
35569,vn:commune:long-coc,served_by,true
35571,vn:commune:minh-dai,served_by,true
35573,vn:commune:phu-tho:tan-son,served_by,true
35606,vn:commune:cam-khe,served_by,true
35614,vn:commune:tien-luong,served_by,true
35618,vn:commune:phu-tho:van-ban,served_by,true
35623,vn:commune:phu-khe,served_by,true
35630,vn:commune:dong-luong,served_by,true
35632,vn:commune:hung-viet,served_by,true
35706,vn:commune:thanh-ba,served_by,true
35707,vn:commune:quang-yen,served_by,true
35720,vn:commune:hoang-cuong,served_by,true
35721,vn:commune:chi-tien,served_by,true
35727,vn:commune:dong-thanh,served_by,true
35733,vn:commune:phu-tho:lien-minh,served_by,true
35806,vn:commune:thanh-son,served_by,true
35810,vn:commune:vo-mieu,served_by,true
35812,vn:commune:van-mieu,served_by,true
35814,vn:commune:kha-cuu,served_by,true
35819,vn:commune:phu-tho:yen-son,served_by,true
35823,vn:commune:huong-can,served_by,true
35825,vn:commune:cu-dong,served_by,true
35856,vn:commune:phu-tho:thanh-thuy,served_by,true
35860,vn:commune:dao-xa,served_by,true
35867,vn:commune:tu-vu,served_by,true
35906,vn:ward:au-co,served_by,true
35907,vn:ward:phong-chau,served_by,true
35916,vn:ward:phu-tho,served_by,true
35958,vn:commune:van-xuan,served_by,true
35962,vn:commune:hien-quan,served_by,true
35971,vn:commune:tho-van,served_by,true
35976,vn:commune:tam-nong,served_by,true
36111,vn:ward:tan-hoa,served_by,true
36118,vn:ward:thong-nhat,served_by,true
36121,vn:ward:ky-son,served_by,true
36122,vn:ward:hoa-binh,served_by,true
36127,vn:commune:thinh-minh,served_by,true
36256,vn:commune:luong-son,served_by,true
36272,vn:commune:cao-duong,served_by,true
36275,vn:commune:phu-tho:lien-son,served_by,true
36306,vn:commune:da-bac,served_by,true
36310,vn:commune:tan-pheo,served_by,true
36321,vn:commune:tien-phong,served_by,true
36322,vn:commune:phu-tho:cao-son,served_by,true
36326,vn:commune:duc-nhan,served_by,true
36327,vn:commune:quy-duc,served_by,true
36406,vn:commune:mai-chau,served_by,true
36414,vn:commune:pa-co,served_by,true
36418,vn:commune:bao-la,served_by,true
36423,vn:commune:mai-ha,served_by,true
36429,vn:commune:tan-mai,served_by,true
36506,vn:commune:cao-phong,served_by,true
36511,vn:commune:thung-nai,served_by,true
36519,vn:commune:muong-thang,served_by,true
36568,vn:commune:phu-tho:van-son,served_by,true
36580,vn:commune:tan-lac,served_by,true
36581,vn:commune:muong-bi,served_by,true
36582,vn:commune:toan-thang,served_by,true
36583,vn:commune:muong-hoa,served_by,true
36607,vn:commune:phu-tho:yen-phu,served_by,true
36615,vn:commune:nhan-nghia,served_by,true
36618,vn:commune:thuong-coc,served_by,true
36619,vn:commune:quyet-thang,served_by,true
36624,vn:commune:ngoc-son,served_by,true
36635,vn:commune:lac-son,served_by,true
36636,vn:commune:muong-vang,served_by,true
36637,vn:commune:phu-tho:dai-dong,served_by,true
36711,vn:commune:lac-luong,served_by,true
36716,vn:commune:yen-tri,served_by,true
36719,vn:commune:yen-thuy,served_by,true
36818,vn:commune:an-binh,served_by,true
36821,vn:commune:lac-thuy,served_by,true
36822,vn:commune:an-nghia,served_by,true
36925,vn:commune:kim-boi,served_by,true
36934,vn:commune:muong-dong,served_by,true
36935,vn:commune:dung-tien,served_by,true
36936,vn:commune:hop-kim,served_by,true
36937,vn:commune:nat-son,served_by,true
40106,vn:ward:ham-rong,served_by,true
40140,vn:ward:quang-phu,served_by,true
40143,vn:ward:hac-thanh,served_by,true
40144,vn:ward:dong-son,served_by,true
40145,vn:ward:nguyet-vien,served_by,true
40217,vn:ward:sam-son,served_by,true
40218,vn:ward:nam-sam-son,served_by,true
40311,vn:commune:hoang-thanh,served_by,true
40312,vn:commune:hoang-tien,served_by,true
40323,vn:commune:hoang-son,served_by,true
40331,vn:commune:hoang-phu,served_by,true
40332,vn:commune:hoang-giang,served_by,true
40340,vn:commune:hoang-loc,served_by,true
40348,vn:commune:hoang-chau,served_by,true
40349,vn:commune:hoang-hoa,served_by,true
40406,vn:commune:hau-loc,served_by,true
40413,vn:commune:hoa-loc,served_by,true
40426,vn:commune:trieu-loc,served_by,true
40433,vn:commune:thanh-hoa:dong-thanh,served_by,true
40434,vn:commune:van-loc,served_by,true
40506,vn:commune:nga-son,served_by,true
40511,vn:commune:nga-an,served_by,true
40519,vn:commune:ba-dinh,served_by,true
40522,vn:commune:nga-thang,served_by,true
40533,vn:commune:ho-vuong,served_by,true
40534,vn:commune:thanh-hoa:tan-tien,served_by,true
40606,vn:commune:ha-trung,served_by,true
40610,vn:commune:hoat-giang,served_by,true
40618,vn:commune:linh-toai,served_by,true
40623,vn:commune:ha-long,served_by,true
40631,vn:commune:tong-son,served_by,true
40710,vn:ward:quang-trung,served_by,true
40714,vn:ward:bim-son,served_by,true
40807,vn:ward:dong-tien,served_by,true
40819,vn:ward:dong-quang,served_by,true
40911,vn:commune:thieu-quang,served_by,true
40921,vn:commune:thieu-tien,served_by,true
40922,vn:commune:thieu-toan,served_by,true
40931,vn:commune:thieu-trung,served_by,true
40934,vn:commune:thieu-hoa,served_by,true
41009,vn:commune:dinh-tan,served_by,true
41015,vn:commune:thanh-hoa:dinh-hoa,served_by,true
41020,vn:commune:yen-ninh,served_by,true
41025,vn:commune:yen-truong,served_by,true
41027,vn:commune:thanh-hoa:yen-phu,served_by,true
41032,vn:commune:quy-loc,served_by,true
41035,vn:commune:thanh-hoa:yen-dinh,served_by,true
41106,vn:commune:vinh-loc,served_by,true
41122,vn:commune:tay-do,served_by,true
41123,vn:commune:bien-thuong,served_by,true
41206,vn:commune:kim-tan,served_by,true
41207,vn:commune:van-du,served_by,true
41213,vn:commune:thanh-vinh,served_by,true
41218,vn:commune:thach-quang,served_by,true
41221,vn:commune:thach-binh,served_by,true
41233,vn:commune:ngoc-trao,served_by,true
41309,vn:commune:cam-tu,served_by,true
41314,vn:commune:cam-thach,served_by,true
41323,vn:commune:cam-tan,served_by,true
41325,vn:commune:cam-van,served_by,true
41326,vn:commune:cam-thuy,served_by,true
41412,vn:commune:co-lung,served_by,true
41419,vn:commune:dien-lu,served_by,true
41424,vn:commune:dien-quang,served_by,true
41425,vn:commune:thiet-ong,served_by,true
41428,vn:commune:van-nho,served_by,true
41429,vn:commune:ba-thuoc,served_by,true
41430,vn:commune:quy-luong,served_by,true
41431,vn:commune:pu-luong,served_by,true
41506,vn:commune:trieu-son,served_by,true
41513,vn:commune:tho-phu,served_by,true
41519,vn:commune:tho-ngoc,served_by,true
41524,vn:commune:tho-binh,served_by,true
41526,vn:commune:thanh-hoa:hop-tien,served_by,true
41532,vn:commune:an-nong,served_by,true
41540,vn:commune:dong-tien,served_by,true
41542,vn:commune:tan-ninh,served_by,true
41606,vn:commune:tho-xuan,served_by,true
41613,vn:commune:thanh-hoa:xuan-hoa,served_by,true
41616,vn:commune:xuan-lap,served_by,true
41620,vn:commune:xuan-tin,served_by,true
41621,vn:commune:tho-lap,served_by,true
41628,vn:commune:lam-son,served_by,true
41629,vn:commune:sao-vang,served_by,true
41647,vn:commune:tho-long,served_by,true
41706,vn:commune:ngoc-lac,served_by,true
41712,vn:commune:ngoc-lien,served_by,true
41716,vn:commune:thach-lap,served_by,true
41720,vn:commune:thanh-hoa:minh-son,served_by,true
41723,vn:commune:nguyet-an,served_by,true
41727,vn:commune:kien-tho,served_by,true
41807,vn:commune:thanh-hoa:dong-luong,served_by,true
41812,vn:commune:yen-khuong,served_by,true
41813,vn:commune:yen-thang,served_by,true
41815,vn:commune:giao-an,served_by,true
41817,vn:commune:linh-son,served_by,true
41818,vn:commune:thanh-hoa:van-phu,served_by,true
41906,vn:commune:hoi-xuan,served_by,true
41910,vn:commune:nam-xuan,served_by,true
41912,vn:commune:thien-phu,served_by,true
41913,vn:commune:hien-kiet,served_by,true
41917,vn:commune:phu-xuan,served_by,true
41918,vn:commune:phu-le,served_by,true
41921,vn:commune:trung-thanh,served_by,true
41923,vn:commune:thanh-hoa:trung-son,served_by,true
42009,vn:commune:thanh-hoa:trung-ha,served_by,true
42012,vn:commune:tam-lu,served_by,true
42014,vn:commune:tam-thanh,served_by,true
42015,vn:commune:son-dien,served_by,true
42016,vn:commune:muong-min,served_by,true
42017,vn:commune:na-meo,served_by,true
42018,vn:commune:thanh-hoa:son-thuy,served_by,true
42019,vn:commune:thanh-hoa:quan-son,served_by,true
42106,vn:commune:muong-lat,served_by,true
42107,vn:commune:trung-ly,served_by,true
42108,vn:commune:muong-ly,served_by,true
42109,vn:commune:tam-chung,served_by,true
42111,vn:commune:nhi-son,served_by,true
42112,vn:commune:thanh-hoa:pu-nhi,served_by,true
42113,vn:commune:quang-chieu,served_by,true
42114,vn:commune:thanh-hoa:muong-chanh,served_by,true
42206,vn:commune:thuong-xuan,served_by,true
42210,vn:commune:thanh-hoa:luong-son,served_by,true
42211,vn:commune:yen-nhan,served_by,true
42212,vn:commune:bat-mot,served_by,true
42213,vn:commune:thanh-hoa:van-xuan,served_by,true
42217,vn:commune:xuan-chinh,served_by,true
42220,vn:commune:luan-thanh,served_by,true
42221,vn:commune:thanh-hoa:tan-thanh,served_by,true
42223,vn:commune:thang-loc,served_by,true
42306,vn:commune:nong-cong,served_by,true
42324,vn:commune:thanh-hoa:trung-chinh,served_by,true
42328,vn:commune:thang-binh,served_by,true
42332,vn:commune:tuong-linh,served_by,true
42335,vn:commune:cong-chinh,served_by,true
42338,vn:commune:thang-loi,served_by,true
42339,vn:commune:truong-van,served_by,true
42408,vn:commune:mau-lam,served_by,true
42410,vn:commune:xuan-du,served_by,true
42416,vn:commune:xuan-thai,served_by,true
42418,vn:commune:thanh-hoa:yen-tho,served_by,true
42422,vn:commune:thanh-ky,served_by,true
42423,vn:commune:nhu-thanh,served_by,true
42509,vn:commune:thuong-ninh,served_by,true
42511,vn:commune:hoa-quy,served_by,true
42515,vn:commune:thanh-quan,served_by,true
42516,vn:commune:thanh-phong,served_by,true
42522,vn:commune:xuan-binh,served_by,true
42524,vn:commune:nhu-xuan,served_by,true
42614,vn:commune:thanh-hoa:quang-yen,served_by,true
42617,vn:commune:quang-ninh,served_by,true
42621,vn:commune:thanh-hoa:quang-binh,served_by,true
42623,vn:commune:quang-ngoc,served_by,true
42627,vn:commune:tien-trang,served_by,true
42633,vn:commune:quang-chinh,served_by,true
42636,vn:commune:luu-ve,served_by,true
42711,vn:ward:hai-linh,served_by,true
42712,vn:ward:tan-dan,served_by,true
42722,vn:commune:cac-son,served_by,true
42727,vn:ward:hai-binh,served_by,true
42730,vn:ward:truc-lam,served_by,true
42736,vn:commune:truong-lam,served_by,true
42739,vn:ward:nghi-son,served_by,true
42740,vn:ward:ngoc-son,served_by,true
42741,vn:ward:tinh-gia,served_by,true
42742,vn:ward:dao-duy-tu,served_by,true
43131,vn:ward:truong-vinh,served_by,true
43132,vn:ward:thanh-vinh,served_by,true
43133,vn:ward:nghe-an:vinh-hung,served_by,true
43134,vn:ward:vinh-phu,served_by,true
43135,vn:ward:vinh-loc,served_by,true
43136,vn:ward:cua-lo,served_by,true
43336,vn:commune:nghi-loc,served_by,true
43337,vn:commune:nghe-an:phuc-loc,served_by,true
43338,vn:commune:dong-loc,served_by,true
43339,vn:commune:trung-loc,served_by,true
43340,vn:commune:than-linh,served_by,true
43341,vn:commune:hai-loc,served_by,true
43342,vn:commune:van-kieu,served_by,true
43411,vn:commune:nghe-an:minh-chau,served_by,true
43445,vn:commune:dien-chau,served_by,true
43446,vn:commune:duc-chau,served_by,true
43447,vn:commune:quang-chau,served_by,true
43448,vn:commune:hai-chau,served_by,true
43449,vn:commune:tan-chau,served_by,true
43475,vn:commune:an-chau,served_by,true
43476,vn:commune:hung-chau,served_by,true
43529,vn:commune:quynh-son,served_by,true
43531,vn:commune:quynh-van,served_by,true
43534,vn:commune:quynh-thang,served_by,true
43536,vn:commune:quynh-tam,served_by,true
43539,vn:commune:nghe-an:quynh-luu,served_by,true
43540,vn:commune:quynh-anh,served_by,true
43541,vn:commune:nghe-an:quynh-phu,served_by,true
43620,vn:commune:van-tu,served_by,true
43645,vn:commune:nghe-an:yen-thanh,served_by,true
43646,vn:commune:quan-thanh,served_by,true
43647,vn:commune:hop-minh,served_by,true
43648,vn:commune:nghe-an:van-du,served_by,true
43649,vn:commune:quang-dong,served_by,true
43675,vn:commune:giai-lac,served_by,true
43676,vn:commune:nghe-an:binh-minh,served_by,true
43677,vn:commune:nghe-an:dong-thanh,served_by,true
43706,vn:commune:nghe-an:nghia-dan,served_by,true
43708,vn:commune:nghia-tho,served_by,true
43713,vn:commune:nghe-an:nghia-lam,served_by,true
43718,vn:commune:nghia-mai,served_by,true
43721,vn:commune:nghe-an:nghia-hung,served_by,true
43728,vn:commune:nghia-khanh,served_by,true
43730,vn:commune:nghia-loc,served_by,true
43806,vn:commune:nghe-an:tan-ky,served_by,true
43811,vn:commune:tan-phu,served_by,true
43815,vn:commune:nghia-dong,served_by,true
43817,vn:commune:giai-xuan,served_by,true
43821,vn:commune:nghe-an:tan-an,served_by,true
43825,vn:commune:nghia-hanh,served_by,true
43828,vn:commune:tien-dong,served_by,true
43906,vn:commune:quy-hop,served_by,true
43907,vn:commune:minh-hop,served_by,true
43911,vn:commune:chau-loc,served_by,true
43912,vn:commune:tam-hop,served_by,true
43917,vn:commune:chau-hong,served_by,true
43927,vn:commune:muong-ham,served_by,true
43928,vn:commune:muong-chong,served_by,true
44007,vn:commune:chau-binh,served_by,true
44013,vn:commune:chau-tien,served_by,true
44018,vn:commune:quy-chau,served_by,true
44019,vn:commune:hung-chan,served_by,true
44064,vn:commune:nghe-an:tien-phong,served_by,true
44066,vn:commune:thong-thu,served_by,true
44069,vn:commune:nghe-an:tri-le,served_by,true
44070,vn:commune:que-phong,served_by,true
44071,vn:commune:muong-quang,served_by,true
44106,vn:commune:do-luong,served_by,true
44129,vn:commune:nghe-an:bach-ngoc,served_by,true
44139,vn:commune:van-hien,served_by,true
44140,vn:commune:bach-ha,served_by,true
44141,vn:commune:thuan-trung,served_by,true
44142,vn:commune:nghe-an:luong-son,served_by,true
44227,vn:commune:anh-son,served_by,true
44228,vn:commune:nghe-an:yen-xuan,served_by,true
44229,vn:commune:nhan-hoa,served_by,true
44230,vn:commune:anh-son-dong,served_by,true
44231,vn:commune:nghe-an:vinh-tuong,served_by,true
44232,vn:commune:thanh-binh-tho,served_by,true
44310,vn:commune:chau-khe,served_by,true
44312,vn:commune:mon-son,served_by,true
44318,vn:commune:binh-chuan,served_by,true
44319,vn:commune:con-cuong,served_by,true
44320,vn:commune:mau-thach,served_by,true
44321,vn:commune:cam-phuc,served_by,true
44359,vn:commune:yen-na,served_by,true
44360,vn:commune:nghe-an:yen-hoa,served_by,true
44362,vn:commune:nga-my,served_by,true
44364,vn:commune:nghe-an:luong-minh,served_by,true
44365,vn:commune:huu-khuong,served_by,true
44367,vn:commune:nhon-mai,served_by,true
44369,vn:commune:tam-thai,served_by,true
44370,vn:commune:tam-quang,served_by,true
44374,vn:commune:tuong-duong,served_by,true
44406,vn:commune:muong-xen,served_by,true
44407,vn:commune:chieu-luu,served_by,true
44411,vn:commune:muong-long,served_by,true
44413,vn:commune:nam-can,served_by,true
44414,vn:commune:huoi-tu,served_by,true
44415,vn:commune:na-loi,served_by,true
44417,vn:commune:keng-du,served_by,true
44418,vn:commune:nghe-an:bac-ly,served_by,true
44419,vn:commune:my-ly,served_by,true
44420,vn:commune:huu-kiem,served_by,true
44423,vn:commune:muong-tip,served_by,true
44425,vn:commune:na-ngoi,served_by,true
44506,vn:commune:hung-nguyen,served_by,true
44529,vn:commune:nghe-an:yen-trung,served_by,true
44530,vn:commune:hung-nguyen-nam,served_by,true
44531,vn:commune:lam-thanh,served_by,true
44617,vn:commune:kim-lien,served_by,true
44630,vn:commune:van-an,served_by,true
44631,vn:commune:nghe-an:nam-dan,served_by,true
44632,vn:commune:dai-hue,served_by,true
44633,vn:commune:thien-nhan,served_by,true
44710,vn:commune:nghe-an:dai-dong,served_by,true
44720,vn:commune:hanh-lam,served_by,true
44733,vn:commune:kim-bang,served_by,true
44746,vn:commune:tam-dong,served_by,true
44747,vn:commune:cat-ngan,served_by,true
44748,vn:commune:son-lam,served_by,true
44749,vn:commune:hoa-quan,served_by,true
44775,vn:commune:bich-hao,served_by,true
44776,vn:commune:xuan-lam,served_by,true
44813,vn:ward:tay-hieu,served_by,true
44815,vn:commune:dong-hieu,served_by,true
44816,vn:ward:thai-hoa,served_by,true
44916,vn:ward:nghe-an:hoang-mai,served_by,true
44917,vn:ward:tan-mai,served_by,true
44918,vn:ward:quynh-mai,served_by,true
45122,vn:ward:thanh-sen,served_by,true
45123,vn:ward:tran-phu,served_by,true
45124,vn:ward:ha-huy-tap,served_by,true
45125,vn:commune:ha-tinh:dong-tien,served_by,true
45206,vn:commune:thach-ha,served_by,true
45211,vn:commune:thach-khe,served_by,true
45213,vn:commune:thach-lac,served_by,true
45234,vn:commune:thach-xuan,served_by,true
45237,vn:commune:toan-luu,served_by,true
45238,vn:commune:viet-xuyen,served_by,true
45239,vn:commune:dong-kinh,served_by,true
45310,vn:commune:tung-loc,served_by,true
45321,vn:commune:gia-hanh,served_by,true
45324,vn:commune:xuan-loc,served_by,true
45325,vn:commune:ha-tinh:dong-loc,served_by,true
45329,vn:commune:can-loc,served_by,true
45330,vn:commune:truong-luu,served_by,true
45410,vn:commune:hong-loc,served_by,true
45413,vn:commune:loc-ha,served_by,true
45417,vn:commune:mai-phu,served_by,true
45506,vn:commune:tien-dien,served_by,true
45519,vn:commune:co-dam,served_by,true
45525,vn:commune:nghi-xuan,served_by,true
45526,vn:commune:dan-hai,served_by,true
45612,vn:ward:bac-hong-linh,served_by,true
45613,vn:ward:nam-hong-linh,served_by,true
45706,vn:commune:duc-tho,served_by,true
45731,vn:commune:duc-dong,served_by,true
45734,vn:commune:duc-quang,served_by,true
45735,vn:commune:duc-thinh,served_by,true
45736,vn:commune:duc-minh,served_by,true
45820,vn:commune:son-tien,served_by,true
45822,vn:commune:son-giang,served_by,true
45829,vn:commune:kim-hoa,served_by,true
45833,vn:commune:son-tay,served_by,true
45835,vn:commune:son-hong,served_by,true
45836,vn:commune:son-kim-1,served_by,true
45837,vn:commune:son-kim-2,served_by,true
45838,vn:commune:ha-tinh:huong-son,served_by,true
45839,vn:commune:tu-my,served_by,true
45906,vn:commune:vu-quang,served_by,true
45918,vn:commune:mai-hoa,served_by,true
45919,vn:commune:thuong-duc,served_by,true
46006,vn:commune:huong-khe,served_by,true
46007,vn:commune:huong-do,served_by,true
46011,vn:commune:ha-linh,served_by,true
46016,vn:commune:huong-binh,served_by,true
46022,vn:commune:huong-xuan,served_by,true
46026,vn:commune:phuc-trach,served_by,true
46028,vn:commune:huong-pho,served_by,true
46106,vn:commune:cam-xuyen,served_by,true
46109,vn:commune:thien-cam,served_by,true
46112,vn:commune:ha-tinh:yen-hoa,served_by,true
46117,vn:commune:cam-binh,served_by,true
46120,vn:commune:cam-due,served_by,true
46124,vn:commune:cam-hung,served_by,true
46127,vn:commune:cam-lac,served_by,true
46131,vn:commune:cam-trung,served_by,true
46217,vn:commune:ky-hoa,served_by,true
46218,vn:ward:song-tri,served_by,true
46219,vn:ward:hai-ninh,served_by,true
46220,vn:ward:hoanh-son,served_by,true
46221,vn:ward:vung-ang,served_by,true
46308,vn:commune:ky-xuan,served_by,true
46313,vn:commune:ky-khang,served_by,true
46315,vn:commune:ky-van,served_by,true
46323,vn:commune:ha-tinh:ky-thuong,served_by,true
46326,vn:commune:ky-lac,served_by,true
46327,vn:commune:ky-anh,served_by,true
47110,vn:ward:quang-tri:dong-son,served_by,true
47122,vn:ward:dong-hoi,served_by,true
47123,vn:ward:dong-thuan,served_by,true
47206,vn:commune:hoan-lao,served_by,true
47212,vn:commune:bac-trach,served_by,true
47230,vn:commune:thuong-trach,served_by,true
47232,vn:commune:phong-nha,served_by,true
47236,vn:commune:dong-trach,served_by,true
47237,vn:commune:bo-trach,served_by,true
47238,vn:commune:nam-trach,served_by,true
47306,vn:ward:ba-don,served_by,true
47322,vn:ward:bac-gianh,served_by,true
47323,vn:commune:nam-ba-don,served_by,true
47324,vn:commune:nam-gianh,served_by,true
47424,vn:commune:quang-trach,served_by,true
47425,vn:commune:trung-thuan,served_by,true
47426,vn:commune:hoa-trach,served_by,true
47427,vn:commune:phu-trach,served_by,true
47428,vn:commune:tan-gianh,served_by,true
47506,vn:commune:dong-le,served_by,true
47526,vn:commune:tuyen-son,served_by,true
47527,vn:commune:tuyen-lam,served_by,true
47528,vn:commune:tuyen-phu,served_by,true
47529,vn:commune:tuyen-binh,served_by,true
47530,vn:commune:tuyen-hoa,served_by,true
47610,vn:commune:quang-tri:tan-thanh,served_by,true
47613,vn:commune:quang-tri:dan-hoa,served_by,true
47622,vn:commune:quang-tri:minh-hoa,served_by,true
47623,vn:commune:kim-dien,served_by,true
47624,vn:commune:kim-phu,served_by,true
47720,vn:commune:quang-tri:truong-son,served_by,true
47721,vn:commune:quang-tri:quang-ninh,served_by,true
47722,vn:commune:ninh-chau,served_by,true
47723,vn:commune:truong-ninh,served_by,true
47834,vn:commune:le-thuy,served_by,true
47835,vn:commune:cam-hong,served_by,true
47836,vn:commune:sen-ngu,served_by,true
47837,vn:commune:quang-tri:tan-my,served_by,true
47838,vn:commune:truong-phu,served_by,true
47839,vn:commune:le-ninh,served_by,true
47840,vn:commune:kim-ngan,served_by,true
48115,vn:ward:dong-ha,served_by,true
48116,vn:ward:nam-dong-ha,served_by,true
48206,vn:commune:cam-lo,served_by,true
48215,vn:commune:hieu-giang,served_by,true
48306,vn:commune:gio-linh,served_by,true
48319,vn:commune:cua-viet,served_by,true
48327,vn:commune:con-tien,served_by,true
48328,vn:commune:ben-hai,served_by,true
48419,vn:commune:cua-tung,served_by,true
48423,vn:commune:ben-quan,served_by,true
48424,vn:commune:vinh-thuy,served_by,true
48428,vn:commune:vinh-linh,served_by,true
48429,vn:commune:vinh-hoang,served_by,true
48506,vn:commune:khe-sanh,served_by,true
48510,vn:commune:huong-lap,served_by,true
48512,vn:commune:huong-phung,served_by,true
48515,vn:commune:lao-bao,served_by,true
48517,vn:commune:tan-lap,served_by,true
48523,vn:commune:lia,served_by,true
48526,vn:commune:a-doi,served_by,true
48607,vn:commune:huong-hiep,served_by,true
48608,vn:commune:dakrong,served_by,true
48612,vn:commune:ba-long,served_by,true
48617,vn:commune:ta-rut,served_by,true
48620,vn:commune:la-lay,served_by,true
48711,vn:commune:trieu-co,served_by,true
48725,vn:commune:trieu-phong,served_by,true
48726,vn:commune:ai-tu,served_by,true
48727,vn:commune:trieu-binh,served_by,true
48728,vn:commune:nam-cua-viet,served_by,true
48811,vn:ward:quang-tri,served_by,true
48906,vn:commune:dien-sanh,served_by,true
48926,vn:commune:my-thuy,served_by,true
48927,vn:commune:quang-tri:hai-lang,served_by,true
48928,vn:commune:nam-hai-lang,served_by,true
48929,vn:commune:vinh-dinh,served_by,true
48956,vn:special_zone:con-co,served_by,true
49107,vn:ward:vy-da,served_by,true
49122,vn:ward:kim-long,served_by,true
49129,vn:ward:an-cuu,served_by,true
49131,vn:ward:thuy-xuan,served_by,true
49133,vn:ward:phu-xuan,served_by,true
49134,vn:ward:hoa-chau,served_by,true
49135,vn:ward:thuan-hoa,served_by,true
49136,vn:ward:huong-an,served_by,true
49141,vn:ward:thuan-an,served_by,true
49142,vn:ward:duong-no,served_by,true
49217,vn:commune:quang-dien,served_by,true
49218,vn:commune:dan-dien,served_by,true
49309,vn:ward:phong-phu,served_by,true
49322,vn:ward:phong-dien,served_by,true
49323,vn:ward:phong-thai,served_by,true
49324,vn:ward:phong-quang,served_by,true
49325,vn:ward:phong-dinh,served_by,true
49422,vn:ward:huong-tra,served_by,true
49423,vn:ward:kim-tra,served_by,true
49424,vn:commune:binh-dien,served_by,true
49527,vn:commune:a-luoi-1,served_by,true
49528,vn:commune:a-luoi-2,served_by,true
49529,vn:commune:a-luoi-3,served_by,true
49530,vn:commune:a-luoi-4,served_by,true
49531,vn:commune:a-luoi-5,served_by,true
49612,vn:ward:phu-bai,served_by,true
49619,vn:ward:thanh-thuy,served_by,true
49620,vn:ward:huong-thuy,served_by,true
49706,vn:commune:khe-tre,served_by,true
49806,vn:commune:phu-loc,served_by,true
49814,vn:commune:loc-an,served_by,true
49824,vn:commune:hue:vinh-loc,served_by,true
49825,vn:commune:chan-may-lang-co,served_by,true
49826,vn:commune:long-quang,served_by,true
49827,vn:commune:hue:nam-dong,served_by,true
49828,vn:commune:hung-loc,served_by,true
49925,vn:commune:phu-ho,served_by,true
49927,vn:ward:my-thuong,served_by,true
49928,vn:commune:phu-vinh,served_by,true
49929,vn:commune:phu-vang,served_by,true
50206,vn:ward:hai-chau,served_by,true
50219,vn:ward:hoa-cuong,served_by,true
50309,vn:ward:an-khe,served_by,true
50316,vn:ward:thanh-khe,served_by,true
50413,vn:ward:da-nang:an-hai,served_by,true
50414,vn:ward:son-tra,served_by,true
50510,vn:ward:ngu-hanh-son,served_by,true
50611,vn:ward:hai-van,served_by,true
50612,vn:ward:lien-chieu,served_by,true
50613,vn:ward:hoa-khanh,served_by,true
50707,vn:ward:hoa-xuan,served_by,true
50712,vn:ward:cam-le,served_by,true
50814,vn:commune:hoa-tien,served_by,true
50817,vn:commune:hoa-vang,served_by,true
50818,vn:commune:ba-na,served_by,true
50906,vn:special_zone:hoang-sa,served_by,true
51119,vn:ward:tam-ky,served_by,true
51120,vn:ward:da-nang:quang-phu,served_by,true
51121,vn:ward:ban-thach,served_by,true
51122,vn:ward:da-nang:huong-tra,served_by,true
51228,vn:commune:da-nang:thang-binh,served_by,true
51229,vn:commune:thang-an,served_by,true
51230,vn:commune:thang-truong,served_by,true
51231,vn:commune:thang-dien,served_by,true
51232,vn:commune:thang-phu,served_by,true
51233,vn:commune:dong-duong,served_by,true
51318,vn:commune:tan-hiep,served_by,true
51319,vn:ward:hoi-an,served_by,true
51320,vn:ward:hoi-an-dong,served_by,true
51321,vn:ward:hoi-an-tay,served_by,true
51426,vn:ward:dien-ban,served_by,true
51427,vn:ward:dien-ban-dong,served_by,true
51428,vn:ward:an-thang,served_by,true
51429,vn:ward:dien-ban-bac,served_by,true
51430,vn:commune:dien-ban-tay,served_by,true
51431,vn:commune:go-noi,served_by,true
51506,vn:commune:nam-phuoc,served_by,true
51510,vn:commune:duy-nghia,served_by,true
51520,vn:commune:duy-xuyen,served_by,true
51521,vn:commune:thu-bon,served_by,true
51624,vn:commune:dai-loc,served_by,true
51625,vn:commune:ha-nha,served_by,true
51626,vn:commune:da-nang:thuong-duc,served_by,true
51627,vn:commune:vu-gia,served_by,true
51628,vn:commune:phu-thuan,served_by,true
51708,vn:commune:song-kon,served_by,true
51717,vn:commune:dong-giang,served_by,true
51718,vn:commune:song-vang,served_by,true
51719,vn:commune:ben-hien,served_by,true
51807,vn:commune:avuong,served_by,true
51816,vn:commune:tay-giang,served_by,true
51817,vn:commune:hung-son,served_by,true
51906,vn:commune:thanh-my,served_by,true
51909,vn:commune:la-ee,served_by,true
51911,vn:commune:la-dee,served_by,true
51915,vn:commune:dac-pring,served_by,true
51918,vn:commune:ben-giang,served_by,true
51919,vn:commune:nam-giang,served_by,true
52120,vn:commune:xuan-phu,served_by,true
52121,vn:commune:que-son,served_by,true
52122,vn:commune:que-son-trung,served_by,true
52123,vn:commune:nong-son,served_by,true
52124,vn:commune:que-phuoc,served_by,true
52214,vn:commune:phuoc-tra,served_by,true
52218,vn:commune:hiep-duc,served_by,true
52219,vn:commune:viet-an,served_by,true
52306,vn:commune:kham-duc,served_by,true
52309,vn:commune:phuoc-nang,served_by,true
52311,vn:commune:phuoc-chanh,served_by,true
52314,vn:commune:phuoc-thanh,served_by,true
52317,vn:commune:phuoc-hiep,served_by,true
52407,vn:commune:tra-tap,served_by,true
52409,vn:commune:tra-leng,served_by,true
52410,vn:commune:da-nang:tra-linh,served_by,true
52414,vn:commune:tra-van,served_by,true
52416,vn:commune:nam-tra-my,served_by,true
52506,vn:commune:tra-my,served_by,true
52509,vn:commune:tra-doc,served_by,true
52511,vn:commune:tra-tan,served_by,true
52517,vn:commune:tra-giap,served_by,true
52519,vn:commune:tra-lien,served_by,true
52621,vn:commune:lanh-ngoc,served_by,true
52622,vn:commune:tien-phuoc,served_by,true
52623,vn:commune:da-nang:thanh-binh,served_by,true
52624,vn:commune:son-cam-ha,served_by,true
52717,vn:commune:tay-ho,served_by,true
52718,vn:commune:chien-dan,served_by,true
52719,vn:commune:da-nang:phu-ninh,served_by,true
52806,vn:commune:nui-thanh,served_by,true
52809,vn:commune:tam-hai,served_by,true
52823,vn:commune:tam-my,served_by,true
52824,vn:commune:tam-anh,served_by,true
52825,vn:commune:duc-phu,served_by,true
52826,vn:commune:tam-xuan,served_by,true
53111,vn:ward:truong-quang-trong,served_by,true
53114,vn:ward:quang-ngai:nghia-lo,served_by,true
53122,vn:commune:quang-ngai:an-phu,served_by,true
53125,vn:commune:tinh-khe,served_by,true
53129,vn:ward:cam-thanh,served_by,true
53217,vn:commune:son-tinh,served_by,true
53218,vn:commune:truong-giang,served_by,true
53219,vn:commune:ba-gia,served_by,true
53220,vn:commune:tho-phong,served_by,true
53312,vn:commune:binh-chuong,served_by,true
53322,vn:commune:quang-ngai:binh-minh,served_by,true
53331,vn:commune:quang-ngai:binh-son,served_by,true
53332,vn:commune:van-tuong,served_by,true
53333,vn:commune:dong-son,served_by,true
53416,vn:commune:tra-bong,served_by,true
53417,vn:commune:dong-tra-bong,served_by,true
53418,vn:commune:ca-dam,served_by,true
53419,vn:commune:tay-tra,served_by,true
53420,vn:commune:thanh-bong,served_by,true
53421,vn:commune:tay-tra-bong,served_by,true
53615,vn:commune:quang-ngai:son-tay,served_by,true
53616,vn:commune:son-tay-thuong,served_by,true
53617,vn:commune:son-tay-ha,served_by,true
53711,vn:commune:minh-long,served_by,true
53712,vn:commune:son-mai,served_by,true
53813,vn:commune:son-linh,served_by,true
53815,vn:commune:quang-ngai:son-ha,served_by,true
53817,vn:commune:quang-ngai:son-thuy,served_by,true
53818,vn:commune:son-ky,served_by,true
53820,vn:commune:son-ha,served_by,true
53921,vn:commune:tu-nghia,served_by,true
53922,vn:commune:ve-giang,served_by,true
53923,vn:commune:nghia-giang,served_by,true
53924,vn:commune:quang-ngai:tra-giang,served_by,true
54018,vn:commune:quang-ngai:nghia-hanh,served_by,true
54019,vn:commune:dinh-cuong,served_by,true
54020,vn:commune:thien-tin,served_by,true
54021,vn:commune:phuoc-giang,served_by,true
54119,vn:commune:mo-duc,served_by,true
54120,vn:commune:long-phung,served_by,true
54121,vn:commune:mo-cay,served_by,true
54122,vn:commune:lan-phong,served_by,true
54206,vn:commune:ba-to,served_by,true
54209,vn:commune:quang-ngai:ba-dinh,served_by,true
54214,vn:commune:ba-dong,served_by,true
54216,vn:commune:ba-vinh,served_by,true
54221,vn:commune:quang-ngai:ba-vi,served_by,true
54222,vn:commune:quang-ngai:ba-to,served_by,true
54223,vn:commune:ba-xa,served_by,true
54226,vn:commune:dang-thuy-tram,served_by,true
54321,vn:ward:duc-pho,served_by,true
54322,vn:ward:tra-cau,served_by,true
54323,vn:commune:nguyen-nghiem,served_by,true
54324,vn:commune:khanh-cuong,served_by,true
54325,vn:ward:sa-huynh,served_by,true
54409,vn:special_zone:ly-son,served_by,true
55126,vn:commune:nhon-chau,served_by,true
55127,vn:ward:quy-nhon,served_by,true
55128,vn:ward:quy-nhon-dong,served_by,true
55129,vn:ward:quy-nhon-bac,served_by,true
55130,vn:ward:quy-nhon-tay,served_by,true
55131,vn:ward:quy-nhon-nam,served_by,true
55206,vn:commune:tuy-phuoc,served_by,true
55219,vn:commune:tuy-phuoc-dong,served_by,true
55220,vn:commune:tuy-phuoc-bac,served_by,true
55221,vn:commune:tuy-phuoc-tay,served_by,true
55256,vn:ward:binh-dinh,served_by,true
55271,vn:ward:an-nhon,served_by,true
55272,vn:ward:an-nhon-dong,served_by,true
55273,vn:ward:an-nhon-bac,served_by,true
55274,vn:commune:an-nhon-tay,served_by,true
55275,vn:ward:an-nhon-nam,served_by,true
55319,vn:commune:cat-tien,served_by,true
55324,vn:commune:gia-lai:phu-cat,served_by,true
55325,vn:commune:xuan-an,served_by,true
55326,vn:commune:ngo-may,served_by,true
55327,vn:commune:de-gi,served_by,true
55328,vn:commune:hoa-hoi,served_by,true
55329,vn:commune:hoi-son,served_by,true
55356,vn:commune:gia-lai:phu-my,served_by,true
55372,vn:commune:binh-duong,served_by,true
55375,vn:commune:an-luong,served_by,true
55376,vn:commune:phu-my-dong,served_by,true
55377,vn:commune:phu-my-bac,served_by,true
55378,vn:commune:phu-my-tay,served_by,true
55379,vn:commune:phu-my-nam,served_by,true
55406,vn:ward:bong-son,served_by,true
55417,vn:ward:tam-quan,served_by,true
55423,vn:ward:hoai-nhon,served_by,true
55424,vn:ward:hoai-nhon-dong,served_by,true
55425,vn:ward:hoai-nhon-bac,served_by,true
55426,vn:ward:hoai-nhon-tay,served_by,true
55427,vn:ward:hoai-nhon-nam,served_by,true
55506,vn:commune:gia-lai:an-lao,served_by,true
55510,vn:commune:an-vinh,served_by,true
55513,vn:commune:an-hoa,served_by,true
55514,vn:commune:an-toan,served_by,true
55621,vn:commune:hoai-an,served_by,true
55622,vn:commune:an-tuong,served_by,true
55623,vn:commune:gia-lai:kim-son,served_by,true
55624,vn:commune:van-duc,served_by,true
55625,vn:commune:an-hao,served_by,true
55706,vn:commune:gia-lai:vinh-thanh,served_by,true
55707,vn:commune:gia-lai:vinh-thinh,served_by,true
55711,vn:commune:vinh-quang,served_by,true
55714,vn:commune:vinh-son,served_by,true
55821,vn:commune:tay-son,served_by,true
55822,vn:commune:binh-khe,served_by,true
55823,vn:commune:gia-lai:binh-phu,served_by,true
55824,vn:commune:binh-hiep,served_by,true
55825,vn:commune:gia-lai:binh-an,served_by,true
55906,vn:commune:van-canh,served_by,true
55911,vn:commune:canh-vinh,served_by,true
55912,vn:commune:canh-lien,served_by,true
56119,vn:ward:binh-kien,served_by,true
56122,vn:ward:tuy-hoa,served_by,true
56123,vn:ward:phu-yen,served_by,true
56222,vn:commune:tuy-an-bac,served_by,true
56223,vn:commune:tuy-an-dong,served_by,true
56224,vn:commune:o-loan,served_by,true
56225,vn:commune:tuy-an-nam,served_by,true
56226,vn:commune:tuy-an-tay,served_by,true
56308,vn:ward:xuan-dai,served_by,true
56315,vn:commune:xuan-canh,served_by,true
56318,vn:commune:dak-lak:xuan-loc,served_by,true
56320,vn:ward:song-cau,served_by,true
56321,vn:commune:xuan-tho,served_by,true
56410,vn:commune:xuan-phuoc,served_by,true
56415,vn:commune:xuan-lanh,served_by,true
56416,vn:commune:phu-mo,served_by,true
56417,vn:commune:dong-xuan,served_by,true
56518,vn:commune:suoi-trai,served_by,true
56520,vn:commune:son-hoa,served_by,true
56521,vn:commune:van-hoa,served_by,true
56522,vn:commune:dak-lak:tay-son,served_by,true
56611,vn:commune:song-hinh,served_by,true
56614,vn:commune:ea-ly,served_by,true
56615,vn:commune:ea-ba,served_by,true
56618,vn:commune:duc-binh,served_by,true
56710,vn:commune:hoa-thinh,served_by,true
56717,vn:commune:tay-hoa,served_by,true
56718,vn:commune:hoa-my,served_by,true
56719,vn:commune:son-thanh,served_by,true
56816,vn:ward:dong-hoa,served_by,true
56817,vn:ward:hoa-hiep,served_by,true
56818,vn:commune:hoa-xuan,served_by,true
56915,vn:commune:phu-hoa-1,served_by,true
56916,vn:commune:phu-hoa-2,served_by,true
57133,vn:ward:nha-trang,served_by,true
57134,vn:ward:bac-nha-trang,served_by,true
57135,vn:ward:tay-nha-trang,served_by,true
57136,vn:ward:nam-nha-trang,served_by,true
57207,vn:commune:van-hung,served_by,true
57212,vn:commune:khanh-hoa:van-thang,served_by,true
57216,vn:commune:dai-lanh,served_by,true
57219,vn:commune:van-ninh,served_by,true
57220,vn:commune:tu-bong,served_by,true
57333,vn:ward:ninh-hoa,served_by,true
57334,vn:ward:hoa-thang,served_by,true
57335,vn:ward:dong-ninh-hoa,served_by,true
57336,vn:commune:bac-ninh-hoa,served_by,true
57337,vn:commune:tay-ninh-hoa,served_by,true
57338,vn:commune:nam-ninh-hoa,served_by,true
57339,vn:commune:khanh-hoa:tan-dinh,served_by,true
57340,vn:commune:hoa-tri,served_by,true
57406,vn:commune:khanh-vinh,served_by,true
57420,vn:commune:bac-khanh-vinh,served_by,true
57421,vn:commune:trung-khanh-vinh,served_by,true
57422,vn:commune:tay-khanh-vinh,served_by,true
57423,vn:commune:nam-khanh-vinh,served_by,true
57506,vn:commune:dien-khanh,served_by,true
57508,vn:commune:dien-dien,served_by,true
57510,vn:commune:dien-lam,served_by,true
57513,vn:commune:dien-tho,served_by,true
57519,vn:commune:dien-lac,served_by,true
57522,vn:commune:suoi-hiep,served_by,true
57564,vn:commune:khanh-son,served_by,true
57565,vn:commune:tay-khanh-son,served_by,true
57566,vn:commune:dong-khanh-son,served_by,true
57620,vn:commune:cam-lam,served_by,true
57621,vn:commune:suoi-dau,served_by,true
57622,vn:commune:cam-hiep,served_by,true
57623,vn:commune:cam-an,served_by,true
57809,vn:ward:cam-linh,served_by,true
57811,vn:ward:ba-ngoi,served_by,true
57821,vn:ward:cam-ranh,served_by,true
57822,vn:ward:bac-cam-ranh,served_by,true
57823,vn:commune:nam-cam-ranh,served_by,true
57906,vn:special_zone:truong-sa,served_by,true
59117,vn:ward:bao-an,served_by,true
59119,vn:ward:khanh-hoa:dong-hai,served_by,true
59121,vn:ward:do-vinh,served_by,true
59122,vn:ward:phan-rang,served_by,true
59123,vn:ward:ninh-chu,served_by,true
59210,vn:commune:xuan-hai,served_by,true
59214,vn:commune:khanh-hoa:vinh-hai,served_by,true
59215,vn:commune:ninh-hai,served_by,true
59307,vn:commune:cong-hai,served_by,true
59312,vn:commune:thuan-bac,served_by,true
59415,vn:commune:bac-ai,served_by,true
59416,vn:commune:bac-ai-dong,served_by,true
59417,vn:commune:bac-ai-tay,served_by,true
59508,vn:commune:khanh-hoa:lam-son,served_by,true
59511,vn:commune:my-son,served_by,true
59514,vn:commune:ninh-son,served_by,true
59515,vn:commune:anh-dung,served_by,true
59609,vn:commune:phuoc-hau,served_by,true
59613,vn:commune:phuoc-huu,served_by,true
59615,vn:commune:ninh-phuoc,served_by,true
59707,vn:commune:phuoc-ha,served_by,true
59711,vn:commune:ca-na,served_by,true
59713,vn:commune:phuoc-dinh,served_by,true
59714,vn:commune:thuan-nam,served_by,true
60116,vn:commune:dak-ro-wa,served_by,true
60118,vn:ward:dak-cam,served_by,true
60120,vn:commune:ngok-bay,served_by,true
60124,vn:commune:ia-chim,served_by,true
60127,vn:ward:kon-tum,served_by,true
60128,vn:ward:dak-bla,served_by,true
60206,vn:commune:dak-rve,served_by,true
60207,vn:commune:dak-koi,served_by,true
60213,vn:commune:kon-braih,served_by,true
60256,vn:commune:mang-den,served_by,true
60262,vn:commune:mang-but,served_by,true
60265,vn:commune:kon-plong,served_by,true
60307,vn:commune:tu-mo-rong,served_by,true
60311,vn:commune:mang-ri,served_by,true
60313,vn:commune:dak-sao,served_by,true
60316,vn:commune:dak-to-kan,served_by,true
60407,vn:commune:xop,served_by,true
60408,vn:commune:ngoc-linh,served_by,true
60412,vn:commune:dak-plo,served_by,true
60414,vn:commune:dak-pek,served_by,true
60416,vn:commune:dak-mon,served_by,true
60417,vn:commune:dak-long,served_by,true
60513,vn:commune:sa-loong,served_by,true
60514,vn:commune:bo-y,served_by,true
60515,vn:commune:duc-nong,served_by,true
60606,vn:commune:dak-ha,served_by,true
60608,vn:commune:dak-pxi,served_by,true
60609,vn:commune:dak-ui,served_by,true
60612,vn:commune:dak-mar,served_by,true
60616,vn:commune:ngok-reo,served_by,true
60656,vn:commune:dak-to,served_by,true
60657,vn:commune:kon-dao,served_by,true
60661,vn:commune:ngok-tu,served_by,true
60706,vn:commune:sa-thay,served_by,true
60710,vn:commune:ro-koi,served_by,true
60711,vn:commune:mo-rai,served_by,true
60714,vn:commune:sa-binh,served_by,true
60715,vn:commune:ya-ly,served_by,true
60806,vn:commune:ia-toi,served_by,true
60808,vn:commune:ia-dal,served_by,true
61110,vn:ward:gia-lai:thong-nhat,served_by,true
61112,vn:ward:dien-hong,served_by,true
61114,vn:ward:hoi-phu,served_by,true
61118,vn:ward:an-phu,served_by,true
61121,vn:commune:bien-ho,served_by,true
61126,vn:commune:gao,served_by,true
61129,vn:ward:pleiku,served_by,true
61206,vn:commune:dak-doa,served_by,true
61208,vn:commune:kdang,served_by,true
61210,vn:commune:kon-gang,served_by,true
61212,vn:commune:dak-somei,served_by,true
61222,vn:commune:ia-bang,served_by,true
61312,vn:commune:ia-khuol,served_by,true
61314,vn:commune:ia-phi,served_by,true
61315,vn:commune:ia-ly,served_by,true
61321,vn:commune:chu-pah,served_by,true
61407,vn:commune:ia-hrung,served_by,true
61414,vn:commune:ia-krai,served_by,true
61415,vn:commune:ia-o,served_by,true
61416,vn:commune:ia-chia,served_by,true
61419,vn:commune:ia-grai,served_by,true
61507,vn:commune:ia-dok,served_by,true
61508,vn:commune:ia-krel,served_by,true
61511,vn:commune:ia-dom,served_by,true
61514,vn:commune:ia-pnon,served_by,true
61515,vn:commune:ia-nan,served_by,true
61516,vn:commune:duc-co,served_by,true
61606,vn:commune:chu-prong,served_by,true
61608,vn:commune:ia-tor,served_by,true
61612,vn:commune:bau-can,served_by,true
61617,vn:commune:ia-boong,served_by,true
61619,vn:commune:ia-pia,served_by,true
61621,vn:commune:ia-lau,served_by,true
61623,vn:commune:ia-puch,served_by,true
61624,vn:commune:ia-mo,served_by,true
61706,vn:commune:phu-thien,served_by,true
61707,vn:commune:chu-a-thai,served_by,true
61715,vn:commune:ia-hiao,served_by,true
61808,vn:commune:ia-hru,served_by,true
61813,vn:commune:ia-le,served_by,true
61815,vn:commune:chu-puh,served_by,true
61906,vn:commune:chu-se,served_by,true
61908,vn:commune:al-ba,served_by,true
61909,vn:commune:bo-ngoong,served_by,true
61915,vn:commune:ia-ko,served_by,true
62011,vn:commune:ia-rbol,served_by,true
62012,vn:commune:ia-sao,served_by,true
62014,vn:ward:ayun-pa,served_by,true
62106,vn:commune:phu-tuc,served_by,true
62111,vn:commune:ia-rsai,served_by,true
62113,vn:commune:uar,served_by,true
62118,vn:commune:ia-dreh,served_by,true
62208,vn:commune:po-to,served_by,true
62212,vn:commune:ia-tul,served_by,true
62215,vn:commune:ia-pa,served_by,true
62306,vn:commune:kong-chro,served_by,true
62307,vn:commune:ya-ma,served_by,true
62311,vn:commune:chu-krey,served_by,true
62314,vn:commune:cho-long,served_by,true
62317,vn:commune:sro,served_by,true
62318,vn:commune:dak-song,served_by,true
62406,vn:commune:dak-po,served_by,true
62410,vn:commune:ya-hoi,served_by,true
62511,vn:commune:cuu-an,served_by,true
62516,vn:ward:an-binh,served_by,true
62517,vn:ward:gia-lai:an-khe,served_by,true
62606,vn:commune:kbang,served_by,true
62609,vn:commune:son-lang,served_by,true
62610,vn:commune:dak-rong,served_by,true
62612,vn:commune:krong,served_by,true
62614,vn:commune:to-tung,served_by,true
62617,vn:commune:kong-bo-la,served_by,true
62709,vn:commune:hra,served_by,true
62711,vn:commune:ayun,served_by,true
62713,vn:commune:lo-pang,served_by,true
62717,vn:commune:kon-chieng,served_by,true
62718,vn:commune:mang-yang,served_by,true
63108,vn:ward:tan-lap,served_by,true
63109,vn:ward:dak-lak:tan-an,served_by,true
63116,vn:ward:thanh-nhat,served_by,true
63121,vn:commune:dak-lak:hoa-phu,served_by,true
63123,vn:ward:ea-kao,served_by,true
63127,vn:ward:buon-ma-thuot,served_by,true
63208,vn:commune:ea-phe,served_by,true
63210,vn:commune:ea-kly,served_by,true
63212,vn:commune:vu-bon,served_by,true
63216,vn:commune:dak-lak:tan-tien,served_by,true
63220,vn:commune:ea-knuec,served_by,true
63222,vn:commune:krong-pac,served_by,true
63306,vn:commune:ea-kar,served_by,true
63313,vn:commune:ea-knop,served_by,true
63316,vn:commune:ea-o,served_by,true
63317,vn:commune:ea-pal,served_by,true
63319,vn:commune:cu-yang,served_by,true
63406,vn:commune:krong-nang,served_by,true
63407,vn:commune:dak-lak:phu-xuan,served_by,true
63410,vn:commune:dak-lak:tam-giang,served_by,true
63415,vn:commune:dlie-ya,served_by,true
63509,vn:commune:cu-pong,served_by,true
63511,vn:commune:pong-drang,served_by,true
63513,vn:commune:krong-buk,served_by,true
63606,vn:commune:ea-drang,served_by,true
63609,vn:commune:ea-khal,served_by,true
63612,vn:commune:ea-hiao,served_by,true
63614,vn:commune:ea-hleo,served_by,true
63615,vn:commune:ea-wy,served_by,true
63706,vn:commune:ea-sup,served_by,true
63709,vn:commune:ea-rok,served_by,true
63711,vn:commune:ia-lop,served_by,true
63713,vn:commune:ia-rve,served_by,true
63714,vn:commune:ea-bung,served_by,true
63806,vn:commune:ea-wer,served_by,true
63808,vn:commune:ea-nuol,served_by,true
63812,vn:commune:buon-don,served_by,true
63906,vn:commune:quang-phu,served_by,true
63912,vn:commune:cu-mgar,served_by,true
63915,vn:commune:ea-mdroh,served_by,true
63916,vn:commune:ea-kiet,served_by,true
63920,vn:commune:ea-tul,served_by,true
63922,vn:commune:cuor-dang,served_by,true
64014,vn:ward:cu-bao,served_by,true
64017,vn:commune:ea-drong,served_by,true
64018,vn:ward:buon-ho,served_by,true
64106,vn:commune:dray-bhang,served_by,true
64112,vn:commune:ea-ning,served_by,true
64113,vn:commune:ea-ktur,served_by,true
64209,vn:commune:dur-kmal,served_by,true
64212,vn:commune:ea-na,served_by,true
64214,vn:commune:krong-ana,served_by,true
64307,vn:commune:dak-lieng,served_by,true
64311,vn:commune:nam-ka,served_by,true
64313,vn:commune:dak-phoi,served_by,true
64314,vn:commune:krong-no,served_by,true
64317,vn:commune:lien-son-lak,served_by,true
64408,vn:commune:hoa-son,served_by,true
64413,vn:commune:dang-kang,served_by,true
64417,vn:commune:cu-pui,served_by,true
64419,vn:commune:yang-mao,served_by,true
64420,vn:commune:krong-bong,served_by,true
64506,vn:commune:mdrak,served_by,true
64507,vn:commune:cu-mta,served_by,true
64508,vn:commune:ea-rieng,served_by,true
64510,vn:commune:krong-a,served_by,true
64512,vn:commune:ea-trang,served_by,true
64518,vn:commune:cu-prao,served_by,true
65114,vn:ward:dong-gia-nghia,served_by,true
65115,vn:ward:bac-gia-nghia,served_by,true
65116,vn:ward:nam-gia-nghia,served_by,true
65206,vn:commune:quang-khe,served_by,true
65211,vn:commune:lam-ong:quang-son,served_by,true
65212,vn:commune:quang-hoa,served_by,true
65213,vn:commune:ta-dung,served_by,true
65308,vn:commune:nam-da,served_by,true
65313,vn:commune:nam-nung,served_by,true
65317,vn:commune:lam-ong:quang-phu,served_by,true
65318,vn:commune:lam-ong:krong-no,served_by,true
65410,vn:commune:lam-ong:nam-dong,served_by,true
65413,vn:commune:dak-wil,served_by,true
65414,vn:commune:cu-jut,served_by,true
65507,vn:commune:lam-ong:thuan-an,served_by,true
65509,vn:commune:dak-sak,served_by,true
65516,vn:commune:duc-lap,served_by,true
65517,vn:commune:dak-mil,served_by,true
65606,vn:commune:duc-an,served_by,true
65610,vn:commune:thuan-hanh,served_by,true
65614,vn:commune:truong-xuan,served_by,true
65615,vn:commune:lam-ong:dak-song,served_by,true
65709,vn:commune:lam-ong:quang-tan,served_by,true
65711,vn:commune:quang-truc,served_by,true
65712,vn:commune:tuy-duc,served_by,true
65806,vn:commune:kien-duc,served_by,true
65807,vn:commune:quang-tin,served_by,true
65810,vn:commune:nhan-co,served_by,true
66122,vn:ward:xuan-huong-da-lat,served_by,true
66123,vn:ward:cam-ly-da-lat,served_by,true
66124,vn:ward:lam-vien-da-lat,served_by,true
66125,vn:ward:xuan-truong-da-lat,served_by,true
66126,vn:ward:lang-biang-da-lat,served_by,true
66264,vn:commune:dam-rong-1,served_by,true
66265,vn:commune:dam-rong-2,served_by,true
66266,vn:commune:dam-rong-3,served_by,true
66267,vn:commune:dam-rong-4,served_by,true
66307,vn:commune:nam-ha-lam-ha,served_by,true
66311,vn:commune:tan-ha-lam-ha,served_by,true
66313,vn:commune:nam-ban-lam-ha,served_by,true
66316,vn:commune:phu-son-lam-ha,served_by,true
66317,vn:commune:phuc-tho-lam-ha,served_by,true
66322,vn:commune:dinh-van-lam-ha,served_by,true
66420,vn:commune:bao-lam-1,served_by,true
66421,vn:commune:bao-lam-2,served_by,true
66422,vn:commune:bao-lam-3,served_by,true
66423,vn:commune:bao-lam-4,served_by,true
66424,vn:commune:bao-lam-5,served_by,true
66459,vn:ward:blao,served_by,true
66467,vn:ward:1-bao-loc,served_by,true
66468,vn:ward:2-bao-loc,served_by,true
66469,vn:ward:3-bao-loc,served_by,true
66506,vn:commune:lam-ong:cat-tien,served_by,true
66517,vn:commune:cat-tien-2,served_by,true
66518,vn:commune:cat-tien-3,served_by,true
66606,vn:commune:da-teh,served_by,true
66617,vn:commune:da-teh-2,served_by,true
66618,vn:commune:da-teh-3,served_by,true
66662,vn:commune:da-huoai-3,served_by,true
66666,vn:commune:da-huoai,served_by,true
66667,vn:commune:da-huoai-2,served_by,true
66706,vn:commune:di-linh,served_by,true
66711,vn:commune:bao-thuan,served_by,true
66713,vn:commune:gia-hiep,served_by,true
66716,vn:commune:dinh-trang-thuong,served_by,true
66720,vn:commune:hoa-ninh,served_by,true
66722,vn:commune:hoa-bac,served_by,true
66723,vn:commune:lam-ong:son-dien,served_by,true
66807,vn:commune:hiep-thanh,served_by,true
66810,vn:commune:tan-hoi,served_by,true
66815,vn:commune:ninh-gia,served_by,true
66816,vn:commune:ta-hine,served_by,true
66819,vn:commune:ta-nang,served_by,true
66821,vn:commune:duc-trong,served_by,true
66907,vn:commune:quang-lap,served_by,true
66913,vn:commune:ka-do,served_by,true
66915,vn:commune:dran,served_by,true
66916,vn:commune:don-duong,served_by,true
66917,vn:commune:lac-duong,served_by,true
67114,vn:ward:binh-phuoc,served_by,true
67115,vn:ward:dong-xoai,served_by,true
67210,vn:commune:tan-loi,served_by,true
67213,vn:commune:dong-nai:dong-tam,served_by,true
67216,vn:commune:thuan-loi,served_by,true
67217,vn:ward:dong-phu,served_by,true
67308,vn:commune:tho-son,served_by,true
67310,vn:commune:dak-nhau,served_by,true
67312,vn:commune:bom-bo,served_by,true
67317,vn:commune:nghia-trung,served_by,true
67320,vn:commune:phuoc-son,served_by,true
67322,vn:commune:bu-dang,served_by,true
67407,vn:ward:phuoc-binh,served_by,true
67506,vn:commune:dong-nai:phu-nghia,served_by,true
67509,vn:commune:da-kia,served_by,true
67512,vn:commune:dak-o,served_by,true
67513,vn:commune:bu-gia-map,served_by,true
67606,vn:ward:loc-ninh,served_by,true
67611,vn:commune:loc-thanh,served_by,true
67612,vn:commune:loc-tan,served_by,true
67614,vn:commune:dong-nai:loc-thanh,served_by,true
67616,vn:commune:loc-hung,served_by,true
67620,vn:commune:loc-quang,served_by,true
67658,vn:commune:hung-phuoc,served_by,true
67659,vn:commune:thien-hung,served_by,true
67662,vn:commune:dong-nai:tan-tien,served_by,true
67706,vn:commune:phu-rieng,served_by,true
67707,vn:commune:phu-trung,served_by,true
67711,vn:commune:long-ha,served_by,true
67714,vn:commune:binh-tan,served_by,true
67716,vn:ward:phuoc-long,served_by,true
67806,vn:ward:tan-khai,served_by,true
67807,vn:commune:tan-quan,served_by,true
67809,vn:commune:dong-nai:tan-hung,served_by,true
67816,vn:commune:minh-duc,served_by,true
67862,vn:ward:binh-long,served_by,true
67863,vn:ward:an-loc,served_by,true
67908,vn:commune:nha-bich,served_by,true
67912,vn:ward:minh-hung,served_by,true
67915,vn:ward:chon-thanh,served_by,true
71008,vn:ward:tan-dinh,served_by,true
71009,vn:ward:ben-thanh,served_by,true
71011,vn:ward:cau-ong-lanh,served_by,true
71016,vn:ward:sai-gon,served_by,true
71108,vn:ward:an-khanh,served_by,true
71115,vn:ward:cat-lai,served_by,true
71213,vn:ward:long-truong,served_by,true
71214,vn:ward:long-phuoc,served_by,true
71217,vn:ward:ho-chi-minh:long-binh,served_by,true
71309,vn:ward:linh-xuan,served_by,true
71312,vn:ward:tam-binh,served_by,true
71318,vn:ward:hiep-binh,served_by,true
71319,vn:ward:thu-duc,served_by,true
71320,vn:ward:tang-nhon-phu,served_by,true
71321,vn:ward:ho-chi-minh:phuoc-long,served_by,true
71322,vn:ward:binh-trung,served_by,true
71422,vn:ward:go-vap,served_by,true
71423,vn:ward:hanh-thong,served_by,true
71424,vn:ward:ho-chi-minh:an-nhon,served_by,true
71425,vn:ward:an-hoi-dong,served_by,true
71426,vn:ward:thong-tay-hoi,served_by,true
71427,vn:ward:an-hoi-tay,served_by,true
71507,vn:ward:trung-my-tay,served_by,true
71508,vn:ward:dong-hung-thuan,served_by,true
71511,vn:ward:tan-thoi-hiep,served_by,true
71513,vn:ward:thoi-an,served_by,true
71516,vn:ward:an-phu-dong,served_by,true
71607,vn:commune:tan-an-hoi,served_by,true
71611,vn:commune:ho-chi-minh:binh-my,served_by,true
71616,vn:commune:phu-hoa-dong,served_by,true
71618,vn:commune:nhuan-duc,served_by,true
71619,vn:commune:ho-chi-minh:an-nhon-tay,served_by,true
71625,vn:commune:thai-my,served_by,true
71627,vn:commune:cu-chi,served_by,true
71706,vn:commune:hoc-mon,served_by,true
71708,vn:commune:ho-chi-minh:dong-thanh,served_by,true
71712,vn:commune:xuan-thoi-son,served_by,true
71714,vn:commune:ba-diem,served_by,true
71809,vn:commune:hung-long,served_by,true
71813,vn:commune:binh-hung,served_by,true
71814,vn:commune:binh-chanh,served_by,true
71816,vn:commune:tan-nhut,served_by,true
71818,vn:commune:binh-loi,served_by,true
71822,vn:commune:tan-vinh-loc,served_by,true
71823,vn:commune:ho-chi-minh:vinh-loc,served_by,true
71906,vn:ward:an-lac,served_by,true
71910,vn:ward:binh-tri-dong,served_by,true
71913,vn:ward:binh-hung-hoa,served_by,true
71915,vn:ward:tan-tao,served_by,true
71916,vn:ward:binh-tan,served_by,true
72008,vn:ward:tan-son-nhi,served_by,true
72009,vn:ward:tay-thanh,served_by,true
72012,vn:ward:phu-tho-hoa,served_by,true
72013,vn:ward:phu-thanh,served_by,true
72017,vn:ward:ho-chi-minh:tan-phu,served_by,true
72018,vn:commune:can-gio,served_by,true
72121,vn:ward:tan-son-nhat,served_by,true
72122,vn:ward:tan-son-hoa,served_by,true
72123,vn:ward:tan-binh,served_by,true
72124,vn:ward:bay-hien,served_by,true
72125,vn:ward:ho-chi-minh:tan-hoa,served_by,true
72126,vn:ward:tan-son,served_by,true
72221,vn:ward:phu-nhuan,served_by,true
72222,vn:ward:cau-kieu,served_by,true
72223,vn:ward:duc-nhuan,served_by,true
72326,vn:ward:binh-thanh,served_by,true
72328,vn:ward:binh-quoi,served_by,true
72329,vn:ward:binh-loi-trung,served_by,true
72330,vn:ward:gia-dinh,served_by,true
72331,vn:ward:thanh-my-tay,served_by,true
72420,vn:ward:ban-co,served_by,true
72421,vn:ward:ho-chi-minh:xuan-hoa,served_by,true
72422,vn:ward:nhieu-loc,served_by,true
72521,vn:ward:ho-chi-minh:dien-hong,served_by,true
72522,vn:ward:vuon-lai,served_by,true
72523,vn:ward:hoa-hung,served_by,true
72622,vn:ward:binh-thoi,served_by,true
72623,vn:ward:ho-chi-minh:hoa-binh,served_by,true
72624,vn:ward:minh-phung,served_by,true
72625,vn:ward:ho-chi-minh:phu-tho,served_by,true
72721,vn:ward:an-dong,served_by,true
72722,vn:ward:cho-quan,served_by,true
72723,vn:ward:cho-lon,served_by,true
72821,vn:ward:vinh-hoi,served_by,true
72822,vn:ward:khanh-hoi,served_by,true
72823,vn:ward:xom-chieu,served_by,true
72907,vn:ward:phu-thuan,served_by,true
72912,vn:ward:ho-chi-minh:tan-hung,served_by,true
72916,vn:ward:tan-my,served_by,true
72917,vn:ward:tan-thuan,served_by,true
73022,vn:ward:phu-dinh,served_by,true
73023,vn:ward:chanh-hung,served_by,true
73024,vn:ward:binh-dong,served_by,true
73120,vn:ward:binh-tien,served_by,true
73121,vn:ward:binh-tay,served_by,true
73122,vn:ward:binh-phu,served_by,true
73123,vn:ward:phu-lam,served_by,true
73206,vn:commune:nha-be,served_by,true
73212,vn:commune:hiep-phuoc,served_by,true
73308,vn:commune:ho-chi-minh:thanh-an-2,served_by,true
73310,vn:commune:binh-khanh,served_by,true
73311,vn:commune:an-thoi-dong,served_by,true
75110,vn:ward:phu-loi,served_by,true
75121,vn:ward:binh-duong,served_by,true
75122,vn:ward:chanh-hiep,served_by,true
75123,vn:ward:thu-dau-mot,served_by,true
75124,vn:ward:phu-an,served_by,true
75206,vn:ward:lai-thieu,served_by,true
75208,vn:ward:binh-hoa,served_by,true
75209,vn:ward:ho-chi-minh:an-phu,served_by,true
75211,vn:ward:thuan-giao,served_by,true
75216,vn:ward:ho-chi-minh:thuan-an,served_by,true
75306,vn:ward:di-an,served_by,true
75308,vn:ward:ho-chi-minh:dong-hoa,served_by,true
75311,vn:ward:tan-dong-hiep,served_by,true
75408,vn:ward:tan-hiep,served_by,true
75409,vn:ward:vinh-tan,served_by,true
75418,vn:ward:binh-co,served_by,true
75419,vn:ward:tan-uyen,served_by,true
75420,vn:ward:tan-khanh,served_by,true
75515,vn:commune:thuong-tan,served_by,true
75516,vn:commune:bac-tan-uyen,served_by,true
75610,vn:commune:an-long,served_by,true
75614,vn:commune:phuoc-hoa,served_by,true
75617,vn:commune:ho-chi-minh:phuoc-thanh,served_by,true
75618,vn:commune:phu-giao,served_by,true
75707,vn:commune:tru-van-tho,served_by,true
75709,vn:ward:long-nguyen,served_by,true
75713,vn:commune:bau-bang,served_by,true
75806,vn:commune:dau-tieng,served_by,true
75807,vn:commune:ho-chi-minh:thanh-an,served_by,true
75812,vn:commune:long-hoa,served_by,true
75815,vn:commune:ho-chi-minh:minh-thanh,served_by,true
75911,vn:ward:thoi-hoa,served_by,true
75912,vn:ward:hoa-loi,served_by,true
75913,vn:ward:chanh-phu-hoa,served_by,true
75914,vn:ward:tay-nam,served_by,true
75915,vn:ward:ben-cat,served_by,true
76109,vn:ward:tam-hiep,served_by,true
76116,vn:ward:trang-dai,served_by,true
76131,vn:ward:long-hung,served_by,true
76132,vn:ward:phuoc-tan,served_by,true
76133,vn:ward:tam-phuoc,served_by,true
76134,vn:ward:long-binh,served_by,true
76136,vn:ward:bien-hoa,served_by,true
76137,vn:ward:tran-bien,served_by,true
76138,vn:ward:ho-nai,served_by,true
76139,vn:ward:tan-trieu,served_by,true
76206,vn:ward:long-thanh,served_by,true
76208,vn:commune:dong-nai:binh-an,served_by,true
76210,vn:commune:an-phuoc,served_by,true
76213,vn:commune:long-phuoc,served_by,true
76214,vn:commune:phuoc-thai,served_by,true
76259,vn:commune:dai-phuoc,served_by,true
76267,vn:commune:phuoc-an,served_by,true
76268,vn:ward:nhon-trach,served_by,true
76306,vn:ward:trang-bom,served_by,true
76309,vn:commune:bau-ham,served_by,true
76315,vn:commune:dong-nai:binh-minh,served_by,true
76320,vn:commune:an-vien,served_by,true
76322,vn:commune:hung-thinh,served_by,true
76323,vn:commune:dong-nai:thong-nhat,served_by,true
76406,vn:ward:dau-giay,served_by,true
76412,vn:commune:gia-kiem,served_by,true
76459,vn:ward:bao-vinh,served_by,true
76461,vn:ward:binh-loc,served_by,true
76468,vn:ward:xuan-lap,served_by,true
76470,vn:ward:hang-gon,served_by,true
76471,vn:ward:long-khanh,served_by,true
76507,vn:commune:xuan-que,served_by,true
76509,vn:commune:song-ray,served_by,true
76513,vn:commune:xuan-dong,served_by,true
76516,vn:commune:dong-nai:xuan-duong,served_by,true
76519,vn:commune:cam-my,served_by,true
76608,vn:commune:xuan-thanh,served_by,true
76610,vn:commune:xuan-bac,served_by,true
76614,vn:commune:xuan-dinh,served_by,true
76615,vn:commune:dong-nai:xuan-phu,served_by,true
76619,vn:commune:dong-nai:xuan-hoa,served_by,true
76621,vn:ward:xuan-loc,served_by,true
76706,vn:commune:dinh-quan,served_by,true
76707,vn:commune:phu-hoa,served_by,true
76709,vn:commune:dong-nai:phu-vinh,served_by,true
76711,vn:commune:dong-nai:thanh-son,served_by,true
76714,vn:commune:la-nga,served_by,true
76806,vn:ward:tan-phu,served_by,true
76813,vn:commune:nam-cat-tien,served_by,true
76814,vn:commune:dak-lua,served_by,true
76817,vn:commune:ta-lai,served_by,true
76821,vn:commune:phu-lam,served_by,true
76908,vn:commune:phu-ly,served_by,true
76910,vn:ward:tri-an,served_by,true
76911,vn:commune:dong-nai:tan-an,served_by,true
77118,vn:ward:mui-ne,served_by,true
77120,vn:ward:phu-thuy,served_by,true
77123,vn:ward:tien-thanh,served_by,true
77124,vn:ward:phan-thiet,served_by,true
77125,vn:ward:lam-ong:binh-thuan,served_by,true
77206,vn:commune:lien-huong,served_by,true
77209,vn:commune:vinh-hao,served_by,true
77216,vn:commune:phan-ri-cua,served_by,true
77218,vn:commune:tuy-phong,served_by,true
77312,vn:commune:phan-son,served_by,true
77314,vn:commune:lam-ong:hai-ninh,served_by,true
77317,vn:commune:song-luy,served_by,true
77320,vn:commune:lam-ong:luong-son,served_by,true
77321,vn:commune:lam-ong:hong-thai,served_by,true
77322,vn:commune:hoa-thang,served_by,true
77324,vn:commune:bac-binh,served_by,true
77407,vn:commune:lam-ong:hong-son,served_by,true
77413,vn:commune:la-da,served_by,true
77414,vn:commune:lam-ong:dong-giang,served_by,true
77417,vn:commune:ham-liem,served_by,true
77420,vn:ward:ham-thang,served_by,true
77423,vn:commune:ham-thuan,served_by,true
77424,vn:commune:ham-thuan-bac,served_by,true
77425,vn:commune:tuyen-quang,served_by,true
77508,vn:commune:dong-kho,served_by,true
77511,vn:commune:bac-ruong,served_by,true
77513,vn:commune:nghi-duc,served_by,true
77519,vn:commune:suoi-kiet,served_by,true
77520,vn:commune:tanh-linh,served_by,true
77567,vn:commune:lam-ong:tra-tan,served_by,true
77569,vn:commune:duc-linh,served_by,true
77570,vn:commune:nam-thanh,served_by,true
77571,vn:commune:lam-ong:hoai-duc,served_by,true
77609,vn:commune:lam-ong:tan-minh,served_by,true
77613,vn:commune:son-my,served_by,true
77616,vn:commune:ham-tan,served_by,true
77656,vn:ward:phuoc-hoi,served_by,true
77660,vn:commune:tan-hai,served_by,true
77665,vn:ward:la-gi,served_by,true
77711,vn:commune:ham-kiem,served_by,true
77714,vn:commune:ham-thanh,served_by,true
77715,vn:commune:lam-ong:tan-lap,served_by,true
77718,vn:commune:lam-ong:tan-thanh,served_by,true
77719,vn:commune:ham-thuan-nam,served_by,true
77809,vn:special_zone:phu-quy,served_by,true
78116,vn:ward:long-huong,served_by,true
78117,vn:ward:ba-ria,served_by,true
78118,vn:ward:tam-long,served_by,true
78219,vn:ward:rach-dua,served_by,true
78222,vn:commune:long-son,served_by,true
78223,vn:ward:vung-tau,served_by,true
78224,vn:ward:tam-thang,served_by,true
78225,vn:ward:phuoc-thang,served_by,true
78306,vn:commune:dat-do,served_by,true
78313,vn:commune:phuoc-hai,served_by,true
78406,vn:commune:long-dien,served_by,true
78412,vn:commune:long-hai,served_by,true
78510,vn:commune:binh-chau,served_by,true
78511,vn:commune:ho-chi-minh:hoa-hoi,served_by,true
78512,vn:commune:hoa-hiep,served_by,true
78514,vn:commune:bau-lam,served_by,true
78518,vn:commune:xuyen-moc,served_by,true
78519,vn:commune:ho-tram,served_by,true
78606,vn:commune:ngai-giao,served_by,true
78607,vn:commune:ho-chi-minh:binh-gia,served_by,true
78611,vn:commune:kim-long,served_by,true
78617,vn:commune:nghia-thanh,served_by,true
78619,vn:commune:xuan-son,served_by,true
78622,vn:commune:chau-duc,served_by,true
78706,vn:ward:phu-my,served_by,true
78711,vn:ward:tan-phuoc,served_by,true
78712,vn:commune:chau-pha,served_by,true
78714,vn:ward:tan-hai,served_by,true
78716,vn:ward:tan-thanh,served_by,true
78807,vn:special_zone:con-dao,served_by,true
80111,vn:ward:ninh-thanh,served_by,true
80115,vn:ward:binh-minh,served_by,true
80116,vn:ward:tan-ninh,served_by,true
80206,vn:commune:duong-minh-chau,served_by,true
80210,vn:commune:cau-khoi,served_by,true
80211,vn:commune:truong-mit,served_by,true
80212,vn:commune:loc-ninh,served_by,true
80306,vn:commune:tay-ninh:tan-chau,served_by,true
80308,vn:commune:tay-ninh:tan-thanh,served_by,true
80309,vn:commune:tan-hoa,served_by,true
80311,vn:commune:tan-dong,served_by,true
80313,vn:commune:tay-ninh:tan-hoi,served_by,true
80316,vn:commune:tay-ninh:tan-phu,served_by,true
80406,vn:commune:tan-bien,served_by,true
80407,vn:commune:tay-ninh:thanh-binh,served_by,true
80409,vn:commune:tay-ninh:tan-lap,served_by,true
80415,vn:commune:tra-vong,served_by,true
80506,vn:commune:chau-thanh,served_by,true
80509,vn:commune:hao-duoc,served_by,true
80511,vn:commune:phuoc-vinh,served_by,true
80514,vn:commune:tay-ninh:hoa-hoi,served_by,true
80517,vn:commune:ninh-dien,served_by,true
80606,vn:ward:long-hoa,served_by,true
80614,vn:ward:hoa-thanh,served_by,true
80615,vn:ward:thanh-dien,served_by,true
80706,vn:ward:go-dau,served_by,true
80708,vn:commune:tay-ninh:phuoc-thanh,served_by,true
80712,vn:commune:thanh-duc,served_by,true
80806,vn:commune:ben-cau,served_by,true
80808,vn:commune:long-chu,served_by,true
80812,vn:commune:long-thuan,served_by,true
80906,vn:ward:trang-bang,served_by,true
80907,vn:ward:gia-loc,served_by,true
80909,vn:commune:hung-thuan,served_by,true
80914,vn:commune:phuoc-chi,served_by,true
80916,vn:ward:an-tinh,served_by,true
81108,vn:ward:my-tra,served_by,true
81110,vn:ward:my-ngai,served_by,true
81121,vn:ward:cao-lanh,served_by,true
81157,vn:commune:my-tho,served_by,true
81160,vn:commune:ba-sao,served_by,true
81161,vn:commune:phuong-thinh,served_by,true
81163,vn:commune:phong-my,served_by,true
81169,vn:commune:binh-hang-trung,served_by,true
81172,vn:commune:my-hiep,served_by,true
81209,vn:commune:dong-thap:truong-xuan,served_by,true
81212,vn:commune:my-qui,served_by,true
81215,vn:commune:dong-thap:thanh-my,served_by,true
81217,vn:commune:doc-binh-kieu,served_by,true
81219,vn:commune:thap-muoi,served_by,true
81306,vn:commune:tram-chim,served_by,true
81307,vn:commune:phu-cuong,served_by,true
81312,vn:commune:dong-thap:an-hoa,served_by,true
81313,vn:commune:dong-thap:an-long,served_by,true
81316,vn:commune:phu-tho,served_by,true
81318,vn:commune:dong-thap:tam-nong,served_by,true
81410,vn:commune:tan-ho-co,served_by,true
81413,vn:commune:dong-thap:an-phuoc,served_by,true
81415,vn:commune:tan-hong,served_by,true
81416,vn:commune:dong-thap:tan-thanh,served_by,true
81513,vn:ward:dong-thap:an-binh,served_by,true
81514,vn:ward:hong-ngu,served_by,true
81561,vn:ward:thuong-lac,served_by,true
81567,vn:commune:thuong-phuoc,served_by,true
81568,vn:commune:long-khanh,served_by,true
81569,vn:commune:long-phu-thuan,served_by,true
81606,vn:commune:dong-thap:thanh-binh,served_by,true
81607,vn:commune:dong-thap:binh-thanh,served_by,true
81616,vn:commune:dong-thap:tan-long,served_by,true
81617,vn:commune:dong-thap:tan-thanh-2,served_by,true
81706,vn:commune:lap-vo,served_by,true
81718,vn:commune:tan-khanh-trung,served_by,true
81719,vn:commune:my-an-hung,served_by,true
81758,vn:commune:tan-duong,served_by,true
81763,vn:commune:hoa-long,served_by,true
81767,vn:commune:phong-hoa,served_by,true
81768,vn:commune:lai-vung,served_by,true
81815,vn:ward:sa-dec,served_by,true
81909,vn:commune:tan-nhuan-dong,served_by,true
81911,vn:commune:tan-phu-trung,served_by,true
81914,vn:commune:phu-huu,served_by,true
82113,vn:ward:khanh-hau,served_by,true
82120,vn:ward:long-an,served_by,true
82121,vn:ward:tay-ninh:tan-an,served_by,true
82206,vn:commune:tam-vu,served_by,true
82210,vn:commune:thuan-my,served_by,true
82214,vn:commune:vinh-cong,served_by,true
82218,vn:commune:an-luc-long,served_by,true
82306,vn:commune:tan-tru,served_by,true
82317,vn:commune:vam-co,served_by,true
82318,vn:commune:nhut-tao,served_by,true
82406,vn:commune:can-duoc,served_by,true
82407,vn:commune:tan-lan,served_by,true
82408,vn:commune:my-le,served_by,true
82420,vn:commune:long-cang,served_by,true
82423,vn:commune:rach-kien,served_by,true
82424,vn:commune:long-huu,served_by,true
82506,vn:commune:can-giuoc,served_by,true
82509,vn:commune:my-loc,served_by,true
82511,vn:commune:phuoc-ly,served_by,true
82518,vn:commune:phuoc-vinh-tay,served_by,true
82522,vn:commune:tan-tap,served_by,true
82606,vn:commune:ben-luc,served_by,true
82607,vn:commune:my-yen,served_by,true
82612,vn:commune:thanh-loi,served_by,true
82614,vn:commune:luong-hoa,served_by,true
82615,vn:commune:binh-duc,served_by,true
82706,vn:commune:hau-nghia,served_by,true
82713,vn:commune:hiep-hoa,served_by,true
82722,vn:commune:duc-hoa,served_by,true
82726,vn:commune:an-ninh,served_by,true
82727,vn:commune:hoa-khanh,served_by,true
82728,vn:commune:tay-ninh:duc-lap,served_by,true
82729,vn:commune:my-hanh,served_by,true
82806,vn:commune:tay-ninh:dong-thanh,served_by,true
82817,vn:commune:my-quy,served_by,true
82818,vn:commune:duc-hue,served_by,true
82906,vn:commune:thanh-hoa,served_by,true
82911,vn:commune:thanh-phuoc,served_by,true
82915,vn:commune:tan-tay,served_by,true
82917,vn:commune:tay-ninh:binh-thanh,served_by,true
83009,vn:commune:tay-ninh:binh-hiep,served_by,true
83012,vn:commune:tuyen-thanh,served_by,true
83014,vn:ward:kien-tuong,served_by,true
83113,vn:commune:binh-hoa,served_by,true
83114,vn:commune:moc-hoa,served_by,true
83206,vn:commune:tay-ninh:vinh-hung,served_by,true
83210,vn:commune:khanh-hung,served_by,true
83215,vn:commune:tay-ninh:tuyen-binh,served_by,true
83306,vn:commune:tay-ninh:tan-hung,served_by,true
83311,vn:commune:hung-dien,served_by,true
83318,vn:commune:tay-ninh:vinh-thanh,served_by,true
83319,vn:commune:vinh-chau,served_by,true
83406,vn:commune:tay-ninh:tan-thanh-2,served_by,true
83410,vn:commune:nhon-hoa-lap,served_by,true
83416,vn:commune:nhon-ninh,served_by,true
83419,vn:commune:hau-thanh,served_by,true
83506,vn:commune:thu-thua,served_by,true
83508,vn:commune:tay-ninh:tan-long,served_by,true
83513,vn:commune:my-thanh,served_by,true
83514,vn:commune:my-an,served_by,true
84112,vn:ward:my-phong,served_by,true
84113,vn:ward:dao-thanh,served_by,true
84118,vn:ward:trung-an,served_by,true
84122,vn:ward:thoi-son,served_by,true
84123,vn:ward:my-tho,served_by,true
84210,vn:commune:tan-thoi,served_by,true
84212,vn:commune:tan-phu-dong,served_by,true
84308,vn:ward:long-thuan,served_by,true
84312,vn:ward:binh-xuan,served_by,true
84318,vn:ward:go-cong,served_by,true
84319,vn:ward:son-qui,served_by,true
84356,vn:commune:dong-thap:tan-hoa,served_by,true
84359,vn:commune:tan-dien,served_by,true
84362,vn:commune:gia-thuan,served_by,true
84365,vn:commune:dong-thap:tan-dong,served_by,true
84369,vn:commune:go-cong-dong,served_by,true
84406,vn:commune:vinh-binh,served_by,true
84411,vn:commune:dong-thap:dong-son,served_by,true
84415,vn:commune:vinh-huu,served_by,true
84417,vn:commune:long-binh,served_by,true
84419,vn:commune:phu-thanh,served_by,true
84506,vn:commune:cho-gao,served_by,true
84510,vn:commune:tan-thuan-binh,served_by,true
84514,vn:commune:an-thanh-thuy,served_by,true
84515,vn:commune:binh-ninh,served_by,true
84520,vn:commune:my-tinh-an,served_by,true
84523,vn:commune:luong-hoa-lac,served_by,true
84608,vn:commune:tan-huong,served_by,true
84614,vn:commune:long-dinh,served_by,true
84619,vn:commune:binh-trung,served_by,true
84621,vn:commune:dong-thap:long-hung,served_by,true
84625,vn:commune:vinh-kim,served_by,true
84627,vn:commune:dong-thap:kim-son,served_by,true
84629,vn:commune:dong-thap:chau-thanh,served_by,true
84712,vn:commune:hung-thanh,served_by,true
84719,vn:commune:tan-phuoc-1,served_by,true
84720,vn:commune:tan-phuoc-2,served_by,true
84721,vn:commune:tan-phuoc-3,served_by,true
84806,vn:commune:dong-thap:binh-phu,served_by,true
84815,vn:commune:long-tien,served_by,true
84816,vn:commune:dong-thap:hiep-duc,served_by,true
84821,vn:commune:ngu-hiep,served_by,true
84822,vn:commune:dong-thap:my-thanh,served_by,true
84823,vn:commune:thanh-phu,served_by,true
84861,vn:commune:dong-thap:tan-phu,served_by,true
84864,vn:ward:my-phuoc-tay,served_by,true
84867,vn:ward:thanh-hoa,served_by,true
84871,vn:ward:nhi-quy,served_by,true
84872,vn:ward:cai-lay,served_by,true
84906,vn:commune:cai-be,served_by,true
84921,vn:commune:my-duc-tay,served_by,true
84927,vn:commune:an-huu,served_by,true
84931,vn:commune:thanh-hung,served_by,true
84932,vn:commune:my-loi,served_by,true
84933,vn:commune:my-thien,served_by,true
84934,vn:commune:hau-my,served_by,true
84935,vn:commune:hoi-cu,served_by,true
85114,vn:ward:tan-ngai,served_by,true
85117,vn:ward:thanh-duc,served_by,true
85118,vn:ward:long-chau,served_by,true
85119,vn:ward:phuoc-hau,served_by,true
85120,vn:ward:tan-hanh,served_by,true
85206,vn:commune:long-ho,served_by,true
85211,vn:commune:vinh-long:an-binh,served_by,true
85216,vn:commune:phu-quoi,served_by,true
85306,vn:commune:tam-binh,served_by,true
85308,vn:commune:vinh-long:hoa-hiep,served_by,true
85314,vn:commune:song-phu,served_by,true
85321,vn:commune:ngai-tu,served_by,true
85323,vn:commune:cai-ngang,served_by,true
85406,vn:commune:tan-quoi,served_by,true
85408,vn:commune:my-thuan,served_by,true
85414,vn:commune:tan-luoc,served_by,true
85506,vn:ward:cai-von,served_by,true
85513,vn:ward:dong-thanh,served_by,true
85514,vn:ward:vinh-long:binh-minh,served_by,true
85606,vn:commune:tra-on,served_by,true
85609,vn:commune:vinh-xuan,served_by,true
85611,vn:commune:tra-con,served_by,true
85615,vn:commune:hoa-binh,served_by,true
85618,vn:commune:luc-si-thanh,served_by,true
85708,vn:commune:quoi-an,served_by,true
85712,vn:commune:trung-hiep,served_by,true
85714,vn:commune:vinh-long:trung-thanh,served_by,true
85716,vn:commune:hieu-phung,served_by,true
85719,vn:commune:trung-ngai,served_by,true
85722,vn:commune:quoi-thien,served_by,true
85724,vn:commune:hieu-thanh,served_by,true
85806,vn:commune:cai-nhum,served_by,true
85813,vn:commune:nhon-phu,served_by,true
85815,vn:commune:binh-phuoc,served_by,true
85818,vn:commune:tan-long-hoi,served_by,true
86106,vn:ward:an-hoi,served_by,true
86111,vn:ward:phu-khuong,served_by,true
86112,vn:ward:phu-tan,served_by,true
86113,vn:ward:son-dong,served_by,true
86123,vn:ward:ben-tre,served_by,true
86213,vn:commune:giao-long,served_by,true
86222,vn:commune:vinh-long:phu-tuc,served_by,true
86225,vn:commune:tien-thuy,served_by,true
86227,vn:commune:vinh-long:tan-phu,served_by,true
86306,vn:commune:cho-lach,served_by,true
86311,vn:commune:vinh-long:vinh-thanh,served_by,true
86314,vn:commune:phu-phung,served_by,true
86317,vn:commune:hung-khanh-trung,served_by,true
86406,vn:commune:phuoc-my-trung,served_by,true
86409,vn:commune:tan-thanh-binh,served_by,true
86415,vn:commune:nhuan-phu-tan,served_by,true
86506,vn:commune:vinh-long:mo-cay,served_by,true
86514,vn:commune:an-dinh,served_by,true
86522,vn:commune:huong-my,served_by,true
86523,vn:commune:dong-khoi,served_by,true
86524,vn:commune:thanh-thoi,served_by,true
86606,vn:commune:giong-trom,served_by,true
86609,vn:commune:chau-hoa,served_by,true
86613,vn:commune:vinh-long:luong-hoa,served_by,true
86615,vn:commune:luong-phu,served_by,true
86619,vn:commune:phuoc-long,served_by,true
86623,vn:commune:tan-hao,served_by,true
86626,vn:commune:hung-nhuong,served_by,true
86706,vn:commune:binh-dai,served_by,true
86710,vn:commune:vinh-long:thanh-tri,served_by,true
86713,vn:commune:loc-thuan,served_by,true
86718,vn:commune:vinh-long:phu-thuan,served_by,true
86719,vn:commune:chau-hung,served_by,true
86723,vn:commune:vinh-long:thanh-phuoc,served_by,true
86725,vn:commune:thoi-thuan,served_by,true
86806,vn:commune:ba-tri,served_by,true
86809,vn:commune:bao-thanh,served_by,true
86811,vn:commune:tan-xuan,served_by,true
86819,vn:commune:an-ngai-trung,served_by,true
86823,vn:commune:an-hiep,served_by,true
86828,vn:commune:tan-thuy,served_by,true
86830,vn:commune:my-chanh-hoa,served_by,true
86906,vn:commune:vinh-long:thanh-phu,served_by,true
86910,vn:commune:quoi-dien,served_by,true
86912,vn:commune:dai-dien,served_by,true
86920,vn:commune:vinh-long:thanh-phong,served_by,true
86921,vn:commune:thanh-hai,served_by,true
86923,vn:commune:an-qui,served_by,true
87115,vn:ward:long-duc,served_by,true
87116,vn:ward:tra-vinh,served_by,true
87117,vn:ward:nguyet-hoa,served_by,true
87118,vn:ward:hoa-thuan,served_by,true
87206,vn:commune:cang-long,served_by,true
87207,vn:commune:nhi-long,served_by,true
87213,vn:commune:vinh-long:an-truong,served_by,true
87215,vn:commune:vinh-long:tan-an,served_by,true
87219,vn:commune:vinh-long:binh-phu,served_by,true
87306,vn:commune:cau-ke,served_by,true
87310,vn:commune:tam-ngai,served_by,true
87311,vn:commune:an-phu-tan,served_by,true
87314,vn:commune:phong-thanh,served_by,true
87406,vn:commune:tieu-can,served_by,true
87407,vn:commune:tap-ngai,served_by,true
87413,vn:commune:vinh-long:tan-hoa,served_by,true
87414,vn:commune:hung-hoa,served_by,true
87506,vn:commune:tra-cu,served_by,true
87508,vn:commune:long-hiep,served_by,true
87511,vn:commune:tap-son,served_by,true
87514,vn:commune:luu-nghiep-anh,served_by,true
87520,vn:commune:dai-an,served_by,true
87521,vn:commune:ham-giang,served_by,true
87609,vn:commune:vinh-long:long-huu,served_by,true
87612,vn:ward:truong-long-hoa,served_by,true
87613,vn:ward:duyen-hai,served_by,true
87706,vn:commune:long-thanh,served_by,true
87708,vn:commune:don-chau,served_by,true
87710,vn:commune:ngu-lac,served_by,true
87711,vn:commune:long-vinh,served_by,true
87712,vn:commune:dong-hai,served_by,true
87806,vn:commune:cau-ngang,served_by,true
87807,vn:commune:my-long,served_by,true
87809,vn:commune:vinh-long:vinh-kim,served_by,true
87815,vn:commune:nhi-truong,served_by,true
87821,vn:commune:hiep-my,served_by,true
87906,vn:commune:vinh-long:chau-thanh,served_by,true
87908,vn:commune:hung-my,served_by,true
87915,vn:commune:song-loc,served_by,true
87918,vn:commune:hoa-minh,served_by,true
87919,vn:commune:vinh-long:long-hoa,served_by,true
90111,vn:commune:my-hoa-hung,served_by,true
90112,vn:ward:binh-duc,served_by,true
90117,vn:ward:my-thoi,served_by,true
90119,vn:ward:long-xuyen,served_by,true
90206,vn:commune:an-giang:cho-moi,served_by,true
90209,vn:commune:nhon-my,served_by,true
90217,vn:commune:long-kien,served_by,true
90221,vn:commune:hoi-an,served_by,true
90224,vn:commune:cu-lao-gieng,served_by,true
90225,vn:commune:an-giang:long-dien,served_by,true
90308,vn:commune:phu-an,served_by,true
90310,vn:commune:cho-vam,served_by,true
90311,vn:commune:an-giang:phu-lam,served_by,true
90315,vn:commune:an-giang:hoa-lac,served_by,true
90320,vn:commune:binh-thanh-dong,served_by,true
90324,vn:commune:phu-tan,served_by,true
90410,vn:commune:vinh-xuong,served_by,true
90413,vn:commune:an-giang:tan-an,served_by,true
90415,vn:commune:chau-phong,served_by,true
90418,vn:ward:long-phu,served_by,true
90420,vn:ward:tan-chau,served_by,true
90456,vn:commune:an-giang:an-phu,served_by,true
90458,vn:commune:an-giang:phu-huu,served_by,true
90461,vn:commune:khanh-binh,served_by,true
90462,vn:commune:nhon-hoi,served_by,true
90469,vn:commune:vinh-hau,served_by,true
90509,vn:ward:vinh-te,served_by,true
90513,vn:ward:chau-doc,served_by,true
90607,vn:commune:vinh-thanh-trung,served_by,true
90610,vn:commune:an-giang:my-duc,served_by,true
90613,vn:commune:thanh-my-tay,served_by,true
90617,vn:commune:an-giang:binh-my,served_by,true
90619,vn:commune:chau-phu,served_by,true
90706,vn:ward:tinh-bien,served_by,true
90708,vn:commune:an-cu,served_by,true
90712,vn:ward:an-giang:thoi-son,served_by,true
90715,vn:ward:an-giang:chi-lang,served_by,true
90720,vn:commune:nui-cam,served_by,true
90806,vn:commune:tri-ton,served_by,true
90809,vn:commune:ba-chuc,served_by,true
90811,vn:commune:vinh-gia,served_by,true
90817,vn:commune:o-lam,served_by,true
90818,vn:commune:co-to,served_by,true
90906,vn:commune:an-giang:an-chau,served_by,true
90908,vn:commune:an-giang:binh-hoa,served_by,true
90910,vn:commune:can-dang,served_by,true
90911,vn:commune:vinh-hanh,served_by,true
90913,vn:commune:an-giang:vinh-an,served_by,true
90961,vn:commune:an-giang:phu-hoa,served_by,true
90962,vn:commune:vinh-trach,served_by,true
90963,vn:commune:dinh-my,served_by,true
90966,vn:commune:tay-phu,served_by,true
90969,vn:commune:oc-eo,served_by,true
90973,vn:commune:thoai-son,served_by,true
91110,vn:ward:vinh-thong,served_by,true
91118,vn:ward:rach-gia,served_by,true
91206,vn:commune:an-giang:tan-hiep,served_by,true
91210,vn:commune:an-giang:tan-hoi,served_by,true
91217,vn:commune:thanh-dong,served_by,true
91306,vn:commune:hon-dat,served_by,true
91309,vn:commune:an-giang:binh-son,served_by,true
91310,vn:commune:an-giang:binh-giang,served_by,true
91313,vn:commune:son-kien,served_by,true
91319,vn:commune:an-giang:my-thuan,served_by,true
91408,vn:commune:vinh-dieu,served_by,true
91411,vn:commune:giang-thanh,served_by,true
91510,vn:ward:to-chau,served_by,true
91511,vn:commune:an-giang:tien-hai,served_by,true
91513,vn:ward:ha-tien,served_by,true
91606,vn:commune:kien-luong,served_by,true
91608,vn:commune:hoa-dien,served_by,true
91612,vn:commune:an-giang:son-hai,served_by,true
91613,vn:commune:hon-nghe,served_by,true
91711,vn:commune:thanh-loc,served_by,true
91714,vn:commune:an-giang:binh-an,served_by,true
91717,vn:commune:an-giang:chau-thanh,served_by,true
91809,vn:commune:tay-yen,served_by,true
91813,vn:commune:an-giang:dong-thai,served_by,true
91815,vn:commune:an-bien,served_by,true
91908,vn:commune:dong-hoa,served_by,true
91910,vn:commune:an-giang:tan-thanh,served_by,true
91913,vn:commune:van-khanh,served_by,true
91917,vn:commune:an-minh,served_by,true
91918,vn:commune:an-giang:dong-hung,served_by,true
92008,vn:commune:an-giang:vinh-hoa,served_by,true
92012,vn:commune:u-minh-thuong,served_by,true
92112,vn:commune:an-giang:vinh-thuan,served_by,true
92113,vn:commune:vinh-phong,served_by,true
92114,vn:commune:an-giang:vinh-binh,served_by,true
92206,vn:commune:go-quao,served_by,true
92210,vn:commune:an-giang:dinh-hoa,served_by,true
92216,vn:commune:an-giang:vinh-tuy,served_by,true
92217,vn:commune:vinh-hoa-hung,served_by,true
92306,vn:commune:giong-rieng,served_by,true
92308,vn:commune:an-giang:thanh-hung,served_by,true
92313,vn:commune:an-giang:long-thanh,served_by,true
92316,vn:commune:hoa-thuan,served_by,true
92317,vn:commune:ngoc-chuc,served_by,true
92320,vn:commune:hoa-hung,served_by,true
92410,vn:special_zone:kien-hai,served_by,true
92515,vn:special_zone:tho-chau,served_by,true
92516,vn:special_zone:phu-quoc,served_by,true
94107,vn:ward:cai-khe,served_by,true
94118,vn:ward:can-tho:an-binh,served_by,true
94119,vn:ward:ninh-kieu,served_by,true
94120,vn:ward:can-tho:tan-an,served_by,true
94206,vn:ward:binh-thuy,served_by,true
94210,vn:ward:thoi-an-dong,served_by,true
94211,vn:ward:long-tuyen,served_by,true
94308,vn:ward:phuoc-thoi,served_by,true
94310,vn:ward:thoi-long,served_by,true
94313,vn:ward:o-mon,served_by,true
94406,vn:ward:thot-not,served_by,true
94409,vn:ward:trung-nhut,served_by,true
94412,vn:ward:tan-loc,served_by,true
94413,vn:ward:thuan-hung,served_by,true
94506,vn:commune:can-tho:vinh-thanh,served_by,true
94508,vn:commune:thanh-quoi,served_by,true
94512,vn:commune:can-tho:thanh-an,served_by,true
94516,vn:commune:vinh-trinh,served_by,true
94606,vn:commune:can-tho:co-do,served_by,true
94607,vn:commune:thoi-hung,served_by,true
94610,vn:commune:trung-hung,served_by,true
94611,vn:commune:can-tho:thanh-phu,served_by,true
94615,vn:commune:dong-hiep,served_by,true
94706,vn:commune:thoi-lai,served_by,true
94712,vn:commune:dong-thuan,served_by,true
94716,vn:commune:can-tho:truong-xuan,served_by,true
94718,vn:commune:truong-thanh,served_by,true
94806,vn:commune:phong-dien,served_by,true
94810,vn:commune:truong-long,served_by,true
94811,vn:commune:nhon-ai,served_by,true
94912,vn:ward:hung-phu,served_by,true
94913,vn:ward:cai-rang,served_by,true
95109,vn:ward:vi-tan,served_by,true
95112,vn:commune:hoa-luu,served_by,true
95115,vn:ward:vi-thanh,served_by,true
95209,vn:commune:can-tho:vinh-tuong,served_by,true
95212,vn:commune:vi-thanh-1,served_by,true
95216,vn:commune:vi-thuy,served_by,true
95306,vn:commune:vinh-vien,served_by,true
95309,vn:commune:luong-tam,served_by,true
95310,vn:commune:xa-phien,served_by,true
95313,vn:commune:vinh-thuan-dong,served_by,true
95409,vn:ward:long-phu-1,served_by,true
95411,vn:ward:can-tho:long-binh,served_by,true
95415,vn:ward:long-my,served_by,true
95507,vn:commune:phung-hiep,served_by,true
95509,vn:commune:hiep-hung,served_by,true
95511,vn:commune:tan-phuoc-hung,served_by,true
95514,vn:commune:can-tho:thanh-hoa,served_by,true
95516,vn:commune:tan-binh,served_by,true
95518,vn:commune:can-tho:hoa-an,served_by,true
95519,vn:commune:phuong-binh,served_by,true
95606,vn:ward:nga-bay,served_by,true
95607,vn:ward:dai-thanh,served_by,true
95707,vn:commune:can-tho:phu-huu,served_by,true
95715,vn:commune:can-tho:chau-thanh,served_by,true
95716,vn:commune:dong-phuoc,served_by,true
95810,vn:commune:truong-long-tay,served_by,true
95811,vn:commune:can-tho:tan-hoa,served_by,true
95813,vn:commune:thanh-xuan,served_by,true
96116,vn:ward:can-tho:phu-loi,served_by,true
96117,vn:ward:soc-trang,served_by,true
96118,vn:ward:my-xuyen,served_by,true
96209,vn:commune:dai-ngai,served_by,true
96211,vn:commune:truong-khanh,served_by,true
96214,vn:commune:can-tho:tan-thanh,served_by,true
96216,vn:commune:long-phu,served_by,true
96306,vn:commune:ke-sach,served_by,true
96307,vn:commune:thoi-an-hoi,served_by,true
96310,vn:commune:can-tho:nhon-my,served_by,true
96312,vn:commune:phong-nam,served_by,true
96313,vn:commune:an-lac-thon,served_by,true
96317,vn:commune:dai-hai,served_by,true
96407,vn:commune:phu-tam,served_by,true
96408,vn:commune:ho-dac-kien,served_by,true
96409,vn:commune:can-tho:thuan-hoa,served_by,true
96411,vn:commune:can-tho:an-ninh,served_by,true
96457,vn:commune:can-tho:long-hung,served_by,true
96459,vn:commune:my-huong,served_by,true
96460,vn:commune:my-tu,served_by,true
96461,vn:commune:my-phuoc,served_by,true
96510,vn:ward:my-quoi,served_by,true
96513,vn:commune:can-tho:tan-long,served_by,true
96514,vn:ward:nga-nam,served_by,true
96556,vn:commune:can-tho:phu-loc,served_by,true
96560,vn:commune:lam-tan,served_by,true
96564,vn:commune:vinh-loi,served_by,true
96612,vn:commune:ngoc-to,served_by,true
96617,vn:commune:hoa-tu,served_by,true
96618,vn:commune:gia-hoa,served_by,true
96619,vn:commune:nhu-gia,served_by,true
96706,vn:commune:tran-de,served_by,true
96709,vn:commune:lich-hoi-thuong,served_by,true
96711,vn:commune:lieu-tu,served_by,true
96714,vn:commune:tai-van,served_by,true
96715,vn:commune:thanh-thoi-an,served_by,true
96809,vn:commune:can-tho:vinh-hai,served_by,true
96811,vn:ward:khanh-hoa,served_by,true
96813,vn:ward:vinh-phuoc,served_by,true
96815,vn:commune:lai-hoa,served_by,true
96816,vn:ward:vinh-chau,served_by,true
96914,vn:commune:can-tho:an-thanh,served_by,true
96915,vn:commune:cu-lao-dung,served_by,true
97112,vn:ward:vinh-trach,served_by,true
97114,vn:ward:hiep-thanh,served_by,true
97116,vn:ward:bac-lieu,served_by,true
97206,vn:commune:chau-thoi,served_by,true
97209,vn:commune:hung-hoi,served_by,true
97214,vn:commune:ca-mau:vinh-loi,served_by,true
97307,vn:commune:ca-mau:vinh-loc,served_by,true
97310,vn:commune:ninh-thanh-loi,served_by,true
97313,vn:commune:ninh-quoi,served_by,true
97315,vn:commune:hong-dan,served_by,true
97406,vn:commune:ca-mau:phuoc-long,served_by,true
97411,vn:commune:ca-mau:vinh-thanh,served_by,true
97414,vn:commune:vinh-phuoc,served_by,true
97415,vn:commune:phong-hiep,served_by,true
97508,vn:ward:lang-tron,served_by,true
97516,vn:ward:gia-rai,served_by,true
97517,vn:commune:ca-mau:phong-thanh,served_by,true
97606,vn:commune:ganh-hao,served_by,true
97611,vn:commune:ca-mau:long-dien,served_by,true
97613,vn:commune:an-trach,served_by,true
97614,vn:commune:dinh-thanh,served_by,true
97617,vn:commune:ca-mau:dong-hai,served_by,true
97706,vn:commune:ca-mau:hoa-binh,served_by,true
97712,vn:commune:ca-mau:vinh-hau,served_by,true
97714,vn:commune:vinh-my,served_by,true
98112,vn:ward:ca-mau:tan-thanh,served_by,true
98113,vn:ward:an-xuyen,served_by,true
98120,vn:ward:ca-mau:hoa-thanh,served_by,true
98121,vn:ward:ly-van-lam,served_by,true
98206,vn:commune:thoi-binh,served_by,true
98207,vn:commune:tri-phai,served_by,true
98211,vn:commune:bien-bach,served_by,true
98216,vn:commune:tan-loc,served_by,true
98217,vn:commune:ho-thi-ky,served_by,true
98311,vn:commune:khanh-lam,served_by,true
98312,vn:commune:nguyen-phich,served_by,true
98313,vn:commune:khanh-an,served_by,true
98314,vn:commune:u-minh,served_by,true
98406,vn:commune:tran-van-thoi,served_by,true
98409,vn:commune:ca-mau:khanh-hung,served_by,true
98413,vn:commune:ca-mau:khanh-binh,served_by,true
98417,vn:commune:song-doc,served_by,true
98419,vn:commune:ca-mau:da-bac,served_by,true
98507,vn:commune:cai-doi-vam,served_by,true
98511,vn:commune:ca-mau:phu-tan,served_by,true
98512,vn:commune:ca-mau:phu-my,served_by,true
98515,vn:commune:nguyen-viet-khai,served_by,true
98606,vn:commune:cai-nuoc,served_by,true
98611,vn:commune:ca-mau:tan-hung,served_by,true
98613,vn:commune:ca-mau:hung-my,served_by,true
98616,vn:commune:luong-the-tran,served_by,true
98706,vn:commune:dam-doi,served_by,true
98708,vn:commune:ta-an-khuong,served_by,true
98710,vn:commune:tran-phan,served_by,true
98716,vn:commune:quach-pham,served_by,true
98717,vn:commune:thanh-tung,served_by,true
98720,vn:commune:ca-mau:tan-tien,served_by,true
98721,vn:commune:ca-mau:tan-thuan,served_by,true
98806,vn:commune:ca-mau:nam-can,served_by,true
98810,vn:commune:dat-moi,served_by,true
98812,vn:commune:ca-mau:tam-giang,served_by,true
98912,vn:commune:dat-mui,served_by,true
98913,vn:commune:phan-ngoc-hien,served_by,true
98914,vn:commune:ca-mau:tan-an,served_by,true
